code,cohort,board_lot_units,unit,offer_price,first_day_close,initial_return,expected_allotted_units,application_principal_hkd,allocation_rate,expected_gross_profit_hkd,application_return,source_pdf_page,lot_followup,listing_date,ah_true,base_proceeds,IPO Subscription Price (HK$),First trading day closing price (HK$),quarter,ah_group,offer_size,initial_public_total_units,initial_regular_public_units,final_public_total_units,final_regular_public_units,valid_regular_requested_units,public_applicants,employee_final_units,initial_employee_reserved_units,stored_subscription_multiple,request_multiple,supply_factor,aggregate_allocation,one_lot_factor,allocation_difference,aggregate_identity_error,one_lot_identity_error,subscription_rounding_difference,aggregate_application_reference,schedule_application_difference,demand_group,First trading day opening price (HK$),First-day HSI listing close,First-day HSI subscription-close index close,First-day HSI anchor close,First-day HSI subscription-to-listing return (%),First-day HSI listing-day return (%),First-day HSI anchor-to-listing return (%),First-day market-adjusted return vs HSI (%),First-day market-adjusted return vs HSI listing-day window (%),Subscription closing date,First-day benchmark anchor date,First-day benchmark anchor basis,First-day HSI anchor trading date,First-day HSI subscription-close trading date,First-day return collection status,First-day benchmark source URL,close,opening,intraday,hsi_subscription,mair_subscription,hsi_anchor,mair_anchor,hsi_listing_day,mair_listing_day,post_open_offer_gain,simple_cross_product,log_close,log_opening,log_intraday,log_mair_subscription,log_hsi_subscription
0068.HK,2026Q2,500,share,7.62,18.6,1.440944881889764,15.002561279986049,3810.0,0.0300051225599721,164.72812285424683,0.0432357277832668,17,False,2026-04-17,0,1223916780.0,7.62,18.6,2026Q2,Non-A+H,Medium,16062000,16062000,16062000,16062000,25547639500,240700,0,0,1590.56,1590.5640331216537,1.0,0.0006287077911836,47.725068753298736,0.0293764147687884,0.0,3.469446951953614e-18,0.0040331216537197,0.0009059332739102,0.0423297945093566,Middle,20.7,26160.33,25872.32,25947.32,0.011132,-0.00886291,0.00820933,1.42107,1.46277,2026-04-14,2026-04-15,RECORDED_PRICING_DATE_PROXY,2026-04-15,2026-04-14,PRICING_DATE_PROXY; RAW_LISTING_PRICES_MATCH,https://web.ifzq.gtimg.cn/appstock/app/hkfqkline/get,1.4409448818897639,1.7165354330708662,-0.10144927536231874,0.01113197424892709,1.4140715001154103,0.008209325664461753,1.4210695336318735,-0.008862911860381684,1.4627722149631794,-0.2755905511811023,-0.17414127581878336,0.8923852110206008,0.9993573305727685,-0.1069721195521677,0.8813147411743258,0.011070469846274808
0100.HK,2026Q1,20,share,165.0,345.0,1.0909090909090908,0.5614654665001364,3300.0,0.0280732733250068,101.06378397002456,0.0306253890818256,30,False,2026-01-09,0,4817604000.0,165.0,345.0,2026Q1,Non-A+H,Large,1269480,1269480,5077860,5077860,2332255220,417646,0,0,1837.17,1837.1736616567416,3.9999527365535497,0.0021772317010828,12.894021941277202,0.0258960416239239,0.0,0.0,0.0036616567413148,0.0023751618557267,0.0282502272260988,Middle,235.4,26231.789,26710.449,26458.949,-0.0179203,0.00315412,-0.00858538,1.10902,1.08433,2026-01-06,2026-01-07,RECORDED_PRICING_DATE_PROXY,2026-01-07,2026-01-06,PRICING_DATE_PROXY; RAW_LISTING_PRICES_MATCH,https://web.ifzq.gtimg.cn/appstock/app/hkfqkline/get,1.0909090909090908,0.42666666666666675,0.46559048428207306,-0.017920327733914165,1.1290625902931604,-0.008585375027556852,1.1090157823395117,0.003154117521490196,1.0843348538259856,0.6642424242424241,0.19865193996035121,0.7375989431307791,0.35534072092559577,0.3822582222051834,0.7556817843956707,-0.018082841264891687
0470.HK,2026Q1,100,share,45.8,45.8,0.0,18.001763150161622,4580.0,0.1800176315016162,0.0,0.0,17,False,2026-02-11,1,4930754720.0,45.8,45.8,2026Q1,A+H,Large,9361600,9361600,9361600,9361600,744604700,57322,0,0,79.54,79.53818791659545,1.0,0.0125725771003057,14.318276202675984,0.1674450544013105,0.0,-2.7755575615628914e-17,-0.0018120834045589,0.0,0.0,Low,46.26,27266.381,26559.949,27027.16,0.0265976,0.00306186,0.00885113,-0.00877348,-0.00305251,2026-02-06,2026-02-09,RECORDED_PRICING_DATE_PROXY,2026-02-09,2026-02-06,PRICING_DATE_PROXY; RAW_LISTING_PRICES_MATCH,https://web.ifzq.gtimg.cn/appstock/app/hkfqkline/get,0.0,0.010043668122270866,-0.0099437959360138,0.026597641433724117,-0.02590853549651495,0.008851133452423499,-0.008773478225804987,0.003061860012544493,-0.00305251364308301,-0.010043668122270866,-9.987218625690838e-05,0.0,0.00999356568315397,-0.009993565683153812,-0.026250073687427145,0.026250073687427097
0501.HK,2026Q1,100,share,104.8,121.8,0.1622137404580153,100.0,10480.0,1.0,1700.0,0.1622137404580152,17,False,2026-01-12,1,4799840000.0,104.8,121.8,2026Q1,A+H,Large,4580000,4580000,4580000,4580000,42511100,14551,0,0,9.28,9.281899563318778,1.0,0.1077365676258671,9.281899563318778,0.8922634323741329,0.0,0.0,0.0018995633187781,0.0174763516186998,0.1447373888393154,Low,108.0,26608.481,26458.949,26149.311,0.00565147,0.0143601,0.0175595,0.142158,0.14576,2026-01-07,2026-01-08,RECORDED_PRICING_DATE_PROXY,2026-01-08,2026-01-07,PRICING_DATE_PROXY; RAW_LISTING_PRICES_MATCH,https://web.ifzq.gtimg.cn/appstock/app/hkfqkline/get,0.1622137404580153,0.03053435114503822,0.12777777777777777,0.005651471643866035,0.15568243395321457,0.017559544876727173,0.14215796639086342,0.01436013380558987,0.14576046684496635,0.13167938931297707,0.0039016115351993277,0.15032658338885488,0.030077455237277954,0.12024912815157694,0.14469102139703982,0.00563556199181503
0537.HK,2026Q3,100,share,45.98,28.8,-0.3736407133536319,8.001637629077015,4598.0,0.0800163762907701,-137.46813446754308,-0.0298973759172559,13,False,2026-07-09,1,1140405156.0,45.98,28.8,2026Q3,A+H,Medium,2480300,2480300,2480300,2480300,885112600,92738,0,0,356.86,356.8570737410797,1.0,0.0028022423361728,28.55440989448933,0.0772141339545972,0.0,0.0,-0.0029262589202971,-0.0010470318254773,-0.0288503440917786,Low,37.36,24030.18,23616.32,23496.891,0.0175243,-0.00699524,0.0226962,-0.387541,-0.369228,2026-07-06,2026-07-07,RECORDED_PRICING_DATE_PROXY,2026-07-07,2026-07-06,PRICING_DATE_PROXY; RAW_LISTING_PRICES_MATCH,https://web.ifzq.gtimg.cn/appstock/app/hkfqkline/get,-0.3736407133536319,-0.18747281426707263,-0.22912205567451815,0.017524322163656292,-0.38442819203133904,0.022696151588735836,-0.3875411717611993,-0.006995238447666252,-0.3692283150110983,-0.18616789908655929,0.042954156587958814,-0.4678311321931351,-0.2076059059743936,-0.26022522621874156,-0.48520367408840087,0.01737254189526587
0600.HK,2026Q1,100,share,28.2,28.2,0.0,18.00148084161165,2820.0,0.1800148084161165,0.0,0.0,20,False,2026-02-10,0,2958608640.0,28.2,28.2,2026Q1,Non-A+H,Large,10491600,10491600,10491600,10491600,1099698000,85091,0,0,104.82,104.8169964543063,1.0,0.0095404374655587,18.868611535474713,0.1704743709505577,0.0,0.0,-0.0030035456936872,0.0,0.0,Low,28.2,27183.15,26885.24,27387.109,0.0110808,0.0057716,-0.00744726,0.00750314,-0.00573848,2026-02-05,2026-01-30,PROSPECTUS_FIXED_PRICE,2026-01-30,2026-02-05,COMPLETE_FIXED_PRICE_ANCHOR; RAW_LISTING_PRICES_MATCH,https://web.ifzq.gtimg.cn/appstock/app/hkfqkline/get,0.0,0.0,0.0,0.011080801212858704,-0.010959362693433117,-0.00744726287100983,0.007503140732402214,0.0057716016037201445,-0.0057384813754108865,0.0,0.0,0.0,0.0,0.0,-0.011019858914823582,0.011019858914823618
0625.HK,2026Q3,100,share,48.56,48.5,-0.0012355848434926,18.41692789968652,4856.0,0.1841692789968652,-1.1050156739812331,-0.0002275567697654,21,False,2026-09-01,0,13596435800.0,48.56,48.5,2026Q3,Non-A+H,Large,27999300,27999300,27999300,27999300,157684200,35751,0,0,5.63,5.631719364412682,1.0,0.1775656660591232,1.0371896948565675,0.0066036129377419,0.0,0.0,0.0017193644126818,-0.0002193974457073,-8.159324058165594e-06,Low,48.56,25329.731,25565.74,,-0.00923146,-0.0092799,,,0.00811966,2026-08-27,,,,2026-08-27,MISSING_PRICING_ANCHOR; RAW_LISTING_PRICES_MATCH,https://web.ifzq.gtimg.cn/appstock/app/hkfqkline/get,-0.0012355848434926209,0.0,-0.0012355848434926209,-0.009231455846769987,0.008070372288727645,,,-0.009279895677981709,0.00811966043627832,-0.0012355848434926209,-0.0,-0.001236348807805344,0.0,-0.001236348807805344,0.008037980990808104,-0.009274329798613555
0664.HK,2026Q1,100,share,60.0,30.5,-0.4916666666666667,2.7787915124341795,6000.0,0.0277879151243417,-81.9743496168083,-0.0136623916028013,14,False,2026-03-31,0,444408000.0,60.0,30.5,2026Q1,Non-A+H,Small,740700,740700,1111000,1111000,44111400,26280,0,0,59.55,59.55366545159984,1.4999324962872955,0.0251862330372647,1.1032977850728052,0.0026016820870769,0.0,0.0,0.0036654515998435,-0.0123832312433218,-0.0012791603594795,Low,35.42,24788.141,24856.43,24951.881,-0.00274734,0.00150912,-0.00656223,-0.488309,-0.492433,2026-03-26,2026-03-27,RECORDED_PRICING_DATE_PROXY,2026-03-27,2026-03-26,PRICING_DATE_PROXY; RAW_LISTING_PRICES_MATCH,https://web.ifzq.gtimg.cn/appstock/app/hkfqkline/get,-0.4916666666666667,-0.4096666666666666,-0.13890457368718245,-0.00274733740927402,-0.4902662560832348,-0.006562230719199147,-0.4883088311597603,0.0015091236081403725,-0.4924326485394771,-0.08200000000000007,0.05690457368718241,-0.6766178786087348,-0.5270679298674131,-0.14954994874132163,-0.6738667603415912,-0.0027511182671434656
0668.HK,2026Q3,100,share,99.32,114.9,0.1568666935159082,29.998785965764235,9932.0,0.2999878596576423,467.3810853466072,0.0470581036394087,13,False,2026-07-02,1,4631569696.0,99.32,114.9,2026Q3,A+H,Large,4663300,4663300,4663300,4663300,128547100,36424,0,0,27.57,27.565693821971564,1.0,0.0362769755210347,8.269373489631143,0.2637108841366076,0.0,0.0,-0.0043061780284361,0.0056906492007422,0.0413674544386664,Low,99.3,23055.029,22671.859,,0.0169007,0.00760495,,,0.148135,2026-06-26,,,,2026-06-26,MISSING_PRICING_ANCHOR; RAW_LISTING_PRICES_MATCH,https://web.ifzq.gtimg.cn/appstock/app/hkfqkline/get,0.1568666935159082,-0.00020136931131686797,0.1570996978851964,0.01690068732343475,0.13763979898654144,,,0.007604949429701913,0.14813518350687693,0.15706806282722507,-3.163505797123002e-05,0.14571522421474417,-0.0002013895888388642,0.14591661380358312,0.12895576449930513,0.01675945971543899
0901.HK,2026Q2,100,share,32.8,61.2,0.8658536585365857,2.000922714146575,3279.9999999999995,0.0200092271414657,56.82620508176274,0.0173250625249276,14,False,2026-05-27,0,629999440.0,32.8,61.2,2026Q2,Non-A+H,Small,1920800,1920800,1920800,1920800,3787797300,177196,0,0,1971.99,1971.9894314868804,1.0,0.0005071021091862,39.4579844551908,0.0195021250322794,0.0,0.0,-0.0005685131195605,0.0004390762164905,0.016885986308437,Middle,65.8,25328.231,25386.52,25675.18,-0.00229606,-0.0105947,-0.013513,0.891412,0.885833,2026-05-21,2026-05-18,PROSPECTUS_FIXED_PRICE,2026-05-18,2026-05-21,COMPLETE_FIXED_PRICE_ANCHOR; RAW_LISTING_PRICES_MATCH,https://web.ifzq.gtimg.cn/appstock/app/hkfqkline/get,0.8658536585365857,1.00609756097561,-0.06990881458966558,-0.0022960610591763464,0.8701476316886168,-0.013513011398556873,0.8914123349785215,-0.010594681158957786,0.8858334627937792,-0.1402439024390243,-0.07033508784935869,0.6237186741281825,0.6961913229411736,-0.07247264881299104,0.6260173751773789,-0.002298701049196424
1021.HK,2026Q1,200,share,17.0,18.4,0.0823529411764705,10.00390438592686,3400.0,0.0500195219296343,14.005466140297589,0.0041192547471463,20,False,2026-03-30,0,1579344200.0,17.0,18.4,2026Q1,Non-A+H,Medium,4039400,4039400,16157000,16157000,20436879200,227070,0,0,5059.38,5059.384859137495,3.9998514630885778,0.000790580589232,63.26935243657158,0.0492289413404022,0.0,0.0,0.0048591374952593,6.51066367602855e-05,0.004054148110386,High,16.8,24750.789,25335.949,25277.32,-0.023096,-0.00805919,-0.0208302,0.105378,0.0911467,2026-03-25,2026-03-20,PROSPECTUS_FIXED_PRICE,2026-03-20,2026-03-25,COMPLETE_FIXED_PRICE_ANCHOR; RAW_LISTING_PRICES_MATCH,https://web.ifzq.gtimg.cn/appstock/app/hkfqkline/get,0.08235294117647052,-0.0117647058823529,0.09523809523809512,-0.02309603638687463,0.10794201015761784,-0.020830175034378562,0.10537816176521964,-0.00805919201041394,0.0911467019590888,0.09411764705882342,-0.0011204481792717034,0.07913732055872379,-0.011834457647002796,0.09097177820572659,0.10250424955257043,-0.02336692899384667
1081.HK,2026Q2,100,share,66.4,66.4,0.0,3.0014822134387353,6640.000000000001,0.0300148221343873,0.0,0.0,15,False,2026-06-05,1,6640703840.000001,66.4,66.4,2026Q2,A+H,Large,8696600,8696600,8696600,8696600,1168777400,122627,0,0,134.39,134.39475197203504,1.0,0.0074407667362493,4.033834576235729,0.0225740553981379,0.0,-3.469446951953614e-18,0.0047519720350521,0.0,0.0,Low,66.4,24961.949,26038.32,25633.211,-0.041338,-0.0115411,-0.0261872,0.0268914,0.0116758,2026-06-02,2026-06-03,RECORDED_PRICING_DATE_PROXY,2026-06-03,2026-06-02,PRICING_DATE_PROXY; RAW_LISTING_PRICES_MATCH,https://web.ifzq.gtimg.cn/appstock/app/hkfqkline/get,0.0,0.0,0.0,-0.04133795882376434,0.04312047108180539,-0.026187199098856473,0.026891409801373944,-0.011541059817687938,0.011675811051452767,0.0,0.0,0.0,0.0,0.0,0.04221667374142687,-0.04221667374142681
1187.HK,2026Q2,100,share,39.33,38.9,-0.0109331299262649,5.0006922331441235,3933.0,0.0500069223314412,-2.150297660251972,-0.0005467321790622,12,False,2026-05-06,1,1061910000.0,39.33,38.9,2026Q2,A+H,Medium,2700000,2700000,2700000,2700000,1077506800,105939,0,0,399.08,399.0765925925926,1.0,0.0025057846502685,19.956592170073986,0.0475011376811726,0.0,0.0,-0.0034074074073942,-2.7396069148626464e-05,-0.0005193361099136,Middle,39.84,26213.779,25776.529,26095.881,0.0169631,0.0121694,0.00451788,-0.0153815,-0.0228247,2026-04-30,2026-05-04,RECORDED_PRICING_DATE_PROXY,2026-05-04,2026-04-30,PRICING_DATE_PROXY; RAW_LISTING_PRICES_MATCH,https://web.ifzq.gtimg.cn/appstock/app/hkfqkline/get,-0.01093312992626494,0.012967200610221274,-0.023594377510040232,0.016963106242892545,-0.02743092251617507,0.004517877744767418,-0.015381515862834871,0.012169379444278094,-0.022824746371232107,-0.023900330536486214,-0.0003059530264459848,-0.010993335819317558,0.012883846272679387,-0.02387718209199695,-0.02781417518040918,0.016820839361091605
1191.HK,2026Q2,50,share,114.0,165.0,0.4473684210526316,1.9999753241786031,5700.0,0.039999506483572,101.99874153310876,0.0178945160584401,16,False,2026-06-29,0,1531191000.0,114.0,165.0,2026Q2,Non-A+H,Medium,1343150,1343150,1343150,1343150,1741912550,185373,0,0,1296.89,1296.8860886721511,1.0,0.0007710777444022,51.87480351229604,0.0392284287391697,1.0842021724855044e-19,6.938893903907228e-18,-0.0039113278487548,0.000344955833022,0.017549560225418,Middle,199.9,23026.68,23412.18,23924.811,-0.0164658,0.0156503,-0.0375397,0.503821,0.425066,2026-06-24,2026-06-18,PROSPECTUS_FIXED_PRICE,2026-06-18,2026-06-24,COMPLETE_FIXED_PRICE_ANCHOR; RAW_LISTING_PRICES_MATCH,https://web.ifzq.gtimg.cn/appstock/app/hkfqkline/get,0.44736842105263164,0.7535087719298246,-0.17458729364682346,-0.016465788320438324,0.4715994663581551,-0.03753973228879426,0.5038214766980142,0.015650282581591624,0.4250657395316171,-0.30614035087719293,-0.1315530572303696,0.3697470255060852,0.5616187931118589,-0.19187176760577382,0.3863498816214493,-0.016602856115364068
1236.HK,2026Q2,200,share,26.36,60.0,1.276176024279211,1.6018391486521562,5272.0,0.0080091957432607,53.885868960658534,0.0102211435813085,17,False,2026-05-11,0,878668424.0,26.36,60.0,2026Q2,Non-A+H,Small,3333400,3333400,3333400,3333400,22359328600,296740,0,0,6707.66,6707.664426711466,1.0,0.0001490831884817,53.7229973736387,0.0078601125547789,0.0,0.0,0.0044267114662943,0.0001902563907635,0.0100308871905448,High,53.5,26406.84,26213.779,26626.279,0.00736487,0.000497429,-0.00824144,1.29509,1.27504,2026-05-06,2026-05-07,RECORDED_PRICING_DATE_PROXY,2026-05-07,2026-05-06,PRICING_DATE_PROXY; RAW_LISTING_PRICES_MATCH,https://web.ifzq.gtimg.cn/appstock/app/hkfqkline/get,1.276176024279211,1.0295902883156298,0.12149532710280364,0.007364867156315125,1.2595348502718942,-0.008241444476714044,1.2950908884050132,0.0004974291034709477,1.2750443510073328,0.24658573596358124,0.12509040886077735,0.8224968525877943,0.7078339442676544,0.11466290832013973,0.8151589736369041,0.007337878950890107
1377.HK,2026Q3,100,share,380.0,373.2,-0.0178947368421052,3.001409382460379,38000.0,0.0300140938246037,-20.409583800730612,-0.0005370943105455,18,False,2026-07-09,1,4800160000.0,380.0,373.2,2026Q3,A+H,Large,1263200,1136900,1263200,1202900,403185300,118991,60300,126300,354.64,354.63567596094646,1.0580525991731902,0.0029834917096431,10.060056050295945,0.0270306021149605,4.336808689942019e-19,6.938893903907228e-18,-0.0043240390535288,-5.3388799014667314e-05,-0.0004837055115308,Low,330.0,24030.18,23616.32,23496.891,0.0175243,-0.00699524,0.0226962,-0.0396901,-0.0109763,2026-07-06,2026-07-07,RECORDED_PRICING_DATE_PROXY,2026-07-07,2026-07-06,PRICING_DATE_PROXY; RAW_LISTING_PRICES_MATCH,https://web.ifzq.gtimg.cn/appstock/app/hkfqkline/get,-0.017894736842105297,-0.13157894736842102,0.13090909090909086,0.017524322163656292,-0.034809053930471956,0.022696151588735836,-0.03969007643940392,-0.006995238447666252,-0.010976280090943535,0.11368421052631572,-0.017224880382775108,-0.018056783747242726,-0.14107859825990549,0.1230218145126628,-0.03542932564250864,0.01737254189526587
1392.HK,2026Q2,500,share,7.2,26.7,2.708333333333333,10.000896941429724,3600.0,0.0200017938828594,195.01749035787964,0.054171525099411,13,False,2026-06-22,0,613170000.0,7.2,26.7,2026Q2,Non-A+H,Small,8516500,8516500,8516500,8516500,61158791500,252640,0,0,7181.21,7181.211941525275,1.0,0.0001392522610588,143.63712108351712,0.0198625416218005,0.0,0.0,0.0019415252745602,0.0003771415403676,0.0537943835590432,High,29.0,23768.52,24493.949,24249.289,-0.0296167,-0.00653259,-0.0198261,2.78334,2.73272,2026-06-16,2026-06-11,PROSPECTUS_FIXED_PRICE,2026-06-11,2026-06-16,COMPLETE_FIXED_PRICE_ANCHOR; RAW_LISTING_PRICES_MATCH,https://web.ifzq.gtimg.cn/appstock/app/hkfqkline/get,2.708333333333333,3.0277777777777777,-0.07931034482758625,-0.029616661649781384,2.821513814981609,-0.01982610706647936,2.7833422824952216,-0.0065325907903723834,2.7327176502786035,-0.31944444444444464,-0.24013409961685836,1.3105825393841941,1.3932148039644643,-0.08263226458027023,1.3406466307620704,-0.030064091377876096
1511.HK,2026Q2,50,share,60.3,57.5,-0.0464344941956881,2.50048321628761,3015.0,0.0500096643257522,-7.001353005605301,-0.0023221734678624,20,False,2026-05-20,0,872010360.0,60.3,57.5,2026Q2,Non-A+H,Small,723100,723100,2892250,2892250,4900657700,285972,0,0,6777.29,6777.289033328723,3.999792559811921,0.0005901758859836,84.73688185752022,0.0494194884397685,-1.0842021724855044e-19,-6.938893903907228e-18,-0.0009666712767284,-2.740451875214196e-05,-0.0022947689491103,High,56.0,25651.119,25962.731,26347.91,-0.0120023,-0.00568772,-0.0264458,-0.0205317,-0.0409799,2026-05-15,2026-05-12,PROSPECTUS_FIXED_PRICE,2026-05-12,2026-05-15,COMPLETE_FIXED_PRICE_ANCHOR; RAW_LISTING_PRICES_MATCH,https://web.ifzq.gtimg.cn/appstock/app/hkfqkline/get,-0.046434494195688125,-0.0713101160862355,0.02678571428571419,-0.012002281270025117,-0.03485049840998011,-0.026445778811298504,-0.020531691968818766,-0.005687722038852039,-0.04097985417658523,0.024875621890547372,-0.0019100923951670154,-0.0475471559298349,-0.07398041299799053,0.02643325706815543,-0.03547226571514171,-0.012074890214693147
1609.HK,2026Q2,50,share,98.5,215.0,1.1827411167512691,0.7492536448218892,4925.0,0.0149850728964377,87.28804962175009,0.017723461852132,13,False,2026-05-05,0,829552225.0,98.5,215.0,2026Q2,Non-A+H,Small,842200,842200,842200,842200,6588640500,300735,0,0,7823.13,7823.130491569698,1.0,0.0001278260666976,117.23018069451643,0.01485724682974,0.0,0.0,0.0004915696981697,0.0001511851448759,0.0175722767072559,High,288.0,25898.609,26111.84,25978.07,-0.00816607,-0.00755951,-0.00305877,1.18944,1.19937,2026-04-29,2026-04-24,PROSPECTUS_FIXED_PRICE,2026-04-24,2026-04-29,COMPLETE_FIXED_PRICE_ANCHOR; RAW_LISTING_PRICES_MATCH,https://web.ifzq.gtimg.cn/appstock/app/hkfqkline/get,1.1827411167512691,1.9238578680203045,-0.2534722222222222,-0.008166065662167044,1.200712277714624,-0.003058772264452281,1.189438109314776,-0.007559507188126813,1.1993672492815435,-0.7411167512690353,-0.48764452904681327,0.7805814799496197,1.0729039319579028,-0.2923224520082831,0.7887810705620265,-0.008199590612406833
1641.HK,2026Q1,500,share,12.26,12.3,0.0032626427406199,5.003269613881412,6130.0,0.0100065392277628,0.2001307845552611,3.264776257018941e-05,12,False,2026-01-13,0,285204380.0,12.26,12.3,2026Q1,Non-A+H,Small,2326500,2326500,2326500,2326500,5372469000,103102,0,0,2309.25,2309.2495164410057,1.0,0.0004330411213168,23.1075958729592,0.0095734981064459,-5.421010862427522e-20,0.0,-0.0004835589943468,1.4128584708543123e-06,3.123490409933425e-05,High,19.58,26848.471,26149.311,25630.539,0.0267372,0.0090193,0.0475188,-0.0422485,-0.00570521,2026-01-08,2025-12-31,PROSPECTUS_FIXED_PRICE,2025-12-31,2026-01-08,COMPLETE_FIXED_PRICE_ANCHOR; RAW_LISTING_PRICES_MATCH,https://web.ifzq.gtimg.cn/appstock/app/hkfqkline/get,0.0032626427406199365,0.597063621533442,-0.37180796731358523,0.02673722454866967,-0.02286328112664715,0.04751878218401884,-0.042248540261137224,0.009019304784816606,-0.00570520506089256,-0.593800978792822,-0.2219930114792368,0.003257331870306505,0.4681667065942989,-0.4649093747239924,-0.023128699295341,0.02638603116564756
1688.HK,2026Q2,660,share,10.18,9.71,-0.0461689587426324,8.10296664618135,6718.8,0.0122772221911838,-3.8083943237052256,-0.0005668265648189,16,False,2026-06-26,1,8264244938.4,10.18,9.71,2026Q2,A+H,Large,81181320,81181320,81181320,81181320,7806295200,162822,0,0,96.16,96.1587616461521,1.0,0.0103994683675298,1.1805624823588925,0.0018777538236539,0.0,0.0,-0.0012383538478957,-0.0004801326260057,-8.66939388131001e-05,Low,10.8,22671.859,23336.279,,-0.0284715,-0.0175522,,,-0.029128,2026-06-23,,,,2026-06-23,MISSING_PRICING_ANCHOR; RAW_LISTING_PRICES_MATCH,https://web.ifzq.gtimg.cn/appstock/app/hkfqkline/get,-0.04616895874263249,0.0609037328094304,-0.10092592592592586,-0.028471548527509438,-0.01821604934811749,,,-0.017552219946257996,-0.029127999856449427,-0.10707269155206289,-0.006146765626136953,-0.04726872881914301,0.05912112300779746,-0.1063898518269404,-0.018384004352783787,-0.028884724466359233
1768.HK,2026Q1,100,share,236.6,400.0,0.6906170752324599,3.0007952350812275,23660.0,0.0300079523508122,490.3299414122726,0.0207240042862329,19,False,2026-01-28,0,3669949920.0,236.6,400.0,2026Q1,Non-A+H,Large,1410200,1410200,1410200,1410200,2678666900,229245,0,0,1899.49,1899.494327045809,1.0,0.0005264559023744,56.99993525662872,0.0294814964484377,0.0,0.0,0.0043270458090773,0.0003635794355366,0.0203604248506962,Middle,445.0,27826.91,26749.51,26765.52,0.0402774,0.0258032,0.0396551,0.626133,0.648091,2026-01-23,2026-01-26,RECORDED_PRICING_DATE_PROXY,2026-01-26,2026-01-23,PRICING_DATE_PROXY; RAW_LISTING_PRICES_MATCH,https://web.ifzq.gtimg.cn/appstock/app/hkfqkline/get,0.6906170752324599,0.8808114961961115,-0.101123595505618,0.04027737330515602,0.6251599031333852,0.03965512345734368,0.626132586746998,0.02580315980245329,0.6480911167772527,-0.1901944209636517,-0.08907082545803377,0.5250935955636956,0.6317033306219538,-0.10660973505825826,0.4856062128687857,0.039487382694909826
1770.HK,2026Q3,50,share,78.64,80.0,0.017293997965412,1.500056534794025,3932.0,0.0300011306958804,2.040076887319873,0.0005188394932146,10,False,2026-07-09,0,402526704.0,78.64,80.0,2026Q3,Non-A+H,Small,511900,511900,511900,511900,546474050,126957,0,0,1067.54,1067.5406329361203,1.0,0.000936732494434,32.02742605187943,0.0290643982014463,0.0,0.0,0.0006329361203825,1.6199849852878472e-05,0.0005026396433617,Middle,77.15,24030.18,23350.029,23616.32,0.0291285,-0.00699524,0.0175243,-0.000226357,0.0244603,2026-07-03,2026-07-06,RECORDED_PRICING_DATE_PROXY,2026-07-06,2026-07-03,PRICING_DATE_PROXY; RAW_LISTING_PRICES_MATCH,https://web.ifzq.gtimg.cn/appstock/app/hkfqkline/get,0.01729399796541209,-0.018947100712105702,0.036941023979261134,0.029128486307233414,-0.011499524597056276,0.017524322163656292,-0.00022635743758381288,-0.006995238447666252,0.024460342340260066,0.03624109867751779,-0.0006999253017433725,0.017146158834970584,-0.019128897029741167,0.03627505586471172,-0.011566155437900044,0.028712314272870628
1779.HK,2026Q2,50,share,96.06,131.8,0.3720591297105977,1.0008992454158032,4803.0,0.020017984908316,35.77213903116082,0.0074478740435479,17,False,2026-06-05,0,1363393989.0,96.06,131.8,2026Q2,Non-A+H,Medium,1419350,1419350,1419350,1419350,6759772650,266377,0,0,4762.58,4762.583330397717,1.0,0.0002099700793931,95.33732123249888,0.0198080148289228,0.0,0.0,0.0033303977170362,7.812128500427256e-05,0.0073697527585436,High,144.3,24961.949,26038.32,25006.16,-0.041338,-0.0115411,-0.001768,0.374489,0.388079,2026-06-02,2026-05-28,PROSPECTUS_FIXED_PRICE,2026-05-28,2026-06-02,COMPLETE_FIXED_PRICE_ANCHOR; RAW_LISTING_PRICES_MATCH,https://web.ifzq.gtimg.cn/appstock/app/hkfqkline/get,0.37205912971059774,0.5021861336664586,-0.08662508662508661,-0.04133795882376434,0.43122296573581065,-0.0017680043637247067,0.3744892326718543,-0.011541059817687938,0.3880790328605195,-0.13012700395586085,-0.0435019173307743,0.31631262583172864,0.40692146954314695,-0.09060884371141832,0.35852929957315555,-0.04221667374142681
1879.HK,2026Q2,15,share,183.2,886.0,3.836244541484717,0.9000724112961622,2748.0,0.0600048274197441,632.5708906589427,0.2301931916517259,24,False,2026-04-28,0,2527283388.0,183.2,886.0,2026Q2,Non-A+H,Large,689775,689775,2759055,2759055,3990144405,378085,0,0,5784.7,5784.704294878765,3.999934761335218,0.0006914674558,86.77896105800083,0.059313359963944,0.0,0.0,0.0042948787649947,0.0026526382529271,0.2275405533987986,High,880.0,25679.779,25915.199,25978.07,-0.00908424,-0.0094837,-0.0114824,3.89242,3.88255,2026-04-23,2026-04-24,RECORDED_PRICING_DATE_PROXY,2026-04-24,2026-04-23,PRICING_DATE_PROXY; RAW_LISTING_PRICES_MATCH,https://web.ifzq.gtimg.cn/appstock/app/hkfqkline/get,3.8362445414847164,3.8034934497816595,0.006818181818181834,-0.009084244346339032,3.880580931215965,-0.011482415745280528,3.8924213575127675,-0.009483696647914486,3.8825491565540053,0.0327510917030569,0.025932909884875014,1.576138498365051,1.5693434552322223,0.006795043132828808,1.5852642560619266,-0.009125757696875562
1956.HK,2026Q2,200,share,60.7,111.7,0.8401976935749589,0.2908085430968726,12140.0,0.0014540427154843,14.831235697940503,0.0012216833359094,17,False,2026-06-26,0,900460220.0,60.7,111.7,2026Q2,Non-A+H,Medium,741800,741800,2967000,2967000,4426156200,195072,0,0,5966.78,5966.778376921003,3.9997303855486654,0.0006703333244317,2.169133865927088,0.0007837093910525,0.0,-2.1684043449710093e-19,-0.0016230789969995,0.0005632125131139,0.0006584708227954,High,110.0,22671.859,23336.279,24312.16,-0.0284715,-0.0175522,-0.0674683,0.973335,0.873074,2026-06-23,2026-06-17,PROSPECTUS_FIXED_PRICE,2026-06-17,2026-06-23,COMPLETE_FIXED_PRICE_ANCHOR; RAW_LISTING_PRICES_MATCH,https://web.ifzq.gtimg.cn/appstock/app/hkfqkline/get,0.8401976935749589,0.8121911037891267,0.015454545454545388,-0.028471548527509438,0.8941264054448181,-0.06746833683226827,0.973335347481888,-0.017552219946257996,0.8730743057654384,0.028006589785832148,0.01255204433128645,0.6098730080097025,0.5945366677269636,0.01533634028273873,0.6387577324760618,-0.028884724466359233
1989.HK,2026Q1,100,share,71.88,96.0,0.335559265442404,5.000361402240694,7188.0,0.0500036140224069,120.60871702204555,0.0167791759908243,15,False,2026-03-20,1,3306480000.0,71.88,96.0,2026Q1,A+H,Large,4600000,4600000,4600000,4600000,4925330400,202417,0,0,1070.72,1070.724,1.0,0.0009339474972074,53.5400696205276,0.0490696665251994,-1.0842021724855044e-19,-6.938893903907228e-18,0.0039999999999054,0.0003133947361247,0.0164657812546996,Middle,95.05,25277.32,25868.539,26025.42,-0.0228548,-0.00875509,-0.028745,0.375086,0.347355,2026-03-17,2026-03-18,RECORDED_PRICING_DATE_PROXY,2026-03-18,2026-03-17,PRICING_DATE_PROXY; RAW_LISTING_PRICES_MATCH,https://web.ifzq.gtimg.cn/appstock/app/hkfqkline/get,0.335559265442404,0.3223427935447969,0.009994739610731163,-0.022854750320456918,0.36679707124442706,-0.028744973183910116,0.37508607787653303,-0.008755094982153433,0.3473554907385459,0.013216471897607107,0.0032217322868759186,0.28935012955247796,0.2794050070190799,0.00994512253339804,0.3124700984738733,-0.02311996892139542
2041.HK,2026Q3,100,share,15.42,8.8,-0.4293125810635537,5.002558853633572,1542.0,0.0500255885363357,-33.11693961105424,-0.0214766145337576,11,False,2026-09-07,0,600001452.0,15.42,8.8,2026Q3,Non-A+H,Small,3891100,3891100,3891100,3891100,1697974600,57305,0,0,436.37,436.3739302510858,1.0,0.0022916126071614,21.82986268272447,0.0477339759291742,0.0,6.938893903907228e-18,0.0039302510858192,-0.0009838181231782,-0.0204927964105793,Middle,10.0,25413.119,25311.211,,0.0040262,-0.00926869,,,-0.423974,2026-09-02,,,,2026-09-02,MISSING_PRICING_ANCHOR; RAW_LISTING_PRICES_MATCH,https://web.ifzq.gtimg.cn/appstock/app/hkfqkline/get,-0.42931258106355374,-0.35149156939040205,-0.11999999999999988,0.004026200089754628,-0.43160106889100125,,,-0.009268691832623688,-0.42397356959266186,-0.0778210116731517,0.0421789883268482,-0.5609136466510225,-0.4330802751411377,-0.12783337150988477,-0.5649317632869999,0.004018116635977337
2249.HK,2026Q3,100,share,32.3,32.3,0.0,8.000181204557293,3229.9999999999995,0.0800018120455729,0.0,0.0,15,False,2026-07-10,1,6982194099.999999,32.3,32.3,2026Q3,A+H,Large,21616700,21616700,21616700,21616700,7441779600,195505,0,0,344.26,344.2606688347435,1.0,0.0029047756265181,27.541477322800365,0.0770970364190547,0.0,0.0,0.0006688347435215,0.0,0.0,Low,36.0,24175.119,23496.891,24199.461,0.0288646,0.00603154,-0.00100589,0.0010069,-0.00599538,2026-07-07,2026-07-08,RECORDED_PRICING_DATE_PROXY,2026-07-08,2026-07-07,PRICING_DATE_PROXY; RAW_LISTING_PRICES_MATCH,https://web.ifzq.gtimg.cn/appstock/app/hkfqkline/get,0.0,0.11455108359133126,-0.10277777777777786,0.028864584680585947,-0.028054794683740614,-0.0010058901725125136,0.0010069030063513118,0.006031540338024888,-0.005995378967938003,-0.11455108359133126,-0.0117733058135535,0.0,0.10845170822749914,-0.10845170822749924,-0.028455849242143054,0.028455849242143103
2261.HK,2026Q3,100,share,10.42,17.1,0.6410748560460655,8.001180986123412,1042.0,0.0800118098612341,53.4478889873044,0.0512935594887758,11,False,2026-08-07,0,600134690.0,10.42,17.1,2026Q3,Non-A+H,Small,5759500,5759500,5759500,5759500,14476731200,161125,0,0,2513.54,2513.539578088376,1.0,0.0003978453367981,201.1128508006937,0.0796139645244359,0.0,0.0,-0.0004219116240165,0.0002550486420164,0.0510385108467593,High,16.9,25668.029,25852.92,,-0.00715165,0.00539555,,,0.632268,2026-08-04,,,,2026-08-04,MISSING_PRICING_ANCHOR; RAW_LISTING_PRICES_MATCH,https://web.ifzq.gtimg.cn/appstock/app/hkfqkline/get,0.6410748560460655,0.6218809980806141,0.01183431952662728,-0.0071516486338873975,0.6528957859355093,,,0.005395554039969497,0.632267866564312,0.019193857965451366,0.007359538438823874,0.4953514271833935,0.4835865856038069,0.01176484157958643,0.5025287714403766,-0.007177344256983138
2272.HK,2026Q2,60,share,39.55,120.2,2.0391908975979773,1.2007936279725109,2373.0,0.0200132271328751,96.844006095983,0.0408107906009199,10,False,2026-06-26,0,399940674.0,39.55,120.2,2026Q2,Non-A+H,Small,1011240,1011240,1011240,1011240,2138980680,165737,0,0,2115.21,2115.205767176931,1.0,0.0004727672435077,42.332093451279256,0.0195404598893673,-5.421010862427522e-20,0.0,-0.0042328230688326,0.0009640626596435,0.0398467279412762,High,110.1,22671.859,23336.279,24312.16,-0.0284715,-0.0175522,-0.0674683,2.25908,2.09349,2026-06-23,2026-06-17,PROSPECTUS_FIXED_PRICE,2026-06-17,2026-06-23,COMPLETE_FIXED_PRICE_ANCHOR; RAW_LISTING_PRICES_MATCH,https://web.ifzq.gtimg.cn/appstock/app/hkfqkline/get,2.0391908975979773,1.783817951959545,0.09173478655767497,-0.028471548527509438,2.1282572249856893,-0.06746833683226827,2.25907528681021,-0.017552219946257996,2.0934884879395086,0.2553729456384324,0.16363815908075777,1.1115913278874443,1.0238233495149713,0.08776797837247305,1.1404760523538036,-0.028884724466359233
2290.HK,2026Q2,500,share,5.18,2.81,-0.4575289575289575,25.008672274737663,2590.0,0.0500173445494753,-59.27055329112825,-0.0228843835100881,7,False,2026-06-05,0,647500000.0,5.18,2.81,2026Q2,Non-A+H,Small,12500000,12500000,12500000,12500000,8311550000,133189,0,0,664.92,664.924,1.0,0.0015039312763563,33.25773280721531,0.0485134132731189,0.0,0.0,0.004000000000019,-0.0006880921090665,-0.0221962914010215,Middle,4.32,24961.949,26038.32,25633.211,-0.041338,-0.0115411,-0.0261872,-0.442941,-0.451195,2026-06-02,2026-06-03,RECORDED_PRICING_DATE_PROXY,2026-06-03,2026-06-02,PRICING_DATE_PROXY; RAW_LISTING_PRICES_MATCH,https://web.ifzq.gtimg.cn/appstock/app/hkfqkline/get,-0.4575289575289575,-0.1660231660231659,-0.3495370370370371,-0.04133795882376434,-0.4341373506293681,-0.026187199098856473,-0.4429411464204901,-0.011541059817687938,-0.451195168136181,-0.2915057915057916,0.0580312455312455,-0.6116205729257372,-0.18154965401537262,-0.43007091891036464,-0.5694038991843103,-0.04221667374142681
2335.HK,2026Q2,200,share,18.2,36.9,1.0274725274725274,6.000907852927825,3640.0,0.0300045392646391,112.21697684975032,0.0308288397938874,11,False,2026-06-24,0,1056590080.0,18.2,36.9,2026Q2,Non-A+H,Medium,5805600,5805600,5805600,5805600,6859076200,153832,0,0,1181.46,1181.458626154058,1.0,0.0008464113578443,35.449121737986005,0.0291581279067947,-1.0842021724855044e-19,-3.469446951953614e-18,-0.0013738459419982,0.0008696644171258,0.0299591753767616,Middle,34.02,23412.18,23924.811,23768.52,-0.0214268,0.00325249,-0.0149921,1.05833,1.0209,2026-06-18,2026-06-22,RECORDED_PRICING_DATE_PROXY,2026-06-22,2026-06-18,PRICING_DATE_PROXY; RAW_LISTING_PRICES_MATCH,https://web.ifzq.gtimg.cn/appstock/app/hkfqkline/get,1.0274725274725274,0.8692307692307695,0.08465608465608443,-0.021426752336726973,1.0718658846580085,-0.014992098792857123,1.0583312326610046,0.0032524893964458457,1.0208995730399328,0.1582417582417579,0.0735856735856734,0.7067899569637318,0.6255269928849662,0.08126296407876558,0.7284495948206666,-0.021659637856934748
2475.HK,2026Q3,100,share,63.28,62.3,-0.0154867256637168,100.0,6328.0,1.0,-98.0000000000004,-0.0154867256637168,22,False,2026-07-09,1,24266158784.0,63.28,62.3,2026Q3,A+H,Large,38347300,38347300,38347300,38347300,144959900,47308,0,0,3.78,3.780185306397061,1.0,0.2645372961763908,3.780185306397061,0.7354627038236092,-5.551115123125783e-17,-2.220446049250313e-16,0.0001853063970607,-0.0040968165337051,-0.0113899091300116,Low,63.25,24030.18,23616.32,23496.891,0.0175243,-0.00699524,0.0226962,-0.0373355,-0.00855131,2026-07-06,2026-07-07,RECORDED_PRICING_DATE_PROXY,2026-07-07,2026-07-06,PRICING_DATE_PROXY; RAW_LISTING_PRICES_MATCH,https://web.ifzq.gtimg.cn/appstock/app/hkfqkline/get,-0.015486725663716894,-0.0004740834386852688,-0.015019762845849827,0.017524322163656292,-0.03244251474714499,0.022696151588735836,-0.037335504971966915,-0.006995238447666252,-0.008551305638027529,-0.015012642225031625,7.1206208181977246e-06,-0.015607897665991055,-0.0004741958517688781,-0.015133701814222182,-0.03298043956125687,0.01737254189526587
2476.HK,2026Q2,100,share,209.88,315.0,0.5008576329331047,0.7139168603150013,20988.0,0.00713916860315,75.04694035631294,0.003575707087684,25,False,2026-04-21,1,20116998000.0,209.88,315.0,2026Q2,A+H,Large,8334800,7501400,8334800,7852800,3234220300,250606,482000,833400,431.15,431.1488922067881,1.0468445890100515,0.0024280349733751,2.9403071543182526,0.0047111336297748,-4.336808689942019e-19,-8.673617379884035e-19,-0.0011077932119292,0.0012160998494434,0.0023596072382405,Middle,330.0,26487.481,26394.26,26160.33,0.00353187,0.00479537,0.0125056,0.48232,0.493695,2026-04-16,2026-04-17,RECORDED_PRICING_DATE_PROXY,2026-04-17,2026-04-16,PRICING_DATE_PROXY; RAW_LISTING_PRICES_MATCH,https://web.ifzq.gtimg.cn/appstock/app/hkfqkline/get,0.5008576329331047,0.5723270440251573,-0.045454545454545414,0.003531866398224448,0.49557546021914756,0.012505614416943533,0.4823203067346753,0.00479536680415471,0.493694818385481,-0.07146941109205263,-0.02601486563750713,0.4060367000071221,0.452556715642015,-0.04652001563489282,0.40251105600222115,0.003525644004900883
2493.HK,2026Q2,200,share,27.64,27.8,0.0057887120115773,2.0013210967914214,5528.0,0.0100066054839571,0.3202113754866277,5.792535736009908e-05,10,False,2026-04-28,1,1302678728.0,27.64,27.8,2026Q2,A+H,Medium,4713200,4713200,4713200,4713200,2270397600,126378,0,0,481.71,481.7104302809131,1.0,0.0020759359506017,4.82028623332832,0.0079306695333553,0.0,0.0,0.0004302809131786,1.2016995372513664e-05,4.590836198758408e-05,Middle,28.3,25679.779,25915.199,25978.07,-0.00908424,-0.0094837,-0.0114824,0.0174717,0.0154186,2026-04-23,2026-04-24,RECORDED_PRICING_DATE_PROXY,2026-04-24,2026-04-23,PRICING_DATE_PROXY; RAW_LISTING_PRICES_MATCH,https://web.ifzq.gtimg.cn/appstock/app/hkfqkline/get,0.005788712011577379,0.02387843704775694,-0.017667844522968212,-0.009084244346339032,0.015009304547898061,-0.011482415745280528,0.017471745603675037,-0.009483696647914486,0.015418634310013113,-0.01808972503617956,-0.0004218805132112537,0.005772021797122191,0.023597805749722856,-0.017825783952600573,0.01489777949399768,-0.009125757696875562
2513.HK,2026Q1,100,share,116.2,131.5,0.1316695352839931,5.000053845076945,11620.0,0.0500005384507694,76.50082382967724,0.0065835476617622,22,False,2026-01-08,0,4348145900.0,116.2,131.5,2026Q1,Non-A+H,Large,1871000,1871000,7483900,7483900,2169357600,204871,0,0,1159.46,1159.464243719936,3.999946552645644,0.0034498231181433,14.493652786951833,0.046550715332626,0.0,0.0,0.0042437199358573,0.0004542366067779,0.0061293110549843,Middle,120.0,26149.311,26347.24,25854.6,-0.00751232,-0.0117026,0.0113988,0.118915,0.14507,2026-01-05,2025-12-30,PROSPECTUS_FIXED_PRICE,2025-12-30,2026-01-05,COMPLETE_FIXED_PRICE_ANCHOR; RAW_LISTING_PRICES_MATCH,https://web.ifzq.gtimg.cn/appstock/app/hkfqkline/get,0.13166953528399317,0.03270223752151469,0.09583333333333344,-0.007512323871494697,0.1402353525420168,0.011398783968810333,0.11891526193380497,-0.011702581232534981,0.1450698077258279,0.09896729776247848,0.0031339644291451607,0.12369400720000844,0.032178898364235195,0.09151510883577334,0.13123469069687874,-0.007540683496870244
2526.HK,2026Q1,50,share,99.0,209.6,1.117171717171717,1.4998638671343232,4950.0,0.0299972773426864,165.88494370505614,0.0335121098394052,16,False,2026-03-30,0,791920800.0,99.0,209.6,2026Q1,Non-A+H,Small,799950,799950,799950,799950,858643350,115017,0,0,1073.37,1073.3712732045751,1.0,0.0009316440871521,32.19821577399006,0.0290656332555342,0.0,3.469446951953614e-18,0.0012732045754546,0.0010408064246366,0.0324713034147685,Middle,219.0,24750.789,25335.949,24856.43,-0.023096,-0.00805919,-0.00425005,1.12621,1.13437,2026-03-25,2026-03-26,RECORDED_PRICING_DATE_PROXY,2026-03-26,2026-03-25,PRICING_DATE_PROXY; RAW_LISTING_PRICES_MATCH,https://web.ifzq.gtimg.cn/appstock/app/hkfqkline/get,1.117171717171717,1.212121212121212,-0.04292237442922375,-0.02309603638687463,1.1672260488546464,-0.0042500471708929455,1.1262082023267452,-0.00805919201041394,1.1343730393174272,-0.0949494949494949,-0.05202712052027121,0.7500811023122971,0.7939518796819108,-0.043870777369613735,0.7734480313061437,-0.02336692899384667
2553.HK,2026Q2,200,share,14.6,21.06,0.4424657534246574,4.005323119867571,2920.0,0.0200266155993378,25.874387354344503,0.008861091559707,10,False,2026-06-03,0,584000000.0,14.6,21.06,2026Q2,Non-A+H,Small,4000000,4000000,6000000,6000000,5686144400,109125,0,0,1421.54,1421.5361,1.5,0.0010551965581457,18.979038023521213,0.018971419041192,0.0,0.0,-0.0038999999999305,0.000466888340111,0.0083942032195959,Middle,28.0,25633.211,25182.391,25398.18,0.0179022,-0.0155582,0.00925385,0.42924,0.465263,2026-05-29,2026-06-01,RECORDED_PRICING_DATE_PROXY,2026-06-01,2026-05-29,PRICING_DATE_PROXY; RAW_LISTING_PRICES_MATCH,https://web.ifzq.gtimg.cn/appstock/app/hkfqkline/get,0.44246575342465744,0.9178082191780823,-0.2478571428571429,0.017902192051580723,0.4170966176203721,0.009253852047666378,0.42923977996026585,-0.015558185013472503,0.46526257973346885,-0.47534246575342487,-0.22748532289628184,0.3663539779915386,0.6511829814609132,-0.2848290034693745,0.3486101430138387,0.017743834977699914
2632.HK,2026Q1,50,share,44.2,27.88,-0.3692307692307692,15.00132170235263,2210.0,0.3000264340470526,-244.821570182395,-0.1107789910327579,10,False,2026-03-24,0,717211300.0,44.2,27.88,2026Q1,Non-A+H,Small,1622650,1622650,1622650,1622650,111790150,31183,0,0,68.89,68.89356916155671,1.0,0.0145151428815508,20.669891884315852,0.2855112911655018,0.0,0.0,0.0035691615567117,-0.0053594373716495,-0.1054195536611083,Low,43.9,25063.711,25500.58,25277.32,-0.0171317,0.0279397,-0.00845062,-0.363855,-0.386375,2026-03-19,2026-03-20,RECORDED_PRICING_DATE_PROXY,2026-03-20,2026-03-19,PRICING_DATE_PROXY; RAW_LISTING_PRICES_MATCH,https://web.ifzq.gtimg.cn/appstock/app/hkfqkline/get,-0.36923076923076925,-0.006787330316742168,-0.3649202733485194,-0.017131727984226353,-0.3582362471874483,-0.008450618973846913,-0.36385494979942545,0.027939744089103824,-0.386375286687471,-0.3624434389140271,0.002476834434492245,-0.46081520319132935,-0.006810469002526863,-0.4540047341888026,-0.4435350292890232,-0.01728017390230605
2649.HK,2026Q1,500,share,11.0,6.2,-0.4363636363636364,0.1863054532702086,5500.0,0.0003726109065404,-0.8942661756970016,-0.0001625938501267,12,True,2026-03-09,0,223696000.0,11.0,6.2,2026Q1,Non-A+H,Small,2034000,2034000,2034000,2034000,10774571500,162571,0,0,5297.23,5297.23279252704,1.0,0.0001887778089365,1.973806712979035,0.0001838330976038,0.0,0.0,0.002792527040583,-8.237577117230476e-05,-8.021807895441525e-05,High,7.5,25408.461,25249.481,25321.34,0.00629637,-0.0135429,0.00344062,-0.438296,-0.428626,2026-03-04,2026-03-05,RECORDED_PRICING_DATE_PROXY,2026-03-05,2026-03-04,PRICING_DATE_PROXY; RAW_LISTING_PRICES_MATCH,https://web.ifzq.gtimg.cn/appstock/app/hkfqkline/get,-0.4363636363636364,-0.31818181818181823,-0.17333333333333334,0.006296367042158302,-0.4398902926648941,0.003440615702012595,-0.43829624312940485,-0.013542884889787943,-0.4286255783421551,-0.11818181818181817,0.05515151515151516,-0.5733459807473247,-0.38299225225610584,-0.1903537284912189,-0.5796226084844617,0.006276627737136978
2667.HK,2026Q3,500,share,5.5,3.35,-0.3909090909090909,40.006431902235086,2750.0,0.0800128638044701,-86.01382858980543,-0.0312777558508383,12,False,2026-07-07,0,594844250.0,5.5,3.35,2026Q3,Non-A+H,Small,10815500,10815500,10815500,10815500,2722712500,66390,0,0,251.74,251.741713281864,1.0,0.0039723253924165,20.142575418725745,0.0760405384120535,0.0,0.0,0.0017132818639709,-0.0015528181079446,-0.0297249377428936,Low,4.76,23496.891,23055.029,23350.029,0.0191655,-0.00505705,0.00628959,-0.394716,-0.387813,2026-07-02,2026-07-03,RECORDED_PRICING_DATE_PROXY,2026-07-03,2026-07-02,PRICING_DATE_PROXY; RAW_LISTING_PRICES_MATCH,https://web.ifzq.gtimg.cn/appstock/app/hkfqkline/get,-0.3909090909090909,-0.13454545454545463,-0.29621848739495793,0.01916553650832542,-0.40236312230723326,0.006289585336275216,-0.3947160758030034,-0.00505705376620913,-0.38781322949568864,-0.25636363636363624,0.039854851031321636,-0.4957877464014501,-0.1445004239950967,-0.3512873224063535,-0.5147719374075747,0.018984191006124473
2672.HK,2026Q2,200,share,15.6,73.0,3.67948717948718,19.999049022871,3120.0,0.099995245114355,1147.9454139127954,0.3679312224079472,9,False,2026-06-29,0,520172640.0,15.6,73.0,2026Q2,Non-A+H,Small,3334600,3334600,3334600,3334600,807145000,44599,0,0,242.05,242.05152042223955,1.0,0.0041313518636676,24.204001114924147,0.0958638932506873,0.0,0.0,0.0015204222395368,0.0152012562163154,0.3527299661916318,Low,61.1,23026.68,23412.18,,-0.0164658,0.0156503,,,3.60738,2026-06-24,,,,2026-06-24,MISSING_PRICING_ANCHOR; RAW_LISTING_PRICES_MATCH,https://web.ifzq.gtimg.cn/appstock/app/hkfqkline/get,3.6794871794871797,2.916666666666667,0.19476268412438613,-0.016465788320438324,3.75782857771273,,,0.015650282581591624,3.607380374662827,0.7628205128205128,0.5680578286961263,1.5431885268928998,1.3652409519220583,0.17794757497084138,1.559791383008264,-0.016602856115364068
2675.HK,2026Q1,100,share,43.24,56.6,0.3089731729879741,0.5006477679453679,4324.0,0.0050064776794536,6.688654179750115,0.0015468672941142,19,False,2026-01-08,0,1198707928.0,43.24,56.6,2026Q1,Non-A+H,Medium,2772300,2772300,2772300,2772300,3027186100,196179,0,0,1091.94,1091.9403022760885,1.0,0.0009158009809836,5.466774750641053,0.0040906766984699,0.0,0.0,0.000302276088405,0.00028295793492,0.0012639093591942,Middle,59.0,26149.311,26347.24,25854.6,-0.00751232,-0.0117026,0.0113988,0.294221,0.324473,2026-01-05,2025-12-30,PROSPECTUS_FIXED_PRICE,2025-12-30,2026-01-05,COMPLETE_FIXED_PRICE_ANCHOR; RAW_LISTING_PRICES_MATCH,https://web.ifzq.gtimg.cn/appstock/app/hkfqkline/get,0.3089731729879741,0.36447733580018493,-0.04067796610169494,-0.007512323871494697,0.3188810344668611,0.011398783968810333,0.29422063160038414,-0.011702581232534981,0.3244729249828795,-0.05550416281221082,-0.014826196710516007,0.2692429924381297,0.3107714511347119,-0.04152845869658223,0.276783675935,-0.007540683496870244
2677.HK,2026Q1,50,share,59.9,67.9,0.1335559265442405,0.5007942479725775,2995.0,0.0100158849594515,4.006353983780624,0.00133768079592,13,False,2026-02-06,0,284525000.0,59.9,67.9,2026Q1,Non-A+H,Small,475000,475000,475000,475000,1297094450,147844,0,0,2730.73,2730.7251578947366,1.0,0.000366203093383,27.350629037353716,0.0096496818660684,0.0,0.0,-0.0048421052633784,4.890859344014173e-05,0.0012887722024799,High,81.0,26559.949,26834.77,26847.32,-0.0102412,-0.0120992,-0.0107039,0.145821,0.147439,2026-02-03,2026-02-04,RECORDED_PRICING_DATE_PROXY,2026-02-04,2026-02-03,PRICING_DATE_PROXY; RAW_LISTING_PRICES_MATCH,https://web.ifzq.gtimg.cn/appstock/app/hkfqkline/get,0.13355592654424053,0.352253756260434,-0.16172839506172831,-0.010241228078347597,0.1452850519762514,-0.010703898936653578,0.14582067525166242,-0.012099241070565148,0.1474390684471676,-0.21869782971619345,-0.05696943465446522,0.1253595294432469,0.30177264955103505,-0.17641312010778823,0.13565355971342435,-0.010294030270177536
2692.HK,2026Q1,100,share,71.28,73.0,0.0241301907968574,4.000926140310257,7128.0,0.0400092614031025,6.881592961333638,0.0009654311112982,12,False,2026-03-09,1,1906618824.0,71.28,73.0,2026Q1,A+H,Medium,2674900,2674900,2674900,2674900,4110686100,180292,0,0,1536.76,1536.7625331788104,1.0,0.0006507186233461,61.48473390444501,0.0393585427797563,0.0,0.0,0.0025331788103812,1.570196453641008e-05,0.0009497291467617,Middle,78.0,25408.461,25249.481,25321.34,0.00629637,-0.0135429,0.00344062,0.0206186,0.0381903,2026-03-04,2026-03-05,RECORDED_PRICING_DATE_PROXY,2026-03-05,2026-03-04,PRICING_DATE_PROXY; RAW_LISTING_PRICES_MATCH,https://web.ifzq.gtimg.cn/appstock/app/hkfqkline/get,0.02413019079685741,0.09427609427609429,-0.0641025641025641,0.006296367042158302,0.017722238039195926,0.003440615702012595,0.02061863429792532,-0.013542884889787943,0.038190282283519617,-0.07014590347923688,-0.00604333937667271,0.023843657985837208,0.09009304352703788,-0.0662493855412006,0.01756703024870032,0.006276627737136978
2697.HK,2026Q2,20,share,126.2,400.0,2.1695721077654517,0.4002220773891423,2524.0,0.0200111038694571,109.58080478914718,0.0434155328007714,12,False,2026-06-30,0,449865140.0,126.2,400.0,2026Q2,Non-A+H,Small,356480,356480,356480,356480,638236940,128208,0,0,1790.4,1790.3863891382405,1.0,0.0005585386518053,35.82760799950757,0.0194525652176517,0.0,-3.469446951953614e-18,-0.0136108617596164,0.0012117898800659,0.0422037429207055,Middle,327.2,22881.02,23076.91,22671.859,-0.00848857,-0.00632571,0.00922558,2.1406,2.18975,2026-06-25,2026-06-26,RECORDED_PRICING_DATE_PROXY,2026-06-26,2026-06-25,PRICING_DATE_PROXY; RAW_LISTING_PRICES_MATCH,https://web.ifzq.gtimg.cn/appstock/app/hkfqkline/get,2.1695721077654517,1.5927099841521395,0.22249388753056243,-0.00848857147685711,2.1967075886220817,0.009225577840793697,2.1405982739227154,-0.006325705659695591,2.1897495243848644,0.5768621236133122,0.35436823608275,1.1535965970008693,0.9527036546214792,0.20089294237939007,1.162121401591206,-0.008524804590336844
2701.HK,2026Q1,200,share,10.8,11.25,0.0416666666666665,60.00742666171555,2160.0,0.3000371333085778,27.00334199777196,0.0125015472211907,12,False,2026-03-23,1,1026000000.0,10.8,11.25,2026Q1,A+H,Medium,9500000,9500000,9500000,9500000,1252387600,56547,0,0,131.83,131.83027368421054,1.0,0.0075855110670211,39.55397739949576,0.2924516222415567,8.673617379884035e-19,5.551115123125783e-17,0.0002736842105264,0.0003160629611258,0.0121854842600648,Low,14.3,24382.471,26025.42,25500.58,-0.0631286,-0.0354013,-0.0438464,0.0894345,0.0798964,2026-03-18,2026-03-19,RECORDED_PRICING_DATE_PROXY,2026-03-19,2026-03-18,PRICING_DATE_PROXY; RAW_LISTING_PRICES_MATCH,https://web.ifzq.gtimg.cn/appstock/app/hkfqkline/get,0.04166666666666652,0.32407407407407396,-0.21328671328671334,-0.06312862578202372,0.11185664898360748,-0.04384641447371007,0.08943446161247004,-0.0354012608931642,0.07989635942422169,-0.28240740740740744,-0.06912069412069412,0.040821994520254985,0.2807134031356875,-0.2398914086154325,0.1060312747338978,-0.0652092802136429
2706.HK,2026Q1,200,share,27.06,92.6,2.4220251293422024,0.1214122674955077,5412.0,0.0006070613374775,7.957360011655577,0.0014703178144226,15,False,2026-02-13,0,758497212.0,27.06,92.6,2026Q1,Non-A+H,Small,2803200,2803200,2803200,2803200,14198363600,232258,0,0,5065.06,5065.055507990867,1.0,0.0001974312025647,3.0747993710787145,0.0004096301349127,0.0,0.0,-0.0044920091331732,0.0004781833339281,0.0009921344804944,High,82.3,26567.119,27183.15,27266.381,-0.0226622,-0.017217,-0.0256456,2.51209,2.48197,2026-02-10,2026-02-11,RECORDED_PRICING_DATE_PROXY,2026-02-11,2026-02-10,PRICING_DATE_PROXY; RAW_LISTING_PRICES_MATCH,https://web.ifzq.gtimg.cn/appstock/app/hkfqkline/get,2.4220251293422024,2.041389504804139,0.12515188335358451,-0.022662237452245382,2.5013741006195853,-0.025645574306322638,2.5120948179672316,-0.017217028707514404,2.4819743822400593,0.3806356245380633,0.25548374118447925,1.2302325189094916,1.112314484940382,0.11791803396910963,1.253155491625108,-0.022922972715616448
2714.HK,2026Q1,100,share,39.0,40.52,0.0389743589743589,100.0,3900.0,1.0,152.0000000000003,0.038974358974359,19,False,2026-02-06,1,10684104600.0,39.0,40.52,2026Q1,A+H,Large,27395200,27395200,27395200,27395200,161061400,21268,0,0,5.88,5.879183214577736,1.0,0.1700916544870465,5.879183214577736,0.8299083455129534,0.0,0.0,-0.0008167854222635,0.0066292132005207,0.0323451457738381,Low,39.0,26559.949,26834.77,26847.32,-0.0102412,-0.0120992,-0.0107039,0.0502158,0.0516991,2026-02-03,2026-02-04,RECORDED_PRICING_DATE_PROXY,2026-02-04,2026-02-03,PRICING_DATE_PROXY; RAW_LISTING_PRICES_MATCH,https://web.ifzq.gtimg.cn/appstock/app/hkfqkline/get,0.03897435897435897,0.0,0.03897435897435897,-0.010241228078347597,0.049724830381803864,-0.010703898936653578,0.05021576235630132,-0.012099241070565148,0.05169912016291134,0.03897435897435897,0.0,0.0382340332508362,0.0,0.0382340332508362,0.048528063521013826,-0.010294030270177536
2715.HK,2026Q1,200,share,15.36,12.9,-0.16015625,9.977465226513328,3072.0,0.0498873261325666,-24.544564457222776,-0.0079897670759188,13,False,2026-03-09,1,1486540800.0,15.36,12.9,2026Q1,A+H,Medium,9678000,9678000,9678000,9678000,190369800,27190,0,0,19.67,19.670365778053316,1.0,0.0508378955065351,0.9813019527166228,-0.0009505693739685,0.0,0.0,0.0003657780533146,-0.0081420067022185,0.0001522396262996,Low,15.36,25408.461,25249.481,25321.34,0.00629637,-0.0135429,0.00344062,-0.163036,-0.148626,2026-03-04,2026-03-05,RECORDED_PRICING_DATE_PROXY,2026-03-05,2026-03-04,PRICING_DATE_PROXY; RAW_LISTING_PRICES_MATCH,https://web.ifzq.gtimg.cn/appstock/app/hkfqkline/get,-0.16015625,0.0,-0.16015625,0.006296367042158302,-0.1654111278682424,0.003440615702012595,-0.16303592174964865,-0.013542884889787943,-0.14862619252721565,-0.16015625,-0.0,-0.17453941635189968,0.0,-0.17453941635189968,-0.1808160440890366,0.006276627737136978
2720.HK,2026Q1,500,share,12.25,24.78,1.0228571428571431,5.002927244664431,6125.0,0.0100058544893288,62.68667837564532,0.0102345597347992,9,False,2026-02-10,0,345511250.0,12.25,24.78,2026Q1,Non-A+H,Small,2820500,2820500,2820500,2820500,10306751000,111036,0,0,3654.23,3654.228328310583,1.0,0.0002736555874882,36.56367692385892,0.0097321989018405,0.0,0.0,-0.0016716894169803,0.0002799105723451,0.009954649162454,High,24.02,27183.15,26885.24,26559.949,0.0110808,0.0057716,0.0234639,0.976481,1.01125,2026-02-05,2026-02-06,RECORDED_PRICING_DATE_PROXY,2026-02-06,2026-02-05,PRICING_DATE_PROXY; RAW_LISTING_PRICES_MATCH,https://web.ifzq.gtimg.cn/appstock/app/hkfqkline/get,1.0228571428571431,0.9608163265306122,0.03164029975020832,0.011080801212858704,1.00068791775157,0.023463938127290973,0.9764811123277262,0.0057716016037201445,1.0112490148177407,0.06204081632653091,0.030400516576322607,0.7045109392102605,0.6733608796611015,0.031150059549159063,0.693491080295437,0.011019858914823618
2723.HK,2026Q2,100,share,55.5,203.0,2.6576576576576576,0.9999491378871878,5550.0,0.0099994913788718,147.4924978383602,0.0265752248357405,9,False,2026-05-27,0,503274000.0,55.5,203.0,2026Q2,Non-A+H,Small,906800,906800,906800,906800,4969471300,232456,0,0,5480.23,5480.22860608734,1.0,0.0001824741396534,54.799498700816976,0.0098170172392183,0.0,0.0,-0.0013939126592958,0.0004849537945744,0.0260902710411658,High,155.0,25328.231,25386.52,25606.029,-0.00229606,-0.0105947,-0.0108489,2.69777,2.69682,2026-05-21,2026-05-22,RECORDED_PRICING_DATE_PROXY,2026-05-22,2026-05-21,PRICING_DATE_PROXY; RAW_LISTING_PRICES_MATCH,https://web.ifzq.gtimg.cn/appstock/app/hkfqkline/get,2.6576576576576576,1.7927927927927927,0.3096774193548386,-0.0022960610591763464,2.6660751901417545,-0.010848929367376692,2.6977745525952463,-0.010594681158957786,2.6968243327639687,0.8648648648648649,0.555187445510026,1.2968229582893984,1.0270420961668578,0.26978086212254065,1.2991216593385948,-0.002298701049196424
2726.HK,2026Q1,50,share,76.26,103.0,0.3506425386834513,10.001010203050813,3813.000000000001,0.2000202040610162,267.4270128295787,0.0701355921399367,11,False,2026-03-30,0,1638983733.0,76.26,103.0,2026Q1,Non-A+H,Medium,2149250,2149250,2149250,2149250,108882750,45084,0,0,50.66,50.66081191113179,1.0,0.0197391230474983,10.13318593636134,0.1802810810135178,-3.469446951953614e-18,-2.7755575615628914e-17,0.000811911131791,0.0069213762167598,0.0632142159231768,Low,110.0,24750.789,25335.949,25277.32,-0.023096,-0.00805919,-0.0208302,0.379375,0.361616,2026-03-25,2026-03-20,PROSPECTUS_FIXED_PRICE,2026-03-20,2026-03-25,COMPLETE_FIXED_PRICE_ANCHOR; RAW_LISTING_PRICES_MATCH,https://web.ifzq.gtimg.cn/appstock/app/hkfqkline/get,0.3506425386834513,0.4424337791765014,-0.0636363636363636,-0.02309603638687463,0.3825745303438386,-0.020830175034378562,0.3793751648044017,-0.00805919201041394,0.3616160639875914,-0.0917912404930501,-0.028154876856686436,0.30058043380021804,0.3663318113629985,-0.06575137756278042,0.32394736279406466,-0.02336692899384667
2729.HK,2026Q1,200,share,16.66,30.7,0.8427370948379351,10.006027727546716,3332.0,0.0500301386377335,140.48462929475588,0.0421622536899027,9,False,2026-03-24,0,613054680.0,16.66,30.7,2026Q1,Non-A+H,Small,3679800,3679800,3679800,3679800,7923551200,107253,0,0,2153.26,2153.255937822708,1.0,0.000464412976848,107.72769309179291,0.0495657256608854,5.421010862427522e-20,6.938893903907228e-18,-0.0040621772923259,0.0003913780429139,0.0417708756469886,High,32.0,25063.711,25500.58,25277.32,-0.0171317,0.0279397,-0.00845062,0.858442,0.792651,2026-03-19,2026-03-20,RECORDED_PRICING_DATE_PROXY,2026-03-20,2026-03-19,PRICING_DATE_PROXY; RAW_LISTING_PRICES_MATCH,https://web.ifzq.gtimg.cn/appstock/app/hkfqkline/get,0.8427370948379351,0.9207683073229291,-0.04062500000000002,-0.017131727984226353,0.8748566286086827,-0.008450618973846913,0.8584420807472937,0.027939744089103824,0.792650887791924,-0.078031212484994,-0.03740621248499402,0.6112520178544548,0.6527252660610299,-0.0414732482065751,0.6285321917567609,-0.01728017390230605
2768.HK,2026Q1,200,share,36.0,40.16,0.1155555555555554,3.9991349624873154,7200.0,0.0199956748124365,16.636401443947218,0.0023106113116593,12,False,2026-02-04,1,1080000000.0,36.0,40.16,2026Q1,A+H,Medium,3000000,3000000,3000000,3000000,6755553800,171047,0,0,2251.85,2251.8512666666666,1.0,0.0004440790627705,45.0272856542399,0.0195515957496659,0.0,0.0,0.0012666666666518,5.1315802809040795e-05,0.0022592955088502,High,45.0,26847.32,27387.109,26775.57,-0.0197096,0.000467677,0.00267968,0.112574,0.115034,2026-01-30,2026-02-02,RECORDED_PRICING_DATE_PROXY,2026-02-02,2026-01-30,PRICING_DATE_PROXY; RAW_LISTING_PRICES_MATCH,https://web.ifzq.gtimg.cn/appstock/app/hkfqkline/get,0.11555555555555541,0.25,-0.10755555555555563,-0.019709601331049598,0.13798478192816077,0.002679681515650234,0.1125742110075294,0.0004676768237625861,0.11503407995865333,-0.1344444444444446,-0.026888888888888907,0.10935253692736363,0.22314355131420976,-0.11379101438684608,0.12925896296811715,-0.019906426040753603
2797.HK,2026Q3,500,share,8.0,21.0,1.625,0.4485427575991488,4000.0,0.0008970855151982,5.831055848788934,0.0014577639621972,8,False,2026-07-09,0,200000000.0,8.0,21.0,2026Q3,Non-A+H,Small,2500000,2500000,2500000,2500000,4220214000,95307,0,0,1688.1,1688.0856,1.0,0.0005923870211321,1.5143571401746625,0.000304698494066,1.0842021724855044e-19,1.0842021724855044e-19,-0.0143999999997959,0.0009626289093396,0.0004951350528574,Middle,16.0,24030.18,23616.32,23496.891,0.0175243,-0.00699524,0.0226962,1.56674,1.64349,2026-07-06,2026-07-07,RECORDED_PRICING_DATE_PROXY,2026-07-07,2026-07-06,PRICING_DATE_PROXY; RAW_LISTING_PRICES_MATCH,https://web.ifzq.gtimg.cn/appstock/app/hkfqkline/get,1.625,1.0,0.3125,0.017524322163656292,1.5797909129269945,0.022696151588735836,1.5667447715747445,-0.006995238447666252,1.6434918558662481,0.625,0.3125,0.965080896043587,0.6931471805599453,0.27193371548364176,0.9477083541483212,0.01737254189526587
3200.HK,2026Q1,100,share,95.8,110.0,0.1482254697286011,10.00015990022226,9580.0,0.1000015990022226,142.00227058315613,0.0148227839857156,15,False,2026-02-06,1,4833282440.0,95.8,110.0,2026Q1,A+H,Large,5045200,5045200,5045200,5045200,2252124400,159985,0,0,446.39,446.38951875049554,1.0,0.0022401959678603,44.63966565288218,0.0977614030343622,0.0,0.0,-0.0004812495044461,0.0003320540996202,0.0144907298860954,Middle,106.0,26559.949,26834.77,26847.32,-0.0102412,-0.0120992,-0.0107039,0.160649,0.162288,2026-02-03,2026-02-04,RECORDED_PRICING_DATE_PROXY,2026-02-04,2026-02-03,PRICING_DATE_PROXY; RAW_LISTING_PRICES_MATCH,https://web.ifzq.gtimg.cn/appstock/app/hkfqkline/get,0.14822546972860118,0.10647181628392488,0.037735849056603765,-0.010241228078347597,0.16010638380024655,-0.010703898936653578,0.16064893866904884,-0.012099241070565148,0.16228827577064164,0.0417536534446763,0.004017804388072636,0.1382176808156013,0.10117640913525232,0.037041271680349076,0.14851171108577885,-0.010294030270177536
3223.HK,2026Q3,100,share,100.0,100.0,0.0,0.2653260717776847,10000.0,0.0026532607177768,0.0,0.0,14,False,2026-08-25,1,3128730000.0,100.0,100.0,2026Q3,A+H,Large,3128800,3128800,3128800,3128800,2901565000,141851,0,0,927.37,927.3731142930196,1.0,0.0010783146336545,2.4605626548760036,0.0015749460841222,2.1684043449710093e-19,4.336808689942019e-19,0.0031142930197347,0.0,0.0,Middle,100.0,25511.1,25698.49,,-0.00729187,-0.000244148,,,0.000244207,2026-08-20,,,,2026-08-20,MISSING_PRICING_ANCHOR; RAW_LISTING_PRICES_MATCH,https://web.ifzq.gtimg.cn/appstock/app/hkfqkline/get,0.0,0.0,0.0,-0.007291868121434453,0.007345430028497413,,,-0.0002441478007300102,0.00024420742343544966,0.0,0.0,0.0,0.0,0.0,0.007318583742198838,-0.007318583742198906
3228.HK,2026Q3,100,share,69.88,77.05,0.1026044647967945,3.003274732850741,6988.0,0.0300327473285074,21.53347983453982,0.0030814939660188,15,False,2026-09-29,1,5097347684.0,69.88,77.05,2026Q3,A+H,Large,7294500,7294500,7294500,7294500,687538100,61273,0,0,94.25,94.25431489478376,1.0,0.0106095938537806,2.8307160238566116,0.0194231534747267,1.734723475976807e-18,3.469446951953614e-18,0.0043148947837465,0.0010885916990785,0.0019929022669403,Low,65.0,24523.57,24761.131,,-0.00959411,-0.00482662,,,0.107952,2026-09-24,,,,2026-09-24,MISSING_PRICING_ANCHOR; RAW_LISTING_PRICES_MATCH,https://web.ifzq.gtimg.cn/appstock/app/hkfqkline/get,0.10260446479679453,-0.06983400114481964,0.18538461538461526,-0.009594109412853657,0.11328544718482347,,,-0.004826618717005626,0.1079521272718309,0.17243846594161416,-0.01294614944300117,0.09767507650026896,-0.07239221537021864,0.17006729187048755,0.1073155058848402,-0.009640429384571214
3231.HK,2026Q3,200,share,14.45,36.68,1.5384083044982702,48.992248062015506,2890.0,0.2449612403100775,1089.0976744186048,0.3768504063732196,18,False,2026-09-09,0,650250000.0,14.45,36.68,2026Q3,Non-A+H,Small,2250000,2250000,2781800,2781800,315045600,27933,0,0,140.02,140.02026666666666,1.2363555555555557,0.0088298328876835,27.742454860246077,0.2361314074223939,0.0,-2.7755575615628914e-17,0.000266666666647,0.0135838882417443,0.3632665181314752,Low,35.0,25274.961,25650.869,,-0.0146548,-0.0016676,,,1.54265,2026-09-04,,,,2026-09-04,MISSING_PRICING_ANCHOR; RAW_LISTING_PRICES_MATCH,https://web.ifzq.gtimg.cn/appstock/app/hkfqkline/get,1.5384083044982702,1.4221453287197234,0.04800000000000004,-0.014654786159486455,1.5761613989116436,,,-0.0016676027898842039,1.542648432117364,0.11626297577854672,0.06826297577854679,0.931537232829823,0.8846536469309726,0.04688358589885046,0.9463004611363781,-0.014763228306555147
3268.HK,2026Q1,100,share,28.86,29.3,0.0152460152460152,4.998321302669129,2886.0,0.0499832130266912,2.199261373174423,0.0007620448278497,14,False,2026-03-10,1,1161615000.0,28.86,29.3,2026Q1,A+H,Medium,3500000,3500000,3500000,3500000,609436500,57965,0,0,174.12,174.12471428571428,1.0,0.0057430101413354,8.703312687354599,0.0442402028853557,0.0,-6.938893903907228e-18,0.0047142857142716,8.755802017282063e-05,0.0006744868076769,Low,29.04,25959.9,25321.34,25757.289,0.0252183,0.021703,0.00786616,0.00732226,-0.00631979,2026-03-05,2026-03-06,RECORDED_PRICING_DATE_PROXY,2026-03-06,2026-03-05,PRICING_DATE_PROXY; RAW_LISTING_PRICES_MATCH,https://web.ifzq.gtimg.cn/appstock/app/hkfqkline/get,0.01524601524601521,0.006237006237006293,0.008953168044077087,0.02521825464213201,-0.00972694287383491,0.007866161691162388,0.0073222555090743935,0.02170296736980659,-0.006319793844206667,0.009009009009008917,5.5840964931874225e-05,0.015130962677296774,0.006217636610870582,0.008913326066426233,-0.009774558604588174,0.024905521281884994
3277.HK,2026Q2,100,share,39.88,70.0,0.7552657973921764,1.00078431372549,3988.000000000001,0.0100078431372549,30.14362352941176,0.0075585816272346,26,False,2026-04-17,0,2603932696.0,39.88,70.0,2026Q2,Non-A+H,Large,6529500,6529500,6529500,6529500,7431943800,266501,0,0,1138.21,1138.2102458074892,1.0,0.0008785723056732,11.391029597257694,0.0091292708315816,1.0842021724855044e-19,0.0,0.0002458074891364,0.0006635556130109,0.0068950260142236,Middle,72.0,26160.33,25872.32,25752.4,0.011132,-0.00886291,0.0158405,0.727895,0.770962,2026-04-14,2026-04-09,PROSPECTUS_FIXED_PRICE,2026-04-09,2026-04-14,COMPLETE_FIXED_PRICE_ANCHOR; RAW_LISTING_PRICES_MATCH,https://web.ifzq.gtimg.cn/appstock/app/hkfqkline/get,0.7552657973921764,0.8054162487462386,-0.02777777777777779,0.01113197424892709,0.7359413430635451,0.015840465354685307,0.7278951343795084,-0.008862911860381684,0.7709616746224692,-0.050150451354062264,-0.022372673576284415,0.5626202969557214,0.5907911739224176,-0.028170876966696335,0.5515498271094466,0.011070469846274808
3296.HK,2026Q2,100,share,77.7,88.0,0.1325611325611324,12.000354123323447,7770.0,0.1200035412332344,123.60364747023146,0.0159078053372241,17,False,2026-04-23,1,4549195140.0,77.7,88.0,2026Q2,A+H,Large,5854900,5854900,5854900,5854900,3110912600,140150,0,0,531.33,531.3348818937984,1.0,0.0018820522312327,63.76206740799815,0.1181214890020016,2.1684043449710093e-19,2.7755575615628914e-17,0.0048818937983696,0.0002494869753114,0.0156583183619126,Middle,87.55,25915.199,26361.07,26487.481,-0.016914,-0.00948052,-0.0216058,0.157571,0.143401,2026-04-20,2026-04-21,RECORDED_PRICING_DATE_PROXY,2026-04-21,2026-04-20,PRICING_DATE_PROXY; RAW_LISTING_PRICES_MATCH,https://web.ifzq.gtimg.cn/appstock/app/hkfqkline/get,0.13256113256113244,0.12676962676962678,0.0051399200456883065,-0.01691399476576627,0.1520468468995082,-0.021605754054151105,0.15757133410596147,-0.00948051541017092,0.14340116492521338,0.005791505791505669,0.0006515857458176296,0.12448155710460461,0.1193548013582591,0.005126755746345742,0.14154022715825051,-0.01705867005364596
3308.HK,2026Q3,50,share,980.0,960.0,-0.0204081632653061,34.99915297306455,49000.0,0.6999830594612909,-699.983059461291,-0.0142853685604345,15,False,2026-07-30,1,53410000000.0,980.0,960.0,2026Q3,A+H,Large,5450000,5450000,5450000,5450000,91799450,62731,0,0,16.84,16.843935779816515,1.0,0.0593685474150444,11.790469700525469,0.6406145120462465,6.938893903907228e-18,0.0,0.0039357798165156,-0.0012116030084702,-0.0130737655519642,Low,971.0,25858.881,25207.18,25310.85,0.0258538,0.00197463,0.021652,-0.0411688,-0.0223387,2026-07-27,2026-07-28,RECORDED_PRICING_DATE_PROXY,2026-07-28,2026-07-27,PRICING_DATE_PROXY; RAW_LISTING_PRICES_MATCH,https://web.ifzq.gtimg.cn/appstock/app/hkfqkline/get,-0.020408163265306145,-0.009183673469387754,-0.011328527291452062,0.025853784516951084,-0.04509604436858494,0.021652018798262507,-0.04116879455006872,0.0019746263937583386,-0.022338679113684923,-0.011224489795918391,0.00010403749553374341,-0.020619287202735703,-0.009226103373292691,-0.011393183829442939,-0.046144513578370974,0.0255252263756353
3310.HK,2026Q2,200,share,20.81,39.9,0.9173474291206152,5.9988387372795895,4162.0,0.0299941936863979,114.51783149466736,0.0275150964667629,15,False,2026-05-27,0,1099999952.0,20.81,39.9,2026Q2,Non-A+H,Medium,5286000,5286000,5286000,5286000,18816492800,242444,0,0,3559.68,3559.6846008323873,1.0,0.0002809237649218,106.76986937985464,0.029713269921476,0.0,-3.469446951953614e-18,0.0046008323874957,0.0002577046935299,0.027257391773233,High,25.48,25328.231,25386.52,25675.18,-0.00229606,-0.0105947,-0.013513,0.943611,0.937879,2026-05-21,2026-05-18,PROSPECTUS_FIXED_PRICE,2026-05-18,2026-05-21,COMPLETE_FIXED_PRICE_ANCHOR; RAW_LISTING_PRICES_MATCH,https://web.ifzq.gtimg.cn/appstock/app/hkfqkline/get,0.9173474291206152,0.22441134070158597,0.5659340659340659,-0.0022960610591763464,0.9217599072086433,-0.013513011398556873,0.9436114731111318,-0.010594681158957786,0.9378786353872999,0.6929360884190292,0.12700202248496348,0.6509426834902747,0.2024601902984197,0.4484824931918552,0.6532413845394712,-0.002298701049196424
3355.HK,2026Q1,100,share,41.6,47.2,0.1346153846153845,1.0005849573596872,4160.0,0.0100058495735968,5.60327576121425,0.0013469412887534,15,False,2026-03-23,0,1664000000.0,41.6,47.2,2026Q1,Non-A+H,Medium,4000000,4000000,4000000,4000000,6318827400,196756,0,0,1579.71,1579.70685,1.0,0.0006330288432945,15.806309111480443,0.0093728207303022,0.0,0.0,-0.003150000000005,8.521542121272975e-05,0.0012617258675406,Middle,56.0,24382.471,26025.42,25500.58,-0.0631286,-0.0354013,-0.0438464,0.186646,0.176256,2026-03-18,2026-03-19,RECORDED_PRICING_DATE_PROXY,2026-03-19,2026-03-18,PRICING_DATE_PROXY; RAW_LISTING_PRICES_MATCH,https://web.ifzq.gtimg.cn/appstock/app/hkfqkline/get,0.13461538461538458,0.34615384615384603,-0.15714285714285714,-0.06312862578202372,0.21106847304676046,-0.04384641447371007,0.1866455366486599,-0.0354012608931642,0.1762563422651522,-0.21153846153846145,-0.054395604395604376,0.12629372532429206,0.29725152346793154,-0.17095779814363954,0.19150300553793503,-0.0652092802136429
3388.HK,2026Q2,150,share,18.8,22.8,0.2127659574468086,4.502025132412504,2820.0,0.03001350088275,18.008100529650015,0.0063858512516489,14,False,2026-05-29,0,1380437940.0,18.8,22.8,2026Q2,Non-A+H,Medium,7342800,7342800,7342800,7342800,28118695650,251375,0,0,3829.42,3829.424150187939,1.0,0.0002611358681568,114.93442511208988,0.0297523650145931,0.0,0.0,0.0041501879391034,5.5560823012088266e-05,0.0063302904286368,High,33.88,25182.391,25599.449,25651.119,-0.0162917,0.0070475,-0.0182732,0.23534,0.204279,2026-05-26,2026-05-20,PROSPECTUS_FIXED_PRICE,2026-05-20,2026-05-26,COMPLETE_FIXED_PRICE_ANCHOR; RAW_LISTING_PRICES_MATCH,https://web.ifzq.gtimg.cn/appstock/app/hkfqkline/get,0.2127659574468086,0.8021276595744682,-0.32703659976387256,-0.01629167877793003,0.23285117273398503,-0.018273198919704026,0.2353395630151649,0.007047503495138718,0.20427879840592134,-0.5893617021276596,-0.2623251023637872,0.19290366612449164,0.5889679999479501,-0.3960643338234587,0.20932951351820503,-0.016425847393713375
3625.HK,2026Q1,100,share,40.0,80.0,1.0,4.999919770221915,4000.0,0.0499991977022191,199.9967908088766,0.0499991977022191,14,False,2026-03-31,0,480000000.0,40.0,80.0,2026Q1,Non-A+H,Small,600000,600000,2400000,2400000,1871057300,118537,0,0,3118.43,3118.4288333333334,4.0,0.0012826972215121,38.97973493953344,0.0487165004807069,0.0,0.0,-0.0011666666664496,0.0012826972215121,0.0487165004807069,High,85.05,24788.141,24856.43,24951.881,-0.00274734,0.00150912,-0.00656223,1.01321,0.996986,2026-03-26,2026-03-27,RECORDED_PRICING_DATE_PROXY,2026-03-27,2026-03-26,PRICING_DATE_PROXY; RAW_LISTING_PRICES_MATCH,https://web.ifzq.gtimg.cn/appstock/app/hkfqkline/get,1.0,1.1262499999999998,-0.05937683715461495,-0.00274733740927402,1.005509812131535,-0.006562230719199147,1.0132111560927464,0.0015091236081403725,0.9969863008282871,-0.12624999999999975,-0.06687316284538507,0.6931471805599453,0.7543598647279344,-0.061212684167989174,0.6958982988270886,-0.0027511182671434656
3636.HK,2026Q1,200,share,30.0,37.8,0.26,14.001222369359276,6000.0,0.0700061118467963,109.20953448100232,0.018201589080167,14,False,2026-01-09,0,1102968000.0,30.0,37.8,2026Q1,Non-A+H,Medium,3676600,3676600,3676600,3676600,527434000,64456,0,0,143.46,143.45699831365937,1.0,0.0069707299870694,10.042866669151705,0.0630353818597268,8.673617379884035e-19,0.0,-0.0030016863406387,0.001812389796638,0.0163891992835289,Low,38.0,26231.789,26710.449,25630.539,-0.0179203,0.00315412,0.0234583,0.23112,0.256038,2026-01-06,2025-12-31,PROSPECTUS_FIXED_PRICE,2025-12-31,2026-01-06,COMPLETE_FIXED_PRICE_ANCHOR; RAW_LISTING_PRICES_MATCH,https://web.ifzq.gtimg.cn/appstock/app/hkfqkline/get,0.26,0.2666666666666666,-0.0052631578947369695,-0.017920327733914165,0.28299163049840015,0.023458343970058637,0.23111996440654492,0.003154117521490196,0.25603830756644186,-0.006666666666666599,-0.0014035087719298583,0.23111172096338664,0.23638877806423034,-0.005277057100843893,0.24919456222827824,-0.018082841264891687
3661.HK,2026Q2,100,share,85.2,125.3,0.470657276995305,10.0,8520.0,0.1,400.99999999999994,0.0470657276995305,18,False,2026-06-26,1,4600902240.0,85.2,125.3,2026Q2,A+H,Large,5400200,5400200,5400200,5400200,1359388100,153878,0,0,251.73,251.72921373282472,1.0,0.0039725226372071,25.17292137328247,0.0960274773627928,0.0,1.3877787807814457e-17,-0.0007862671752718,0.0018696966872301,0.0451960310123003,Low,105.1,22671.859,23336.279,,-0.0284715,-0.0175522,,,0.496932,2026-06-23,,,,2026-06-23,MISSING_PRICING_ANCHOR; RAW_LISTING_PRICES_MATCH,https://web.ifzq.gtimg.cn/appstock/app/hkfqkline/get,0.470657276995305,0.23356807511737077,0.1921979067554711,-0.028471548527509438,0.513756261863781,,,-0.017552219946257996,0.4969317523572163,0.23708920187793425,0.044891295122463294,0.38570942806675246,0.2099108440476353,0.17579858401911727,0.4145941525331117,-0.028884724466359233
3752.HK,2026Q3,100,share,38.0,43.78,0.1521052631578947,10.002562295817052,3800.0,0.1000256229581705,57.81481006982257,0.0152144237025848,14,False,2026-07-09,0,875212200.0,38.0,43.78,2026Q3,Non-A+H,Small,2303200,2303200,2303200,2303200,360637200,63360,0,0,156.58,156.58093087877737,1.0,0.0063864737192946,15.66210515451994,0.0936391492388758,8.673617379884035e-19,1.3877787807814457e-17,0.0009308787773534,0.0009714162657242,0.0142430074368605,Low,38.02,24030.18,23616.32,22881.02,0.0175243,-0.00699524,0.0502233,0.0970098,0.160221,2026-07-06,2026-06-30,PROSPECTUS_FIXED_PRICE,2026-06-30,2026-07-06,COMPLETE_FIXED_PRICE_ANCHOR; RAW_LISTING_PRICES_MATCH,https://web.ifzq.gtimg.cn/appstock/app/hkfqkline/get,0.15210526315789474,0.000526315789473708,0.15149921094160956,0.017524322163656292,0.1322631194781334,0.05022328550038413,0.09700982549531689,-0.006995238447666252,0.1602212877175373,0.15157894736842104,7.973642681137706e-05,0.14159093236833112,0.0005261773338973572,0.14106475503443366,0.12421839047306518,0.01737254189526587
3757.HK,2026Q3,50,share,436.0,414.4,-0.0495412844036697,17.501720578114245,21800.0,0.3500344115622849,-378.0371644872681,-0.0173411543342783,17,False,2026-09-29,1,5177936000.0,436.0,414.4,2026Q3,A+H,Large,1187600,1187600,1187600,1187600,10276700,13075,0,0,8.65,8.653334456045807,1.0,0.1155623887045452,3.0289648343736384,0.2344720228577396,0.0,0.0,0.0033344560458061,-0.0057251091651793,-0.011616045169099,Low,419.6,24523.57,24761.131,,-0.00959411,-0.00482662,,,-0.0449315,2026-09-24,,,,2026-09-24,MISSING_PRICING_ANCHOR; RAW_LISTING_PRICES_MATCH,https://web.ifzq.gtimg.cn/appstock/app/hkfqkline/get,-0.04954128440366978,-0.03761467889908254,-0.012392755004766554,-0.009594109412853657,-0.040334145192870485,,,-0.004826618717005626,-0.044931533065140083,-0.01192660550458724,0.00046614950017929204,-0.050810552403761075,-0.03834036682689218,-0.012470185576868917,-0.0411701230191899,-0.009640429384571214
3952.HK,2026Q2,100,share,85.5,73.0,-0.1461988304093567,5.001107489795273,8550.0,0.0500110748979527,-62.51384362244091,-0.0073115606575954,14,False,2026-06-30,0,1149282450.0,85.5,73.0,2026Q2,Non-A+H,Medium,672100,672100,2688400,2688400,3072837300,182737,0,0,4571.99,4571.99419729207,4.0,0.0008748917490685,57.16258605844471,0.0491361831488841,0.0,0.0,0.0041972920698754,-0.0001279081504486,-0.0071836525071468,High,88.2,22881.02,23076.91,22671.859,-0.00848857,-0.00632571,0.00922558,-0.154004,-0.140764,2026-06-25,2026-06-26,RECORDED_PRICING_DATE_PROXY,2026-06-26,2026-06-25,PRICING_DATE_PROXY; RAW_LISTING_PRICES_MATCH,https://web.ifzq.gtimg.cn/appstock/app/hkfqkline/get,-0.14619883040935677,0.03157894736842115,-0.17233560090702948,-0.00848857147685711,-0.13888923008947984,0.009225577840793697,-0.1540036357210408,-0.006325705659695591,-0.14076355355707604,-0.17777777777777792,-0.005442176870748316,-0.15805693479432345,0.03109058707003118,-0.1891475218643545,-0.1495321302039866,-0.008524804590336844
3986.HK,2026Q1,100,share,162.0,222.8,0.3753086419753086,2.00172633482675,16200.0,0.0200172633482675,121.70496115746644,0.0075126519233003,17,False,2026-01-13,1,4684359600.0,162.0,222.8,2026Q1,A+H,Large,2891600,2891600,2891600,2891600,1567888600,148419,0,0,542.22,542.2218149121594,1.0,0.0018442636804681,10.853796862272253,0.0181729996677993,2.1684043449710093e-19,0.0,0.0018149121593751,0.0006921680973608,0.0068204838259395,Middle,235.0,26848.471,26149.311,26231.789,0.0267372,0.0090193,0.023509,0.343719,0.363015,2026-01-08,2026-01-09,RECORDED_PRICING_DATE_PROXY,2026-01-09,2026-01-08,PRICING_DATE_PROXY; RAW_LISTING_PRICES_MATCH,https://web.ifzq.gtimg.cn/appstock/app/hkfqkline/get,0.37530864197530867,0.4506172839506173,-0.051914893617021174,0.02673722454866967,0.3394942825608209,0.023508957013949727,0.34371920494738206,0.009019304784816606,0.3630151925275671,-0.07530864197530862,-0.02339374835828732,0.3186781728207449,0.3719891789117749,-0.05331100609102989,0.2922921416550974,0.02638603116564756
6067.HK,2026Q2,500,share,8.98,11.0,0.2249443207126948,0.4876248715042568,4490.0,0.0009752497430085,0.9850022404385984,0.0002193768909662,16,False,2026-06-23,1,1342721030.0,8.98,11.0,2026Q2,A+H,Medium,14952500,14952500,14952500,14952500,23373135000,209580,0,0,1563.16,1563.1590035111185,1.0,0.0006397301859592,1.5244704164556413,0.0003355195570492,0.0,0.0,-0.0009964888815829,0.00014390367212,7.547321884627408e-05,Middle,12.43,23336.279,24312.16,23924.811,-0.0401396,-0.0181854,-0.0245992,0.255837,0.247633,2026-06-17,2026-06-18,RECORDED_PRICING_DATE_PROXY,2026-06-18,2026-06-17,PRICING_DATE_PROXY; RAW_LISTING_PRICES_MATCH,https://web.ifzq.gtimg.cn/appstock/app/hkfqkline/get,0.22494432071269488,0.38418708240534505,-0.11504424778761058,-0.04013962560299045,0.27616927772668265,-0.024599232988716357,0.25583694635184195,-0.01818544023775992,0.24763307748189445,-0.15924276169265017,-0.04419851390503968,0.2028953904842623,0.3251130232085114,-0.12221763272424915,0.24386283891887356,-0.04096744843461124
6082.HK,2026Q1,200,share,19.6,34.46,0.7581632653061223,10.000228812008054,3920.000000000001,0.0500011440600402,148.60340014643967,0.0379090306496019,29,False,2026-01-02,0,5582993360.0,19.6,34.46,2026Q1,Non-A+H,Large,12384800,12384800,49538600,49538600,29073659800,471116,0,0,2347.53,2347.5275983463603,3.9999515535172145,0.0017038996927383,29.34512182444396,0.0482972443673018,2.1684043449710093e-19,6.938893903907228e-18,-0.0024016536399358,0.0012918341548006,0.0366171964948012,High,35.7,26338.471,25635.231,25854.6,0.0274326,0.0276206,0.0187151,0.725864,0.710907,2025-12-29,2025-12-30,RECORDED_PRICING_DATE_PROXY,2025-12-30,2025-12-29,PRICING_DATE_PROXY; RAW_LISTING_PRICES_MATCH,https://web.ifzq.gtimg.cn/appstock/app/hkfqkline/get,0.7581632653061223,0.8214285714285714,-0.03473389355742307,0.027432559511556542,0.7112201175928827,0.01871508358280538,0.7258635840775902,0.02762064426347033,0.7109069140648259,-0.06326530612244907,-0.02853141256502609,0.564269664863312,0.5996211225491218,-0.03535145768580993,0.5372066351410308,0.02706302972228104
6106.HK,2026Q2,50,share,101.6,106.0,0.0433070866141733,2.499787433041408,5080.0,0.0499957486608281,10.99906470538221,0.0021651702175949,16,False,2026-06-24,0,1066525680.0,101.6,106.0,2026Q2,Non-A+H,Medium,524900,524900,2099500,2099500,3115049350,222966,0,0,5934.56,5934.557725281006,3.999809487521433,0.0006739861119696,74.17919712725694,0.0493217625488584,1.0842021724855044e-19,0.0,-0.0022747189941583,2.9188374927818347e-05,0.0021359818426671,High,101.6,23412.18,23924.811,24842.67,-0.0214268,0.00325249,-0.057582,0.107053,0.0399247,2026-06-18,2026-06-15,PROSPECTUS_FIXED_PRICE,2026-06-15,2026-06-18,COMPLETE_FIXED_PRICE_ANCHOR; RAW_LISTING_PRICES_MATCH,https://web.ifzq.gtimg.cn/appstock/app/hkfqkline/get,0.04330708661417337,0.0,0.04330708661417337,-0.021426752336726973,0.06615124530072514,-0.057581974884342024,0.10705340815837405,0.0032524893964458457,0.03992474241636246,0.04330708661417337,0.0,0.042395558967685765,0.0,0.042395558967685765,0.06405519682462059,-0.021659637856934748
6132.HK,2026Q2,100,share,81.8,35.26,-0.5689486552567238,1.9996825900650688,8180.0,0.0199968259006506,-93.0652277416283,-0.011377167205578,14,False,2026-06-23,0,1112480000.0,81.8,35.26,2026Q2,Non-A+H,Medium,1360000,1360000,1360000,1360000,2730338000,173284,0,0,2007.6,2007.601470588235,1.0,0.0004981068277993,40.14565708524305,0.0194987190728512,0.0,0.0,0.0014705882354064,-0.0002833972098506,-0.0110937699957273,High,81.8,23336.279,24312.16,24718.1,-0.0401396,-0.0181854,-0.0559032,-0.543425,-0.560965,2026-06-17,2026-06-12,PROSPECTUS_FIXED_PRICE,2026-06-12,2026-06-17,COMPLETE_FIXED_PRICE_ANCHOR; RAW_LISTING_PRICES_MATCH,https://web.ifzq.gtimg.cn/appstock/app/hkfqkline/get,-0.5689486552567238,0.0,-0.5689486552567238,-0.04013962560299045,-0.5509228672825821,-0.055903204534329065,-0.5434246289008297,-0.01818544023775992,-0.5609646032875483,-0.5689486552567238,-0.0,-0.8415280666389774,0.0,-0.8415280666389774,-0.800560618204366,-0.04096744843461124
6228.HK,2026Q2,100,HDR,26.6,24.86,-0.0654135338345865,100.0,2660.0,1.0,-174.0000000000002,-0.0654135338345865,15,False,2026-06-26,0,2385184760.0,26.6,24.86,2026Q2,Non-A+H,Medium,8966900,8966900,8966900,8966900,39645800,22329,0,0,4.42,4.421349630307018,1.0,0.2261752821232009,4.421349630307017,0.7738247178767991,2.7755575615628914e-17,2.220446049250313e-16,0.0013496303070184,-0.0147949244697131,-0.0506186093648733,Low,26.6,22671.859,23336.279,23412.18,-0.0284715,-0.0175522,-0.0316212,-0.0348958,-0.0487164,2026-06-23,2026-06-24,RECORDED_PRICING_DATE_PROXY,2026-06-24,2026-06-23,PRICING_DATE_PROXY; RAW_LISTING_PRICES_MATCH,https://web.ifzq.gtimg.cn/appstock/app/hkfqkline/get,-0.06541353383458659,0.0,-0.06541353383458659,-0.028471548527509438,-0.0380246046845939,-0.03162119033767896,-0.034895789911688846,-0.017552219946257996,-0.04871639476421885,-0.06541353383458659,-0.0,-0.06765112970508846,0.0,-0.06765112970508846,-0.03876640523872921,-0.028884724466359233
6636.HK,2026Q1,50,share,40.0,100.0,1.5,5.000482113585961,2000.0,0.1000096422717192,300.02892681515766,0.1500144634075788,12,False,2026-03-30,0,499200000.0,40.0,100.0,2026Q1,Non-A+H,Small,624000,624000,2496000,2496000,2865013350,159089,0,0,4591.37,4591.367548076923,4.0,0.0008712001289627,114.7952565052884,0.0991384421427564,1.0842021724855044e-19,1.3877787807814457e-17,-0.0024519230764781,0.0013068001934441,0.1487076632141346,High,59.95,24750.789,25335.949,25277.32,-0.023096,-0.00805919,-0.0208302,1.55318,1.52031,2026-03-25,2026-03-20,PROSPECTUS_FIXED_PRICE,2026-03-20,2026-03-25,COMPLETE_FIXED_PRICE_ANCHOR; RAW_LISTING_PRICES_MATCH,https://web.ifzq.gtimg.cn/appstock/app/hkfqkline/get,1.5,0.49875,0.6680567139282734,-0.02309603638687463,1.5591051865053673,-0.020830175034378562,1.5531832540772736,-0.00805919201041394,1.5203116757207216,1.00125,0.3331932860717264,0.9162907318741551,0.40463142735958696,0.511659304514568,0.9396576608680016,-0.02336692899384667
6656.HK,2026Q2,100,share,324.2,659.5,1.0342381246144354,2.000876920938091,32420.0,0.0200087692093809,670.8940315905421,0.0206938319429531,19,False,2026-04-16,0,4400658380.0,324.2,659.5,2026Q2,Non-A+H,Large,1357400,1357400,1357400,1357400,1495920500,202730,0,0,1102.05,1102.0484013555326,1.0,0.0009074011620269,22.050632120290025,0.0191013680473539,0.0,0.0,-0.0015986444673217,0.0009384688760877,0.0197553630668654,Middle,581.0,26394.26,25660.85,25893.02,0.0285809,0.0172249,0.0193581,0.995607,0.999792,2026-04-13,2026-04-08,PROSPECTUS_FIXED_PRICE,2026-04-08,2026-04-13,COMPLETE_FIXED_PRICE_ANCHOR; RAW_LISTING_PRICES_MATCH,https://web.ifzq.gtimg.cn/appstock/app/hkfqkline/get,1.0342381246144354,0.7921036397285626,0.1351118760757315,0.02858089268282238,0.9777133126676909,0.019358112726904686,0.9956069405016119,0.017224900297988288,0.9997919083759361,0.24213448488587286,0.10702260881014142,0.7101213628557935,0.5833901475503355,0.12673121530545806,0.6819412847120174,0.02818007814377601
6658.HK,2026Q2,100,share,43.58,128.0,1.937127122533272,1.501826964761256,4358.0,0.0150182696476125,126.78423236514524,0.0290922974679084,10,False,2026-06-15,0,499605478.0,43.58,128.0,2026Q2,Non-A+H,Small,1146500,1146500,1146500,1146500,7551685900,180507,0,0,6586.73,6586.729960750109,1.0,0.0001518204034413,98.92128664655324,0.0148664492441711,0.0,0.0,-3.924989050574368e-05,0.00029409542126,0.0287982020466482,High,95.0,24842.67,24407.961,24961.949,0.0178101,0.00503963,-0.00477843,1.95123,1.9224,2026-06-10,2026-06-05,PROSPECTUS_FIXED_PRICE,2026-06-05,2026-06-10,COMPLETE_FIXED_PRICE_ANCHOR; RAW_LISTING_PRICES_MATCH,https://web.ifzq.gtimg.cn/appstock/app/hkfqkline/get,1.9371271225332722,1.1798990362551631,0.34736842105263155,0.017810131702521215,1.885731858082659,-0.004778432966111801,1.9512293742658215,0.005039626832159527,1.9223993205033785,0.7572280862781091,0.4098596652254777,1.0774319344031433,0.7792785620840671,0.2981533723190763,1.05977854476789,0.0176533896352534
6675.HK,2026Q2,200,share,18.36,41.7,1.2712418300653598,4.001474227346917,3672.0,0.0200073711367345,93.39440846627706,0.0254342070986593,17,False,2026-06-17,0,980552520.0,18.36,41.7,2026Q2,Non-A+H,Medium,5340800,5340800,5340800,5340800,27478241600,237930,0,0,5144.97,5144.967345715998,1.0,0.0001943646932633,102.93727117211978,0.0198130064434711,0.0,0.0,-0.0026542840023466,0.0002470845283641,0.025187122570295,High,31.6,24312.16,24718.1,24565.9,-0.0164228,-0.00742179,-0.010329,1.29495,1.28822,2026-06-12,2026-06-09,PROSPECTUS_FIXED_PRICE,2026-06-09,2026-06-12,COMPLETE_FIXED_PRICE_ANCHOR; RAW_LISTING_PRICES_MATCH,https://web.ifzq.gtimg.cn/appstock/app/hkfqkline/get,1.2712418300653598,0.7211328976034859,0.3196202531645569,-0.016422783304541944,1.3091647422416837,-0.010328951921159124,1.2949462192253849,-0.007421792214885481,1.2882245572704192,0.550108932461874,0.23048867929731665,0.8203267436124115,0.542982735400522,0.27734400821188926,0.8368858757014873,-0.016559132089075678
6715.HK,2026Q2,100,share,75.5,114.0,0.509933774834437,3.001231120319491,7550.0,0.0300123112031949,115.5473981323004,0.015304291143351,16,False,2026-06-30,0,1233133950.0,75.5,114.0,2026Q2,Non-A+H,Medium,1633300,1633300,1633300,1633300,3486789300,179723,0,0,2134.81,2134.812526786261,1.0,0.0004684252071095,64.07065791438812,0.0295438859960853,0.0,0.0,0.0025267862611144,0.0002388658340889,0.015065425309262,High,103.0,22881.02,23076.91,23768.52,-0.00848857,-0.00632571,-0.0373393,0.5685,0.519546,2026-06-25,2026-06-22,PROSPECTUS_FIXED_PRICE,2026-06-22,2026-06-25,COMPLETE_FIXED_PRICE_ANCHOR; RAW_LISTING_PRICES_MATCH,https://web.ifzq.gtimg.cn/appstock/app/hkfqkline/get,0.509933774834437,0.3642384105960266,0.10679611650485432,-0.00848857147685711,0.5228606866221246,-0.0373393042562179,0.5685004919285859,-0.006325705659695591,0.5195459754112637,0.14569536423841045,0.03889924773355622,0.4120657921395164,0.3105963319746568,0.10146946016485965,0.4205905967298532,-0.008524804590336844
6727.HK,2026Q3,100,share,49.0,44.5,-0.0918367346938775,10.007581501137224,4900.0,0.1000758150113722,-45.03411675511751,-0.0091906360724729,10,False,2026-09-21,1,686529200.0,49.0,44.5,2026Q3,A+H,Small,700600,700600,2802200,2802200,51749500,20485,0,0,73.86,73.86454467599201,3.999714530402512,0.0541493154523232,1.8481455245632024,0.0459264995590489,0.0,0.0,0.0045446759920082,-0.00497289631705,-0.0042177397554228,Low,49.0,25042.711,24713.779,,0.0133097,0.0117949,,,-0.102424,2026-09-16,,,,2026-09-16,MISSING_PRICING_ANCHOR; RAW_LISTING_PRICES_MATCH,https://web.ifzq.gtimg.cn/appstock/app/hkfqkline/get,-0.09183673469387754,0.0,-0.09183673469387754,0.01330966016973778,-0.10376531379953724,,,0.011794861082958352,-0.10242352453333814,-0.09183673469387754,-0.0,-0.09633110893843207,0.0,-0.09633110893843207,-0.10955297374096362,0.013221864802531593
6731.HK,2026Q3,100,share,21.6,23.2,0.0740740740740739,60.00260145681582,2160.0,0.6000260145681582,96.00416233090516,0.0444463714494931,15,False,2026-09-29,0,1080000000.0,21.6,23.2,2026Q3,Non-A+H,Medium,2500000,2500000,10000000,10000000,521387700,43933,0,0,208.56,208.55508,4.0,0.0191795855560075,31.28461836758585,0.5808464290121507,0.0,0.0,-0.0049199999999984,0.0014207100411857,0.0430256614083073,Low,22.48,24523.57,24761.131,25042.711,-0.00959411,-0.00482662,-0.0207302,0.0968112,0.0792834,2026-09-24,2026-09-21,PROSPECTUS_FIXED_PRICE,2026-09-21,2026-09-24,COMPLETE_FIXED_PRICE_ANCHOR; RAW_LISTING_PRICES_MATCH,https://web.ifzq.gtimg.cn/appstock/app/hkfqkline/get,0.07407407407407396,0.040740740740740744,0.03202846975088969,-0.009594109412853657,0.084478681197389,-0.020730223656695967,0.09681121588861763,-0.004826618717005626,0.07928336335660369,0.033333333333333215,0.0013048635824436541,0.07145896398214485,0.03993271033537101,0.03152625364677395,0.08109939336671611,-0.009640429384571214
6745.HK,2026Q3,1000,share,3.48,2.83,-0.1867816091954023,50.00472932496768,3480.0,0.0500047293249676,-32.50307406122899,-0.0093399638106979,12,False,2026-07-10,1,1225398480.0,3.48,2.83,2026Q3,A+H,Medium,35213000,35213000,35213000,35213000,8013633000,88855,0,0,227.58,227.57598046176128,1.0,0.0043941368415548,11.379875303854488,0.0456105924834127,0.0,6.938893903907228e-18,-0.0040195382387366,-0.0008207439502904,-0.0085192198604075,Low,2.74,24175.119,23496.891,24199.461,0.0288646,0.00603154,-0.00100589,-0.185963,-0.191657,2026-07-07,2026-07-08,RECORDED_PRICING_DATE_PROXY,2026-07-08,2026-07-07,PRICING_DATE_PROXY; RAW_LISTING_PRICES_MATCH,https://web.ifzq.gtimg.cn/appstock/app/hkfqkline/get,-0.18678160919540232,-0.21264367816091945,0.03284671532846706,0.028864584680585947,-0.20959628418246723,-0.0010058901725125136,-0.185962777152881,0.006031540338024888,-0.19165716163197266,0.025862068965517127,-0.006984646362949889,-0.20675558213123674,-0.239074373386404,0.03231879125516731,-0.23521143137337977,0.028455849242143103
6802.HK,2026Q3,100,share,58.85,215.2,2.656754460492778,2.001400805463142,5885.0,0.0200140080546314,312.91901593416213,0.0531723051714803,16,False,2026-09-30,0,682000880.0,58.85,215.2,2026Q3,Non-A+H,Small,1158900,1158900,1158900,1158900,4110508700,157315,0,0,3546.91,3546.9054275606177,1.0,0.0002819359073488,70.98779379621404,0.0197320721472825,0.0,0.0,-0.0045724393821728,0.0007490344794222,0.0524232706920581,High,168.0,24613.27,24510.09,25087.75,0.00420969,0.00365771,-0.0189128,2.72725,2.64343,2026-09-25,2026-09-22,PROSPECTUS_FIXED_PRICE,2026-09-22,2026-09-25,COMPLETE_FIXED_PRICE_ANCHOR; RAW_LISTING_PRICES_MATCH,https://web.ifzq.gtimg.cn/appstock/app/hkfqkline/get,2.656754460492778,1.854715378079864,0.28095238095238084,0.004209694864441449,2.6414251716484416,-0.01891281601578454,2.727247201051615,0.0036577056276880793,2.6434278738545047,0.802039082412914,0.521086701460533,1.2965759945813435,1.0489721456969732,0.24760384888437034,1.2923751356931652,0.004200858888178394
6809.HK,2026Q1,100,share,106.89,175.0,0.6371971185330714,4.999520710626379,10689.0,0.0499952071062637,340.51735560076264,0.0318568019085754,17,False,2026-02-09,1,7042982100.0,106.89,175.0,2026Q1,A+H,Large,6589000,6589000,6589000,6589000,4660409500,260646,0,0,707.3,707.3014873273638,1.0,0.0014138242572889,35.3616843454999,0.0485813828489747,0.0,0.0,0.0014873273638613,0.0009008847428566,0.0309559171657186,Middle,168.0,27027.16,26847.32,26885.24,0.00669862,0.0175908,0.00527873,0.6286,0.608895,2026-02-04,2026-02-05,RECORDED_PRICING_DATE_PROXY,2026-02-05,2026-02-04,PRICING_DATE_PROXY; RAW_LISTING_PRICES_MATCH,https://web.ifzq.gtimg.cn/appstock/app/hkfqkline/get,0.6371971185330714,0.5717092337917484,0.04166666666666674,0.006698620197472138,0.6263031315289991,0.005278732866063285,0.6286001732727402,0.017590809379942618,0.6088953471687493,0.06548788474132294,0.023821218074656227,0.4929857056376597,0.4521637111174045,0.0408219945202552,0.4863094215047365,0.0066762841329232395
6810.HK,2026Q2,100,share,24.86,84.8,2.411102172164119,5.000194711632073,2486.0,0.0500019471163207,299.71167101522644,0.1205598033045963,14,False,2026-04-29,0,1059702248.0,24.86,84.8,2026Q2,Non-A+H,Medium,4262700,4262700,4262700,4262700,8538879300,204939,0,0,2003.16,2003.162150749525,1.0,0.0004992107102392,100.162007927193,0.0495027364060814,0.0,0.0,0.0021507495248442,0.0012036480278253,0.1193561552767708,Middle,97.5,26111.84,25978.07,26487.481,0.00514934,0.016825,-0.0141818,2.46017,2.35466,2026-04-24,2026-04-21,PROSPECTUS_FIXED_PRICE,2026-04-21,2026-04-24,COMPLETE_FIXED_PRICE_ANCHOR; RAW_LISTING_PRICES_MATCH,https://web.ifzq.gtimg.cn/appstock/app/hkfqkline/get,2.411102172164119,2.921962992759453,-0.13025641025641033,0.005149343272999207,2.393627220664324,-0.014181831786873156,2.460173774588686,0.01682495009010787,2.354660182032156,-0.510860820595334,-0.38060441033892384,1.2270354567152923,1.3665922919212365,-0.1395568352059442,1.2218993259725388,0.0051361307427533875
6871.HK,2026Q2,100,share,30.5,53.75,0.7622950819672132,3.00130308677437,3050.0,0.0300130308677437,69.7802967675041,0.0228787858254111,13,False,2026-05-18,0,750300000.0,30.5,53.75,2026Q2,Non-A+H,Small,1230000,1230000,4920000,4920000,18272139700,330334,0,0,14855.4,14855.3981300813,4.0,0.0002692623896696,111.46388065768802,0.029743768478074,5.421010862427522e-20,3.469446951953614e-18,-0.0018699186985031,0.0002052573954039,0.0226735284300072,High,54.65,25675.18,26388.44,26393.711,-0.0270293,-0.0110755,-0.0272236,0.811614,0.782032,2026-05-13,2026-05-08,PROSPECTUS_FIXED_PRICE,2026-05-08,2026-05-13,COMPLETE_FIXED_PRICE_ANCHOR; RAW_LISTING_PRICES_MATCH,https://web.ifzq.gtimg.cn/appstock/app/hkfqkline/get,0.7622950819672132,0.7918032786885245,-0.016468435498627643,-0.02702925978193471,0.81125187955009,-0.027223568523577435,0.8116136708745152,-0.011075529766109704,0.7820320307681468,-0.02950819672131133,-0.013039761222683853,0.5666169833944062,0.5832225310091815,-0.0166055476147754,0.594018252361031,-0.027401268966624787
6872.HK,2026Q2,50,share,75.7,211.0,1.787318361955086,0.4001667361400584,3785.0,0.0080033347228011,54.142559399749906,0.0143045071069352,14,False,2026-05-22,0,670399200.0,75.7,211.0,2026Q2,Non-A+H,Small,828100,828100,828100,828100,7465408500,275978,0,0,9015.11,9015.10505977539,1.0,0.0001109249413478,72.15090335460026,0.0078924097814532,0.0,0.0,-0.0049402246113459,0.0001982581844697,0.0141062489224653,High,150.0,25606.029,25797.85,26389.039,-0.00743554,0.00864668,-0.0296718,1.87255,1.76342,2026-05-19,2026-05-14,PROSPECTUS_FIXED_PRICE,2026-05-14,2026-05-19,COMPLETE_FIXED_PRICE_ANCHOR; RAW_LISTING_PRICES_MATCH,https://web.ifzq.gtimg.cn/appstock/app/hkfqkline/get,1.7873183619550859,0.9815059445178336,0.40666666666666673,-0.007435542109129223,1.8081988427007958,-0.02967178910910706,1.8725521227461268,0.008646675479742738,1.7634239320021088,0.8058124174372523,0.3991457507705857,1.0250799730326634,0.6838571336528527,0.3412228393798108,1.0325432965840815,-0.007463323551418034
6880.HK,2026Q3,20,share,295.6,295.6,0.0,1.000046032038299,5912.0,0.0500023016019149,0.0,0.0,23,False,2026-07-08,0,5893761480.0,295.6,295.6,2026Q3,Non-A+H,Large,1993840,1993840,1993840,1993840,824707040,209045,0,0,413.63,413.6274926774465,1.0,0.00241763426683,20.68232663970153,0.0475846673350848,0.0,0.0,-0.0025073225534697,0.0,0.0,Middle,301.0,24199.461,23350.029,23026.68,0.0363782,0.0299006,0.0509314,-0.0484631,-0.0290325,2026-07-03,2026-06-29,PROSPECTUS_FIXED_PRICE,2026-06-29,2026-07-03,COMPLETE_FIXED_PRICE_ANCHOR; RAW_LISTING_PRICES_MATCH,https://web.ifzq.gtimg.cn/appstock/app/hkfqkline/get,0.0,0.0182679296346413,-0.017940199335548135,0.03637819893071659,-0.0351012776689531,0.05093139783937595,-0.048463104198891105,0.029900551524029373,-0.029032464813989134,-0.0182679296346413,-0.00032773029909323193,0.0,0.018103075674828915,-0.01810307567482898,-0.03573213410317069,0.03573213410317068
6915.HK,2026Q2,500,share,11.2,9.78,-0.1267857142857142,10.008430215460624,5600.0,0.0200168604309212,-14.211970905954086,-0.0025378519474918,14,False,2026-06-30,0,405826400.0,11.2,9.78,2026Q2,Non-A+H,Small,3623500,3623500,3623500,3623500,1726805000,78433,0,0,476.56,476.557196081137,1.0,0.0020983840097752,9.539178881307269,0.0179184764211459,0.0,0.0,-0.0028039188629804,-0.000266045115525,-0.0022718068319667,Middle,7.4,22881.02,23076.91,22671.859,-0.00848857,-0.00632571,0.00922558,-0.134768,-0.121227,2026-06-25,2026-06-26,RECORDED_PRICING_DATE_PROXY,2026-06-26,2026-06-25,PRICING_DATE_PROXY; RAW_LISTING_PRICES_MATCH,https://web.ifzq.gtimg.cn/appstock/app/hkfqkline/get,-0.12678571428571428,-0.3392857142857142,0.32162162162162145,-0.00848857147685711,-0.11930991353782061,0.009225577840793697,-0.13476797963989362,-0.006325705659695591,-0.12122685402261668,0.2124999999999999,-0.10912162162162153,-0.13557429425432288,-0.41443377809092463,0.27885948383660175,-0.12704948966398605,-0.008524804590336844
6938.HK,2026Q1,200,share,57.97,82.1,0.4162497843712265,3.4109568592327215,11594.0,0.0170547842961636,82.30638901328555,0.0070990502857758,18,False,2026-01-09,0,1832454888.0,57.97,82.1,2026Q1,Non-A+H,Medium,2748800,2748800,2748800,2748800,277804200,42771,0,0,101.06,101.06380966239814,1.0,0.0098947388124441,1.7236214739407347,0.0071600454837194,1.734723475976807e-18,3.469446951953614e-18,0.0038096623981402,0.0041186828970894,0.0029803673886863,Low,75.0,26231.789,26710.449,25630.539,-0.0179203,0.00315412,0.0234583,0.383788,0.411797,2026-01-06,2025-12-31,PROSPECTUS_FIXED_PRICE,2025-12-31,2026-01-06,COMPLETE_FIXED_PRICE_ANCHOR; RAW_LISTING_PRICES_MATCH,https://web.ifzq.gtimg.cn/appstock/app/hkfqkline/get,0.4162497843712265,0.2937726410212178,0.09466666666666668,-0.017920327733914165,0.4420925555900379,0.023458343970058637,0.3837884000999059,0.003154117521490196,0.4117968113118837,0.1224771433500087,0.027810476683341957,0.34801238110674104,0.2575624781846689,0.09044990292207211,0.3660952223716328,-0.018082841264891687
6951.HK,2026Q3,100,share,100.3,105.0,0.0468594217347957,0.6898991685830532,10030.0,0.0068989916858305,3.242526092340352,0.0003232827609511,15,False,2026-07-09,1,7157839290.0,100.3,105.0,2026Q3,A+H,Large,7136500,7136500,7136500,7136500,2337106300,174984,0,0,327.49,327.48634484691377,1.0,0.0030535624331678,2.259325570321878,0.0038454292526626,0.0,0.0,-0.0036551530862425,0.0001430881698493,0.0001801945911018,Low,100.3,24030.18,23616.32,23496.891,0.0175243,-0.00699524,0.0226962,0.023627,0.054234,2026-07-06,2026-07-07,RECORDED_PRICING_DATE_PROXY,2026-07-07,2026-07-06,PRICING_DATE_PROXY; RAW_LISTING_PRICES_MATCH,https://web.ifzq.gtimg.cn/appstock/app/hkfqkline/get,0.046859421734795736,0.0,0.046859421734795736,0.017524322163656292,0.028829875544165384,0.022696151588735836,0.023627027547256096,-0.006995238447666252,0.0542340402258219,0.046859421734795736,0.0,0.04579465518963364,0.0,0.04579465518963364,0.028422113294367782,0.01737254189526587
7630.HK,2026Q2,200,share,20.1,41.86,1.0825870646766167,2.9981447124304266,4020.000000000001,0.0149907235621521,65.23962894248608,0.0162287634185288,14,False,2026-05-13,0,843737700.0000001,20.1,41.86,2026Q2,Non-A+H,Small,4197800,4197800,4197800,4197800,9581069400,221788,0,0,2282.4,2282.402544189814,1.0,0.0004381348077908,34.21486559750214,0.0145525887543612,0.0,1.734723475976807e-18,0.0025441898137614,0.0004743190754989,0.0157544443430298,High,35.5,26388.44,26393.711,26406.84,-0.000199707,0.00153826,-0.000696789,1.08404,1.07939,2026-05-08,2026-05-11,RECORDED_PRICING_DATE_PROXY,2026-05-11,2026-05-08,PRICING_DATE_PROXY; RAW_LISTING_PRICES_MATCH,https://web.ifzq.gtimg.cn/appstock/app/hkfqkline/get,1.0825870646766167,0.7661691542288556,0.17915492957746482,-0.00019970666497037826,1.083003054269708,-0.0006967891652315261,1.0840392006115205,0.0015382624276460977,1.0793884195982661,0.31641791044776113,0.1372629808702964,0.7336109019528235,0.56881288141634,0.1647980205364836,0.7338106285618252,-0.00019972660900174325
7656.HK,2026Q3,200,share,21.66,21.0,-0.0304709141274238,6.000842325399016,4332.0,0.030004211626995,-3.960555934763351,-0.0009142557559472,15,False,2026-07-08,0,608364420.0,21.66,21.0,2026Q3,Non-A+H,Small,1404400,1404400,5617400,5617400,5120530600,169551,0,0,3646.06,3646.062802620336,3.999857590430077,0.0010970347487035,27.350283719319204,0.0289071768782914,0.0,0.0,0.0028026203362969,-3.342765162254678e-05,-0.0008808281043246,High,18.0,24199.461,23350.029,23026.68,0.0363782,0.0299006,0.0509314,-0.0774573,-0.0586187,2026-07-03,2026-06-29,PROSPECTUS_FIXED_PRICE,2026-06-29,2026-07-03,COMPLETE_FIXED_PRICE_ANCHOR; RAW_LISTING_PRICES_MATCH,https://web.ifzq.gtimg.cn/appstock/app/hkfqkline/get,-0.030470914127423865,-0.16897506925207761,0.16666666666666674,0.03637819893071659,-0.06450262377876348,0.05093139783937595,-0.07745730323992217,0.029900551524029373,-0.058618733199158446,0.13850415512465375,-0.02816251154201295,-0.0309448038494216,-0.1850954836766799,0.15415067982725836,-0.06667693795259233,0.03573213410317068
7666.HK,2026Q2,500,share,10.5,23.8,1.2666666666666666,0.7071378061585275,5250.0,0.001414275612317,9.404932821908416,0.0017914157756016,19,False,2026-05-13,0,2112904500.0,10.5,23.8,2026Q2,Non-A+H,Medium,10061500,10061500,40246000,40246000,69534656500,383309,0,0,6910.96,6910.963226159121,4.0,0.0005787905200912,2.4435016870941153,0.0008354850922257,0.0,0.0,0.0032261591213682,0.0007331346587822,0.0010582811168193,High,28.68,26388.44,26393.711,25898.609,-0.000199707,0.00153826,0.0189134,1.22459,1.26319,2026-05-08,2026-05-05,PROSPECTUS_FIXED_PRICE,2026-05-05,2026-05-08,COMPLETE_FIXED_PRICE_ANCHOR; RAW_LISTING_PRICES_MATCH,https://web.ifzq.gtimg.cn/appstock/app/hkfqkline/get,1.2666666666666666,1.7314285714285713,-0.1701534170153417,-0.00019970666497037826,1.2671194255262281,0.018913409596631237,1.2245920461131212,0.0015382624276460977,1.2631852937624708,-0.4647619047619047,-0.29460848774656306,0.8183103235139513,1.004824758567942,-0.1865144350539906,0.8185100501229531,-0.00019972660900174325
7687.HK,2026Q3,50,share,87.92,96.7,0.0998635122838944,4.999890688878686,4396.0,0.0999978137775737,43.89904024835487,0.0099861329045393,24,False,2026-07-08,0,2297525440.0,87.92,96.7,2026Q3,Non-A+H,Medium,2613200,2613200,2613200,2613200,412411450,110386,0,0,157.82,157.81855579366294,1.0,0.0063363905148608,15.781510552900333,0.0936614232627128,0.0,0.0,-0.0014442063370552,0.0006327742120163,0.0093533586925229,Low,91.0,24199.461,23350.029,23616.32,0.0363782,0.0299006,0.0246923,0.0733598,0.0679318,2026-07-03,2026-07-06,RECORDED_PRICING_DATE_PROXY,2026-07-06,2026-07-03,PRICING_DATE_PROXY; RAW_LISTING_PRICES_MATCH,https://web.ifzq.gtimg.cn/appstock/app/hkfqkline/get,0.09986351228389445,0.03503184713375784,0.06263736263736264,0.03637819893071659,0.061256897741267524,0.024692289061123862,0.07335980179146895,0.029900551524029373,0.06793176356332187,0.06483166515013661,0.002194302512773843,0.09518609236388272,0.034432196421484006,0.0607538959423986,0.05945395826071209,0.03573213410317068
7688.HK,2026Q2,100,share,26.39,47.5,0.799924213717317,8.000053538922797,2639.0,0.0800005353892279,168.88113020666026,0.0639943653681926,17,False,2026-05-20,0,1724058700.0,26.39,47.5,2026Q2,Non-A+H,Medium,6533000,6533000,6533000,6533000,24594360400,344049,0,0,3764.63,3764.634991581203,1.0,0.0002656300019088,301.1728148715177,0.079734905387319,0.0,0.0,0.0049915812028302,0.0002124838704167,0.0637818814977758,High,37.0,25651.119,25962.731,26347.91,-0.0120023,-0.00568772,-0.0264458,0.848818,0.81022,2026-05-15,2026-05-12,PROSPECTUS_FIXED_PRICE,2026-05-12,2026-05-15,COMPLETE_FIXED_PRICE_ANCHOR; RAW_LISTING_PRICES_MATCH,https://web.ifzq.gtimg.cn/appstock/app/hkfqkline/get,0.799924213717317,0.4020462296324365,0.28378378378378377,-0.012002281270025117,0.8217898478865273,-0.026445778811298504,0.8488176359808957,-0.005687722038852039,0.8102202432902552,0.3978779840848805,0.11409420030109685,0.5877445605253627,0.33793276212899176,0.24981179839637108,0.5998194507400558,-0.012074890214693147
9607.HK,2026Q3,100,share,44.0,39.98,-0.0913636363636364,100.0,4400.0,1.0,-402.00000000000034,-0.0913636363636364,11,False,2026-09-29,1,2997222800.0,44.0,39.98,2026Q3,A+H,Large,6811900,6811900,6811900,6811900,23066500,12645,0,0,3.39,3.38620649158091,1.0,0.2953157175991156,3.38620649158091,0.7046842824008843,0.0,0.0,-0.0037935084190903,-0.0269811178351919,-0.0643825185284444,Low,40.0,24523.57,24761.131,,-0.00959411,-0.00482662,,,-0.0869567,2026-09-24,,,,2026-09-24,MISSING_PRICING_ANCHOR; RAW_LISTING_PRICES_MATCH,https://web.ifzq.gtimg.cn/appstock/app/hkfqkline/get,-0.09136363636363642,-0.09090909090909094,-0.000500000000000056,-0.009594109412853657,-0.08256163228422142,,,-0.004826618717005626,-0.08695672460116022,-0.00045454545454548523,4.5454545454550554e-05,-0.09581030484600722,-0.0953101798043249,-0.0005001250416823539,-0.08616987546143606,-0.009640429384571214
9611.HK,2026Q1,100,share,31.0,32.1,0.035483870967742,0.2044268997603271,3100.0,0.0020442689976032,0.2248695897363601,7.25385773343097e-05,17,False,2026-01-22,1,1620032100.0,31.0,32.1,2026Q1,A+H,Medium,5226000,5226000,5226000,5226000,6008667200,145096,0,0,1149.76,1149.7641025641026,1.0,0.0008697436263402,2.3504271094288605,0.0011745253712629,0.0,0.0,0.0041025641025953,3.0861870612075116e-05,4.1676706722232106e-05,Middle,35.0,26629.961,26563.9,26487.51,0.00248687,0.00168892,0.00537804,0.0299448,0.033738,2026-01-19,2026-01-20,RECORDED_PRICING_DATE_PROXY,2026-01-20,2026-01-19,PRICING_DATE_PROXY; RAW_LISTING_PRICES_MATCH,https://web.ifzq.gtimg.cn/appstock/app/hkfqkline/get,0.03548387096774208,0.12903225806451624,-0.08285714285714285,0.002486871280195979,0.032915143961345095,0.005378044217821953,0.02994478238615428,0.0016889184493500409,0.03373797183531568,-0.09354838709677415,-0.010691244239631345,0.034868825650824074,0.12136085700426753,-0.0864920313534435,0.03238504151784433,0.002483784132979721
9615.HK,2026Q3,30,share,101.7,99.8,-0.0186823992133726,0.9003328402366864,3051.0,0.0300110946745562,-1.7106323964497092,-0.0005606792515403,16,False,2026-09-01,0,2353398003.0,101.7,99.8,2026Q3,Non-A+H,Medium,1157040,1157040,4628130,4628130,4437660000,252461,0,0,3835.36,3835.3557353246215,3.9999740717693424,0.0010429212693176,28.77599254850038,0.0289681734052385,0.0,0.0,-0.0042646753786357,-1.9484271501508933e-05,-0.0005411949800388,High,101.7,25329.731,25565.74,,-0.00923146,-0.0092799,,,-0.00949058,2026-08-27,,,,2026-08-27,MISSING_PRICING_ANCHOR; RAW_LISTING_PRICES_MATCH,https://web.ifzq.gtimg.cn/appstock/app/hkfqkline/get,-0.01868239921337267,0.0,-0.01868239921337267,-0.009231455846769987,-0.009539002244646322,,,-0.009279895677981709,-0.009490575082076735,-0.01868239921337267,-0.0,-0.018859119737095982,0.0,-0.018859119737095982,-0.009584789938482373,-0.009274329798613555
9630.HK,2026Q2,50,share,252.73,515.0,1.037747794088553,1.5004471973408444,12636.5,0.0300089439468168,393.5222864465832,0.0311417153837362,19,False,2026-06-26,1,3244712014.5,252.73,515.0,2026Q2,A+H,Large,1283900,1283900,1283900,1283900,1293166900,207986,0,0,1007.22,1007.2177739699354,1.0,0.0009928339489666,30.22554172130138,0.0290161099978501,0.0,3.469446951953614e-18,-0.0022260300646621,0.0010303112404363,0.0301114041432997,Middle,439.0,22671.859,23336.279,23412.18,-0.0284715,-0.0175522,-0.0316212,1.10429,1.07415,2026-06-23,2026-06-24,RECORDED_PRICING_DATE_PROXY,2026-06-24,2026-06-23,PRICING_DATE_PROXY; RAW_LISTING_PRICES_MATCH,https://web.ifzq.gtimg.cn/appstock/app/hkfqkline/get,1.037747794088553,0.7370316147667473,0.17312072892938501,-0.028471548527509438,1.0974658961351613,-0.03162119033767896,1.1042878817217479,-0.017552219946257996,1.0741537977490099,0.30071617932180583,0.12759545039242098,0.7118451754687439,0.5521776878801792,0.15966748758856483,0.7407298999351031,-0.028884724466359233
9637.HK,2026Q2,100,share,22.6,46.0,1.0353982300884956,6.000321517562897,2260.0,0.0600032151756289,140.40752351097177,0.0621272227924653,16,False,2026-06-29,0,1282672040.0,22.6,46.0,2026Q2,Non-A+H,Medium,5675600,5675600,5675600,5675600,5468766300,145729,0,0,963.56,963.557386003242,1.0,0.0010378209067006,57.81654116641904,0.0589653942689282,0.0,6.938893903907228e-18,-0.0026139967579865,0.0010745579299466,0.0610526648625186,Middle,42.0,23026.68,23412.18,23924.811,-0.0164658,0.0156503,-0.0375397,1.11479,1.00403,2026-06-24,2026-06-18,PROSPECTUS_FIXED_PRICE,2026-06-18,2026-06-24,COMPLETE_FIXED_PRICE_ANCHOR; RAW_LISTING_PRICES_MATCH,https://web.ifzq.gtimg.cn/appstock/app/hkfqkline/get,1.0353982300884956,0.8584070796460175,0.09523809523809534,-0.016465788320438324,1.0694737467369708,-0.03753973228879426,1.1147867588641422,0.015650282581591624,1.0040345234925714,0.17699115044247815,0.08175305520438271,0.7106914902108549,0.619719712005128,0.09097177820572679,0.7272943463262188,-0.016602856115364068
9856.HK,2026Q3,100,share,32.96,34.48,0.0461165048543688,4.010045366169799,3296.0,0.0401004536616979,6.095268956578079,0.001849292765952,18,False,2026-09-22,0,5669604512.0,32.96,34.48,2026Q3,Non-A+H,Large,17201500,17201500,17201500,17201500,604769300,37594,0,0,35.16,35.157939714559774,1.0,0.0284430773850458,1.4098493323644723,0.011657376276652,0.0,0.0,-0.0020602854402227,0.0013116953163006,0.0005375974496514,Low,36.6,25087.75,24604.289,24917.6,0.0196495,0.00179849,0.00682851,0.0390215,0.0442385,2026-09-17,2026-09-14,PROSPECTUS_FIXED_PRICE,2026-09-14,2026-09-17,COMPLETE_FIXED_PRICE_ANCHOR; RAW_LISTING_PRICES_MATCH,https://web.ifzq.gtimg.cn/appstock/app/hkfqkline/get,0.0461165048543688,0.1104368932038835,-0.057923497267759694,0.019649460303445387,0.025957003442189652,0.006828506758275399,0.03902153925159557,0.001798487392199677,0.04423845515831659,-0.0643203883495147,-0.006396891081755015,0.045084740754221274,0.10475353536604962,-0.059668794611828356,0.025625838894032582,0.019458901860188633
9903.HK,2026Q1,100,share,144.6,156.8,0.0843706777316737,6.999601023714762,14460.0,0.0699960102371476,85.39513248932022,0.0059056108222213,20,False,2026-01-08,0,3677438280.0,144.6,156.8,2026Q1,Non-A+H,Large,2543200,2543200,2543200,2543200,1053503300,180802,0,0,414.24,414.2431975463982,1.0,0.0024140408482821,28.995371096126448,0.0675819693888655,0.0,0.0,0.0031975463982121,0.0002036742624415,0.0057019365597798,Middle,190.2,26149.311,26347.24,25854.6,-0.00751232,-0.0117026,0.0113988,0.0721495,0.0972109,2026-01-05,2025-12-30,PROSPECTUS_FIXED_PRICE,2025-12-30,2026-01-05,COMPLETE_FIXED_PRICE_ANCHOR; RAW_LISTING_PRICES_MATCH,https://web.ifzq.gtimg.cn/appstock/app/hkfqkline/get,0.08437067773167373,0.3153526970954357,-0.17560462670872756,-0.007512323871494697,0.09257848113700073,0.011398783968810333,0.0721494774558813,-0.011702581232534981,0.09721087715075138,-0.23098201936376195,-0.05537739265503441,0.0809997981916433,0.27410484038662564,-0.19310504219498234,0.08854048168851363,-0.007540683496870244
9971.HK,2026Q3,200,share,31.62,33.22,0.0506008855154964,0.3384128636937063,6324.0,0.0016920643184685,0.5414605819099294,8.56199528636827e-05,19,False,2026-07-08,0,865951644.0,31.62,33.22,2026Q3,Non-A+H,Small,1369400,1369400,5477400,5477400,6590539800,207706,0,0,4812.72,4812.720753614722,3.999853950635315,0.0008311003599432,2.0359326021518465,0.0008609639585252,-1.0842021724855044e-19,-2.1684043449710093e-19,0.0007536147213613,4.2054414165373825e-05,4.356553869830718e-05,High,34.12,24199.461,23350.029,23616.32,0.0363782,0.0299006,0.0246923,0.0252843,0.0200994,2026-07-03,2026-07-06,RECORDED_PRICING_DATE_PROXY,2026-07-06,2026-07-03,PRICING_DATE_PROXY; RAW_LISTING_PRICES_MATCH,https://web.ifzq.gtimg.cn/appstock/app/hkfqkline/get,0.05060088551549646,0.07906388361796313,-0.02637749120750288,0.03637819893071659,0.013723452113769019,0.024692289061123862,0.025284269952017935,0.029900551524029373,0.020099352273222015,-0.028462998102466663,-0.0020855068949638535,0.0493622724038228,0.07609389084215223,-0.0267316184383295,0.013630138300652116,0.03573213410317068
9976.HK,2026Q3,50,share,236.0,233.6,-0.0101694915254237,1.4265907764156451,11800.0,0.0285318155283129,-3.423817863397556,-0.0002901540562201,20,False,2026-09-08,1,7077510200.0,236.0,233.6,2026Q3,A+H,Large,2607800,2607800,2607800,2607800,105156600,36285,0,0,40.32,40.32387453025539,1.0,0.0247992042344465,1.1505133494840818,0.0037326112938663,0.0,-3.469446951953614e-18,0.0038745302553877,-0.0002521952972994,-3.795875892067483e-05,Low,236.0,25317.18,25213.311,,0.00411961,-0.00377518,,,-0.00641855,2026-09-03,,,,2026-09-03,MISSING_PRICING_ANCHOR; RAW_LISTING_PRICES_MATCH,https://web.ifzq.gtimg.cn/appstock/app/hkfqkline/get,-0.01016949152542379,0.0,-0.01016949152542379,0.004119609677602387,-0.014230477191471302,,,-0.0037751761206484824,-0.006418546548434212,-0.01016949152542379,-0.0,-0.010221554071538139,0.0,-0.010221554071538139,-0.014332701390308336,0.004111147318770186
9980.HK,2026Q1,100,share,248.0,251.8,0.0153225806451613,14.999865472058548,24800.0,0.1499986547205854,56.99948879382265,0.0022983664836218,18,False,2026-02-03,1,10140695200.0,248.0,251.8,2026Q1,A+H,Large,4089000,4089000,4089000,4089000,234972700,66692,0,0,57.46,57.46458791880655,1.0,0.0174020215965514,8.619610881893788,0.1325966331240339,0.0,0.0,0.0045879188065498,0.0002666438793019,0.0020317226043198,Low,248.0,26834.77,27968.09,27387.109,-0.0405219,0.00221097,-0.0201678,0.0362209,0.0130827,2026-01-29,2026-01-30,RECORDED_PRICING_DATE_PROXY,2026-01-30,2026-01-29,PRICING_DATE_PROXY; RAW_LISTING_PRICES_MATCH,https://web.ifzq.gtimg.cn/appstock/app/hkfqkline/get,0.015322580645161343,0.0,0.015322580645161343,-0.04052189477365098,0.05820297004655273,-0.02016784612059641,0.03622092480354122,0.002210970672146262,0.013082684541181555,0.015322580645161343,0.0,0.01520637544526467,0.0,0.01520637544526467,0.056572158180754555,-0.04136578273548985
9981.HK,2026Q1,200,share,20.09,20.68,0.0293678446988552,0.6577426068189409,4018.0,0.0032887130340947,0.388068138023175,9.658241364439398e-05,12,False,2026-02-13,1,2812374992.0,20.09,20.68,2026Q1,A+H,Large,13999000,13999000,13999000,13999000,7973503000,141463,0,0,569.58,569.5766126151868,1.0,0.0017556900649563,1.8731740298230728,0.0015330229691383,0.0,0.0,-0.0033873848132088,5.156083316696237e-05,4.5021580477431674e-05,Middle,20.1,26567.119,27183.15,27266.381,-0.0226622,-0.017217,-0.0256456,0.0564614,0.047401,2026-02-10,2026-02-11,RECORDED_PRICING_DATE_PROXY,2026-02-11,2026-02-10,PRICING_DATE_PROXY; RAW_LISTING_PRICES_MATCH,https://web.ifzq.gtimg.cn/appstock/app/hkfqkline/get,0.029367844698855228,0.0004977600796416404,0.028855721393034717,-0.022662237452245382,0.053236541290972994,-0.025645574306322638,0.05646140414050249,-0.017217028707514404,0.047400977394942645,0.028870084619213587,1.4363226178713946e-05,0.02894487081338541,0.0004976362381870486,0.028447234575198207,0.05186784352900194,-0.022922972715616448
