code,cohort,board_lot_units,unit,offer_price,first_day_close,initial_return,expected_allotted_units,application_principal_hkd,allocation_rate,expected_gross_profit_hkd,application_return,source_pdf_page,lot_followup,listing_date,ah_true,base_proceeds,IPO Subscription Price (HK$),First trading day closing price (HK$),quarter,ah_group,offer_size,initial_public_total_units,initial_regular_public_units,final_public_total_units,final_regular_public_units,valid_regular_requested_units,public_applicants,employee_final_units,initial_employee_reserved_units,stored_subscription_multiple,request_multiple,supply_factor,aggregate_allocation,one_lot_factor,allocation_difference,aggregate_identity_error,one_lot_identity_error,subscription_rounding_difference,aggregate_application_reference,schedule_application_difference,demand_group,First trading day opening price (HK$),First-day HSI listing close,First-day HSI subscription-close index close,First-day HSI anchor close,First-day HSI subscription-to-listing return (%),First-day HSI listing-day return (%),First-day HSI anchor-to-listing return (%),First-day market-adjusted return vs HSI (%),First-day market-adjusted return vs HSI listing-day window (%),Subscription closing date,First-day benchmark anchor date,First-day benchmark anchor basis,First-day HSI anchor trading date,First-day HSI subscription-close trading date,First-day return collection status,First-day benchmark source URL,close,opening,intraday,hsi_subscription,mair_subscription,hsi_anchor,mair_anchor,hsi_listing_day,mair_listing_day,post_open_offer_gain,simple_cross_product,log_close,log_opening,log_intraday,log_mair_subscription,log_hsi_subscription,Stock Code,Minimum Offer Price,Maximum Offer Price,Global Offering (without option),Pricing position in filing range,Filing price revision (%),Pricing date,Date of Prospectus (dd/mm/yy),Subscription opening date,current_subscription_close,HSI return over 20 trading days before prospectus (%),range_low,range_high,price_status,midpoint,revision,range_position,range_width,log_revision,log_midpoint_close,pricing_group,q2,q3,prospectus_date,subscription_close_date,month,planned_offer_units,planned_proceeds,log_planned_proceeds,hsi_prospectus_close,hsi_subscription_close,log_subscription_market,ceiling_principal_return,margin_covered,audited_status,disclosure_class,ceiling_revision
0068.HK,2026Q2,500,share,7.62,18.6,1.440944881889764,15.002561279986049,3810.0,0.0300051225599721,164.72812285424683,0.0432357277832668,17,False,2026-04-17,0,1223916780.0,7.62,18.6,2026Q2,Non-A+H,Medium,16062000,16062000,16062000,16062000,25547639500,240700,0,0,1590.56,1590.5640331216537,1.0,0.0006287077911836,47.725068753298736,0.0293764147687884,0.0,3.469446951953614e-18,0.0040331216537197,0.0009059332739102,0.0423297945093566,Middle,20.7,26160.33,25872.32,25947.32,0.011132,-0.00886291,0.00820933,1.42107,1.46277,2026-04-14,2026-04-15,RECORDED_PRICING_DATE_PROXY,2026-04-15,2026-04-14,PRICING_DATE_PROXY; RAW_LISTING_PRICES_MATCH,https://web.ifzq.gtimg.cn/appstock/app/hkfqkline/get,1.440944881889764,1.7165354330708662,-0.1014492753623187,0.011131974248927,1.4140715001154105,0.0082093256644617,1.4210695336318735,-0.0088629118603816,1.4627722149631794,-0.2755905511811023,-0.1741412758187833,0.8923852110206008,0.9993573305727684,-0.1069721195521677,0.8813147411743258,0.0110704698462748,0068.HK,6.72,7.62,160619000,At high,0.062762,2026-04-15,2026-04-09,2026-04-09,2026-04-14,0.00526962,6.72,7.62,two_sided_range,7.17,0.0627615062761506,1.0,0.1255230125523013,0.0608707150870259,0.9532559261076268,At high,1.0,0.0,2026-04-09,2026-04-14,2026-04,160619000,1151638230.0,0.1411854764955919,25752.4,25872.32,0.0046458446920296,0.0432357277832668,False,,two_sided_range,0.0
0100.HK,2026Q1,20,share,165.0,345.0,1.0909090909090908,0.5614654665001364,3300.0,0.0280732733250068,101.06378397002456,0.0306253890818256,30,False,2026-01-09,0,4817604000.0,165.0,345.0,2026Q1,Non-A+H,Large,1269480,1269480,5077860,5077860,2332255220,417646,0,0,1837.17,1837.1736616567416,3.9999527365535497,0.0021772317010828,12.894021941277202,0.0258960416239239,0.0,0.0,0.0036616567413148,0.0023751618557267,0.0282502272260988,Middle,235.4,26231.789,26710.449,26458.949,-0.0179203,0.00315412,-0.00858538,1.10902,1.08433,2026-01-06,2026-01-07,RECORDED_PRICING_DATE_PROXY,2026-01-07,2026-01-06,PRICING_DATE_PROXY; RAW_LISTING_PRICES_MATCH,https://web.ifzq.gtimg.cn/appstock/app/hkfqkline/get,1.0909090909090908,0.4266666666666667,0.465590484282073,-0.0179203277339141,1.1290625902931604,-0.0085853750275568,1.1090157823395117,0.0031541175214901,1.0843348538259856,0.6642424242424241,0.1986519399603512,0.7375989431307791,0.3553407209255957,0.3822582222051834,0.7556817843956707,-0.0180828412648916,0100.HK,151.0,165.0,25389220,At high,0.044304,2026-01-07,2025-12-31,2025-12-31,2026-01-06,-0.00016594,151.0,165.0,two_sided_range,158.0,0.0443037974683544,1.0,0.0886075949367088,0.0433504408736138,0.780949384004393,At high,0.0,0.0,2025-12-31,2026-01-06,2026-01,25389220,4011496760.0,1.3891644285333216,25630.539,26710.449,0.0412702669662619,0.0306253890818256,False,,two_sided_range,0.0
0470.HK,2026Q1,100,share,45.8,45.8,0.0,18.001763150161622,4580.0,0.1800176315016162,0.0,0.0,17,False,2026-02-11,1,4930754720.0,45.8,45.8,2026Q1,A+H,Large,9361600,9361600,9361600,9361600,744604700,57322,0,0,79.54,79.53818791659545,1.0,0.0125725771003057,14.318276202675984,0.1674450544013105,0.0,-2.7755575615628914e-17,-0.0018120834045589,0.0,0.0,Low,46.26,27266.381,26559.949,27027.16,0.0265976,0.00306186,0.00885113,-0.00877348,-0.00305251,2026-02-06,2026-02-09,RECORDED_PRICING_DATE_PROXY,2026-02-09,2026-02-06,PRICING_DATE_PROXY; RAW_LISTING_PRICES_MATCH,https://web.ifzq.gtimg.cn/appstock/app/hkfqkline/get,0.0,0.0100436681222708,-0.0099437959360138,0.0265976414337241,-0.0259085354965149,0.0088511334524234,-0.0087734782258049,0.0030618600125444,-0.003052513643083,-0.0100436681222708,-9.987218625690838e-05,0.0,0.0099935656831539,-0.0099935656831538,-0.0262500736874271,0.026250073687427,0470.HK,,45.8,93616000,Fixed price,0.0,2026-02-09,2026-02-03,2026-02-03,2026-02-06,0.0162571,,45.8,undisclosed_lower_bound,,,,,,,No two-sided range,0.0,0.0,2026-02-03,2026-02-06,2026-02,93616000,4287612799.999999,1.4557301211838825,26834.77,26559.949,-0.0102940302701775,0.0,False,confirmed_maximum_only,confirmed_maximum_only,0.0
0501.HK,2026Q1,100,share,104.8,121.8,0.1622137404580153,100.0,10480.0,1.0,1700.0,0.1622137404580152,17,False,2026-01-12,1,4799840000.0,104.8,121.8,2026Q1,A+H,Large,4580000,4580000,4580000,4580000,42511100,14551,0,0,9.28,9.281899563318778,1.0,0.1077365676258671,9.281899563318778,0.8922634323741329,0.0,0.0,0.0018995633187781,0.0174763516186998,0.1447373888393154,Low,108.0,26608.481,26458.949,26149.311,0.00565147,0.0143601,0.0175595,0.142158,0.14576,2026-01-07,2026-01-08,RECORDED_PRICING_DATE_PROXY,2026-01-08,2026-01-07,PRICING_DATE_PROXY; RAW_LISTING_PRICES_MATCH,https://web.ifzq.gtimg.cn/appstock/app/hkfqkline/get,0.1622137404580153,0.0305343511450382,0.1277777777777777,0.005651471643866,0.1556824339532145,0.0175595448767271,0.1421579663908634,0.0143601338055898,0.1457604668449663,0.131679389312977,0.0039016115351993,0.1503265833888548,0.0300774552372779,0.1202491281515769,0.1446910213970398,0.005635561991815,0501.HK,,104.8,45800000,Fixed price,0.0,2026-01-08,2025-12-31,2025-12-31,2026-01-07,-0.00016594,,104.8,undisclosed_lower_bound,,,,,,,No two-sided range,0.0,0.0,2025-12-31,2026-01-07,2026-01,45800000,4799840000.0,1.568582584024944,25630.539,26458.949,0.0318098673675888,0.1622137404580152,False,confirmed_maximum_only,confirmed_maximum_only,0.0
0537.HK,2026Q3,100,share,45.98,28.8,-0.3736407133536319,8.001637629077015,4598.0,0.0800163762907701,-137.46813446754308,-0.0298973759172559,13,False,2026-07-09,1,1140405156.0,45.98,28.8,2026Q3,A+H,Medium,2480300,2480300,2480300,2480300,885112600,92738,0,0,356.86,356.8570737410797,1.0,0.0028022423361728,28.55440989448933,0.0772141339545972,0.0,0.0,-0.0029262589202971,-0.0010470318254773,-0.0288503440917786,Low,37.36,24030.18,23616.32,23496.891,0.0175243,-0.00699524,0.0226962,-0.387541,-0.369228,2026-07-06,2026-07-07,RECORDED_PRICING_DATE_PROXY,2026-07-07,2026-07-06,PRICING_DATE_PROXY; RAW_LISTING_PRICES_MATCH,https://web.ifzq.gtimg.cn/appstock/app/hkfqkline/get,-0.3736407133536319,-0.1874728142670726,-0.2291220556745181,0.0175243221636562,-0.384428192031339,0.0226961515887358,-0.3875411717611993,-0.0069952384476662,-0.3692283150110983,-0.1861678990865592,0.0429541565879588,-0.4678311321931351,-0.2076059059743936,-0.2602252262187415,-0.4852036740884008,0.0173725418952658,0537.HK,,45.98,24802200,Fixed price,0.0,2026-07-07,2026-06-30,2026-06-30,2026-07-06,-0.0856039,,45.98,undisclosed_lower_bound,,,,,,,No two-sided range,0.0,1.0,2026-06-30,2026-07-06,2026-07,24802200,1140405156.0,0.1313835992667834,22881.02,23616.32,0.0316302525242608,-0.0298973759172559,True,confirmed_maximum_only,confirmed_maximum_only,0.0
0600.HK,2026Q1,100,share,28.2,28.2,0.0,18.00148084161165,2820.0,0.1800148084161165,0.0,0.0,20,False,2026-02-10,0,2958608640.0,28.2,28.2,2026Q1,Non-A+H,Large,10491600,10491600,10491600,10491600,1099698000,85091,0,0,104.82,104.8169964543063,1.0,0.0095404374655587,18.868611535474713,0.1704743709505577,0.0,0.0,-0.0030035456936872,0.0,0.0,Low,28.2,27183.15,26885.24,27387.109,0.0110808,0.0057716,-0.00744726,0.00750314,-0.00573848,2026-02-05,2026-01-30,PROSPECTUS_FIXED_PRICE,2026-01-30,2026-02-05,COMPLETE_FIXED_PRICE_ANCHOR; RAW_LISTING_PRICES_MATCH,https://web.ifzq.gtimg.cn/appstock/app/hkfqkline/get,0.0,0.0,0.0,0.0110808012128587,-0.0109593626934331,-0.0074472628710098,0.0075031407324022,0.0057716016037201,-0.0057384813754108,0.0,0.0,0.0,0.0,0.0,-0.0110198589148235,0.0110198589148236,0600.HK,28.2,28.2,104915200,Fixed price,0.0,,2026-01-30,2026-01-30,2026-02-05,0.0912018,28.2,28.2,equal_endpoints,,,,,,,No two-sided range,0.0,0.0,2026-01-30,2026-02-05,2026-02,104915200,2958608640.0,1.0847191037718762,27387.109,26885.24,-0.0184949911009259,0.0,False,,recorded_equal_endpoints,0.0
0625.HK,2026Q3,100,share,48.56,48.5,-0.0012355848434926,18.41692789968652,4856.0,0.1841692789968652,-1.1050156739812331,-0.0002275567697654,21,False,2026-09-01,0,13596435800.0,48.56,48.5,2026Q3,Non-A+H,Large,27999300,27999300,27999300,27999300,157684200,35751,0,0,5.63,5.631719364412682,1.0,0.1775656660591232,1.0371896948565675,0.0066036129377419,0.0,0.0,0.0017193644126818,-0.0002193974457073,-8.159324058165594e-06,Low,48.56,25329.731,25565.74,,-0.00923146,-0.0092799,,,0.00811966,2026-08-27,,,,2026-08-27,MISSING_PRICING_ANCHOR; RAW_LISTING_PRICES_MATCH,https://web.ifzq.gtimg.cn/appstock/app/hkfqkline/get,-0.0012355848434926,0.0,-0.0012355848434926,-0.0092314558467699,0.0080703722887276,,,-0.0092798956779817,0.0081196604362783,-0.0012355848434926,-0.0,-0.0012363488078053,0.0,-0.0012363488078053,0.0080379809908081,-0.0092743297986135,0625.HK,47.6,49.5,279992500,Within range,0.000206,,2026-08-24,2026-08-24,2026-08-27,0.0419108,47.6,49.5,two_sided_range,48.55,0.000205973223481,0.5052631578947376,0.0391349124613799,0.000205952013909,-0.0010303967938962,Inside range,0.0,1.0,2026-08-24,2026-08-27,2026-09,279992500,13593635875.0,2.609601732851417,25517.33,25565.74,0.0018953447587259,-0.000223235489693,False,,two_sided_range,-0.01898989898989889
0664.HK,2026Q1,100,share,60.0,30.5,-0.4916666666666667,2.7787915124341795,6000.0,0.0277879151243417,-81.9743496168083,-0.0136623916028013,14,False,2026-03-31,0,444408000.0,60.0,30.5,2026Q1,Non-A+H,Small,740700,740700,1111000,1111000,44111400,26280,0,0,59.55,59.55366545159984,1.4999324962872955,0.0251862330372647,1.1032977850728052,0.0026016820870769,0.0,0.0,0.0036654515998435,-0.0123832312433218,-0.0012791603594795,Low,35.42,24788.141,24856.43,24951.881,-0.00274734,0.00150912,-0.00656223,-0.488309,-0.492433,2026-03-26,2026-03-27,RECORDED_PRICING_DATE_PROXY,2026-03-27,2026-03-26,PRICING_DATE_PROXY; RAW_LISTING_PRICES_MATCH,https://web.ifzq.gtimg.cn/appstock/app/hkfqkline/get,-0.4916666666666667,-0.4096666666666666,-0.1389045736871824,-0.002747337409274,-0.4902662560832348,-0.0065622307191991,-0.4883088311597603,0.0015091236081403,-0.4924326485394771,-0.082,0.0569045736871824,-0.6766178786087348,-0.5270679298674131,-0.1495499487413216,-0.6738667603415912,-0.0027511182671434,0664.HK,60.0,68.0,7406800,At low,-0.0625,2026-03-27,2026-03-23,2026-03-23,2026-03-26,-0.0430097,60.0,68.0,two_sided_range,64.0,-0.0625,0.0,0.125,-0.0645385211375711,-0.7411563997463059,At low,0.0,0.0,2026-03-23,2026-03-26,2026-03,7406800,474035200.0,-0.7464736984409415,24382.471,24856.43,0.0192519991013714,-0.0120550514142364,False,,two_sided_range,-0.11764705882352944
0668.HK,2026Q3,100,share,99.32,114.9,0.1568666935159082,29.998785965764235,9932.0,0.2999878596576423,467.3810853466072,0.0470581036394087,13,False,2026-07-02,1,4631569696.0,99.32,114.9,2026Q3,A+H,Large,4663300,4663300,4663300,4663300,128547100,36424,0,0,27.57,27.565693821971564,1.0,0.0362769755210347,8.269373489631143,0.2637108841366076,0.0,0.0,-0.0043061780284361,0.0056906492007422,0.0413674544386664,Low,99.3,23055.029,22671.859,,0.0169007,0.00760495,,,0.148135,2026-06-26,,,,2026-06-26,MISSING_PRICING_ANCHOR; RAW_LISTING_PRICES_MATCH,https://web.ifzq.gtimg.cn/appstock/app/hkfqkline/get,0.1568666935159082,-0.0002013693113168,0.1570996978851964,0.0169006873234347,0.1376397989865414,,,0.0076049494297019,0.1481351835068769,0.157068062827225,-3.163505797123002e-05,0.1457152242147441,-0.0002013895888388,0.1459166138035831,0.1289557644993051,0.0167594597154389,0668.HK,,99.32,46632800,Fixed price,0.0,,2026-06-23,2026-06-23,2026-06-26,-0.0637346,,99.32,undisclosed_lower_bound,,,,,,,No two-sided range,0.0,1.0,2026-06-23,2026-06-26,2026-07,46632800,4631569696.0,1.5328958378552255,23336.279,22671.859,-0.0288847244663592,0.0470581036394087,False,confirmed_maximum_only,confirmed_maximum_only,0.0
0901.HK,2026Q2,100,share,32.8,61.2,0.8658536585365857,2.000922714146575,3279.9999999999995,0.0200092271414657,56.82620508176274,0.0173250625249276,14,False,2026-05-27,0,629999440.0,32.8,61.2,2026Q2,Non-A+H,Small,1920800,1920800,1920800,1920800,3787797300,177196,0,0,1971.99,1971.9894314868804,1.0,0.0005071021091862,39.4579844551908,0.0195021250322794,0.0,0.0,-0.0005685131195605,0.0004390762164905,0.016885986308437,Middle,65.8,25328.231,25386.52,25675.18,-0.00229606,-0.0105947,-0.013513,0.891412,0.885833,2026-05-21,2026-05-18,PROSPECTUS_FIXED_PRICE,2026-05-18,2026-05-21,COMPLETE_FIXED_PRICE_ANCHOR; RAW_LISTING_PRICES_MATCH,https://web.ifzq.gtimg.cn/appstock/app/hkfqkline/get,0.8658536585365857,1.00609756097561,-0.0699088145896655,-0.0022960610591763,0.8701476316886168,-0.0135130113985568,0.8914123349785215,-0.0105946811589577,0.8858334627937792,-0.1402439024390243,-0.0703350878493586,0.6237186741281825,0.6961913229411736,-0.072472648812991,0.6260173751773789,-0.0022987010491964,0901.HK,32.8,32.8,19207300,Fixed price,0.0,,2026-05-18,2026-05-18,2026-05-21,-0.0163493,32.8,32.8,equal_endpoints,,,,,,,No two-sided range,1.0,0.0,2026-05-18,2026-05-21,2026-05,19207300,629999440.0,-0.4620363484858427,25675.18,25386.52,-0.0113064420134681,0.0173250625249276,False,,recorded_equal_endpoints,0.0
1021.HK,2026Q1,200,share,17.0,18.4,0.0823529411764705,10.00390438592686,3400.0,0.0500195219296343,14.005466140297589,0.0041192547471463,20,False,2026-03-30,0,1579344200.0,17.0,18.4,2026Q1,Non-A+H,Medium,4039400,4039400,16157000,16157000,20436879200,227070,0,0,5059.38,5059.384859137495,3.9998514630885778,0.000790580589232,63.26935243657158,0.0492289413404022,0.0,0.0,0.0048591374952593,6.51066367602855e-05,0.004054148110386,High,16.8,24750.789,25335.949,25277.32,-0.023096,-0.00805919,-0.0208302,0.105378,0.0911467,2026-03-25,2026-03-20,PROSPECTUS_FIXED_PRICE,2026-03-20,2026-03-25,COMPLETE_FIXED_PRICE_ANCHOR; RAW_LISTING_PRICES_MATCH,https://web.ifzq.gtimg.cn/appstock/app/hkfqkline/get,0.0823529411764705,-0.0117647058823529,0.0952380952380951,-0.0230960363868746,0.1079420101576178,-0.0208301750343785,0.1053781617652196,-0.0080591920104139,0.0911467019590888,0.0941176470588234,-0.0011204481792717,0.0791373205587237,-0.0118344576470027,0.0909717782057265,0.1025042495525704,-0.0233669289938466,1021.HK,17.0,17.0,80785000,Fixed price,0.0,,2026-03-20,2026-03-20,2026-03-25,-0.0451345,17.0,17.0,equal_endpoints,,,,,,,No two-sided range,0.0,0.0,2026-03-20,2026-03-25,2026-03,80785000,1373345000.0,0.3172493698028729,25277.32,25335.949,0.0023167452876172,0.0041192547471463,False,,recorded_equal_endpoints,0.0
1081.HK,2026Q2,100,share,66.4,66.4,0.0,3.0014822134387353,6640.000000000001,0.0300148221343873,0.0,0.0,15,False,2026-06-05,1,6640703840.000001,66.4,66.4,2026Q2,A+H,Large,8696600,8696600,8696600,8696600,1168777400,122627,0,0,134.39,134.39475197203504,1.0,0.0074407667362493,4.033834576235729,0.0225740553981379,0.0,-3.469446951953614e-18,0.0047519720350521,0.0,0.0,Low,66.4,24961.949,26038.32,25633.211,-0.041338,-0.0115411,-0.0261872,0.0268914,0.0116758,2026-06-02,2026-06-03,RECORDED_PRICING_DATE_PROXY,2026-06-03,2026-06-02,PRICING_DATE_PROXY; RAW_LISTING_PRICES_MATCH,https://web.ifzq.gtimg.cn/appstock/app/hkfqkline/get,0.0,0.0,0.0,-0.0413379588237643,0.0431204710818053,-0.0261871990988564,0.0268914098013739,-0.0115410598176879,0.0116758110514527,0.0,0.0,0.0,0.0,0.0,0.0422166737414268,-0.0422166737414268,1081.HK,,66.4,86965800,Fixed price,0.0,2026-06-03,2026-05-28,2026-05-28,2026-06-02,-0.0230435,,66.4,undisclosed_lower_bound,,,,,,,No two-sided range,1.0,0.0,2026-05-28,2026-06-02,2026-06,86965800,5774529120.000001,1.753456715421144,25006.16,26038.32,0.0404471046133749,0.0,False,confirmed_maximum_only,confirmed_maximum_only,0.0
1187.HK,2026Q2,100,share,39.33,38.9,-0.0109331299262649,5.0006922331441235,3933.0,0.0500069223314412,-2.150297660251972,-0.0005467321790622,12,False,2026-05-06,1,1061910000.0,39.33,38.9,2026Q2,A+H,Medium,2700000,2700000,2700000,2700000,1077506800,105939,0,0,399.08,399.0765925925926,1.0,0.0025057846502685,19.956592170073986,0.0475011376811726,0.0,0.0,-0.0034074074073942,-2.7396069148626464e-05,-0.0005193361099136,Middle,39.84,26213.779,25776.529,26095.881,0.0169631,0.0121694,0.00451788,-0.0153815,-0.0228247,2026-04-30,2026-05-04,RECORDED_PRICING_DATE_PROXY,2026-05-04,2026-04-30,PRICING_DATE_PROXY; RAW_LISTING_PRICES_MATCH,https://web.ifzq.gtimg.cn/appstock/app/hkfqkline/get,-0.0109331299262649,0.0129672006102212,-0.0235943775100402,0.0169631062428925,-0.027430922516175,0.0045178777447674,-0.0153815158628348,0.012169379444278,-0.0228247463712321,-0.0239003305364862,-0.0003059530264459,-0.0109933358193175,0.0128838462726793,-0.0238771820919969,-0.0278141751804091,0.0168208393610916,1187.HK,,39.33,27000000,Fixed price,0.0,2026-05-04,2026-04-27,2026-04-27,2026-04-30,0.0364814,,39.33,undisclosed_lower_bound,,,,,,,No two-sided range,1.0,0.0,2026-04-27,2026-04-30,2026-05,27000000,1061910000.0,0.0600691734659101,25925.65,25776.529,-0.0057684769341707,-0.0005467321790622,False,confirmed_maximum_only,confirmed_maximum_only,0.0
1191.HK,2026Q2,50,share,114.0,165.0,0.4473684210526316,1.9999753241786031,5700.0,0.039999506483572,101.99874153310876,0.0178945160584401,16,False,2026-06-29,0,1531191000.0,114.0,165.0,2026Q2,Non-A+H,Medium,1343150,1343150,1343150,1343150,1741912550,185373,0,0,1296.89,1296.8860886721511,1.0,0.0007710777444022,51.87480351229604,0.0392284287391697,1.0842021724855044e-19,6.938893903907228e-18,-0.0039113278487548,0.000344955833022,0.017549560225418,Middle,199.9,23026.68,23412.18,23924.811,-0.0164658,0.0156503,-0.0375397,0.503821,0.425066,2026-06-24,2026-06-18,PROSPECTUS_FIXED_PRICE,2026-06-18,2026-06-24,COMPLETE_FIXED_PRICE_ANCHOR; RAW_LISTING_PRICES_MATCH,https://web.ifzq.gtimg.cn/appstock/app/hkfqkline/get,0.4473684210526316,0.7535087719298246,-0.1745872936468234,-0.0164657883204383,0.4715994663581551,-0.0375397322887942,0.5038214766980142,0.0156502825815916,0.4250657395316171,-0.3061403508771929,-0.1315530572303696,0.3697470255060852,0.5616187931118589,-0.1918717676057738,0.3863498816214493,-0.016602856115364,1191.HK,114.0,114.0,13431500,Fixed price,0.0,,2026-06-18,2026-06-18,2026-06-24,-0.0575897,114.0,114.0,equal_endpoints,,,,,,,No two-sided range,1.0,0.0,2026-06-18,2026-06-24,2026-06,13431500,1531191000.0,0.426045863956332,23924.811,23412.18,-0.0216596378569347,0.0178945160584401,False,,recorded_equal_endpoints,0.0
1236.HK,2026Q2,200,share,26.36,60.0,1.276176024279211,1.6018391486521562,5272.0,0.0080091957432607,53.885868960658534,0.0102211435813085,17,False,2026-05-11,0,878668424.0,26.36,60.0,2026Q2,Non-A+H,Small,3333400,3333400,3333400,3333400,22359328600,296740,0,0,6707.66,6707.664426711466,1.0,0.0001490831884817,53.7229973736387,0.0078601125547789,0.0,0.0,0.0044267114662943,0.0001902563907635,0.0100308871905448,High,53.5,26406.84,26213.779,26626.279,0.00736487,0.000497429,-0.00824144,1.29509,1.27504,2026-05-06,2026-05-07,RECORDED_PRICING_DATE_PROXY,2026-05-07,2026-05-06,PRICING_DATE_PROXY; RAW_LISTING_PRICES_MATCH,https://web.ifzq.gtimg.cn/appstock/app/hkfqkline/get,1.276176024279211,1.0295902883156298,0.1214953271028036,0.0073648671563151,1.2595348502718942,-0.008241444476714,1.2950908884050132,0.0004974291034709,1.2750443510073328,0.2465857359635812,0.1250904088607773,0.8224968525877943,0.7078339442676544,0.1146629083201397,0.8151589736369041,0.0073378789508901,1236.HK,24.0,30.0,33333400,Within range,-0.023704,2026-05-07,2026-04-30,2026-04-30,2026-05-06,0.0464878,24.0,30.0,two_sided_range,27.0,-0.0237037037037037,0.3933333333333332,0.2222222222222222,-0.0239891563700226,0.7985076962177716,Inside range,1.0,0.0,2026-04-30,2026-05-06,2026-05,33333400,900001800.0,-0.1053585156598263,25776.529,26213.779,0.0168208393610916,0.0089809781601097,False,,two_sided_range,-0.1213333333333334
1377.HK,2026Q3,100,share,380.0,373.2,-0.0178947368421052,3.001409382460379,38000.0,0.0300140938246037,-20.409583800730612,-0.0005370943105455,18,False,2026-07-09,1,4800160000.0,380.0,373.2,2026Q3,A+H,Large,1263200,1136900,1263200,1202900,403185300,118991,60300,126300,354.64,354.63567596094646,1.0580525991731902,0.0029834917096431,10.060056050295945,0.0270306021149605,4.336808689942021e-19,6.938893903907228e-18,-0.0043240390535288,-5.3388799014667314e-05,-0.0004837055115308,Low,330.0,24030.18,23616.32,23496.891,0.0175243,-0.00699524,0.0226962,-0.0396901,-0.0109763,2026-07-06,2026-07-07,RECORDED_PRICING_DATE_PROXY,2026-07-07,2026-07-06,PRICING_DATE_PROXY; RAW_LISTING_PRICES_MATCH,https://web.ifzq.gtimg.cn/appstock/app/hkfqkline/get,-0.0178947368421052,-0.131578947368421,0.1309090909090908,0.0175243221636562,-0.0348090539304719,0.0226961515887358,-0.0396900764394039,-0.0069952384476662,-0.0109762800909435,0.1136842105263157,-0.0172248803827751,-0.0180567837472427,-0.1410785982599054,0.1230218145126628,-0.0354293256425086,0.0173725418952658,1377.HK,,380.0,12632000,Fixed price,0.0,2026-07-07,2026-06-30,2026-06-30,2026-07-06,-0.0856039,,380.0,undisclosed_lower_bound,,,,,,,No two-sided range,0.0,1.0,2026-06-30,2026-07-06,2026-07,12632000,4800160000.0,1.5686492506916354,22881.02,23616.32,0.0316302525242608,-0.0005370943105455,True,confirmed_maximum_only,confirmed_maximum_only,0.0
1392.HK,2026Q2,500,share,7.2,26.7,2.708333333333333,10.000896941429724,3600.0,0.0200017938828594,195.01749035787964,0.054171525099411,13,False,2026-06-22,0,613170000.0,7.2,26.7,2026Q2,Non-A+H,Small,8516500,8516500,8516500,8516500,61158791500,252640,0,0,7181.21,7181.211941525275,1.0,0.0001392522610588,143.63712108351712,0.0198625416218005,0.0,0.0,0.0019415252745602,0.0003771415403676,0.0537943835590432,High,29.0,23768.52,24493.949,24249.289,-0.0296167,-0.00653259,-0.0198261,2.78334,2.73272,2026-06-16,2026-06-11,PROSPECTUS_FIXED_PRICE,2026-06-11,2026-06-16,COMPLETE_FIXED_PRICE_ANCHOR; RAW_LISTING_PRICES_MATCH,https://web.ifzq.gtimg.cn/appstock/app/hkfqkline/get,2.708333333333333,3.0277777777777777,-0.0793103448275862,-0.0296166616497813,2.821513814981609,-0.0198261070664793,2.7833422824952216,-0.0065325907903723,2.7327176502786035,-0.3194444444444446,-0.2401340996168583,1.310582539384194,1.3932148039644645,-0.0826322645802702,1.3406466307620704,-0.030064091377876,1392.HK,7.2,7.2,85162500,Fixed price,0.0,,2026-06-11,2026-06-11,2026-06-16,-0.0736282,7.2,7.2,equal_endpoints,,,,,,,No two-sided range,1.0,0.0,2026-06-11,2026-06-16,2026-06,85162500,613170000.0,-0.4891130568603409,24249.289,24493.949,0.0100388100883266,0.054171525099411,False,,recorded_equal_endpoints,0.0
1511.HK,2026Q2,50,share,60.3,57.5,-0.0464344941956881,2.50048321628761,3015.0,0.0500096643257522,-7.001353005605301,-0.0023221734678624,20,False,2026-05-20,0,872010360.0,60.3,57.5,2026Q2,Non-A+H,Small,723100,723100,2892250,2892250,4900657700,285972,0,0,6777.29,6777.289033328723,3.999792559811921,0.0005901758859836,84.73688185752022,0.0494194884397685,-1.0842021724855044e-19,-6.938893903907228e-18,-0.0009666712767284,-2.740451875214196e-05,-0.0022947689491103,High,56.0,25651.119,25962.731,26347.91,-0.0120023,-0.00568772,-0.0264458,-0.0205317,-0.0409799,2026-05-15,2026-05-12,PROSPECTUS_FIXED_PRICE,2026-05-12,2026-05-15,COMPLETE_FIXED_PRICE_ANCHOR; RAW_LISTING_PRICES_MATCH,https://web.ifzq.gtimg.cn/appstock/app/hkfqkline/get,-0.0464344941956881,-0.0713101160862355,0.0267857142857141,-0.0120022812700251,-0.0348504984099801,-0.0264457788112985,-0.0205316919688187,-0.005687722038852,-0.0409798541765852,0.0248756218905473,-0.001910092395167,-0.0475471559298349,-0.0739804129979905,0.0264332570681554,-0.0354722657151417,-0.0120748902146931,1511.HK,60.3,60.3,14461200,Fixed price,0.0,,2026-05-12,2026-05-12,2026-05-15,0.0198235,60.3,60.3,equal_endpoints,,,,,,,No two-sided range,1.0,0.0,2026-05-12,2026-05-15,2026-05,14461200,872010360.0,-0.1369539744097878,26347.91,25962.731,-0.0147268683426838,-0.0023221734678624,False,,recorded_equal_endpoints,0.0
1609.HK,2026Q2,50,share,98.5,215.0,1.1827411167512691,0.7492536448218892,4925.0,0.0149850728964377,87.28804962175009,0.017723461852132,13,False,2026-05-05,0,829552225.0,98.5,215.0,2026Q2,Non-A+H,Small,842200,842200,842200,842200,6588640500,300735,0,0,7823.13,7823.130491569698,1.0,0.0001278260666976,117.23018069451643,0.01485724682974,0.0,0.0,0.0004915696981697,0.0001511851448759,0.0175722767072559,High,288.0,25898.609,26111.84,25978.07,-0.00816607,-0.00755951,-0.00305877,1.18944,1.19937,2026-04-29,2026-04-24,PROSPECTUS_FIXED_PRICE,2026-04-24,2026-04-29,COMPLETE_FIXED_PRICE_ANCHOR; RAW_LISTING_PRICES_MATCH,https://web.ifzq.gtimg.cn/appstock/app/hkfqkline/get,1.1827411167512691,1.9238578680203045,-0.2534722222222222,-0.008166065662167,1.200712277714624,-0.0030587722644522,1.189438109314776,-0.0075595071881268,1.1993672492815437,-0.7411167512690353,-0.4876445290468132,0.7805814799496197,1.0729039319579028,-0.2923224520082831,0.7887810705620265,-0.0081995906124068,1609.HK,98.5,98.5,8421850,Fixed price,0.0,,2026-04-24,2026-04-24,2026-04-29,0.0628619,98.5,98.5,equal_endpoints,,,,,,,No two-sided range,1.0,0.0,2026-04-24,2026-04-29,2026-05,8421850,829552225.0,-0.1868692117192857,25978.07,26111.84,0.0051361307427533,0.017723461852132,True,,recorded_equal_endpoints,0.0
1641.HK,2026Q1,500,share,12.26,12.3,0.0032626427406199,5.003269613881412,6130.0,0.0100065392277628,0.2001307845552611,3.264776257018941e-05,12,False,2026-01-13,0,285204380.0,12.26,12.3,2026Q1,Non-A+H,Small,2326500,2326500,2326500,2326500,5372469000,103102,0,0,2309.25,2309.2495164410057,1.0,0.0004330411213168,23.1075958729592,0.0095734981064459,-5.421010862427522e-20,0.0,-0.0004835589943468,1.4128584708543123e-06,3.123490409933425e-05,High,19.58,26848.471,26149.311,25630.539,0.0267372,0.0090193,0.0475188,-0.0422485,-0.00570521,2026-01-08,2025-12-31,PROSPECTUS_FIXED_PRICE,2025-12-31,2026-01-08,COMPLETE_FIXED_PRICE_ANCHOR; RAW_LISTING_PRICES_MATCH,https://web.ifzq.gtimg.cn/appstock/app/hkfqkline/get,0.0032626427406199,0.597063621533442,-0.3718079673135852,0.0267372245486696,-0.0228632811266471,0.0475187821840188,-0.0422485402611372,0.0090193047848166,-0.0057052050608925,-0.593800978792822,-0.2219930114792368,0.0032573318703065,0.4681667065942989,-0.4649093747239924,-0.023128699295341,0.0263860311656475,1641.HK,12.26,12.26,23263000,Fixed price,0.0,,2025-12-31,2025-12-31,2026-01-08,-0.00016594,12.26,12.26,equal_endpoints,,,,,,,No two-sided range,0.0,0.0,2025-12-31,2026-01-08,2026-01,23263000,285204380.0,-1.254549232916165,25630.539,26149.311,0.0200382719736956,3.264776257018941e-05,False,,recorded_equal_endpoints,0.0
1688.HK,2026Q2,660,share,10.18,9.71,-0.0461689587426324,8.10296664618135,6718.8,0.0122772221911838,-3.8083943237052256,-0.0005668265648189,16,False,2026-06-26,1,8264244938.4,10.18,9.71,2026Q2,A+H,Large,81181320,81181320,81181320,81181320,7806295200,162822,0,0,96.16,96.1587616461521,1.0,0.0103994683675298,1.1805624823588925,0.0018777538236539,0.0,0.0,-0.0012383538478957,-0.0004801326260057,-8.66939388131001e-05,Low,10.8,22671.859,23336.279,,-0.0284715,-0.0175522,,,-0.029128,2026-06-23,,,,2026-06-23,MISSING_PRICING_ANCHOR; RAW_LISTING_PRICES_MATCH,https://web.ifzq.gtimg.cn/appstock/app/hkfqkline/get,-0.0461689587426324,0.0609037328094304,-0.1009259259259258,-0.0284715485275094,-0.0182160493481174,,,-0.0175522199462579,-0.0291279998564494,-0.1070726915520628,-0.0061467656261369,-0.047268728819143,0.0591211230077974,-0.1063898518269404,-0.0183840043527837,-0.0288847244663592,1688.HK,,10.18,811811880,Fixed price,0.0,,2026-06-17,2026-06-17,2026-06-23,-0.0460067,,10.18,undisclosed_lower_bound,,,,,,,No two-sided range,1.0,0.0,2026-06-17,2026-06-23,2026-06,811811880,8264244938.4,2.1119383705843005,24312.16,23336.279,-0.0409674484346112,-0.0005668265648189,False,confirmed_maximum_only,confirmed_maximum_only,0.0
1768.HK,2026Q1,100,share,236.6,400.0,0.6906170752324599,3.0007952350812275,23660.0,0.0300079523508122,490.3299414122726,0.0207240042862329,19,False,2026-01-28,0,3669949920.0,236.6,400.0,2026Q1,Non-A+H,Large,1410200,1410200,1410200,1410200,2678666900,229245,0,0,1899.49,1899.494327045809,1.0,0.0005264559023744,56.99993525662872,0.0294814964484377,0.0,0.0,0.0043270458090773,0.0003635794355366,0.0203604248506962,Middle,445.0,27826.91,26749.51,26765.52,0.0402774,0.0258032,0.0396551,0.626133,0.648091,2026-01-23,2026-01-26,RECORDED_PRICING_DATE_PROXY,2026-01-26,2026-01-23,PRICING_DATE_PROXY; RAW_LISTING_PRICES_MATCH,https://web.ifzq.gtimg.cn/appstock/app/hkfqkline/get,0.6906170752324599,0.8808114961961115,-0.101123595505618,0.040277373305156,0.6251599031333852,0.0396551234573436,0.626132586746998,0.0258031598024532,0.6480911167772527,-0.1901944209636517,-0.0890708254580337,0.5250935955636956,0.6317033306219538,-0.1066097350582582,0.4856062128687857,0.0394873826949098,1768.HK,229.6,236.6,14101100,At high,0.015015,2026-01-26,2026-01-20,2026-01-20,2026-01-23,0.0429986,229.6,236.6,two_sided_range,233.1,0.015015015015015,1.0,0.03003003003003,0.0149034055025749,0.5399970010662706,At high,0.0,0.0,2026-01-20,2026-01-23,2026-01,14101100,3286966410.0,1.189965075585146,26487.51,26749.51,0.0098428542863141,0.0207240042862329,False,,two_sided_range,0.0
1770.HK,2026Q3,50,share,78.64,80.0,0.017293997965412,1.500056534794025,3932.0,0.0300011306958804,2.040076887319873,0.0005188394932146,10,False,2026-07-09,0,402526704.0,78.64,80.0,2026Q3,Non-A+H,Small,511900,511900,511900,511900,546474050,126957,0,0,1067.54,1067.5406329361203,1.0,0.000936732494434,32.02742605187943,0.0290643982014463,0.0,0.0,0.0006329361203825,1.6199849852878472e-05,0.0005026396433617,Middle,77.15,24030.18,23350.029,23616.32,0.0291285,-0.00699524,0.0175243,-0.000226357,0.0244603,2026-07-03,2026-07-06,RECORDED_PRICING_DATE_PROXY,2026-07-06,2026-07-03,PRICING_DATE_PROXY; RAW_LISTING_PRICES_MATCH,https://web.ifzq.gtimg.cn/appstock/app/hkfqkline/get,0.017293997965412,-0.0189471007121057,0.0369410239792611,0.0291284863072334,-0.0114995245970562,0.0175243221636562,-0.0002263574375838,-0.0069952384476662,0.02446034234026,0.0362410986775177,-0.0006999253017433,0.0171461588349705,-0.0191288970297411,0.0362750558647117,-0.0115661554379,0.0287123142728706,1770.HK,78.64,101.11,5118600,At low,-0.125007,2026-07-06,2026-06-29,2026-06-29,2026-07-03,-0.093349,78.64,101.11,two_sided_range,89.875,-0.1250069541029207,0.0,0.2500139082058414,-0.1335393402022996,-0.1163931813673291,At low,0.0,1.0,2026-06-29,2026-07-03,2026-07,5118600,460034175.0,-0.7764544987803593,23026.68,23350.029,0.0139446824351601,0.0004035361264602,True,,two_sided_range,-0.2222332113539709
1779.HK,2026Q2,50,share,96.06,131.8,0.3720591297105977,1.0008992454158032,4803.0,0.020017984908316,35.77213903116082,0.0074478740435479,17,False,2026-06-05,0,1363393989.0,96.06,131.8,2026Q2,Non-A+H,Medium,1419350,1419350,1419350,1419350,6759772650,266377,0,0,4762.58,4762.583330397717,1.0,0.0002099700793931,95.33732123249888,0.0198080148289228,0.0,0.0,0.0033303977170362,7.812128500427256e-05,0.0073697527585436,High,144.3,24961.949,26038.32,25006.16,-0.041338,-0.0115411,-0.001768,0.374489,0.388079,2026-06-02,2026-05-28,PROSPECTUS_FIXED_PRICE,2026-05-28,2026-06-02,COMPLETE_FIXED_PRICE_ANCHOR; RAW_LISTING_PRICES_MATCH,https://web.ifzq.gtimg.cn/appstock/app/hkfqkline/get,0.3720591297105977,0.5021861336664586,-0.0866250866250866,-0.0413379588237643,0.4312229657358106,-0.0017680043637247,0.3744892326718543,-0.0115410598176879,0.3880790328605195,-0.1301270039558608,-0.0435019173307743,0.3163126258317286,0.4069214695431469,-0.0906088437114183,0.3585292995731555,-0.0422166737414268,1779.HK,96.06,96.06,14193150,Fixed price,0.0,,2026-05-28,2026-05-28,2026-06-02,-0.0230435,96.06,96.06,equal_endpoints,,,,,,,No two-sided range,1.0,0.0,2026-05-28,2026-06-02,2026-06,14193150,1363393989.0,0.3099771711059649,25006.16,26038.32,0.0404471046133749,0.0074478740435479,False,,recorded_equal_endpoints,0.0
1879.HK,2026Q2,15,share,183.2,886.0,3.836244541484717,0.9000724112961622,2748.0,0.0600048274197441,632.5708906589427,0.2301931916517259,24,False,2026-04-28,0,2527283388.0,183.2,886.0,2026Q2,Non-A+H,Large,689775,689775,2759055,2759055,3990144405,378085,0,0,5784.7,5784.704294878765,3.999934761335218,0.0006914674558,86.77896105800083,0.059313359963944,0.0,0.0,0.0042948787649947,0.0026526382529271,0.2275405533987986,High,880.0,25679.779,25915.199,25978.07,-0.00908424,-0.0094837,-0.0114824,3.89242,3.88255,2026-04-23,2026-04-24,RECORDED_PRICING_DATE_PROXY,2026-04-24,2026-04-23,PRICING_DATE_PROXY; RAW_LISTING_PRICES_MATCH,https://web.ifzq.gtimg.cn/appstock/app/hkfqkline/get,3.836244541484717,3.803493449781659,0.0068181818181818,-0.009084244346339,3.880580931215965,-0.0114824157452805,3.892421357512767,-0.0094836966479144,3.882549156554006,0.0327510917030569,0.025932909884875,1.576138498365051,1.5693434552322223,0.0067950431328288,1.5852642560619266,-0.0091257576968755,1879.HK,166.6,183.2,13795215,At high,0.047456,2026-04-24,2026-04-20,2026-04-20,2026-04-23,0.0112798,166.6,183.2,two_sided_range,174.89999999999998,0.047455688965123,1.0,0.0949113779302458,0.0463640702154735,1.6225025685805248,At high,1.0,0.0,2026-04-20,2026-04-23,2026-04,13795215,2412783103.4999995,0.8807808959472315,26361.07,25915.199,-0.0170586700536459,0.2301931916517259,True,,two_sided_range,0.0
1956.HK,2026Q2,200,share,60.7,111.7,0.8401976935749589,0.2908085430968726,12140.0,0.0014540427154843,14.831235697940503,0.0012216833359094,17,False,2026-06-26,0,900460220.0,60.7,111.7,2026Q2,Non-A+H,Medium,741800,741800,2967000,2967000,4426156200,195072,0,0,5966.78,5966.778376921003,3.9997303855486654,0.0006703333244317,2.169133865927088,0.0007837093910525,0.0,-2.1684043449710093e-19,-0.0016230789969995,0.0005632125131139,0.0006584708227954,High,110.0,22671.859,23336.279,24312.16,-0.0284715,-0.0175522,-0.0674683,0.973335,0.873074,2026-06-23,2026-06-17,PROSPECTUS_FIXED_PRICE,2026-06-17,2026-06-23,COMPLETE_FIXED_PRICE_ANCHOR; RAW_LISTING_PRICES_MATCH,https://web.ifzq.gtimg.cn/appstock/app/hkfqkline/get,0.8401976935749589,0.8121911037891267,0.0154545454545453,-0.0284715485275094,0.8941264054448181,-0.0674683368322682,0.973335347481888,-0.0175522199462579,0.8730743057654384,0.0280065897858321,0.0125520443312864,0.6098730080097025,0.5945366677269636,0.0153363402827387,0.6387577324760618,-0.0288847244663592,1956.HK,60.7,60.7,14834600,Fixed price,0.0,,2026-06-17,2026-06-17,2026-06-23,-0.0460067,60.7,60.7,equal_endpoints,,,,,,,No two-sided range,1.0,0.0,2026-06-17,2026-06-23,2026-06,14834600,900460220.0,-0.1048492907999693,24312.16,23336.279,-0.0409674484346112,0.0012216833359094,False,,recorded_equal_endpoints,0.0
1989.HK,2026Q1,100,share,71.88,96.0,0.335559265442404,5.000361402240694,7188.0,0.0500036140224069,120.60871702204555,0.0167791759908243,15,False,2026-03-20,1,3306480000.0,71.88,96.0,2026Q1,A+H,Large,4600000,4600000,4600000,4600000,4925330400,202417,0,0,1070.72,1070.724,1.0,0.0009339474972074,53.5400696205276,0.0490696665251994,-1.0842021724855044e-19,-6.938893903907228e-18,0.0039999999999054,0.0003133947361247,0.0164657812546996,Middle,95.05,25277.32,25868.539,26025.42,-0.0228548,-0.00875509,-0.028745,0.375086,0.347355,2026-03-17,2026-03-18,RECORDED_PRICING_DATE_PROXY,2026-03-18,2026-03-17,PRICING_DATE_PROXY; RAW_LISTING_PRICES_MATCH,https://web.ifzq.gtimg.cn/appstock/app/hkfqkline/get,0.335559265442404,0.3223427935447969,0.0099947396107311,-0.0228547503204569,0.366797071244427,-0.0287449731839101,0.375086077876533,-0.0087550949821534,0.3473554907385459,0.0132164718976071,0.0032217322868759,0.2893501295524779,0.2794050070190799,0.009945122533398,0.3124700984738733,-0.0231199689213954,1989.HK,,71.88,46000000,Fixed price,0.0,2026-03-18,2026-03-12,2026-03-12,2026-03-17,-0.0248942,,71.88,undisclosed_lower_bound,,,,,,,No two-sided range,0.0,0.0,2026-03-12,2026-03-17,2026-03,46000000,3306480000.0,1.1958841794223165,25716.76,25868.539,0.005884600494027,0.0167791759908243,False,confirmed_maximum_only,confirmed_maximum_only,0.0
2041.HK,2026Q3,100,share,15.42,8.8,-0.4293125810635537,5.002558853633572,1542.0,0.0500255885363357,-33.11693961105424,-0.0214766145337576,11,False,2026-09-07,0,600001452.0,15.42,8.8,2026Q3,Non-A+H,Small,3891100,3891100,3891100,3891100,1697974600,57305,0,0,436.37,436.3739302510858,1.0,0.0022916126071614,21.82986268272447,0.0477339759291742,0.0,6.938893903907228e-18,0.0039302510858192,-0.0009838181231782,-0.0204927964105793,Middle,10.0,25413.119,25311.211,,0.0040262,-0.00926869,,,-0.423974,2026-09-02,,,,2026-09-02,MISSING_PRICING_ANCHOR; RAW_LISTING_PRICES_MATCH,https://web.ifzq.gtimg.cn/appstock/app/hkfqkline/get,-0.4293125810635537,-0.351491569390402,-0.1199999999999998,0.0040262000897546,-0.4316010688910012,,,-0.0092686918326236,-0.4239735695926618,-0.0778210116731517,0.0421789883268482,-0.5609136466510225,-0.4330802751411377,-0.1278333715098847,-0.5649317632869999,0.0040181166359773,2041.HK,,15.42,38910600,Fixed price,0.0,,2026-08-28,2026-08-28,2026-09-02,-0.0113362,,15.42,undisclosed_lower_bound,,,,,,,No two-sided range,0.0,1.0,2026-08-28,2026-09-02,2026-09,38910600,600001452.0,-0.5108232037689189,25584.789,25311.211,-0.0107505750899856,-0.0214766145337576,True,confirmed_single_price,confirmed_single_price,0.0
2249.HK,2026Q3,100,share,32.3,32.3,0.0,8.000181204557293,3229.9999999999995,0.0800018120455729,0.0,0.0,15,False,2026-07-10,1,6982194099.999999,32.3,32.3,2026Q3,A+H,Large,21616700,21616700,21616700,21616700,7441779600,195505,0,0,344.26,344.2606688347435,1.0,0.0029047756265181,27.541477322800365,0.0770970364190547,0.0,0.0,0.0006688347435215,0.0,0.0,Low,36.0,24175.119,23496.891,24199.461,0.0288646,0.00603154,-0.00100589,0.0010069,-0.00599538,2026-07-07,2026-07-08,RECORDED_PRICING_DATE_PROXY,2026-07-08,2026-07-07,PRICING_DATE_PROXY; RAW_LISTING_PRICES_MATCH,https://web.ifzq.gtimg.cn/appstock/app/hkfqkline/get,0.0,0.1145510835913312,-0.1027777777777778,0.0288645846805859,-0.0280547946837406,-0.0010058901725125,0.0010069030063513,0.0060315403380248,-0.005995378967938,-0.1145510835913312,-0.0117733058135535,0.0,0.1084517082274991,-0.1084517082274992,-0.028455849242143,0.0284558492421431,2249.HK,30.0,32.3,216167000,At high,0.036918,2026-07-08,2026-06-30,2026-06-30,2026-07-07,-0.0856039,30.0,32.3,two_sided_range,31.15,0.0369181380417335,1.0,0.073836276083467,0.0362529849951486,0.0362529849951487,At high,0.0,1.0,2026-06-30,2026-07-07,2026-07,216167000,6733602050.0,1.9071102233585713,22881.02,23496.891,0.0265603685881372,0.0,True,,two_sided_range,0.0
2261.HK,2026Q3,100,share,10.42,17.1,0.6410748560460655,8.001180986123412,1042.0,0.0800118098612341,53.4478889873044,0.0512935594887758,11,False,2026-08-07,0,600134690.0,10.42,17.1,2026Q3,Non-A+H,Small,5759500,5759500,5759500,5759500,14476731200,161125,0,0,2513.54,2513.539578088376,1.0,0.0003978453367981,201.1128508006937,0.0796139645244359,0.0,0.0,-0.0004219116240165,0.0002550486420164,0.0510385108467593,High,16.9,25668.029,25852.92,,-0.00715165,0.00539555,,,0.632268,2026-08-04,,,,2026-08-04,MISSING_PRICING_ANCHOR; RAW_LISTING_PRICES_MATCH,https://web.ifzq.gtimg.cn/appstock/app/hkfqkline/get,0.6410748560460655,0.6218809980806141,0.0118343195266272,-0.0071516486338873,0.6528957859355093,,,0.0053955540399694,0.632267866564312,0.0191938579654513,0.0073595384388238,0.4953514271833935,0.4835865856038069,0.0117648415795864,0.5025287714403766,-0.0071773442569831,2261.HK,10.42,11.18,57594500,At low,-0.035185,,2026-07-30,2026-07-30,2026-08-04,0.127918,10.42,11.18,two_sided_range,10.8,-0.0351851851851852,0.0,0.0703703703703703,-0.0358190978049532,0.4595323293784401,At low,0.0,1.0,2026-07-30,2026-08-04,2026-08,57594500,622020600.0,-0.4747820678203174,25858.881,25852.92,-0.0002305469897057,0.0478066985575173,False,,two_sided_range,-0.06797853309481217
2272.HK,2026Q2,60,share,39.55,120.2,2.0391908975979773,1.2007936279725109,2373.0,0.0200132271328751,96.844006095983,0.0408107906009199,10,False,2026-06-26,0,399940674.0,39.55,120.2,2026Q2,Non-A+H,Small,1011240,1011240,1011240,1011240,2138980680,165737,0,0,2115.21,2115.205767176931,1.0,0.0004727672435077,42.332093451279256,0.0195404598893673,-5.421010862427522e-20,0.0,-0.0042328230688326,0.0009640626596435,0.0398467279412762,High,110.1,22671.859,23336.279,24312.16,-0.0284715,-0.0175522,-0.0674683,2.25908,2.09349,2026-06-23,2026-06-17,PROSPECTUS_FIXED_PRICE,2026-06-17,2026-06-23,COMPLETE_FIXED_PRICE_ANCHOR; RAW_LISTING_PRICES_MATCH,https://web.ifzq.gtimg.cn/appstock/app/hkfqkline/get,2.0391908975979773,1.783817951959545,0.0917347865576749,-0.0284715485275094,2.1282572249856893,-0.0674683368322682,2.25907528681021,-0.0175522199462579,2.0934884879395086,0.2553729456384324,0.1636381590807577,1.1115913278874443,1.0238233495149711,0.087767978372473,1.1404760523538036,-0.0288847244663592,2272.HK,39.55,39.55,10112280,Fixed price,0.0,,2026-06-17,2026-06-17,2026-06-23,-0.0460067,39.55,39.55,equal_endpoints,,,,,,,No two-sided range,1.0,0.0,2026-06-17,2026-06-23,2026-06,10112280,399940674.0,-0.9164390578739124,24312.16,23336.279,-0.0409674484346112,0.0408107906009199,False,,recorded_equal_endpoints,0.0
2290.HK,2026Q2,500,share,5.18,2.81,-0.4575289575289575,25.008672274737663,2590.0,0.0500173445494753,-59.27055329112825,-0.0228843835100881,7,False,2026-06-05,0,647500000.0,5.18,2.81,2026Q2,Non-A+H,Small,12500000,12500000,12500000,12500000,8311550000,133189,0,0,664.92,664.924,1.0,0.0015039312763563,33.25773280721531,0.0485134132731189,0.0,0.0,0.004000000000019,-0.0006880921090665,-0.0221962914010215,Middle,4.32,24961.949,26038.32,25633.211,-0.041338,-0.0115411,-0.0261872,-0.442941,-0.451195,2026-06-02,2026-06-03,RECORDED_PRICING_DATE_PROXY,2026-06-03,2026-06-02,PRICING_DATE_PROXY; RAW_LISTING_PRICES_MATCH,https://web.ifzq.gtimg.cn/appstock/app/hkfqkline/get,-0.4575289575289575,-0.1660231660231659,-0.3495370370370371,-0.0413379588237643,-0.4341373506293681,-0.0261871990988564,-0.4429411464204901,-0.0115410598176879,-0.451195168136181,-0.2915057915057916,0.0580312455312455,-0.6116205729257372,-0.1815496540153726,-0.4300709189103646,-0.5694038991843103,-0.0422166737414268,2290.HK,5.18,6.38,125000000,At low,-0.103806,2026-06-03,2026-05-28,2026-05-28,2026-06-02,-0.0230435,5.18,6.38,two_sided_range,5.779999999999999,-0.1038062283737023,0.0,0.2076124567474049,-0.1095986264128943,-0.7212191993386315,At low,1.0,0.0,2026-05-28,2026-06-02,2026-06,125000000,722499999.9999999,-0.3250378589955499,25006.16,26038.32,0.0404471046133749,-0.0185801107495699,False,,two_sided_range,-0.18808777429467083
2335.HK,2026Q2,200,share,18.2,36.9,1.0274725274725274,6.000907852927825,3640.0,0.0300045392646391,112.21697684975032,0.0308288397938874,11,False,2026-06-24,0,1056590080.0,18.2,36.9,2026Q2,Non-A+H,Medium,5805600,5805600,5805600,5805600,6859076200,153832,0,0,1181.46,1181.458626154058,1.0,0.0008464113578443,35.449121737986005,0.0291581279067947,-1.0842021724855044e-19,-3.469446951953614e-18,-0.0013738459419982,0.0008696644171258,0.0299591753767616,Middle,34.02,23412.18,23924.811,23768.52,-0.0214268,0.00325249,-0.0149921,1.05833,1.0209,2026-06-18,2026-06-22,RECORDED_PRICING_DATE_PROXY,2026-06-22,2026-06-18,PRICING_DATE_PROXY; RAW_LISTING_PRICES_MATCH,https://web.ifzq.gtimg.cn/appstock/app/hkfqkline/get,1.0274725274725274,0.8692307692307695,0.0846560846560844,-0.0214267523367269,1.0718658846580085,-0.0149920987928571,1.0583312326610046,0.0032524893964458,1.0208995730399328,0.1582417582417579,0.0735856735856734,0.7067899569637318,0.6255269928849662,0.0812629640787655,0.7284495948206666,-0.0216596378569347,2335.HK,18.2,21.0,58054400,At low,-0.071429,2026-06-22,2026-06-15,2026-06-15,2026-06-18,-0.0633194,18.2,21.0,two_sided_range,19.6,-0.0714285714285715,0.0,0.1428571428571428,-0.0741079721537219,0.6326819848100098,At low,1.0,0.0,2026-06-15,2026-06-18,2026-06,58054400,1137866240.0,0.1291547892527677,24842.67,23924.811,-0.0376467015902754,0.026718327821369,False,,two_sided_range,-0.13333333333333341
2475.HK,2026Q3,100,share,63.28,62.3,-0.0154867256637168,100.0,6328.0,1.0,-98.0000000000004,-0.0154867256637168,22,False,2026-07-09,1,24266158784.0,63.28,62.3,2026Q3,A+H,Large,38347300,38347300,38347300,38347300,144959900,47308,0,0,3.78,3.780185306397061,1.0,0.2645372961763908,3.780185306397061,0.7354627038236092,-5.551115123125783e-17,-2.220446049250313e-16,0.0001853063970607,-0.0040968165337051,-0.0113899091300116,Low,63.25,24030.18,23616.32,23496.891,0.0175243,-0.00699524,0.0226962,-0.0373355,-0.00855131,2026-07-06,2026-07-07,RECORDED_PRICING_DATE_PROXY,2026-07-07,2026-07-06,PRICING_DATE_PROXY; RAW_LISTING_PRICES_MATCH,https://web.ifzq.gtimg.cn/appstock/app/hkfqkline/get,-0.0154867256637168,-0.0004740834386852,-0.0150197628458498,0.0175243221636562,-0.0324425147471449,0.0226961515887358,-0.0373355049719669,-0.0069952384476662,-0.0085513056380275,-0.0150126422250316,7.1206208181977246e-06,-0.015607897665991,-0.0004741958517688,-0.0151337018142221,-0.0329804395612568,0.0173725418952658,2475.HK,,63.28,383472800,Fixed price,0.0,2026-07-07,2026-06-30,2026-06-30,2026-07-06,-0.0856039,,63.28,undisclosed_lower_bound,,,,,,,No two-sided range,0.0,1.0,2026-06-30,2026-07-06,2026-07,383472800,24266158784.0,3.189082737084742,22881.02,23616.32,0.0316302525242608,-0.0154867256637168,True,confirmed_maximum_only,confirmed_maximum_only,0.0
2476.HK,2026Q2,100,share,209.88,315.0,0.5008576329331047,0.7139168603150013,20988.0,0.00713916860315,75.04694035631294,0.003575707087684,25,False,2026-04-21,1,20116998000.0,209.88,315.0,2026Q2,A+H,Large,8334800,7501400,8334800,7852800,3234220300,250606,482000,833400,431.15,431.1488922067881,1.0468445890100515,0.0024280349733751,2.9403071543182526,0.0047111336297748,-4.336808689942021e-19,-8.673617379884035e-19,-0.0011077932119292,0.0012160998494434,0.0023596072382405,Middle,330.0,26487.481,26394.26,26160.33,0.00353187,0.00479537,0.0125056,0.48232,0.493695,2026-04-16,2026-04-17,RECORDED_PRICING_DATE_PROXY,2026-04-17,2026-04-16,PRICING_DATE_PROXY; RAW_LISTING_PRICES_MATCH,https://web.ifzq.gtimg.cn/appstock/app/hkfqkline/get,0.5008576329331047,0.5723270440251573,-0.0454545454545454,0.0035318663982244,0.4955754602191475,0.0125056144169435,0.4823203067346753,0.0047953668041547,0.493694818385481,-0.0714694110920526,-0.0260148656375071,0.4060367000071221,0.452556715642015,-0.0465200156348928,0.4025110560022211,0.0035256440049008,2476.HK,,209.88,83348000,Fixed price,0.0,2026-04-17,2026-04-13,2026-04-13,2026-04-16,-0.00255629,,209.88,undisclosed_lower_bound,,,,,,,No two-sided range,1.0,0.0,2026-04-13,2026-04-16,2026-04,83348000,17493078240.0,2.8618052735443276,25660.85,26394.26,0.028180078143776,0.003575707087684,False,confirmed_maximum_only,confirmed_maximum_only,0.0
2493.HK,2026Q2,200,share,27.64,27.8,0.0057887120115773,2.0013210967914214,5528.0,0.0100066054839571,0.3202113754866277,5.792535736009908e-05,10,False,2026-04-28,1,1302678728.0,27.64,27.8,2026Q2,A+H,Medium,4713200,4713200,4713200,4713200,2270397600,126378,0,0,481.71,481.7104302809131,1.0,0.0020759359506017,4.82028623332832,0.0079306695333553,0.0,0.0,0.0004302809131786,1.2016995372513664e-05,4.590836198758408e-05,Middle,28.3,25679.779,25915.199,25978.07,-0.00908424,-0.0094837,-0.0114824,0.0174717,0.0154186,2026-04-23,2026-04-24,RECORDED_PRICING_DATE_PROXY,2026-04-24,2026-04-23,PRICING_DATE_PROXY; RAW_LISTING_PRICES_MATCH,https://web.ifzq.gtimg.cn/appstock/app/hkfqkline/get,0.0057887120115773,0.0238784370477569,-0.0176678445229682,-0.009084244346339,0.015009304547898,-0.0114824157452805,0.017471745603675,-0.0094836966479144,0.0154186343100131,-0.0180897250361795,-0.0004218805132112,0.0057720217971221,0.0235978057497228,-0.0178257839526005,0.0148977794939976,-0.0091257576968755,2493.HK,27.64,30.71,47130200,At low,-0.052614,2026-04-24,2026-04-20,2026-04-20,2026-04-23,0.0112798,27.64,30.71,two_sided_range,29.175,-0.0526135389888603,0.0,0.1052270779777206,-0.0540481792731505,-0.0482761574760282,At low,1.0,0.0,2026-04-20,2026-04-23,2026-04,47130200,1375023585.0,0.3184708836987011,26361.07,25915.199,-0.0170586700536459,5.213470782914811e-05,True,,two_sided_range,-0.09996743731683488
2513.HK,2026Q1,100,share,116.2,131.5,0.1316695352839931,5.000053845076945,11620.0,0.0500005384507694,76.50082382967724,0.0065835476617622,22,False,2026-01-08,0,4348145900.0,116.2,131.5,2026Q1,Non-A+H,Large,1871000,1871000,7483900,7483900,2169357600,204871,0,0,1159.46,1159.464243719936,3.999946552645644,0.0034498231181433,14.493652786951833,0.046550715332626,0.0,0.0,0.0042437199358573,0.0004542366067779,0.0061293110549843,Middle,120.0,26149.311,26347.24,25854.6,-0.00751232,-0.0117026,0.0113988,0.118915,0.14507,2026-01-05,2025-12-30,PROSPECTUS_FIXED_PRICE,2025-12-30,2026-01-05,COMPLETE_FIXED_PRICE_ANCHOR; RAW_LISTING_PRICES_MATCH,https://web.ifzq.gtimg.cn/appstock/app/hkfqkline/get,0.1316695352839931,0.0327022375215146,0.0958333333333334,-0.0075123238714946,0.1402353525420168,0.0113987839688103,0.1189152619338049,-0.0117025812325349,0.1450698077258279,0.0989672977624784,0.0031339644291451,0.1236940072000084,0.0321788983642351,0.0915151088357733,0.1312346906968787,-0.0075406834968702,2513.HK,116.2,116.2,37419500,Fixed price,0.0,,2025-12-30,2025-12-30,2026-01-05,-0.0119749,116.2,116.2,equal_endpoints,,,,,,,No two-sided range,0.0,0.0,2025-12-30,2026-01-05,2026-01,37419500,4348145900.0,1.4697495243537582,25854.6,26347.24,0.0188749908352047,0.0065835476617622,False,,recorded_equal_endpoints,0.0
2526.HK,2026Q1,50,share,99.0,209.6,1.117171717171717,1.4998638671343232,4950.0,0.0299972773426864,165.88494370505614,0.0335121098394052,16,False,2026-03-30,0,791920800.0,99.0,209.6,2026Q1,Non-A+H,Small,799950,799950,799950,799950,858643350,115017,0,0,1073.37,1073.3712732045751,1.0,0.0009316440871521,32.19821577399006,0.0290656332555342,0.0,3.469446951953614e-18,0.0012732045754546,0.0010408064246366,0.0324713034147685,Middle,219.0,24750.789,25335.949,24856.43,-0.023096,-0.00805919,-0.00425005,1.12621,1.13437,2026-03-25,2026-03-26,RECORDED_PRICING_DATE_PROXY,2026-03-26,2026-03-25,PRICING_DATE_PROXY; RAW_LISTING_PRICES_MATCH,https://web.ifzq.gtimg.cn/appstock/app/hkfqkline/get,1.117171717171717,1.212121212121212,-0.0429223744292237,-0.0230960363868746,1.1672260488546464,-0.0042500471708929,1.1262082023267452,-0.0080591920104139,1.1343730393174272,-0.0949494949494949,-0.0520271205202712,0.7500811023122971,0.7939518796819108,-0.0438707773696137,0.7734480313061437,-0.0233669289938466,2526.HK,95.6,112.5,7999200,Within range,-0.048534,2026-03-26,2026-03-20,2026-03-20,2026-03-25,-0.0451345,95.6,112.5,two_sided_range,104.05,-0.0485343584814992,0.201183431952663,0.1624219125420471,-0.0497517027050534,0.7003293996072437,Inside range,0.0,0.0,2026-03-20,2026-03-25,2026-03,7999200,832316760.0,-0.183542189462991,25277.32,25335.949,0.0023167452876172,0.0294906566586765,False,,two_sided_range,-0.12
2553.HK,2026Q2,200,share,14.6,21.06,0.4424657534246574,4.005323119867571,2920.0,0.0200266155993378,25.874387354344503,0.008861091559707,10,False,2026-06-03,0,584000000.0,14.6,21.06,2026Q2,Non-A+H,Small,4000000,4000000,6000000,6000000,5686144400,109125,0,0,1421.54,1421.5361,1.5,0.0010551965581457,18.979038023521213,0.018971419041192,0.0,0.0,-0.0038999999999305,0.000466888340111,0.0083942032195959,Middle,28.0,25633.211,25182.391,25398.18,0.0179022,-0.0155582,0.00925385,0.42924,0.465263,2026-05-29,2026-06-01,RECORDED_PRICING_DATE_PROXY,2026-06-01,2026-05-29,PRICING_DATE_PROXY; RAW_LISTING_PRICES_MATCH,https://web.ifzq.gtimg.cn/appstock/app/hkfqkline/get,0.4424657534246574,0.9178082191780824,-0.2478571428571429,0.0179021920515807,0.4170966176203721,0.0092538520476663,0.4292397799602658,-0.0155581850134725,0.4652625797334688,-0.4753424657534248,-0.2274853228962818,0.3663539779915386,0.6511829814609132,-0.2848290034693745,0.3486101430138387,0.0177438349776999,2553.HK,14.6,17.1,40000000,At low,-0.078864,2026-06-01,2026-05-26,2026-05-26,2026-05-29,-0.0119301,14.6,17.1,two_sided_range,15.85,-0.0788643533123029,0.0,0.1577287066246057,-0.0821479716089989,0.2842060063825397,At low,1.0,0.0,2026-05-26,2026-05-29,2026-06,40000000,634000000.0,-0.4557063245449111,25599.449,25182.391,-0.0164258473937133,0.0075656103375276,False,,two_sided_range,-0.14619883040935677
2632.HK,2026Q1,50,share,44.2,27.88,-0.3692307692307692,15.00132170235263,2210.0,0.3000264340470526,-244.821570182395,-0.1107789910327579,10,False,2026-03-24,0,717211300.0,44.2,27.88,2026Q1,Non-A+H,Small,1622650,1622650,1622650,1622650,111790150,31183,0,0,68.89,68.89356916155671,1.0,0.0145151428815508,20.669891884315852,0.2855112911655018,0.0,0.0,0.0035691615567117,-0.0053594373716495,-0.1054195536611083,Low,43.9,25063.711,25500.58,25277.32,-0.0171317,0.0279397,-0.00845062,-0.363855,-0.386375,2026-03-19,2026-03-20,RECORDED_PRICING_DATE_PROXY,2026-03-20,2026-03-19,PRICING_DATE_PROXY; RAW_LISTING_PRICES_MATCH,https://web.ifzq.gtimg.cn/appstock/app/hkfqkline/get,-0.3692307692307692,-0.0067873303167421,-0.3649202733485194,-0.0171317279842263,-0.3582362471874483,-0.0084506189738469,-0.3638549497994254,0.0279397440891038,-0.386375286687471,-0.3624434389140271,0.0024768344344922,-0.4608152031913293,-0.0068104690025268,-0.4540047341888026,-0.4435350292890232,-0.017280173902306,2632.HK,42.0,48.0,16226500,Within range,-0.017778,2026-03-20,2026-03-16,2026-03-16,2026-03-19,-0.0631844,42.0,48.0,two_sided_range,45.0,-0.0177777777777777,0.3666666666666671,0.1333333333333333,-0.0179377006866672,-0.4787529038779967,Inside range,0.0,0.0,2026-03-16,2026-03-19,2026-03,16226500,730192500.0,-0.3144470809719359,25834.02,25500.58,-0.0129910309793399,-0.1020089875759979,False,,two_sided_range,-0.07916666666666661
2649.HK,2026Q1,500,share,11.0,6.2,-0.4363636363636364,0.1863054532702086,5500.0,0.0003726109065404,-0.8942661756970016,-0.0001625938501267,12,True,2026-03-09,0,223696000.0,11.0,6.2,2026Q1,Non-A+H,Small,2034000,2034000,2034000,2034000,10774571500,162571,0,0,5297.23,5297.23279252704,1.0,0.0001887778089365,1.973806712979035,0.0001838330976038,0.0,0.0,0.002792527040583,-8.237577117230476e-05,-8.021807895441525e-05,High,7.5,25408.461,25249.481,25321.34,0.00629637,-0.0135429,0.00344062,-0.438296,-0.428626,2026-03-04,2026-03-05,RECORDED_PRICING_DATE_PROXY,2026-03-05,2026-03-04,PRICING_DATE_PROXY; RAW_LISTING_PRICES_MATCH,https://web.ifzq.gtimg.cn/appstock/app/hkfqkline/get,-0.4363636363636364,-0.3181818181818182,-0.1733333333333333,0.0062963670421583,-0.4398902926648941,0.0034406157020125,-0.4382962431294048,-0.0135428848897879,-0.4286255783421551,-0.1181818181818181,0.0551515151515151,-0.5733459807473247,-0.3829922522561058,-0.1903537284912189,-0.5796226084844617,0.0062766277371369,2649.HK,11.0,14.0,20336000,At low,-0.12,2026-03-05,2026-02-27,2026-02-27,2026-03-04,-0.0143655,11.0,14.0,two_sided_range,12.5,-0.12,0.0,0.24,-0.1278333715098848,-0.7011793522572096,At low,0.0,0.0,2026-02-27,2026-03-04,2026-03,20336000,254200000.0,-1.3696339202267835,26630.539,25249.481,-0.053253038896785,-0.0001277523108138,False,,two_sided_range,-0.2142857142857143
2667.HK,2026Q3,500,share,5.5,3.35,-0.3909090909090909,40.006431902235086,2750.0,0.0800128638044701,-86.01382858980543,-0.0312777558508383,12,False,2026-07-07,0,594844250.0,5.5,3.35,2026Q3,Non-A+H,Small,10815500,10815500,10815500,10815500,2722712500,66390,0,0,251.74,251.741713281864,1.0,0.0039723253924165,20.142575418725745,0.0760405384120535,0.0,0.0,0.0017132818639709,-0.0015528181079446,-0.0297249377428936,Low,4.76,23496.891,23055.029,23350.029,0.0191655,-0.00505705,0.00628959,-0.394716,-0.387813,2026-07-02,2026-07-03,RECORDED_PRICING_DATE_PROXY,2026-07-03,2026-07-02,PRICING_DATE_PROXY; RAW_LISTING_PRICES_MATCH,https://web.ifzq.gtimg.cn/appstock/app/hkfqkline/get,-0.3909090909090909,-0.1345454545454546,-0.2962184873949579,0.0191655365083254,-0.4023631223072332,0.0062895853362752,-0.3947160758030034,-0.0050570537662091,-0.3878132294956886,-0.2563636363636362,0.0398548510313216,-0.4957877464014501,-0.1445004239950967,-0.3512873224063535,-0.5147719374075747,0.0189841910061244,2667.HK,5.48,6.21,108153500,Within range,-0.059025,2026-07-03,2026-06-26,2026-06-26,2026-07-02,-0.0888858,5.48,6.21,two_sided_range,5.845000000000001,-0.0590248075278016,0.027397260273972,0.1248930710008553,-0.0608385026856066,-0.5566262490870568,Inside range,0.0,1.0,2026-06-26,2026-07-02,2026-07,108153500,632157207.5000001,-0.4586171697231435,22671.859,23055.029,0.0167594597154389,-0.0277017161319823,True,,two_sided_range,-0.11433172302737515
2672.HK,2026Q2,200,share,15.6,73.0,3.67948717948718,19.999049022871,3120.0,0.099995245114355,1147.9454139127954,0.3679312224079472,9,False,2026-06-29,0,520172640.0,15.6,73.0,2026Q2,Non-A+H,Small,3334600,3334600,3334600,3334600,807145000,44599,0,0,242.05,242.05152042223955,1.0,0.0041313518636676,24.204001114924147,0.0958638932506873,0.0,0.0,0.0015204222395368,0.0152012562163154,0.3527299661916318,Low,61.1,23026.68,23412.18,,-0.0164658,0.0156503,,,3.60738,2026-06-24,,,,2026-06-24,MISSING_PRICING_ANCHOR; RAW_LISTING_PRICES_MATCH,https://web.ifzq.gtimg.cn/appstock/app/hkfqkline/get,3.67948717948718,2.916666666666667,0.1947626841243861,-0.0164657883204383,3.75782857771273,,,0.0156502825815916,3.607380374662827,0.7628205128205128,0.5680578286961263,1.5431885268928998,1.3652409519220583,0.1779475749708413,1.559791383008264,-0.016602856115364,2672.HK,15.6,20.28,33344400,At low,-0.130435,,2026-06-18,2026-06-18,2026-06-24,-0.0575897,15.6,20.28,two_sided_range,17.94,-0.1304347826086957,0.0,0.2608695652173913,-0.1397619423751588,1.4034265845177412,At low,1.0,0.0,2026-06-18,2026-06-24,2026-06,33344400,598198536.0,-0.5138325801313103,23924.811,23412.18,-0.0216596378569347,0.2830240172368824,False,,two_sided_range,-0.23076923076923084
2675.HK,2026Q1,100,share,43.24,56.6,0.3089731729879741,0.5006477679453679,4324.0,0.0050064776794536,6.688654179750115,0.0015468672941142,19,False,2026-01-08,0,1198707928.0,43.24,56.6,2026Q1,Non-A+H,Medium,2772300,2772300,2772300,2772300,3027186100,196179,0,0,1091.94,1091.9403022760885,1.0,0.0009158009809836,5.466774750641053,0.0040906766984699,0.0,0.0,0.000302276088405,0.00028295793492,0.0012639093591942,Middle,59.0,26149.311,26347.24,25854.6,-0.00751232,-0.0117026,0.0113988,0.294221,0.324473,2026-01-05,2025-12-30,PROSPECTUS_FIXED_PRICE,2025-12-30,2026-01-05,COMPLETE_FIXED_PRICE_ANCHOR; RAW_LISTING_PRICES_MATCH,https://web.ifzq.gtimg.cn/appstock/app/hkfqkline/get,0.3089731729879741,0.3644773358001849,-0.0406779661016949,-0.0075123238714946,0.3188810344668611,0.0113987839688103,0.2942206316003841,-0.0117025812325349,0.3244729249828795,-0.0555041628122108,-0.014826196710516,0.2692429924381297,0.3107714511347119,-0.0415284586965822,0.276783675935,-0.0075406834968702,2675.HK,43.24,43.24,27722200,Fixed price,0.0,,2025-12-30,2025-12-30,2026-01-05,-0.0119749,43.24,43.24,equal_endpoints,,,,,,,No two-sided range,0.0,0.0,2025-12-30,2026-01-05,2026-01,27722200,1198707928.0,0.1812442500406967,25854.6,26347.24,0.0188749908352047,0.0015468672941142,False,,recorded_equal_endpoints,0.0
2677.HK,2026Q1,50,share,59.9,67.9,0.1335559265442405,0.5007942479725775,2995.0,0.0100158849594515,4.006353983780624,0.00133768079592,13,False,2026-02-06,0,284525000.0,59.9,67.9,2026Q1,Non-A+H,Small,475000,475000,475000,475000,1297094450,147844,0,0,2730.73,2730.7251578947366,1.0,0.000366203093383,27.350629037353716,0.0096496818660684,0.0,0.0,-0.0048421052633784,4.890859344014173e-05,0.0012887722024799,High,81.0,26559.949,26834.77,26847.32,-0.0102412,-0.0120992,-0.0107039,0.145821,0.147439,2026-02-03,2026-02-04,RECORDED_PRICING_DATE_PROXY,2026-02-04,2026-02-03,PRICING_DATE_PROXY; RAW_LISTING_PRICES_MATCH,https://web.ifzq.gtimg.cn/appstock/app/hkfqkline/get,0.1335559265442405,0.352253756260434,-0.1617283950617283,-0.0102412280783475,0.1452850519762514,-0.0107038989366535,0.1458206752516624,-0.0120992410705651,0.1474390684471676,-0.2186978297161934,-0.0569694346544652,0.1253595294432469,0.301772649551035,-0.1764131201077882,0.1356535597134243,-0.0102940302701775,2677.HK,57.7,66.6,4750000,Within range,-0.036203,2026-02-04,2026-01-29,2026-01-29,2026-02-03,0.0762847,57.7,66.6,two_sided_range,62.15,-0.0362027353177795,0.2471910112359548,0.1432019308125501,-0.0368743128353164,0.0884852166079304,Inside range,0.0,0.0,2026-01-29,2026-02-03,2026-02,4750000,295212500.0,-1.2200598429788672,27968.09,26834.77,-0.0413657827354898,0.0012031093044385,False,,two_sided_range,-0.1006006006006005
2692.HK,2026Q1,100,share,71.28,73.0,0.0241301907968574,4.000926140310257,7128.0,0.0400092614031025,6.881592961333638,0.0009654311112982,12,False,2026-03-09,1,1906618824.0,71.28,73.0,2026Q1,A+H,Medium,2674900,2674900,2674900,2674900,4110686100,180292,0,0,1536.76,1536.7625331788104,1.0,0.0006507186233461,61.48473390444501,0.0393585427797563,0.0,0.0,0.0025331788103812,1.570196453641008e-05,0.0009497291467617,Middle,78.0,25408.461,25249.481,25321.34,0.00629637,-0.0135429,0.00344062,0.0206186,0.0381903,2026-03-04,2026-03-05,RECORDED_PRICING_DATE_PROXY,2026-03-05,2026-03-04,PRICING_DATE_PROXY; RAW_LISTING_PRICES_MATCH,https://web.ifzq.gtimg.cn/appstock/app/hkfqkline/get,0.0241301907968574,0.0942760942760942,-0.0641025641025641,0.0062963670421583,0.0177222380391959,0.0034406157020125,0.0206186342979253,-0.0135428848897879,0.0381902822835196,-0.0701459034792368,-0.0060433393766727,0.0238436579858372,0.0900930435270378,-0.0662493855412006,0.0175670302487003,0.0062766277371369,2692.HK,,73.68,26748300,Fixed price,0.0,2026-03-05,2026-02-27,2026-02-27,2026-03-04,-0.0143655,,73.68,undisclosed_lower_bound,,,,,,,No two-sided range,0.0,0.0,2026-02-27,2026-03-04,2026-03,26748300,1970814744.0,0.678447032885585,26630.539,25249.481,-0.053253038896785,0.0009339838438292,False,confirmed_maximum_only,confirmed_maximum_only,-0.032573289902280256
2697.HK,2026Q2,20,share,126.2,400.0,2.1695721077654517,0.4002220773891423,2524.0,0.0200111038694571,109.58080478914718,0.0434155328007714,12,False,2026-06-30,0,449865140.0,126.2,400.0,2026Q2,Non-A+H,Small,356480,356480,356480,356480,638236940,128208,0,0,1790.4,1790.3863891382405,1.0,0.0005585386518053,35.82760799950757,0.0194525652176517,0.0,-3.469446951953614e-18,-0.0136108617596164,0.0012117898800659,0.0422037429207055,Middle,327.2,22881.02,23076.91,22671.859,-0.00848857,-0.00632571,0.00922558,2.1406,2.18975,2026-06-25,2026-06-26,RECORDED_PRICING_DATE_PROXY,2026-06-26,2026-06-25,PRICING_DATE_PROXY; RAW_LISTING_PRICES_MATCH,https://web.ifzq.gtimg.cn/appstock/app/hkfqkline/get,2.1695721077654517,1.5927099841521395,0.2224938875305624,-0.0084885714768571,2.1967075886220817,0.0092255778407936,2.1405982739227154,-0.0063257056596955,2.1897495243848644,0.5768621236133122,0.35436823608275,1.1535965970008693,0.9527036546214792,0.20089294237939,1.162121401591206,-0.0085248045903368,2697.HK,119.3,135.4,3564700,Within range,-0.00903,2026-06-26,2026-06-22,2026-06-22,2026-06-25,-0.0672995,119.3,135.4,two_sided_range,127.35,-0.0090302316450725,0.4285714285714287,0.1264232430310169,-0.0090712513183531,1.144525345682516,Inside range,1.0,0.0,2026-06-22,2026-06-25,2026-06,3564700,453964545.0,-0.7897361787039964,23768.52,23076.91,-0.0295294655486493,0.0404655852249435,False,,two_sided_range,-0.06794682422451992
2701.HK,2026Q1,200,share,10.8,11.25,0.0416666666666665,60.00742666171555,2160.0,0.3000371333085778,27.00334199777196,0.0125015472211907,12,False,2026-03-23,1,1026000000.0,10.8,11.25,2026Q1,A+H,Medium,9500000,9500000,9500000,9500000,1252387600,56547,0,0,131.83,131.83027368421054,1.0,0.0075855110670211,39.55397739949576,0.2924516222415567,8.673617379884035e-19,5.551115123125783e-17,0.0002736842105264,0.0003160629611258,0.0121854842600648,Low,14.3,24382.471,26025.42,25500.58,-0.0631286,-0.0354013,-0.0438464,0.0894345,0.0798964,2026-03-18,2026-03-19,RECORDED_PRICING_DATE_PROXY,2026-03-19,2026-03-18,PRICING_DATE_PROXY; RAW_LISTING_PRICES_MATCH,https://web.ifzq.gtimg.cn/appstock/app/hkfqkline/get,0.0416666666666665,0.3240740740740739,-0.2132867132867133,-0.0631286257820237,0.1118566489836074,-0.04384641447371,0.08943446161247,-0.0354012608931642,0.0798963594242216,-0.2824074074074074,-0.0691206941206941,0.0408219945202549,0.2807134031356875,-0.2398914086154325,0.1060312747338978,-0.0652092802136429,2701.HK,,10.8,95000000,Fixed price,0.0,2026-03-19,2026-03-13,2026-03-13,2026-03-18,-0.0484846,,10.8,undisclosed_lower_bound,,,,,,,No two-sided range,0.0,0.0,2026-03-13,2026-03-18,2026-03,95000000,1026000000.0,0.0256677467485778,25465.6,26025.42,0.0217452308889237,0.0125015472211907,False,confirmed_maximum_only,confirmed_maximum_only,0.0
2706.HK,2026Q1,200,share,27.06,92.6,2.4220251293422024,0.1214122674955077,5412.0,0.0006070613374775,7.957360011655577,0.0014703178144226,15,False,2026-02-13,0,758497212.0,27.06,92.6,2026Q1,Non-A+H,Small,2803200,2803200,2803200,2803200,14198363600,232258,0,0,5065.06,5065.055507990867,1.0,0.0001974312025647,3.0747993710787145,0.0004096301349127,0.0,0.0,-0.0044920091331732,0.0004781833339281,0.0009921344804944,High,82.3,26567.119,27183.15,27266.381,-0.0226622,-0.017217,-0.0256456,2.51209,2.48197,2026-02-10,2026-02-11,RECORDED_PRICING_DATE_PROXY,2026-02-11,2026-02-10,PRICING_DATE_PROXY; RAW_LISTING_PRICES_MATCH,https://web.ifzq.gtimg.cn/appstock/app/hkfqkline/get,2.4220251293422024,2.041389504804139,0.1251518833535845,-0.0226622374522453,2.5013741006195853,-0.0256455743063226,2.5120948179672316,-0.0172170287075144,2.4819743822400593,0.3806356245380633,0.2554837411844792,1.2302325189094916,1.112314484940382,0.1179180339691096,1.253155491625108,-0.0229229727156164,2706.HK,25.6,28.0,28030200,Within range,0.009701,2026-02-11,2026-02-05,2026-02-05,2026-02-10,0.0146783,25.6,28.0,two_sided_range,26.8,0.0097014925373133,0.6083333333333326,0.08955223880597,0.0096547352258309,1.2398872541353223,Inside range,0.0,0.0,2026-02-05,2026-02-10,2026-02,28030200,751209360.0,-0.286070891101812,26885.24,27183.15,0.0110198589148236,0.0014209571449384,False,,two_sided_range,-0.033571428571428585
2714.HK,2026Q1,100,share,39.0,40.52,0.0389743589743589,100.0,3900.0,1.0,152.0000000000003,0.038974358974359,19,False,2026-02-06,1,10684104600.0,39.0,40.52,2026Q1,A+H,Large,27395200,27395200,27395200,27395200,161061400,21268,0,0,5.88,5.879183214577736,1.0,0.1700916544870465,5.879183214577736,0.8299083455129534,0.0,0.0,-0.0008167854222635,0.0066292132005207,0.0323451457738381,Low,39.0,26559.949,26834.77,26847.32,-0.0102412,-0.0120992,-0.0107039,0.0502158,0.0516991,2026-02-03,2026-02-04,RECORDED_PRICING_DATE_PROXY,2026-02-04,2026-02-03,PRICING_DATE_PROXY; RAW_LISTING_PRICES_MATCH,https://web.ifzq.gtimg.cn/appstock/app/hkfqkline/get,0.0389743589743589,0.0,0.0389743589743589,-0.0102412280783475,0.0497248303818038,-0.0107038989366535,0.0502157623563013,-0.0120992410705651,0.0516991201629113,0.0389743589743589,0.0,0.0382340332508362,0.0,0.0382340332508362,0.0485280635210138,-0.0102940302701775,2714.HK,,39.0,273951400,Fixed price,0.0,2026-02-04,2026-01-29,2026-01-29,2026-02-03,0.0762847,,39.0,undisclosed_lower_bound,,,,,,,No two-sided range,0.0,0.0,2026-01-29,2026-02-03,2026-02,273951400,10684104600.0,2.368757085540486,27968.09,26834.77,-0.0413657827354898,0.038974358974359,False,confirmed_maximum_only,confirmed_maximum_only,0.0
2715.HK,2026Q1,200,share,15.36,12.9,-0.16015625,9.977465226513328,3072.0,0.0498873261325666,-24.544564457222776,-0.0079897670759188,13,False,2026-03-09,1,1486540800.0,15.36,12.9,2026Q1,A+H,Medium,9678000,9678000,9678000,9678000,190369800,27190,0,0,19.67,19.670365778053316,1.0,0.0508378955065351,0.9813019527166228,-0.0009505693739685,0.0,0.0,0.0003657780533146,-0.0081420067022185,0.0001522396262996,Low,15.36,25408.461,25249.481,25321.34,0.00629637,-0.0135429,0.00344062,-0.163036,-0.148626,2026-03-04,2026-03-05,RECORDED_PRICING_DATE_PROXY,2026-03-05,2026-03-04,PRICING_DATE_PROXY; RAW_LISTING_PRICES_MATCH,https://web.ifzq.gtimg.cn/appstock/app/hkfqkline/get,-0.16015625,0.0,-0.16015625,0.0062963670421583,-0.1654111278682424,0.0034406157020125,-0.1630359217496486,-0.0135428848897879,-0.1486261925272156,-0.16015625,-0.0,-0.1745394163518996,0.0,-0.1745394163518996,-0.1808160440890366,0.0062766277371369,2715.HK,15.36,17.0,96780000,At low,-0.05068,2026-03-05,2026-02-27,2026-02-27,2026-03-04,-0.0143655,15.36,17.0,two_sided_range,16.18,-0.0506798516687268,0.0,0.1013597033374536,-0.0520091839108195,-0.2265486002627192,At low,0.0,0.0,2026-02-27,2026-03-04,2026-03,96780000,1565900400.0,0.4484609940133811,26630.539,25249.481,-0.053253038896785,-0.0072189895462419,False,,two_sided_range,-0.0964705882352942
2720.HK,2026Q1,500,share,12.25,24.78,1.0228571428571431,5.002927244664431,6125.0,0.0100058544893288,62.68667837564532,0.0102345597347992,9,False,2026-02-10,0,345511250.0,12.25,24.78,2026Q1,Non-A+H,Small,2820500,2820500,2820500,2820500,10306751000,111036,0,0,3654.23,3654.228328310583,1.0,0.0002736555874882,36.56367692385892,0.0097321989018405,0.0,0.0,-0.0016716894169803,0.0002799105723451,0.009954649162454,High,24.02,27183.15,26885.24,26559.949,0.0110808,0.0057716,0.0234639,0.976481,1.01125,2026-02-05,2026-02-06,RECORDED_PRICING_DATE_PROXY,2026-02-06,2026-02-05,PRICING_DATE_PROXY; RAW_LISTING_PRICES_MATCH,https://web.ifzq.gtimg.cn/appstock/app/hkfqkline/get,1.0228571428571431,0.9608163265306122,0.0316402997502083,0.0110808012128587,1.00068791775157,0.0234639381272909,0.9764811123277262,0.0057716016037201,1.0112490148177409,0.0620408163265309,0.0304005165763226,0.7045109392102605,0.6733608796611015,0.031150059549159,0.693491080295437,0.0110198589148236,2720.HK,11.25,12.25,28205000,At high,0.042553,2026-02-06,2026-01-30,2026-01-31,2026-02-05,0.0912018,11.25,12.25,two_sided_range,11.75,0.0425531914893617,1.0,0.0851063829787234,0.041672696400568,0.7461836356108285,At high,0.0,0.0,2026-01-30,2026-02-05,2026-02,28205000,331408750.0,-1.1044027712000295,27387.109,26885.24,-0.0184949911009259,0.0102345597347992,False,,two_sided_range,0.0
2723.HK,2026Q2,100,share,55.5,203.0,2.6576576576576576,0.9999491378871878,5550.0,0.0099994913788718,147.4924978383602,0.0265752248357405,9,False,2026-05-27,0,503274000.0,55.5,203.0,2026Q2,Non-A+H,Small,906800,906800,906800,906800,4969471300,232456,0,0,5480.23,5480.22860608734,1.0,0.0001824741396534,54.799498700816976,0.0098170172392183,0.0,0.0,-0.0013939126592958,0.0004849537945744,0.0260902710411658,High,155.0,25328.231,25386.52,25606.029,-0.00229606,-0.0105947,-0.0108489,2.69777,2.69682,2026-05-21,2026-05-22,RECORDED_PRICING_DATE_PROXY,2026-05-22,2026-05-21,PRICING_DATE_PROXY; RAW_LISTING_PRICES_MATCH,https://web.ifzq.gtimg.cn/appstock/app/hkfqkline/get,2.6576576576576576,1.792792792792793,0.3096774193548386,-0.0022960610591763,2.6660751901417545,-0.0108489293673766,2.6977745525952463,-0.0105946811589577,2.6968243327639687,0.8648648648648649,0.555187445510026,1.2968229582893984,1.0270420961668578,0.2697808621225406,1.2991216593385948,-0.0022987010491964,2723.HK,43.5,55.5,9068000,At high,0.121212,2026-05-22,2026-05-18,2026-05-18,2026-05-21,-0.0163493,43.5,55.5,two_sided_range,49.5,0.1212121212121212,1.0,0.2424242424242424,0.1144103511777442,1.4112333094671428,At high,1.0,0.0,2026-05-18,2026-05-21,2026-05,9068000,448866000.0,-0.8010308767622099,25675.18,25386.52,-0.0113064420134681,0.0265752248357404,False,,two_sided_range,0.0
2726.HK,2026Q1,50,share,76.26,103.0,0.3506425386834513,10.001010203050813,3813.000000000001,0.2000202040610162,267.4270128295787,0.0701355921399367,11,False,2026-03-30,0,1638983733.0,76.26,103.0,2026Q1,Non-A+H,Medium,2149250,2149250,2149250,2149250,108882750,45084,0,0,50.66,50.66081191113179,1.0,0.0197391230474983,10.13318593636134,0.1802810810135178,-3.469446951953614e-18,-2.7755575615628914e-17,0.000811911131791,0.0069213762167598,0.0632142159231768,Low,110.0,24750.789,25335.949,25277.32,-0.023096,-0.00805919,-0.0208302,0.379375,0.361616,2026-03-25,2026-03-20,PROSPECTUS_FIXED_PRICE,2026-03-20,2026-03-25,COMPLETE_FIXED_PRICE_ANCHOR; RAW_LISTING_PRICES_MATCH,https://web.ifzq.gtimg.cn/appstock/app/hkfqkline/get,0.3506425386834513,0.4424337791765014,-0.0636363636363636,-0.0230960363868746,0.3825745303438386,-0.0208301750343785,0.3793751648044017,-0.0080591920104139,0.3616160639875914,-0.0917912404930501,-0.0281548768566864,0.300580433800218,0.3663318113629985,-0.0657513775627804,0.3239473627940646,-0.0233669289938466,2726.HK,76.26,76.26,21492050,Fixed price,0.0,,2026-03-20,2026-03-20,2026-03-25,-0.0451345,76.26,76.26,equal_endpoints,,,,,,,No two-sided range,0.0,0.0,2026-03-20,2026-03-25,2026-03,21492050,1638983733.0,0.4940763747581996,25277.32,25335.949,0.0023167452876172,0.0701355921399367,False,,recorded_equal_endpoints,0.0
2729.HK,2026Q1,200,share,16.66,30.7,0.8427370948379351,10.006027727546716,3332.0,0.0500301386377335,140.48462929475588,0.0421622536899027,9,False,2026-03-24,0,613054680.0,16.66,30.7,2026Q1,Non-A+H,Small,3679800,3679800,3679800,3679800,7923551200,107253,0,0,2153.26,2153.255937822708,1.0,0.000464412976848,107.72769309179291,0.0495657256608854,5.421010862427522e-20,6.938893903907228e-18,-0.0040621772923259,0.0003913780429139,0.0417708756469886,High,32.0,25063.711,25500.58,25277.32,-0.0171317,0.0279397,-0.00845062,0.858442,0.792651,2026-03-19,2026-03-20,RECORDED_PRICING_DATE_PROXY,2026-03-20,2026-03-19,PRICING_DATE_PROXY; RAW_LISTING_PRICES_MATCH,https://web.ifzq.gtimg.cn/appstock/app/hkfqkline/get,0.8427370948379351,0.9207683073229292,-0.040625,-0.0171317279842263,0.8748566286086827,-0.0084506189738469,0.8584420807472937,0.0279397440891038,0.792650887791924,-0.078031212484994,-0.037406212484994,0.6112520178544548,0.6527252660610299,-0.0414732482065751,0.6285321917567609,-0.017280173902306,2729.HK,16.4,20.4,36798000,Within range,-0.094565,2026-03-20,2026-03-16,2026-03-16,2026-03-19,-0.0631844,16.4,20.4,two_sided_range,18.4,-0.0945652173913042,0.0650000000000003,0.2173913043478261,-0.0993400278762432,0.5119119899782116,Inside range,0.0,0.0,2026-03-16,2026-03-19,2026-03,36798000,677083200.0,-0.3899611184952954,25834.02,25500.58,-0.0129910309793399,0.0344325071800872,False,,two_sided_range,-0.18333333333333324
2768.HK,2026Q1,200,share,36.0,40.16,0.1155555555555554,3.9991349624873154,7200.0,0.0199956748124365,16.636401443947218,0.0023106113116593,12,False,2026-02-04,1,1080000000.0,36.0,40.16,2026Q1,A+H,Medium,3000000,3000000,3000000,3000000,6755553800,171047,0,0,2251.85,2251.8512666666666,1.0,0.0004440790627705,45.0272856542399,0.0195515957496659,0.0,0.0,0.0012666666666518,5.1315802809040795e-05,0.0022592955088502,High,45.0,26847.32,27387.109,26775.57,-0.0197096,0.000467677,0.00267968,0.112574,0.115034,2026-01-30,2026-02-02,RECORDED_PRICING_DATE_PROXY,2026-02-02,2026-01-30,PRICING_DATE_PROXY; RAW_LISTING_PRICES_MATCH,https://web.ifzq.gtimg.cn/appstock/app/hkfqkline/get,0.1155555555555554,0.25,-0.1075555555555556,-0.0197096013310495,0.1379847819281607,0.0026796815156502,0.1125742110075294,0.0004676768237625,0.1150340799586533,-0.1344444444444446,-0.0268888888888889,0.1093525369273636,0.2231435513142097,-0.113791014386846,0.1292589629681171,-0.0199064260407536,2768.HK,34.0,42.0,30000000,Within range,-0.052632,2026-02-02,2026-01-27,2026-01-27,2026-01-30,0.0366626,34.0,42.0,two_sided_range,38.0,-0.0526315789473684,0.25,0.2105263157894736,-0.0540672212702757,0.0552853156570879,Inside range,0.0,0.0,2026-01-27,2026-01-30,2026-02,30000000,1140000000.0,0.131028262406404,27126.949,27387.109,0.0095447664197236,0.0019805239814222,True,,two_sided_range,-0.1428571428571429
2797.HK,2026Q3,500,share,8.0,21.0,1.625,0.4485427575991488,4000.0,0.0008970855151982,5.831055848788934,0.0014577639621972,8,False,2026-07-09,0,200000000.0,8.0,21.0,2026Q3,Non-A+H,Small,2500000,2500000,2500000,2500000,4220214000,95307,0,0,1688.1,1688.0856,1.0,0.0005923870211321,1.5143571401746625,0.000304698494066,1.0842021724855044e-19,1.0842021724855044e-19,-0.0143999999997959,0.0009626289093396,0.0004951350528574,Middle,16.0,24030.18,23616.32,23496.891,0.0175243,-0.00699524,0.0226962,1.56674,1.64349,2026-07-06,2026-07-07,RECORDED_PRICING_DATE_PROXY,2026-07-07,2026-07-06,PRICING_DATE_PROXY; RAW_LISTING_PRICES_MATCH,https://web.ifzq.gtimg.cn/appstock/app/hkfqkline/get,1.625,1.0,0.3125,0.0175243221636562,1.5797909129269945,0.0226961515887358,1.5667447715747445,-0.0069952384476662,1.643491855866248,0.625,0.3125,0.965080896043587,0.6931471805599453,0.2719337154836417,0.9477083541483212,0.0173725418952658,2797.HK,5.0,8.0,25000000,At high,0.230769,2026-07-07,2026-06-30,2026-06-30,2026-07-06,-0.0856039,5.0,8.0,two_sided_range,6.5,0.2307692307692307,1.0,0.4615384615384615,0.2076393647782445,1.1727202608218317,At high,0.0,1.0,2026-06-30,2026-07-06,2026-07,25000000,162500000.0,-1.817077277212345,22881.02,23616.32,0.0316302525242608,0.0014577639621972,True,,two_sided_range,0.0
3200.HK,2026Q1,100,share,95.8,110.0,0.1482254697286011,10.00015990022226,9580.0,0.1000015990022226,142.00227058315613,0.0148227839857156,15,False,2026-02-06,1,4833282440.0,95.8,110.0,2026Q1,A+H,Large,5045200,5045200,5045200,5045200,2252124400,159985,0,0,446.39,446.38951875049554,1.0,0.0022401959678603,44.63966565288218,0.0977614030343622,0.0,0.0,-0.0004812495044461,0.0003320540996202,0.0144907298860954,Middle,106.0,26559.949,26834.77,26847.32,-0.0102412,-0.0120992,-0.0107039,0.160649,0.162288,2026-02-03,2026-02-04,RECORDED_PRICING_DATE_PROXY,2026-02-04,2026-02-03,PRICING_DATE_PROXY; RAW_LISTING_PRICES_MATCH,https://web.ifzq.gtimg.cn/appstock/app/hkfqkline/get,0.1482254697286011,0.1064718162839248,0.0377358490566037,-0.0102412280783475,0.1601063838002465,-0.0107038989366535,0.1606489386690488,-0.0120992410705651,0.1622882757706416,0.0417536534446763,0.0040178043880726,0.1382176808156013,0.1011764091352523,0.037041271680349,0.1485117110857788,-0.0102940302701775,3200.HK,,95.8,50451800,Fixed price,0.0,2026-02-04,2026-01-29,2026-01-29,2026-02-03,0.0762847,,95.8,undisclosed_lower_bound,,,,,,,No two-sided range,0.0,0.0,2026-01-29,2026-02-03,2026-02,50451800,4833282440.0,1.5755258310478093,27968.09,26834.77,-0.0413657827354898,0.0148227839857156,False,confirmed_maximum_only,confirmed_maximum_only,0.0
3223.HK,2026Q3,100,share,100.0,100.0,0.0,0.2653260717776847,10000.0,0.0026532607177768,0.0,0.0,14,False,2026-08-25,1,3128730000.0,100.0,100.0,2026Q3,A+H,Large,3128800,3128800,3128800,3128800,2901565000,141851,0,0,927.37,927.3731142930196,1.0,0.0010783146336545,2.4605626548760036,0.0015749460841222,2.1684043449710093e-19,4.336808689942021e-19,0.0031142930197347,0.0,0.0,Middle,100.0,25511.1,25698.49,,-0.00729187,-0.000244148,,,0.000244207,2026-08-20,,,,2026-08-20,MISSING_PRICING_ANCHOR; RAW_LISTING_PRICES_MATCH,https://web.ifzq.gtimg.cn/appstock/app/hkfqkline/get,0.0,0.0,0.0,-0.0072918681214344,0.0073454300284974,,,-0.00024414780073,0.0002442074234354,0.0,0.0,0.0,0.0,0.0,0.0073185837421988,-0.0073185837421989,3223.HK,,102.8,31287300,Fixed price,0.0,,2026-08-17,2026-08-17,2026-08-20,0.0225798,,102.8,undisclosed_lower_bound,,,,,,,No two-sided range,0.0,1.0,2026-08-17,2026-08-20,2026-08,31287300,3216334440.0,1.1682423384471845,25453.231,25698.49,0.0095895455594153,0.0,False,confirmed_maximum_only,confirmed_maximum_only,-0.027237354085603127
3228.HK,2026Q3,100,share,69.88,77.05,0.1026044647967945,3.003274732850741,6988.0,0.0300327473285074,21.53347983453982,0.0030814939660188,15,False,2026-09-29,1,5097347684.0,69.88,77.05,2026Q3,A+H,Large,7294500,7294500,7294500,7294500,687538100,61273,0,0,94.25,94.25431489478376,1.0,0.0106095938537806,2.8307160238566116,0.0194231534747267,1.734723475976807e-18,3.469446951953614e-18,0.0043148947837465,0.0010885916990785,0.0019929022669403,Low,65.0,24523.57,24761.131,,-0.00959411,-0.00482662,,,0.107952,2026-09-24,,,,2026-09-24,MISSING_PRICING_ANCHOR; RAW_LISTING_PRICES_MATCH,https://web.ifzq.gtimg.cn/appstock/app/hkfqkline/get,0.1026044647967945,-0.0698340011448196,0.1853846153846152,-0.0095941094128536,0.1132854471848234,,,-0.0048266187170056,0.1079521272718309,0.1724384659416141,-0.0129461494430011,0.0976750765002689,-0.0723922153702186,0.1700672918704875,0.1073155058848402,-0.0096404293845712,3228.HK,,69.88,72944300,Fixed price,0.0,,2026-09-21,2026-09-21,2026-09-24,-0.0483932,,69.88,undisclosed_lower_bound,,,,,,,No two-sided range,0.0,1.0,2026-09-21,2026-09-24,2026-09,72944300,5097347684.0,1.6287203424903698,25042.711,24761.131,-0.0113076818577409,0.0030814939660188,False,confirmed_maximum_only,confirmed_maximum_only,0.0
3231.HK,2026Q3,200,share,14.45,36.68,1.5384083044982702,48.992248062015506,2890.0,0.2449612403100775,1089.0976744186048,0.3768504063732196,18,False,2026-09-09,0,650250000.0,14.45,36.68,2026Q3,Non-A+H,Small,2250000,2250000,2781800,2781800,315045600,27933,0,0,140.02,140.02026666666666,1.2363555555555557,0.0088298328876835,27.742454860246077,0.2361314074223939,0.0,-2.7755575615628914e-17,0.000266666666647,0.0135838882417443,0.3632665181314752,Low,35.0,25274.961,25650.869,,-0.0146548,-0.0016676,,,1.54265,2026-09-04,,,,2026-09-04,MISSING_PRICING_ANCHOR; RAW_LISTING_PRICES_MATCH,https://web.ifzq.gtimg.cn/appstock/app/hkfqkline/get,1.5384083044982702,1.4221453287197234,0.048,-0.0146547861594864,1.5761613989116436,,,-0.0016676027898842,1.542648432117364,0.1162629757785467,0.0682629757785467,0.931537232829823,0.8846536469309726,0.0468835858988504,0.946300461136378,-0.0147632283065551,3231.HK,14.45,19.55,45000000,At low,-0.15,,2026-08-31,2026-08-31,2026-09-04,-0.0115761,14.45,19.55,two_sided_range,17.0,-0.15,0.0,0.3000000000000001,-0.1625189294977749,0.769018303332048,At low,0.0,1.0,2026-08-31,2026-09-04,2026-09,45000000,765000000.0,-0.2678794451556012,25566.99,25650.869,0.0032753838847026,0.2785416047106405,True,,two_sided_range,-0.26086956521739135
3268.HK,2026Q1,100,share,28.86,29.3,0.0152460152460152,4.998321302669129,2886.0,0.0499832130266912,2.199261373174423,0.0007620448278497,14,False,2026-03-10,1,1161615000.0,28.86,29.3,2026Q1,A+H,Medium,3500000,3500000,3500000,3500000,609436500,57965,0,0,174.12,174.12471428571428,1.0,0.0057430101413354,8.703312687354599,0.0442402028853557,0.0,-6.938893903907228e-18,0.0047142857142716,8.755802017282063e-05,0.0006744868076769,Low,29.04,25959.9,25321.34,25757.289,0.0252183,0.021703,0.00786616,0.00732226,-0.00631979,2026-03-05,2026-03-06,RECORDED_PRICING_DATE_PROXY,2026-03-06,2026-03-05,PRICING_DATE_PROXY; RAW_LISTING_PRICES_MATCH,https://web.ifzq.gtimg.cn/appstock/app/hkfqkline/get,0.0152460152460152,0.0062370062370062,0.008953168044077,0.025218254642132,-0.0097269428738349,0.0078661616911623,0.0073222555090743,0.0217029673698065,-0.0063197938442066,0.0090090090090089,5.5840964931874225e-05,0.0151309626772967,0.0062176366108705,0.0089133260664262,-0.0097745586045881,0.0249055212818849,3268.HK,,28.86,35000000,Fixed price,0.0,2026-03-06,2026-02-27,2026-02-27,2026-03-05,-0.0143655,,28.86,undisclosed_lower_bound,,,,,,,No two-sided range,0.0,0.0,2026-02-27,2026-03-05,2026-03,35000000,1010100000.0,0.0100493358530014,26630.539,25321.34,-0.0504111214850007,0.0007620448278497,False,confirmed_maximum_only,confirmed_maximum_only,0.0
3277.HK,2026Q2,100,share,39.88,70.0,0.7552657973921764,1.00078431372549,3988.000000000001,0.0100078431372549,30.14362352941176,0.0075585816272346,26,False,2026-04-17,0,2603932696.0,39.88,70.0,2026Q2,Non-A+H,Large,6529500,6529500,6529500,6529500,7431943800,266501,0,0,1138.21,1138.2102458074892,1.0,0.0008785723056732,11.391029597257694,0.0091292708315816,1.0842021724855044e-19,0.0,0.0002458074891364,0.0006635556130109,0.0068950260142236,Middle,72.0,26160.33,25872.32,25752.4,0.011132,-0.00886291,0.0158405,0.727895,0.770962,2026-04-14,2026-04-09,PROSPECTUS_FIXED_PRICE,2026-04-09,2026-04-14,COMPLETE_FIXED_PRICE_ANCHOR; RAW_LISTING_PRICES_MATCH,https://web.ifzq.gtimg.cn/appstock/app/hkfqkline/get,0.7552657973921764,0.8054162487462386,-0.0277777777777777,0.011131974248927,0.7359413430635451,0.0158404653546853,0.7278951343795084,-0.0088629118603816,0.7709616746224692,-0.0501504513540622,-0.0223726735762844,0.5626202969557214,0.5907911739224176,-0.0281708769666963,0.5515498271094466,0.0110704698462748,3277.HK,39.88,39.88,65294200,Fixed price,0.0,,2026-04-09,2026-04-09,2026-04-14,0.00526962,39.88,39.88,equal_endpoints,,,,,,,No two-sided range,1.0,0.0,2026-04-09,2026-04-14,2026-04,65294200,2603932696.0,0.9570228776221302,25752.4,25872.32,0.0046458446920296,0.0075585816272346,False,,recorded_equal_endpoints,0.0
3296.HK,2026Q2,100,share,77.7,88.0,0.1325611325611324,12.000354123323447,7770.0,0.1200035412332344,123.60364747023146,0.0159078053372241,17,False,2026-04-23,1,4549195140.0,77.7,88.0,2026Q2,A+H,Large,5854900,5854900,5854900,5854900,3110912600,140150,0,0,531.33,531.3348818937984,1.0,0.0018820522312327,63.76206740799815,0.1181214890020016,2.1684043449710093e-19,2.7755575615628914e-17,0.0048818937983696,0.0002494869753114,0.0156583183619126,Middle,87.55,25915.199,26361.07,26487.481,-0.016914,-0.00948052,-0.0216058,0.157571,0.143401,2026-04-20,2026-04-21,RECORDED_PRICING_DATE_PROXY,2026-04-21,2026-04-20,PRICING_DATE_PROXY; RAW_LISTING_PRICES_MATCH,https://web.ifzq.gtimg.cn/appstock/app/hkfqkline/get,0.1325611325611324,0.1267696267696267,0.0051399200456883,-0.0169139947657662,0.1520468468995082,-0.0216057540541511,0.1575713341059614,-0.0094805154101709,0.1434011649252133,0.0057915057915056,0.0006515857458176,0.1244815571046046,0.1193548013582591,0.0051267557463457,0.1415402271582505,-0.0170586700536459,3296.HK,,77.7,58548200,Fixed price,0.0,2026-04-21,2026-04-15,2026-04-15,2026-04-20,0.00604897,,77.7,undisclosed_lower_bound,,,,,,,No two-sided range,1.0,0.0,2026-04-15,2026-04-20,2026-04,58548200,4549195140.0,1.5149503250078773,25947.32,26361.07,0.0158199718674998,0.0159078053372241,True,confirmed_maximum_only,confirmed_maximum_only,0.0
3308.HK,2026Q3,50,share,980.0,960.0,-0.0204081632653061,34.99915297306455,49000.0,0.6999830594612909,-699.983059461291,-0.0142853685604345,15,False,2026-07-30,1,53410000000.0,980.0,960.0,2026Q3,A+H,Large,5450000,5450000,5450000,5450000,91799450,62731,0,0,16.84,16.843935779816515,1.0,0.0593685474150444,11.790469700525469,0.6406145120462465,6.938893903907228e-18,0.0,0.0039357798165156,-0.0012116030084702,-0.0130737655519642,Low,971.0,25858.881,25207.18,25310.85,0.0258538,0.00197463,0.021652,-0.0411688,-0.0223387,2026-07-27,2026-07-28,RECORDED_PRICING_DATE_PROXY,2026-07-28,2026-07-27,PRICING_DATE_PROXY; RAW_LISTING_PRICES_MATCH,https://web.ifzq.gtimg.cn/appstock/app/hkfqkline/get,-0.0204081632653061,-0.0091836734693877,-0.011328527291452,0.025853784516951,-0.0450960443685849,0.0216520187982625,-0.0411687945500687,0.0019746263937583,-0.0223386791136849,-0.0112244897959183,0.0001040374955337,-0.0206192872027357,-0.0092261033732926,-0.0113931838294429,-0.0461445135783709,0.0255252263756353,3308.HK,,1010.0,54500000,Fixed price,0.0,2026-07-28,2026-07-22,2026-07-22,2026-07-27,0.0573771,,1010.0,undisclosed_lower_bound,,,,,,,No two-sided range,0.0,1.0,2026-07-22,2026-07-27,2026-07,54500000,55045000000.0,4.008151032522367,24892.66,25207.18,0.0125558936718302,-0.0138610506824017,False,confirmed_maximum_only,confirmed_maximum_only,-0.02970297029702973
3310.HK,2026Q2,200,share,20.81,39.9,0.9173474291206152,5.9988387372795895,4162.0,0.0299941936863979,114.51783149466736,0.0275150964667629,15,False,2026-05-27,0,1099999952.0,20.81,39.9,2026Q2,Non-A+H,Medium,5286000,5286000,5286000,5286000,18816492800,242444,0,0,3559.68,3559.6846008323873,1.0,0.0002809237649218,106.76986937985464,0.029713269921476,0.0,-3.469446951953614e-18,0.0046008323874957,0.0002577046935299,0.027257391773233,High,25.48,25328.231,25386.52,25675.18,-0.00229606,-0.0105947,-0.013513,0.943611,0.937879,2026-05-21,2026-05-18,PROSPECTUS_FIXED_PRICE,2026-05-18,2026-05-21,COMPLETE_FIXED_PRICE_ANCHOR; RAW_LISTING_PRICES_MATCH,https://web.ifzq.gtimg.cn/appstock/app/hkfqkline/get,0.9173474291206152,0.2244113407015859,0.5659340659340659,-0.0022960610591763,0.9217599072086432,-0.0135130113985568,0.9436114731111318,-0.0105946811589577,0.9378786353873,0.6929360884190292,0.1270020224849634,0.6509426834902747,0.2024601902984197,0.4484824931918552,0.6532413845394712,-0.0022987010491964,3310.HK,20.81,20.81,52859200,Fixed price,0.0,,2026-05-18,2026-05-18,2026-05-21,-0.0163493,20.81,20.81,equal_endpoints,,,,,,,No two-sided range,1.0,0.0,2026-05-18,2026-05-21,2026-05,52859200,1099999952.0,0.0953101361679601,25675.18,25386.52,-0.0113064420134681,0.0275150964667628,False,,recorded_equal_endpoints,0.0
3355.HK,2026Q1,100,share,41.6,47.2,0.1346153846153845,1.0005849573596872,4160.0,0.0100058495735968,5.60327576121425,0.0013469412887534,15,False,2026-03-23,0,1664000000.0,41.6,47.2,2026Q1,Non-A+H,Medium,4000000,4000000,4000000,4000000,6318827400,196756,0,0,1579.71,1579.70685,1.0,0.0006330288432945,15.806309111480443,0.0093728207303022,0.0,0.0,-0.003150000000005,8.521542121272975e-05,0.0012617258675406,Middle,56.0,24382.471,26025.42,25500.58,-0.0631286,-0.0354013,-0.0438464,0.186646,0.176256,2026-03-18,2026-03-19,RECORDED_PRICING_DATE_PROXY,2026-03-19,2026-03-18,PRICING_DATE_PROXY; RAW_LISTING_PRICES_MATCH,https://web.ifzq.gtimg.cn/appstock/app/hkfqkline/get,0.1346153846153845,0.346153846153846,-0.1571428571428571,-0.0631286257820237,0.2110684730467604,-0.04384641447371,0.1866455366486599,-0.0354012608931642,0.1762563422651522,-0.2115384615384614,-0.0543956043956043,0.126293725324292,0.2972515234679315,-0.1709577981436395,0.191503005537935,-0.0652092802136429,3355.HK,35.2,41.6,40000000,At high,0.083333,2026-03-19,2026-03-13,2026-03-13,2026-03-18,-0.0484846,35.2,41.6,two_sided_range,38.400000000000006,0.0833333333333332,1.0,0.1666666666666666,0.0800427076735363,0.2063364329978284,At high,0.0,0.0,2026-03-13,2026-03-18,2026-03,40000000,1536000000.0000002,0.4291816347254806,25465.6,26025.42,0.0217452308889237,0.0013469412887534,False,,two_sided_range,0.0
3388.HK,2026Q2,150,share,18.8,22.8,0.2127659574468086,4.502025132412504,2820.0,0.03001350088275,18.008100529650015,0.0063858512516489,14,False,2026-05-29,0,1380437940.0,18.8,22.8,2026Q2,Non-A+H,Medium,7342800,7342800,7342800,7342800,28118695650,251375,0,0,3829.42,3829.424150187939,1.0,0.0002611358681568,114.93442511208988,0.0297523650145931,0.0,0.0,0.0041501879391034,5.5560823012088266e-05,0.0063302904286368,High,33.88,25182.391,25599.449,25651.119,-0.0162917,0.0070475,-0.0182732,0.23534,0.204279,2026-05-26,2026-05-20,PROSPECTUS_FIXED_PRICE,2026-05-20,2026-05-26,COMPLETE_FIXED_PRICE_ANCHOR; RAW_LISTING_PRICES_MATCH,https://web.ifzq.gtimg.cn/appstock/app/hkfqkline/get,0.2127659574468086,0.8021276595744682,-0.3270365997638725,-0.01629167877793,0.232851172733985,-0.018273198919704,0.2353395630151649,0.0070475034951387,0.2042787984059213,-0.5893617021276596,-0.2623251023637872,0.1929036661244916,0.5889679999479501,-0.3960643338234587,0.209329513518205,-0.0164258473937133,3388.HK,18.8,18.8,73427550,Fixed price,0.0,,2026-05-20,2026-05-20,2026-05-26,-0.0213656,18.8,18.8,equal_endpoints,,,,,,,No two-sided range,1.0,0.0,2026-05-20,2026-05-26,2026-05,73427550,1380437940.0,0.3224007966510297,25651.119,25599.449,-0.0020163685798137,0.0063858512516489,False,,recorded_equal_endpoints,0.0
3625.HK,2026Q1,100,share,40.0,80.0,1.0,4.999919770221915,4000.0,0.0499991977022191,199.9967908088766,0.0499991977022191,14,False,2026-03-31,0,480000000.0,40.0,80.0,2026Q1,Non-A+H,Small,600000,600000,2400000,2400000,1871057300,118537,0,0,3118.43,3118.4288333333334,4.0,0.0012826972215121,38.97973493953344,0.0487165004807069,0.0,0.0,-0.0011666666664496,0.0012826972215121,0.0487165004807069,High,85.05,24788.141,24856.43,24951.881,-0.00274734,0.00150912,-0.00656223,1.01321,0.996986,2026-03-26,2026-03-27,RECORDED_PRICING_DATE_PROXY,2026-03-27,2026-03-26,PRICING_DATE_PROXY; RAW_LISTING_PRICES_MATCH,https://web.ifzq.gtimg.cn/appstock/app/hkfqkline/get,1.0,1.1262499999999998,-0.0593768371546149,-0.002747337409274,1.005509812131535,-0.0065622307191991,1.0132111560927464,0.0015091236081403,0.9969863008282872,-0.1262499999999997,-0.066873162845385,0.6931471805599453,0.7543598647279344,-0.0612126841679891,0.6958982988270886,-0.0027511182671434,3625.HK,40.0,50.0,12000000,At low,-0.111111,2026-03-27,2026-03-23,2026-03-23,2026-03-26,-0.0430097,40.0,50.0,two_sided_range,45.0,-0.1111111111111111,0.0,0.2222222222222222,-0.1177830356563834,0.5753641449035618,At low,0.0,0.0,2026-03-23,2026-03-26,2026-03,12000000,540000000.0,-0.616186139423817,24382.471,24856.43,0.0192519991013714,0.0399993581617752,False,,two_sided_range,-0.19999999999999996
3636.HK,2026Q1,200,share,30.0,37.8,0.26,14.001222369359276,6000.0,0.0700061118467963,109.20953448100232,0.018201589080167,14,False,2026-01-09,0,1102968000.0,30.0,37.8,2026Q1,Non-A+H,Medium,3676600,3676600,3676600,3676600,527434000,64456,0,0,143.46,143.45699831365937,1.0,0.0069707299870694,10.042866669151705,0.0630353818597268,8.673617379884035e-19,0.0,-0.0030016863406387,0.001812389796638,0.0163891992835289,Low,38.0,26231.789,26710.449,25630.539,-0.0179203,0.00315412,0.0234583,0.23112,0.256038,2026-01-06,2025-12-31,PROSPECTUS_FIXED_PRICE,2025-12-31,2026-01-06,COMPLETE_FIXED_PRICE_ANCHOR; RAW_LISTING_PRICES_MATCH,https://web.ifzq.gtimg.cn/appstock/app/hkfqkline/get,0.26,0.2666666666666666,-0.0052631578947369,-0.0179203277339141,0.2829916304984001,0.0234583439700586,0.2311199644065449,0.0031541175214901,0.2560383075664418,-0.0066666666666665,-0.0014035087719298,0.2311117209633866,0.2363887780642303,-0.0052770571008438,0.2491945622282782,-0.0180828412648916,3636.HK,30.0,30.0,36765600,Fixed price,0.0,,2025-12-31,2025-12-31,2026-01-06,-0.00016594,30.0,30.0,equal_endpoints,,,,,,,No two-sided range,0.0,0.0,2025-12-31,2026-01-06,2026-01,36765600,1102968000.0,0.0980047280644772,25630.539,26710.449,0.0412702669662619,0.018201589080167,False,,recorded_equal_endpoints,0.0
3661.HK,2026Q2,100,share,85.2,125.3,0.470657276995305,10.0,8520.0,0.1,400.99999999999994,0.0470657276995305,18,False,2026-06-26,1,4600902240.0,85.2,125.3,2026Q2,A+H,Large,5400200,5400200,5400200,5400200,1359388100,153878,0,0,251.73,251.72921373282472,1.0,0.0039725226372071,25.17292137328247,0.0960274773627928,0.0,1.3877787807814457e-17,-0.0007862671752718,0.0018696966872301,0.0451960310123003,Low,105.1,22671.859,23336.279,,-0.0284715,-0.0175522,,,0.496932,2026-06-23,,,,2026-06-23,MISSING_PRICING_ANCHOR; RAW_LISTING_PRICES_MATCH,https://web.ifzq.gtimg.cn/appstock/app/hkfqkline/get,0.470657276995305,0.2335680751173707,0.1921979067554711,-0.0284715485275094,0.513756261863781,,,-0.0175522199462579,0.4969317523572163,0.2370892018779342,0.0448912951224632,0.3857094280667524,0.2099108440476353,0.1757985840191172,0.4145941525331117,-0.0288847244663592,3661.HK,,85.2,54001200,Fixed price,0.0,,2026-06-17,2026-06-17,2026-06-23,-0.0460067,,85.2,undisclosed_lower_bound,,,,,,,No two-sided range,1.0,0.0,2026-06-17,2026-06-23,2026-06,54001200,4600902240.0,1.5262524233927195,24312.16,23336.279,-0.0409674484346112,0.0470657276995305,False,confirmed_maximum_only,confirmed_maximum_only,0.0
3752.HK,2026Q3,100,share,38.0,43.78,0.1521052631578947,10.002562295817052,3800.0,0.1000256229581705,57.81481006982257,0.0152144237025848,14,False,2026-07-09,0,875212200.0,38.0,43.78,2026Q3,Non-A+H,Small,2303200,2303200,2303200,2303200,360637200,63360,0,0,156.58,156.58093087877737,1.0,0.0063864737192946,15.66210515451994,0.0936391492388758,8.673617379884035e-19,1.3877787807814457e-17,0.0009308787773534,0.0009714162657242,0.0142430074368605,Low,38.02,24030.18,23616.32,22881.02,0.0175243,-0.00699524,0.0502233,0.0970098,0.160221,2026-07-06,2026-06-30,PROSPECTUS_FIXED_PRICE,2026-06-30,2026-07-06,COMPLETE_FIXED_PRICE_ANCHOR; RAW_LISTING_PRICES_MATCH,https://web.ifzq.gtimg.cn/appstock/app/hkfqkline/get,0.1521052631578947,0.0005263157894737,0.1514992109416095,0.0175243221636562,0.1322631194781334,0.0502232855003841,0.0970098254953168,-0.0069952384476662,0.1602212877175373,0.151578947368421,7.973642681137706e-05,0.1415909323683311,0.0005261773338973,0.1410647550344336,0.1242183904730651,0.0173725418952658,3752.HK,38.0,38.0,23031900,Fixed price,0.0,,2026-06-30,2026-06-30,2026-07-06,-0.0856039,38.0,38.0,equal_endpoints,,,,,,,No two-sided range,0.0,1.0,2026-06-30,2026-07-06,2026-07,23031900,875212200.0,-0.1332889077406442,22881.02,23616.32,0.0316302525242608,0.0152144237025848,True,,recorded_equal_endpoints,0.0
3757.HK,2026Q3,50,share,436.0,414.4,-0.0495412844036697,17.501720578114245,21800.0,0.3500344115622849,-378.0371644872681,-0.0173411543342783,17,False,2026-09-29,1,5177936000.0,436.0,414.4,2026Q3,A+H,Large,1187600,1187600,1187600,1187600,10276700,13075,0,0,8.65,8.653334456045807,1.0,0.1155623887045452,3.0289648343736384,0.2344720228577396,0.0,0.0,0.0033344560458061,-0.0057251091651793,-0.011616045169099,Low,419.6,24523.57,24761.131,,-0.00959411,-0.00482662,,,-0.0449315,2026-09-24,,,,2026-09-24,MISSING_PRICING_ANCHOR; RAW_LISTING_PRICES_MATCH,https://web.ifzq.gtimg.cn/appstock/app/hkfqkline/get,-0.0495412844036697,-0.0376146788990825,-0.0123927550047665,-0.0095941094128536,-0.0403341451928704,,,-0.0048266187170056,-0.04493153306514,-0.0119266055045872,0.0004661495001792,-0.050810552403761,-0.0383403668268921,-0.0124701855768689,-0.0411701230191899,-0.0096404293845712,3757.HK,,436.0,11876000,Fixed price,0.0,,2026-09-21,2026-09-21,2026-09-24,-0.0483932,,436.0,undisclosed_lower_bound,,,,,,,No two-sided range,0.0,1.0,2026-09-21,2026-09-24,2026-09,11876000,5177936000.0,1.6444065212684107,25042.711,24761.131,-0.0113076818577409,-0.0173411543342783,False,confirmed_maximum_only,confirmed_maximum_only,0.0
3952.HK,2026Q2,100,share,85.5,73.0,-0.1461988304093567,5.001107489795273,8550.0,0.0500110748979527,-62.51384362244091,-0.0073115606575954,14,False,2026-06-30,0,1149282450.0,85.5,73.0,2026Q2,Non-A+H,Medium,672100,672100,2688400,2688400,3072837300,182737,0,0,4571.99,4571.99419729207,4.0,0.0008748917490685,57.16258605844471,0.0491361831488841,0.0,0.0,0.0041972920698754,-0.0001279081504486,-0.0071836525071468,High,88.2,22881.02,23076.91,22671.859,-0.00848857,-0.00632571,0.00922558,-0.154004,-0.140764,2026-06-25,2026-06-26,RECORDED_PRICING_DATE_PROXY,2026-06-26,2026-06-25,PRICING_DATE_PROXY; RAW_LISTING_PRICES_MATCH,https://web.ifzq.gtimg.cn/appstock/app/hkfqkline/get,-0.1461988304093567,0.0315789473684211,-0.1723356009070294,-0.0084885714768571,-0.1388892300894798,0.0092255778407936,-0.1540036357210408,-0.0063257056596955,-0.140763553557076,-0.1777777777777779,-0.0054421768707483,-0.1580569347943234,0.0310905870700311,-0.1891475218643545,-0.1495321302039866,-0.0085248045903368,3952.HK,77.0,85.5,13441900,At high,0.052308,2026-06-26,2026-06-22,2026-06-22,2026-06-25,-0.0672995,77.0,85.5,two_sided_range,81.25,0.0523076923076923,1.0,0.1046153846153846,0.0509855547328676,-0.1070713800614557,At high,1.0,0.0,2026-06-22,2026-06-25,2026-06,13441900,1092154375.0,0.0881522363786702,23768.52,23076.91,-0.0295294655486493,-0.0073115606575954,False,,two_sided_range,0.0
3986.HK,2026Q1,100,share,162.0,222.8,0.3753086419753086,2.00172633482675,16200.0,0.0200172633482675,121.70496115746644,0.0075126519233003,17,False,2026-01-13,1,4684359600.0,162.0,222.8,2026Q1,A+H,Large,2891600,2891600,2891600,2891600,1567888600,148419,0,0,542.22,542.2218149121594,1.0,0.0018442636804681,10.853796862272253,0.0181729996677993,2.1684043449710093e-19,0.0,0.0018149121593751,0.0006921680973608,0.0068204838259395,Middle,235.0,26848.471,26149.311,26231.789,0.0267372,0.0090193,0.023509,0.343719,0.363015,2026-01-08,2026-01-09,RECORDED_PRICING_DATE_PROXY,2026-01-09,2026-01-08,PRICING_DATE_PROXY; RAW_LISTING_PRICES_MATCH,https://web.ifzq.gtimg.cn/appstock/app/hkfqkline/get,0.3753086419753086,0.4506172839506173,-0.0519148936170211,0.0267372245486696,0.3394942825608209,0.0235089570139497,0.343719204947382,0.0090193047848166,0.3630151925275671,-0.0753086419753086,-0.0233937483582873,0.3186781728207449,0.3719891789117749,-0.0533110060910298,0.2922921416550974,0.0263860311656475,3986.HK,132.0,162.0,28915800,At high,0.102041,2026-01-09,2025-12-31,2025-12-31,2026-01-08,-0.00016594,132.0,162.0,two_sided_range,147.0,0.1020408163265306,1.0,0.2040816326530612,0.0971637484536477,0.4158419212743927,At high,0.0,0.0,2025-12-31,2026-01-08,2026-01,28915800,4250622600.0,1.447065466324757,25630.539,26149.311,0.0200382719736956,0.0075126519233003,False,,two_sided_range,0.0
6067.HK,2026Q2,500,share,8.98,11.0,0.2249443207126948,0.4876248715042568,4490.0,0.0009752497430085,0.9850022404385984,0.0002193768909662,16,False,2026-06-23,1,1342721030.0,8.98,11.0,2026Q2,A+H,Medium,14952500,14952500,14952500,14952500,23373135000,209580,0,0,1563.16,1563.1590035111185,1.0,0.0006397301859592,1.5244704164556413,0.0003355195570492,0.0,0.0,-0.0009964888815829,0.00014390367212,7.547321884627408e-05,Middle,12.43,23336.279,24312.16,23924.811,-0.0401396,-0.0181854,-0.0245992,0.255837,0.247633,2026-06-17,2026-06-18,RECORDED_PRICING_DATE_PROXY,2026-06-18,2026-06-17,PRICING_DATE_PROXY; RAW_LISTING_PRICES_MATCH,https://web.ifzq.gtimg.cn/appstock/app/hkfqkline/get,0.2249443207126948,0.384187082405345,-0.1150442477876105,-0.0401396256029904,0.2761692777266826,-0.0245992329887163,0.2558369463518419,-0.0181854402377599,0.2476330774818944,-0.1592427616926501,-0.0441985139050396,0.2028953904842623,0.3251130232085114,-0.1222176327242491,0.2438628389188735,-0.0409674484346112,6067.HK,,8.98,149523500,Fixed price,0.0,2026-06-18,2026-06-12,2026-06-12,2026-06-17,-0.0810639,,8.98,undisclosed_lower_bound,,,,,,,No two-sided range,1.0,0.0,2026-06-12,2026-06-17,2026-06,149523500,1342721030.0,0.2946981744450104,24718.1,24312.16,-0.0165591320890756,0.0002193768909662,False,confirmed_maximum_only,confirmed_maximum_only,0.0
6082.HK,2026Q1,200,share,19.6,34.46,0.7581632653061223,10.000228812008054,3920.000000000001,0.0500011440600402,148.60340014643967,0.0379090306496019,29,False,2026-01-02,0,5582993360.0,19.6,34.46,2026Q1,Non-A+H,Large,12384800,12384800,49538600,49538600,29073659800,471116,0,0,2347.53,2347.5275983463603,3.9999515535172145,0.0017038996927383,29.34512182444396,0.0482972443673018,2.1684043449710093e-19,6.938893903907228e-18,-0.0024016536399358,0.0012918341548006,0.0366171964948012,High,35.7,26338.471,25635.231,25854.6,0.0274326,0.0276206,0.0187151,0.725864,0.710907,2025-12-29,2025-12-30,RECORDED_PRICING_DATE_PROXY,2025-12-30,2025-12-29,PRICING_DATE_PROXY; RAW_LISTING_PRICES_MATCH,https://web.ifzq.gtimg.cn/appstock/app/hkfqkline/get,0.7581632653061223,0.8214285714285714,-0.034733893557423,0.0274325595115565,0.7112201175928827,0.0187150835828053,0.7258635840775902,0.0276206442634703,0.7109069140648259,-0.063265306122449,-0.028531412565026,0.564269664863312,0.5996211225491218,-0.0353514576858099,0.5372066351410308,0.027063029722281,6082.HK,17.0,19.6,247692800,At high,0.071038,2025-12-30,2025-12-22,2025-12-22,2025-12-29,0.0186562,17.0,19.6,two_sided_range,18.3,0.0710382513661202,1.0,0.1420765027322405,0.0686285063890963,0.6328981712524083,At high,0.0,0.0,2025-12-22,2025-12-29,2026-01,247692800,4532778240.0,1.51133504951782,25801.77,25635.231,-0.0064754779128664,0.0379090306496019,False,,two_sided_range,0.0
6106.HK,2026Q2,50,share,101.6,106.0,0.0433070866141733,2.499787433041408,5080.0,0.0499957486608281,10.99906470538221,0.0021651702175949,16,False,2026-06-24,0,1066525680.0,101.6,106.0,2026Q2,Non-A+H,Medium,524900,524900,2099500,2099500,3115049350,222966,0,0,5934.56,5934.557725281006,3.999809487521433,0.0006739861119696,74.17919712725694,0.0493217625488584,1.0842021724855044e-19,0.0,-0.0022747189941583,2.9188374927818347e-05,0.0021359818426671,High,101.6,23412.18,23924.811,24842.67,-0.0214268,0.00325249,-0.057582,0.107053,0.0399247,2026-06-18,2026-06-15,PROSPECTUS_FIXED_PRICE,2026-06-15,2026-06-18,COMPLETE_FIXED_PRICE_ANCHOR; RAW_LISTING_PRICES_MATCH,https://web.ifzq.gtimg.cn/appstock/app/hkfqkline/get,0.0433070866141733,0.0,0.0433070866141733,-0.0214267523367269,0.0661512453007251,-0.057581974884342,0.107053408158374,0.0032524893964458,0.0399247424163624,0.0433070866141733,0.0,0.0423955589676857,0.0,0.0423955589676857,0.0640551968246205,-0.0216596378569347,6106.HK,101.6,101.6,10497300,Fixed price,0.0,,2026-06-15,2026-06-15,2026-06-18,-0.0633194,101.6,101.6,equal_endpoints,,,,,,,No two-sided range,1.0,0.0,2026-06-15,2026-06-18,2026-06,10497300,1066525680.0,0.0644063374016859,24842.67,23924.811,-0.0376467015902754,0.0021651702175949,False,,recorded_equal_endpoints,0.0
6132.HK,2026Q2,100,share,81.8,35.26,-0.5689486552567238,1.9996825900650688,8180.0,0.0199968259006506,-93.0652277416283,-0.011377167205578,14,False,2026-06-23,0,1112480000.0,81.8,35.26,2026Q2,Non-A+H,Medium,1360000,1360000,1360000,1360000,2730338000,173284,0,0,2007.6,2007.601470588235,1.0,0.0004981068277993,40.14565708524305,0.0194987190728512,0.0,0.0,0.0014705882354064,-0.0002833972098506,-0.0110937699957273,High,81.8,23336.279,24312.16,24718.1,-0.0401396,-0.0181854,-0.0559032,-0.543425,-0.560965,2026-06-17,2026-06-12,PROSPECTUS_FIXED_PRICE,2026-06-12,2026-06-17,COMPLETE_FIXED_PRICE_ANCHOR; RAW_LISTING_PRICES_MATCH,https://web.ifzq.gtimg.cn/appstock/app/hkfqkline/get,-0.5689486552567238,0.0,-0.5689486552567238,-0.0401396256029904,-0.5509228672825821,-0.055903204534329,-0.5434246289008297,-0.0181854402377599,-0.5609646032875483,-0.5689486552567238,-0.0,-0.8415280666389774,0.0,-0.8415280666389774,-0.800560618204366,-0.0409674484346112,6132.HK,81.8,81.8,13600000,Fixed price,0.0,,2026-06-12,2026-06-12,2026-06-17,-0.0810639,81.8,81.8,equal_endpoints,,,,,,,No two-sided range,1.0,0.0,2026-06-12,2026-06-17,2026-06,13600000,1112480000.0,0.1065917573685705,24718.1,24312.16,-0.0165591320890756,-0.011377167205578,False,,recorded_equal_endpoints,0.0
6228.HK,2026Q2,100,HDR,26.6,24.86,-0.0654135338345865,100.0,2660.0,1.0,-174.0000000000002,-0.0654135338345865,15,False,2026-06-26,0,2385184760.0,26.6,24.86,2026Q2,Non-A+H,Medium,8966900,8966900,8966900,8966900,39645800,22329,0,0,4.42,4.421349630307018,1.0,0.2261752821232009,4.421349630307017,0.7738247178767991,2.7755575615628914e-17,2.220446049250313e-16,0.0013496303070184,-0.0147949244697131,-0.0506186093648733,Low,26.6,22671.859,23336.279,23412.18,-0.0284715,-0.0175522,-0.0316212,-0.0348958,-0.0487164,2026-06-23,2026-06-24,RECORDED_PRICING_DATE_PROXY,2026-06-24,2026-06-23,PRICING_DATE_PROXY; RAW_LISTING_PRICES_MATCH,https://web.ifzq.gtimg.cn/appstock/app/hkfqkline/get,-0.0654135338345865,0.0,-0.0654135338345865,-0.0284715485275094,-0.0380246046845939,-0.0316211903376789,-0.0348957899116888,-0.0175522199462579,-0.0487163947642188,-0.0654135338345865,-0.0,-0.0676511297050884,0.0,-0.0676511297050884,-0.0387664052387292,-0.0288847244663592,6228.HK,,26.6,89668600,Fixed price,0.0,2026-06-24,2026-06-17,2026-06-17,2026-06-23,-0.0460067,,26.6,undisclosed_lower_bound,,,,,,,No two-sided range,1.0,0.0,2026-06-17,2026-06-23,2026-06,89668600,2385184760.0,0.8692765888450934,24312.16,23336.279,-0.0409674484346112,-0.0654135338345865,False,confirmed_maximum_only,confirmed_maximum_only,0.0
6636.HK,2026Q1,50,share,40.0,100.0,1.5,5.000482113585961,2000.0,0.1000096422717192,300.02892681515766,0.1500144634075788,12,False,2026-03-30,0,499200000.0,40.0,100.0,2026Q1,Non-A+H,Small,624000,624000,2496000,2496000,2865013350,159089,0,0,4591.37,4591.367548076923,4.0,0.0008712001289627,114.7952565052884,0.0991384421427564,1.0842021724855044e-19,1.3877787807814457e-17,-0.0024519230764781,0.0013068001934441,0.1487076632141346,High,59.95,24750.789,25335.949,25277.32,-0.023096,-0.00805919,-0.0208302,1.55318,1.52031,2026-03-25,2026-03-20,PROSPECTUS_FIXED_PRICE,2026-03-20,2026-03-25,COMPLETE_FIXED_PRICE_ANCHOR; RAW_LISTING_PRICES_MATCH,https://web.ifzq.gtimg.cn/appstock/app/hkfqkline/get,1.5,0.49875,0.6680567139282734,-0.0230960363868746,1.5591051865053671,-0.0208301750343785,1.5531832540772736,-0.0080591920104139,1.5203116757207216,1.00125,0.3331932860717264,0.9162907318741552,0.4046314273595869,0.511659304514568,0.9396576608680016,-0.0233669289938466,6636.HK,40.0,40.0,12480000,Fixed price,0.0,,2026-03-20,2026-03-20,2026-03-25,-0.0451345,40.0,40.0,equal_endpoints,,,,,,,No two-sided range,0.0,0.0,2026-03-20,2026-03-25,2026-03,12480000,499200000.0,-0.6947484619269192,25277.32,25335.949,0.0023167452876172,0.1500144634075788,False,,recorded_equal_endpoints,0.0
6656.HK,2026Q2,100,share,324.2,659.5,1.0342381246144354,2.000876920938091,32420.0,0.0200087692093809,670.8940315905421,0.0206938319429531,19,False,2026-04-16,0,4400658380.0,324.2,659.5,2026Q2,Non-A+H,Large,1357400,1357400,1357400,1357400,1495920500,202730,0,0,1102.05,1102.0484013555326,1.0,0.0009074011620269,22.050632120290025,0.0191013680473539,0.0,0.0,-0.0015986444673217,0.0009384688760877,0.0197553630668654,Middle,581.0,26394.26,25660.85,25893.02,0.0285809,0.0172249,0.0193581,0.995607,0.999792,2026-04-13,2026-04-08,PROSPECTUS_FIXED_PRICE,2026-04-08,2026-04-13,COMPLETE_FIXED_PRICE_ANCHOR; RAW_LISTING_PRICES_MATCH,https://web.ifzq.gtimg.cn/appstock/app/hkfqkline/get,1.0342381246144354,0.7921036397285626,0.1351118760757315,0.0285808926828223,0.9777133126676908,0.0193581127269046,0.995606940501612,0.0172249002979882,0.999791908375936,0.2421344848858728,0.1070226088101414,0.7101213628557935,0.5833901475503355,0.126731215305458,0.6819412847120174,0.028180078143776,6656.HK,324.2,324.2,13573900,Fixed price,0.0,,2026-04-08,2026-04-08,2026-04-13,-0.00808847,324.2,324.2,equal_endpoints,,,,,,,No two-sided range,1.0,0.0,2026-04-08,2026-04-13,2026-04,13573900,4400658380.0,1.4817541615486736,25893.02,25660.85,-0.0090069501888704,0.0206938319429531,False,,recorded_equal_endpoints,0.0
6658.HK,2026Q2,100,share,43.58,128.0,1.937127122533272,1.501826964761256,4358.0,0.0150182696476125,126.78423236514524,0.0290922974679084,10,False,2026-06-15,0,499605478.0,43.58,128.0,2026Q2,Non-A+H,Small,1146500,1146500,1146500,1146500,7551685900,180507,0,0,6586.73,6586.729960750109,1.0,0.0001518204034413,98.92128664655324,0.0148664492441711,0.0,0.0,-3.924989050574368e-05,0.00029409542126,0.0287982020466482,High,95.0,24842.67,24407.961,24961.949,0.0178101,0.00503963,-0.00477843,1.95123,1.9224,2026-06-10,2026-06-05,PROSPECTUS_FIXED_PRICE,2026-06-05,2026-06-10,COMPLETE_FIXED_PRICE_ANCHOR; RAW_LISTING_PRICES_MATCH,https://web.ifzq.gtimg.cn/appstock/app/hkfqkline/get,1.937127122533272,1.1798990362551631,0.3473684210526315,0.0178101317025212,1.885731858082659,-0.0047784329661118,1.9512293742658215,0.0050396268321595,1.9223993205033785,0.7572280862781091,0.4098596652254777,1.077431934403143,0.7792785620840671,0.2981533723190763,1.05977854476789,0.0176533896352534,6658.HK,43.58,43.58,11464100,Fixed price,0.0,,2026-06-05,2026-06-05,2026-06-10,-0.0366364,43.58,43.58,equal_endpoints,,,,,,,No two-sided range,1.0,0.0,2026-06-05,2026-06-10,2026-06,11464100,499605478.0,-0.6939365360190096,24961.949,24407.961,-0.0224432758123373,0.0290922974679084,True,,recorded_equal_endpoints,0.0
6675.HK,2026Q2,200,share,18.36,41.7,1.2712418300653598,4.001474227346917,3672.0,0.0200073711367345,93.39440846627706,0.0254342070986593,17,False,2026-06-17,0,980552520.0,18.36,41.7,2026Q2,Non-A+H,Medium,5340800,5340800,5340800,5340800,27478241600,237930,0,0,5144.97,5144.967345715998,1.0,0.0001943646932633,102.93727117211978,0.0198130064434711,0.0,0.0,-0.0026542840023466,0.0002470845283641,0.025187122570295,High,31.6,24312.16,24718.1,24565.9,-0.0164228,-0.00742179,-0.010329,1.29495,1.28822,2026-06-12,2026-06-09,PROSPECTUS_FIXED_PRICE,2026-06-09,2026-06-12,COMPLETE_FIXED_PRICE_ANCHOR; RAW_LISTING_PRICES_MATCH,https://web.ifzq.gtimg.cn/appstock/app/hkfqkline/get,1.2712418300653598,0.7211328976034859,0.3196202531645569,-0.0164227833045419,1.3091647422416837,-0.0103289519211591,1.2949462192253849,-0.0074217922148854,1.2882245572704192,0.550108932461874,0.2304886792973166,0.8203267436124115,0.542982735400522,0.2773440082118892,0.8368858757014873,-0.0165591320890756,6675.HK,18.36,18.36,53407000,Fixed price,0.0,,2026-06-09,2026-06-09,2026-06-12,-0.0657979,18.36,18.36,equal_endpoints,,,,,,,No two-sided range,1.0,0.0,2026-06-09,2026-06-12,2026-06,53407000,980552520.0,-0.0196390702723589,24565.9,24718.1,0.0061764663522779,0.0254342070986593,True,,recorded_equal_endpoints,0.0
6715.HK,2026Q2,100,share,75.5,114.0,0.509933774834437,3.001231120319491,7550.0,0.0300123112031949,115.5473981323004,0.015304291143351,16,False,2026-06-30,0,1233133950.0,75.5,114.0,2026Q2,Non-A+H,Medium,1633300,1633300,1633300,1633300,3486789300,179723,0,0,2134.81,2134.812526786261,1.0,0.0004684252071095,64.07065791438812,0.0295438859960853,0.0,0.0,0.0025267862611144,0.0002388658340889,0.015065425309262,High,103.0,22881.02,23076.91,23768.52,-0.00848857,-0.00632571,-0.0373393,0.5685,0.519546,2026-06-25,2026-06-22,PROSPECTUS_FIXED_PRICE,2026-06-22,2026-06-25,COMPLETE_FIXED_PRICE_ANCHOR; RAW_LISTING_PRICES_MATCH,https://web.ifzq.gtimg.cn/appstock/app/hkfqkline/get,0.509933774834437,0.3642384105960266,0.1067961165048543,-0.0084885714768571,0.5228606866221246,-0.0373393042562179,0.5685004919285859,-0.0063257056596955,0.5195459754112637,0.1456953642384104,0.0388992477335562,0.4120657921395164,0.3105963319746568,0.1014694601648596,0.4205905967298532,-0.0085248045903368,6715.HK,75.5,75.5,16332900,Fixed price,0.0,,2026-06-22,2026-06-22,2026-06-25,-0.0672995,75.5,75.5,equal_endpoints,,,,,,,No two-sided range,1.0,0.0,2026-06-22,2026-06-25,2026-06,16332900,1233133950.0,0.209558855751171,23768.52,23076.91,-0.0295294655486493,0.015304291143351,False,,recorded_equal_endpoints,0.0
6727.HK,2026Q3,100,share,49.0,44.5,-0.0918367346938775,10.007581501137224,4900.0,0.1000758150113722,-45.03411675511751,-0.0091906360724729,10,False,2026-09-21,1,686529200.0,49.0,44.5,2026Q3,A+H,Small,700600,700600,2802200,2802200,51749500,20485,0,0,73.86,73.86454467599201,3.999714530402512,0.0541493154523232,1.8481455245632024,0.0459264995590489,0.0,0.0,0.0045446759920082,-0.00497289631705,-0.0042177397554228,Low,49.0,25042.711,24713.779,,0.0133097,0.0117949,,,-0.102424,2026-09-16,,,,2026-09-16,MISSING_PRICING_ANCHOR; RAW_LISTING_PRICES_MATCH,https://web.ifzq.gtimg.cn/appstock/app/hkfqkline/get,-0.0918367346938775,0.0,-0.0918367346938775,0.0133096601697377,-0.1037653137995372,,,0.0117948610829583,-0.1024235245333381,-0.0918367346938775,-0.0,-0.096331108938432,0.0,-0.096331108938432,-0.1095529737409636,0.0132218648025315,6727.HK,49.0,61.0,14010800,At low,-0.109091,,2026-09-11,2026-09-11,2026-09-16,-0.0174055,49.0,61.0,two_sided_range,55.0,-0.109090909090909,0.0,0.2181818181818181,-0.1155128871218443,-0.2118439960602764,At low,0.0,1.0,2026-09-11,2026-09-16,2026-09,14010800,770594000.0,-0.2605936329610616,24805.631,24713.779,-0.0037097415070295,-0.0073826420910028,False,,two_sided_range,-0.19672131147540983
6731.HK,2026Q3,100,share,21.6,23.2,0.0740740740740739,60.00260145681582,2160.0,0.6000260145681582,96.00416233090516,0.0444463714494931,15,False,2026-09-29,0,1080000000.0,21.6,23.2,2026Q3,Non-A+H,Medium,2500000,2500000,10000000,10000000,521387700,43933,0,0,208.56,208.55508,4.0,0.0191795855560075,31.28461836758585,0.5808464290121507,0.0,0.0,-0.0049199999999984,0.0014207100411857,0.0430256614083073,Low,22.48,24523.57,24761.131,25042.711,-0.00959411,-0.00482662,-0.0207302,0.0968112,0.0792834,2026-09-24,2026-09-21,PROSPECTUS_FIXED_PRICE,2026-09-21,2026-09-24,COMPLETE_FIXED_PRICE_ANCHOR; RAW_LISTING_PRICES_MATCH,https://web.ifzq.gtimg.cn/appstock/app/hkfqkline/get,0.0740740740740739,0.0407407407407407,0.0320284697508896,-0.0095941094128536,0.084478681197389,-0.0207302236566959,0.0968112158886176,-0.0048266187170056,0.0792833633566036,0.0333333333333332,0.0013048635824436,0.0714589639821448,0.039932710335371,0.0315262536467739,0.0810993933667161,-0.0096404293845712,6731.HK,21.6,21.6,50000000,Fixed price,0.0,,2026-09-21,2026-09-21,2026-09-24,-0.0483932,21.6,21.6,equal_endpoints,,,,,,,No two-sided range,0.0,1.0,2026-09-21,2026-09-24,2026-09,50000000,1080000000.0,0.0769610411361284,25042.711,24761.131,-0.0113076818577409,0.0444463714494931,False,,recorded_equal_endpoints,0.0
6745.HK,2026Q3,1000,share,3.48,2.83,-0.1867816091954023,50.00472932496768,3480.0,0.0500047293249676,-32.50307406122899,-0.0093399638106979,12,False,2026-07-10,1,1225398480.0,3.48,2.83,2026Q3,A+H,Medium,35213000,35213000,35213000,35213000,8013633000,88855,0,0,227.58,227.57598046176128,1.0,0.0043941368415548,11.379875303854488,0.0456105924834127,0.0,6.938893903907228e-18,-0.0040195382387366,-0.0008207439502904,-0.0085192198604075,Low,2.74,24175.119,23496.891,24199.461,0.0288646,0.00603154,-0.00100589,-0.185963,-0.191657,2026-07-07,2026-07-08,RECORDED_PRICING_DATE_PROXY,2026-07-08,2026-07-07,PRICING_DATE_PROXY; RAW_LISTING_PRICES_MATCH,https://web.ifzq.gtimg.cn/appstock/app/hkfqkline/get,-0.1867816091954023,-0.2126436781609194,0.032846715328467,0.0288645846805859,-0.2095962841824672,-0.0010058901725125,-0.185962777152881,0.0060315403380248,-0.1916571616319726,0.0258620689655171,-0.0069846463629498,-0.2067555821312367,-0.239074373386404,0.0323187912551673,-0.2352114313733797,0.0284558492421431,6745.HK,3.05,3.59,352126000,Within range,0.048193,2026-07-08,2026-06-30,2026-06-30,2026-07-07,-0.0856039,3.05,3.59,two_sided_range,3.32,0.0481927710843373,0.7962962962962965,0.1626506024096385,0.0470675108579858,-0.1596880712732508,Inside range,0.0,1.0,2026-06-30,2026-07-07,2026-07,352126000,1169058320.0,0.1561985700393677,22881.02,23496.891,0.0265603685881372,-0.0090537810755511,True,,two_sided_range,-0.03064066852367686
6802.HK,2026Q3,100,share,58.85,215.2,2.656754460492778,2.001400805463142,5885.0,0.0200140080546314,312.91901593416213,0.0531723051714803,16,False,2026-09-30,0,682000880.0,58.85,215.2,2026Q3,Non-A+H,Small,1158900,1158900,1158900,1158900,4110508700,157315,0,0,3546.91,3546.9054275606177,1.0,0.0002819359073488,70.98779379621404,0.0197320721472825,0.0,0.0,-0.0045724393821728,0.0007490344794222,0.0524232706920581,High,168.0,24613.27,24510.09,25087.75,0.00420969,0.00365771,-0.0189128,2.72725,2.64343,2026-09-25,2026-09-22,PROSPECTUS_FIXED_PRICE,2026-09-22,2026-09-25,COMPLETE_FIXED_PRICE_ANCHOR; RAW_LISTING_PRICES_MATCH,https://web.ifzq.gtimg.cn/appstock/app/hkfqkline/get,2.656754460492778,1.854715378079864,0.2809523809523808,0.0042096948644414,2.6414251716484416,-0.0189128160157845,2.727247201051615,0.003657705627688,2.6434278738545047,0.802039082412914,0.521086701460533,1.2965759945813435,1.0489721456969732,0.2476038488843703,1.2923751356931652,0.0042008588881783,6802.HK,58.85,58.85,11588800,Fixed price,0.0,,2026-09-22,2026-09-22,2026-09-25,-0.0185999,58.85,58.85,equal_endpoints,,,,,,,No two-sided range,0.0,1.0,2026-09-22,2026-09-25,2026-09,11588800,682000880.0,-0.3827243308169267,25087.75,24510.09,-0.023294809690974,0.0531723051714803,False,,recorded_equal_endpoints,0.0
6809.HK,2026Q1,100,share,106.89,175.0,0.6371971185330714,4.999520710626379,10689.0,0.0499952071062637,340.51735560076264,0.0318568019085754,17,False,2026-02-09,1,7042982100.0,106.89,175.0,2026Q1,A+H,Large,6589000,6589000,6589000,6589000,4660409500,260646,0,0,707.3,707.3014873273638,1.0,0.0014138242572889,35.3616843454999,0.0485813828489747,0.0,0.0,0.0014873273638613,0.0009008847428566,0.0309559171657186,Middle,168.0,27027.16,26847.32,26885.24,0.00669862,0.0175908,0.00527873,0.6286,0.608895,2026-02-04,2026-02-05,RECORDED_PRICING_DATE_PROXY,2026-02-05,2026-02-04,PRICING_DATE_PROXY; RAW_LISTING_PRICES_MATCH,https://web.ifzq.gtimg.cn/appstock/app/hkfqkline/get,0.6371971185330714,0.5717092337917484,0.0416666666666667,0.0066986201974721,0.6263031315289991,0.0052787328660632,0.6286001732727402,0.0175908093799426,0.6088953471687493,0.0654878847413229,0.0238212180746562,0.4929857056376597,0.4521637111174045,0.0408219945202552,0.4863094215047365,0.0066762841329232,6809.HK,,106.89,65890000,Fixed price,0.0,2026-02-05,2026-01-30,2026-01-30,2026-02-04,0.0912018,,106.89,undisclosed_lower_bound,,,,,,,No two-sided range,0.0,0.0,2026-01-30,2026-02-04,2026-02,65890000,7042982100.0,1.952031674229446,27387.109,26847.32,-0.0199064260407536,0.0318568019085754,False,confirmed_maximum_only,confirmed_maximum_only,0.0
6810.HK,2026Q2,100,share,24.86,84.8,2.411102172164119,5.000194711632073,2486.0,0.0500019471163207,299.71167101522644,0.1205598033045963,14,False,2026-04-29,0,1059702248.0,24.86,84.8,2026Q2,Non-A+H,Medium,4262700,4262700,4262700,4262700,8538879300,204939,0,0,2003.16,2003.162150749525,1.0,0.0004992107102392,100.162007927193,0.0495027364060814,0.0,0.0,0.0021507495248442,0.0012036480278253,0.1193561552767708,Middle,97.5,26111.84,25978.07,26487.481,0.00514934,0.016825,-0.0141818,2.46017,2.35466,2026-04-24,2026-04-21,PROSPECTUS_FIXED_PRICE,2026-04-21,2026-04-24,COMPLETE_FIXED_PRICE_ANCHOR; RAW_LISTING_PRICES_MATCH,https://web.ifzq.gtimg.cn/appstock/app/hkfqkline/get,2.411102172164119,2.921962992759453,-0.1302564102564103,0.0051493432729992,2.393627220664324,-0.0141818317868731,2.460173774588686,0.0168249500901078,2.354660182032156,-0.510860820595334,-0.3806044103389238,1.2270354567152923,1.3665922919212363,-0.1395568352059442,1.2218993259725388,0.0051361307427533,6810.HK,24.86,24.86,42626800,Fixed price,0.0,,2026-04-21,2026-04-21,2026-04-24,0.012897,24.86,24.86,equal_endpoints,,,,,,,No two-sided range,1.0,0.0,2026-04-21,2026-04-24,2026-04,42626800,1059702248.0,0.0579879705515037,26487.481,25978.07,-0.0194194857054799,0.1205598033045963,True,,recorded_equal_endpoints,0.0
6871.HK,2026Q2,100,share,30.5,53.75,0.7622950819672132,3.00130308677437,3050.0,0.0300130308677437,69.7802967675041,0.0228787858254111,13,False,2026-05-18,0,750300000.0,30.5,53.75,2026Q2,Non-A+H,Small,1230000,1230000,4920000,4920000,18272139700,330334,0,0,14855.4,14855.3981300813,4.0,0.0002692623896696,111.46388065768802,0.029743768478074,5.421010862427522e-20,3.469446951953614e-18,-0.0018699186985031,0.0002052573954039,0.0226735284300072,High,54.65,25675.18,26388.44,26393.711,-0.0270293,-0.0110755,-0.0272236,0.811614,0.782032,2026-05-13,2026-05-08,PROSPECTUS_FIXED_PRICE,2026-05-08,2026-05-13,COMPLETE_FIXED_PRICE_ANCHOR; RAW_LISTING_PRICES_MATCH,https://web.ifzq.gtimg.cn/appstock/app/hkfqkline/get,0.7622950819672132,0.7918032786885245,-0.0164684354986276,-0.0270292597819347,0.81125187955009,-0.0272235685235774,0.8116136708745152,-0.0110755297661097,0.7820320307681468,-0.0295081967213113,-0.0130397612226838,0.5666169833944062,0.5832225310091815,-0.0166055476147754,0.594018252361031,-0.0274012689666247,6871.HK,30.5,30.5,24600000,Fixed price,0.0,,2026-05-08,2026-05-08,2026-05-13,0.0283188,30.5,30.5,equal_endpoints,,,,,,,No two-sided range,1.0,0.0,2026-05-08,2026-05-13,2026-05,24600000,750300000.0,-0.287282152430454,26393.711,26388.44,-0.0001997266090017,0.0228787858254111,False,,recorded_equal_endpoints,0.0
6872.HK,2026Q2,50,share,75.7,211.0,1.787318361955086,0.4001667361400584,3785.0,0.0080033347228011,54.142559399749906,0.0143045071069352,14,False,2026-05-22,0,670399200.0,75.7,211.0,2026Q2,Non-A+H,Small,828100,828100,828100,828100,7465408500,275978,0,0,9015.11,9015.10505977539,1.0,0.0001109249413478,72.15090335460026,0.0078924097814532,0.0,0.0,-0.0049402246113459,0.0001982581844697,0.0141062489224653,High,150.0,25606.029,25797.85,26389.039,-0.00743554,0.00864668,-0.0296718,1.87255,1.76342,2026-05-19,2026-05-14,PROSPECTUS_FIXED_PRICE,2026-05-14,2026-05-19,COMPLETE_FIXED_PRICE_ANCHOR; RAW_LISTING_PRICES_MATCH,https://web.ifzq.gtimg.cn/appstock/app/hkfqkline/get,1.787318361955086,0.9815059445178336,0.4066666666666667,-0.0074355421091292,1.808198842700796,-0.029671789109107,1.8725521227461268,0.0086466754797427,1.7634239320021088,0.8058124174372523,0.3991457507705857,1.0250799730326634,0.6838571336528527,0.3412228393798108,1.0325432965840815,-0.007463323551418,6872.HK,75.7,75.7,8280550,Fixed price,0.0,,2026-05-14,2026-05-14,2026-05-19,0.0199487,75.7,75.7,equal_endpoints,,,,,,,No two-sided range,1.0,0.0,2026-05-14,2026-05-19,2026-05,8280550,626837635.0,-0.4670677272268433,26389.039,25797.85,-0.0226575794215269,0.0143045071069352,False,,recorded_equal_endpoints,0.0
6880.HK,2026Q3,20,share,295.6,295.6,0.0,1.000046032038299,5912.0,0.0500023016019149,0.0,0.0,23,False,2026-07-08,0,5893761480.0,295.6,295.6,2026Q3,Non-A+H,Large,1993840,1993840,1993840,1993840,824707040,209045,0,0,413.63,413.6274926774465,1.0,0.00241763426683,20.68232663970153,0.0475846673350848,0.0,0.0,-0.0025073225534697,0.0,0.0,Middle,301.0,24199.461,23350.029,23026.68,0.0363782,0.0299006,0.0509314,-0.0484631,-0.0290325,2026-07-03,2026-06-29,PROSPECTUS_FIXED_PRICE,2026-06-29,2026-07-03,COMPLETE_FIXED_PRICE_ANCHOR; RAW_LISTING_PRICES_MATCH,https://web.ifzq.gtimg.cn/appstock/app/hkfqkline/get,0.0,0.0182679296346413,-0.0179401993355481,0.0363781989307165,-0.0351012776689531,0.0509313978393759,-0.0484631041988911,0.0299005515240293,-0.0290324648139891,-0.0182679296346413,-0.0003277302990932,0.0,0.0181030756748289,-0.0181030756748289,-0.0357321341031706,0.0357321341031706,6880.HK,295.6,295.6,19938300,Fixed price,0.0,,2026-06-29,2026-06-29,2026-07-03,-0.093349,295.6,295.6,equal_endpoints,,,,,,,No two-sided range,0.0,1.0,2026-06-29,2026-07-03,2026-07,19938300,5893761480.0,1.7738944152238203,23026.68,23350.029,0.0139446824351601,0.0,True,,recorded_equal_endpoints,0.0
6915.HK,2026Q2,500,share,11.2,9.78,-0.1267857142857142,10.008430215460624,5600.0,0.0200168604309212,-14.211970905954086,-0.0025378519474918,14,False,2026-06-30,0,405826400.0,11.2,9.78,2026Q2,Non-A+H,Small,3623500,3623500,3623500,3623500,1726805000,78433,0,0,476.56,476.557196081137,1.0,0.0020983840097752,9.539178881307269,0.0179184764211459,0.0,0.0,-0.0028039188629804,-0.000266045115525,-0.0022718068319667,Middle,7.4,22881.02,23076.91,22671.859,-0.00848857,-0.00632571,0.00922558,-0.134768,-0.121227,2026-06-25,2026-06-26,RECORDED_PRICING_DATE_PROXY,2026-06-26,2026-06-25,PRICING_DATE_PROXY; RAW_LISTING_PRICES_MATCH,https://web.ifzq.gtimg.cn/appstock/app/hkfqkline/get,-0.1267857142857142,-0.3392857142857142,0.3216216216216214,-0.0084885714768571,-0.1193099135378206,0.0092255778407936,-0.1347679796398936,-0.0063257056596955,-0.1212268540226166,0.2124999999999999,-0.1091216216216215,-0.1355742942543228,-0.4144337780909246,0.2788594838366017,-0.127049489663986,-0.0085248045903368,6915.HK,9.33,13.06,36234500,Within range,0.000447,2026-06-26,2026-06-22,2026-06-22,2026-06-25,-0.0672995,9.33,13.06,two_sided_range,11.195,0.0004466279589101,0.5013404825737263,0.3331844573470299,0.0004465282503306,-0.1351277660039922,Inside range,1.0,0.0,2026-06-22,2026-06-25,2026-06,36234500,405645227.5,-0.9022763252786808,23768.52,23076.91,-0.0295294655486493,-0.002176412083607,False,,two_sided_range,-0.14241960183767233
6938.HK,2026Q1,200,share,57.97,82.1,0.4162497843712265,3.4109568592327215,11594.0,0.0170547842961636,82.30638901328555,0.0070990502857758,18,False,2026-01-09,0,1832454888.0,57.97,82.1,2026Q1,Non-A+H,Medium,2748800,2748800,2748800,2748800,277804200,42771,0,0,101.06,101.06380966239814,1.0,0.0098947388124441,1.7236214739407347,0.0071600454837194,1.734723475976807e-18,3.469446951953614e-18,0.0038096623981402,0.0041186828970894,0.0029803673886863,Low,75.0,26231.789,26710.449,25630.539,-0.0179203,0.00315412,0.0234583,0.383788,0.411797,2026-01-06,2025-12-31,PROSPECTUS_FIXED_PRICE,2025-12-31,2026-01-06,COMPLETE_FIXED_PRICE_ANCHOR; RAW_LISTING_PRICES_MATCH,https://web.ifzq.gtimg.cn/appstock/app/hkfqkline/get,0.4162497843712265,0.2937726410212178,0.0946666666666666,-0.0179203277339141,0.4420925555900379,0.0234583439700586,0.3837884000999059,0.0031541175214901,0.4117968113118837,0.1224771433500087,0.0278104766833419,0.348012381106741,0.2575624781846689,0.0904499029220721,0.3660952223716328,-0.0180828412648916,6938.HK,57.97,57.97,27487400,Fixed price,0.0,,2025-12-31,2025-12-31,2026-01-06,-0.00016594,57.97,57.97,equal_endpoints,,,,,,,No two-sided range,0.0,0.0,2025-12-31,2026-01-06,2026-01,27487400,1593444578.0,0.4658980742264858,25630.539,26710.449,0.0412702669662619,0.0070990502857758,False,,recorded_equal_endpoints,0.0
6951.HK,2026Q3,100,share,100.3,105.0,0.0468594217347957,0.6898991685830532,10030.0,0.0068989916858305,3.242526092340352,0.0003232827609511,15,False,2026-07-09,1,7157839290.0,100.3,105.0,2026Q3,A+H,Large,7136500,7136500,7136500,7136500,2337106300,174984,0,0,327.49,327.48634484691377,1.0,0.0030535624331678,2.259325570321878,0.0038454292526626,0.0,0.0,-0.0036551530862425,0.0001430881698493,0.0001801945911018,Low,100.3,24030.18,23616.32,23496.891,0.0175243,-0.00699524,0.0226962,0.023627,0.054234,2026-07-06,2026-07-07,RECORDED_PRICING_DATE_PROXY,2026-07-07,2026-07-06,PRICING_DATE_PROXY; RAW_LISTING_PRICES_MATCH,https://web.ifzq.gtimg.cn/appstock/app/hkfqkline/get,0.0468594217347957,0.0,0.0468594217347957,0.0175243221636562,0.0288298755441653,0.0226961515887358,0.023627027547256,-0.0069952384476662,0.0542340402258219,0.0468594217347957,0.0,0.0457946551896336,0.0,0.0457946551896336,0.0284221132943677,0.0173725418952658,6951.HK,,100.3,71364300,Fixed price,0.0,2026-07-07,2026-06-30,2026-06-30,2026-07-06,-0.0856039,,100.3,undisclosed_lower_bound,,,,,,,No two-sided range,0.0,1.0,2026-06-30,2026-07-06,2026-07,71364300,7157839290.0,1.968208160289609,22881.02,23616.32,0.0316302525242608,0.0003232827609511,True,confirmed_maximum_only,confirmed_maximum_only,0.0
7630.HK,2026Q2,200,share,20.1,41.86,1.0825870646766167,2.9981447124304266,4020.000000000001,0.0149907235621521,65.23962894248608,0.0162287634185288,14,False,2026-05-13,0,843737700.0000001,20.1,41.86,2026Q2,Non-A+H,Small,4197800,4197800,4197800,4197800,9581069400,221788,0,0,2282.4,2282.402544189814,1.0,0.0004381348077908,34.21486559750214,0.0145525887543612,0.0,1.734723475976807e-18,0.0025441898137614,0.0004743190754989,0.0157544443430298,High,35.5,26388.44,26393.711,26406.84,-0.000199707,0.00153826,-0.000696789,1.08404,1.07939,2026-05-08,2026-05-11,RECORDED_PRICING_DATE_PROXY,2026-05-11,2026-05-08,PRICING_DATE_PROXY; RAW_LISTING_PRICES_MATCH,https://web.ifzq.gtimg.cn/appstock/app/hkfqkline/get,1.0825870646766167,0.7661691542288556,0.1791549295774648,-0.0001997066649703,1.083003054269708,-0.0006967891652315,1.0840392006115205,0.001538262427646,1.079388419598266,0.3164179104477611,0.1372629808702964,0.7336109019528235,0.56881288141634,0.1647980205364836,0.7338106285618252,-0.0001997266090017,7630.HK,19.75,21.75,41977000,Within range,-0.031325,2026-05-11,2026-05-05,2026-05-05,2026-05-08,0.0527567,19.75,21.75,two_sided_range,20.75,-0.0313253012048192,0.1750000000000007,0.0963855421686747,-0.0318264316116771,0.7017844703411463,Inside range,1.0,0.0,2026-05-05,2026-05-08,2026-05,41977000,871022750.0,-0.1380871830677549,25898.609,26393.711,0.0189365013769454,0.0149976158488473,False,,two_sided_range,-0.07586206896551717
7656.HK,2026Q3,200,share,21.66,21.0,-0.0304709141274238,6.000842325399016,4332.0,0.030004211626995,-3.960555934763351,-0.0009142557559472,15,False,2026-07-08,0,608364420.0,21.66,21.0,2026Q3,Non-A+H,Small,1404400,1404400,5617400,5617400,5120530600,169551,0,0,3646.06,3646.062802620336,3.999857590430077,0.0010970347487035,27.350283719319204,0.0289071768782914,0.0,0.0,0.0028026203362969,-3.342765162254678e-05,-0.0008808281043246,High,18.0,24199.461,23350.029,23026.68,0.0363782,0.0299006,0.0509314,-0.0774573,-0.0586187,2026-07-03,2026-06-29,PROSPECTUS_FIXED_PRICE,2026-06-29,2026-07-03,COMPLETE_FIXED_PRICE_ANCHOR; RAW_LISTING_PRICES_MATCH,https://web.ifzq.gtimg.cn/appstock/app/hkfqkline/get,-0.0304709141274238,-0.1689750692520776,0.1666666666666667,0.0363781989307165,-0.0645026237787634,0.0509313978393759,-0.0774573032399221,0.0299005515240293,-0.0586187331991584,0.1385041551246537,-0.0281625115420129,-0.0309448038494216,-0.1850954836766799,0.1541506798272583,-0.0666769379525923,0.0357321341031706,7656.HK,21.66,21.66,28087000,Fixed price,0.0,,2026-06-29,2026-06-29,2026-07-03,-0.093349,21.66,21.66,equal_endpoints,,,,,,,No two-sided range,0.0,1.0,2026-06-29,2026-07-03,2026-07,28087000,608364420.0,-0.4969812015694223,23026.68,23350.029,0.0139446824351601,-0.0009142557559472,True,,recorded_equal_endpoints,0.0
7666.HK,2026Q2,500,share,10.5,23.8,1.2666666666666666,0.7071378061585275,5250.0,0.001414275612317,9.404932821908416,0.0017914157756016,19,False,2026-05-13,0,2112904500.0,10.5,23.8,2026Q2,Non-A+H,Medium,10061500,10061500,40246000,40246000,69534656500,383309,0,0,6910.96,6910.963226159121,4.0,0.0005787905200912,2.4435016870941153,0.0008354850922257,0.0,0.0,0.0032261591213682,0.0007331346587822,0.0010582811168193,High,28.68,26388.44,26393.711,25898.609,-0.000199707,0.00153826,0.0189134,1.22459,1.26319,2026-05-08,2026-05-05,PROSPECTUS_FIXED_PRICE,2026-05-05,2026-05-08,COMPLETE_FIXED_PRICE_ANCHOR; RAW_LISTING_PRICES_MATCH,https://web.ifzq.gtimg.cn/appstock/app/hkfqkline/get,1.2666666666666666,1.731428571428571,-0.1701534170153417,-0.0001997066649703,1.267119425526228,0.0189134095966312,1.2245920461131212,0.001538262427646,1.2631852937624708,-0.4647619047619047,-0.294608487746563,0.8183103235139513,1.004824758567942,-0.1865144350539906,0.8185100501229531,-0.0001997266090017,7666.HK,10.5,10.5,201229000,Fixed price,0.0,,2026-05-05,2026-05-05,2026-05-08,0.0527567,10.5,10.5,equal_endpoints,,,,,,,No two-sided range,1.0,0.0,2026-05-05,2026-05-08,2026-05,201229000,2112904500.0,0.7480635412093133,25898.609,26393.711,0.0189365013769454,0.0017914157756016,False,,recorded_equal_endpoints,0.0
7687.HK,2026Q3,50,share,87.92,96.7,0.0998635122838944,4.999890688878686,4396.0,0.0999978137775737,43.89904024835487,0.0099861329045393,24,False,2026-07-08,0,2297525440.0,87.92,96.7,2026Q3,Non-A+H,Medium,2613200,2613200,2613200,2613200,412411450,110386,0,0,157.82,157.81855579366294,1.0,0.0063363905148608,15.781510552900333,0.0936614232627128,0.0,0.0,-0.0014442063370552,0.0006327742120163,0.0093533586925229,Low,91.0,24199.461,23350.029,23616.32,0.0363782,0.0299006,0.0246923,0.0733598,0.0679318,2026-07-03,2026-07-06,RECORDED_PRICING_DATE_PROXY,2026-07-06,2026-07-03,PRICING_DATE_PROXY; RAW_LISTING_PRICES_MATCH,https://web.ifzq.gtimg.cn/appstock/app/hkfqkline/get,0.0998635122838944,0.0350318471337578,0.0626373626373626,0.0363781989307165,0.0612568977412675,0.0246922890611238,0.0733598017914689,0.0299005515240293,0.0679317635633218,0.0648316651501366,0.0021943025127738,0.0951860923638827,0.034432196421484,0.0607538959423986,0.059453958260712,0.0357321341031706,7687.HK,81.16,87.92,26132000,At high,0.039981,2026-07-06,2026-06-29,2026-06-29,2026-07-03,-0.093349,81.16,87.92,two_sided_range,84.53999999999999,0.0399810740477881,1.0,0.0799621480955761,0.0392025149567221,0.1343886073206049,At high,0.0,1.0,2026-06-29,2026-07-03,2026-07,26132000,2209199280.0,0.7926301331350107,23026.68,23350.029,0.0139446824351601,0.0099861329045393,True,,two_sided_range,0.0
7688.HK,2026Q2,100,share,26.39,47.5,0.799924213717317,8.000053538922797,2639.0,0.0800005353892279,168.88113020666026,0.0639943653681926,17,False,2026-05-20,0,1724058700.0,26.39,47.5,2026Q2,Non-A+H,Medium,6533000,6533000,6533000,6533000,24594360400,344049,0,0,3764.63,3764.634991581203,1.0,0.0002656300019088,301.1728148715177,0.079734905387319,0.0,0.0,0.0049915812028302,0.0002124838704167,0.0637818814977758,High,37.0,25651.119,25962.731,26347.91,-0.0120023,-0.00568772,-0.0264458,0.848818,0.81022,2026-05-15,2026-05-12,PROSPECTUS_FIXED_PRICE,2026-05-12,2026-05-15,COMPLETE_FIXED_PRICE_ANCHOR; RAW_LISTING_PRICES_MATCH,https://web.ifzq.gtimg.cn/appstock/app/hkfqkline/get,0.799924213717317,0.4020462296324365,0.2837837837837837,-0.0120022812700251,0.8217898478865273,-0.0264457788112985,0.8488176359808957,-0.005687722038852,0.8102202432902552,0.3978779840848805,0.1140942003010968,0.5877445605253627,0.3379327621289917,0.249811798396371,0.5998194507400558,-0.0120748902146931,7688.HK,26.39,26.39,65330000,Fixed price,0.0,,2026-05-12,2026-05-12,2026-05-15,0.0198235,26.39,26.39,equal_endpoints,,,,,,,No two-sided range,1.0,0.0,2026-05-12,2026-05-15,2026-05,65330000,1724058700.0,0.5446812203857546,26347.91,25962.731,-0.0147268683426838,0.0639943653681926,False,,recorded_equal_endpoints,0.0
9607.HK,2026Q3,100,share,44.0,39.98,-0.0913636363636364,100.0,4400.0,1.0,-402.00000000000034,-0.0913636363636364,11,False,2026-09-29,1,2997222800.0,44.0,39.98,2026Q3,A+H,Large,6811900,6811900,6811900,6811900,23066500,12645,0,0,3.39,3.38620649158091,1.0,0.2953157175991156,3.38620649158091,0.7046842824008843,0.0,0.0,-0.0037935084190903,-0.0269811178351919,-0.0643825185284444,Low,40.0,24523.57,24761.131,,-0.00959411,-0.00482662,,,-0.0869567,2026-09-24,,,,2026-09-24,MISSING_PRICING_ANCHOR; RAW_LISTING_PRICES_MATCH,https://web.ifzq.gtimg.cn/appstock/app/hkfqkline/get,-0.0913636363636364,-0.0909090909090909,-0.0005,-0.0095941094128536,-0.0825616322842214,,,-0.0048266187170056,-0.0869567246011602,-0.0004545454545454,4.5454545454550554e-05,-0.0958103048460072,-0.0953101798043249,-0.0005001250416823,-0.086169875461436,-0.0096404293845712,9607.HK,39.0,44.0,68118700,At high,0.060241,,2026-09-21,2026-09-21,2026-09-24,-0.0483932,39.0,44.0,two_sided_range,41.5,0.0602409638554216,1.0,0.1204819277108433,0.0584962066816085,-0.0373140981643986,At high,0.0,1.0,2026-09-21,2026-09-24,2026-09,68118700,2826926050.0,1.039189919897436,25042.711,24761.131,-0.0113076818577409,-0.0913636363636364,False,,two_sided_range,0.0
9611.HK,2026Q1,100,share,31.0,32.1,0.035483870967742,0.2044268997603271,3100.0,0.0020442689976032,0.2248695897363601,7.25385773343097e-05,17,False,2026-01-22,1,1620032100.0,31.0,32.1,2026Q1,A+H,Medium,5226000,5226000,5226000,5226000,6008667200,145096,0,0,1149.76,1149.7641025641026,1.0,0.0008697436263402,2.3504271094288605,0.0011745253712629,0.0,0.0,0.0041025641025953,3.0861870612075116e-05,4.1676706722232106e-05,Middle,35.0,26629.961,26563.9,26487.51,0.00248687,0.00168892,0.00537804,0.0299448,0.033738,2026-01-19,2026-01-20,RECORDED_PRICING_DATE_PROXY,2026-01-20,2026-01-19,PRICING_DATE_PROXY; RAW_LISTING_PRICES_MATCH,https://web.ifzq.gtimg.cn/appstock/app/hkfqkline/get,0.035483870967742,0.1290322580645162,-0.0828571428571428,0.0024868712801959,0.032915143961345,0.0053780442178219,0.0299447823861542,0.00168891844935,0.0337379718353156,-0.0935483870967741,-0.0106912442396313,0.034868825650824,0.1213608570042675,-0.0864920313534435,0.0323850415178443,0.0024837841329797,9611.HK,,31.0,52259100,Fixed price,0.0,2026-01-20,2026-01-14,2026-01-14,2026-01-19,0.051623,,31.0,undisclosed_lower_bound,,,,,,,No two-sided range,0.0,0.0,2026-01-14,2026-01-19,2026-01,52259100,1620032100.0,0.4824459638627966,26999.811,26563.9,-0.0162767148017466,7.25385773343097e-05,False,confirmed_maximum_only,confirmed_maximum_only,0.0
9615.HK,2026Q3,30,share,101.7,99.8,-0.0186823992133726,0.9003328402366864,3051.0,0.0300110946745562,-1.7106323964497092,-0.0005606792515403,16,False,2026-09-01,0,2353398003.0,101.7,99.8,2026Q3,Non-A+H,Medium,1157040,1157040,4628130,4628130,4437660000,252461,0,0,3835.36,3835.3557353246215,3.9999740717693424,0.0010429212693176,28.77599254850038,0.0289681734052385,0.0,0.0,-0.0042646753786357,-1.9484271501508933e-05,-0.0005411949800388,High,101.7,25329.731,25565.74,,-0.00923146,-0.0092799,,,-0.00949058,2026-08-27,,,,2026-08-27,MISSING_PRICING_ANCHOR; RAW_LISTING_PRICES_MATCH,https://web.ifzq.gtimg.cn/appstock/app/hkfqkline/get,-0.0186823992133726,0.0,-0.0186823992133726,-0.0092314558467699,-0.0095390022446463,,,-0.0092798956779817,-0.0094905750820767,-0.0186823992133726,-0.0,-0.0188591197370959,0.0,-0.0188591197370959,-0.0095847899384823,-0.0092743297986135,9615.HK,95.3,101.7,23140590,At high,0.032487,,2026-08-24,2026-08-24,2026-08-27,0.0419108,95.3,101.7,two_sided_range,98.5,0.03248730964467,1.0,0.0649746192893401,0.0319707548764711,0.0131116351393751,At high,0.0,1.0,2026-08-24,2026-08-27,2026-09,23140590,2279348115.0,0.8238894876113294,25517.33,25565.74,0.0018953447587259,-0.0005606792515403,False,,two_sided_range,0.0
9630.HK,2026Q2,50,share,252.73,515.0,1.037747794088553,1.5004471973408444,12636.5,0.0300089439468168,393.5222864465832,0.0311417153837362,19,False,2026-06-26,1,3244712014.5,252.73,515.0,2026Q2,A+H,Large,1283900,1283900,1283900,1283900,1293166900,207986,0,0,1007.22,1007.2177739699354,1.0,0.0009928339489666,30.22554172130138,0.0290161099978501,0.0,3.469446951953614e-18,-0.0022260300646621,0.0010303112404363,0.0301114041432997,Middle,439.0,22671.859,23336.279,23412.18,-0.0284715,-0.0175522,-0.0316212,1.10429,1.07415,2026-06-23,2026-06-24,RECORDED_PRICING_DATE_PROXY,2026-06-24,2026-06-23,PRICING_DATE_PROXY; RAW_LISTING_PRICES_MATCH,https://web.ifzq.gtimg.cn/appstock/app/hkfqkline/get,1.037747794088553,0.7370316147667473,0.173120728929385,-0.0284715485275094,1.097465896135161,-0.0316211903376789,1.104287881721748,-0.0175522199462579,1.07415379774901,0.3007161793218058,0.1275954503924209,0.7118451754687439,0.5521776878801792,0.1596674875885648,0.7407298999351031,-0.0288847244663592,9630.HK,240.09,252.73,12838650,At high,0.025648,2026-06-24,2026-06-17,2026-06-17,2026-06-23,-0.0460067,240.09,252.73,two_sided_range,246.41,0.0256483097276895,1.0,0.0512966194553791,0.0253249099435682,0.7371700854123121,At high,1.0,0.0,2026-06-17,2026-06-23,2026-06,12838650,3163571746.5,1.1517016888165694,24312.16,23336.279,-0.0409674484346112,0.0311417153837362,False,,two_sided_range,0.0
9637.HK,2026Q2,100,share,22.6,46.0,1.0353982300884956,6.000321517562897,2260.0,0.0600032151756289,140.40752351097177,0.0621272227924653,16,False,2026-06-29,0,1282672040.0,22.6,46.0,2026Q2,Non-A+H,Medium,5675600,5675600,5675600,5675600,5468766300,145729,0,0,963.56,963.557386003242,1.0,0.0010378209067006,57.81654116641904,0.0589653942689282,0.0,6.938893903907228e-18,-0.0026139967579865,0.0010745579299466,0.0610526648625186,Middle,42.0,23026.68,23412.18,23924.811,-0.0164658,0.0156503,-0.0375397,1.11479,1.00403,2026-06-24,2026-06-18,PROSPECTUS_FIXED_PRICE,2026-06-18,2026-06-24,COMPLETE_FIXED_PRICE_ANCHOR; RAW_LISTING_PRICES_MATCH,https://web.ifzq.gtimg.cn/appstock/app/hkfqkline/get,1.0353982300884956,0.8584070796460175,0.0952380952380953,-0.0164657883204383,1.0694737467369708,-0.0375397322887942,1.1147867588641422,0.0156502825815916,1.0040345234925714,0.1769911504424781,0.0817530552043827,0.7106914902108549,0.619719712005128,0.0909717782057267,0.7272943463262188,-0.016602856115364,9637.HK,22.6,22.6,56755400,Fixed price,0.0,,2026-06-18,2026-06-18,2026-06-24,-0.0575897,22.6,22.6,equal_endpoints,,,,,,,No two-sided range,1.0,0.0,2026-06-18,2026-06-24,2026-06,56755400,1282672040.0,0.2489454333157649,23924.811,23412.18,-0.0216596378569347,0.0621272227924653,False,,recorded_equal_endpoints,0.0
9856.HK,2026Q3,100,share,32.96,34.48,0.0461165048543688,4.010045366169799,3296.0,0.0401004536616979,6.095268956578079,0.001849292765952,18,False,2026-09-22,0,5669604512.0,32.96,34.48,2026Q3,Non-A+H,Large,17201500,17201500,17201500,17201500,604769300,37594,0,0,35.16,35.157939714559774,1.0,0.0284430773850458,1.4098493323644723,0.011657376276652,0.0,0.0,-0.0020602854402227,0.0013116953163006,0.0005375974496514,Low,36.6,25087.75,24604.289,24917.6,0.0196495,0.00179849,0.00682851,0.0390215,0.0442385,2026-09-17,2026-09-14,PROSPECTUS_FIXED_PRICE,2026-09-14,2026-09-17,COMPLETE_FIXED_PRICE_ANCHOR; RAW_LISTING_PRICES_MATCH,https://web.ifzq.gtimg.cn/appstock/app/hkfqkline/get,0.0461165048543688,0.1104368932038835,-0.0579234972677596,0.0196494603034453,0.0259570034421896,0.0068285067582753,0.0390215392515955,0.0017984873921996,0.0442384551583165,-0.0643203883495147,-0.006396891081755,0.0450847407542212,0.1047535353660496,-0.0596687946118283,0.0256258388940325,0.0194589018601886,9856.HK,32.96,32.96,172014700,Fixed price,0.0,,2026-09-14,2026-09-14,2026-09-17,-0.0123909,32.96,32.96,equal_endpoints,,,,,,,No two-sided range,0.0,1.0,2026-09-14,2026-09-17,2026-09,172014700,5669604512.0,1.7351193643369311,24917.6,24604.289,-0.0126536037604363,0.001849292765952,False,,recorded_equal_endpoints,0.0
9903.HK,2026Q1,100,share,144.6,156.8,0.0843706777316737,6.999601023714762,14460.0,0.0699960102371476,85.39513248932022,0.0059056108222213,20,False,2026-01-08,0,3677438280.0,144.6,156.8,2026Q1,Non-A+H,Large,2543200,2543200,2543200,2543200,1053503300,180802,0,0,414.24,414.2431975463982,1.0,0.0024140408482821,28.995371096126448,0.0675819693888655,0.0,0.0,0.0031975463982121,0.0002036742624415,0.0057019365597798,Middle,190.2,26149.311,26347.24,25854.6,-0.00751232,-0.0117026,0.0113988,0.0721495,0.0972109,2026-01-05,2025-12-30,PROSPECTUS_FIXED_PRICE,2025-12-30,2026-01-05,COMPLETE_FIXED_PRICE_ANCHOR; RAW_LISTING_PRICES_MATCH,https://web.ifzq.gtimg.cn/appstock/app/hkfqkline/get,0.0843706777316737,0.3153526970954357,-0.1756046267087275,-0.0075123238714946,0.0925784811370007,0.0113987839688103,0.0721494774558813,-0.0117025812325349,0.0972108771507513,-0.2309820193637619,-0.0553773926550344,0.0809997981916433,0.2741048403866256,-0.1931050421949823,0.0885404816885136,-0.0075406834968702,9903.HK,144.6,144.6,25431800,Fixed price,0.0,,2025-12-30,2025-12-30,2026-01-05,-0.0119749,144.6,144.6,equal_endpoints,,,,,,,No two-sided range,0.0,0.0,2025-12-30,2026-01-05,2026-01,25431800,3677438280.0,1.3022163902118964,25854.6,26347.24,0.0188749908352047,0.0059056108222213,False,,recorded_equal_endpoints,0.0
9971.HK,2026Q3,200,share,31.62,33.22,0.0506008855154964,0.3384128636937063,6324.0,0.0016920643184685,0.5414605819099294,8.56199528636827e-05,19,False,2026-07-08,0,865951644.0,31.62,33.22,2026Q3,Non-A+H,Small,1369400,1369400,5477400,5477400,6590539800,207706,0,0,4812.72,4812.720753614722,3.999853950635315,0.0008311003599432,2.0359326021518465,0.0008609639585252,-1.0842021724855044e-19,-2.1684043449710093e-19,0.0007536147213613,4.2054414165373825e-05,4.356553869830718e-05,High,34.12,24199.461,23350.029,23616.32,0.0363782,0.0299006,0.0246923,0.0252843,0.0200994,2026-07-03,2026-07-06,RECORDED_PRICING_DATE_PROXY,2026-07-06,2026-07-03,PRICING_DATE_PROXY; RAW_LISTING_PRICES_MATCH,https://web.ifzq.gtimg.cn/appstock/app/hkfqkline/get,0.0506008855154964,0.0790638836179631,-0.0263774912075028,0.0363781989307165,0.013723452113769,0.0246922890611238,0.0252842699520179,0.0299005515240293,0.020099352273222,-0.0284629981024666,-0.0020855068949638,0.0493622724038228,0.0760938908421522,-0.0267316184383295,0.0136301383006521,0.0357321341031706,9971.HK,27.49,31.62,27386200,At high,0.06987,2026-07-06,2026-06-29,2026-06-29,2026-07-03,-0.093349,27.49,31.62,two_sided_range,29.555,0.0698697343935036,1.0,0.1397394687870073,0.0675368975049931,0.1168991699088159,At high,0.0,1.0,2026-06-29,2026-07-03,2026-07,27386200,809399141.0,-0.2114631078208955,23026.68,23350.029,0.0139446824351601,8.56199528636827e-05,True,,two_sided_range,0.0
9976.HK,2026Q3,50,share,236.0,233.6,-0.0101694915254237,1.4265907764156451,11800.0,0.0285318155283129,-3.423817863397556,-0.0002901540562201,20,False,2026-09-08,1,7077510200.0,236.0,233.6,2026Q3,A+H,Large,2607800,2607800,2607800,2607800,105156600,36285,0,0,40.32,40.32387453025539,1.0,0.0247992042344465,1.1505133494840818,0.0037326112938663,0.0,-3.469446951953614e-18,0.0038745302553877,-0.0002521952972994,-3.795875892067483e-05,Low,236.0,25317.18,25213.311,,0.00411961,-0.00377518,,,-0.00641855,2026-09-03,,,,2026-09-03,MISSING_PRICING_ANCHOR; RAW_LISTING_PRICES_MATCH,https://web.ifzq.gtimg.cn/appstock/app/hkfqkline/get,-0.0101694915254237,0.0,-0.0101694915254237,0.0041196096776023,-0.0142304771914713,,,-0.0037751761206484,-0.0064185465484342,-0.0101694915254237,-0.0,-0.0102215540715381,0.0,-0.0102215540715381,-0.0143327013903083,0.0041111473187701,9976.HK,,240.6,26077800,Fixed price,0.0,,2026-08-31,2026-08-31,2026-09-03,-0.0115761,,240.6,undisclosed_lower_bound,,,,,,,No two-sided range,0.0,1.0,2026-08-31,2026-09-03,2026-09,26077800,6274318680.0,1.83646490223052,25566.99,25213.311,-0.0139299969534584,-0.0002846066386863,True,confirmed_maximum_only,confirmed_maximum_only,-0.019118869492934287
9980.HK,2026Q1,100,share,248.0,251.8,0.0153225806451613,14.999865472058548,24800.0,0.1499986547205854,56.99948879382265,0.0022983664836218,18,False,2026-02-03,1,10140695200.0,248.0,251.8,2026Q1,A+H,Large,4089000,4089000,4089000,4089000,234972700,66692,0,0,57.46,57.46458791880655,1.0,0.0174020215965514,8.619610881893788,0.1325966331240339,0.0,0.0,0.0045879188065498,0.0002666438793019,0.0020317226043198,Low,248.0,26834.77,27968.09,27387.109,-0.0405219,0.00221097,-0.0201678,0.0362209,0.0130827,2026-01-29,2026-01-30,RECORDED_PRICING_DATE_PROXY,2026-01-30,2026-01-29,PRICING_DATE_PROXY; RAW_LISTING_PRICES_MATCH,https://web.ifzq.gtimg.cn/appstock/app/hkfqkline/get,0.0153225806451613,0.0,0.0153225806451613,-0.0405218947736509,0.0582029700465527,-0.0201678461205964,0.0362209248035412,0.0022109706721462,0.0130826845411815,0.0153225806451613,0.0,0.0152063754452646,0.0,0.0152063754452646,0.0565721581807545,-0.0413657827354898,9980.HK,,248.0,40889900,Fixed price,0.0,2026-01-30,2026-01-26,2026-01-26,2026-01-29,0.0378429,,248.0,undisclosed_lower_bound,,,,,,,No two-sided range,0.0,0.0,2026-01-26,2026-01-29,2026-02,40889900,10140695200.0,2.316556555970688,26765.52,27968.09,0.0439497254167874,0.0022983664836218,False,confirmed_maximum_only,confirmed_maximum_only,0.0
9981.HK,2026Q1,200,share,20.09,20.68,0.0293678446988552,0.6577426068189409,4018.0,0.0032887130340947,0.388068138023175,9.658241364439398e-05,12,False,2026-02-13,1,2812374992.0,20.09,20.68,2026Q1,A+H,Large,13999000,13999000,13999000,13999000,7973503000,141463,0,0,569.58,569.5766126151868,1.0,0.0017556900649563,1.8731740298230728,0.0015330229691383,0.0,0.0,-0.0033873848132088,5.156083316696237e-05,4.5021580477431674e-05,Middle,20.1,26567.119,27183.15,27266.381,-0.0226622,-0.017217,-0.0256456,0.0564614,0.047401,2026-02-10,2026-02-11,RECORDED_PRICING_DATE_PROXY,2026-02-11,2026-02-10,PRICING_DATE_PROXY; RAW_LISTING_PRICES_MATCH,https://web.ifzq.gtimg.cn/appstock/app/hkfqkline/get,0.0293678446988552,0.0004977600796416,0.0288557213930347,-0.0226622374522453,0.0532365412909729,-0.0256455743063226,0.0564614041405024,-0.0172170287075144,0.0474009773949426,0.0288700846192135,1.4363226178713946e-05,0.0289448708133854,0.000497636238187,0.0284472345751982,0.0518678435290019,-0.0229229727156164,9981.HK,,20.09,139988800,Fixed price,0.0,2026-02-11,2026-02-05,2026-02-05,2026-02-10,0.0146783,,20.09,undisclosed_lower_bound,,,,,,,No two-sided range,0.0,0.0,2026-02-05,2026-02-10,2026-02,139988800,2812374992.0,1.0340293192538397,26885.24,27183.15,0.0110198589148236,9.658241364439398e-05,False,confirmed_maximum_only,confirmed_maximum_only,0.0
