stock_code,trade_date,event_day,open,high,low,close,adj_close,volume,turnover,daily_return,amihud_illiq,zero_volume_flag,volatility_20d,max_drawdown,data_source
6082.HK,2026-01-02,1,35.7,42.88,33.5,34.46,34.46,150709945.0,5521275600.000001,0.758163,0.000137,False,,0.196362,tencent
6082.HK,2026-01-05,2,35.44,35.8,32.02,33.2,33.2,30359694.0,1023110700.0000001,-0.036564,3.6e-05,False,,0.225746,tencent
6082.HK,2026-01-06,3,33.2,33.2,30.1,31.0,31.0,21331023.0,668802400.0,-0.066265,9.9e-05,False,,0.277052,tencent
6082.HK,2026-01-07,4,31.02,33.68,31.02,33.12,33.12,18897678.0,622172700.0,0.068387,0.00011,False,,0.227612,tencent
6082.HK,2026-01-08,5,33.12,34.74,32.6,33.62,33.62,14894505.0,503728900.0,0.015097,3e-05,False,0.345063,0.215951,tencent
6082.HK,2026-01-09,6,33.8,34.82,32.06,34.06,34.06,11707108.0,391355000.0,0.013087,3.3e-05,False,0.313493,0.20569,tencent
6082.HK,2026-01-12,7,34.68,41.7,34.16,40.78,40.78,42759306.0,1614181300.0,0.197299,0.000122,False,0.287469,0.048974,tencent
6082.HK,2026-01-13,8,41.74,41.76,37.1,37.64,37.64,16985622.0,652416700.0,-0.076999,0.000118,False,0.276555,0.122201,tencent
6082.HK,2026-01-14,9,38.0,38.48,35.8,37.82,37.82,10936549.0,409486400.0,0.004782,1.2e-05,False,0.261017,0.118004,tencent
6082.HK,2026-01-15,10,37.82,39.0,36.88,38.2,38.2,4492893.0,170901000.0,0.010048,5.9e-05,False,0.247636,0.109142,tencent
6082.HK,2026-01-16,11,38.28,38.88,37.1,38.14,38.14,5817132.0,219846200.0,-0.001571,7e-06,False,0.2365,0.110541,tencent
6082.HK,2026-01-19,12,38.2,39.4,37.5,38.08,38.08,3967514.0,152828400.0,-0.001573,1e-05,False,0.226735,0.11194,tencent
6082.HK,2026-01-20,13,38.6,38.92,36.36,36.9,36.9,5153796.0,191384100.0,-0.030987,0.000162,False,0.219013,0.139459,tencent
6082.HK,2026-01-21,14,36.88,36.96,35.28,35.84,35.84,6878520.0,246333600.0,-0.028726,0.000117,False,0.211926,0.164179,tencent
6082.HK,2026-01-22,15,36.3,37.84,36.18,36.9,36.9,6718880.0,248993400.0,0.029576,0.000119,False,0.204357,0.139459,tencent
6082.HK,2026-01-23,16,37.46,37.46,35.6,35.8,35.8,6341992.0,227850000.0,-0.02981,0.000131,False,0.198615,0.165112,tencent
6082.HK,2026-01-26,17,35.86,35.96,33.62,34.26,34.26,6213930.0,213901699.99999997,-0.043017,0.000201,False,0.193669,0.201026,tencent
6082.HK,2026-01-27,18,34.8,35.5,34.02,34.6,34.6,6449040.0,225084400.0,0.009924,4.4e-05,False,0.188079,0.193097,tencent
6082.HK,2026-01-28,19,34.8,37.0,34.7,36.4,36.4,5641300.0,204265200.0,0.052023,0.000255,False,0.182789,0.151119,tencent
6082.HK,2026-01-29,20,36.0,36.28,34.66,35.2,35.2,4344440.0,153518500.0,-0.032967,0.000215,False,0.178752,0.179104,tencent
6082.HK,2026-01-30,21,35.2,35.9,34.2,34.8,34.8,3309860.0,115564900.0,-0.011364,9.8e-05,False,0.058547,0.188433,tencent
6082.HK,2026-02-02,22,34.5,34.58,32.06,32.8,32.8,4104300.0,135750100.0,-0.057471,0.000423,False,0.059452,0.235075,tencent
6082.HK,2026-02-03,23,33.18,33.94,31.66,33.2,33.2,3727925.0,121836200.00000001,0.012195,0.0001,False,0.057332,0.225746,tencent
6082.HK,2026-02-04,24,33.26,33.4,32.42,32.86,32.86,1699712.0,55917900.0,-0.010241,0.000183,False,0.055413,0.233675,tencent
6082.HK,2026-02-05,25,32.5,32.5,31.58,31.98,31.98,2711520.0,86729400.0,-0.02678,0.000309,False,0.055642,0.254198,tencent
6082.HK,2026-02-06,26,31.08,32.36,30.8,31.78,31.78,3946470.0,126050400.00000001,-0.006254,5e-05,False,0.05555,0.258862,tencent
6082.HK,2026-02-09,27,32.28,33.66,32.08,33.66,33.66,3949440.0,130690400.00000001,0.059157,0.000453,False,0.033771,0.215019,tencent
6082.HK,2026-02-10,28,34.0,35.38,32.86,34.86,34.86,5828020.0,200275400.0,0.035651,0.000178,False,0.031124,0.187034,tencent
6082.HK,2026-02-11,29,34.9,35.04,33.6,33.6,33.6,2156921.0,73676300.0,-0.036145,0.000491,False,0.031895,0.216418,tencent
6082.HK,2026-02-12,30,34.0,37.6,33.7,36.86,36.86,11435712.0,411020899.99999994,0.097024,0.000236,False,0.039206,0.140392,tencent
6082.HK,2026-02-13,31,35.16,36.98,35.16,36.0,36.0,5716461.0,204883300.00000003,-0.023332,0.000114,False,0.039522,0.160448,tencent
6082.HK,2026-02-16,32,36.0,37.36,35.36,36.26,36.26,2971600.0,108451100.0,0.007222,6.7e-05,False,0.039577,0.154384,tencent
6082.HK,2026-02-20,33,36.92,37.08,35.2,35.58,35.58,4160290.0,148698100.0,-0.018753,0.000126,False,0.039194,0.170243,tencent
6082.HK,2026-02-23,34,35.98,40.6,35.04,39.0,39.0,19250893.0,749836400.0,0.096121,0.000128,False,0.044187,0.090485,tencent
6082.HK,2026-02-24,35,38.5,41.42,37.12,40.84,40.84,12694037.0,504763100.0,0.047179,9.3e-05,False,0.04487,0.047575,tencent
6082.HK,2026-02-25,36,41.04,41.98,38.28,38.42,38.42,8382029.0,328989100.00000006,-0.059256,0.00018,False,0.046558,0.104011,tencent
6082.HK,2026-02-26,37,38.68,40.26,38.02,39.2,39.2,7554828.0,296232300.0,0.020302,6.9e-05,False,0.045289,0.085821,tencent
6082.HK,2026-02-27,38,38.52,38.52,37.14,38.02,38.02,6566368.0,247268600.0,-0.030102,0.000122,False,0.046064,0.11334,tencent
6082.HK,2026-03-02,39,37.14,37.8,33.86,34.44,34.44,11968810.0,419319400.0,-0.094161,0.000225,False,0.049777,0.196828,tencent
6082.HK,2026-03-03,40,34.8,35.32,32.16,32.2,32.2,6333588.0,210982599.99999997,-0.065041,0.000308,False,0.051333,0.249067,tencent
6082.HK,2026-03-04,41,31.6,32.8,30.8,31.48,31.48,5846098.0,183834900.00000003,-0.02236,0.000122,False,0.051484,0.265858,tencent
6082.HK,2026-03-05,42,32.72,32.96,31.8,32.4,32.4,4375100.0,141419300.0,0.029225,0.000207,False,0.05036,0.244403,tencent
6082.HK,2026-03-06,43,32.4,32.88,31.68,32.44,32.44,2094855.0,68159600.0,0.001235,1.8e-05,False,0.050287,0.24347,tencent
6082.HK,2026-03-09,44,30.6,31.5,30.1,31.46,31.46,4851266.0,149199800.0,-0.03021,0.000202,False,0.050698,0.266325,tencent
6082.HK,2026-03-10,45,32.3,34.76,32.3,34.38,34.38,7755400.0,261326100.0,0.092816,0.000355,False,0.05441,0.198228,tencent
6082.HK,2026-03-11,46,35.2,35.4,33.4,33.84,33.84,5632272.0,192910000.0,-0.015707,8.1e-05,False,0.054554,0.210821,tencent
6082.HK,2026-03-12,47,34.0,34.78,32.6,33.22,33.22,3561600.0,119131200.00000001,-0.018322,0.000154,False,0.053206,0.22528,tencent
6082.HK,2026-03-13,48,33.22,33.22,32.16,32.26,32.26,2644100.0,86109800.0,-0.028898,0.000336,False,0.05293,0.247668,tencent
6082.HK,2026-03-16,49,32.26,34.1,31.58,34.1,34.1,5485800.0,182451800.0,0.057037,0.000313,False,0.05391,0.204757,tencent
6082.HK,2026-03-17,50,34.1,34.32,32.3,32.32,32.32,4505456.0,149727700.0,-0.052199,0.000349,False,0.050285,0.246269,tencent
6082.HK,2026-03-18,51,32.34,33.88,31.72,33.42,33.42,8355460.0,273385800.0,0.034035,0.000124,False,0.050839,0.220616,tencent
6082.HK,2026-03-19,52,32.3,32.32,31.1,31.1,31.1,6408020.0,202413700.0,-0.06942,0.000343,False,0.052915,0.27472,tencent
6082.HK,2026-03-20,53,31.56,32.6,31.16,31.62,31.62,3665201.0,116494000.0,0.01672,0.000144,False,0.05307,0.262593,tencent
6082.HK,2026-03-23,54,31.0,31.0,28.0,28.1,28.1,8931400.0,261193600.0,-0.111322,0.000426,False,0.052629,0.344683,tencent
6082.HK,2026-03-24,55,29.14,29.86,27.32,29.16,29.16,6164800.0,177108500.0,0.037722,0.000213,False,0.052081,0.319963,tencent
6082.HK,2026-03-25,56,29.62,31.1,29.62,30.7,30.7,4657350.0,142096900.0,0.052812,0.000372,False,0.053132,0.284049,tencent
6082.HK,2026-03-26,57,31.1,31.1,29.1,29.3,29.3,2739210.0,81197000.0,-0.045603,0.000562,False,0.053211,0.316698,tencent
6082.HK,2026-03-27,58,29.0,29.84,28.42,28.58,28.58,3033460.0,88053900.0,-0.024573,0.000279,False,0.053132,0.333489,tencent
6082.HK,2026-03-30,59,28.82,28.82,27.36,28.36,28.36,2481000.0,69287700.0,-0.007698,0.000111,False,0.049563,0.338619,tencent
6082.HK,2026-03-31,60,28.52,30.9,28.5,28.82,28.82,4470680.0,132082900.00000001,0.01622,0.000123,False,0.047988,0.327892,tencent
6082.HK,2026-04-01,61,30.04,32.1,29.8,31.6,31.6,7158270.0,222136100.0,0.096461,0.000434,False,0.052768,0.26306,tencent
6082.HK,2026-04-02,62,31.88,31.88,29.0,29.5,29.5,3978800.0,118766900.0,-0.066456,0.00056,False,0.054435,0.312034,tencent
6082.HK,2026-04-08,63,31.28,33.4,31.28,32.66,32.66,9966276.0,325758900.0,0.107119,0.000329,False,0.059782,0.23834,tencent
6082.HK,2026-04-09,64,32.0,35.68,31.84,34.36,34.36,13930795.0,482531700.0,0.052051,0.000108,False,0.060275,0.198694,tencent
6082.HK,2026-04-10,65,34.36,35.98,34.06,35.3,35.3,6926370.0,242705900.0,0.027357,0.000113,False,0.05701,0.176772,tencent
6082.HK,2026-04-13,66,34.8,36.3,34.24,35.0,35.0,4941600.0,174923600.0,-0.008499,4.9e-05,False,0.056909,0.183769,tencent
6082.HK,2026-04-14,67,35.8,37.3,35.66,36.2,36.2,7559786.0,275823700.0,0.034286,0.000124,False,0.057076,0.155784,tencent
6082.HK,2026-04-15,68,36.6,40.2,35.84,38.58,38.58,17389832.0,669974900.0,0.065746,9.8e-05,False,0.057959,0.10028,tencent
6082.HK,2026-04-16,69,39.0,49.26,38.72,48.86,48.86,35003998.0,1580753400.0,0.266459,0.000169,False,0.081093,0.00812,tencent
6082.HK,2026-04-17,70,49.2,49.2,45.6,47.8,47.8,11885537.0,561553900.0,-0.021695,3.9e-05,False,0.079921,0.029639,tencent
6082.HK,2026-04-20,71,49.1,51.55,48.36,49.0,49.0,9242206.0,457869400.0,0.025105,5.5e-05,False,0.079878,0.049467,tencent
6082.HK,2026-04-21,72,48.9,49.78,45.36,47.78,47.78,10523700.0,498709700.0,-0.024898,5e-05,False,0.077785,0.073133,tencent
6082.HK,2026-04-22,73,47.0,48.12,45.12,48.0,48.0,7049385.0,329501000.0,0.004604,1.4e-05,False,0.077895,0.068865,tencent
6082.HK,2026-04-23,74,48.9,48.98,44.12,44.5,44.5,6263398.0,283926600.0,-0.072917,0.000257,False,0.074802,0.13676,tencent
6082.HK,2026-04-24,75,44.4,48.3,43.4,46.3,46.3,10601800.0,491055800.0,0.040449,8.2e-05,False,0.074828,0.101843,tencent
6082.HK,2026-04-27,76,47.8,48.24,43.82,45.0,45.0,9230000.0,419467400.0,-0.028078,6.7e-05,False,0.075475,0.127061,tencent
6082.HK,2026-04-28,77,45.0,47.92,44.18,45.54,45.54,6778550.0,312976700.0,0.012,3.8e-05,False,0.07385,0.116586,tencent
6082.HK,2026-04-29,78,45.58,46.48,42.48,43.06,43.06,8496100.0,369401900.0,-0.054458,0.000147,False,0.075189,0.164694,tencent
6082.HK,2026-04-30,79,43.06,47.6,42.4,46.6,46.6,9375360.0,431281900.0,0.082211,0.000191,False,0.075931,0.096023,tencent
6082.HK,2026-05-04,80,47.5,51.2,47.5,48.7,48.7,11516300.0,562359400.0,0.045064,8e-05,False,0.075976,0.055286,tencent
6082.HK,2026-05-05,81,48.0,48.26,46.1,47.0,47.0,3289918.0,155586900.0,-0.034908,0.000224,False,0.075523,0.088264,tencent
6082.HK,2026-05-06,82,49.4,52.0,48.64,51.0,51.0,13851669.0,694596400.0,0.085106,0.000123,False,0.073707,0.019231,tencent
6082.HK,2026-05-07,83,53.8,60.45,51.85,58.55,58.55,17553161.0,1002463800.0,0.148039,0.000148,False,0.076473,0.031431,tencent
6082.HK,2026-05-08,84,56.5,57.55,54.55,56.65,56.65,7408957.0,415155000.0,-0.032451,7.8e-05,False,0.077641,0.062862,tencent
6082.HK,2026-05-11,85,60.0,60.1,56.0,56.6,56.6,9083651.0,521288900.0,-0.000883,2e-06,False,0.077908,0.063689,tencent
6082.HK,2026-05-12,86,57.8,58.3,54.6,55.15,55.15,5194405.0,288735400.0,-0.025618,8.9e-05,False,0.078406,0.087676,tencent
6082.HK,2026-05-13,87,54.05,56.15,52.45,55.25,55.25,5290125.0,288921100.0,0.001813,6e-06,False,0.078554,0.086022,tencent
6082.HK,2026-05-14,88,58.15,60.0,50.6,51.8,51.8,10301498.0,549465700.0,-0.062443,0.000114,False,0.080184,0.143093,tencent
6082.HK,2026-05-15,89,51.5,52.8,46.62,47.84,47.84,9283525.0,452720500.0,-0.076448,0.000169,False,0.05768,0.208602,tencent
6082.HK,2026-05-18,90,47.84,49.1,46.1,47.42,47.42,4312035.0,205121100.0,-0.008779,4.3e-05,False,0.05749,0.21555,tencent
6082.HK,2026-05-19,91,47.78,48.6,43.74,47.84,47.84,7675074.0,353113399.99999994,0.008857,2.5e-05,False,0.057248,0.208602,tencent
6082.HK,2026-05-20,92,47.0,51.2,46.66,50.7,50.7,6390551.0,319256600.0,0.059783,0.000187,False,0.058405,0.16129,tencent
6082.HK,2026-05-21,93,50.4,50.7,46.8,46.8,46.8,7053581.0,339245899.99999994,-0.076923,0.000227,False,0.06118,0.225806,tencent
6082.HK,2026-05-22,94,47.1,49.78,47.1,48.88,48.88,5866518.0,285573000.0,0.044444,0.000156,False,0.059372,0.191398,tencent
6082.HK,2026-05-26,95,51.8,52.7,48.6,51.1,51.1,9340882.0,476831500.0,0.045417,9.5e-05,False,0.059533,0.154673,tencent
6082.HK,2026-05-27,96,51.1,56.0,51.0,52.65,52.65,10409705.0,554671900.0,0.030333,5.5e-05,False,0.059174,0.129032,tencent
6082.HK,2026-05-28,97,52.0,54.4,51.5,53.85,53.85,6407507.0,341988800.0,0.022792,6.7e-05,False,0.059247,0.109181,tencent
6082.HK,2026-05-29,98,56.7,63.8,56.0,61.75,61.75,27536236.0,1688731900.0,0.146704,8.7e-05,False,0.064557,0.032132,tencent
6082.HK,2026-06-01,99,63.1,65.9,58.85,60.25,60.25,11537700.0,714658500.0,-0.024291,3.4e-05,False,0.063549,0.085736,tencent
6082.HK,2026-06-02,100,60.0,62.6,57.0,61.65,61.65,6759581.0,405922200.0,0.023237,5.7e-05,False,0.063188,0.064492,tencent
6082.HK,2026-06-03,101,62.0,64.85,60.5,62.35,62.35,5008334.0,312991700.0,0.011354,3.6e-05,False,0.062154,0.053869,tencent
6082.HK,2026-06-04,102,60.6,61.5,58.6,59.65,59.65,3501693.0,209457100.0,-0.043304,0.000207,False,0.061266,0.094841,tencent
6082.HK,2026-06-05,103,59.0,59.5,55.15,55.8,55.8,5471630.0,311324700.0,-0.064543,0.000207,False,0.053989,0.153263,tencent
6082.HK,2026-06-08,104,52.0,63.4,51.8,57.2,57.2,24396839.0,1448574200.0000002,0.02509,1.7e-05,False,0.05376,0.132018,tencent
6082.HK,2026-06-09,105,58.45,59.25,54.15,54.5,54.5,12403558.0,697035200.0,-0.047203,6.8e-05,False,0.054869,0.172989,tencent
6082.HK,2026-06-10,106,54.3,60.45,53.55,55.4,55.4,14286233.0,810234600.0000001,0.016514,2e-05,False,0.054662,0.159332,tencent
6082.HK,2026-06-11,107,54.5,54.95,47.36,51.85,51.85,18482855.0,932414700.0,-0.064079,6.9e-05,False,0.056601,0.213202,tencent
6082.HK,2026-06-12,108,54.5,55.35,49.34,49.98,49.98,8182477.0,424300000.0,-0.036066,8.5e-05,False,0.055405,0.241578,tencent
6082.HK,2026-06-15,109,51.6,57.5,51.35,55.3,55.3,12143351.0,667207300.0,0.106443,0.00016,False,0.057248,0.16085,tencent
6082.HK,2026-06-16,110,57.6,57.6,53.65,54.0,54.0,8496599.0,467391100.0,-0.023508,5e-05,False,0.057579,0.180577,tencent
6082.HK,2026-06-17,111,53.6,58.45,52.2,56.4,56.4,9805077.0,538698800.0,0.044444,8.3e-05,False,0.058153,0.144158,tencent
6082.HK,2026-06-18,112,58.0,61.45,55.3,61.45,61.45,20563294.0,1222896500.0,0.089539,7.3e-05,False,0.059854,0.067527,tencent
6082.HK,2026-06-22,113,61.9,66.35,58.45,64.15,64.15,19535773.0,1225225400.0,0.043938,3.6e-05,False,0.056482,0.033157,tencent
6082.HK,2026-06-23,114,63.05,65.45,59.15,61.65,61.65,11170345.0,691818400.0,-0.038971,5.6e-05,False,0.057448,0.070836,tencent
6082.HK,2026-06-24,115,60.9,65.7,59.7,60.0,60.0,13071160.0,812182800.0,-0.026764,3.3e-05,False,0.057584,0.095705,tencent
6082.HK,2026-06-25,116,61.0,70.75,59.5,68.0,68.0,22910194.0,1498551700.0000002,0.133333,8.9e-05,False,0.063807,0.038869,tencent
6082.HK,2026-06-26,117,68.0,68.0,55.85,57.0,57.0,20784165.0,1247948300.0,-0.161765,0.00013,False,0.074952,0.194346,tencent
6082.HK,2026-06-29,118,55.55,65.25,55.0,62.3,62.3,16874334.0,1025700000.0,0.092982,9.1e-05,False,0.070454,0.119435,tencent
6082.HK,2026-06-30,119,62.3,66.85,61.0,61.2,61.2,14654044.0,929958600.0,-0.017657,1.9e-05,False,0.070335,0.134982,tencent
6082.HK,2026-07-02,120,58.0,58.0,48.0,48.32,48.32,38153993.0,1948246700.0000002,-0.210458,0.000108,False,0.084756,0.317032,tencent
6082.HK,2026-07-03,121,48.52,52.0,47.26,51.3,51.3,20984392.0,1060677000.0,0.061672,5.8e-05,False,0.086113,0.274912,tencent
6082.HK,2026-07-06,122,49.5,52.5,46.24,48.54,48.54,35161799.0,1747338000.0,-0.053801,3.1e-05,False,0.086384,0.313922,tencent
6082.HK,2026-07-07,123,47.26,50.25,45.56,46.5,46.5,26916776.0,1279466400.0,-0.042027,3.3e-05,False,0.085732,0.342756,tencent
6082.HK,2026-07-08,124,46.5,52.0,45.22,47.36,47.36,51500842.0,2510927600.0,0.018495,7e-06,False,0.085622,0.330601,tencent
6082.HK,2026-07-09,125,48.5,51.3,47.12,48.74,48.74,52312619.0,2566637200.0,0.029139,1.1e-05,False,0.085377,0.311095,tencent
6082.HK,2026-07-10,126,49.3,51.1,44.6,44.98,44.98,32702548.0,1560241200.0,-0.077144,4.9e-05,False,0.086868,0.36424,tencent
6082.HK,2026-07-13,127,45.0,46.48,42.6,43.04,43.04,27352127.0,1204340800.0,-0.04313,3.6e-05,False,0.086263,0.391661,tencent
6082.HK,2026-07-14,128,43.18,43.88,39.4,42.26,42.26,19401180.0,805400700.0000001,-0.018123,2.3e-05,False,0.086022,0.402686,tencent
6082.HK,2026-07-15,129,43.72,45.0,40.48,42.48,42.48,16882883.0,708046799.9999999,0.005206,7e-06,False,0.082025,0.399576,tencent
6082.HK,2026-07-16,130,41.02,45.84,40.9,42.1,42.1,18880048.0,821686300.0,-0.008945,1.1e-05,False,0.081961,0.404947,tencent
6082.HK,2026-07-17,131,41.52,42.0,35.3,35.8,35.8,27127510.0,1026250100.0,-0.149644,0.000146,False,0.086656,0.493993,tencent
6082.HK,2026-07-20,132,37.0,37.0,33.32,34.46,34.46,23951846.0,832641200.0,-0.03743,4.5e-05,False,0.082877,0.512933,tencent
6082.HK,2026-07-21,133,35.0,39.04,34.86,38.7,38.7,30137975.0,1126683700.0,0.123041,0.000109,False,0.088068,0.453004,tencent
6082.HK,2026-07-22,134,40.8,41.58,37.7,37.86,37.86,26317084.0,1038215800.0,-0.021705,2.1e-05,False,0.087968,0.464876,tencent
6082.HK,2026-07-23,135,38.82,39.06,36.52,37.32,37.32,8942844.0,335739700.0,-0.014263,4.2e-05,False,0.087963,0.472509,tencent
6082.HK,2026-07-24,136,37.32,37.74,35.28,36.66,36.66,10481508.0,381354800.00000006,-0.017685,4.6e-05,False,0.080291,0.481837,tencent
6082.HK,2026-07-27,137,36.66,36.66,33.58,34.8,34.8,18736081.0,649975800.0,-0.050736,7.8e-05,False,0.074093,0.508127,tencent
6082.HK,2026-07-28,138,33.58,33.72,30.82,30.92,30.92,20172391.0,640658400.0,-0.111494,0.000174,False,0.071511,0.562968,tencent
6082.HK,2026-07-29,139,31.2,31.66,28.58,29.6,29.6,25330042.0,752596300.0,-0.042691,5.7e-05,False,0.071469,0.581625,tencent
6082.HK,2026-07-30,140,29.18,30.02,27.68,28.04,28.04,14072213.0,401628200.0,-0.052703,0.000131,False,0.058368,0.603675,tencent
6082.HK,2026-07-31,141,31.0,33.26,30.3,31.18,31.18,24160446.0,766546799.9999999,0.111983,0.000146,False,0.063193,0.559293,tencent
6082.HK,2026-08-03,142,31.06,31.9,30.18,31.38,31.38,8343520.0,259922300.0,0.006414,2.5e-05,False,0.063067,0.556466,tencent
6082.HK,2026-08-04,143,32.0,33.68,31.9,33.56,33.56,12042392.0,399183500.0,0.069471,0.000174,False,0.065853,0.525654,tencent
6082.HK,2026-08-05,144,34.44,38.9,33.88,37.9,37.9,27070742.0,1006093100.0,0.129321,0.000129,False,0.073014,0.464311,tencent
6082.HK,2026-08-06,145,37.16,38.96,36.5,37.78,37.78,15825485.0,596265500.0,-0.003166,5e-06,False,0.072491,0.466007,tencent
6082.HK,2026-08-07,146,37.98,40.64,37.24,40.02,40.02,18263941.0,720049100.0,0.059291,8.2e-05,False,0.072277,0.434346,tencent
6082.HK,2026-08-10,147,40.08,40.58,37.4,38.06,38.06,10315801.0,397101600.00000006,-0.048976,0.000123,False,0.072457,0.462049,tencent
6082.HK,2026-08-11,148,38.14,38.98,37.16,37.36,37.36,6985379.0,265193500.0,-0.018392,6.9e-05,False,0.07246,0.471943,tencent
6082.HK,2026-08-12,149,38.1,39.7,37.88,39.0,39.0,11480394.0,448538800.0,0.043897,9.8e-05,False,0.073222,0.448763,tencent
6082.HK,2026-08-13,150,40.18,40.42,37.8,38.2,38.2,10945742.0,426108600.0,-0.020513,4.8e-05,False,0.073328,0.460071,tencent
6082.HK,2026-08-14,151,38.4,38.76,35.46,36.44,36.44,17950236.0,656441100.0,-0.046073,7e-05,False,0.065627,0.484947,tencent
6082.HK,2026-08-17,152,37.46,39.14,37.02,38.98,38.98,11963651.0,456652699.99999994,0.069704,0.000153,False,0.06653,0.449046,tencent
6082.HK,2026-08-18,153,39.44,39.54,37.54,37.56,37.56,9150469.0,350790100.0,-0.036429,0.000104,False,0.061405,0.469117,tencent
6082.HK,2026-08-19,154,36.5,36.5,33.76,34.12,34.12,11381891.0,395116800.0,-0.091587,0.000232,False,0.064625,0.517739,tencent
6082.HK,2026-08-20,155,35.02,35.94,34.22,35.32,35.32,7466786.0,263615400.0,0.03517,0.000133,False,0.065124,0.500777,tencent
6082.HK,2026-08-21,156,35.38,38.38,35.26,37.74,37.74,11183794.0,419187100.0,0.068516,0.000163,False,0.066776,0.466572,tencent
6082.HK,2026-08-24,157,38.8,38.8,34.74,34.74,34.74,9967931.0,355434000.0,-0.079491,0.000224,False,0.068299,0.508975,tencent
6082.HK,2026-08-25,158,34.88,36.74,33.82,35.68,35.68,10171236.0,364739000.0,0.027058,7.4e-05,False,0.06299,0.495689,tencent
6082.HK,2026-08-26,159,36.18,38.14,35.84,36.66,36.66,10942054.0,400557699.99999994,0.027466,6.9e-05,False,0.061901,0.481837,tencent
6082.HK,2026-08-27,160,37.6,39.5,37.6,39.26,39.26,13138762.0,511921500.0,0.070922,0.000139,False,0.061211,0.445088,tencent
6082.HK,2026-08-28,161,39.7,40.88,39.12,39.24,39.24,10798373.0,430146400.0,-0.000509,1e-06,False,0.05723,0.445371,tencent
6082.HK,2026-08-31,162,38.96,47.18,37.7,46.62,46.62,32570276.0,1430805000.0,0.188073,0.000131,False,0.069263,0.34106,tencent
6082.HK,2026-09-01,163,45.0,46.78,44.3,45.92,45.92,12434549.0,566454500.0,-0.015015,2.7e-05,False,0.068802,0.350954,tencent
6082.HK,2026-09-02,164,45.92,45.92,41.84,43.3,43.3,15040736.0,651578300.0,-0.057056,8.8e-05,False,0.065467,0.387986,tencent
6082.HK,2026-09-03,165,44.98,44.98,41.44,42.08,42.08,12265200.0,521697100.0,-0.028176,5.4e-05,False,0.065941,0.40523,tencent
6082.HK,2026-09-04,166,43.02,43.52,41.34,41.6,41.6,10069460.0,425353600.0,-0.011407,2.7e-05,False,0.064899,0.412014,tencent
6082.HK,2026-09-07,167,42.74,43.18,40.32,41.16,41.16,12311900.0,507493900.0,-0.010577,2.1e-05,False,0.063813,0.418233,tencent
6082.HK,2026-09-08,168,41.26,41.26,38.0,38.2,38.2,11653513.0,456886300.0,-0.071914,0.000157,False,0.065966,0.460071,tencent
6082.HK,2026-09-09,169,38.76,39.5,37.66,38.22,38.22,8541800.0,328965000.0,0.000524,2e-06,False,0.065263,0.459788,tencent
6082.HK,2026-09-10,170,38.22,38.5,36.8,37.48,37.48,8516914.0,318664600.0,-0.019362,6.1e-05,False,0.065244,0.470247,tencent
6082.HK,2026-09-11,171,36.98,36.98,34.2,35.46,35.46,13128699.0,460301300.0,-0.053895,0.000117,False,0.065564,0.498799,tencent
6082.HK,2026-09-14,172,34.2,34.74,32.72,33.1,33.1,14167295.0,474289200.0,-0.066554,0.00014,False,0.065083,0.532155,tencent
6082.HK,2026-09-15,173,33.1,35.8,31.84,32.06,32.06,23115816.0,785130800.0,-0.03142,4e-05,False,0.06497,0.546855,tencent
6082.HK,2026-09-16,174,32.06,34.16,31.9,32.88,32.88,13099300.0,436424300.0,0.025577,5.9e-05,False,0.06206,0.535265,tencent
6082.HK,2026-09-17,175,33.28,34.4,33.02,33.86,33.86,11822827.0,400566300.0,0.029805,7.4e-05,False,0.061911,0.521413,tencent
6082.HK,2026-09-18,176,35.46,37.94,34.62,37.94,37.94,36611342.0,1357860799.9999998,0.120496,8.9e-05,False,0.065916,0.463746,tencent
6082.HK,2026-09-21,177,38.38,44.1,37.44,42.58,42.58,32986623.0,1362564700.0,0.122298,9e-05,False,0.068155,0.398163,tencent
6082.HK,2026-09-22,178,44.2,44.5,41.88,42.9,42.9,24141893.0,1042452400.0,0.007515,7e-06,False,0.068073,0.39364,tencent
2513.HK,2026-01-08,1,120.0,135.0,116.1,131.5,131.5,17518159.0,2229091600.0,0.13167,5.9e-05,False,,0.025926,tencent
2513.HK,2026-01-09,2,137.2,165.0,137.2,158.6,158.6,6908145.0,1044524800.0,0.206084,0.000197,False,,0.038788,tencent
2513.HK,2026-01-12,3,182.3,258.0,165.1,208.4,208.4,9421009.0,1961613299.9999998,0.313997,0.00016,False,,0.192248,tencent
2513.HK,2026-01-13,4,220.4,225.2,176.0,181.8,181.8,4117444.0,802460300.0,-0.127639,0.000159,False,,0.295349,tencent
2513.HK,2026-01-14,5,194.7,222.6,189.0,216.0,216.0,5821301.0,1204465800.0,0.188119,0.000156,False,0.164794,0.162791,tencent
2513.HK,2026-01-15,6,212.0,243.0,206.0,241.0,241.0,3436595.0,778536200.0,0.115741,0.000149,False,0.147799,0.065891,tencent
2513.HK,2026-01-16,7,233.8,263.0,228.0,250.0,250.0,4242273.0,1045004800.0,0.037344,3.6e-05,False,0.140182,0.04943,tencent
2513.HK,2026-01-19,8,245.0,250.0,220.2,224.0,224.0,2363775.0,544036400.0,-0.104,0.000191,False,0.152708,0.148289,tencent
2513.HK,2026-01-20,9,232.0,232.2,197.5,207.4,207.4,2642614.0,551035800.0,-0.074107,0.000134,False,0.153585,0.211407,tencent
2513.HK,2026-01-21,10,208.0,217.0,200.0,204.0,204.0,1707360.0,355601300.0,-0.016393,4.6e-05,False,0.147742,0.224335,tencent
2513.HK,2026-01-22,11,209.6,209.6,196.1,202.6,202.6,1208921.0,243544500.0,-0.006863,2.8e-05,False,0.141923,0.229658,tencent
2513.HK,2026-01-23,12,205.0,205.0,190.7,192.0,192.0,1317505.0,255874400.0,-0.05232,0.000204,False,0.139173,0.269962,tencent
2513.HK,2026-01-26,13,192.0,224.2,185.0,217.0,217.0,3131935.0,649593300.0,0.130208,0.0002,False,0.135048,0.174905,tencent
2513.HK,2026-01-27,14,223.0,244.6,214.0,233.4,233.4,3321494.0,755432200.0,0.075576,0.0001,False,0.129844,0.112548,tencent
2513.HK,2026-01-28,15,233.2,233.2,221.0,228.0,228.0,1284174.0,290097400.0,-0.023136,8e-05,False,0.126879,0.13308,tencent
2513.HK,2026-01-29,16,230.6,252.0,224.0,227.0,227.0,2974195.0,714333300.0,-0.004386,6e-06,False,0.123412,0.136882,tencent
2513.HK,2026-01-30,17,228.0,234.8,216.6,226.2,226.2,1156013.0,262045600.0,-0.003524,1.3e-05,False,0.12018,0.139924,tencent
2513.HK,2026-02-02,18,226.2,246.6,219.0,224.6,224.6,1791910.0,415170199.99999994,-0.007073,1.7e-05,False,0.117267,0.146008,tencent
2513.HK,2026-02-03,19,230.0,253.0,229.8,243.2,243.2,2544481.0,615961300.0,0.082814,0.000134,False,0.114323,0.075285,tencent
2513.HK,2026-02-04,20,235.0,237.0,222.2,227.2,227.2,1116794.0,254093500.0,-0.065789,0.000259,False,0.114017,0.136122,tencent
2513.HK,2026-02-05,21,222.6,231.0,210.6,216.2,216.2,938707.0,205553100.0,-0.048415,0.000236,False,0.113491,0.177947,tencent
2513.HK,2026-02-06,22,207.0,208.6,198.0,203.2,203.2,1177111.0,238538200.0,-0.06013,0.000252,False,0.107294,0.227376,tencent
2513.HK,2026-02-09,23,214.0,287.8,214.0,276.8,276.8,4530724.0,1156264700.0,0.362205,0.000313,False,0.114599,0.038221,tencent
2513.HK,2026-02-10,24,278.0,344.0,277.4,317.8,317.8,3427046.0,1084580200.0,0.148121,0.000137,False,0.112481,0.076163,tencent
2513.HK,2026-02-11,25,333.0,354.0,306.8,312.4,312.4,3120272.0,1027235100.0,-0.016992,1.7e-05,False,0.106872,0.117514,tencent
2513.HK,2026-02-12,26,339.8,443.0,318.8,402.0,402.0,6813071.0,2647569600.0,0.286812,0.000108,False,0.12061,0.092551,tencent
2513.HK,2026-02-13,27,422.0,496.0,408.0,485.0,485.0,5238296.0,2440624400.0,0.206468,8.5e-05,False,0.126776,0.022177,tencent
2513.HK,2026-02-16,28,522.0,540.0,460.0,508.0,508.0,3656614.0,1797178100.0,0.047423,2.6e-05,False,0.122132,0.059259,tencent
2513.HK,2026-02-20,29,534.0,725.0,532.5,725.0,725.0,5266887.0,3241357700.0,0.427165,0.000132,False,0.145036,0.0,tencent
2513.HK,2026-02-23,30,625.0,672.5,540.0,560.0,560.0,5397566.0,3169664900.0,-0.227586,7.2e-05,False,0.158918,0.227586,tencent
2513.HK,2026-02-24,31,575.5,698.0,525.0,628.0,628.0,5089620.0,3155070900.0000005,0.121429,3.8e-05,False,0.158558,0.133793,tencent
2513.HK,2026-02-25,32,591.0,666.0,555.5,560.5,560.5,2819983.0,1676907100.0,-0.107484,6.4e-05,False,0.161236,0.226897,tencent
2513.HK,2026-02-26,33,580.5,600.0,553.0,556.5,556.5,1858203.0,1071155100.0,-0.007136,7e-06,False,0.16129,0.232414,tencent
2513.HK,2026-02-27,34,540.0,592.0,482.0,575.0,575.0,3914912.0,2105830799.9999998,0.033243,1.6e-05,False,0.161343,0.206897,tencent
2513.HK,2026-03-02,35,550.5,610.0,544.0,550.0,550.0,1719691.0,982362000.0,-0.043478,4.4e-05,False,0.16194,0.241379,tencent
2513.HK,2026-03-03,36,568.0,625.0,526.5,528.0,528.0,4402599.0,2531679800.0,-0.04,1.6e-05,False,0.162834,0.271724,tencent
2513.HK,2026-03-04,37,534.0,578.0,500.0,510.0,510.0,2355798.0,1265909000.0,-0.034091,2.7e-05,False,0.163548,0.296552,tencent
2513.HK,2026-03-05,38,526.0,551.5,497.0,520.0,520.0,2023341.0,1045633800.0,0.019608,1.9e-05,False,0.163142,0.282759,tencent
2513.HK,2026-03-06,39,509.0,553.5,505.0,532.0,532.0,1380878.0,743317700.0,0.023077,3.1e-05,False,0.163137,0.266207,tencent
2513.HK,2026-03-09,40,513.0,583.0,481.2,575.0,575.0,4377154.0,2317754300.0,0.080827,3.5e-05,False,0.160881,0.206897,tencent
2513.HK,2026-03-10,41,648.0,697.0,587.0,649.0,649.0,7467565.0,4783106300.0,0.128696,2.7e-05,False,0.159552,0.104828,tencent
2513.HK,2026-03-11,42,629.0,708.0,600.0,609.5,609.5,4619682.0,2988728100.0,-0.060863,2e-05,False,0.159583,0.15931,tencent
2513.HK,2026-03-12,43,625.0,633.5,545.5,555.5,555.5,3103968.0,1801864200.0000002,-0.088597,4.9e-05,False,0.147096,0.233793,tencent
2513.HK,2026-03-13,44,551.5,582.0,519.0,530.0,530.0,3044232.0,1665429200.0000002,-0.045905,2.8e-05,False,0.146322,0.268966,tencent
2513.HK,2026-03-16,45,545.0,615.0,543.5,605.0,605.0,3778080.0,2214881400.0,0.141509,6.4e-05,False,0.147636,0.165517,tencent
2513.HK,2026-03-17,46,609.0,639.5,593.5,621.5,621.5,2314464.0,1431967400.0,0.027273,1.9e-05,False,0.136034,0.142759,tencent
2513.HK,2026-03-18,47,625.0,765.0,624.0,742.5,742.5,4439353.0,3108176700.0,0.19469,6.3e-05,False,0.135253,0.029412,tencent
2513.HK,2026-03-19,48,710.0,738.0,646.0,659.0,659.0,2511730.0,1717849600.0,-0.112458,6.5e-05,False,0.138815,0.138562,tencent
2513.HK,2026-03-20,49,683.0,690.0,615.0,630.5,630.5,1980638.0,1278106900.0,-0.043247,3.4e-05,False,0.101225,0.175817,tencent
2513.HK,2026-03-23,50,600.0,633.5,571.0,590.0,590.0,1783482.0,1065006100.0,-0.064235,6e-05,False,0.087762,0.228758,tencent
2513.HK,2026-03-24,51,618.0,655.0,595.0,655.0,655.0,1821358.0,1144328300.0,0.110169,9.6e-05,False,0.087017,0.143791,tencent
2513.HK,2026-03-25,52,685.0,760.0,663.0,760.0,760.0,3312577.0,2345635400.0,0.160305,6.8e-05,False,0.089277,0.006536,tencent
2513.HK,2026-03-26,53,780.0,790.0,683.0,684.0,684.0,1879730.0,1359011099.9999998,-0.1,7.4e-05,False,0.093042,0.134177,tencent
2513.HK,2026-03-27,54,684.0,696.0,641.5,668.0,668.0,1687128.0,1123012200.0,-0.023392,2.1e-05,False,0.093297,0.15443,tencent
2513.HK,2026-03-30,55,650.5,750.0,642.5,733.5,733.5,1862526.0,1318398299.9999998,0.098054,7.4e-05,False,0.09427,0.071519,tencent
2513.HK,2026-03-31,56,720.0,755.0,672.0,693.5,693.5,1510602.0,1059920600.0,-0.054533,5.1e-05,False,0.0948,0.122152,tencent
2513.HK,2026-04-01,57,797.5,938.0,797.5,915.0,915.0,5671600.0,4981476600.0,0.319394,6.4e-05,False,0.115335,0.02452,tencent
2513.HK,2026-04-02,58,891.5,900.0,764.0,779.0,779.0,3129684.0,2484312800.0,-0.148634,6e-05,False,0.122471,0.16951,tencent
2513.HK,2026-04-08,59,895.0,925.0,837.0,868.5,868.5,2786329.0,2478758100.0,0.114891,4.6e-05,False,0.124023,0.074094,tencent
2513.HK,2026-04-09,60,897.5,999.0,862.0,929.5,929.5,2582505.0,2441152200.0,0.070236,2.9e-05,False,0.123825,0.06957,tencent
2513.HK,2026-04-10,61,958.0,970.0,918.0,936.0,936.0,1309480.0,1235766600.0,0.006993,6e-06,False,0.121753,0.063063,tencent
2513.HK,2026-04-13,62,945.0,1005.0,922.0,957.5,957.5,1485429.0,1431440500.0,0.02297,1.6e-05,False,0.12007,0.047264,tencent
2513.HK,2026-04-14,63,980.0,1010.0,937.0,948.0,948.0,1255461.0,1220986200.0,-0.009922,8e-06,False,0.117261,0.061386,tencent
2513.HK,2026-04-15,64,976.0,982.0,825.0,867.0,867.0,2201225.0,1923477300.0,-0.085443,4.4e-05,False,0.118985,0.141584,tencent
2513.HK,2026-04-16,65,853.0,919.0,839.0,883.0,883.0,1218511.0,1086358700.0,0.018454,1.7e-05,False,0.11613,0.125743,tencent
2513.HK,2026-04-17,66,880.0,911.0,860.0,891.0,891.0,858535.0,759672400.0,0.00906,1.2e-05,False,0.116183,0.117822,tencent
2513.HK,2026-04-20,67,896.0,1030.0,895.0,975.0,975.0,2074290.0,2013329200.0000002,0.094276,4.7e-05,False,0.110455,0.053398,tencent
2513.HK,2026-04-21,68,976.5,979.5,895.0,950.0,950.0,1119726.0,1037012300.0,-0.025641,2.5e-05,False,0.106651,0.07767,tencent
2513.HK,2026-04-22,69,937.5,1029.0,927.5,986.0,986.0,1368849.0,1361950799.9999998,0.037895,2.8e-05,False,0.105516,0.042718,tencent
2513.HK,2026-04-23,70,1010.0,1078.0,984.5,1028.0,1028.0,1627930.0,1672357500.0,0.042596,2.5e-05,False,0.103306,0.046382,tencent
2513.HK,2026-04-24,71,1031.0,1076.0,896.0,935.0,935.0,3082522.0,2959803400.0000005,-0.090467,3.1e-05,False,0.105132,0.132653,tencent
2513.HK,2026-04-27,72,916.0,934.5,872.0,914.5,914.5,1869017.0,1682844200.0000002,-0.021925,1.3e-05,False,0.100382,0.15167,tencent
2513.HK,2026-04-28,73,920.0,920.0,788.0,800.0,800.0,2524243.0,2093599000.0,-0.125205,6e-05,False,0.10203,0.257885,tencent
2513.HK,2026-04-29,74,805.0,855.0,797.0,816.5,816.5,1254283.0,1029435500.0,0.020625,2e-05,False,0.10169,0.242579,tencent
2513.HK,2026-04-30,75,840.0,891.0,798.0,868.0,868.0,1613664.0,1377510700.0,0.063074,4.6e-05,False,0.100474,0.194805,tencent
2513.HK,2026-05-04,76,881.0,967.0,880.0,957.0,957.0,1547092.0,1448074200.0000002,0.102535,7.1e-05,False,0.101059,0.112245,tencent
2513.HK,2026-05-05,77,955.5,963.0,915.0,919.5,919.5,582294.0,540781400.0,-0.039185,7.2e-05,False,0.073287,0.147032,tencent
2513.HK,2026-05-06,78,930.0,939.0,885.0,928.5,928.5,670528.0,612033200.0,0.009788,1.6e-05,False,0.064028,0.138683,tencent
2513.HK,2026-05-07,79,942.0,975.0,910.5,975.0,975.0,1157931.0,1101830300.0,0.050081,4.5e-05,False,0.059995,0.095547,tencent
2513.HK,2026-05-08,80,950.0,970.0,912.0,923.0,923.0,568451.0,529274600.0,-0.053333,0.000101,False,0.059559,0.143785,tencent
2513.HK,2026-05-11,81,933.0,960.0,885.0,899.0,899.0,805989.0,736725399.9999999,-0.026002,3.5e-05,False,0.059851,0.166048,tencent
2513.HK,2026-05-12,82,918.0,918.0,831.0,840.0,840.0,908976.0,779777400.0,-0.065628,8.4e-05,False,0.061301,0.220779,tencent
2513.HK,2026-05-13,83,831.0,1168.0,831.0,1150.0,1150.0,3497382.0,3560353400.0000005,0.369048,0.000104,False,0.103591,0.015411,tencent
2513.HK,2026-05-14,84,1135.0,1229.0,1070.0,1090.0,1090.0,1641172.0,1852185100.0,-0.052174,2.8e-05,False,0.102163,0.1131,tencent
2513.HK,2026-05-15,85,1100.0,1125.0,1030.0,1040.0,1040.0,1035284.0,1113417200.0,-0.045872,4.1e-05,False,0.103087,0.153784,tencent
2513.HK,2026-05-18,86,1049.0,1160.0,1012.0,1137.0,1137.0,977565.0,1097242600.0,0.093269,8.5e-05,False,0.104639,0.074858,tencent
2513.HK,2026-05-19,87,1118.0,1137.0,975.0,1030.0,1030.0,1183789.0,1210284300.0,-0.094107,7.8e-05,False,0.105779,0.16192,tencent
2513.HK,2026-05-20,88,1028.0,1058.0,976.0,1058.0,1058.0,747856.0,759199400.0,0.027184,3.6e-05,False,0.105568,0.139138,tencent
2513.HK,2026-05-21,89,1141.0,1149.0,988.0,1010.0,1010.0,728016.0,758992400.0,-0.045369,6e-05,False,0.106056,0.178194,tencent
2513.HK,2026-05-22,90,1016.0,1341.0,1016.0,1282.0,1282.0,2950882.0,3628492800.0000005,0.269307,7.4e-05,False,0.121212,0.043997,tencent
2513.HK,2026-05-26,91,1308.0,1459.0,1214.0,1345.0,1345.0,1746617.0,2350612600.0,0.049142,2.1e-05,False,0.118673,0.078136,tencent
2513.HK,2026-05-27,92,1400.0,1468.0,1367.0,1425.0,1425.0,975112.0,1378630799.9999998,0.05948,4.3e-05,False,0.118402,0.029292,tencent
2513.HK,2026-05-28,93,1440.0,1657.0,1399.0,1618.0,1618.0,1590974.0,2456835400.0,0.135439,5.5e-05,False,0.114905,0.023537,tencent
2513.HK,2026-05-29,94,1650.0,1993.0,1500.0,1595.0,1595.0,3022028.0,5186026100.0,-0.014215,3e-06,False,0.115499,0.199699,tencent
2513.HK,2026-06-01,95,1511.0,1612.0,1394.0,1466.0,1466.0,1684800.0,2489044000.0,-0.080878,3.2e-05,False,0.118409,0.264425,tencent
2513.HK,2026-06-02,96,1460.0,1522.0,1363.0,1412.0,1412.0,1290915.0,1828445700.0,-0.036835,2e-05,False,0.118167,0.29152,tencent
2513.HK,2026-06-03,97,1427.0,1567.0,1420.0,1462.0,1462.0,921131.0,1380866000.0,0.035411,2.6e-05,False,0.117192,0.266433,tencent
2513.HK,2026-06-04,98,1425.0,1458.0,1380.0,1426.0,1426.0,607741.0,857358800.0,-0.024624,2.9e-05,False,0.117743,0.284496,tencent
2513.HK,2026-06-05,99,1426.0,1440.0,1260.0,1297.0,1297.0,1442553.0,1879656400.0000002,-0.090463,4.8e-05,False,0.120485,0.349222,tencent
2513.HK,2026-06-08,100,1250.0,1479.0,1156.0,1314.0,1314.0,3667558.0,4874921600.0,0.013107,3e-06,False,0.119253,0.340692,tencent
2513.HK,2026-06-09,101,1250.0,1300.0,1136.0,1136.0,1136.0,3133553.0,3805927300.0,-0.135464,3.6e-05,False,0.124072,0.430005,tencent
2513.HK,2026-06-10,102,1136.0,1152.0,1011.0,1048.0,1048.0,2709120.0,2846454800.0,-0.077465,2.7e-05,False,0.12452,0.47416,tencent
2513.HK,2026-06-11,103,1032.0,1130.0,1021.0,1061.0,1061.0,1715347.0,1830319200.0000002,0.012405,7e-06,False,0.093139,0.467637,tencent
2513.HK,2026-06-12,104,1138.0,1200.0,1031.0,1097.0,1097.0,2517119.0,2774035000.0,0.03393,1.2e-05,False,0.092595,0.449574,tencent
2513.HK,2026-06-15,105,1261.0,1620.0,1261.0,1457.0,1457.0,5528362.0,8078110300.0,0.328168,4.1e-05,False,0.116614,0.268941,tencent
2513.HK,2026-06-16,106,1467.0,1650.0,1450.0,1474.0,1474.0,2943721.0,4542089100.0,0.011668,3e-06,False,0.115443,0.260411,tencent
2513.HK,2026-06-17,107,1474.0,1739.0,1375.0,1660.0,1660.0,3824504.0,6030137900.0,0.126187,2.1e-05,False,0.114611,0.167085,tencent
2513.HK,2026-06-18,108,1721.0,2094.0,1721.0,2094.0,2094.0,4916868.0,9304442900.0,0.261446,2.8e-05,False,0.125758,0.0,tencent
2513.HK,2026-06-22,109,2100.0,2980.0,2100.0,2410.0,2410.0,4599522.0,11316260700.0,0.150907,1.3e-05,False,0.126278,0.191275,tencent
2513.HK,2026-06-23,110,2420.0,2422.0,1980.0,2170.0,2170.0,2982271.0,6412554100.0,-0.099585,1.6e-05,False,0.119524,0.271812,tencent
2513.HK,2026-06-24,111,2186.0,2520.0,2040.0,2174.0,2174.0,3354102.0,7693120100.0,0.001843,0.0,False,0.119653,0.27047,tencent
2513.HK,2026-06-25,112,2326.0,2418.0,2180.0,2350.0,2350.0,1932226.0,4484053600.0,0.080957,1.8e-05,False,0.120023,0.211409,tencent
2513.HK,2026-06-26,113,2334.0,2360.0,1933.0,2046.0,2046.0,2124287.0,4450086400.0,-0.129362,2.9e-05,False,0.122544,0.313423,tencent
2513.HK,2026-06-29,114,2040.0,2108.0,1928.0,1961.0,1961.0,1659379.0,3306422100.0,-0.041544,1.3e-05,False,0.123077,0.341946,tencent
2513.HK,2026-06-30,115,1988.0,2198.0,1933.0,2104.0,2104.0,1730210.0,3636411200.0,0.072922,2e-05,False,0.121434,0.29396,tencent
2513.HK,2026-07-02,116,2160.0,2160.0,1711.0,1754.0,1754.0,2416700.0,4376569500.0,-0.16635,3.8e-05,False,0.128155,0.411409,tencent
2513.HK,2026-07-03,117,1750.0,2076.0,1700.0,1793.0,1793.0,2918405.0,5601247500.0,0.022235,4e-06,False,0.128095,0.398322,tencent
2513.HK,2026-07-06,118,1735.0,1822.0,1503.0,1530.0,1530.0,2650957.0,4348807400.0,-0.146682,3.4e-05,False,0.133023,0.486577,tencent
2513.HK,2026-07-07,119,1530.0,1707.0,1489.0,1610.0,1610.0,2994254.0,4855724800.0,0.052288,1.1e-05,False,0.131083,0.459732,tencent
2513.HK,2026-07-08,120,1563.0,1918.0,1450.0,1825.0,1825.0,9815814.0,16963042100.0,0.13354,8e-06,False,0.133561,0.387584,tencent
2513.HK,2026-07-09,121,1879.0,2222.0,1803.0,2032.0,2032.0,9591796.0,19228798800.0,0.113425,6e-06,False,0.129392,0.318121,tencent
2513.HK,2026-07-10,122,1850.0,1999.0,1597.0,1640.0,1640.0,7350379.0,13259914500.0,-0.192913,1.5e-05,False,0.137114,0.449664,tencent
2513.HK,2026-07-13,123,1720.0,1836.0,1604.0,1645.0,1645.0,8776463.0,14980166800.0,0.003049,0.0,False,0.137198,0.447987,tencent
2513.HK,2026-07-14,124,1660.0,1708.0,1473.0,1600.0,1600.0,7346846.0,11462576000.0,-0.027356,2e-06,False,0.137808,0.463087,tencent
2513.HK,2026-07-15,125,1700.0,1867.0,1535.0,1707.0,1707.0,6230505.0,10673313500.0,0.066875,6e-06,False,0.118918,0.427181,tencent
2513.HK,2026-07-16,126,1583.0,1764.0,1530.0,1548.0,1548.0,5815724.0,9474848300.0,-0.093146,1e-05,False,0.121343,0.480537,tencent
2513.HK,2026-07-17,127,1360.0,1434.0,1085.0,1107.0,1107.0,14590268.0,17929622500.0,-0.284884,1.6e-05,False,0.134615,0.628523,tencent
2513.HK,2026-07-20,128,1110.0,1140.0,878.0,890.5,890.5,11378920.0,11091155700.0,-0.195574,1.8e-05,False,0.124307,0.701174,tencent
2513.HK,2026-07-21,129,930.0,1262.0,927.5,1219.0,1219.0,13203053.0,14476267500.0,0.368894,2.5e-05,False,0.148561,0.59094,tencent
2513.HK,2026-07-22,130,1300.0,1300.0,1096.0,1175.0,1175.0,7373645.0,8607759800.0,-0.036095,4e-06,False,0.147514,0.605705,tencent
2513.HK,2026-07-23,131,1210.0,1250.0,1094.0,1171.0,1171.0,5456984.0,6404918700.0,-0.003404,1e-06,False,0.147478,0.607047,tencent
2513.HK,2026-07-24,132,1148.0,1290.0,1113.0,1237.0,1237.0,5773176.0,7146412500.0,0.056362,8e-06,False,0.146691,0.584899,tencent
2513.HK,2026-07-27,133,1253.0,1345.0,1206.0,1281.0,1281.0,4272689.0,5529982500.0,0.03557,6e-06,False,0.144927,0.570134,tencent
2513.HK,2026-07-28,134,1210.0,1218.0,1003.0,1042.0,1042.0,7105931.0,7637833500.0,-0.186573,2.4e-05,False,0.149964,0.650336,tencent
2513.HK,2026-07-29,135,1064.0,1103.0,985.0,1033.0,1033.0,6700447.0,6983769200.0,-0.008637,1e-06,False,0.148394,0.653356,tencent
2513.HK,2026-07-30,136,1048.0,1048.0,840.0,862.0,862.0,10050650.0,9003576200.0,-0.165537,1.8e-05,False,0.148353,0.710738,tencent
2513.HK,2026-07-31,137,991.0,1125.0,934.0,987.5,987.5,12106979.0,12513200900.0,0.145592,1.2e-05,False,0.15289,0.668624,tencent
2513.HK,2026-08-03,138,940.0,953.5,851.0,940.0,940.0,6153411.0,5607212700.0,-0.048101,9e-06,False,0.150095,0.684564,tencent
2513.HK,2026-08-04,139,940.0,1061.0,940.0,1010.0,1010.0,6241386.0,6314710200.0,0.074468,1.2e-05,False,0.150686,0.661074,tencent
2513.HK,2026-08-05,140,1050.0,1110.0,1018.0,1041.0,1041.0,6126187.0,6561188000.0,0.030693,5e-06,False,0.147164,0.650671,tencent
2513.HK,2026-08-06,141,1010.0,1145.0,996.5,1087.0,1087.0,5319352.0,5799749700.0,0.044188,8e-06,False,0.14472,0.635235,tencent
2513.HK,2026-08-07,142,1120.0,1300.0,1108.0,1246.0,1246.0,8692718.0,10636511600.0,0.146274,1.4e-05,False,0.14336,0.581879,tencent
2513.HK,2026-08-10,143,1292.0,1327.0,1184.0,1252.0,1252.0,4946041.0,6215961000.0,0.004815,1e-06,False,0.143365,0.579866,tencent
2513.HK,2026-08-11,144,1290.0,1298.0,1172.0,1192.0,1192.0,3310753.0,4047105300.0000005,-0.047923,1.2e-05,False,0.143616,0.6,tencent
2513.HK,2026-08-12,145,1208.0,1285.0,1190.0,1208.0,1208.0,4546219.0,5625532000.0,0.013423,2e-06,False,0.142706,0.594631,tencent
2513.HK,2026-08-13,146,1230.0,1324.0,1225.0,1317.0,1317.0,6711885.0,8607359900.0,0.090232,1e-05,False,0.142804,0.558054,tencent
2513.HK,2026-08-14,147,1356.0,1435.0,1199.0,1270.0,1270.0,11389648.0,14990618899.999998,-0.035687,2e-06,False,0.126415,0.573826,tencent
2513.HK,2026-08-17,148,1288.0,1300.0,1170.0,1203.0,1203.0,6700423.0,8071147500.0,-0.052756,7e-06,False,0.117676,0.596309,tencent
2513.HK,2026-08-18,149,1211.0,1211.0,990.0,1043.0,1043.0,10675443.0,11222326299.999998,-0.133001,1.2e-05,False,0.08988,0.65,tencent
2513.HK,2026-08-19,150,998.0,1054.0,983.0,1012.0,1012.0,4407740.0,4484081900.0,-0.029722,7e-06,False,0.08977,0.660403,tencent
2513.HK,2026-08-20,151,1029.0,1042.0,993.0,1023.0,1023.0,3236815.0,3305615400.0,0.01087,3e-06,False,0.089828,0.656711,tencent
2513.HK,2026-08-21,152,1016.0,1149.0,992.5,1129.0,1129.0,8817394.0,9442663200.0,0.103617,1.1e-05,False,0.092059,0.621141,tencent
2513.HK,2026-08-24,153,1150.0,1150.0,1000.0,1007.0,1007.0,4093470.0,4289237500.0,-0.10806,2.5e-05,False,0.094669,0.662081,tencent
2513.HK,2026-08-25,154,1007.0,1065.0,971.0,1059.0,1059.0,3995645.0,4131920900.0000005,0.051639,1.2e-05,False,0.085508,0.644631,tencent
2513.HK,2026-08-26,155,1072.0,1072.0,1012.0,1030.0,1030.0,2896566.0,2994033400.0000005,-0.027384,9e-06,False,0.08576,0.654362,tencent
2513.HK,2026-08-27,156,1115.0,1163.0,1071.0,1160.0,1160.0,6847777.0,7654003400.0,0.126214,1.6e-05,False,0.080144,0.610738,tencent
2513.HK,2026-08-28,157,1155.0,1171.0,1063.0,1090.0,1090.0,3862891.0,4292486800.0,-0.060345,1.4e-05,False,0.076007,0.634228,tencent
2513.HK,2026-08-31,158,1079.0,1195.0,1038.0,1195.0,1195.0,11083749.0,12754554900.0,0.09633,8e-06,False,0.077279,0.598993,tencent
2513.HK,2026-09-01,159,1143.0,1263.0,1141.0,1179.0,1179.0,7477963.0,9043119400.0,-0.013389,1e-06,False,0.076204,0.604362,tencent
2513.HK,2026-09-02,160,1155.0,1155.0,1090.0,1117.0,1117.0,3016695.0,3367712199.9999995,-0.052587,1.6e-05,False,0.07731,0.625168,tencent
2513.HK,2026-09-03,161,1117.0,1129.0,1073.0,1108.0,1108.0,2968297.0,3269169500.0,-0.008057,2e-06,False,0.076845,0.628188,tencent
2513.HK,2026-09-04,162,1124.0,1146.0,1061.0,1075.0,1075.0,4788912.0,5286186899.999999,-0.029783,6e-06,False,0.069377,0.639262,tencent
2513.HK,2026-09-07,163,1096.0,1107.0,1006.0,1018.0,1018.0,5624875.0,5874890200.0,-0.053023,9e-06,False,0.070144,0.658389,tencent
2513.HK,2026-09-08,164,1008.0,1020.0,893.5,916.0,916.0,9217283.0,8663497100.0,-0.100196,1.2e-05,False,0.072641,0.692617,tencent
2513.HK,2026-09-09,165,924.0,933.5,897.0,913.5,913.5,3423259.0,3125907900.0,-0.002729,1e-06,False,0.07245,0.693456,tencent
2513.HK,2026-09-10,166,908.0,908.0,807.0,819.0,819.0,7205778.0,6059495800.0,-0.103448,1.7e-05,False,0.071082,0.725168,tencent
2513.HK,2026-09-11,167,800.0,847.5,766.0,793.0,793.0,6963960.0,5541862700.0,-0.031746,6e-06,False,0.071045,0.733893,tencent
2513.HK,2026-09-14,168,748.0,751.5,710.0,721.0,721.0,10850685.0,7967199600.0,-0.090794,1.1e-05,False,0.072439,0.758054,tencent
2513.HK,2026-09-15,169,727.0,731.5,659.0,680.0,680.0,8499372.0,5856808000.0,-0.056865,1e-05,False,0.06822,0.771812,tencent
2513.HK,2026-09-16,170,656.0,768.5,655.0,720.0,720.0,18775530.0,13581212700.0,0.058824,4e-06,False,0.070326,0.758389,tencent
2513.HK,2026-09-17,171,740.0,787.5,732.0,740.0,740.0,10040172.0,7569671700.0,0.027778,4e-06,False,0.070748,0.751678,tencent
2513.HK,2026-09-18,172,766.5,795.0,746.0,780.0,780.0,8432084.0,6533032400.0,0.054054,8e-06,False,0.067201,0.738255,tencent
2513.HK,2026-09-21,173,751.5,803.5,733.5,794.0,794.0,10100457.0,7727330100.0,0.017949,2e-06,False,0.063963,0.733557,tencent
2513.HK,2026-09-22,174,828.0,832.5,737.0,742.0,742.0,6858241.0,5268382000.0,-0.065491,1.2e-05,False,0.063393,0.751007,tencent
9903.HK,2026-01-08,1,63.4,64.0,49.633,52.267,52.267,8228204.0,1404435140.0,-0.638541,0.000455,False,,0.183328,tencent
9903.HK,2026-01-09,2,51.933,59.333,50.067,58.0,58.0,2535864.0,419214510.0,0.109687,0.000262,False,,0.09375,tencent
9903.HK,2026-01-12,3,59.9,65.2,58.067,62.5,62.5,2690078.0,498406520.0,0.077586,0.000156,False,,0.041411,tencent
9903.HK,2026-01-13,4,63.567,64.667,55.067,56.967,56.967,1526834.0,268979820.0,-0.088528,0.000329,False,,0.126273,tencent
9903.HK,2026-01-14,5,56.033,59.567,55.367,57.0,57.0,684130.0,117980880.0,0.000579,5e-06,False,0.306379,0.125767,tencent
9903.HK,2026-01-15,6,57.0,59.667,56.033,58.667,58.667,940851.0,163120800.0,0.029246,0.000179,False,0.27969,0.100199,tencent
9903.HK,2026-01-16,7,58.667,60.6,57.3,57.933,57.933,850700.0,149085410.0,-0.012511,8.4e-05,False,0.256787,0.111457,tencent
9903.HK,2026-01-19,8,58.067,59.133,55.7,56.167,56.167,636342.0,109573790.00000001,-0.030483,0.000278,False,0.23825,0.138543,tencent
9903.HK,2026-01-20,9,56.3,57.567,53.667,54.167,54.167,365300.0,60564510.0,-0.035608,0.000588,False,0.223143,0.169218,tencent
9903.HK,2026-01-21,10,54.167,58.833,53.2,58.5,58.5,693804.0,117466490.0,0.079993,0.000681,False,0.215346,0.102761,tencent
9903.HK,2026-01-22,11,58.5,73.333,58.5,71.667,71.667,4597314.0,919723330.0,0.225077,0.000245,False,0.220586,0.022718,tencent
9903.HK,2026-01-23,12,71.667,71.733,65.0,67.933,67.933,1297445.0,263843340.0,-0.052102,0.000197,False,0.210458,0.073637,tencent
9903.HK,2026-01-26,13,67.933,69.333,62.067,62.733,62.733,725353.0,139495840.0,-0.076546,0.000549,False,0.201948,0.144546,tencent
9903.HK,2026-01-27,14,65.333,66.5,59.433,60.667,60.667,1766608.0,325389700.0,-0.032933,0.000101,False,0.194026,0.172719,tencent
9903.HK,2026-01-28,15,61.667,64.133,58.633,59.667,59.667,1378239.0,253766390.0,-0.016483,6.5e-05,False,0.18701,0.186355,tencent
9903.HK,2026-01-29,16,59.733,59.733,57.0,57.067,57.067,918130.0,159617380.0,-0.043575,0.000273,False,0.180697,0.22181,tencent
9903.HK,2026-01-30,17,57.133,60.8,56.567,58.767,58.767,911340.0,160092010.0,0.02979,0.000186,False,0.175591,0.198628,tencent
9903.HK,2026-02-02,18,58.767,58.833,56.0,57.6,57.6,687200.0,117805480.0,-0.019858,0.000169,False,0.170359,0.214542,tencent
9903.HK,2026-02-03,19,57.667,58.133,56.0,56.7,56.7,504646.0,85960860.0,-0.015625,0.000182,False,0.165582,0.226815,tencent
9903.HK,2026-02-04,20,56.333,58.733,55.0,57.867,57.867,297400.0,51227569.99999999,0.020582,0.000402,False,0.161514,0.210901,tencent
9903.HK,2026-02-05,21,56.333,57.333,55.5,56.1,56.1,175396.0,29525630.0,-0.030536,0.001034,False,0.072611,0.234997,tencent
9903.HK,2026-02-06,22,55.333,56.4,54.333,55.067,55.067,191300.0,31817710.0,-0.018414,0.000579,False,0.068506,0.249083,tencent
9903.HK,2026-02-09,23,56.667,57.667,54.667,57.0,57.0,429380.0,72817580.0,0.035103,0.000482,False,0.066589,0.222724,tencent
9903.HK,2026-02-10,24,58.067,64.667,56.7,64.067,64.067,1305092.0,240177300.0,0.123982,0.000516,False,0.069072,0.126355,tencent
9903.HK,2026-02-11,25,64.333,66.0,60.8,64.333,64.333,867975.0,165414180.0,0.004152,2.5e-05,False,0.069056,0.122728,tencent
9903.HK,2026-02-12,26,64.333,82.0,63.667,78.133,78.133,3970789.0,877196240.0,0.214509,0.000245,False,0.083042,0.047159,tencent
9903.HK,2026-02-13,27,75.733,91.267,75.0,89.533,89.533,2750768.0,701416920.0,0.145905,0.000208,False,0.087473,0.018999,tencent
9903.HK,2026-02-16,28,91.333,93.333,85.333,89.667,89.667,900203.0,241160600.0,0.001497,6e-06,False,0.086688,0.039279,tencent
9903.HK,2026-02-20,29,88.933,94.933,81.0,87.733,87.733,1263920.0,324862680.0,-0.021569,6.6e-05,False,0.08621,0.075843,tencent
9903.HK,2026-02-23,30,86.667,91.8,83.467,86.467,86.467,760264.0,200560269.99999997,-0.01443,7.2e-05,False,0.085777,0.089179,tencent
9903.HK,2026-02-24,31,86.0,92.067,84.133,85.8,85.8,913950.0,242521910.0,-0.007714,3.2e-05,False,0.07151,0.096205,tencent
9903.HK,2026-02-25,32,86.4,88.0,78.133,79.267,79.267,787020.0,190749730.00000003,-0.076142,0.000399,False,0.072822,0.165022,tencent
9903.HK,2026-02-26,33,80.2,96.0,80.2,95.333,95.333,1676375.0,461046410.00000006,0.202682,0.00044,False,0.081579,0.006948,tencent
9903.HK,2026-02-27,34,95.0,103.533,90.333,103.333,103.333,1381100.0,410148190.00000006,0.083916,0.000205,False,0.081468,0.001932,tencent
9903.HK,2026-03-02,35,98.2,108.267,86.933,92.0,92.0,1891902.0,550164530.0,-0.109675,0.000199,False,0.086753,0.150249,tencent
9903.HK,2026-03-03,36,95.333,97.667,85.4,85.933,85.933,1191900.0,320871000.0,-0.065946,0.000206,False,0.087825,0.206286,tencent
9903.HK,2026-03-04,37,82.667,91.4,81.333,85.733,85.733,1090280.0,283197990.0,-0.002327,8e-06,False,0.088009,0.208134,tencent
9903.HK,2026-03-05,38,90.0,94.067,87.667,90.4,90.4,426000.0,115831600.0,0.054436,0.00047,False,0.087694,0.165027,tencent
9903.HK,2026-03-06,39,92.333,97.133,85.667,86.533,86.533,790500.0,215755639.99999997,-0.042777,0.000198,False,0.088582,0.200744,tencent
9903.HK,2026-03-09,40,86.533,88.267,78.2,86.6,86.6,943220.0,234846790.0,0.000774,3e-06,False,0.088742,0.200126,tencent
9903.HK,2026-03-10,41,93.333,113.933,91.8,112.733,112.733,2124121.0,669188940.0,0.301767,0.000451,False,0.107207,0.010533,tencent
9903.HK,2026-03-11,42,114.0,114.0,100.8,102.333,102.333,1028548.0,326890740.0,-0.092253,0.000282,False,0.110561,0.102342,tencent
9903.HK,2026-03-12,43,102.333,108.667,99.0,105.0,105.0,689382.0,215965639.99999997,0.026062,0.000121,False,0.110587,0.078947,tencent
9903.HK,2026-03-13,44,106.667,106.667,95.6,97.133,97.133,425176.0,126944060.00000001,-0.074924,0.00059,False,0.111233,0.147956,tencent
9903.HK,2026-03-16,45,97.0,99.733,93.333,97.267,97.267,634965.0,184022160.0,0.00138,7e-06,False,0.111264,0.146781,tencent
9903.HK,2026-03-17,46,99.0,99.0,93.333,95.133,95.133,416438.0,120107400.0,-0.02194,0.000183,False,0.102419,0.1655,tencent
9903.HK,2026-03-18,47,95.133,108.933,94.4,107.667,107.667,929195.0,281070480.0,0.131752,0.000469,False,0.101507,0.055553,tencent
9903.HK,2026-03-19,48,102.667,103.333,94.333,95.0,95.0,874300.0,254556450.0,-0.11765,0.000462,False,0.105674,0.166667,tencent
9903.HK,2026-03-20,49,94.333,102.067,94.333,97.8,97.8,691000.0,205385900.0,0.029474,0.000144,False,0.105544,0.142105,tencent
9903.HK,2026-03-23,50,93.333,94.4,87.333,87.333,87.333,831880.0,224920809.99999997,-0.107025,0.000476,False,0.108671,0.233921,tencent
9903.HK,2026-03-24,51,90.667,91.667,84.2,89.667,89.667,656700.0,173077400.00000003,0.026725,0.000154,False,0.108721,0.213447,tencent
9903.HK,2026-03-25,52,91.6,96.667,88.733,91.467,91.467,474800.0,131796880.0,0.020074,0.000152,False,0.106943,0.197658,tencent
9903.HK,2026-03-26,53,88.733,90.667,85.533,85.733,85.733,470800.0,122524610.0,-0.062689,0.000512,False,0.098172,0.247956,tencent
9903.HK,2026-03-27,54,84.6,84.6,79.733,81.133,81.133,661900.0,163050450.0,-0.053655,0.000329,False,0.096715,0.288307,tencent
9903.HK,2026-03-30,55,79.667,80.267,75.0,80.0,80.0,457080.0,106504950.00000001,-0.013965,0.000131,False,0.093737,0.298246,tencent
9903.HK,2026-03-31,56,80.467,82.533,68.0,70.4,70.4,1027632.0,222700760.0,-0.12,0.000539,False,0.096385,0.382456,tencent
9903.HK,2026-04-01,57,74.933,79.533,72.867,77.2,77.2,1074808.0,248602030.0,0.096591,0.000389,False,0.099075,0.322807,tencent
9903.HK,2026-04-02,58,78.667,78.667,72.467,73.267,73.267,432500.0,96182560.0,-0.050946,0.00053,False,0.09878,0.357307,tencent
9903.HK,2026-04-08,59,81.733,101.333,81.733,97.933,97.933,2618048.0,743376550.0,0.336659,0.000453,False,0.124473,0.140939,tencent
9903.HK,2026-04-09,60,99.667,102.667,92.867,98.667,98.667,1107606.0,327460440.0,0.007495,2.3e-05,False,0.124448,0.1345,tencent
9903.HK,2026-04-10,61,100.667,111.6,96.933,104.933,104.933,1403418.0,440459300.0,0.063507,0.000144,False,0.105295,0.079535,tencent
9903.HK,2026-04-13,62,105.0,124.2,104.4,118.133,118.133,1826066.0,646034440.0,0.125795,0.000195,False,0.106389,0.048849,tencent
9903.HK,2026-04-14,63,120.0,123.733,113.533,114.867,114.867,1200400.0,427474550.0,-0.027647,6.5e-05,False,0.106696,0.075145,tencent
9903.HK,2026-04-15,64,115.0,131.533,113.333,123.667,123.667,1807191.0,669222730.0,0.07661,0.000114,False,0.105765,0.059802,tencent
9903.HK,2026-04-16,65,123.667,145.667,123.667,145.267,145.267,2066847.0,863553080.0,0.174663,0.000202,False,0.111365,0.002746,tencent
9903.HK,2026-04-17,66,146.667,147.333,134.333,138.333,138.333,1126200.0,471788929.99999994,-0.047733,0.000101,False,0.112093,0.061086,tencent
9903.HK,2026-04-20,67,137.333,146.0,137.333,142.0,142.0,803894.0,340959780.0,0.026508,7.8e-05,False,0.109222,0.036197,tencent
9903.HK,2026-04-21,68,141.667,144.333,131.0,140.933,140.933,766035.0,310899050.0,-0.007514,2.4e-05,False,0.104643,0.043439,tencent
9903.HK,2026-04-22,69,139.2,144.0,136.0,139.733,139.733,563747.0,236890290.0,-0.008515,3.6e-05,False,0.104895,0.051584,tencent
9903.HK,2026-04-23,70,140.667,145.333,131.867,139.067,139.067,647821.0,266870770.0,-0.004766,1.8e-05,False,0.100642,0.056104,tencent
9903.HK,2026-04-24,71,139.333,156.133,133.0,152.333,152.333,1529499.0,679072680.0,0.095393,0.00014,False,0.101767,0.024338,tencent
9903.HK,2026-04-27,72,162.667,166.667,136.867,138.067,138.067,1370856.0,595289500.0,-0.09365,0.000157,False,0.105534,0.1716,tencent
9903.HK,2026-04-28,73,138.733,144.533,132.8,135.2,135.2,956500.0,397549630.00000006,-0.020765,5.2e-05,False,0.104094,0.188802,tencent
9903.HK,2026-04-29,74,136.333,136.333,120.267,128.0,128.0,1297452.0,487977180.0,-0.053254,0.000109,False,0.104078,0.232002,tencent
9903.HK,2026-04-30,75,128.0,157.733,123.6,155.267,155.267,2517920.0,1102679760.0,0.213023,0.000193,False,0.111411,0.0684,tencent
9903.HK,2026-05-04,76,175.0,190.0,168.833,186.667,186.667,2208873.0,1198952180.0,0.202232,0.000169,False,0.110492,0.017542,tencent
9903.HK,2026-05-05,77,183.333,192.0,177.833,185.667,185.667,1233940.0,681654480.0,-0.005357,8e-06,False,0.110832,0.032984,tencent
9903.HK,2026-05-06,78,195.0,221.0,188.333,190.5,190.5,2289666.0,1404458640.0,0.02603,1.9e-05,False,0.10845,0.138009,tencent
9903.HK,2026-05-07,79,196.333,206.667,184.0,199.0,199.0,1155280.0,689402980.0,0.044619,6.5e-05,False,0.085642,0.099548,tencent
9903.HK,2026-05-08,80,198.667,198.667,177.0,184.667,184.667,1177324.0,657271190.0000001,-0.072025,0.00011,False,0.088979,0.164403,tencent
9903.HK,2026-05-11,81,195.0,195.667,174.0,177.667,177.667,1330403.0,719026740.0,-0.037906,5.3e-05,False,0.090172,0.196077,tencent
9903.HK,2026-05-12,82,181.667,185.333,167.0,173.333,173.333,1197803.0,615749990.0,-0.024394,4e-05,False,0.088027,0.215688,tencent
9903.HK,2026-05-13,83,167.0,175.667,164.733,174.5,174.5,1000264.0,509611390.0,0.006733,1.3e-05,False,0.087324,0.210407,tencent
9903.HK,2026-05-14,84,185.167,185.167,165.0,166.533,166.533,925045.0,477465590.0,-0.045656,9.6e-05,False,0.087762,0.246457,tencent
9903.HK,2026-05-15,85,166.0,172.833,156.667,164.0,164.0,876812.0,430969870.0,-0.01521,3.5e-05,False,0.079883,0.257919,tencent
9903.HK,2026-05-18,86,159.0,165.467,156.2,159.8,159.8,619007.0,296770690.0,-0.02561,8.6e-05,False,0.079208,0.276923,tencent
9903.HK,2026-05-19,87,162.0,162.2,143.667,151.667,151.667,924640.0,416857149.99999994,-0.050895,0.000122,False,0.080243,0.313724,tencent
9903.HK,2026-05-20,88,149.133,158.0,146.267,155.667,155.667,776604.0,357986240.00000006,0.026374,7.4e-05,False,0.080297,0.295624,tencent
9903.HK,2026-05-21,89,159.667,162.133,145.067,148.067,148.067,694585.0,312419460.0,-0.048822,0.000156,False,0.081229,0.330014,tencent
9903.HK,2026-05-22,90,148.067,163.333,148.0,162.333,162.333,1342089.0,635833540.0,0.096348,0.000152,False,0.083648,0.265462,tencent
9903.HK,2026-05-26,91,173.333,177.667,160.067,172.667,172.667,1031769.0,525084620.0,0.063659,0.000121,False,0.082249,0.218701,tencent
9903.HK,2026-05-27,92,178.333,193.667,172.667,178.833,178.833,919278.0,502878710.0,0.03571,7.1e-05,False,0.078741,0.190801,tencent
9903.HK,2026-05-28,93,176.0,182.167,165.6,182.167,182.167,805746.0,414894040.0,0.018643,4.5e-05,False,0.078271,0.175715,tencent
9903.HK,2026-05-29,94,182.0,185.667,164.333,166.833,166.833,681190.0,353730899.99999994,-0.084176,0.000238,False,0.080032,0.2451,tencent
9903.HK,2026-06-01,95,166.833,166.833,145.067,150.067,150.067,1014094.0,460483830.0,-0.100496,0.000218,False,0.069449,0.320964,tencent
9903.HK,2026-06-02,96,150.2,155.0,141.0,153.867,153.867,857324.0,384339350.0,0.025322,6.6e-05,False,0.051294,0.303769,tencent
9903.HK,2026-06-03,97,154.0,160.667,147.0,149.333,149.333,687878.0,313692420.0,-0.029467,9.4e-05,False,0.051503,0.324285,tencent
9903.HK,2026-06-04,98,149.467,149.467,143.133,143.4,143.4,427610.0,185951490.0,-0.03973,0.000214,False,0.05121,0.351131,tencent
9903.HK,2026-06-05,99,143.4,145.0,136.0,136.667,136.667,720621.0,300449060.0,-0.046953,0.000156,False,0.049877,0.381597,tencent
9903.HK,2026-06-08,100,132.667,161.667,127.4,154.0,154.0,2897776.0,1335206210.0000002,0.126827,9.5e-05,False,0.057637,0.303167,tencent
9903.HK,2026-06-09,101,156.0,177.0,155.467,171.833,171.833,2141971.0,1076588670.0,0.115799,0.000108,False,0.063333,0.222475,tencent
9903.HK,2026-06-10,102,166.0,203.333,166.0,173.0,173.0,2949130.0,1624878789.9999998,0.006791,4e-06,False,0.063079,0.217195,tencent
9903.HK,2026-06-11,103,171.333,182.167,153.667,177.0,177.0,2099310.0,1037137020.0,0.023121,2.2e-05,False,0.063253,0.199095,tencent
9903.HK,2026-06-12,104,183.333,191.833,169.5,176.0,176.0,1533520.0,832001710.0,-0.00565,7e-06,False,0.062273,0.20362,tencent
9903.HK,2026-06-15,105,184.667,202.5,175.167,181.667,181.667,2561160.0,1435925580.0,0.032199,2.2e-05,False,0.062382,0.177977,tencent
9903.HK,2026-06-16,106,186.333,188.333,163.467,176.667,176.667,1397481.0,725700310.0,-0.027523,3.8e-05,False,0.062436,0.200602,tencent
9903.HK,2026-06-17,107,170.0,182.333,168.833,173.333,173.333,714651.0,376509570.0,-0.018872,5e-05,False,0.061277,0.215688,tencent
9903.HK,2026-06-18,108,186.5,210.0,177.0,210.0,210.0,3467180.0,2031640410.0,0.211541,0.000104,False,0.076279,0.049774,tencent
9903.HK,2026-06-22,109,213.333,251.667,204.667,242.167,242.167,3051086.0,2070978530.0,0.153176,7.4e-05,False,0.080274,0.037748,tencent
9903.HK,2026-06-23,110,243.333,264.667,236.833,245.167,245.167,1834320.0,1359845799.9999998,0.012388,9e-06,False,0.078681,0.073677,tencent
9903.HK,2026-06-24,111,246.667,262.667,225.0,262.667,262.667,2228435.0,1613277840.0000002,0.07138,4.4e-05,False,0.078906,0.007557,tencent
9903.HK,2026-06-25,112,260.0,295.833,259.0,264.333,264.333,1767903.0,1471727210.0,0.006343,4e-06,False,0.07895,0.106479,tencent
9903.HK,2026-06-26,113,264.333,264.333,222.667,228.0,228.0,1777146.0,1259813250.0,-0.137452,0.000109,False,0.086691,0.229295,tencent
9903.HK,2026-06-29,114,222.0,242.667,218.667,231.667,231.667,1638985.0,1126478820.0,0.016083,1.4e-05,False,0.083511,0.216899,tencent
9903.HK,2026-06-30,115,234.167,256.667,222.0,254.667,254.667,1196535.0,874910300.0,0.09928,0.000113,False,0.080257,0.139153,tencent
9903.HK,2026-07-02,116,235.333,235.333,201.833,211.167,211.167,1937363.0,1259700470.0,-0.170811,0.000136,False,0.091954,0.286195,tencent
9903.HK,2026-07-03,117,204.0,233.0,201.0,213.667,213.667,1161642.0,765780680.0,0.011839,1.5e-05,False,0.091248,0.277745,tencent
9903.HK,2026-07-06,118,213.667,213.667,183.5,193.167,193.167,1433527.0,846231210.0,-0.095944,0.000113,False,0.094071,0.34704,tencent
9903.HK,2026-07-07,119,188.333,199.333,177.833,179.833,179.833,1181853.0,664954540.0,-0.069028,0.000104,False,0.095012,0.392113,tencent
9903.HK,2026-07-08,120,179.667,201.333,160.8,186.667,186.667,4882994.0,2683617550.0,0.038002,1.4e-05,False,0.091679,0.369012,tencent
9903.HK,2026-07-09,121,179.333,210.333,174.167,197.667,197.667,5870555.0,3484968200.0,0.058928,1.7e-05,False,0.089192,0.331829,tencent
9903.HK,2026-07-10,122,195.0,195.167,158.867,160.733,160.733,6954761.0,3634117170.0,-0.18685,5.1e-05,False,0.099556,0.456677,tencent
9903.HK,2026-07-13,123,166.667,172.5,153.0,160.0,160.0,4191447.0,2027484840.0,-0.00456,2e-06,False,0.099427,0.459154,tencent
9903.HK,2026-07-14,124,160.333,167.667,146.2,166.667,166.667,3150847.0,1510102840.0000002,0.041669,2.8e-05,False,0.099854,0.436618,tencent
9903.HK,2026-07-15,125,173.333,186.5,166.267,186.5,186.5,3482526.0,1858684800.0,0.118998,6.4e-05,False,0.103066,0.369577,tencent
9903.HK,2026-07-16,126,175.167,200.5,170.667,185.5,185.5,2809486.0,1591378470.0,-0.005362,3e-06,False,0.102801,0.372957,tencent
9903.HK,2026-07-17,127,180.667,196.333,161.667,165.067,165.067,3487232.0,1848382860.0,-0.110151,6e-05,False,0.106011,0.442026,tencent
9903.HK,2026-07-20,128,173.167,180.5,163.4,173.167,173.167,3397597.0,1756103150.0,0.049071,2.8e-05,False,0.094822,0.414646,tencent
9903.HK,2026-07-21,129,178.667,194.333,164.533,194.167,194.167,4161593.0,2301264990.0,0.12127,5.3e-05,False,0.092252,0.34366,tencent
9903.HK,2026-07-22,130,200.0,216.5,191.833,195.0,195.0,4036515.0,2472179120.0,0.00429,2e-06,False,0.092181,0.340844,tencent
9903.HK,2026-07-23,131,202.667,202.667,176.667,181.333,181.333,2949493.0,1644834570.0,-0.070087,4.3e-05,False,0.091261,0.387043,tencent
9903.HK,2026-07-24,132,178.667,191.5,173.5,187.667,187.667,1759952.0,976561480.0,0.03493,3.6e-05,False,0.091822,0.365632,tencent
9903.HK,2026-07-27,133,187.833,199.833,170.667,199.0,199.0,2018089.0,1120513450.0,0.060389,5.4e-05,False,0.088274,0.327323,tencent
9903.HK,2026-07-28,134,186.667,194.0,166.667,170.333,170.333,2240445.0,1193726030.0,-0.144055,0.000121,False,0.093566,0.424226,tencent
9903.HK,2026-07-29,135,171.667,171.667,140.533,147.333,147.333,5327438.0,2417577400.0,-0.13503,5.6e-05,False,0.093712,0.501972,tencent
9903.HK,2026-07-30,136,147.2,151.933,121.0,125.667,125.667,4352667.0,1738236340.0,-0.147055,8.5e-05,False,0.091867,0.57521,tencent
9903.HK,2026-07-31,137,144.467,155.733,138.667,141.8,141.8,3647544.0,1607776610.0,0.128379,8e-05,False,0.097605,0.520676,tencent
9903.HK,2026-08-03,138,142.333,147.933,136.733,142.733,142.733,1126778.0,482960670.0,0.00658,1.4e-05,False,0.09584,0.517522,tencent
9903.HK,2026-08-04,139,146.667,162.067,143.6,159.733,159.733,2411002.0,1136883900.0,0.119104,0.000105,False,0.098973,0.460057,tencent
9903.HK,2026-08-05,140,162.867,167.333,155.333,161.4,161.4,2451792.0,1190317920.0,0.010436,9e-06,False,0.098591,0.454422,tencent
9903.HK,2026-08-06,141,160.0,160.0,149.533,150.0,150.0,1605285.0,742214640.0000001,-0.070632,9.5e-05,False,0.098602,0.492957,tencent
9903.HK,2026-08-07,142,151.667,164.333,148.867,159.467,159.467,1516536.0,722554650.0,0.063113,8.7e-05,False,0.090361,0.460956,tencent
9903.HK,2026-08-10,143,161.667,162.333,141.0,146.333,146.333,2427730.0,1068245960.0,-0.082362,7.7e-05,False,0.092382,0.505353,tencent
9903.HK,2026-08-11,144,142.667,143.467,133.8,138.267,138.267,2458337.0,1014534800.0,-0.055121,5.4e-05,False,0.092601,0.532618,tencent
9903.HK,2026-08-12,145,141.333,144.267,138.0,138.867,138.867,1668001.0,703431500.0,0.004339,6e-06,False,0.087942,0.53059,tencent
9903.HK,2026-08-13,146,143.0,154.0,139.0,139.333,139.333,2911127.0,1280548390.0,0.003356,3e-06,False,0.087992,0.529015,tencent
9903.HK,2026-08-14,147,144.4,144.667,134.333,137.333,137.333,1848128.0,764281609.9999999,-0.014354,1.9e-05,False,0.08483,0.535775,tencent
9903.HK,2026-08-17,148,139.8,152.0,132.0,152.0,152.0,3197844.0,1360657660.0,0.106799,7.8e-05,False,0.087724,0.486197,tencent
9903.HK,2026-08-18,149,153.333,153.333,138.733,141.667,141.667,1757689.0,756190560.0,-0.06798,9e-05,False,0.083755,0.521125,tencent
9903.HK,2026-08-19,150,135.667,136.0,119.667,122.667,122.667,2694431.0,1017749869.9999999,-0.134117,0.000132,False,0.087931,0.585351,tencent
9903.HK,2026-08-20,151,124.0,130.333,121.733,127.333,127.333,1184806.0,451520410.0,0.038038,8.4e-05,False,0.087959,0.569578,tencent
9903.HK,2026-08-21,152,129.667,136.2,127.733,134.6,134.6,1192039.0,475538190.00000006,0.057071,0.00012,False,0.08874,0.545014,tencent
9903.HK,2026-08-24,153,136.267,137.667,119.667,120.333,120.333,1757975.0,654711980.0,-0.105996,0.000162,False,0.089329,0.59324,tencent
9903.HK,2026-08-25,154,123.067,124.467,116.667,123.333,123.333,2018284.0,736314360.0,0.024931,3.4e-05,False,0.08496,0.583099,tencent
9903.HK,2026-08-26,155,122.933,127.0,116.2,122.067,122.067,1387182.0,509357040.0,-0.010265,2e-05,False,0.079922,0.587379,tencent
9903.HK,2026-08-27,156,126.867,135.733,125.467,134.933,134.933,1714858.0,672540310.0,0.105401,0.000157,False,0.076377,0.543888,tencent
9903.HK,2026-08-28,157,135.667,141.133,130.067,132.267,132.267,1111606.0,451899410.0,-0.019758,4.4e-05,False,0.070906,0.5529,tencent
9903.HK,2026-08-31,158,118.333,130.933,116.2,129.4,129.4,2818769.0,1055000750.0,-0.021676,2.1e-05,False,0.071027,0.562591,tencent
9903.HK,2026-09-01,159,129.333,134.933,125.333,126.667,126.667,1282260.0,497338370.0,-0.021121,4.2e-05,False,0.065064,0.571829,tencent
9903.HK,2026-09-02,160,127.067,127.667,120.2,122.733,122.733,1414288.0,522563100.0,-0.031058,5.9e-05,False,0.065056,0.585127,tencent
9903.HK,2026-09-03,161,123.733,135.0,123.4,134.067,134.067,2003636.0,780794260.0000001,0.092347,0.000118,False,0.067433,0.546815,tencent
9903.HK,2026-09-04,162,133.867,136.267,127.267,127.867,127.867,2211177.0,862956430.0,-0.046246,5.4e-05,False,0.066176,0.567773,tencent
9903.HK,2026-09-07,163,132.133,133.867,111.267,113.267,113.267,4739135.0,1687528100.0,-0.114181,6.8e-05,False,0.068381,0.617125,tencent
9903.HK,2026-09-08,164,113.333,117.6,110.933,113.067,113.067,1987183.0,678630030.0,-0.001766,3e-06,False,0.067584,0.617801,tencent
9903.HK,2026-09-09,165,113.0,119.0,108.667,110.867,110.867,1722103.0,583518740.0,-0.019457,3.3e-05,False,0.067568,0.625238,tencent
9903.HK,2026-09-10,166,109.333,111.333,105.267,107.0,107.0,1604848.0,517407940.0,-0.03488,6.7e-05,False,0.067741,0.638309,tencent
9903.HK,2026-09-11,167,106.933,107.0,100.333,103.867,103.867,2224153.0,684916890.0,-0.02928,4.3e-05,False,0.067863,0.6489,tencent
9903.HK,2026-09-14,168,101.267,106.267,97.0,106.267,106.267,2529459.0,769144400.0,0.023106,3e-05,False,0.062546,0.640787,tencent
9903.HK,2026-09-15,169,110.0,120.8,103.8,110.7,110.7,6932908.0,779758470.0,0.041716,5.3e-05,False,0.062543,0.625802,tencent
9903.HK,2026-09-16,170,111.1,121.0,110.5,117.6,117.6,6516818.0,759323239.9999999,0.062331,8.2e-05,False,0.057289,0.602478,tencent
9903.HK,2026-09-17,171,119.0,129.4,116.4,125.5,125.5,4199120.0,527935710.00000006,0.067177,0.000127,False,0.058676,0.575774,tencent
9903.HK,2026-09-18,172,129.0,147.7,129.0,140.5,140.5,10657622.0,1478045660.0,0.119522,8.1e-05,False,0.063301,0.52507,tencent
9903.HK,2026-09-21,173,143.0,143.1,127.6,135.1,135.1,5788800.0,769169850.0,-0.038434,5e-05,False,0.058759,0.543323,tencent
9903.HK,2026-09-22,174,143.0,147.9,139.0,139.4,139.4,7980952.0,1146452640.0,0.031828,2.8e-05,False,0.058887,0.528788,tencent
2675.HK,2026-01-08,1,59.0,60.0,48.0,56.6,56.6,12673990.0,709649200.0,0.308973,0.000435,False,,0.056667,tencent
2675.HK,2026-01-09,2,58.0,58.85,51.8,56.0,56.0,2052000.0,112837800.0,-0.010601,9.4e-05,False,,0.066667,tencent
2675.HK,2026-01-12,3,56.05,61.95,54.5,58.05,58.05,2321700.0,136729600.0,0.036607,0.000268,False,,0.062954,tencent
2675.HK,2026-01-13,4,58.5,64.3,57.4,62.9,62.9,1917800.0,117086200.00000001,0.083549,0.000714,False,,0.021773,tencent
2675.HK,2026-01-14,5,63.1,72.0,62.4,69.85,69.85,2559800.0,173685700.0,0.110493,0.000636,False,0.12261,0.029861,tencent
2675.HK,2026-01-15,6,70.5,73.7,65.8,67.25,67.25,1416900.0,98199700.0,-0.037223,0.000379,False,0.124242,0.087517,tencent
2675.HK,2026-01-16,7,67.3,67.5,62.0,63.7,63.7,1013910.0,64716100.0,-0.052788,0.000816,False,0.124328,0.135685,tencent
2675.HK,2026-01-19,8,63.7,64.8,60.5,61.4,61.4,615700.0,37993700.0,-0.036107,0.00095,False,0.120291,0.166893,tencent
2675.HK,2026-01-20,9,61.45,62.5,58.0,59.4,59.4,443700.0,26414500.0,-0.032573,0.001233,False,0.115869,0.19403,tencent
2675.HK,2026-01-21,10,60.55,67.6,60.4,66.1,66.1,1127600.0,72867400.0,0.112795,0.001548,False,0.111567,0.103121,tencent
2675.HK,2026-01-22,11,66.1,73.0,64.8,70.95,70.95,980200.0,67373100.0,0.073374,0.001089,False,0.106111,0.037313,tencent
2675.HK,2026-01-23,12,71.6,72.75,69.0,70.15,70.15,516200.0,36277900.0,-0.011276,0.000311,False,0.102737,0.048168,tencent
2675.HK,2026-01-26,13,70.15,70.15,66.0,66.0,66.0,459900.0,30927600.000000004,-0.059159,0.001913,False,0.102552,0.104478,tencent
2675.HK,2026-01-27,14,66.5,69.6,64.95,67.55,67.55,233300.0,15776400.000000002,0.023485,0.001489,False,0.098599,0.083446,tencent
2675.HK,2026-01-28,15,67.65,71.0,64.0,65.1,65.1,605600.0,40252500.0,-0.036269,0.000901,False,0.096847,0.116689,tencent
2675.HK,2026-01-29,16,65.1,65.8,61.6,61.85,61.85,434700.0,27488300.0,-0.049923,0.001816,False,0.095754,0.160787,tencent
2675.HK,2026-01-30,17,62.3,64.2,59.5,63.7,63.7,445600.0,27599300.0,0.029911,0.001084,False,0.092718,0.135685,tencent
2675.HK,2026-02-02,18,63.7,64.9,61.35,62.7,62.7,328700.0,20561200.0,-0.015699,0.000764,False,0.090502,0.149254,tencent
2675.HK,2026-02-03,19,63.5,64.0,59.15,62.5,62.5,381500.0,23371200.0,-0.00319,0.000136,False,0.088178,0.151967,tencent
2675.HK,2026-02-04,20,62.5,62.5,57.25,59.55,59.55,667000.0,39217900.0,-0.0472,0.001204,False,0.087244,0.191995,tencent
2675.HK,2026-02-05,21,58.6,59.5,57.5,58.8,58.8,222600.0,12998400.0,-0.012594,0.000969,False,0.054577,0.202171,tencent
2675.HK,2026-02-06,22,57.5,59.75,56.35,59.55,59.55,207800.0,12212700.0,0.012755,0.001044,False,0.054514,0.191995,tencent
2675.HK,2026-02-09,23,60.5,60.5,57.0,58.25,58.25,306900.0,17717600.0,-0.02183,0.001232,False,0.054265,0.209634,tencent
2675.HK,2026-02-10,24,58.25,65.5,58.25,64.5,64.5,681900.0,43248200.0,0.107296,0.002481,False,0.056373,0.12483,tencent
2675.HK,2026-02-11,25,64.55,65.1,62.3,64.25,64.25,223800.0,14383300.0,-0.003876,0.000269,False,0.050343,0.128223,tencent
2675.HK,2026-02-12,26,64.25,65.0,63.05,64.25,64.25,118100.0,7594500.0,0.0,0.0,False,0.049695,0.128223,tencent
2675.HK,2026-02-13,27,64.5,68.55,63.05,66.55,66.55,440500.0,29381600.0,0.035798,0.001218,False,0.048789,0.097015,tencent
2675.HK,2026-02-16,28,66.35,68.45,62.8,66.9,66.9,292600.0,19327100.0,0.005259,0.000272,False,0.0479,0.092266,tencent
2675.HK,2026-02-20,29,67.0,68.0,64.65,64.65,64.65,94400.0,6182200.0,-0.033632,0.00544,False,0.047945,0.122795,tencent
2675.HK,2026-02-23,30,64.65,71.0,64.65,69.7,69.7,376100.0,26039500.0,0.078113,0.003,False,0.044344,0.054274,tencent
2675.HK,2026-02-24,31,69.7,69.7,65.85,66.8,66.8,169000.0,11302600.0,-0.041607,0.003681,False,0.04222,0.093623,tencent
2675.HK,2026-02-25,32,67.35,67.35,60.8,61.0,61.0,345400.0,21913000.0,-0.086826,0.003962,False,0.046263,0.17232,tencent
2675.HK,2026-02-26,33,61.05,65.3,60.3,65.3,65.3,268900.0,16632100.0,0.070492,0.004238,False,0.047484,0.113976,tencent
2675.HK,2026-02-27,34,63.5,64.9,61.5,64.1,64.1,250200.0,15804200.0,-0.018377,0.001163,False,0.047341,0.130258,tencent
2675.HK,2026-03-02,35,62.1,63.0,59.6,60.05,60.05,296300.0,18000600.0,-0.063183,0.00351,False,0.048741,0.18521,tencent
2675.HK,2026-03-03,36,60.4,64.0,60.4,61.0,61.0,326300.0,20409900.0,0.01582,0.000775,False,0.047607,0.17232,tencent
2675.HK,2026-03-04,37,60.6,61.0,58.85,59.6,59.6,360000.0,21422500.0,-0.022951,0.001071,False,0.047348,0.191316,tencent
2675.HK,2026-03-05,38,62.0,62.0,60.0,60.0,60.0,156700.0,9516300.0,0.006711,0.000705,False,0.047278,0.185889,tencent
2675.HK,2026-03-06,39,60.0,64.1,59.1,64.1,64.1,361000.0,21825900.0,0.068333,0.003131,False,0.049756,0.130258,tencent
2675.HK,2026-03-09,40,61.05,61.85,57.5,61.05,61.05,248200.0,14707300.0,-0.047582,0.003235,False,0.049776,0.171642,tencent
2675.HK,2026-03-10,41,62.0,63.4,61.15,61.85,61.85,166100.0,10355200.0,0.013104,0.001265,False,0.0497,0.160787,tencent
2675.HK,2026-03-11,42,62.2,63.7,61.3,61.6,61.6,102400.0,6388600.0,-0.004042,0.000633,False,0.049681,0.164179,tencent
2675.HK,2026-03-12,43,61.05,63.0,59.55,60.15,60.15,132400.0,8032800.0,-0.023539,0.00293,False,0.049727,0.183853,tencent
2675.HK,2026-03-13,44,59.55,60.45,57.65,57.65,57.65,209700.0,12297400.0,-0.041563,0.00338,False,0.044077,0.217775,tencent
2675.HK,2026-03-16,45,57.8,58.5,53.5,54.1,54.1,495800.0,27490800.0,-0.061578,0.00224,False,0.045874,0.265943,tencent
2675.HK,2026-03-17,46,54.7,58.2,54.0,55.25,55.25,593300.0,33395800.0,0.021257,0.000637,False,0.046303,0.250339,tencent
2675.HK,2026-03-18,47,55.8,57.55,55.55,56.8,56.8,52080.0,2950200.0,0.028054,0.009509,False,0.045961,0.229308,tencent
2675.HK,2026-03-19,48,56.8,56.8,55.2,55.25,55.25,94600.0,5284700.0,-0.027289,0.005164,False,0.046085,0.250339,tencent
2675.HK,2026-03-20,49,55.5,56.2,54.0,54.55,54.55,131200.0,7155900.0,-0.01267,0.001771,False,0.04572,0.259837,tencent
2675.HK,2026-03-23,50,54.55,54.55,51.0,51.8,51.8,165600.0,8549200.0,-0.050412,0.005897,False,0.041934,0.297151,tencent
2675.HK,2026-03-24,51,52.5,52.7,49.0,52.5,52.5,365100.0,18397400.0,0.013514,0.000735,False,0.041828,0.287653,tencent
2675.HK,2026-03-25,52,52.6,54.5,52.15,54.0,54.0,444000.0,23764500.0,0.028571,0.001202,False,0.038678,0.2673,tencent
2675.HK,2026-03-26,53,53.2,53.2,50.0,52.75,52.75,424900.0,21959699.999999996,-0.023148,0.001054,False,0.034449,0.284261,tencent
2675.HK,2026-03-27,54,52.7,54.45,51.35,53.4,53.4,269500.0,14297600.0,0.012322,0.000862,False,0.034741,0.275441,tencent
2675.HK,2026-03-30,55,52.5,57.0,52.5,54.9,54.9,516528.0,28574100.0,0.02809,0.000983,False,0.033139,0.255088,tencent
2675.HK,2026-03-31,56,55.05,57.25,54.8,56.3,56.3,186700.0,10541400.000000002,0.025501,0.002419,False,0.033512,0.236092,tencent
2675.HK,2026-04-01,57,57.8,59.3,55.45,56.6,56.6,206900.0,11968500.0,0.005329,0.000445,False,0.033242,0.232022,tencent
2675.HK,2026-04-02,58,57.0,57.4,55.7,56.8,56.8,76300.0,4304800.0,0.003534,0.000821,False,0.033206,0.229308,tencent
2675.HK,2026-04-08,59,57.95,59.0,56.5,57.35,57.35,333000.0,19263900.0,0.009683,0.000503,False,0.028967,0.221845,tencent
2675.HK,2026-04-09,60,56.5,58.3,53.55,54.45,54.45,143580.0,7867600.0,-0.050567,0.006427,False,0.029204,0.261194,tencent
2675.HK,2026-04-10,61,53.7,55.8,53.05,55.0,55.0,286000.0,15655600.0,0.010101,0.000645,False,0.029112,0.253731,tencent
2675.HK,2026-04-13,62,55.0,55.45,53.5,53.6,53.6,102700.0,5579100.0,-0.025455,0.004562,False,0.029449,0.272727,tencent
2675.HK,2026-04-14,63,53.8,55.75,53.35,53.7,53.7,280000.0,15124100.0,0.001866,0.000123,False,0.029223,0.27137,tencent
2675.HK,2026-04-15,64,55.3,56.5,53.65,54.0,54.0,706400.0,38863400.0,0.005587,0.000144,False,0.028016,0.2673,tencent
2675.HK,2026-04-16,65,54.35,58.0,53.55,55.95,55.95,792300.0,44679799.99999999,0.036111,0.000808,False,0.025662,0.240841,tencent
2675.HK,2026-04-17,66,58.4,58.4,54.0,56.0,56.0,183400.0,10085600.0,0.000894,8.9e-05,False,0.025258,0.240163,tencent
2675.HK,2026-04-20,67,55.95,59.8,55.95,58.0,58.0,808200.0,47328400.0,0.035714,0.000755,False,0.025744,0.213026,tencent
2675.HK,2026-04-21,68,58.0,59.5,56.15,57.85,57.85,250300.0,14517200.0,-0.002586,0.000178,False,0.024875,0.215061,tencent
2675.HK,2026-04-22,69,57.85,57.85,55.6,56.0,56.0,179700.0,10175000.0,-0.031979,0.003143,False,0.025854,0.240163,tencent
2675.HK,2026-04-23,70,56.05,56.5,53.55,53.95,53.95,129300.0,7043600.0,-0.036607,0.005197,False,0.024542,0.267978,tencent
2675.HK,2026-04-24,71,53.95,53.95,50.7,52.9,52.9,286000.0,14976199.999999998,-0.019462,0.0013,False,0.024857,0.282225,tencent
2675.HK,2026-04-27,72,53.0,54.5,52.6,52.85,52.85,61300.0,3268600.0,-0.000945,0.000289,False,0.023974,0.282904,tencent
2675.HK,2026-04-28,73,53.25,53.85,51.95,52.0,52.0,79400.0,4191900.0,-0.016083,0.003837,False,0.023677,0.294437,tencent
2675.HK,2026-04-29,74,52.5,54.6,51.6,53.15,53.15,95700.0,5101600.0,0.022115,0.004335,False,0.024053,0.278833,tencent
2675.HK,2026-04-30,75,52.9,53.3,51.6,52.7,52.7,148100.0,7755100.0,-0.008467,0.001092,False,0.023183,0.284939,tencent
2675.HK,2026-05-04,76,52.75,54.6,52.0,53.85,53.85,122300.0,6546500.0,0.021822,0.003333,False,0.022969,0.269335,tencent
2675.HK,2026-05-05,77,54.3,54.3,52.0,52.5,52.5,266400.0,14129000.0,-0.02507,0.001774,False,0.023461,0.287653,tencent
2675.HK,2026-05-06,78,52.1,52.85,51.05,52.0,52.0,245900.0,12762900.0,-0.009524,0.000746,False,0.023437,0.294437,tencent
2675.HK,2026-05-07,79,52.1,53.7,51.0,53.35,53.35,205500.0,10758400.0,0.025962,0.002413,False,0.024212,0.276119,tencent
2675.HK,2026-05-08,80,53.35,54.1,52.6,53.05,53.05,144500.0,7670700.000000001,-0.005623,0.000733,False,0.021535,0.28019,tencent
2675.HK,2026-05-11,81,52.55,52.55,51.0,51.3,51.3,98300.0,5080700.0,-0.032988,0.006493,False,0.022491,0.303935,tencent
2675.HK,2026-05-12,82,51.4,52.7,51.4,52.0,52.0,113200.0,5894100.0,0.013645,0.002315,False,0.022155,0.294437,tencent
2675.HK,2026-05-13,83,51.55,51.6,49.1,49.82,49.82,215100.0,10792000.0,-0.041923,0.003885,False,0.023921,0.324016,tencent
2675.HK,2026-05-14,84,50.05,51.2,49.1,50.5,50.5,134300.0,6760200.0,0.013649,0.002019,False,0.024149,0.31479,tencent
2675.HK,2026-05-15,85,50.5,51.5,49.92,50.4,50.4,246000.0,12376500.0,-0.00198,0.00016,False,0.02233,0.316147,tencent
2675.HK,2026-05-18,86,50.35,50.95,48.6,50.4,50.4,174730.0,8704400.0,0.0,0.0,False,0.022318,0.316147,tencent
2675.HK,2026-05-19,87,49.96,52.5,49.88,50.1,50.1,146200.0,7412300.0,-0.005952,0.000803,False,0.020156,0.320217,tencent
2675.HK,2026-05-20,88,50.15,51.35,49.6,50.5,50.5,111200.0,5594900.0,0.007984,0.001427,False,0.020417,0.31479,tencent
2675.HK,2026-05-21,89,51.0,53.4,50.6,50.65,50.65,179300.0,9274000.0,0.00297,0.00032,False,0.019608,0.312754,tencent
2675.HK,2026-05-22,90,51.0,54.6,51.0,53.3,53.3,336630.0,17935700.0,0.05232,0.002917,False,0.021963,0.276798,tencent
2675.HK,2026-05-26,91,53.3,60.5,53.3,59.75,59.75,886000.0,51862000.0,0.121013,0.002333,False,0.03445,0.189281,tencent
2675.HK,2026-05-27,92,59.35,60.75,57.2,57.35,57.35,193939.0,11295000.0,-0.040167,0.003556,False,0.035987,0.221845,tencent
2675.HK,2026-05-28,93,58.0,60.0,52.7,53.5,53.5,255450.0,13878599.999999998,-0.067132,0.004837,False,0.039204,0.274084,tencent
2675.HK,2026-05-29,94,53.3,54.9,51.9,54.0,54.0,154600.0,8275400.0,0.009346,0.001129,False,0.038965,0.2673,tencent
2675.HK,2026-06-01,95,55.0,56.4,52.7,53.95,53.95,167700.0,9134900.0,-0.000926,0.000101,False,0.0389,0.267978,tencent
2675.HK,2026-06-02,96,53.6,53.6,49.52,51.1,51.1,283800.0,14439900.0,-0.052827,0.003658,False,0.040436,0.306649,tencent
2675.HK,2026-06-03,97,51.1,52.55,50.1,51.2,51.2,101900.0,5229100.0,0.001957,0.000374,False,0.040069,0.305292,tencent
2675.HK,2026-06-04,98,51.2,54.0,49.24,53.35,53.35,295400.0,15118200.0,0.041992,0.002778,False,0.041102,0.276119,tencent
2675.HK,2026-06-05,99,50.85,53.3,50.85,51.3,51.3,265570.0,13757200.0,-0.038425,0.002793,False,0.04165,0.303935,tencent
2675.HK,2026-06-08,100,52.1,54.0,41.1,42.78,42.78,3050070.0,136126400.0,-0.166082,0.00122,False,0.055656,0.419539,tencent
2675.HK,2026-06-09,101,43.24,44.48,36.8,41.16,41.16,2112200.0,84136100.0,-0.037868,0.00045,False,0.055776,0.44152,tencent
2675.HK,2026-06-10,102,43.5,44.12,37.5,39.7,39.7,1442200.0,56122900.0,-0.035471,0.000632,False,0.055788,0.46133,tencent
2675.HK,2026-06-11,103,40.0,40.98,35.88,40.0,40.0,1595530.0,60505500.0,0.007557,0.000125,False,0.055482,0.457259,tencent
2675.HK,2026-06-12,104,41.6,41.6,37.76,38.34,38.34,1140100.0,44641200.0,-0.0415,0.00093,False,0.055646,0.479783,tencent
2675.HK,2026-06-15,105,39.28,40.18,37.64,38.98,38.98,769800.0,30050600.0,0.016693,0.000555,False,0.055982,0.471099,tencent
2675.HK,2026-06-16,106,39.9,39.9,37.98,38.02,38.02,623300.0,23936200.0,-0.024628,0.001029,False,0.055993,0.484125,tencent
2675.HK,2026-06-17,107,39.0,40.5,37.98,39.7,39.7,841600.0,33273700.0,0.044187,0.001328,False,0.057404,0.46133,tencent
2675.HK,2026-06-18,108,40.0,40.0,38.2,38.4,38.4,595600.0,23136100.0,-0.032746,0.001415,False,0.057457,0.478969,tencent
2675.HK,2026-06-22,109,38.76,38.76,35.28,35.94,35.94,968900.0,35199600.0,-0.064063,0.00182,False,0.058484,0.512347,tencent
2675.HK,2026-06-23,110,36.86,36.86,33.62,34.9,34.9,439570.0,15234300.0,-0.028937,0.001899,False,0.056319,0.526459,tencent
2675.HK,2026-06-24,111,35.08,41.88,34.4,37.06,37.06,2168370.0,83075600.0,0.061891,0.000745,False,0.049727,0.497151,tencent
2675.HK,2026-06-25,112,38.08,40.46,34.88,36.12,36.12,675400.0,24561700.0,-0.025364,0.001033,False,0.049558,0.509905,tencent
2675.HK,2026-06-26,113,36.26,38.88,35.38,37.18,37.18,542700.0,20422700.0,0.029347,0.001437,False,0.04959,0.495522,tencent
2675.HK,2026-06-29,114,38.5,40.04,37.18,39.44,39.44,1300200.0,50932900.0,0.060785,0.001193,False,0.052278,0.464858,tencent
2675.HK,2026-06-30,115,40.2,40.3,37.18,38.02,38.02,402400.0,15352200.0,-0.036004,0.002345,False,0.052396,0.484125,tencent
2675.HK,2026-07-02,116,38.54,39.38,36.16,36.54,36.54,365700.0,13761900.0,-0.038927,0.002829,False,0.051972,0.504206,tencent
2675.HK,2026-07-03,117,36.3,44.88,36.3,44.36,44.36,1453820.0,60770200.00000001,0.214012,0.003522,False,0.073036,0.3981,tencent
2675.HK,2026-07-06,118,43.94,45.1,41.4,41.4,41.4,613700.0,26391600.0,-0.066727,0.002528,False,0.073425,0.438263,tencent
2675.HK,2026-07-07,119,43.44,43.44,39.34,40.42,40.42,215200.0,8641900.0,-0.023671,0.002739,False,0.073199,0.45156,tencent
2675.HK,2026-07-08,120,38.12,43.0,38.12,39.98,39.98,629000.0,25524300.0,-0.010886,0.000426,False,0.063264,0.457531,tencent
2675.HK,2026-07-09,121,39.3,41.26,38.0,39.92,39.92,942500.0,37389500.0,-0.001501,4e-05,False,0.062687,0.458345,tencent
2675.HK,2026-07-10,122,40.38,41.88,39.2,40.72,40.72,467400.0,18958200.0,0.02004,0.001057,False,0.062252,0.44749,tencent
2675.HK,2026-07-13,123,40.7,41.54,37.06,37.52,37.52,495300.0,19125800.0,-0.078585,0.004109,False,0.064845,0.490909,tencent
2675.HK,2026-07-14,124,39.0,39.48,36.38,38.44,38.44,821240.0,31195500.0,0.02452,0.000786,False,0.064371,0.478426,tencent
2675.HK,2026-07-15,125,39.8,41.88,37.5,40.48,40.48,309800.0,12443100.0,0.05307,0.004265,False,0.065316,0.450746,tencent
2675.HK,2026-07-16,126,42.0,43.54,41.04,41.74,41.74,235300.0,9907500.0,0.031126,0.003142,False,0.065229,0.43365,tencent
2675.HK,2026-07-17,127,42.98,42.98,36.34,36.6,36.6,624100.0,23653100.0,-0.123143,0.005206,False,0.070656,0.503392,tencent
2675.HK,2026-07-20,128,38.0,38.42,35.62,37.3,37.3,203800.0,7524200.0,0.019126,0.002542,False,0.070412,0.493894,tencent
2675.HK,2026-07-21,129,36.86,38.12,36.34,37.5,37.5,343100.0,12797700.0,0.005362,0.000419,False,0.068737,0.49118,tencent
2675.HK,2026-07-22,130,37.02,37.98,35.74,36.5,36.5,324200.0,11828800.000000002,-0.026667,0.002254,False,0.068681,0.504749,tencent
2675.HK,2026-07-23,131,37.64,42.74,37.18,38.86,38.86,1535100.0,62245600.00000001,0.064658,0.001039,False,0.068806,0.472727,tencent
2675.HK,2026-07-24,132,38.8,40.5,36.82,38.14,38.14,339400.0,12966900.0,-0.018528,0.001429,False,0.068666,0.482497,tencent
2675.HK,2026-07-27,133,38.96,40.5,38.3,40.0,40.0,197100.0,7798700.0,0.048768,0.006253,False,0.069166,0.457259,tencent
2675.HK,2026-07-28,134,40.0,40.0,38.3,38.96,38.96,158468.0,6193300.0,-0.026,0.004198,False,0.068254,0.47137,tencent
2675.HK,2026-07-29,135,38.96,39.3,37.5,37.86,37.86,167401.0,6356300.0,-0.028234,0.004442,False,0.068051,0.486296,tencent
2675.HK,2026-07-30,136,37.86,39.24,36.5,36.72,36.72,171571.0,6408000.0,-0.030111,0.004699,False,0.067801,0.501764,tencent
2675.HK,2026-07-31,137,36.72,38.48,36.72,37.48,37.48,54018.0,2034100.0,0.020697,0.010175,False,0.046454,0.491452,tencent
2675.HK,2026-08-03,138,37.8,38.5,37.08,38.0,38.0,57344.0,2159900.0,0.013874,0.006423,False,0.044485,0.484396,tencent
2675.HK,2026-08-04,139,38.0,38.88,37.46,38.08,38.08,348851.0,13288200.0,0.002105,0.000158,False,0.044237,0.483311,tencent
2675.HK,2026-08-05,140,38.08,40.4,38.08,39.2,39.2,296010.0,11761800.0,0.029412,0.002501,False,0.044726,0.468114,tencent
2675.HK,2026-08-06,141,39.2,39.72,38.02,38.16,38.16,119038.0,4600900.0,-0.026531,0.005766,False,0.045119,0.482225,tencent
2675.HK,2026-08-07,142,38.0,39.72,37.58,39.42,39.42,327724.0,12707300.0,0.033019,0.002598,False,0.045533,0.465129,tencent
2675.HK,2026-08-10,143,39.42,40.22,38.4,38.66,38.66,173203.0,6809500.0,-0.01928,0.002831,False,0.041979,0.475441,tencent
2675.HK,2026-08-11,144,39.32,42.1,38.7,40.42,40.42,880170.0,35806100.0,0.045525,0.001271,False,0.042817,0.45156,tencent
2675.HK,2026-08-12,145,40.7,41.7,39.4,40.1,40.1,175928.0,7029800.0,-0.007917,0.001126,False,0.041237,0.455902,tencent
2675.HK,2026-08-13,146,39.48,40.46,38.7,39.54,39.54,181727.0,7145400.0,-0.013965,0.001954,False,0.040696,0.463501,tencent
2675.HK,2026-08-14,147,40.0,40.0,38.2,38.3,38.3,203685.0,7851500.0,-0.031361,0.003994,False,0.030098,0.480326,tencent
2675.HK,2026-08-17,148,39.74,39.74,37.3,37.46,37.46,182539.0,6880100.0,-0.021932,0.003188,False,0.030318,0.491723,tencent
2675.HK,2026-08-18,149,38.28,38.28,36.52,37.0,37.0,192617.0,7118200.000000001,-0.01228,0.001725,False,0.03043,0.497965,tencent
2675.HK,2026-08-19,150,37.0,37.0,35.8,36.16,36.16,206081.0,7460400.0,-0.022703,0.003043,False,0.030261,0.509362,tencent
2675.HK,2026-08-20,151,36.92,38.0,36.04,36.6,36.6,236747.0,8734900.0,0.012168,0.001393,False,0.026382,0.503392,tencent
2675.HK,2026-08-21,152,36.6,36.86,35.8,35.94,35.94,215551.0,7795599.999999999,-0.018033,0.002313,False,0.026367,0.512347,tencent
2675.HK,2026-08-24,153,36.16,36.38,35.08,35.46,35.46,302938.0,10791000.0,-0.013356,0.001238,False,0.023495,0.51886,tencent
2675.HK,2026-08-25,154,35.52,35.52,34.72,35.3,35.3,80791.0,2837100.0,-0.004512,0.00159,False,0.023006,0.521031,tencent
2675.HK,2026-08-26,155,35.98,36.64,35.46,35.96,35.96,91690.0,3298800.0,0.018697,0.005668,False,0.02287,0.512076,tencent
2675.HK,2026-08-27,156,35.96,36.56,35.0,36.52,36.52,176828.0,6313200.000000001,0.015573,0.002467,False,0.02222,0.504478,tencent
2675.HK,2026-08-28,157,36.54,36.64,35.5,36.16,36.16,147271.0,5293400.0,-0.009858,0.001862,False,0.021765,0.509362,tencent
2675.HK,2026-08-31,158,36.5,36.5,34.08,34.76,34.76,247771.0,8690000.0,-0.038717,0.004455,False,0.022946,0.528358,tencent
2675.HK,2026-09-01,159,36.48,36.48,34.0,34.0,34.0,133453.0,4601400.0,-0.021864,0.004752,False,0.023224,0.53867,tencent
2675.HK,2026-09-02,160,33.86,34.24,31.26,32.2,32.2,840866.0,26993300.0,-0.052941,0.001961,False,0.024015,0.563094,tencent
2675.HK,2026-09-03,161,32.2,33.56,31.9,33.24,33.24,367013.0,11957800.0,0.032298,0.002701,False,0.025385,0.548982,tencent
2675.HK,2026-09-04,162,33.88,35.34,33.34,33.84,33.84,417372.0,14410300.0,0.018051,0.001253,False,0.024356,0.540841,tencent
2675.HK,2026-09-07,163,33.88,37.0,33.88,36.66,36.66,1023200.0,37303800.0,0.083333,0.002234,False,0.031472,0.502578,tencent
2675.HK,2026-09-08,164,36.8,37.8,36.22,36.66,36.66,748900.0,27591700.0,0.0,0.0,False,0.029419,0.502578,tencent
2675.HK,2026-09-09,165,36.8,37.84,36.36,37.76,37.76,608100.0,22687900.0,0.030005,0.001323,False,0.030391,0.487653,tencent
2675.HK,2026-09-10,166,37.38,38.1,35.58,35.7,35.7,370316.0,13387100.0,-0.054555,0.004075,False,0.032476,0.515604,tencent
2675.HK,2026-09-11,167,35.28,37.08,34.02,37.0,37.0,3461007.0,126452700.0,0.036415,0.000288,False,0.033067,0.497965,tencent
2675.HK,2026-09-14,168,36.98,37.0,34.2,34.24,34.24,646675.0,23356700.0,-0.074595,0.003194,False,0.036701,0.535414,tencent
2675.HK,2026-09-15,169,34.24,35.28,33.96,35.06,35.06,216402.0,7505700.000000001,0.023949,0.003191,False,0.037154,0.524288,tencent
2675.HK,2026-09-16,170,34.0,35.46,33.78,34.32,34.32,232450.0,7994800.0,-0.021107,0.00264,False,0.037109,0.534328,tencent
2675.HK,2026-09-17,171,34.32,35.42,33.28,33.94,33.94,180200.0,6218200.000000001,-0.011072,0.001781,False,0.037007,0.539484,tencent
2675.HK,2026-09-18,172,33.62,34.8,33.6,34.5,34.5,200900.0,6878200.000000001,0.0165,0.002399,False,0.03708,0.531886,tencent
2675.HK,2026-09-21,173,34.0,36.92,34.0,35.54,35.54,234200.0,8407200.0,0.030145,0.003586,False,0.037613,0.517775,tencent
2675.HK,2026-09-22,174,35.04,37.24,35.02,37.1,37.1,346900.0,12704900.0,0.043894,0.003455,False,0.038793,0.496608,tencent
0100.HK,2026-01-09,1,235.4,351.8,220.0,345.0,345.0,15921864.0,4004592510.0,1.090909,0.000272,False,,0.019329,tencent
0100.HK,2026-01-12,2,378.8,479.0,352.2,398.0,398.0,6614187.0,2749135349.9999995,0.153623,5.6e-05,False,,0.169102,tencent
0100.HK,2026-01-13,3,425.0,429.2,353.0,365.0,365.0,2823836.0,1088407090.0,-0.082915,7.6e-05,False,,0.237996,tencent
0100.HK,2026-01-14,4,375.0,391.6,333.4,366.4,366.4,2939786.0,1073178440.0,0.003836,4e-06,False,,0.235073,tencent
0100.HK,2026-01-15,5,351.8,377.4,344.0,358.0,358.0,1154693.0,413942100.0,-0.022926,5.5e-05,False,0.489904,0.25261,tencent
0100.HK,2026-01-16,6,365.0,440.0,351.0,438.0,438.0,2857885.0,1146365700.0,0.223464,0.000195,False,0.438188,0.085595,tencent
0100.HK,2026-01-19,7,415.2,423.0,375.4,378.0,378.0,1644284.0,648958770.0,-0.136986,0.000211,False,0.423088,0.210856,tencent
0100.HK,2026-01-20,8,390.0,398.0,371.0,390.0,390.0,1061046.0,411708380.00000006,0.031746,7.7e-05,False,0.39499,0.185804,tencent
0100.HK,2026-01-21,9,388.4,422.8,381.0,404.8,404.8,1076264.0,439985840.0,0.037949,8.6e-05,False,0.371626,0.154906,tencent
0100.HK,2026-01-22,10,410.0,416.0,392.0,395.0,395.0,612205.0,245671860.00000003,-0.024209,9.9e-05,False,0.354401,0.175365,tencent
0100.HK,2026-01-23,11,400.6,405.0,375.0,376.0,376.0,784414.0,300488330.0,-0.048101,0.00016,False,0.340355,0.215031,tencent
0100.HK,2026-01-26,12,378.0,392.0,361.0,386.0,386.0,1008844.0,380169360.0,0.026596,7e-05,False,0.32544,0.194154,tencent
0100.HK,2026-01-27,13,407.8,499.0,404.0,488.2,488.2,3598484.0,1612575400.0,0.264767,0.000164,False,0.314743,0.021643,tencent
0100.HK,2026-01-28,14,494.0,500.0,462.2,488.0,488.0,1261133.0,608369020.0,-0.00041,1e-06,False,0.304012,0.024,tencent
0100.HK,2026-01-29,15,498.8,590.0,482.6,500.0,500.0,2804481.0,1489144300.0,0.02459,1.7e-05,False,0.293751,0.152542,tencent
0100.HK,2026-01-30,16,515.0,547.0,463.8,473.0,473.0,1510670.0,738576760.0000001,-0.054,7.3e-05,False,0.286485,0.198305,tencent
0100.HK,2026-02-02,17,489.0,548.5,476.0,523.5,523.5,2278051.0,1181867530.0,0.106765,9e-05,False,0.277408,0.112712,tencent
0100.HK,2026-02-03,18,525.0,599.5,524.0,581.0,581.0,1833956.0,1051438850.0,0.109838,0.000104,False,0.269152,0.030859,tencent
0100.HK,2026-02-04,19,555.0,571.0,520.5,532.0,532.0,1280892.0,691086500.0,-0.084337,0.000122,False,0.264774,0.112594,tencent
0100.HK,2026-02-05,20,508.0,524.0,471.8,486.0,486.0,1377102.0,675225230.0,-0.086466,0.000128,False,0.260557,0.189324,tencent
0100.HK,2026-02-06,21,448.0,494.0,446.2,461.0,461.0,850004.0,398292580.0,-0.05144,0.000129,False,0.105739,0.231026,tencent
0100.HK,2026-02-09,22,480.0,530.0,465.0,515.0,515.0,1591226.0,796539360.0,0.117137,0.000147,False,0.103597,0.140951,tencent
0100.HK,2026-02-10,23,520.0,570.0,520.0,539.0,539.0,1603329.0,879882600.0,0.046602,5.3e-05,False,0.100989,0.100917,tencent
0100.HK,2026-02-11,24,552.5,555.0,501.0,513.0,513.0,1301089.0,681631390.0,-0.048237,7.1e-05,False,0.102206,0.144287,tencent
0100.HK,2026-02-12,25,542.0,636.5,527.5,588.0,588.0,3583964.0,2083503120.0,0.146199,7e-05,False,0.105277,0.076198,tencent
0100.HK,2026-02-13,26,600.0,688.0,580.5,680.0,680.0,2863191.0,1858785790.0,0.156463,8.4e-05,False,0.099719,0.011628,tencent
0100.HK,2026-02-16,27,700.0,886.0,692.0,847.0,847.0,2394138.0,1854389570.0,0.245588,0.000132,False,0.103292,0.044018,tencent
0100.HK,2026-02-20,28,893.0,980.0,809.0,970.0,970.0,3834467.0,3527056070.0,0.145218,4.1e-05,False,0.105568,0.010204,tencent
0100.HK,2026-02-23,29,873.0,937.0,820.0,840.5,840.5,2561828.0,2225781980.0,-0.133505,6e-05,False,0.113399,0.142347,tencent
0100.HK,2026-02-24,30,860.0,928.0,835.0,880.0,880.0,2181682.0,1934787300.0,0.046996,2.4e-05,False,0.112292,0.102041,tencent
0100.HK,2026-02-25,31,841.0,862.5,710.0,753.5,753.5,2934562.0,2272251560.0,-0.14375,6.3e-05,False,0.118404,0.231122,tencent
0100.HK,2026-02-26,32,779.0,818.0,755.0,788.5,788.5,1470648.0,1156744790.0,0.04645,4e-05,False,0.118354,0.195408,tencent
0100.HK,2026-02-27,33,777.0,777.5,665.0,763.5,763.5,3608541.0,2599182920.0,-0.031706,1.2e-05,False,0.107112,0.220918,tencent
0100.HK,2026-03-02,34,703.5,799.0,701.0,752.5,752.5,1904072.0,1440432870.0,-0.014407,1e-05,False,0.107352,0.232143,tencent
0100.HK,2026-03-03,35,827.5,908.0,784.0,821.0,821.0,3342140.0,2847537880.0,0.09103,3.2e-05,False,0.108291,0.162245,tencent
0100.HK,2026-03-04,36,827.5,883.5,711.5,735.0,735.0,2602420.0,2067551060.0,-0.10475,5.1e-05,False,0.110938,0.25,tencent
0100.HK,2026-03-05,37,792.0,832.0,749.5,800.0,800.0,1912469.0,1512899140.0,0.088435,5.8e-05,False,0.110327,0.183673,tencent
0100.HK,2026-03-06,38,785.0,848.0,778.0,805.5,805.5,1140066.0,933530739.9999999,0.006875,7e-06,False,0.108651,0.178061,tencent
0100.HK,2026-03-09,39,800.0,1000.0,786.0,997.0,997.0,3773615.0,3322762810.0,0.237741,7.2e-05,False,0.115712,0.003,tencent
0100.HK,2026-03-10,40,1046.0,1286.0,1026.0,1220.0,1220.0,3714614.0,4253098120.0,0.223671,5.3e-05,False,0.118889,0.051322,tencent
0100.HK,2026-03-11,41,1180.0,1320.0,1101.0,1141.0,1141.0,2626687.0,3097589390.0,-0.064754,2.1e-05,False,0.119543,0.135606,tencent
0100.HK,2026-03-12,42,1160.0,1221.0,1072.0,1084.0,1084.0,1634305.0,1850616150.0,-0.049956,2.7e-05,False,0.120648,0.178788,tencent
0100.HK,2026-03-13,43,1100.0,1124.0,992.0,1010.0,1010.0,1297992.0,1343709290.0,-0.068266,5.1e-05,False,0.12325,0.234848,tencent
0100.HK,2026-03-16,44,1028.0,1072.0,968.0,1027.0,1027.0,1835514.0,1860517380.0000002,0.016832,9e-06,False,0.121681,0.22197,tencent
0100.HK,2026-03-17,45,1058.0,1100.0,1030.0,1033.0,1033.0,1112631.0,1184051610.0,0.005842,5e-06,False,0.119382,0.217424,tencent
0100.HK,2026-03-18,46,1080.0,1330.0,1070.0,1238.0,1238.0,3003125.0,3601612610.0,0.198451,5.5e-05,False,0.121971,0.069173,tencent
0100.HK,2026-03-19,47,1176.0,1236.0,1051.0,1066.0,1066.0,2153075.0,2408681250.0,-0.138934,5.8e-05,False,0.117606,0.198496,tencent
0100.HK,2026-03-20,48,1115.0,1127.0,998.0,1009.0,1009.0,1306380.0,1365629000.0,-0.053471,3.9e-05,False,0.114637,0.241353,tencent
0100.HK,2026-03-23,49,995.0,1048.0,900.0,916.5,916.5,2078676.0,1977341820.0,-0.091675,4.6e-05,False,0.112278,0.310902,tencent
0100.HK,2026-03-24,50,964.5,1032.0,933.5,1030.0,1030.0,1683910.0,1656935140.0,0.123841,7.5e-05,False,0.114894,0.225564,tencent
0100.HK,2026-03-25,51,1060.0,1098.0,1000.0,1079.0,1079.0,2008355.0,2112909500.0,0.047573,2.3e-05,False,0.108887,0.188722,tencent
0100.HK,2026-03-26,52,1100.0,1117.0,979.0,986.0,986.0,1188866.0,1222247730.0,-0.086191,7.1e-05,False,0.111422,0.258647,tencent
0100.HK,2026-03-27,53,985.0,990.0,920.0,990.0,990.0,1153226.0,1099508240.0,0.004057,4e-06,False,0.110888,0.255639,tencent
0100.HK,2026-03-30,54,949.0,1048.0,920.0,1014.0,1014.0,1000772.0,995135960.0,0.024242,2.4e-05,False,0.110619,0.237594,tencent
0100.HK,2026-03-31,55,990.0,1040.0,920.0,929.5,929.5,1295562.0,1241741760.0,-0.083333,6.7e-05,False,0.111637,0.301128,tencent
0100.HK,2026-04-01,56,1020.0,1104.0,990.0,1060.0,1060.0,2830960.0,2984034430.0000005,0.140398,4.7e-05,False,0.111623,0.203008,tencent
0100.HK,2026-04-02,57,1021.0,1030.0,940.0,949.5,949.5,1399397.0,1344942310.0,-0.104245,7.8e-05,False,0.114064,0.28609,tencent
0100.HK,2026-04-08,58,1030.0,1059.0,972.0,999.0,999.0,1957321.0,1992005380.0,0.052133,2.6e-05,False,0.114354,0.248872,tencent
0100.HK,2026-04-09,59,1000.0,1097.0,981.0,998.0,998.0,2032116.0,2099951730.0,-0.001001,0.0,False,0.101842,0.249624,tencent
0100.HK,2026-04-10,60,1022.0,1045.0,985.0,998.0,998.0,1051904.0,1063911150.0,0.0,0.0,False,0.087859,0.249624,tencent
0100.HK,2026-04-13,61,1028.0,1030.0,944.0,960.0,960.0,1387372.0,1352387800.0,-0.038076,2.8e-05,False,0.087126,0.278195,tencent
0100.HK,2026-04-14,62,970.0,1008.0,944.0,951.0,951.0,898830.0,872360690.0,-0.009375,1.1e-05,False,0.086497,0.284962,tencent
0100.HK,2026-04-15,63,951.0,978.0,815.0,847.5,847.5,2149528.0,1869742550.0,-0.108833,5.8e-05,False,0.088557,0.362782,tencent
0100.HK,2026-04-16,64,815.5,918.0,815.5,900.5,900.5,1539168.0,1358512030.0,0.062537,4.6e-05,False,0.089735,0.322932,tencent
0100.HK,2026-04-17,65,900.5,903.0,840.0,859.0,859.0,796440.0,682873160.0000001,-0.046086,6.7e-05,False,0.090221,0.354135,tencent
0100.HK,2026-04-20,66,890.0,920.0,858.0,911.5,911.5,1463660.0,1309581550.0,0.061118,4.7e-05,False,0.078333,0.314662,tencent
0100.HK,2026-04-21,67,912.0,916.0,870.0,898.5,898.5,544920.0,484287560.0,-0.014262,2.9e-05,False,0.072463,0.324436,tencent
0100.HK,2026-04-22,68,880.0,957.0,876.0,928.0,928.0,1224475.0,1135977620.0,0.032832,2.9e-05,False,0.072058,0.302256,tencent
0100.HK,2026-04-23,69,931.0,943.0,850.0,858.5,858.5,1680946.0,1491745360.0,-0.074892,5e-05,False,0.071046,0.354511,tencent
0100.HK,2026-04-24,70,880.0,880.0,750.0,777.5,777.5,2532443.0,2028818460.0,-0.094351,4.7e-05,False,0.067553,0.415414,tencent
0100.HK,2026-04-27,71,755.0,770.0,660.0,750.0,750.0,3962112.0,2783201370.0,-0.03537,1.3e-05,False,0.06625,0.43609,tencent
0100.HK,2026-04-28,72,762.0,775.0,706.0,723.5,723.5,1252355.0,919543780.0,-0.035333,3.8e-05,False,0.064361,0.456015,tencent
0100.HK,2026-04-29,73,723.5,748.0,706.5,708.0,708.0,784270.0,568359440.0,-0.021424,3.8e-05,False,0.064249,0.467669,tencent
0100.HK,2026-04-30,74,685.0,723.0,685.0,713.0,713.0,853408.0,601438620.0,0.007062,1.2e-05,False,0.063815,0.46391,tencent
0100.HK,2026-05-04,75,749.0,809.5,748.5,803.0,803.0,1822148.0,1437550970.0,0.126227,8.8e-05,False,0.069082,0.396241,tencent
0100.HK,2026-05-05,76,827.0,827.0,771.5,782.5,782.5,868525.0,686423930.0,-0.025529,3.7e-05,False,0.060071,0.411654,tencent
0100.HK,2026-05-06,77,790.0,805.0,763.0,802.5,802.5,867363.0,682333260.0,0.025559,3.7e-05,False,0.056648,0.396617,tencent
0100.HK,2026-05-07,78,810.0,830.0,785.0,820.5,820.5,1254065.0,1010072790.0,0.02243,2.2e-05,False,0.055396,0.383083,tencent
0100.HK,2026-05-08,79,801.0,802.0,740.0,742.5,742.5,1159326.0,881234470.0,-0.095064,0.000108,False,0.058638,0.441729,tencent
0100.HK,2026-05-11,80,744.5,748.0,708.5,737.0,737.0,923004.0,671038400.0,-0.007407,1.1e-05,False,0.058575,0.445865,tencent
0100.HK,2026-05-12,81,738.0,744.5,680.5,690.5,690.5,1256704.0,881741910.0000001,-0.063094,7.2e-05,False,0.059391,0.480827,tencent
0100.HK,2026-05-13,82,690.0,818.0,687.0,818.0,818.0,2590427.0,1991534090.0000002,0.184649,9.3e-05,False,0.07428,0.384962,tencent
0100.HK,2026-05-14,83,825.5,875.0,806.0,850.0,850.0,2371156.0,2015311900.0,0.03912,1.9e-05,False,0.07067,0.360902,tencent
0100.HK,2026-05-15,84,867.0,868.0,765.0,794.0,794.0,1469536.0,1170386250.0,-0.065882,5.6e-05,False,0.070756,0.403008,tencent
0100.HK,2026-05-18,85,768.0,827.5,763.0,800.0,800.0,1029083.0,815274580.0,0.007557,9e-06,False,0.07009,0.398496,tencent
0100.HK,2026-05-19,86,780.0,783.5,725.0,742.5,742.5,822165.0,612512000.0,-0.071875,0.000117,False,0.070165,0.441729,tencent
0100.HK,2026-05-20,87,728.0,737.5,682.0,687.0,687.0,1200985.0,834865860.0,-0.074747,9e-05,False,0.071737,0.483459,tencent
0100.HK,2026-05-21,88,720.0,755.0,660.0,663.0,663.0,1273253.0,868582080.0,-0.034934,4e-05,False,0.071157,0.501504,tencent
0100.HK,2026-05-22,89,677.0,798.5,651.0,768.5,768.5,3752671.0,2779229040.0,0.159125,5.7e-05,False,0.079439,0.42218,tencent
0100.HK,2026-05-26,90,776.5,837.5,690.0,769.0,769.0,3665341.0,2792580670.0,0.000651,0.0,False,0.076452,0.421805,tencent
0100.HK,2026-05-27,91,830.0,856.0,808.0,850.0,850.0,3321813.0,2756902900.0,0.105332,3.8e-05,False,0.079247,0.360902,tencent
0100.HK,2026-05-28,92,850.0,860.0,813.0,837.0,837.0,1857441.0,1557627180.0,-0.015294,1e-05,False,0.07878,0.370677,tencent
0100.HK,2026-05-29,93,859.5,918.0,805.0,840.0,840.0,5377496.0,4641690240.0,0.003584,1e-06,False,0.078451,0.368421,tencent
0100.HK,2026-06-01,94,884.0,907.5,702.0,708.0,708.0,4107911.0,3125489110.0,-0.157143,5e-05,False,0.087047,0.467669,tencent
0100.HK,2026-06-02,95,708.0,722.0,662.5,667.5,667.5,2291224.0,1552043030.0000002,-0.057203,3.7e-05,False,0.082966,0.49812,tencent
0100.HK,2026-06-03,96,665.0,704.0,660.5,675.0,675.0,1245510.0,849690920.0,0.011236,1.3e-05,False,0.082918,0.492481,tencent
0100.HK,2026-06-04,97,674.0,682.0,661.0,663.5,663.5,729361.0,487356510.0,-0.017037,3.5e-05,False,0.082661,0.501128,tencent
0100.HK,2026-06-05,98,660.0,663.0,550.0,553.0,553.0,3081812.0,1779606050.0,-0.166541,9.4e-05,False,0.089704,0.584211,tencent
0100.HK,2026-06-08,99,525.0,528.5,490.0,508.0,508.0,3107562.0,1561692830.0,-0.081374,5.2e-05,False,0.089118,0.618045,tencent
0100.HK,2026-06-09,100,508.5,515.0,460.0,464.4,464.4,2557091.0,1209828610.0,-0.085827,7.1e-05,False,0.090478,0.650827,tencent
0100.HK,2026-06-10,101,456.2,464.2,418.0,451.8,451.8,1786089.0,783085070.0,-0.027132,3.5e-05,False,0.089911,0.660301,tencent
0100.HK,2026-06-11,102,433.0,458.0,418.2,435.0,435.0,1161805.0,501867690.0,-0.037185,7.4e-05,False,0.076363,0.672932,tencent
0100.HK,2026-06-12,103,443.4,449.4,391.2,396.0,396.0,1889499.0,769291079.9999999,-0.089655,0.000117,False,0.075808,0.702256,tencent
0100.HK,2026-06-15,104,417.0,432.8,377.0,423.8,423.8,5188551.0,2119446880.0,0.070202,3.3e-05,False,0.078908,0.681353,tencent
0100.HK,2026-06-16,105,435.0,435.0,402.8,416.6,416.6,2099023.0,875087760.0,-0.016989,1.9e-05,False,0.078517,0.686767,tencent
0100.HK,2026-06-17,106,406.0,470.0,402.0,443.0,443.0,3080792.0,1380171669.9999998,0.06337,4.6e-05,False,0.080443,0.666917,tencent
0100.HK,2026-06-18,107,460.0,498.0,440.6,497.6,497.6,3895926.0,1859200900.0,0.123251,6.6e-05,False,0.085673,0.625865,tencent
0100.HK,2026-06-22,108,520.0,637.5,502.0,616.5,616.5,5966176.0,3506526020.0,0.238947,6.8e-05,False,0.102191,0.536466,tencent
0100.HK,2026-06-23,109,640.0,640.5,494.6,515.0,515.0,3596402.0,1957634929.9999998,-0.164639,8.4e-05,False,0.101501,0.612782,tencent
0100.HK,2026-06-24,110,504.5,533.5,473.0,477.6,477.6,2419712.0,1201235760.0,-0.072621,6e-05,False,0.102227,0.640902,tencent
0100.HK,2026-06-25,111,498.0,503.0,446.2,456.6,456.6,1469988.0,684215710.0,-0.04397,6.4e-05,False,0.098065,0.656692,tencent
0100.HK,2026-06-26,112,445.8,450.0,403.0,427.0,427.0,1453129.0,604972420.0,-0.064827,0.000107,False,0.098402,0.678947,tencent
0100.HK,2026-06-29,113,420.0,448.0,407.2,429.4,429.4,935356.0,399030310.0,0.005621,1.4e-05,False,0.098438,0.677143,tencent
0100.HK,2026-06-30,114,436.0,439.6,413.0,417.0,417.0,780465.0,331681310.0,-0.028878,8.7e-05,False,0.093678,0.686466,tencent
0100.HK,2026-07-02,115,418.0,419.0,353.2,356.8,356.8,1795221.0,668676799.9999999,-0.144365,0.000216,False,0.097354,0.731729,tencent
0100.HK,2026-07-03,116,355.0,381.0,343.4,346.6,346.6,1310167.0,469725100.0,-0.028587,6.1e-05,False,0.09695,0.739398,tencent
0100.HK,2026-07-06,117,346.6,346.6,323.0,335.0,335.0,938759.0,312784240.0,-0.033468,0.000107,False,0.096918,0.74812,tencent
0100.HK,2026-07-07,118,327.0,341.4,317.8,323.8,323.8,911800.0,297232360.0,-0.033433,0.000112,False,0.091406,0.756541,tencent
0100.HK,2026-07-08,119,323.8,389.8,311.0,362.6,362.6,3388315.0,1184633070.0,0.119827,0.000101,False,0.095571,0.727368,tencent
0100.HK,2026-07-09,120,359.8,397.4,283.8,297.4,297.4,20944021.0,6835741870.0,-0.179812,2.6e-05,False,0.101493,0.776391,tencent
0100.HK,2026-07-10,121,280.4,291.6,248.4,268.6,268.6,13325889.0,3594206770.0000005,-0.096839,2.7e-05,False,0.103037,0.798045,tencent
0100.HK,2026-07-13,122,263.8,265.8,215.4,222.6,222.6,10447916.0,2389370010.0,-0.171258,7.2e-05,False,0.108388,0.832632,tencent
0100.HK,2026-07-14,123,219.6,235.0,209.2,230.0,230.0,5656615.0,1261568550.0,0.033243,2.6e-05,False,0.108157,0.827068,tencent
0100.HK,2026-07-15,124,236.0,272.4,230.6,260.6,260.6,10535134.0,2712037849.9999995,0.133043,4.9e-05,False,0.111805,0.80406,tencent
0100.HK,2026-07-16,125,250.6,280.8,242.0,256.0,256.0,8769381.0,2326651620.0,-0.017652,8e-06,False,0.111805,0.807519,tencent
0100.HK,2026-07-17,126,247.8,248.8,210.0,216.0,216.0,8420628.0,1874466770.0,-0.15625,8.3e-05,False,0.114137,0.837594,tencent
0100.HK,2026-07-20,127,220.0,224.8,191.0,193.1,193.1,5530027.0,1104451470.0,-0.106019,9.6e-05,False,0.109444,0.854812,tencent
0100.HK,2026-07-21,128,203.0,226.8,188.0,222.4,222.4,8803115.0,1852567740.0,0.151735,8.2e-05,False,0.098954,0.832782,tencent
0100.HK,2026-07-22,129,225.0,228.0,194.2,197.0,197.0,5074487.0,1033012410.0,-0.114209,0.000111,False,0.096352,0.85188,tencent
0100.HK,2026-07-23,130,202.2,218.0,194.5,199.3,199.3,3386629.0,691459520.0,0.011675,1.7e-05,False,0.096805,0.85015,tencent
0100.HK,2026-07-24,131,195.0,204.0,188.3,196.0,196.0,3390070.0,655858060.0,-0.016558,2.5e-05,False,0.096913,0.852632,tencent
0100.HK,2026-07-27,132,200.0,231.8,186.2,229.6,229.6,7389024.0,1594033640.0,0.171429,0.000108,False,0.107179,0.827368,tencent
0100.HK,2026-07-28,133,218.0,225.6,195.6,197.2,197.2,6503597.0,1343711930.0,-0.141115,0.000105,False,0.109956,0.851729,tencent
0100.HK,2026-07-29,134,205.6,225.0,201.2,212.8,212.8,6852247.0,1468630670.0,0.079108,5.4e-05,False,0.112752,0.84,tencent
0100.HK,2026-07-30,135,213.0,224.8,196.0,203.8,203.8,4831877.0,1006812170.0,-0.042293,4.2e-05,False,0.10942,0.846767,tencent
0100.HK,2026-07-31,136,234.0,244.8,224.4,230.6,230.6,8951023.0,2076620410.0,0.131501,6.3e-05,False,0.114634,0.826617,tencent
0100.HK,2026-08-03,137,235.2,256.8,226.4,247.2,247.2,7351109.0,1819562460.0000002,0.071986,4e-05,False,0.116101,0.814135,tencent
0100.HK,2026-08-04,138,242.6,246.4,223.4,230.2,230.2,6653531.0,1539760609.9999998,-0.06877,4.5e-05,False,0.116766,0.826917,tencent
0100.HK,2026-08-05,139,238.0,264.0,230.2,253.8,253.8,7935246.0,2008303420.0,0.10252,5.1e-05,False,0.115811,0.809173,tencent
0100.HK,2026-08-06,140,267.8,311.6,255.0,297.2,297.2,29506085.0,8595437400.0,0.171001,2e-05,False,0.115499,0.776541,tencent
0100.HK,2026-08-07,141,288.6,374.4,287.0,326.4,326.4,33646013.0,11396096140.0,0.09825,9e-06,False,0.114563,0.754586,tencent
0100.HK,2026-08-10,142,342.0,353.8,303.6,322.4,322.4,19019433.0,6160666060.0,-0.012255,2e-06,False,0.106083,0.757594,tencent
0100.HK,2026-08-11,143,336.0,337.8,319.0,328.0,328.0,10148376.0,3335649830.0,0.01737,5e-06,False,0.10607,0.753383,tencent
0100.HK,2026-08-12,144,337.8,364.6,333.0,357.4,357.4,19450862.0,6774855460.0,0.089634,1.3e-05,False,0.104131,0.731278,tencent
0100.HK,2026-08-13,145,358.0,388.6,355.2,376.8,376.8,18026989.0,6762227280.0,0.054281,8e-06,False,0.103965,0.716692,tencent
0100.HK,2026-08-14,146,390.0,395.0,318.0,329.0,329.0,32789893.0,11458211730.0,-0.126858,1.1e-05,False,0.101451,0.752632,tencent
0100.HK,2026-08-17,147,337.0,344.2,324.2,333.8,333.8,10150291.0,3395807920.0,0.01459,4e-06,False,0.096654,0.749023,tencent
0100.HK,2026-08-18,148,335.0,336.6,286.6,318.8,318.8,21502807.0,6576913320.000001,-0.044937,7e-06,False,0.09381,0.760301,tencent
0100.HK,2026-08-19,149,300.6,313.0,286.2,292.4,292.4,10295918.0,3052634610.0,-0.082811,2.7e-05,False,0.091643,0.78015,tencent
0100.HK,2026-08-20,150,303.2,321.8,291.6,310.4,310.4,11879225.0,3686911450.0,0.06156,1.7e-05,False,0.091971,0.766617,tencent
0100.HK,2026-08-21,151,305.2,355.8,300.0,347.2,347.2,18762099.0,6346010300.0,0.118557,1.9e-05,False,0.093599,0.738947,tencent
0100.HK,2026-08-24,152,343.0,343.0,308.8,312.2,312.2,10943376.0,3494761670.0,-0.100806,2.9e-05,False,0.092214,0.765263,tencent
0100.HK,2026-08-25,153,312.0,323.6,290.4,299.6,299.6,12136215.0,3721219430.0000005,-0.040359,1.1e-05,False,0.085483,0.774737,tencent
0100.HK,2026-08-26,154,304.2,313.8,296.4,303.0,303.0,7381383.0,2252400440.0,0.011348,5e-06,False,0.084545,0.77218,tencent
0100.HK,2026-08-27,155,318.0,325.2,306.2,314.6,314.6,13179538.0,4139371530.0,0.038284,9e-06,False,0.083272,0.763459,tencent
0100.HK,2026-08-28,156,317.0,329.6,297.2,300.4,300.4,11182735.0,3517503600.0,-0.045137,1.3e-05,False,0.080733,0.774135,tencent
0100.HK,2026-08-31,157,299.0,360.0,296.0,349.0,349.0,24636986.0,8243771640.0,0.161784,2e-05,False,0.086294,0.737594,tencent
0100.HK,2026-09-01,158,353.0,381.4,332.2,336.8,336.8,25982113.0,9318096430.0,-0.034957,4e-06,False,0.084763,0.746767,tencent
0100.HK,2026-09-02,159,342.8,351.0,327.0,342.6,342.6,10644744.0,3620256380.0,0.017221,5e-06,False,0.082647,0.742406,tencent
0100.HK,2026-09-03,160,333.0,365.0,333.0,355.0,355.0,15218876.0,5373261470.0,0.036194,7e-06,False,0.074647,0.733083,tencent
0100.HK,2026-09-04,161,364.6,395.0,353.8,361.4,361.4,24862826.0,9282718160.0,0.018028,2e-06,False,0.071846,0.728271,tencent
0100.HK,2026-09-07,162,367.0,393.0,333.4,350.8,350.8,23863660.0,8665579490.0,-0.02933,3e-06,False,0.072194,0.736241,tencent
0100.HK,2026-09-08,163,350.0,360.6,319.6,331.2,331.2,17089189.0,5699775570.0,-0.055872,1e-05,False,0.07347,0.750977,tencent
0100.HK,2026-09-09,164,334.8,349.4,320.4,320.8,320.8,14052362.0,4684979020.0,-0.031401,7e-06,False,0.0709,0.758797,tencent
0100.HK,2026-09-10,165,315.8,318.4,288.6,292.0,292.0,14996278.0,4488677350.0,-0.089776,2e-05,False,0.072079,0.780451,tencent
0100.HK,2026-09-11,166,285.0,296.8,263.4,270.0,270.0,17235735.0,4714514500.0,-0.075342,1.6e-05,False,0.068524,0.796992,tencent
0100.HK,2026-09-14,167,255.0,258.8,249.0,252.4,252.4,9599572.0,2431961070.0,-0.065185,2.7e-05,False,0.069476,0.810226,tencent
0100.HK,2026-09-15,168,256.0,259.2,231.4,234.6,234.6,13336917.0,3226765569.9999995,-0.070523,2.2e-05,False,0.070352,0.823609,tencent
0100.HK,2026-09-16,169,236.6,251.8,233.0,238.0,238.0,14866249.0,3623722210.0,0.014493,4e-06,False,0.068607,0.821053,tencent
0100.HK,2026-09-17,170,242.0,255.8,242.0,254.8,254.8,11866811.0,2976882530.0000005,0.070588,2.4e-05,False,0.069117,0.808421,tencent
0100.HK,2026-09-18,171,264.8,303.0,263.6,303.0,303.0,22202172.0,6424366750.0,0.189168,2.9e-05,False,0.077229,0.77218,tencent
0100.HK,2026-09-21,172,299.6,320.4,284.2,298.0,298.0,14518230.0,4336021170.0,-0.016502,4e-06,False,0.0739,0.77594,tencent
0100.HK,2026-09-22,173,314.2,314.2,283.0,286.4,286.4,9804433.0,2900334160.0000005,-0.038926,1.3e-05,False,0.07386,0.784662,tencent
6938.HK,2026-01-09,1,75.0,87.0,65.9,82.1,82.1,14151773.0,1056891100.0,0.41625,0.000394,False,,0.056322,tencent
6938.HK,2026-01-12,2,85.35,95.8,85.35,86.8,86.8,2224122.0,200197500.0,0.057247,0.000286,False,,0.093946,tencent
6938.HK,2026-01-13,3,88.0,88.0,79.15,80.9,80.9,1075540.0,89327900.00000001,-0.067972,0.000761,False,,0.155532,tencent
6938.HK,2026-01-14,4,81.05,82.75,74.5,76.15,76.15,1127920.0,87466100.0,-0.058714,0.000671,False,,0.205115,tencent
6938.HK,2026-01-15,5,76.15,82.0,74.5,76.05,76.05,1104800.0,85800800.0,-0.001313,1.5e-05,False,0.20046,0.206159,tencent
6938.HK,2026-01-16,6,76.05,78.2,75.0,75.8,75.8,977800.0,74107600.0,-0.003287,4.4e-05,False,0.181716,0.208768,tencent
6938.HK,2026-01-19,7,75.85,76.7,70.05,75.0,75.0,1759500.0,129227400.0,-0.010554,8.2e-05,False,0.167839,0.217119,tencent
6938.HK,2026-01-20,8,76.6,76.6,71.65,75.0,75.0,1381600.0,102489900.0,0.0,0.0,False,0.156289,0.217119,tencent
6938.HK,2026-01-21,9,75.0,78.0,73.2,76.75,76.75,343700.0,26433600.0,0.023333,0.000883,False,0.14632,0.198852,tencent
6938.HK,2026-01-22,10,77.6,81.4,77.6,79.3,79.3,363700.0,28728100.0,0.033225,0.001157,False,0.137965,0.172234,tencent
6938.HK,2026-01-23,11,80.0,80.85,77.5,78.7,78.7,347050.0,27362300.0,-0.007566,0.000277,False,0.131631,0.178497,tencent
6938.HK,2026-01-26,12,78.4,81.0,78.25,78.75,78.75,187400.0,14888300.0,0.000635,4.3e-05,False,0.125887,0.177975,tencent
6938.HK,2026-01-27,13,78.2,79.2,74.6,76.65,76.65,360350.0,27652000.0,-0.026667,0.000964,False,0.121613,0.199896,tencent
6938.HK,2026-01-28,14,76.65,76.65,71.0,73.5,73.5,629200.0,45853700.0,-0.041096,0.000896,False,0.118262,0.232777,tencent
6938.HK,2026-01-29,15,73.45,75.0,71.05,73.0,73.0,365400.0,26716000.0,-0.006803,0.000255,False,0.114209,0.237996,tencent
6938.HK,2026-01-30,16,73.0,73.0,67.6,68.8,68.8,776200.0,53453500.0,-0.057534,0.001076,False,0.112046,0.281837,tencent
6938.HK,2026-02-02,17,69.15,69.15,58.55,61.4,61.4,848500.0,52270600.00000001,-0.107558,0.002058,False,0.112523,0.359081,tencent
6938.HK,2026-02-03,18,64.0,65.45,61.4,64.85,64.85,466000.0,29905600.0,0.056189,0.001879,False,0.109745,0.323069,tencent
6938.HK,2026-02-04,19,64.85,66.65,62.9,66.0,66.0,305900.0,19915300.0,0.017733,0.00089,False,0.106664,0.311065,tencent
6938.HK,2026-02-05,20,66.0,71.0,64.0,70.9,70.9,650140.0,45048900.0,0.074242,0.001648,False,0.104768,0.259916,tencent
6938.HK,2026-02-06,21,70.55,70.55,66.35,69.3,69.3,147400.0,10164000.0,-0.022567,0.00222,False,0.045238,0.276618,tencent
6938.HK,2026-02-09,22,69.3,70.35,64.5,68.55,68.55,388000.0,26014500.0,-0.010823,0.000416,False,0.042597,0.284447,tencent
6938.HK,2026-02-10,23,67.65,73.0,67.55,69.0,69.0,508817.0,35514100.0,0.006565,0.000185,False,0.040548,0.279749,tencent
6938.HK,2026-02-11,24,67.8,73.2,67.8,70.35,70.35,147400.0,10536500.0,0.019565,0.001857,False,0.039058,0.265658,tencent
6938.HK,2026-02-12,25,75.0,80.8,71.0,74.05,74.05,727200.0,54431400.0,0.052594,0.000966,False,0.041007,0.227035,tencent
6938.HK,2026-02-13,26,74.05,74.55,69.05,70.05,70.05,201000.0,14363900.000000002,-0.054018,0.003761,False,0.042721,0.268789,tencent
6938.HK,2026-02-16,27,69.0,71.15,66.5,71.1,71.1,100600.0,6957400.0,0.014989,0.002154,False,0.042866,0.257829,tencent
6938.HK,2026-02-20,28,71.1,74.3,69.05,72.45,72.45,124000.0,8964200.0,0.018987,0.002118,False,0.043117,0.243737,tencent
6938.HK,2026-02-23,29,72.45,74.8,72.45,73.55,73.55,48800.0,3595899.9999999995,0.015183,0.004222,False,0.042915,0.232255,tencent
6938.HK,2026-02-24,30,73.55,77.8,70.75,71.5,71.5,219000.0,16424400.0,-0.027872,0.001697,False,0.042505,0.253653,tencent
6938.HK,2026-02-25,31,71.0,71.6,70.4,71.5,71.5,86500.0,6140200.0,0.0,0.0,False,0.042508,0.253653,tencent
6938.HK,2026-02-26,32,71.25,71.25,66.5,67.2,67.2,140400.0,9600200.0,-0.06014,0.006264,False,0.0443,0.298539,tencent
6938.HK,2026-02-27,33,67.25,69.25,67.25,68.5,68.5,394200.0,26875900.0,0.019345,0.00072,False,0.044417,0.284969,tencent
6938.HK,2026-03-02,34,68.05,68.45,63.1,64.25,64.25,279800.0,18414600.0,-0.062044,0.003369,False,0.045554,0.329332,tencent
6938.HK,2026-03-03,35,64.3,64.95,59.0,61.0,61.0,291400.0,17714500.0,-0.050584,0.002855,False,0.046649,0.363257,tencent
6938.HK,2026-03-04,36,59.0,59.8,54.0,58.8,58.8,272200.0,15435300.0,-0.036066,0.002337,False,0.045683,0.386221,tencent
6938.HK,2026-03-05,37,59.0,61.15,57.15,58.25,58.25,108200.0,6372100.0,-0.009354,0.001468,False,0.039087,0.391962,tencent
6938.HK,2026-03-06,38,57.5,63.0,57.45,60.25,60.25,179000.0,10890600.0,0.034335,0.003153,False,0.037656,0.371086,tencent
6938.HK,2026-03-09,39,57.65,59.1,52.0,57.95,57.95,303600.0,16739900.0,-0.038174,0.00228,False,0.038109,0.395094,tencent
6938.HK,2026-03-10,40,59.65,60.25,58.0,59.75,59.75,161000.0,9567700.0,0.031061,0.003246,False,0.034376,0.376305,tencent
6938.HK,2026-03-11,41,61.95,61.95,57.5,57.8,57.8,106600.0,6256600.0,-0.032636,0.005216,False,0.034674,0.39666,tencent
6938.HK,2026-03-12,42,57.8,58.15,55.1,57.05,57.05,666800.0,37079300.0,-0.012976,0.00035,False,0.034685,0.404489,tencent
6938.HK,2026-03-13,43,56.9,56.9,54.55,55.95,55.95,157000.0,8769200.0,-0.019281,0.002199,False,0.034573,0.415971,tencent
6938.HK,2026-03-16,44,55.95,60.2,55.95,58.8,58.8,118600.0,6952500.0,0.050938,0.007327,False,0.036629,0.386221,tencent
6938.HK,2026-03-17,45,58.8,61.55,58.55,58.55,58.55,52600.0,3163600.0,-0.004252,0.001344,False,0.033749,0.388831,tencent
6938.HK,2026-03-18,46,58.85,60.95,57.4,60.0,60.0,79000.0,4664700.0,0.024765,0.005309,False,0.03307,0.373695,tencent
6938.HK,2026-03-19,47,59.0,60.0,56.8,56.8,56.8,51200.0,2970899.9999999995,-0.053333,0.017952,False,0.034169,0.407098,tencent
6938.HK,2026-03-20,48,56.4,58.25,56.35,57.05,57.05,43800.0,2497500.0,0.004401,0.001762,False,0.033656,0.404489,tencent
6938.HK,2026-03-23,49,56.0,56.0,51.2,52.95,52.95,441400.0,23290200.0,-0.071867,0.003086,False,0.035618,0.447286,tencent
6938.HK,2026-03-24,50,53.4,54.95,51.5,54.9,54.9,275000.0,14727000.0,0.036827,0.002501,False,0.037349,0.426931,tencent
6938.HK,2026-03-25,51,54.9,56.85,53.85,55.05,55.05,59800.0,3308200.0,0.002732,0.000826,False,0.037402,0.425365,tencent
6938.HK,2026-03-26,52,56.0,57.1,52.2,54.85,54.85,75000.0,4059600.0,-0.003633,0.000895,False,0.035694,0.427453,tencent
6938.HK,2026-03-27,53,54.8,59.0,54.8,57.2,57.2,184800.0,10561199.999999998,0.042844,0.004057,False,0.037054,0.402923,tencent
6938.HK,2026-03-30,54,58.5,58.5,55.25,57.0,57.0,53400.0,3028399.9999999995,-0.003497,0.001155,False,0.034832,0.40501,tencent
6938.HK,2026-03-31,55,56.0,58.5,53.95,57.3,57.3,188574.0,10582700.0,0.005263,0.000497,False,0.033219,0.401879,tencent
6938.HK,2026-04-01,56,58.5,64.35,57.4,64.35,64.35,301204.0,18728200.0,0.123037,0.00657,False,0.042528,0.328288,tencent
6938.HK,2026-04-02,57,64.6,65.5,61.0,64.7,64.7,154000.0,9788200.0,0.005439,0.000556,False,0.042387,0.324635,tencent
6938.HK,2026-04-08,58,65.0,69.5,63.7,68.2,68.2,307929.0,20731400.0,0.054096,0.002609,False,0.043301,0.2881,tencent
6938.HK,2026-04-09,59,68.2,72.2,64.5,68.85,68.85,333748.0,22761600.0,0.009531,0.000419,False,0.041969,0.281315,tencent
6938.HK,2026-04-10,60,68.4,70.6,67.45,70.6,70.6,166238.0,11493599.999999998,0.025418,0.002211,False,0.041835,0.263048,tencent
6938.HK,2026-04-13,61,68.0,68.35,63.1,67.15,67.15,188211.0,12470300.0,-0.048867,0.003919,False,0.042835,0.299061,tencent
6938.HK,2026-04-14,62,69.0,69.5,65.0,68.75,68.75,187444.0,12599500.0,0.023827,0.001891,False,0.042659,0.282359,tencent
6938.HK,2026-04-15,63,69.05,74.5,69.05,71.0,71.0,942734.0,68391800.0,0.032727,0.000479,False,0.042351,0.258873,tencent
6938.HK,2026-04-16,64,70.25,70.25,65.15,66.45,66.45,382254.0,25638300.0,-0.064085,0.0025,False,0.044649,0.306367,tencent
6938.HK,2026-04-17,65,66.05,68.0,63.0,65.9,65.9,93933.0,6090200.0,-0.008277,0.001359,False,0.044712,0.312109,tencent
6938.HK,2026-04-20,66,66.1,68.8,65.15,66.0,66.0,102164.0,6806600.0,0.001517,0.000223,False,0.044524,0.311065,tencent
6938.HK,2026-04-21,67,66.0,66.4,63.15,66.35,66.35,248304.0,16111300.000000002,0.005303,0.000329,False,0.042307,0.307411,tencent
6938.HK,2026-04-22,68,66.35,67.15,64.05,64.75,64.75,185379.0,12056900.0,-0.024115,0.002,False,0.042933,0.324113,tencent
6938.HK,2026-04-23,69,64.05,65.95,63.5,64.75,64.75,127378.0,8234299.999999999,0.0,0.0,False,0.038772,0.324113,tencent
6938.HK,2026-04-24,70,65.0,65.5,62.5,62.5,62.5,111850.0,7134800.0,-0.034749,0.00487,False,0.03954,0.347599,tencent
6938.HK,2026-04-27,71,63.0,64.95,61.05,62.05,62.05,135897.0,8442300.0,-0.0072,0.000853,False,0.039661,0.352296,tencent
6938.HK,2026-04-28,72,62.3,64.95,61.4,63.0,63.0,252334.0,15881900.0,0.01531,0.000964,False,0.039627,0.34238,tencent
6938.HK,2026-04-29,73,62.45,65.95,60.1,61.2,61.2,254165.0,15791800.0,-0.028571,0.001809,False,0.039509,0.361169,tencent
6938.HK,2026-04-30,74,62.0,62.0,58.15,60.9,60.9,224651.0,13384000.0,-0.004902,0.000366,False,0.039524,0.364301,tencent
6938.HK,2026-05-04,75,57.8,64.0,57.65,60.0,60.0,181524.0,10712800.0,-0.014778,0.00138,False,0.039745,0.373695,tencent
6938.HK,2026-05-05,76,60.0,61.5,58.55,60.05,60.05,89975.0,5339299.999999999,0.000833,0.000156,False,0.027976,0.373173,tencent
6938.HK,2026-05-06,77,60.0,60.35,56.35,60.2,60.2,280104.0,16385400.0,0.002498,0.000152,False,0.027937,0.371608,tencent
6938.HK,2026-05-07,78,59.8,61.5,58.8,61.0,61.0,530080.0,31494300.0,0.013289,0.000422,False,0.02485,0.363257,tencent
6938.HK,2026-05-08,79,60.9,62.15,58.05,61.0,61.0,423316.0,25293800.0,0.0,0.0,False,0.024642,0.363257,tencent
6938.HK,2026-05-11,80,60.6,62.4,58.0,61.0,61.0,597900.0,35885900.0,0.0,0.0,False,0.023583,0.363257,tencent
6938.HK,2026-05-12,81,61.0,61.5,57.35,57.35,57.35,229443.0,13513699.999999998,-0.059836,0.004428,False,0.024708,0.401357,tencent
6938.HK,2026-05-13,82,56.95,60.3,56.95,60.3,60.3,187227.0,10978200.0,0.051439,0.004686,False,0.0272,0.370564,tencent
6938.HK,2026-05-14,83,59.8,61.3,59.2,59.8,59.8,184096.0,11107100.0,-0.008292,0.000747,False,0.025612,0.375783,tencent
6938.HK,2026-05-15,84,59.85,61.05,59.0,60.45,60.45,55668.0,3321200.0,0.01087,0.003273,False,0.022275,0.368998,tencent
6938.HK,2026-05-18,85,59.6,60.8,56.8,59.2,59.2,131644.0,7719700.0,-0.020678,0.002679,False,0.022557,0.382046,tencent
6938.HK,2026-05-19,86,59.2,62.5,57.3,57.95,57.95,272421.0,15985000.0,-0.021115,0.001321,False,0.022774,0.395094,tencent
6938.HK,2026-05-20,87,57.4,58.4,56.6,56.7,56.7,82695.0,4732600.0,-0.02157,0.004558,False,0.022851,0.408142,tencent
6938.HK,2026-05-21,88,56.95,57.75,55.15,55.75,55.75,71921.0,4047200.0000000005,-0.016755,0.00414,False,0.022628,0.418058,tencent
6938.HK,2026-05-22,89,55.65,58.0,55.35,56.5,56.5,69740.0,3951100.0,0.013453,0.003405,False,0.02305,0.41023,tencent
6938.HK,2026-05-26,90,55.15,57.75,52.75,55.9,55.9,475509.0,26241700.0,-0.010619,0.000405,False,0.022108,0.416493,tencent
6938.HK,2026-05-27,91,55.95,55.95,54.5,55.75,55.75,56945.0,3145000.0,-0.002683,0.000853,False,0.022111,0.418058,tencent
6938.HK,2026-05-28,92,55.75,55.95,54.5,54.95,54.95,160877.0,8944500.0,-0.01435,0.001604,False,0.02166,0.426409,tencent
6938.HK,2026-05-29,93,54.8,58.2,53.2,58.2,58.2,101190.0,5588000.0,0.059145,0.010584,False,0.025512,0.392484,tencent
6938.HK,2026-06-01,94,58.2,58.25,55.1,57.9,57.9,202297.0,11466300.000000002,-0.005155,0.00045,False,0.025514,0.395616,tencent
6938.HK,2026-06-02,95,55.65,56.8,53.55,56.8,56.8,79148.0,4432500.0,-0.018998,0.004286,False,0.02564,0.407098,tencent
6938.HK,2026-06-03,96,56.0,56.0,52.45,54.5,54.5,273232.0,14783000.0,-0.040493,0.002739,False,0.026993,0.431106,tencent
6938.HK,2026-06-04,97,54.5,56.8,54.5,55.75,55.75,45244.0,2519400.0,0.022936,0.009104,False,0.027651,0.418058,tencent
6938.HK,2026-06-05,98,56.5,58.0,52.65,53.2,53.2,112664.0,6104200.0,-0.04574,0.007493,False,0.02889,0.444676,tencent
6938.HK,2026-06-08,99,53.2,53.2,46.54,51.9,51.9,409857.0,20279500.0,-0.024436,0.001205,False,0.02912,0.458246,tencent
6938.HK,2026-06-09,100,52.0,52.05,49.0,49.0,49.0,175451.0,8739400.0,-0.055877,0.006394,False,0.03097,0.488518,tencent
6938.HK,2026-06-10,101,48.86,49.5,48.66,49.26,49.26,221531.0,10839300.0,0.005306,0.00049,False,0.028854,0.485804,tencent
6938.HK,2026-06-11,102,49.24,50.8,48.58,50.0,50.0,207832.0,10287700.0,0.015022,0.00146,False,0.025965,0.478079,tencent
6938.HK,2026-06-12,103,50.0,51.0,48.5,51.0,51.0,109414.0,5418200.000000001,0.02,0.003691,False,0.026764,0.467641,tencent
6938.HK,2026-06-15,104,51.0,51.0,49.6,50.2,50.2,38056.0,1909500.0,-0.015686,0.008215,False,0.026457,0.475992,tencent
6938.HK,2026-06-16,105,50.3,50.95,47.5,50.8,50.8,243711.0,11894400.0,0.011952,0.001005,False,0.026698,0.469729,tencent
6938.HK,2026-06-17,106,50.0,50.0,47.32,50.0,50.0,78858.0,3898800.0,-0.015748,0.004039,False,0.026579,0.478079,tencent
6938.HK,2026-06-18,107,49.5,50.15,48.0,49.5,49.5,267296.0,13100800.0,-0.01,0.000763,False,0.02637,0.483299,tencent
6938.HK,2026-06-22,108,49.4,49.4,47.56,49.0,49.0,161184.0,7829200.0,-0.010101,0.00129,False,0.026275,0.488518,tencent
6938.HK,2026-06-23,109,48.92,51.0,47.38,50.0,50.0,255361.0,12507400.0,0.020408,0.001632,False,0.026592,0.478079,tencent
6938.HK,2026-06-24,110,50.0,50.85,48.8,48.8,48.8,89694.0,4468500.0,-0.024,0.005371,False,0.026887,0.490605,tencent
6938.HK,2026-06-25,111,48.52,49.8,47.88,48.0,48.0,352400.0,17089800.0,-0.016393,0.000959,False,0.026962,0.498956,tencent
6938.HK,2026-06-26,112,47.3,47.76,43.6,44.98,44.98,77200.0,3531500.0,-0.062917,0.017816,False,0.029696,0.53048,tencent
6938.HK,2026-06-29,113,44.98,49.1,44.98,45.76,45.76,44400.0,2059100.0,0.017341,0.008422,False,0.025827,0.522338,tencent
6938.HK,2026-06-30,114,47.58,47.58,45.0,46.9,46.9,193140.0,9058700.0,0.024913,0.00275,False,0.027069,0.510438,tencent
6938.HK,2026-07-02,115,49.0,51.9,48.6,50.0,50.0,217200.0,10839100.0,0.066098,0.006098,False,0.031864,0.478079,tencent
6938.HK,2026-07-03,116,52.0,52.45,48.6,51.05,51.05,429600.0,21614600.0,0.021,0.000972,False,0.031309,0.467119,tencent
6938.HK,2026-07-06,117,51.35,54.65,50.45,51.85,51.85,554400.0,29067600.000000004,0.015671,0.000539,False,0.031036,0.458768,tencent
6938.HK,2026-07-07,118,51.9,53.95,51.2,51.9,51.9,108800.0,5679299.999999999,0.000964,0.00017,False,0.029376,0.458246,tencent
6938.HK,2026-07-08,119,52.9,55.95,51.6,55.6,55.6,313400.0,17031800.0,0.071291,0.004186,False,0.032912,0.419624,tencent
6938.HK,2026-07-09,120,54.0,54.0,45.42,48.54,48.54,722800.0,34862100.0,-0.126978,0.003642,False,0.042236,0.493319,tencent
6938.HK,2026-07-10,121,48.54,52.4,45.2,48.24,48.24,332780.0,15998500.0,-0.00618,0.000386,False,0.042243,0.496451,tencent
6938.HK,2026-07-13,122,49.0,52.35,45.28,49.8,49.8,449613.0,22298000.0,0.032338,0.00145,False,0.042746,0.480167,tencent
6938.HK,2026-07-14,123,48.16,49.8,47.14,49.8,49.8,112484.0,5473500.0,0.0,0.0,False,0.042504,0.480167,tencent
6938.HK,2026-07-15,124,49.5,52.85,48.48,49.78,49.78,1460012.0,74473300.0,-0.000402,5e-06,False,0.04235,0.480376,tencent
6938.HK,2026-07-16,125,50.2,52.8,49.8,50.0,50.0,656345.0,33341400.0,0.004419,0.000133,False,0.042275,0.478079,tencent
6938.HK,2026-07-17,126,50.45,51.5,45.02,48.9,48.9,429336.0,20502700.0,-0.022,0.001073,False,0.042422,0.489562,tencent
6938.HK,2026-07-20,127,49.0,52.9,47.9,51.2,51.2,276561.0,14095500.0,0.047035,0.003337,False,0.04363,0.465553,tencent
6938.HK,2026-07-21,128,51.3,51.35,48.26,50.8,50.8,121131.0,6061600.0,-0.007813,0.001289,False,0.043598,0.469729,tencent
6938.HK,2026-07-22,129,51.0,55.15,50.5,53.95,53.95,530639.0,28303100.0,0.062008,0.002191,False,0.045438,0.436848,tencent
6938.HK,2026-07-23,130,55.55,56.3,52.7,56.3,56.3,234495.0,12911500.0,0.043559,0.003374,False,0.045694,0.412317,tencent
6938.HK,2026-07-24,131,55.8,56.3,52.4,53.6,53.6,223203.0,11996500.0,-0.047957,0.003998,False,0.047111,0.440501,tencent
6938.HK,2026-07-27,132,53.6,54.15,52.4,53.55,53.55,241715.0,12895600.0,-0.000933,7.2e-05,False,0.044247,0.441023,tencent
6938.HK,2026-07-28,133,53.0,53.85,48.42,49.9,49.9,358976.0,17920900.0,-0.068161,0.003803,False,0.047484,0.479123,tencent
6938.HK,2026-07-29,134,48.98,49.9,44.46,46.26,46.26,351515.0,16152900.0,-0.072946,0.004516,False,0.050329,0.517119,tencent
6938.HK,2026-07-30,135,49.94,49.94,45.0,46.0,46.0,127418.0,5843000.0,-0.00562,0.000962,False,0.04791,0.519833,tencent
6938.HK,2026-07-31,136,46.0,48.0,46.0,47.16,47.16,125621.0,5955200.0,0.025217,0.004235,False,0.04803,0.507724,tencent
6938.HK,2026-08-03,137,47.56,48.0,46.06,46.64,46.64,177253.0,8304299.999999999,-0.011026,0.001328,False,0.04786,0.513152,tencent
6938.HK,2026-08-04,138,47.0,50.0,46.86,48.0,48.0,188126.0,9048600.0,0.02916,0.003223,False,0.048431,0.498956,tencent
6938.HK,2026-08-05,139,47.32,51.5,47.3,50.6,50.6,143378.0,7233400.0,0.054167,0.007488,False,0.047188,0.471816,tencent
6938.HK,2026-08-06,140,49.0,51.0,48.24,50.55,50.55,106623.0,5336100.0,-0.000988,0.000185,False,0.037205,0.472338,tencent
6938.HK,2026-08-07,141,50.15,53.0,50.1,52.25,52.25,135464.0,7018900.0,0.03363,0.004791,False,0.037766,0.454593,tencent
6938.HK,2026-08-10,142,52.25,53.9,51.0,52.55,52.55,114808.0,6024500.0,0.005742,0.000953,False,0.037205,0.451461,tencent
6938.HK,2026-08-11,143,52.0,56.35,51.8,53.3,53.3,362223.0,19721200.0,0.014272,0.000724,False,0.037274,0.443633,tencent
6938.HK,2026-08-12,144,53.3,54.35,52.05,53.65,53.65,119297.0,6331000.0,0.006567,0.001037,False,0.037263,0.439979,tencent
6938.HK,2026-08-13,145,53.7,54.9,53.05,54.0,54.0,122098.0,6592600.0,0.006524,0.00099,False,0.037266,0.436326,tencent
6938.HK,2026-08-14,146,54.8,54.8,52.25,52.9,52.9,127300.0,6731900.000000001,-0.02037,0.003026,False,0.037207,0.447808,tencent
6938.HK,2026-08-17,147,52.1,52.5,50.85,51.2,51.2,143225.0,7382300.0,-0.032136,0.004353,False,0.036662,0.465553,tencent
6938.HK,2026-08-18,148,51.0,52.0,49.66,51.85,51.85,194637.0,9873000.0,0.012695,0.001286,False,0.0367,0.458768,tencent
6938.HK,2026-08-19,149,51.8,52.1,48.5,49.0,49.0,243987.0,12144100.0,-0.054966,0.004526,False,0.03589,0.488518,tencent
6938.HK,2026-08-20,150,50.5,54.75,50.0,51.5,51.5,165656.0,8624400.0,0.05102,0.005916,False,0.036447,0.462422,tencent
6938.HK,2026-08-21,151,52.3,56.05,52.0,53.4,53.4,1410945.0,77092300.0,0.036893,0.000479,False,0.035972,0.442589,tencent
6938.HK,2026-08-24,152,53.5,61.4,53.3,61.4,61.4,1044056.0,60431000.0,0.149813,0.002479,False,0.049076,0.359081,tencent
6938.HK,2026-08-25,153,61.3,61.5,59.0,60.5,60.5,286884.0,17295300.0,-0.014658,0.000848,False,0.046074,0.368476,tencent
6938.HK,2026-08-26,154,61.5,64.25,61.05,63.6,63.6,405982.0,25589000.0,0.05124,0.002002,False,0.04244,0.336117,tencent
6938.HK,2026-08-27,155,63.6,64.2,61.1,63.9,63.9,180155.0,11329200.0,0.004717,0.000416,False,0.042214,0.332985,tencent
6938.HK,2026-08-28,156,67.0,67.0,61.05,61.8,61.8,127851.0,8114800.0,-0.032864,0.00405,False,0.043621,0.354906,tencent
6938.HK,2026-08-31,157,60.6,61.5,58.3,60.25,60.25,184625.0,11052200.0,-0.025081,0.002269,False,0.044163,0.371086,tencent
6938.HK,2026-09-01,158,62.0,62.0,59.5,60.35,60.35,234000.0,14199800.0,0.00166,0.000117,False,0.044087,0.370042,tencent
6938.HK,2026-09-02,159,59.9,66.55,59.65,64.0,64.0,604462.0,38582600.0,0.060481,0.001568,False,0.044423,0.331942,tencent
6938.HK,2026-09-03,160,64.0,65.65,62.2,64.25,64.25,348262.0,22378900.0,0.003906,0.000175,False,0.044357,0.329332,tencent
6938.HK,2026-09-04,161,65.0,67.6,63.45,66.05,66.05,493400.0,32646000.0,0.028016,0.000858,False,0.044237,0.310543,tencent
6938.HK,2026-09-07,162,66.05,67.85,56.55,56.85,56.85,1711669.0,101988400.0,-0.139288,0.001366,False,0.055807,0.406576,tencent
6938.HK,2026-09-08,163,56.0,59.2,56.0,58.1,58.1,524800.0,30209899.999999996,0.021988,0.000728,False,0.055898,0.393528,tencent
6938.HK,2026-09-09,164,58.1,59.55,57.5,57.7,57.7,346000.0,20088100.0,-0.006885,0.000343,False,0.055969,0.397704,tencent
6938.HK,2026-09-10,165,57.9,59.45,56.3,56.45,56.45,391600.0,22380100.000000004,-0.021664,0.000968,False,0.056286,0.410752,tencent
6938.HK,2026-09-11,166,56.05,56.45,52.7,54.15,54.15,789800.0,42795500.0,-0.040744,0.000952,False,0.056926,0.43476,tencent
6938.HK,2026-09-14,167,54.05,55.5,52.25,53.15,53.15,318000.0,17108800.0,-0.018467,0.001079,False,0.056567,0.445198,tencent
6938.HK,2026-09-15,168,54.8,54.8,50.0,50.1,50.1,318000.0,16334300.0,-0.057385,0.003513,False,0.058109,0.477035,tencent
6938.HK,2026-09-16,169,50.1,52.0,49.2,51.3,51.3,445500.0,22674000.0,0.023952,0.001056,False,0.056854,0.464509,tencent
6938.HK,2026-09-17,170,52.0,52.8,50.65,51.35,51.35,269400.0,13904900.0,0.000975,7e-05,False,0.055759,0.463987,tencent
6938.HK,2026-09-18,171,51.95,54.0,51.7,53.25,53.25,375800.0,19711300.0,0.037001,0.001877,False,0.055763,0.444154,tencent
6938.HK,2026-09-21,172,53.4,57.95,53.4,57.15,57.15,877000.0,49425200.00000001,0.073239,0.001482,False,0.046967,0.403445,tencent
6938.HK,2026-09-22,173,56.9,57.5,54.6,55.0,55.0,524000.0,29427000.0,-0.03762,0.001278,False,0.047557,0.425887,tencent
3636.HK,2026-01-09,1,37.627,38.747,35.727,37.427,37.427,12900893.0,483458480.0,0.247567,0.000512,False,,0.034067,tencent
3636.HK,2026-01-12,2,38.127,45.787,37.827,40.367,40.367,3947100.0,168381660.0,0.078553,0.000467,False,,0.118374,tencent
3636.HK,2026-01-13,3,40.367,43.427,38.767,41.787,41.787,1067000.0,44311180.00000001,0.035177,0.000794,False,,0.087361,tencent
3636.HK,2026-01-14,4,41.827,42.647,39.627,40.547,40.547,1305600.0,53209170.0,-0.029674,0.000558,False,,0.114443,tencent
3636.HK,2026-01-15,5,40.187,42.027,38.527,39.607,39.607,1018600.0,40946210.0,-0.023183,0.000566,False,0.113014,0.134973,tencent
3636.HK,2026-01-16,6,39.607,41.127,38.627,39.007,39.007,914600.0,36439810.0,-0.015149,0.000416,False,0.105838,0.148077,tencent
3636.HK,2026-01-19,7,39.007,39.147,35.827,36.327,36.327,798250.0,30028860.0,-0.068706,0.002288,False,0.106348,0.206609,tencent
3636.HK,2026-01-20,8,36.327,38.627,36.027,36.947,36.947,434000.0,16302720.0,0.017067,0.001047,False,0.098602,0.193068,tencent
3636.HK,2026-01-21,9,36.947,44.967,36.727,43.927,43.927,1671650.0,69692120.0,0.188919,0.002711,False,0.10633,0.040623,tencent
3636.HK,2026-01-22,10,43.967,48.227,43.967,44.827,44.827,2017200.0,94129959.99999999,0.020489,0.000218,False,0.100621,0.0705,tencent
3636.HK,2026-01-23,11,45.627,45.687,43.127,44.247,44.247,553200.0,24780050.0,-0.012939,0.000522,False,0.097049,0.082526,tencent
3636.HK,2026-01-26,12,45.027,47.427,42.267,43.327,43.327,1496600.0,68908580.0,-0.020792,0.000302,False,0.094172,0.101603,tencent
3636.HK,2026-01-27,13,42.507,44.247,42.187,43.607,43.607,363400.0,15766460.0,0.006462,0.00041,False,0.090505,0.095797,tencent
3636.HK,2026-01-28,14,44.127,47.827,43.627,46.427,46.427,1816400.0,84093259.99999999,0.064669,0.000769,False,0.087375,0.037323,tencent
3636.HK,2026-01-29,15,46.627,51.427,45.727,49.927,49.927,1477984.0,72639490.0,0.075387,0.001038,False,0.084844,0.029168,tencent
3636.HK,2026-01-30,16,49.627,49.627,42.107,42.607,42.607,1693000.0,75270890.0,-0.146614,0.001948,False,0.094017,0.171505,tencent
3636.HK,2026-02-02,17,39.627,42.327,37.627,40.627,40.627,580000.0,23470940.0,-0.046471,0.00198,False,0.092717,0.210006,tencent
3636.HK,2026-02-03,18,42.187,44.427,41.127,43.707,43.707,622000.0,26987380.0,0.075812,0.002809,False,0.090845,0.150116,tencent
3636.HK,2026-02-04,19,44.407,46.067,42.307,43.607,43.607,166800.0,7347740.0,-0.002288,0.000311,False,0.088504,0.15206,tencent
3636.HK,2026-02-05,20,42.607,42.607,40.147,40.387,40.387,250200.0,10311540.0,-0.073841,0.007161,False,0.088844,0.214673,tencent
3636.HK,2026-02-06,21,39.627,40.627,37.727,39.227,39.227,526500.0,20982869.999999996,-0.028722,0.001369,False,0.071055,0.237229,tencent
3636.HK,2026-02-09,22,40.627,40.647,37.127,37.287,37.287,568600.0,22174100.0,-0.049456,0.00223,False,0.069807,0.274953,tencent
3636.HK,2026-02-10,23,37.287,38.427,35.927,36.267,36.267,511200.0,18843370.0,-0.027355,0.001452,False,0.069468,0.294787,tencent
3636.HK,2026-02-11,24,36.427,38.627,35.627,37.627,37.627,668000.0,25476090.0,0.0375,0.001472,False,0.069826,0.268342,tencent
3636.HK,2026-02-12,25,38.147,39.227,36.267,37.627,37.627,670007.0,25500160.0,0.0,0.0,False,0.069639,0.268342,tencent
3636.HK,2026-02-13,26,36.687,37.127,32.807,34.867,34.867,957200.0,33732290.0,-0.073352,0.002175,False,0.071484,0.32201,tencent
3636.HK,2026-02-16,27,34.867,37.227,34.647,35.827,35.827,317000.0,11587250.0,0.027533,0.002376,False,0.070068,0.303343,tencent
3636.HK,2026-02-20,28,36.567,36.567,34.647,34.947,34.947,167800.0,5969480.0,-0.024562,0.004115,False,0.070203,0.320454,tencent
3636.HK,2026-02-23,29,34.947,36.847,34.947,36.187,36.187,192400.0,7033650.0,0.035482,0.005045,False,0.055195,0.296342,tencent
3636.HK,2026-02-24,30,36.207,36.827,35.227,36.367,36.367,156200.0,5695090.0,0.004974,0.000873,False,0.05488,0.292842,tencent
3636.HK,2026-02-25,31,36.487,41.427,36.487,41.127,41.127,1185888.0,47200950.0,0.130888,0.002773,False,0.06313,0.200284,tencent
3636.HK,2026-02-26,32,41.127,41.947,39.627,39.827,39.827,666800.0,27396030.0,-0.031609,0.001154,False,0.063348,0.225562,tencent
3636.HK,2026-02-27,33,39.927,41.667,39.827,41.027,41.027,501000.0,20755680.000000004,0.03013,0.001452,False,0.063739,0.202228,tencent
3636.HK,2026-03-02,34,41.627,43.427,39.127,43.287,43.287,1275364.0,53883660.0,0.055086,0.001022,False,0.063253,0.158283,tencent
3636.HK,2026-03-03,35,42.887,43.187,40.307,40.307,40.307,807096.0,33506780.0,-0.068843,0.002055,False,0.062231,0.216229,tencent
3636.HK,2026-03-04,36,40.127,40.127,36.127,36.607,36.607,708200.0,26986880.0,-0.091795,0.003401,False,0.056812,0.288175,tencent
3636.HK,2026-03-05,37,37.427,37.787,34.127,35.027,35.027,444200.0,15931610.0,-0.043161,0.002709,False,0.056692,0.318899,tencent
3636.HK,2026-03-06,38,34.447,34.847,33.847,33.867,33.867,399200.0,13793380.0,-0.033117,0.002401,False,0.053578,0.341455,tencent
3636.HK,2026-03-09,39,32.127,32.127,24.627,30.707,30.707,769000.0,22975160.0,-0.093306,0.004061,False,0.056553,0.402901,tencent
3636.HK,2026-03-10,40,31.447,31.787,28.667,31.027,31.027,953800.0,29073260.0,0.010421,0.000358,False,0.055128,0.396679,tencent
3636.HK,2026-03-11,41,31.027,32.807,29.667,31.647,31.647,1117800.0,35594470.0,0.019983,0.000561,False,0.05541,0.384623,tencent
3636.HK,2026-03-12,42,31.607,31.607,29.807,29.947,29.947,756636.0,23112950.0,-0.053718,0.002324,False,0.055581,0.417679,tencent
3636.HK,2026-03-13,43,30.127,30.607,28.667,29.507,29.507,1028800.0,31058400.0,-0.014693,0.000473,False,0.055438,0.426235,tencent
3636.HK,2026-03-16,44,29.627,29.807,27.907,28.367,28.367,326800.0,9444900.0,-0.038635,0.004091,False,0.0547,0.448403,tencent
3636.HK,2026-03-17,45,28.507,29.447,27.747,27.747,27.747,206800.0,5996530.0,-0.021856,0.003645,False,0.054653,0.460459,tencent
3636.HK,2026-03-18,46,27.647,28.187,27.287,27.427,27.427,229200.0,6416170.0,-0.011533,0.001797,False,0.05282,0.466681,tencent
3636.HK,2026-03-19,47,27.247,27.247,23.907,23.927,23.927,628400.0,15998580.0,-0.127611,0.007976,False,0.058055,0.534739,tencent
3636.HK,2026-03-20,48,23.927,24.487,21.467,21.667,21.667,853400.0,19390070.0,-0.094454,0.004871,False,0.060499,0.578684,tencent
3636.HK,2026-03-23,49,19.627,21.007,19.627,20.227,20.227,996200.0,20479040.0,-0.066461,0.003245,False,0.059702,0.606685,tencent
3636.HK,2026-03-24,50,20.827,25.007,20.827,23.587,23.587,930800.0,22041220.0,0.166115,0.007537,False,0.073515,0.54135,tencent
3636.HK,2026-03-25,51,24.827,25.327,22.647,22.787,22.787,630800.0,15308550.0,-0.033917,0.002216,False,0.064527,0.556906,tencent
3636.HK,2026-03-26,52,22.787,23.387,22.287,22.287,22.287,149200.0,3451520.0,-0.021942,0.006357,False,0.064529,0.566628,tencent
3636.HK,2026-03-27,53,22.247,24.227,21.827,23.327,23.327,607600.0,14367440.0,0.046664,0.003248,False,0.065395,0.546406,tencent
3636.HK,2026-03-30,54,22.467,22.527,20.627,21.567,21.567,446600.0,9771310.0,-0.075449,0.007721,False,0.063376,0.580629,tencent
3636.HK,2026-03-31,55,21.567,22.007,20.827,21.167,21.167,197400.0,4262400.0,-0.018547,0.004351,False,0.062848,0.588407,tencent
3636.HK,2026-04-01,56,21.807,26.607,21.807,26.227,26.227,910000.0,23043590.0,0.239051,0.010374,False,0.085238,0.490015,tencent
3636.HK,2026-04-02,57,26.227,26.787,23.827,24.107,24.107,535500.0,13451370.0,-0.080833,0.006009,False,0.086342,0.531238,tencent
3636.HK,2026-04-08,58,24.847,27.627,24.847,27.127,27.127,522600.0,14292570.0,0.125275,0.008765,False,0.091708,0.472514,tencent
3636.HK,2026-04-09,59,26.627,27.047,25.587,26.127,26.127,280000.0,7418490.0,-0.036864,0.004969,False,0.089769,0.491959,tencent
3636.HK,2026-04-10,60,26.587,26.927,25.647,25.727,25.727,222000.0,5913920.000000001,-0.01531,0.002589,False,0.089729,0.499737,tencent
3636.HK,2026-04-13,61,25.727,25.727,24.507,25.027,25.027,260400.0,6590280.0,-0.027209,0.004129,False,0.089638,0.513349,tencent
3636.HK,2026-04-14,62,25.607,26.567,24.247,24.607,24.607,401000.0,10371540.0,-0.016782,0.001618,False,0.089027,0.521516,tencent
3636.HK,2026-04-15,63,25.007,26.087,25.007,25.707,25.707,229200.0,5954860.0,0.044703,0.007507,False,0.089718,0.500126,tencent
3636.HK,2026-04-16,64,26.027,27.087,25.307,25.827,25.827,281800.0,7453120.0,0.004668,0.000626,False,0.089342,0.497793,tencent
3636.HK,2026-04-17,65,25.827,26.807,24.967,25.207,25.207,249000.0,6535820.0,-0.024006,0.003673,False,0.08937,0.509849,tencent
3636.HK,2026-04-20,66,25.327,26.907,23.627,24.127,24.127,660800.0,16939950.0,-0.042845,0.002529,False,0.089833,0.53085,tencent
3636.HK,2026-04-21,67,24.227,25.727,24.227,24.447,24.447,670000.0,17076080.0,0.013263,0.000777,False,0.084919,0.524627,tencent
3636.HK,2026-04-22,68,24.427,27.107,23.647,24.967,24.967,1307800.0,33501750.0,0.021271,0.000635,False,0.081721,0.514516,tencent
3636.HK,2026-04-23,69,25.267,25.527,23.947,24.507,24.507,248600.0,6220080.0,-0.018424,0.002962,False,0.080043,0.52346,tencent
3636.HK,2026-04-24,70,24.247,24.247,23.187,24.127,24.127,295100.0,7118380.0,-0.015506,0.002178,False,0.071543,0.53085,tencent
3636.HK,2026-04-27,71,24.127,24.127,22.327,22.427,22.427,197800.0,4618800.0,-0.07046,0.015255,False,0.072997,0.563906,tencent
3636.HK,2026-04-28,72,22.247,22.527,21.307,21.327,21.327,153200.0,3388440.0,-0.049048,0.014475,False,0.073704,0.585296,tencent
3636.HK,2026-04-29,73,21.327,23.607,21.327,23.427,23.427,257200.0,5938790.0,0.098467,0.01658,False,0.076288,0.544461,tencent
3636.HK,2026-04-30,74,23.127,23.127,21.267,22.767,22.767,557000.0,12657150.0,-0.028173,0.002226,False,0.074447,0.557295,tencent
3636.HK,2026-05-04,75,22.767,22.767,21.627,21.747,21.747,139200.0,3111190.0000000005,-0.044802,0.0144,False,0.075115,0.577129,tencent
3636.HK,2026-05-05,76,21.447,21.667,21.127,21.307,21.307,93400.0,2028290.0,-0.020233,0.009975,False,0.050829,0.585685,tencent
3636.HK,2026-05-06,77,21.727,22.147,20.227,20.627,20.627,355000.0,7612100.0,-0.031914,0.004193,False,0.048312,0.598907,tencent
3636.HK,2026-05-07,78,20.747,22.467,20.747,22.247,22.247,254600.0,5677230.0,0.078538,0.013834,False,0.042356,0.567406,tencent
3636.HK,2026-05-08,79,22.227,24.527,21.647,23.807,23.807,548500.0,13216250.0,0.070122,0.005306,False,0.045309,0.537072,tencent
3636.HK,2026-05-11,80,24.287,24.287,22.267,22.587,22.587,288200.0,6630420.0,-0.051245,0.007729,False,0.046491,0.560795,tencent
3636.HK,2026-05-12,81,23.207,24.527,23.207,23.907,23.907,391000.0,9513920.0,0.058441,0.006143,False,0.048294,0.535127,tencent
3636.HK,2026-05-13,82,23.947,25.827,23.907,24.127,24.127,381000.0,9612060.0,0.009202,0.000957,False,0.048203,0.53085,tencent
3636.HK,2026-05-14,83,24.187,24.247,23.107,23.427,23.427,176400.0,4222220.0,-0.029013,0.006872,False,0.047425,0.544461,tencent
3636.HK,2026-05-15,84,23.047,24.587,22.427,23.187,23.187,255600.0,6025780.0,-0.010245,0.0017,False,0.047405,0.549128,tencent
3636.HK,2026-05-18,85,22.647,22.787,21.427,22.727,22.727,281600.0,6341970.0,-0.019839,0.003128,False,0.047323,0.558073,tencent
3636.HK,2026-05-19,86,21.947,22.287,21.447,21.667,21.667,69600.0,1540600.0,-0.046641,0.030274,False,0.047494,0.578684,tencent
3636.HK,2026-05-20,87,21.667,21.727,20.487,21.407,21.407,92000.0,1974920.0,-0.012,0.006076,False,0.047338,0.58374,tencent
3636.HK,2026-05-21,88,21.647,22.087,21.407,21.407,21.407,62600.0,1380300.0,0.0,0.0,False,0.04694,0.58374,tencent
3636.HK,2026-05-22,89,21.487,22.627,21.347,21.447,21.447,131200.0,2941380.0,0.001869,0.000635,False,0.046891,0.582962,tencent
3636.HK,2026-05-26,90,21.447,21.447,17.627,19.867,19.867,729800.0,14213730.0,-0.07367,0.005183,False,0.049279,0.613685,tencent
3636.HK,2026-05-27,91,20.307,20.567,19.627,20.027,20.027,205800.0,4227390.0,0.008054,0.001905,False,0.047168,0.610574,tencent
3636.HK,2026-05-28,92,19.447,19.447,17.047,18.277,18.277,404800.0,7454070.0,-0.087382,0.011723,False,0.049776,0.644603,tencent
3636.HK,2026-05-29,93,18.567,19.397,18.007,18.277,18.277,465800.0,8837530.0,0.0,0.0,False,0.043292,0.644603,tencent
3636.HK,2026-06-01,94,18.277,20.267,18.277,18.627,18.627,250000.0,4922060.0,0.01915,0.003891,False,0.043622,0.637797,tencent
3636.HK,2026-06-02,95,18.947,19.827,18.327,19.627,19.627,449460.0,8844100.0,0.053686,0.00607,False,0.044917,0.618352,tencent
3636.HK,2026-06-03,96,19.627,20.107,19.047,19.587,19.587,169400.0,3414660.0,-0.002038,0.000597,False,0.044758,0.61913,tencent
3636.HK,2026-06-04,97,19.347,19.377,17.067,18.017,18.017,505200.0,9135200.0,-0.080155,0.008774,False,0.047595,0.649659,tencent
3636.HK,2026-06-05,98,17.537,18.147,16.707,16.727,16.727,269600.0,4745110.0,-0.071599,0.015089,False,0.045406,0.674743,tencent
3636.HK,2026-06-08,99,16.627,16.627,13.567,14.697,14.697,1296600.0,19386320.0,-0.121361,0.00626,False,0.047077,0.714216,tencent
3636.HK,2026-06-09,100,14.427,15.707,14.187,15.527,15.527,192800.0,2944920.0,0.056474,0.019177,False,0.049731,0.698077,tencent
3636.HK,2026-06-10,101,15.557,17.577,14.997,17.147,17.147,640200.0,10301170.0,0.104334,0.010128,False,0.054264,0.666576,tencent
3636.HK,2026-06-11,102,17.147,17.147,15.697,15.847,15.847,142200.0,2352100.0,-0.075815,0.032233,False,0.055578,0.691854,tencent
3636.HK,2026-06-12,103,15.847,19.127,15.847,18.127,18.127,881200.0,16328680.0,0.143876,0.008811,False,0.066384,0.64752,tencent
3636.HK,2026-06-15,104,19.427,22.787,19.427,20.487,20.487,745600.0,15933640.0,0.130193,0.008171,False,0.073479,0.601629,tencent
3636.HK,2026-06-16,105,20.527,20.527,19.207,19.587,19.587,165000.0,3313510.0,-0.04393,0.013258,False,0.073955,0.61913,tencent
3636.HK,2026-06-17,106,20.3,20.3,18.61,18.9,18.9,120600.0,2310000.0,-0.035074,0.015184,False,0.073655,0.632489,tencent
3636.HK,2026-06-18,107,18.9,19.02,17.17,17.17,17.17,153200.0,2739750.0,-0.091534,0.03341,False,0.076198,0.666129,tencent
3636.HK,2026-06-22,108,17.01,17.16,16.22,16.29,16.29,244400.0,4046010.0,-0.051252,0.012667,False,0.076766,0.68324,tencent
3636.HK,2026-06-23,109,16.41,16.41,15.2,15.52,15.52,285000.0,4457780.0,-0.047268,0.010604,False,0.077124,0.698213,tencent
3636.HK,2026-06-24,110,15.54,15.85,14.88,14.88,14.88,141000.0,2154370.0,-0.041237,0.019141,False,0.076121,0.710658,tencent
3636.HK,2026-06-25,111,14.87,14.87,13.8,13.95,13.95,493800.0,6971670.0,-0.0625,0.008965,False,0.076792,0.728742,tencent
3636.HK,2026-06-26,112,14.07,14.77,13.88,13.98,13.98,376800.0,5388700.0,0.002151,0.000399,False,0.074949,0.728158,tencent
3636.HK,2026-06-29,113,14.08,15.3,14.08,15.13,15.13,302800.0,4542860.0,0.08226,0.018108,False,0.077771,0.705797,tencent
3636.HK,2026-06-30,114,15.13,15.6,14.32,15.3,15.3,219400.0,3340920.0,0.011236,0.003363,False,0.077653,0.702491,tencent
3636.HK,2026-07-02,115,15.75,16.4,15.36,15.62,15.62,132200.0,2109370.0,0.020915,0.009915,False,0.076645,0.696268,tencent
3636.HK,2026-07-03,116,15.63,16.08,15.11,15.48,15.48,412800.0,6524840.0,-0.008963,0.001374,False,0.076629,0.698991,tencent
3636.HK,2026-07-06,117,15.48,15.9,15.0,15.54,15.54,137800.0,2147300.0,0.003876,0.001805,False,0.074802,0.697824,tencent
3636.HK,2026-07-07,118,15.04,15.43,13.86,14.66,14.66,501800.0,7475660.0,-0.056628,0.007575,False,0.07417,0.714936,tencent
3636.HK,2026-07-08,119,14.66,14.77,13.08,13.08,13.08,237400.0,3280980.0,-0.107776,0.032849,False,0.073093,0.745659,tencent
3636.HK,2026-07-09,120,13.21,13.55,13.02,13.43,13.43,119000.0,1588300.0000000002,0.026758,0.016847,False,0.072109,0.738853,tencent
3636.HK,2026-07-10,121,13.4,13.4,10.02,12.7,12.7,1338800.0,15262970.0,-0.054356,0.003561,False,0.068085,0.753048,tencent
3636.HK,2026-07-13,122,13.2,13.29,11.01,11.01,11.01,326500.0,3892250.0,-0.133071,0.034189,False,0.071969,0.78591,tencent
3636.HK,2026-07-14,123,11.01,12.25,10.76,12.0,12.0,550800.0,6328049.999999999,0.089918,0.014209,False,0.066477,0.76666,tencent
3636.HK,2026-07-15,124,12.15,13.38,12.15,12.99,12.99,507400.0,6590549.999999999,0.0825,0.012518,False,0.061542,0.747409,tencent
3636.HK,2026-07-16,125,13.15,14.18,12.42,13.24,13.24,280000.0,3831090.0,0.019246,0.005024,False,0.061907,0.742548,tencent
3636.HK,2026-07-17,126,13.13,13.13,12.01,12.01,12.01,172800.0,2127900.0,-0.0929,0.043658,False,0.064081,0.766465,tencent
3636.HK,2026-07-20,127,12.3,12.87,12.11,12.5,12.5,187200.0,2346880.0,0.040799,0.017384,False,0.063179,0.756937,tencent
3636.HK,2026-07-21,128,12.5,13.77,12.5,13.3,13.3,335600.0,4520980.0,0.064,0.014156,False,0.064819,0.741381,tencent
3636.HK,2026-07-22,129,13.85,14.66,13.75,13.8,13.8,721600.0,10245429.999999998,0.037594,0.003669,False,0.064894,0.731658,tencent
3636.HK,2026-07-23,130,13.75,15.68,13.7,14.41,14.41,491200.0,7337370.0,0.044203,0.006024,False,0.065113,0.719797,tencent
3636.HK,2026-07-24,131,14.2,14.2,13.46,13.73,13.73,274800.0,3757260.0,-0.047189,0.01256,False,0.06442,0.73302,tencent
3636.HK,2026-07-27,132,14.0,14.31,13.6,13.83,13.83,197000.0,2748940.0,0.007283,0.00265,False,0.064434,0.731075,tencent
3636.HK,2026-07-28,133,13.53,13.55,12.48,12.55,12.55,258200.0,3329500.0,-0.092552,0.027798,False,0.064756,0.755965,tencent
3636.HK,2026-07-29,134,13.0,13.39,12.7,12.83,12.83,408800.0,5306799.999999999,0.022311,0.004204,False,0.064969,0.75052,tencent
3636.HK,2026-07-30,135,13.28,14.58,13.28,13.68,13.68,479600.0,6669920.0,0.066251,0.009933,False,0.06675,0.733992,tencent
3636.HK,2026-07-31,136,13.68,15.3,13.68,14.51,14.51,522400.0,7694730.0,0.060673,0.007885,False,0.0683,0.717852,tencent
3636.HK,2026-08-03,137,14.05,14.37,13.8,14.22,14.22,274600.0,3877060.0,-0.019986,0.005155,False,0.068419,0.723492,tencent
3636.HK,2026-08-04,138,14.48,15.1,14.16,15.1,15.1,311400.0,4599510.0,0.061885,0.013455,False,0.068584,0.70638,tencent
3636.HK,2026-08-05,139,15.21,16.3,15.21,16.16,16.16,553000.0,8821820.0,0.070199,0.007957,False,0.064789,0.685768,tencent
3636.HK,2026-08-06,140,16.16,17.49,16.16,16.7,16.7,324400.0,5523769.999999999,0.033416,0.006049,False,0.064882,0.675268,tencent
3636.HK,2026-08-07,141,16.9,17.58,16.67,17.3,17.3,248000.0,4300070.0,0.035928,0.008355,False,0.063064,0.663601,tencent
3636.HK,2026-08-10,142,17.78,18.37,16.93,17.97,17.97,425800.0,7520150.0,0.038728,0.00515,False,0.052244,0.650573,tencent
3636.HK,2026-08-11,143,18.38,18.69,17.42,17.42,17.42,566400.0,10186720.0,-0.030607,0.003005,False,0.051442,0.661267,tencent
3636.HK,2026-08-12,144,17.31,18.03,17.12,17.65,17.65,367400.0,6451890.0,0.013203,0.002046,False,0.049306,0.656795,tencent
3636.HK,2026-08-13,145,17.16,17.16,15.97,16.28,16.28,443000.0,7299910.0,-0.07762,0.010633,False,0.053605,0.683435,tencent
3636.HK,2026-08-14,146,16.28,17.75,15.87,16.97,16.97,394600.0,6735460.000000001,0.042383,0.006293,False,0.047936,0.670018,tencent
3636.HK,2026-08-17,147,16.71,17.67,16.71,17.2,17.2,329200.0,5669080.0,0.013553,0.002391,False,0.047657,0.665545,tencent
3636.HK,2026-08-18,148,16.91,18.22,16.91,17.98,17.98,285600.0,5021990.0,0.045349,0.00903,False,0.046869,0.650378,tencent
3636.HK,2026-08-19,149,17.85,18.14,16.9,17.32,17.32,258800.0,4470440.0,-0.036707,0.008211,False,0.048018,0.663212,tencent
3636.HK,2026-08-20,150,17.56,18.7,17.5,18.35,18.35,336000.0,6109560.0,0.059469,0.009734,False,0.048665,0.643184,tencent
3636.HK,2026-08-21,151,18.33,20.38,18.29,20.08,20.08,706800.0,13801910.0,0.094278,0.006831,False,0.049681,0.609544,tencent
3636.HK,2026-08-24,152,19.84,20.3,18.01,18.56,18.56,257600.0,4932120.0,-0.075697,0.015348,False,0.0541,0.6391,tencent
3636.HK,2026-08-25,153,18.73,19.16,17.21,17.75,17.75,507600.0,9025060.0,-0.043642,0.004836,False,0.049864,0.654851,tencent
3636.HK,2026-08-26,154,18.27,19.0,18.27,18.45,18.45,136400.0,2533660.0,0.039437,0.015565,False,0.050076,0.641239,tencent
3636.HK,2026-08-27,155,18.45,18.99,17.5,17.82,17.82,211400.0,3795330.0,-0.034146,0.008997,False,0.050178,0.653489,tencent
3636.HK,2026-08-28,156,18.17,18.17,17.19,17.32,17.32,210400.0,3661669.9999999995,-0.028058,0.007663,False,0.049802,0.663212,tencent
3636.HK,2026-08-31,157,17.12,17.12,15.85,16.3,16.3,376400.0,6089820.0,-0.058891,0.00967,False,0.051759,0.683046,tencent
3636.HK,2026-09-01,158,16.3,16.49,15.95,15.98,15.98,98600.0,1597000.0,-0.019632,0.012293,False,0.050497,0.689268,tencent
3636.HK,2026-09-02,159,15.91,16.08,15.51,15.93,15.93,76400.0,1204650.0,-0.003129,0.002597,False,0.048044,0.690241,tencent
3636.HK,2026-09-03,160,15.93,16.94,15.93,16.48,16.48,122600.0,2020920.0000000002,0.034526,0.017084,False,0.048085,0.679546,tencent
3636.HK,2026-09-04,161,17.0,17.17,16.6,16.8,16.8,164464.0,2767520.0,0.019417,0.007016,False,0.047582,0.673323,tencent
3636.HK,2026-09-07,162,16.9,16.95,16.45,16.54,16.54,42200.0,702180.0,-0.015476,0.02204,False,0.046774,0.678379,tencent
3636.HK,2026-09-08,163,17.08,17.17,16.63,16.71,16.71,153400.0,2597910.0,0.010278,0.003956,False,0.0464,0.675073,tencent
3636.HK,2026-09-09,164,17.0,18.95,17.0,18.94,18.94,446200.0,8100450.0,0.133453,0.016475,False,0.055285,0.631711,tencent
3636.HK,2026-09-10,165,18.94,18.94,17.67,17.8,17.8,188200.0,3401580.0,-0.06019,0.017695,False,0.054038,0.653878,tencent
3636.HK,2026-09-11,166,17.61,17.61,16.35,16.56,16.56,232600.0,3857700.0,-0.069663,0.018058,False,0.055828,0.67799,tencent
3636.HK,2026-09-14,167,16.7,16.7,16.0,16.0,16.0,82200.0,1338630.0,-0.033816,0.025262,False,0.056236,0.688879,tencent
3636.HK,2026-09-15,168,15.91,15.95,15.61,15.83,15.83,113800.0,1795550.0,-0.010625,0.005917,False,0.05513,0.692185,tencent
3636.HK,2026-09-16,169,15.78,16.64,15.64,16.64,16.64,76000.0,1221320.0,0.051169,0.041896,False,0.05596,0.676435,tencent
3636.HK,2026-09-17,170,16.64,16.64,15.72,15.9,15.9,151000.0,2414710.0,-0.044471,0.018417,False,0.05491,0.690824,tencent
3636.HK,2026-09-18,171,16.2,16.68,15.8,15.88,15.88,366600.0,5887370.0,-0.001258,0.000214,False,0.049655,0.691213,tencent
3636.HK,2026-09-21,172,15.89,16.45,15.89,16.32,16.32,552400.0,8979310.0,0.027708,0.003086,False,0.047862,0.682657,tencent
3636.HK,2026-09-22,173,16.62,17.59,16.37,17.15,17.15,552600.0,9353250.0,0.050858,0.005437,False,0.048543,0.666518,tencent
0501.HK,2026-01-12,1,107.886,121.686,107.886,121.686,121.686,7260177.0,818673480.0,0.161126,0.000197,False,,0.0,tencent
0501.HK,2026-01-13,2,124.286,124.886,112.886,114.786,114.786,2069182.0,239100730.0,-0.056703,0.000237,False,,0.080874,tencent
0501.HK,2026-01-14,3,113.886,116.786,111.786,114.686,114.686,916000.0,104737290.0,-0.000871,8e-06,False,,0.081674,tencent
0501.HK,2026-01-15,4,114.286,114.686,111.086,111.486,111.486,701220.0,78610730.0,-0.027902,0.000355,False,,0.107298,tencent
0501.HK,2026-01-16,5,111.586,114.486,108.886,113.086,113.086,663640.0,74120760.0,0.014352,0.000194,False,0.084472,0.094486,tencent
0501.HK,2026-01-19,6,113.086,118.386,112.386,116.386,116.386,521100.0,60675150.0,0.029181,0.000481,False,0.075692,0.068062,tencent
0501.HK,2026-01-20,7,116.386,118.986,112.886,114.286,114.286,383700.0,44541330.0,-0.018043,0.000405,False,0.070567,0.084877,tencent
0501.HK,2026-01-21,8,113.886,117.086,113.086,113.986,113.986,471100.0,54280640.0,-0.002625,4.8e-05,False,0.06561,0.08728,tencent
0501.HK,2026-01-22,9,114.086,114.386,111.186,111.486,111.486,517800.0,58256530.0,-0.021933,0.000376,False,0.062425,0.107298,tencent
0501.HK,2026-01-23,10,111.486,115.186,111.286,113.286,113.286,482600.0,54964550.0,0.016146,0.000294,False,0.058905,0.092885,tencent
0501.HK,2026-01-26,11,113.086,113.386,108.586,108.686,108.686,498200.0,54986409.99999999,-0.040605,0.000738,False,0.05787,0.129718,tencent
0501.HK,2026-01-27,12,108.686,108.986,104.886,106.186,106.186,583000.0,62034080.0,-0.023002,0.000371,False,0.055755,0.149737,tencent
0501.HK,2026-01-28,13,106.186,108.786,105.886,106.186,106.186,893900.0,95574450.0,0.0,0.0,False,0.053386,0.149737,tencent
0501.HK,2026-01-29,14,104.886,106.486,103.286,104.986,104.986,1090100.0,114518930.0,-0.011301,9.9e-05,False,0.051419,0.159345,tencent
0501.HK,2026-01-30,15,104.686,106.286,103.086,104.686,104.686,891100.0,93385340.0,-0.002858,3.1e-05,False,0.04956,0.161748,tencent
0501.HK,2026-02-02,16,103.886,105.086,102.886,104.486,104.486,714400.0,74497650.0,-0.00191,2.6e-05,False,0.047885,0.163349,tencent
0501.HK,2026-02-03,17,104.686,106.386,104.686,104.686,104.686,364998.0,38323060.0,0.001914,5e-05,False,0.046365,0.161748,tencent
0501.HK,2026-02-04,18,105.186,107.286,104.686,105.086,105.086,276200.0,29160840.0,0.003821,0.000131,False,0.044986,0.158545,tencent
0501.HK,2026-02-05,19,105.586,105.586,104.786,104.886,104.886,233500.0,24510279.999999996,-0.001903,7.8e-05,False,0.043724,0.160146,tencent
0501.HK,2026-02-06,20,104.886,104.886,104.486,104.686,104.686,623800.0,65367260.0,-0.001907,2.9e-05,False,0.042562,0.161748,tencent
0501.HK,2026-02-09,21,106.886,107.886,103.186,104.186,104.186,1045940.0,110438280.0,-0.004776,4.3e-05,False,0.019672,0.165751,tencent
0501.HK,2026-02-10,22,104.886,106.686,104.486,104.586,104.586,286200.0,30245659.999999996,0.003839,0.000127,False,0.016031,0.162548,tencent
0501.HK,2026-02-11,23,106.386,106.386,103.686,103.786,103.786,246206.0,25719699.999999996,-0.007649,0.000297,False,0.016022,0.168954,tencent
0501.HK,2026-02-12,24,103.886,104.586,99.086,100.286,100.286,539620.0,54606680.0,-0.033723,0.000618,False,0.016508,0.19698,tencent
0501.HK,2026-02-13,25,100.686,103.886,97.236,101.086,101.086,989483.0,99889040.0,0.007977,8e-05,False,0.01617,0.190574,tencent
0501.HK,2026-02-16,26,99.836,105.986,96.936,105.686,105.686,95800.0,9870750.0,0.045506,0.00461,False,0.018284,0.15374,tencent
0501.HK,2026-02-20,27,105.886,107.886,102.186,103.086,103.086,129600.0,13550690.0,-0.024601,0.001815,False,0.018593,0.174559,tencent
0501.HK,2026-02-23,28,104.886,107.186,102.986,106.986,106.986,315500.0,33256900.0,0.037832,0.001138,False,0.020918,0.143331,tencent
0501.HK,2026-02-24,29,105.086,105.886,101.986,103.586,103.586,293200.0,30494699.999999996,-0.03178,0.001042,False,0.021497,0.170556,tencent
0501.HK,2026-02-25,30,104.386,106.386,102.586,102.586,102.586,550240.0,57326560.0,-0.009654,0.000168,False,0.021028,0.178563,tencent
0501.HK,2026-02-26,31,103.386,111.686,103.186,109.686,109.686,1619940.0,174958080.0,0.06921,0.000396,False,0.025111,0.121711,tencent
0501.HK,2026-02-27,32,109.586,114.586,106.886,110.886,110.886,921940.0,102152530.0,0.01094,0.000107,False,0.024562,0.112102,tencent
0501.HK,2026-03-02,33,107.886,109.886,103.686,104.286,104.286,720813.0,76538670.0,-0.059521,0.000778,False,0.028209,0.16495,tencent
0501.HK,2026-03-03,34,104.886,107.086,98.536,98.586,98.586,513800.0,52502600.0,-0.054657,0.001041,False,0.030642,0.210592,tencent
0501.HK,2026-03-04,35,98.686,101.386,96.186,97.086,97.086,459603.0,45377450.0,-0.015215,0.000335,False,0.030769,0.222603,tencent
0501.HK,2026-03-05,36,99.886,102.286,99.086,99.186,99.186,378700.0,38114960.0,0.02163,0.000568,False,0.031272,0.205788,tencent
0501.HK,2026-03-06,37,98.786,104.186,98.786,100.186,100.186,396315.0,40357730.0,0.010082,0.00025,False,0.031381,0.19778,tencent
0501.HK,2026-03-09,38,99.386,99.386,93.886,95.986,95.986,746500.0,71281310.0,-0.041922,0.000588,False,0.032599,0.231411,tencent
0501.HK,2026-03-10,39,98.686,100.886,97.036,100.186,100.186,365500.0,36366230.0,0.043756,0.001203,False,0.034308,0.19778,tencent
0501.HK,2026-03-11,40,99.286,101.486,98.536,98.536,98.536,248300.0,24819680.0,-0.016469,0.000664,False,0.034466,0.210992,tencent
0501.HK,2026-03-12,41,98.586,100.086,95.386,96.386,96.386,334700.0,32504180.0,-0.021819,0.000671,False,0.034736,0.228208,tencent
0501.HK,2026-03-13,42,96.386,96.386,94.186,94.186,94.186,431400.0,41051020.0,-0.022825,0.000556,False,0.034958,0.245824,tencent
0501.HK,2026-03-16,43,94.386,97.486,92.986,97.386,97.386,343270.0,32873590.0,0.033975,0.001034,False,0.035994,0.220201,tencent
0501.HK,2026-03-17,44,99.336,99.336,93.886,93.986,93.986,287900.0,27736480.0,-0.034913,0.001259,False,0.036049,0.247426,tencent
0501.HK,2026-03-18,45,93.986,96.836,93.986,94.936,94.936,259169.0,24771630.0,0.010108,0.000408,False,0.036085,0.239819,tencent
0501.HK,2026-03-19,46,94.036,94.886,90.886,90.886,90.886,661300.0,61070350.0,-0.04266,0.000699,False,0.035286,0.272248,tencent
0501.HK,2026-03-20,47,92.436,92.686,89.036,89.036,89.036,443231.0,40061130.0,-0.020355,0.000508,False,0.035187,0.287062,tencent
0501.HK,2026-03-23,48,88.236,88.236,84.086,84.436,84.436,417000.0,35730940.0,-0.051664,0.001446,False,0.034913,0.323895,tencent
0501.HK,2026-03-24,49,86.886,86.886,84.186,86.486,86.486,298800.0,25511329.999999996,0.024279,0.000952,False,0.03542,0.30748,tencent
0501.HK,2026-03-25,50,87.836,90.686,86.836,89.986,89.986,495385.0,44329520.0,0.040469,0.000913,False,0.037061,0.279455,tencent
0501.HK,2026-03-26,51,89.986,89.986,85.386,86.036,86.036,137300.0,11983100.0,-0.043896,0.003663,False,0.033453,0.311084,tencent
0501.HK,2026-03-27,52,83.886,88.536,83.886,86.486,86.486,144600.0,12521450.0,0.00523,0.000418,False,0.033275,0.30748,tencent
0501.HK,2026-03-30,53,85.886,85.886,83.136,85.686,85.686,320330.0,27109840.0,-0.00925,0.000341,False,0.031324,0.313886,tencent
0501.HK,2026-03-31,54,85.686,87.136,79.886,79.886,79.886,715700.0,58711870.0,-0.067689,0.001153,False,0.032433,0.360329,tencent
0501.HK,2026-04-01,55,82.586,82.786,79.886,81.386,81.386,553600.0,44902380.0,0.018777,0.000418,False,0.033028,0.348318,tencent
0501.HK,2026-04-02,56,81.386,81.386,76.336,76.536,76.536,1032800.0,79960230.0,-0.059593,0.000745,False,0.034135,0.387153,tencent
0501.HK,2026-04-08,57,78.586,82.336,78.586,81.686,81.686,1613206.0,130396550.0,0.067289,0.000516,False,0.038258,0.345915,tencent
0501.HK,2026-04-09,58,80.886,81.886,78.886,80.186,80.186,591300.0,47793980.0,-0.018363,0.000384,False,0.037563,0.357926,tencent
0501.HK,2026-04-10,59,80.386,85.036,79.836,80.086,80.086,1442700.0,119180380.0,-0.001247,1e-05,False,0.035577,0.358727,tencent
0501.HK,2026-04-13,60,80.086,81.386,77.886,79.536,79.536,396630.0,31733560.000000004,-0.006868,0.000216,False,0.035557,0.363131,tencent
0501.HK,2026-04-14,61,80.186,83.186,79.286,80.386,80.386,626600.0,50898440.0,0.010687,0.00021,False,0.035733,0.356325,tencent
0501.HK,2026-04-15,62,80.686,82.686,78.486,78.536,78.536,939000.0,74586490.0,-0.023014,0.000309,False,0.035737,0.371138,tencent
0501.HK,2026-04-16,63,78.886,80.836,77.986,79.986,79.986,924721.0,73934060.0,0.018463,0.00025,False,0.034928,0.359528,tencent
0501.HK,2026-04-17,64,81.336,81.336,78.086,78.436,78.436,620300.0,48930150.0,-0.019378,0.000396,False,0.034496,0.371939,tencent
0501.HK,2026-04-20,65,79.286,81.386,78.436,81.036,81.036,919100.0,73868990.0,0.033148,0.000449,False,0.035517,0.35112,tencent
0501.HK,2026-04-21,66,80.036,83.336,79.436,83.336,83.336,893800.0,72621610.0,0.028382,0.000391,False,0.035345,0.332703,tencent
0501.HK,2026-04-22,67,81.936,85.086,81.936,84.636,84.636,794846.0,66879160.0,0.0156,0.000233,False,0.035369,0.322294,tencent
0501.HK,2026-04-23,68,85.486,86.336,81.286,81.636,81.636,555500.0,45913260.0,-0.035446,0.000772,False,0.03434,0.346316,tencent
0501.HK,2026-04-24,69,82.236,88.786,81.636,87.636,87.636,1912400.0,165817020.0,0.073497,0.000443,False,0.037841,0.298272,tencent
0501.HK,2026-04-27,70,89.736,98.886,88.236,95.736,95.736,3722300.0,355440280.0,0.092428,0.00026,False,0.042201,0.233413,tencent
0501.HK,2026-04-28,71,97.386,97.386,91.436,93.036,93.036,2074644.0,194549080.0,-0.028203,0.000145,False,0.041403,0.255033,tencent
0501.HK,2026-04-29,72,93.186,93.186,88.786,90.586,90.586,1416800.0,127712740.0,-0.026334,0.000206,False,0.041981,0.27465,tencent
0501.HK,2026-04-30,73,84.886,88.386,84.886,85.586,85.586,1563900.0,135425360.0,-0.055196,0.000408,False,0.043908,0.314687,tencent
0501.HK,2026-05-04,74,85.636,90.686,85.636,89.286,89.286,183113.0,16343320.000000002,0.043231,0.002645,False,0.041747,0.28506,tencent
0501.HK,2026-05-05,75,89.586,89.586,83.486,84.386,84.386,367300.0,31577510.000000004,-0.05488,0.001738,False,0.043796,0.324296,tencent
0501.HK,2026-05-06,76,86.886,92.786,86.886,87.886,87.886,1720300.0,155132310.0,0.041476,0.000267,False,0.042024,0.29627,tencent
0501.HK,2026-05-07,77,89.286,90.236,86.936,89.686,89.686,1171170.0,104082720.00000001,0.020481,0.000197,False,0.039777,0.281857,tencent
0501.HK,2026-05-08,78,88.286,88.836,85.336,87.486,87.486,799100.0,69411760.0,-0.02453,0.000353,False,0.039995,0.299473,tencent
0501.HK,2026-05-11,79,89.85,93.65,88.65,90.7,90.7,1378240.0,125864310.0,0.036737,0.000292,False,0.040575,0.273738,tencent
0501.HK,2026-05-12,80,92.0,92.5,88.85,91.95,91.95,1057000.0,96004140.0,0.013782,0.000144,False,0.040465,0.263729,tencent
0501.HK,2026-05-13,81,91.95,94.9,88.8,94.8,94.8,1029600.0,94727890.0,0.030995,0.000327,False,0.040789,0.240908,tencent
0501.HK,2026-05-14,82,96.2,97.0,89.7,90.0,90.0,1185900.0,109304360.0,-0.050633,0.000463,False,0.042369,0.279343,tencent
0501.HK,2026-05-15,83,90.95,95.9,87.95,91.8,91.8,1368600.0,126269130.0,0.02,0.000158,False,0.042391,0.26493,tencent
0501.HK,2026-05-18,84,90.0,92.65,87.65,89.25,89.25,974000.0,87006850.0,-0.027778,0.000319,False,0.042714,0.285348,tencent
0501.HK,2026-05-19,85,89.95,90.85,84.5,90.0,90.0,1201500.0,105270210.0,0.008403,8e-05,False,0.042283,0.279343,tencent
0501.HK,2026-05-20,86,90.0,90.9,87.15,90.0,90.0,568600.0,50732150.0,0.0,0.0,False,0.041971,0.279343,tencent
0501.HK,2026-05-21,87,91.2,101.5,91.2,94.5,94.5,2477000.0,239801270.0,0.05,0.000209,False,0.043131,0.24331,tencent
0501.HK,2026-05-22,88,95.35,99.45,93.65,97.9,97.9,1180314.0,114164630.0,0.035979,0.000315,False,0.042435,0.216085,tencent
0501.HK,2026-05-26,89,101.6,103.0,94.0,95.55,95.55,1238450.0,119234120.0,-0.024004,0.000201,False,0.0403,0.234902,tencent
0501.HK,2026-05-27,90,96.0,98.25,93.45,94.9,94.9,885820.0,85020669.99999999,-0.006803,8e-05,False,0.034702,0.240107,tencent
0501.HK,2026-05-28,91,94.25,95.95,89.8,91.7,91.7,814800.0,74906810.0,-0.03372,0.00045,False,0.03496,0.26573,tencent
0501.HK,2026-05-29,92,93.2,93.85,83.6,83.95,83.95,1703088.0,147309860.0,-0.084515,0.000574,False,0.039394,0.327787,tencent
0501.HK,2026-06-01,93,84.1,85.5,80.6,81.5,81.5,826398.0,67716910.0,-0.029184,0.000431,False,0.037986,0.347405,tencent
0501.HK,2026-06-02,94,82.45,83.25,79.95,82.3,82.3,766600.0,62855360.0,0.009816,0.000156,False,0.036614,0.340999,tencent
0501.HK,2026-06-03,95,83.0,88.9,82.8,85.75,85.75,2754200.0,237992840.0,0.04192,0.000176,False,0.035843,0.313374,tencent
0501.HK,2026-06-04,96,85.0,87.4,82.65,84.4,84.4,1316200.0,111028290.0,-0.015743,0.000142,False,0.034744,0.324184,tencent
0501.HK,2026-06-05,97,83.65,84.15,80.05,80.7,80.7,1116000.0,90580040.00000001,-0.043839,0.000484,False,0.035575,0.353811,tencent
0501.HK,2026-06-08,98,78.0,80.35,76.55,78.7,78.7,1331803.0,103715170.0,-0.024783,0.000239,False,0.035583,0.369825,tencent
0501.HK,2026-06-09,99,78.9,82.0,77.65,78.15,78.15,892575.0,71191540.0,-0.006989,9.8e-05,False,0.034222,0.374229,tencent
0501.HK,2026-06-10,100,78.15,78.15,73.65,75.9,75.9,939773.0,70700350.0,-0.028791,0.000407,False,0.034195,0.392246,tencent
0501.HK,2026-06-11,101,75.9,75.9,72.2,73.6,73.6,935600.0,68569060.0,-0.030303,0.000442,False,0.033154,0.410663,tencent
0501.HK,2026-06-12,102,75.0,76.85,72.5,73.2,73.2,799400.0,59140440.0,-0.005435,9.2e-05,False,0.031902,0.413865,tencent
0501.HK,2026-06-15,103,74.95,75.4,73.25,75.15,75.15,658300.0,49067299.99999999,0.026639,0.000543,False,0.032261,0.398251,tencent
0501.HK,2026-06-16,104,74.3,74.95,71.4,71.55,71.55,1229700.0,89251960.0,-0.047904,0.000537,False,0.033164,0.427077,tencent
0501.HK,2026-06-17,105,73.25,73.9,70.35,71.9,71.9,923318.0,66823890.0,0.004892,7.3e-05,False,0.033068,0.424275,tencent
0501.HK,2026-06-18,106,72.0,72.8,70.5,71.2,71.2,732400.0,52495530.0,-0.009736,0.000185,False,0.032975,0.42988,tencent
0501.HK,2026-06-22,107,72.0,72.8,69.5,71.55,71.55,921500.0,65671580.0,0.004916,7.5e-05,False,0.029981,0.427077,tencent
0501.HK,2026-06-23,108,71.0,72.35,68.55,68.8,68.8,962000.0,67320210.0,-0.038435,0.000571,False,0.028091,0.449098,tencent
0501.HK,2026-06-24,109,69.05,74.3,69.0,74.05,74.05,1110580.0,79978560.0,0.076308,0.000954,False,0.034919,0.407059,tencent
0501.HK,2026-06-25,110,75.0,76.4,71.8,72.0,72.0,1043800.0,76999820.0,-0.027684,0.00036,False,0.035065,0.423474,tencent
0501.HK,2026-06-26,111,72.1,72.6,69.65,71.3,71.3,479540.0,33995080.0,-0.009722,0.000286,False,0.034732,0.429079,tencent
0501.HK,2026-06-29,112,71.3,73.5,70.95,73.1,73.1,603800.0,43693470.0,0.025245,0.000578,False,0.031146,0.414666,tencent
0501.HK,2026-06-30,113,73.2,78.9,73.2,78.35,78.35,944300.0,72557080.0,0.071819,0.00099,False,0.03519,0.372628,tencent
0501.HK,2026-07-02,114,77.6,83.7,74.25,80.0,80.0,2053300.0,166326610.0,0.021059,0.000127,False,0.035467,0.359416,tencent
0501.HK,2026-07-03,115,80.35,82.85,78.5,80.4,80.4,966400.0,78278930.0,0.005,6.4e-05,False,0.034058,0.356213,tencent
0501.HK,2026-07-06,116,82.45,82.45,76.45,77.5,77.5,704120.0,55322780.0,-0.03607,0.000652,False,0.034764,0.379434,tencent
0501.HK,2026-07-07,117,78.8,80.1,76.25,77.85,77.85,545500.0,42672960.0,0.004516,0.000106,False,0.033483,0.376631,tencent
0501.HK,2026-07-08,118,77.4,80.15,75.15,78.35,78.35,979400.0,76037600.0,0.006423,8.4e-05,False,0.033054,0.372628,tencent
0501.HK,2026-07-09,119,79.9,82.85,76.45,82.0,82.0,1466600.0,117585610.0,0.046586,0.000396,False,0.034569,0.343401,tencent
0501.HK,2026-07-10,120,82.45,84.05,78.0,78.65,78.65,1189200.0,96927270.00000001,-0.040854,0.000421,False,0.035251,0.370226,tencent
0501.HK,2026-07-13,121,78.65,81.45,76.75,77.55,77.55,736200.0,57993140.0,-0.013986,0.000241,False,0.034639,0.379034,tencent
0501.HK,2026-07-14,122,78.0,80.4,73.85,78.9,78.9,996200.0,76849750.0,0.017408,0.000227,False,0.034716,0.368224,tencent
0501.HK,2026-07-15,123,79.95,86.6,79.95,85.0,85.0,2329650.0,197138440.0,0.077313,0.000392,False,0.038114,0.319379,tencent
0501.HK,2026-07-16,124,84.1,94.95,83.8,88.35,88.35,3005800.0,272721200.0,0.039412,0.000145,False,0.036477,0.292555,tencent
0501.HK,2026-07-17,125,88.35,94.2,83.75,84.9,84.9,1988382.0,176000900.0,-0.039049,0.000222,False,0.038163,0.32018,tencent
0501.HK,2026-07-20,126,85.5,89.0,81.4,83.55,83.55,854400.0,72291940.0,-0.015901,0.00022,False,0.038347,0.33099,tencent
0501.HK,2026-07-21,127,83.8,87.0,80.35,84.55,84.55,1152155.0,97413740.0,0.011969,0.000123,False,0.038342,0.322983,tencent
0501.HK,2026-07-22,128,84.6,87.5,81.2,81.4,81.4,1023100.0,85704980.0,-0.037256,0.000435,False,0.038266,0.348206,tencent
0501.HK,2026-07-23,129,82.0,83.0,79.2,79.5,79.5,894800.0,71726040.0,-0.023342,0.000325,False,0.035442,0.363419,tencent
0501.HK,2026-07-24,130,79.1,82.0,77.95,80.9,80.9,459500.0,36979830.0,0.01761,0.000476,False,0.034741,0.352209,tencent
0501.HK,2026-07-27,131,80.95,81.75,76.85,79.95,79.95,749200.0,59095680.0,-0.011743,0.000199,False,0.034793,0.359816,tencent
0501.HK,2026-07-28,132,79.7,79.7,74.6,76.3,76.3,890843.0,67844480.0,-0.045654,0.000673,False,0.03634,0.389043,tencent
0501.HK,2026-07-29,133,76.3,79.45,76.3,78.85,78.85,754700.0,59160690.00000001,0.033421,0.000565,False,0.033394,0.368624,tencent
0501.HK,2026-07-30,134,78.85,79.95,75.2,77.05,77.05,783000.0,60096110.0,-0.022828,0.00038,False,0.033438,0.383037,tencent
0501.HK,2026-07-31,135,79.55,81.45,76.2,76.55,76.55,619700.0,48749090.0,-0.006489,0.000133,False,0.033422,0.387041,tencent
0501.HK,2026-08-03,136,76.0,77.9,75.2,76.8,76.8,237262.0,18204140.0,0.003266,0.000179,False,0.03245,0.385039,tencent
0501.HK,2026-08-04,137,77.4,78.2,75.3,76.55,76.55,497100.0,37845020.0,-0.003255,8.6e-05,False,0.03244,0.387041,tencent
0501.HK,2026-08-05,138,77.0,78.9,76.3,77.9,77.9,707000.0,54974390.0,0.017636,0.000321,False,0.032659,0.376231,tencent
0501.HK,2026-08-06,139,77.2,77.75,75.9,77.4,77.4,413300.0,31742070.0,-0.006418,0.000202,False,0.030796,0.380235,tencent
0501.HK,2026-08-07,140,77.8,78.3,75.9,77.85,77.85,496400.0,38484890.0,0.005814,0.000151,False,0.029471,0.376631,tencent
0501.HK,2026-08-10,141,77.5,78.8,76.6,77.8,77.8,327400.0,25359520.000000004,-0.000642,2.5e-05,False,0.029291,0.377032,tencent
0501.HK,2026-08-11,142,77.55,81.7,76.2,80.0,80.0,1051800.0,83773080.00000001,0.028278,0.000338,False,0.029718,0.359416,tencent
0501.HK,2026-08-12,143,80.2,81.15,78.0,79.1,79.1,321900.0,25383990.0,-0.01125,0.000443,False,0.023767,0.366622,tencent
0501.HK,2026-08-13,144,79.1,79.85,78.05,78.75,78.75,453400.0,35729070.0,-0.004425,0.000124,False,0.021536,0.369425,tencent
0501.HK,2026-08-14,145,79.2,79.55,76.85,77.6,77.6,388600.0,30213180.000000004,-0.014603,0.000483,False,0.020183,0.378633,tencent
0501.HK,2026-08-17,146,79.0,80.15,77.65,80.0,80.0,404700.0,32137760.0,0.030928,0.000962,False,0.021442,0.359416,tencent
0501.HK,2026-08-18,147,80.0,82.0,77.65,78.25,78.25,633700.0,50602299.99999999,-0.021875,0.000432,False,0.021621,0.373429,tencent
0501.HK,2026-08-19,148,77.15,77.25,73.85,75.35,75.35,717000.0,53651510.0,-0.037061,0.000691,False,0.021605,0.39665,tencent
0501.HK,2026-08-20,149,75.95,75.95,73.6,73.85,73.85,401700.0,29852779.999999996,-0.019907,0.000667,False,0.021453,0.408661,tencent
0501.HK,2026-08-21,150,73.85,76.75,73.8,76.5,76.5,553400.0,41959990.0,0.035884,0.000855,False,0.022748,0.387441,tencent
0501.HK,2026-08-24,151,75.5,76.3,72.2,72.65,72.65,439800.0,32188340.0,-0.050327,0.001564,False,0.025085,0.418269,tencent
0501.HK,2026-08-25,152,71.05,75.3,70.8,74.9,74.9,546700.0,39925940.0,0.03097,0.000776,False,0.024304,0.400253,tencent
0501.HK,2026-08-26,153,74.95,76.1,73.7,74.35,74.35,260500.0,19522690.0,-0.007343,0.000376,False,0.02297,0.404657,tencent
0501.HK,2026-08-27,154,74.35,76.2,74.3,75.6,75.6,289138.0,21765780.0,0.016812,0.000772,False,0.02285,0.394648,tencent
0501.HK,2026-08-28,155,75.25,76.5,73.3,73.3,73.3,318800.0,23723010.0,-0.030423,0.001282,False,0.023777,0.413065,tencent
0501.HK,2026-08-31,156,72.8,73.9,71.65,72.55,72.55,281000.0,20478790.0,-0.010232,0.0005,False,0.023814,0.41907,tencent
0501.HK,2026-09-01,157,73.55,73.55,72.0,72.55,72.55,113700.0,8236450.0,0.0,0.0,False,0.02382,0.41907,tencent
0501.HK,2026-09-02,158,71.55,72.4,70.4,71.2,71.2,153500.0,10877090.0,-0.018608,0.001711,False,0.023593,0.42988,tencent
0501.HK,2026-09-03,159,72.4,72.85,70.8,71.15,71.15,143200.0,10290250.0,-0.000702,6.8e-05,False,0.023599,0.43028,tencent
0501.HK,2026-09-04,160,72.6,73.75,71.4,72.45,72.45,197000.0,14315170.0,0.018271,0.001276,False,0.02403,0.419871,tencent
0501.HK,2026-09-07,161,73.2,75.0,72.45,73.05,73.05,250600.0,18317570.0,0.008282,0.000452,False,0.024165,0.415067,tencent
0501.HK,2026-09-08,162,72.9,73.15,71.7,71.7,71.7,304600.0,22043700.0,-0.01848,0.000838,False,0.023237,0.425876,tencent
0501.HK,2026-09-09,163,71.7,72.4,70.85,71.25,71.25,205200.0,14643110.0,-0.006276,0.000429,False,0.023196,0.42948,tencent
0501.HK,2026-09-10,164,71.0,71.4,69.25,69.6,69.6,251100.0,17527120.0,-0.023158,0.001321,False,0.023549,0.442692,tencent
0501.HK,2026-09-11,165,70.0,70.0,67.7,69.0,69.0,233600.0,15980190.0,-0.008621,0.000539,False,0.02347,0.447496,tencent
0501.HK,2026-09-14,166,68.1,69.5,67.7,68.35,68.35,193000.0,13249680.0,-0.00942,0.000711,False,0.021844,0.452701,tencent
0501.HK,2026-09-15,167,68.4,69.3,66.7,67.0,67.0,158900.0,10809920.0,-0.019751,0.001827,False,0.021776,0.463511,tencent
0501.HK,2026-09-16,168,67.05,69.2,66.2,69.0,69.0,261100.0,17856340.0,0.029851,0.001672,False,0.022133,0.447496,tencent
0501.HK,2026-09-17,169,67.5,69.5,67.5,69.5,69.5,91500.0,6279030.0,0.007246,0.001154,False,0.021948,0.443492,tencent
0501.HK,2026-09-18,170,69.65,72.7,69.65,72.0,72.0,268300.0,19227610.0,0.035971,0.001871,False,0.021956,0.423474,tencent
0501.HK,2026-09-21,171,73.3,73.6,71.6,71.95,71.95,120100.0,8664000.0,-0.000694,8e-05,False,0.018892,0.423875,tencent
0501.HK,2026-09-22,172,72.05,74.1,72.05,72.2,72.2,249800.0,18290410.0,0.003475,0.00019,False,0.017441,0.421873,tencent
3986.HK,2026-01-13,1,234.145,247.945,219.145,221.945,221.945,10433965.0,2393989930.0,0.370031,0.000155,False,,0.104862,tencent
3986.HK,2026-01-14,2,229.145,232.745,219.345,224.145,224.145,1715426.0,386333850.0,0.009912,2.6e-05,False,,0.095989,tencent
3986.HK,2026-01-15,3,224.145,233.745,219.345,232.145,232.145,845665.0,190536900.0,0.035691,0.000187,False,,0.063724,tencent
3986.HK,2026-01-16,4,231.145,271.145,226.345,271.145,271.145,2842330.0,716018040.0,0.167998,0.000235,False,,0.0,tencent
3986.HK,2026-01-19,5,267.945,294.145,267.945,289.145,289.145,2004668.0,574516290.0,0.066385,0.000116,False,0.146987,0.016998,tencent
3986.HK,2026-01-20,6,287.745,314.145,284.345,305.145,305.145,1755875.0,532315710.00000006,0.055336,0.000104,False,0.134957,0.028649,tencent
3986.HK,2026-01-21,7,309.345,349.745,307.345,323.945,323.945,2301482.0,758598500.0,0.06161,8.1e-05,False,0.125,0.073768,tencent
3986.HK,2026-01-22,8,348.145,360.145,294.745,297.145,297.145,2567043.0,811412940.0,-0.08273,0.000102,False,0.13422,0.17493,tencent
3986.HK,2026-01-23,9,300.145,320.745,291.745,314.945,314.945,1413782.0,443086089.99999994,0.059903,0.000135,False,0.125842,0.125505,tencent
3986.HK,2026-01-26,10,328.945,328.945,294.945,306.145,306.145,917733.0,281856200.0,-0.027941,9.9e-05,False,0.123695,0.14994,tencent
3986.HK,2026-01-27,11,306.745,326.945,301.145,320.145,320.145,1065609.0,340260210.0,0.04573,0.000134,False,0.117606,0.111066,tencent
3986.HK,2026-01-28,12,332.145,357.145,332.145,343.345,343.345,1702343.0,591908970.0,0.072467,0.000122,False,0.112137,0.046648,tencent
3986.HK,2026-01-29,13,359.145,359.145,325.345,330.945,330.945,816703.0,278210590.0,-0.036115,0.00013,False,0.11129,0.081078,tencent
3986.HK,2026-01-30,14,337.345,349.145,326.145,334.145,334.145,1049463.0,356673210.00000006,0.009669,2.7e-05,False,0.107814,0.072193,tencent
3986.HK,2026-02-02,15,328.145,328.145,297.145,303.145,303.145,1286021.0,396403350.0,-0.092774,0.000234,False,0.11092,0.15827,tencent
3986.HK,2026-02-03,16,320.345,324.545,306.145,315.745,315.745,961524.0,305508410.0,0.041564,0.000136,False,0.10717,0.123284,tencent
3986.HK,2026-02-04,17,313.745,313.745,289.345,303.545,303.545,671212.0,201591720.0,-0.038639,0.000192,False,0.105839,0.157159,tencent
3986.HK,2026-02-05,18,291.145,297.145,279.545,289.945,289.945,597103.0,172218710.0,-0.044804,0.00026,False,0.104709,0.194921,tencent
3986.HK,2026-02-06,19,289.145,289.145,270.545,280.945,280.945,674888.0,191006390.0,-0.03104,0.000163,False,0.102963,0.219911,tencent
3986.HK,2026-02-09,20,293.145,318.145,292.945,313.145,313.145,1279570.0,394596200.0,0.114613,0.00029,False,0.101833,0.130503,tencent
3986.HK,2026-02-10,21,307.145,318.145,297.145,301.145,301.145,826745.0,252327100.0,-0.038321,0.000152,False,0.066548,0.163823,tencent
3986.HK,2026-02-11,22,295.145,297.145,287.145,295.145,295.145,637760.0,187021270.0,-0.019924,0.000107,False,0.067058,0.180483,tencent
3986.HK,2026-02-12,23,312.145,359.145,305.345,357.145,357.145,3324406.0,1103288940.0,0.210066,0.00019,False,0.079873,0.00833,tencent
3986.HK,2026-02-13,24,355.145,383.145,340.745,369.145,369.145,3369277.0,1245794640.0,0.0336,2.7e-05,False,0.072491,0.03654,tencent
3986.HK,2026-02-16,25,369.945,434.145,369.745,405.345,405.345,780655.0,322904310.0,0.098064,0.000304,False,0.073937,0.066337,tencent
3986.HK,2026-02-20,26,413.745,441.545,392.145,402.145,402.145,1047372.0,428292860.0,-0.007895,1.8e-05,False,0.073676,0.089232,tencent
3986.HK,2026-02-23,27,419.145,419.945,382.145,385.345,385.345,614104.0,244525170.0,-0.041776,0.000171,False,0.07396,0.12728,tencent
3986.HK,2026-02-24,28,385.145,449.145,372.745,431.345,431.345,2719840.0,1136089370.0,0.119374,0.000105,False,0.074259,0.039631,tencent
3986.HK,2026-02-25,29,420.145,429.945,394.545,411.745,411.745,1590591.0,660250420.0,-0.045439,6.9e-05,False,0.075108,0.083269,tencent
3986.HK,2026-02-26,30,424.145,439.145,405.545,424.745,424.745,1429217.0,602891790.0,0.031573,5.2e-05,False,0.07445,0.054325,tencent
3986.HK,2026-02-27,31,407.145,408.945,391.145,391.145,391.145,1404761.0,559259400.0,-0.079106,0.000141,False,0.077271,0.129134,tencent
3986.HK,2026-03-02,32,374.145,395.345,369.145,374.145,374.145,1237917.0,471875770.0,-0.043462,9.2e-05,False,0.076903,0.166984,tencent
3986.HK,2026-03-03,33,380.745,385.345,343.145,345.145,345.145,1279838.0,462230160.00000006,-0.07751,0.000168,False,0.078661,0.231551,tencent
3986.HK,2026-03-04,34,338.145,384.145,331.345,366.345,366.345,2401480.0,880150370.0,0.061423,7e-05,False,0.079671,0.18435,tencent
3986.HK,2026-03-05,35,386.145,394.145,369.745,372.745,372.745,1733391.0,665259320.0,0.01747,2.6e-05,False,0.076103,0.170101,tencent
3986.HK,2026-03-06,36,365.945,397.145,363.145,390.745,390.745,1352664.0,524790300.0,0.04829,9.2e-05,False,0.076251,0.130025,tencent
3986.HK,2026-03-09,37,369.345,378.345,354.745,364.945,364.945,1371130.0,502305369.99999994,-0.066028,0.000131,False,0.07747,0.187467,tencent
3986.HK,2026-03-10,38,381.945,385.945,370.945,377.145,377.145,1341297.0,508515800.0,0.03343,6.6e-05,False,0.076421,0.160305,tencent
3986.HK,2026-03-11,39,388.145,403.945,366.345,370.945,370.945,1331127.0,513622770.0,-0.016439,3.2e-05,False,0.076018,0.174109,tencent
3986.HK,2026-03-12,40,370.945,378.345,357.345,359.145,359.145,731696.0,267394120.0,-0.031811,0.000119,False,0.073075,0.200381,tencent
3986.HK,2026-03-13,41,357.145,380.745,356.545,363.145,363.145,971600.0,358594940.0,0.011138,3.1e-05,False,0.072211,0.191475,tencent
3986.HK,2026-03-16,42,371.545,432.745,362.745,430.145,430.145,3359069.0,1362440780.0,0.184499,0.000135,False,0.081378,0.042303,tencent
3986.HK,2026-03-17,43,439.345,439.945,392.945,402.545,402.545,1981079.0,812168990.0,-0.064164,7.9e-05,False,0.070377,0.103753,tencent
3986.HK,2026-03-18,44,415.145,462.745,413.145,448.945,448.945,3910191.0,1722615030.0,0.115267,6.7e-05,False,0.07419,0.029822,tencent
3986.HK,2026-03-19,45,424.145,455.145,421.345,432.945,432.945,2182852.0,954741160.0,-0.035639,3.7e-05,False,0.072053,0.064398,tencent
3986.HK,2026-03-20,46,441.145,449.745,412.145,419.145,419.145,1345207.0,573493500.0,-0.031875,5.6e-05,False,0.072488,0.09422,tencent
3986.HK,2026-03-23,47,390.145,411.145,381.145,387.345,387.345,1263332.0,499154180.0,-0.075869,0.000152,False,0.074018,0.162941,tencent
3986.HK,2026-03-24,48,399.145,408.145,372.145,400.745,400.745,1770158.0,693713350.0000001,0.034594,5e-05,False,0.069262,0.133983,tencent
3986.HK,2026-03-25,49,410.145,425.945,400.945,406.745,406.745,1875750.0,773881370.0,0.014972,1.9e-05,False,0.068558,0.121017,tencent
3986.HK,2026-03-26,50,393.545,393.945,375.945,375.945,375.945,1054589.0,407203300.0,-0.075723,0.000186,False,0.070261,0.187576,tencent
3986.HK,2026-03-27,51,359.145,371.145,350.145,364.945,364.945,1190757.0,431604730.0,-0.02926,6.8e-05,False,0.068307,0.211348,tencent
3986.HK,2026-03-30,52,349.545,379.145,349.145,373.345,373.345,972846.0,354679240.0,0.023017,6.5e-05,False,0.067765,0.193195,tencent
3986.HK,2026-03-31,53,355.145,363.545,341.945,342.145,342.145,1011262.0,357351760.0,-0.083569,0.000234,False,0.068151,0.260619,tencent
3986.HK,2026-04-01,54,372.145,375.545,354.945,365.145,365.145,1572978.0,577044110.0,0.067223,0.000116,False,0.06843,0.210915,tencent
3986.HK,2026-04-02,55,371.345,375.145,345.145,345.145,345.145,1369588.0,492234080.00000006,-0.054773,0.000111,False,0.069468,0.254136,tencent
3986.HK,2026-04-08,56,357.145,369.145,346.545,365.145,365.145,2496501.0,900669100.0,0.057947,6.4e-05,False,0.069866,0.210915,tencent
3986.HK,2026-04-09,57,358.945,364.145,349.145,349.145,349.145,1026782.0,365212250.0,-0.043818,0.00012,False,0.068951,0.245492,tencent
3986.HK,2026-04-10,58,361.545,398.145,361.345,391.345,391.345,3521282.0,1360683880.0,0.120867,8.9e-05,False,0.073787,0.154297,tencent
3986.HK,2026-04-13,59,391.545,418.345,386.745,390.745,390.745,1975624.0,791531119.9999999,-0.001533,2e-06,False,0.073642,0.155593,tencent
3986.HK,2026-04-14,60,408.745,434.345,404.145,426.145,426.145,2652577.0,1122888780.0,0.090596,8.1e-05,False,0.075479,0.079093,tencent
3986.HK,2026-04-15,61,432.945,436.145,405.945,406.745,406.745,1566424.0,654699080.0,-0.045524,7e-05,False,0.076537,0.121017,tencent
3986.HK,2026-04-16,62,408.145,461.545,397.945,461.545,461.545,2422726.0,1060016190.0000001,0.134728,0.000127,False,0.071126,0.002593,tencent
3986.HK,2026-04-17,63,453.745,467.345,424.745,429.945,429.945,2032071.0,894946470.0,-0.068466,7.7e-05,False,0.071355,0.080027,tencent
3986.HK,2026-04-20,64,432.345,437.145,415.745,422.145,422.145,1110101.0,470746530.0,-0.018142,3.9e-05,False,0.06665,0.096717,tencent
3986.HK,2026-04-21,65,422.945,443.145,418.345,440.145,440.145,2040180.0,887366300.0,0.042639,4.8e-05,False,0.066808,0.058201,tencent
3986.HK,2026-04-22,66,437.345,463.145,432.145,449.145,449.145,1448216.0,654766580.0,0.020448,3.1e-05,False,0.066398,0.038943,tencent
3986.HK,2026-04-23,67,476.145,486.945,443.345,450.745,450.745,1601124.0,736788980.0,0.003562,5e-06,False,0.06359,0.074341,tencent
3986.HK,2026-04-24,68,458.545,471.745,432.145,448.545,448.545,1244313.0,559243800.0,-0.004881,9e-06,False,0.063382,0.078859,tencent
3986.HK,2026-04-27,69,459.145,478.945,449.145,451.145,451.145,1771399.0,820552490.0,0.005797,7e-06,False,0.063358,0.07352,tencent
3986.HK,2026-04-28,70,450.0,485.8,440.4,445.2,445.2,1902366.0,883949100.0,-0.013178,1.5e-05,False,0.060538,0.085728,tencent
3986.HK,2026-04-29,71,450.0,480.0,430.8,477.0,477.0,2154590.0,995813220.0,0.071429,7.2e-05,False,0.061267,0.020423,tencent
3986.HK,2026-04-30,72,504.0,511.5,449.0,468.4,468.4,3263059.0,1529158990.0,-0.018029,1.2e-05,False,0.061678,0.084262,tencent
3986.HK,2026-05-04,73,482.0,499.4,468.8,482.8,482.8,810184.0,393877220.0,0.030743,7.8e-05,False,0.05739,0.056109,tencent
3986.HK,2026-05-05,74,497.0,497.0,463.0,466.0,466.0,632293.0,302176790.0,-0.034797,0.000115,False,0.057401,0.088954,tencent
3986.HK,2026-05-06,75,494.0,555.0,490.2,533.5,533.5,4497690.0,2359178460.0,0.14485,6.1e-05,False,0.062023,0.038739,tencent
3986.HK,2026-05-07,76,526.0,534.0,508.5,518.5,518.5,2397962.0,1243997280.0,-0.028116,2.3e-05,False,0.06251,0.065766,tencent
3986.HK,2026-05-08,77,501.5,507.0,481.6,490.0,490.0,2004260.0,981358980.0,-0.054966,5.6e-05,False,0.06315,0.117117,tencent
3986.HK,2026-05-11,78,535.0,555.0,514.0,529.0,529.0,3581213.0,1921817710.0,0.079592,4.1e-05,False,0.06025,0.046847,tencent
3986.HK,2026-05-12,79,530.5,530.5,496.0,505.0,505.0,1593403.0,811947440.0000001,-0.045369,5.6e-05,False,0.061733,0.09009,tencent
3986.HK,2026-05-13,80,490.8,550.0,486.2,548.0,548.0,2572732.0,1330938890.0,0.085149,6.4e-05,False,0.061391,0.012613,tencent
3986.HK,2026-05-14,81,554.5,559.5,517.0,524.5,524.5,1744426.0,937268910.0,-0.042883,4.6e-05,False,0.061258,0.062556,tencent
3986.HK,2026-05-15,82,517.0,560.0,500.0,544.0,544.0,3364077.0,1796365690.0,0.037178,2.1e-05,False,0.054716,0.028571,tencent
3986.HK,2026-05-18,83,603.5,624.5,570.0,588.0,588.0,3706824.0,2196033090.0,0.080882,3.7e-05,False,0.053679,0.058447,tencent
3986.HK,2026-05-19,84,568.0,610.0,550.5,602.0,602.0,2125021.0,1239900450.0,0.02381,1.9e-05,False,0.053045,0.036029,tencent
3986.HK,2026-05-20,85,600.0,712.0,600.0,704.5,704.5,4100107.0,2762597420.0000005,0.170266,6.2e-05,False,0.062795,0.010534,tencent
3986.HK,2026-05-21,86,709.0,740.0,680.0,689.0,689.0,2274339.0,1605304570.0,-0.022001,1.4e-05,False,0.063689,0.068919,tencent
3986.HK,2026-05-22,87,717.0,797.5,700.0,778.0,778.0,3268399.0,2431661150.0,0.129173,5.3e-05,False,0.067692,0.024451,tencent
3986.HK,2026-05-26,88,855.0,870.0,806.0,825.0,825.0,2531449.0,2109699100.0,0.060411,2.9e-05,False,0.067509,0.051724,tencent
3986.HK,2026-05-27,89,868.5,917.5,821.5,842.5,842.5,2645691.0,2285090470.0,0.021212,9e-06,False,0.067269,0.081744,tencent
3986.HK,2026-05-28,90,810.0,828.0,785.0,790.0,790.0,1984429.0,1595240970.0,-0.062315,3.9e-05,False,0.069919,0.138965,tencent
3986.HK,2026-05-29,91,811.0,826.5,726.5,740.0,740.0,2713318.0,2063304659.9999998,-0.063291,3.1e-05,False,0.0723,0.19346,tencent
3986.HK,2026-06-01,92,750.0,771.5,699.0,708.5,708.5,2235901.0,1635115780.0,-0.042568,2.6e-05,False,0.073263,0.227793,tencent
3986.HK,2026-06-02,93,712.0,725.0,672.0,711.0,711.0,2169885.0,1529897210.0,0.003529,2e-06,False,0.073371,0.225068,tencent
3986.HK,2026-06-03,94,712.0,765.0,711.0,735.5,735.5,2274621.0,1694744780.0,0.034459,2e-05,False,0.072174,0.198365,tencent
3986.HK,2026-06-04,95,745.5,824.5,720.0,786.0,786.0,3232617.0,2550956840.0,0.068661,2.7e-05,False,0.067393,0.143324,tencent
3986.HK,2026-06-05,96,753.5,767.0,708.0,723.0,723.0,2489511.0,1827879300.0,-0.080153,4.4e-05,False,0.070354,0.211989,tencent
3986.HK,2026-06-08,97,669.0,713.0,666.0,695.0,695.0,1866286.0,1292445870.0,-0.038728,3e-05,False,0.069544,0.242507,tencent
3986.HK,2026-06-09,98,725.0,728.0,700.0,707.0,707.0,1809527.0,1293615570.0,0.017266,1.3e-05,False,0.068108,0.229428,tencent
3986.HK,2026-06-10,99,689.0,702.0,643.5,654.0,654.0,1433604.0,955280399.9999999,-0.074965,7.8e-05,False,0.069828,0.287193,tencent
3986.HK,2026-06-11,100,649.0,687.0,632.0,687.0,687.0,2006055.0,1323833409.9999998,0.050459,3.8e-05,False,0.068417,0.251226,tencent
3986.HK,2026-06-12,101,721.0,738.0,645.5,653.5,653.5,2184164.0,1528882660.0,-0.048763,3.2e-05,False,0.068684,0.287738,tencent
3986.HK,2026-06-15,102,681.0,724.5,655.0,723.0,723.0,2246358.0,1580310770.0,0.10635,6.7e-05,False,0.071632,0.211989,tencent
3986.HK,2026-06-16,103,735.0,753.0,716.5,736.0,736.0,1974369.0,1459697539.9999998,0.017981,1.2e-05,False,0.070028,0.19782,tencent
3986.HK,2026-06-17,104,717.0,858.5,716.0,843.0,843.0,4320339.0,3451696830.0,0.14538,4.2e-05,False,0.075989,0.081199,tencent
3986.HK,2026-06-18,105,847.0,939.0,834.0,939.0,939.0,3692183.0,3342931920.0,0.113879,3.4e-05,False,0.070987,0.0,tencent
3986.HK,2026-06-22,106,968.0,1060.0,944.0,1044.0,1044.0,2854390.0,2885187270.0,0.111821,3.9e-05,False,0.073403,0.015094,tencent
3986.HK,2026-06-23,107,1070.0,1070.0,932.0,936.5,936.5,2486790.0,2431642900.0,-0.102969,4.2e-05,False,0.074162,0.124766,tencent
3986.HK,2026-06-24,108,950.0,1033.0,930.0,986.5,986.5,3235457.0,3212026740.0,0.05339,1.7e-05,False,0.073937,0.078037,tencent
3986.HK,2026-06-25,109,1045.0,1119.0,1034.0,1108.0,1108.0,2963306.0,3189787520.0,0.123163,3.9e-05,False,0.07804,0.00983,tencent
3986.HK,2026-06-26,110,1083.0,1106.0,995.5,1083.0,1083.0,2498233.0,2634159969.9999995,-0.022563,9e-06,False,0.076413,0.032172,tencent
3986.HK,2026-06-29,111,1085.0,1248.0,1075.0,1241.0,1241.0,3230501.0,3791416040.0,0.145891,3.8e-05,False,0.078887,0.005609,tencent
3986.HK,2026-06-30,112,1200.0,1218.0,1151.0,1188.0,1188.0,2092894.0,2489820440.0,-0.042707,1.7e-05,False,0.078894,0.048077,tencent
3986.HK,2026-07-02,113,1040.0,1096.0,963.0,969.5,969.5,3051888.0,3113885560.0,-0.183923,5.9e-05,False,0.092115,0.223157,tencent
3986.HK,2026-07-03,114,955.0,1009.0,905.5,917.5,917.5,3661525.0,3494707830.0,-0.053636,1.5e-05,False,0.093468,0.264824,tencent
3986.HK,2026-07-06,115,960.0,962.5,816.5,876.5,876.5,3224092.0,2808820820.0,-0.044687,1.6e-05,False,0.093498,0.297676,tencent
3986.HK,2026-07-07,116,829.0,849.0,770.0,770.0,770.0,3157752.0,2527598090.0,-0.121506,4.8e-05,False,0.096011,0.383013,tencent
3986.HK,2026-07-08,117,796.0,815.0,748.0,772.5,772.5,3167210.0,2491182390.0,0.003247,1e-06,False,0.095403,0.38101,tencent
3986.HK,2026-07-09,118,817.5,966.0,817.5,940.5,940.5,5175659.0,4576161930.0,0.217476,4.8e-05,False,0.106143,0.246394,tencent
3986.HK,2026-07-10,119,990.0,1000.0,742.5,742.5,742.5,8594246.0,7419300350.0,-0.210526,2.8e-05,False,0.116342,0.405048,tencent
3986.HK,2026-07-13,120,654.0,717.5,609.0,629.0,629.0,8651006.0,5677042700.0,-0.152862,2.7e-05,False,0.121649,0.495994,tencent
3986.HK,2026-07-14,121,651.0,696.0,620.0,689.0,689.0,8728357.0,5782075649.999999,0.09539,1.6e-05,False,0.122704,0.447917,tencent
3986.HK,2026-07-15,122,739.5,750.0,645.5,657.0,657.0,6663747.0,4538908570.0,-0.046444,1e-05,False,0.121131,0.473558,tencent
3986.HK,2026-07-16,123,619.0,631.5,581.0,600.0,600.0,5227121.0,3150679170.0,-0.086758,2.8e-05,False,0.122671,0.519231,tencent
3986.HK,2026-07-17,124,579.0,587.5,524.5,533.5,533.5,5488935.0,3011244890.0,-0.110833,3.7e-05,False,0.119708,0.572516,tencent
3986.HK,2026-07-20,125,552.5,569.5,503.0,533.5,533.5,5402644.0,2880041260.0,0.0,0.0,False,0.115864,0.572516,tencent
3986.HK,2026-07-21,126,552.0,619.0,522.0,614.0,614.0,8735779.0,5095201480.0,0.15089,3e-05,False,0.118528,0.508013,tencent
3986.HK,2026-07-22,127,633.5,647.5,574.5,584.0,584.0,7285857.0,4465996170.0,-0.04886,1.1e-05,False,0.117132,0.532051,tencent
3986.HK,2026-07-23,128,606.0,612.5,557.0,559.5,559.5,3629586.0,2098146270.0,-0.041952,2e-05,False,0.116061,0.551683,tencent
3986.HK,2026-07-24,129,541.5,586.0,535.0,568.0,568.0,4559986.0,2564269420.0,0.015192,6e-06,False,0.111392,0.544872,tencent
3986.HK,2026-07-27,130,578.0,578.0,516.0,546.0,546.0,4395966.0,2387785790.0,-0.038732,1.6e-05,False,0.111417,0.5625,tencent
3986.HK,2026-07-28,131,501.5,514.5,448.0,451.2,451.2,5424460.0,2557026700.0,-0.173626,6.8e-05,False,0.108063,0.638462,tencent
3986.HK,2026-07-29,132,442.0,454.0,399.0,436.6,436.6,11948530.0,5059132160.0,-0.032358,6e-06,False,0.108093,0.65016,tencent
3986.HK,2026-07-30,133,438.0,465.0,407.8,428.2,428.2,10294960.0,4538541150.0,-0.01924,4e-06,False,0.102962,0.656891,tencent
3986.HK,2026-07-31,134,492.4,577.0,456.0,459.0,459.0,13482948.0,6768259620.000001,0.071929,1.1e-05,False,0.10556,0.632212,tencent
3986.HK,2026-08-03,135,450.0,454.4,415.0,424.6,424.6,5034470.0,2162895880.0,-0.074946,3.5e-05,False,0.106017,0.659776,tencent
3986.HK,2026-08-04,136,429.0,459.8,425.8,459.8,459.8,6003469.0,2676104890.0,0.082902,3.1e-05,False,0.106605,0.631571,tencent
3986.HK,2026-08-05,137,460.0,514.5,450.0,486.0,486.0,8351691.0,4116706730.0,0.056981,1.4e-05,False,0.107892,0.610577,tencent
3986.HK,2026-08-06,138,460.0,502.0,457.8,494.4,494.4,5519415.0,2661467390.0,0.017284,6e-06,False,0.093256,0.603846,tencent
3986.HK,2026-08-07,139,495.4,550.0,494.4,528.0,528.0,7487226.0,3951213939.9999995,0.067961,1.7e-05,False,0.084877,0.576923,tencent
3986.HK,2026-08-10,140,528.5,540.0,490.4,501.0,501.0,4056368.0,2051412560.0,-0.051136,2.5e-05,False,0.078919,0.598558,tencent
3986.HK,2026-08-11,141,494.0,522.0,489.6,490.0,490.0,3558893.0,1801094780.0,-0.021956,1.2e-05,False,0.075071,0.607372,tencent
3986.HK,2026-08-12,142,501.5,520.5,496.8,515.0,515.0,3825476.0,1946440130.0,0.05102,2.6e-05,False,0.076024,0.58734,tencent
3986.HK,2026-08-13,143,532.5,540.0,495.8,501.0,501.0,4095318.0,2130237150.0,-0.027184,1.3e-05,False,0.073969,0.598558,tencent
3986.HK,2026-08-14,144,521.5,523.5,504.5,511.0,511.0,3788942.0,1948739580.0000002,0.01996,1e-05,False,0.069915,0.590545,tencent
3986.HK,2026-08-17,145,518.0,554.5,514.5,554.0,554.0,5101657.0,2765827100.0,0.084149,3e-05,False,0.07239,0.55609,tencent
3986.HK,2026-08-18,146,563.5,564.0,516.5,517.5,517.5,4854086.0,2598371590.0,-0.065884,2.5e-05,False,0.065173,0.585337,tencent
3986.HK,2026-08-19,147,492.0,505.0,463.4,496.8,496.8,4701495.0,2270346520.0,-0.04,1.8e-05,False,0.064899,0.601923,tencent
3986.HK,2026-08-20,148,496.8,501.0,479.8,490.2,490.2,2465842.0,1211304740.0,-0.013285,1.1e-05,False,0.064377,0.607212,tencent
3986.HK,2026-08-21,149,498.0,504.5,488.4,503.0,503.0,2555125.0,1270501000.0,0.026112,2.1e-05,False,0.064599,0.596955,tencent
3986.HK,2026-08-24,150,502.0,502.0,467.8,471.0,471.0,2138289.0,1020335910.0,-0.063618,6.2e-05,False,0.065536,0.622596,tencent
3986.HK,2026-08-25,151,456.2,503.0,456.2,494.2,494.2,3179360.0,1544071830.0,0.049257,3.2e-05,False,0.053183,0.604006,tencent
3986.HK,2026-08-26,152,496.8,499.0,477.4,482.0,482.0,2515956.0,1223084350.0,-0.024686,2e-05,False,0.05292,0.613782,tencent
3986.HK,2026-08-27,153,492.2,516.5,490.0,516.0,516.0,3719035.0,1884301710.0,0.070539,3.7e-05,False,0.054427,0.586538,tencent
3986.HK,2026-08-28,154,507.5,515.0,486.0,486.0,486.0,2262557.0,1129762690.0,-0.05814,5.1e-05,False,0.054506,0.610577,tencent
3986.HK,2026-08-31,155,473.0,493.2,470.2,486.2,486.2,2146100.0,1038240860.0,0.000412,0.0,False,0.051249,0.610417,tencent
3986.HK,2026-09-01,156,492.0,492.0,475.0,475.4,475.4,1209456.0,581363570.0,-0.022213,3.8e-05,False,0.048482,0.619071,tencent
3986.HK,2026-09-02,157,469.0,479.4,465.4,472.2,472.2,1377855.0,651262460.0,-0.006731,1e-05,False,0.046797,0.621635,tencent
3986.HK,2026-09-03,158,480.0,482.8,460.0,466.8,466.8,1547581.0,727058750.0,-0.011436,1.6e-05,False,0.046666,0.625962,tencent
3986.HK,2026-09-04,159,471.6,477.2,448.0,464.8,464.8,2664568.0,1231286540.0,-0.004284,3e-06,False,0.043679,0.627564,tencent
3986.HK,2026-09-07,160,481.0,494.8,474.2,491.6,491.6,3142298.0,1529978510.0,0.057659,3.8e-05,False,0.044458,0.60609,tencent
3986.HK,2026-09-08,161,495.0,517.0,485.0,485.6,485.6,2937590.0,1467336380.0,-0.012205,8e-06,False,0.044258,0.610897,tencent
3986.HK,2026-09-09,162,489.4,500.0,475.6,480.4,480.4,1534556.0,747562980.0,-0.010708,1.4e-05,False,0.042671,0.615064,tencent
3986.HK,2026-09-10,163,482.6,493.8,476.4,476.4,476.4,1554237.0,753971740.0,-0.008326,1.1e-05,False,0.042307,0.618269,tencent
3986.HK,2026-09-11,164,465.4,467.4,442.4,452.2,452.2,2101168.0,951102780.0,-0.050798,5.3e-05,False,0.043348,0.63766,tencent
3986.HK,2026-09-14,165,439.6,443.0,419.0,420.0,420.0,1995618.0,857758490.0,-0.071207,8.3e-05,False,0.040306,0.663462,tencent
3986.HK,2026-09-15,166,426.6,459.0,424.0,436.8,436.8,2454626.0,1087569580.0,0.04,3.7e-05,False,0.039943,0.65,tencent
3986.HK,2026-09-16,167,438.4,455.8,436.6,450.0,450.0,1374430.0,614487200.0,0.03022,4.9e-05,False,0.040039,0.639423,tencent
3986.HK,2026-09-17,168,450.0,472.2,442.0,466.6,466.6,1793908.0,813467340.0,0.036889,4.5e-05,False,0.040998,0.626122,tencent
3986.HK,2026-09-18,169,480.2,512.0,475.6,512.0,512.0,4222543.0,2102764750.0,0.0973,4.6e-05,False,0.046286,0.589744,tencent
3986.HK,2026-09-21,170,524.5,529.5,501.5,513.5,513.5,2257851.0,1157328690.0,0.00293,3e-06,False,0.043645,0.588542,tencent
3986.HK,2026-09-22,171,527.5,533.0,511.0,516.0,516.0,2436386.0,1274674960.0,0.004869,4e-06,False,0.042398,0.586538,tencent
1641.HK,2026-01-13,1,19.229,19.349,11.649,11.949,11.949,13868000.0,212183760.0,-0.025367,0.00012,False,,0.382449,tencent
1641.HK,2026-01-14,2,12.649,12.649,10.199,12.529,12.529,2259100.0,25954600.0,0.04854,0.00187,False,,0.352473,tencent
1641.HK,2026-01-15,3,12.349,12.349,11.409,11.489,11.489,417000.0,5031210.0,-0.083007,0.016499,False,,0.406223,tencent
1641.HK,2026-01-16,4,11.489,11.489,10.849,10.849,10.849,304000.0,3473210.0000000005,-0.055705,0.016039,False,,0.439299,tencent
1641.HK,2026-01-19,5,10.759,10.759,10.199,10.199,10.199,404500.0,4325050.0,-0.059913,0.013853,False,0.051053,0.472893,tencent
1641.HK,2026-01-20,6,10.199,10.199,9.549,9.609,9.609,449500.0,4500500.0,-0.057849,0.012854,False,0.046599,0.503385,tencent
1641.HK,2026-01-21,7,9.589,9.609,8.769,8.889,8.889,677000.0,6375130.0,-0.07493,0.011753,False,0.044667,0.540596,tencent
1641.HK,2026-01-22,8,8.889,8.889,8.249,8.269,8.269,544000.0,4751250.0,-0.069749,0.01468,False,0.042342,0.572639,tencent
1641.HK,2026-01-23,9,8.199,10.119,7.729,9.939,9.939,2177140.0,20838620.0,0.201959,0.009692,False,0.092028,0.48633,tencent
1641.HK,2026-01-26,10,10.079,10.329,9.049,9.069,9.069,471000.0,4634190.0,-0.087534,0.018889,False,0.089388,0.531294,tencent
1641.HK,2026-01-27,11,9.069,9.069,8.529,8.779,8.779,193500.0,1759360.0,-0.031977,0.018175,False,0.084818,0.546281,tencent
1641.HK,2026-01-28,12,8.739,9.659,8.639,9.229,9.229,306000.0,2914380.0,0.051259,0.017588,False,0.083956,0.523024,tencent
1641.HK,2026-01-29,13,9.229,9.229,8.889,8.929,8.929,118540.0,1104560.0,-0.032506,0.029429,False,0.080453,0.538529,tencent
1641.HK,2026-01-30,14,8.929,9.099,8.799,9.009,9.009,137000.0,1269730.0,0.00896,0.007056,False,0.077718,0.534395,tencent
1641.HK,2026-02-02,15,9.009,9.009,8.449,8.649,8.649,158000.0,1423240.0000000002,-0.03996,0.028077,False,0.075084,0.553,tencent
1641.HK,2026-02-03,16,8.459,8.729,8.449,8.729,8.729,118500.0,1045550.0000000001,0.00925,0.008847,False,0.072919,0.548866,tencent
1641.HK,2026-02-04,17,8.499,8.499,8.279,8.279,8.279,121900.0,1058780.0,-0.051552,0.04869,False,0.071053,0.572123,tencent
1641.HK,2026-02-05,18,8.249,8.249,8.059,8.069,8.069,131500.0,1108370.0,-0.025365,0.022885,False,0.06894,0.582976,tencent
1641.HK,2026-02-06,19,8.049,8.049,7.839,7.869,7.869,133500.0,1098800.0,-0.024786,0.022558,False,0.067004,0.593312,tencent
1641.HK,2026-02-09,20,8.049,8.059,7.899,8.049,8.049,58000.0,484430.0,0.022875,0.04722,False,0.065953,0.58401,tencent
1641.HK,2026-02-10,21,8.049,8.149,8.029,8.129,8.129,43000.0,363150.0,0.009939,0.027369,False,0.066242,0.579875,tencent
1641.HK,2026-02-11,22,8.149,8.299,8.129,8.169,8.169,59500.0,507050.0,0.004921,0.009704,False,0.064666,0.577808,tencent
1641.HK,2026-02-12,23,8.149,8.149,7.959,8.009,8.009,42000.0,352020.0,-0.019586,0.05564,False,0.062908,0.586077,tencent
1641.HK,2026-02-13,24,7.949,8.009,7.669,7.889,7.889,128500.0,1050940.0,-0.014983,0.014257,False,0.062214,0.592279,tencent
1641.HK,2026-02-16,25,7.889,7.889,7.669,7.749,7.749,37000.0,297990.0,-0.017746,0.059553,False,0.061287,0.599514,tencent
1641.HK,2026-02-20,26,7.749,7.899,7.669,7.889,7.889,79500.0,647220.0,0.018067,0.027915,False,0.060643,0.592279,tencent
1641.HK,2026-02-23,27,7.799,8.389,7.799,8.359,8.359,89500.0,756650.0000000001,0.059577,0.078737,False,0.060307,0.567988,tencent
1641.HK,2026-02-24,28,8.359,8.359,7.679,7.749,7.749,1207500.0,10093600.0,-0.072975,0.00723,False,0.060504,0.599514,tencent
1641.HK,2026-02-25,29,7.879,7.899,7.829,7.829,7.829,64500.0,530380.0,0.010324,0.019465,False,0.037289,0.59538,tencent
1641.HK,2026-02-26,30,7.819,7.819,7.709,7.719,7.719,38000.0,307170.0,-0.01405,0.045741,False,0.03271,0.601065,tencent
1641.HK,2026-02-27,31,7.719,7.719,7.509,7.529,7.529,100000.0,793270.0,-0.024615,0.031029,False,0.032461,0.610884,tencent
1641.HK,2026-03-02,32,7.339,7.649,6.929,7.649,7.649,263500.0,1967649.9999999998,0.015938,0.0081,False,0.029982,0.604682,tencent
1641.HK,2026-03-03,33,7.649,7.849,7.159,7.159,7.159,117000.0,912280.0,-0.064061,0.07022,False,0.032048,0.630007,tencent
1641.HK,2026-03-04,34,7.149,7.149,6.839,6.839,6.839,90500.0,654160.0,-0.044699,0.06833,False,0.032576,0.646545,tencent
1641.HK,2026-03-05,35,7.019,7.649,6.859,7.629,7.629,137000.0,1034689.9999999999,0.115514,0.111641,False,0.042795,0.605716,tencent
1641.HK,2026-03-06,36,7.449,7.649,7.039,7.649,7.649,94500.0,733740.0,0.002622,0.003573,False,0.042701,0.604682,tencent
1641.HK,2026-03-09,37,7.169,7.329,7.169,7.299,7.299,43000.0,327040.0,-0.045758,0.139914,False,0.042393,0.622771,tencent
1641.HK,2026-03-10,38,7.299,7.319,7.179,7.319,7.319,38500.0,294070.0,0.00274,0.009318,False,0.042163,0.621738,tencent
1641.HK,2026-03-11,39,7.249,7.269,7.079,7.079,7.079,40000.0,300940.0,-0.032791,0.108963,False,0.042407,0.634141,tencent
1641.HK,2026-03-12,40,7.079,7.079,6.919,6.999,6.999,37500.0,274480.0,-0.011301,0.041173,False,0.041935,0.638276,tencent
1641.HK,2026-03-13,41,6.999,7.239,6.989,6.989,6.989,24500.0,181700.00000000003,-0.001429,0.007863,False,0.041782,0.638793,tencent
1641.HK,2026-03-16,42,6.989,6.989,6.849,6.879,6.879,795000.0,5829560.0,-0.015739,0.0027,False,0.041735,0.644478,tencent
1641.HK,2026-03-17,43,6.879,7.009,6.879,6.889,6.889,48000.0,351740.0,0.001454,0.004133,False,0.041686,0.643961,tencent
1641.HK,2026-03-18,44,6.909,6.919,6.829,6.849,6.849,36500.0,263590.0,-0.005806,0.022028,False,0.04164,0.646028,tencent
1641.HK,2026-03-19,45,6.759,6.789,6.629,6.679,6.679,56500.0,398250.0,-0.024821,0.062326,False,0.041773,0.654814,tencent
1641.HK,2026-03-20,46,6.509,6.589,6.419,6.549,6.549,136000.0,927080.0,-0.019464,0.020995,False,0.041449,0.661533,tencent
1641.HK,2026-03-23,47,6.559,6.559,6.059,6.219,6.219,107000.0,705740.0,-0.050389,0.071399,False,0.039179,0.678588,tencent
1641.HK,2026-03-24,48,6.229,6.539,6.149,6.379,6.379,84000.0,557060.0,0.025728,0.046185,False,0.037537,0.670319,tencent
1641.HK,2026-03-25,49,6.749,7.159,6.639,6.799,6.799,117500.0,857250.0,0.065841,0.076805,False,0.040941,0.648612,tencent
1641.HK,2026-03-26,50,6.799,6.799,6.459,6.469,6.469,19000.0,132720.0,-0.048537,0.365706,False,0.042,0.665667,tencent
1641.HK,2026-03-27,51,6.469,6.629,6.459,6.629,6.629,39000.0,267360.0,0.024733,0.09251,False,0.042418,0.657398,tencent
1641.HK,2026-03-30,52,6.599,6.599,6.199,6.379,6.379,79000.0,524760.0,-0.037713,0.071867,False,0.042686,0.670319,tencent
1641.HK,2026-03-31,53,6.369,6.369,6.079,6.149,6.149,75000.0,489270.0,-0.036056,0.073693,False,0.04119,0.682206,tencent
1641.HK,2026-04-01,54,6.149,6.319,6.149,6.219,6.219,47500.0,313820.0,0.011384,0.036275,False,0.040375,0.678588,tencent
1641.HK,2026-04-02,55,6.229,6.239,6.139,6.209,6.209,21500.0,140330.0,-0.001608,0.011459,False,0.029029,0.679105,tencent
1641.HK,2026-04-08,56,6.169,6.549,6.169,6.429,6.429,60500.0,400190.0,0.035432,0.088539,False,0.030652,0.667735,tencent
1641.HK,2026-04-09,57,6.319,6.789,6.319,6.579,6.579,49500.0,343090.0,0.023332,0.068005,False,0.030085,0.659982,tencent
1641.HK,2026-04-10,58,6.769,6.769,6.509,6.509,6.509,23000.0,159610.0,-0.01064,0.066662,False,0.030059,0.6636,tencent
1641.HK,2026-04-13,59,6.519,6.529,6.279,6.499,6.499,38000.0,255150.0,-0.001536,0.006021,False,0.029365,0.664117,tencent
1641.HK,2026-04-14,60,6.439,6.439,6.309,6.439,6.439,34500.0,231880.0,-0.009232,0.039815,False,0.029341,0.667218,tencent
1641.HK,2026-04-15,61,6.439,6.929,6.299,6.829,6.829,206000.0,1440250.0,0.060568,0.042054,False,0.032684,0.647062,tencent
1641.HK,2026-04-16,62,7.009,7.009,6.659,6.799,6.799,95000.0,670970.0,-0.004393,0.006547,False,0.032507,0.648612,tencent
1641.HK,2026-04-17,63,7.079,7.079,6.649,6.939,6.939,17000.0,120700.0,0.020591,0.170599,False,0.032835,0.641377,tencent
1641.HK,2026-04-20,64,6.719,6.819,6.719,6.749,6.749,29500.0,209960.0,-0.027381,0.130413,False,0.033415,0.651196,tencent
1641.HK,2026-04-21,65,6.759,7.089,6.679,6.949,6.949,83500.0,603080.0,0.029634,0.049138,False,0.033522,0.64086,tencent
1641.HK,2026-04-22,66,6.769,6.849,6.649,6.849,6.849,55000.0,388660.0,-0.014391,0.037026,False,0.033366,0.646028,tencent
1641.HK,2026-04-23,67,6.399,6.639,6.399,6.589,6.589,29500.0,204000.0,-0.037962,0.186087,False,0.032426,0.659466,tencent
1641.HK,2026-04-24,68,6.579,7.099,6.549,6.699,6.699,91000.0,632550.0,0.016694,0.026392,False,0.032161,0.653781,tencent
1641.HK,2026-04-27,69,6.669,6.939,6.669,6.839,6.839,7500.0,53030.0,0.020899,0.394091,False,0.028943,0.646545,tencent
1641.HK,2026-04-28,70,6.839,6.839,6.639,6.649,6.649,33000.0,231630.0,-0.027782,0.119941,False,0.027417,0.656365,tencent
1641.HK,2026-04-29,71,6.589,6.629,6.109,6.419,6.419,189000.0,1257830.0,-0.034592,0.027501,False,0.028,0.668252,tencent
1641.HK,2026-04-30,72,6.299,6.499,6.289,6.499,6.499,40000.0,266210.0,0.012463,0.046816,False,0.026781,0.664117,tencent
1641.HK,2026-05-04,73,6.479,6.499,6.369,6.469,6.469,8000.0,54269.99999999999,-0.004616,0.085058,False,0.02536,0.665667,tencent
1641.HK,2026-05-05,74,6.319,6.419,6.249,6.419,6.419,13500.0,89420.0,-0.007729,0.086437,False,0.025381,0.668252,tencent
1641.HK,2026-05-06,75,6.269,6.309,6.219,6.219,6.219,40500.0,268100.0,-0.031158,0.116216,False,0.026434,0.678588,tencent
1641.HK,2026-05-07,76,6.249,6.349,6.249,6.299,6.299,35500.0,236670.00000000003,0.012864,0.054353,False,0.025318,0.674453,tencent
1641.HK,2026-05-08,77,6.299,6.319,6.249,6.319,6.319,15100.0,100210.00000000001,0.003175,0.031685,False,0.024704,0.67342,tencent
1641.HK,2026-05-11,78,6.319,6.329,6.259,6.329,6.329,19500.0,129280.00000000001,0.001583,0.012241,False,0.024623,0.672903,tencent
1641.HK,2026-05-12,79,6.329,6.329,6.249,6.249,6.249,4500.0,29740.000000000004,-0.01264,0.425024,False,0.024758,0.677038,tencent
1641.HK,2026-05-13,80,6.219,6.449,6.199,6.449,6.449,36500.0,240280.0,0.032005,0.133199,False,0.025791,0.666701,tencent
1641.HK,2026-05-14,81,6.349,6.349,6.199,6.249,6.249,12500.0,82160.0,-0.031013,0.377465,False,0.022459,0.677038,tencent
1641.HK,2026-05-15,82,6.199,6.199,6.069,6.139,6.139,56500.0,367269.99999999994,-0.017603,0.047929,False,0.022659,0.682723,tencent
1641.HK,2026-05-18,83,6.099,6.099,6.069,6.089,6.089,14500.0,93370.0,-0.008145,0.08723,False,0.021858,0.685307,tencent
1641.HK,2026-05-19,84,6.089,6.089,5.999,6.019,6.019,32500.0,206960.00000000003,-0.011496,0.055548,False,0.021333,0.688924,tencent
1641.HK,2026-05-20,85,6.009,6.009,5.969,5.969,5.969,15500.0,98160.0,-0.008307,0.084627,False,0.019667,0.691509,tencent
1641.HK,2026-05-21,86,5.889,5.889,5.849,5.849,5.849,29000.0,180450.00000000003,-0.020104,0.11141,False,0.019815,0.69771,tencent
1641.HK,2026-05-22,87,5.789,5.829,5.779,5.799,5.799,48000.0,295480.0,-0.008548,0.028931,False,0.018496,0.700295,tencent
1641.HK,2026-05-26,88,5.799,5.799,5.629,5.659,5.659,124500.0,750849.9999999999,-0.024142,0.032153,False,0.018085,0.70753,tencent
1641.HK,2026-05-27,89,5.549,5.549,5.449,5.449,5.449,27500.0,160880.0,-0.037109,0.230663,False,0.017815,0.718383,tencent
1641.HK,2026-05-28,90,5.409,5.449,5.139,5.349,5.349,103000.0,579140.0,-0.018352,0.031688,False,0.017473,0.723552,tencent
1641.HK,2026-05-29,91,5.349,5.349,4.999,5.039,5.039,59500.0,323670.0,-0.057955,0.179055,False,0.019784,0.739573,tencent
1641.HK,2026-06-01,92,5.029,5.029,4.879,5.019,5.019,49000.0,259280.0,-0.003969,0.015308,False,0.019049,0.740607,tencent
1641.HK,2026-06-02,93,5.019,5.019,4.879,4.999,4.999,73500.0,387130.0,-0.003985,0.010293,False,0.019064,0.74164,tencent
1641.HK,2026-06-03,94,4.989,5.059,4.889,5.059,5.059,33000.0,174670.0,0.012002,0.068715,False,0.019826,0.738539,tencent
1641.HK,2026-06-04,95,5.059,5.119,4.989,5.099,5.099,26000.0,140280.0,0.007907,0.056364,False,0.019727,0.736472,tencent
1641.HK,2026-06-05,96,5.099,5.119,4.959,5.079,5.079,26000.0,140090.0,-0.003922,0.027999,False,0.019062,0.737506,tencent
1641.HK,2026-06-08,97,5.059,5.059,4.909,4.909,4.909,25500.0,136530.0,-0.033471,0.245156,False,0.019433,0.746292,tencent
1641.HK,2026-06-09,98,4.949,5.029,4.929,5.009,5.009,26500.0,141660.0,0.020371,0.1438,False,0.020564,0.741124,tencent
1641.HK,2026-06-10,99,4.909,5.049,4.909,5.039,5.039,77500.0,411760.0,0.005989,0.014545,False,0.020925,0.739573,tencent
1641.HK,2026-06-11,100,4.969,5.049,4.949,5.039,5.039,43500.0,231810.0,0.0,0.0,False,0.018598,0.739573,tencent
1641.HK,2026-06-12,101,5.039,5.119,5.039,5.119,5.119,14000.0,76260.0,0.015876,0.208185,False,0.019038,0.735439,tencent
1641.HK,2026-06-15,102,5.119,5.159,5.119,5.159,5.159,5500.0,30250.0,0.007814,0.258315,False,0.019332,0.733371,tencent
1641.HK,2026-06-16,103,5.099,5.149,5.049,5.149,5.149,9000.0,49050.0,-0.001938,0.039518,False,0.019387,0.733888,tencent
1641.HK,2026-06-17,104,5.049,5.149,5.049,5.149,5.149,3000.0,16450.0,0.0,0.0,False,0.019454,0.733888,tencent
1641.HK,2026-06-18,105,4.949,5.119,4.839,4.989,4.989,48000.0,255350.0,-0.031074,0.121692,False,0.020151,0.742157,tencent
1641.HK,2026-06-22,106,4.849,4.939,4.849,4.939,4.939,11500.0,60610.0,-0.010022,0.165353,False,0.019977,0.744741,tencent
1641.HK,2026-06-23,107,4.749,4.939,4.599,4.749,4.749,54000.0,272560.0,-0.038469,0.141141,False,0.021092,0.754561,tencent
1641.HK,2026-06-24,108,4.719,4.719,4.569,4.699,4.699,10500.0,53140.0,-0.010529,0.198128,False,0.02082,0.757145,tencent
1641.HK,2026-06-25,109,4.649,4.649,4.459,4.459,4.459,28000.0,138740.0,-0.051075,0.368132,False,0.022011,0.769549,tencent
1641.HK,2026-06-26,110,4.259,4.259,3.929,4.019,4.019,75000.0,332060.00000000006,-0.098677,0.297166,False,0.029663,0.792289,tencent
1641.HK,2026-06-29,111,4.019,4.159,4.019,4.149,4.149,26000.0,115450.0,0.032346,0.280176,False,0.029453,0.78557,tencent
1641.HK,2026-06-30,112,4.25,4.3,4.2,4.3,4.3,10500.0,44800.00000000001,0.036394,0.812373,False,0.031167,0.777766,tencent
1641.HK,2026-07-02,113,4.3,4.41,4.1,4.4,4.4,29000.0,122810.0,0.023256,0.189364,False,0.031902,0.772598,tencent
1641.HK,2026-07-03,114,4.3,4.6,4.2,4.6,4.6,50000.0,215040.0,0.045455,0.211377,False,0.033713,0.762262,tencent
1641.HK,2026-07-06,115,4.5,4.5,4.25,4.45,4.45,28000.0,122960.0,-0.032609,0.265198,False,0.034163,0.770014,tencent
1641.HK,2026-07-07,116,4.26,4.5,4.26,4.5,4.5,3500.0,15260.0,0.011236,0.736301,False,0.034384,0.76743,tencent
1641.HK,2026-07-08,117,4.27,4.52,4.0,4.49,4.49,34500.0,147080.0,-0.002222,0.015109,False,0.033748,0.767947,tencent
1641.HK,2026-07-09,118,4.49,4.51,4.49,4.51,4.51,5000.0,22490.0,0.004454,0.198059,False,0.033331,0.766913,tencent
1641.HK,2026-07-10,119,4.41,4.45,4.41,4.45,4.45,14000.0,62100.0,-0.013304,0.214231,False,0.033284,0.770014,tencent
1641.HK,2026-07-13,120,4.4,4.4,4.3,4.3,4.3,18500.0,80559.99999999999,-0.033708,0.418419,False,0.033832,0.777766,tencent
1641.HK,2026-07-14,121,4.07,4.37,4.01,4.37,4.37,56500.0,232510.0,0.016279,0.070014,False,0.033847,0.774149,tencent
1641.HK,2026-07-15,122,4.37,4.37,4.37,4.37,4.37,0.0,0.0,0.0,,True,0.033707,0.774149,tencent
1641.HK,2026-07-16,123,4.44,4.8,4.44,4.6,4.6,1569500.0,6876760.0,0.052632,0.007654,False,0.036308,0.762262,tencent
1641.HK,2026-07-17,124,4.5,4.5,4.44,4.44,4.44,6000.0,26980.0,-0.034783,1.2892,False,0.036885,0.770531,tencent
1641.HK,2026-07-20,125,4.43,4.44,4.43,4.44,4.44,7500.0,33290.0,0.0,0.0,False,0.036457,0.770531,tencent
1641.HK,2026-07-21,126,4.85,4.85,4.64,4.64,4.64,14000.0,67240.0,0.045045,0.669914,False,0.038113,0.760194,tencent
1641.HK,2026-07-22,127,4.64,4.64,4.64,4.64,4.64,10000.0,46400.0,0.0,0.0,False,0.037156,0.760194,tencent
1641.HK,2026-07-23,128,4.64,4.64,4.64,4.64,4.64,2000.0,9280.0,0.0,0.0,False,0.037081,0.760194,tencent
1641.HK,2026-07-24,129,4.7,4.7,4.6,4.65,4.65,11000.0,51600.0,0.002155,0.041767,False,0.035076,0.759678,tencent
1641.HK,2026-07-27,130,4.65,4.69,4.49,4.69,4.69,16500.0,74510.0,0.008602,0.11545,False,0.025709,0.75761,tencent
1641.HK,2026-07-28,131,4.46,4.64,4.4,4.64,4.64,14500.0,64680.0,-0.010661,0.164827,False,0.025367,0.760194,tencent
1641.HK,2026-07-29,132,4.4,4.58,4.31,4.58,4.58,20000.0,89500.0,-0.012931,0.144481,False,0.024635,0.763295,tencent
1641.HK,2026-07-30,133,4.56,4.57,4.36,4.57,4.57,4000.0,18050.0,-0.002183,0.120964,False,0.024211,0.763812,tencent
1641.HK,2026-07-31,134,4.39,4.56,4.39,4.56,4.56,1000.0,4480.0,-0.002188,0.488434,False,0.021969,0.764329,tencent
1641.HK,2026-08-03,135,4.56,4.56,4.56,4.56,4.56,2500.0,11399.999999999998,0.0,0.0,False,0.020605,0.764329,tencent
1641.HK,2026-08-04,136,4.35,4.54,4.35,4.54,4.54,4500.0,19700.0,-0.004386,0.222638,False,0.020509,0.765363,tencent
1641.HK,2026-08-05,137,4.495,4.495,4.495,4.495,4.495,500.0,2250.0,-0.009912,4.405286,False,0.020638,0.767688,tencent
1641.HK,2026-08-06,138,4.385,4.48,4.385,4.48,4.48,4000.0,17560.0,-0.003337,0.190037,False,0.020628,0.768463,tencent
1641.HK,2026-08-07,139,4.48,4.48,4.4,4.4,4.4,12000.0,53179.99999999999,-0.017857,0.335787,False,0.020805,0.772598,tencent
1641.HK,2026-08-10,140,4.23,4.31,4.2,4.31,4.31,32500.0,137410.0,-0.020455,0.148858,False,0.019877,0.777249,tencent
1641.HK,2026-08-11,141,4.31,4.31,4.11,4.24,4.24,10500.0,43910.0,-0.016241,0.369877,False,0.019832,0.780867,tencent
1641.HK,2026-08-12,142,4.24,4.24,4.22,4.22,4.22,3500.0,14830.000000000002,-0.004717,0.31807,False,0.019843,0.781901,tencent
1641.HK,2026-08-13,143,4.22,4.22,4.18,4.22,4.22,17000.0,71260.0,0.0,0.0,False,0.015232,0.781901,tencent
1641.HK,2026-08-14,144,4.15,4.17,4.15,4.17,4.17,2000.0,8300.0,-0.011848,1.427511,False,0.013582,0.784485,tencent
1641.HK,2026-08-17,145,4.03,4.1,4.03,4.09,4.09,15500.0,63300.0,-0.019185,0.303075,False,0.014026,0.78862,tencent
1641.HK,2026-08-18,146,4.06,4.16,4.06,4.16,4.16,19000.0,77140.0,0.017115,0.221868,False,0.009566,0.785002,tencent
1641.HK,2026-08-19,147,4.16,4.16,4.16,4.16,4.16,0.0,0.0,0.0,,True,0.009566,0.785002,tencent
1641.HK,2026-08-20,148,4.15,4.15,4.15,4.15,4.15,15000.0,62250.0,-0.002404,0.038616,False,0.00951,0.785519,tencent
1641.HK,2026-08-21,149,4.145,4.145,4.145,4.145,4.145,3000.0,12450.000000000002,-0.001205,0.096773,False,0.009396,0.785777,tencent
1641.HK,2026-08-24,150,4.145,4.145,4.145,4.145,4.145,0.0,0.0,0.0,,True,0.008891,0.785777,tencent
1641.HK,2026-08-25,151,4.145,4.145,4.14,4.145,4.145,9500.0,39380.0,0.0,0.0,False,0.008924,0.785777,tencent
1641.HK,2026-08-26,152,4.145,4.145,4.145,4.145,4.145,3000.0,12440.0,0.0,0.0,False,0.008832,0.785777,tencent
1641.HK,2026-08-27,153,4.14,4.145,4.14,4.14,4.14,11500.0,47650.0,-0.001206,0.025315,False,0.00885,0.786035,tencent
1641.HK,2026-08-28,154,4.14,4.14,4.14,4.14,4.14,0.0,0.0,0.0,,True,0.008899,0.786035,tencent
1641.HK,2026-08-31,155,4.14,4.14,3.85,3.85,3.85,49000.0,190189.99999999997,-0.070048,0.368307,False,0.017008,0.801023,tencent
1641.HK,2026-09-01,156,3.85,3.85,3.61,3.68,3.68,32500.0,119990.0,-0.044156,0.367996,False,0.018763,0.809809,tencent
1641.HK,2026-09-02,157,3.61,3.74,3.565,3.74,3.74,24500.0,88539.99999999999,0.016304,0.184147,False,0.019682,0.806708,tencent
1641.HK,2026-09-03,158,3.74,3.74,3.74,3.74,3.74,0.0,0.0,0.0,,True,0.019747,0.806708,tencent
1641.HK,2026-09-04,159,3.7,3.7,3.7,3.7,3.7,2000.0,7400.0,-0.010695,1.445296,False,0.019638,0.808776,tencent
1641.HK,2026-09-07,160,3.7,3.87,3.7,3.87,3.87,2500.0,9420.0,0.045946,4.877489,False,0.02285,0.79999,tencent
1641.HK,2026-09-08,161,3.87,3.87,3.795,3.795,3.795,3000.0,11600.0,-0.01938,1.670676,False,0.022941,0.803866,tencent
1641.HK,2026-09-09,162,3.785,3.785,3.785,3.785,3.785,0.0,0.0,-0.002635,,True,0.022948,0.804383,tencent
1641.HK,2026-09-10,163,3.565,3.725,3.565,3.725,3.725,4500.0,16120.000000000002,-0.015852,0.983378,False,0.023034,0.807484,tencent
1641.HK,2026-09-11,164,3.58,3.77,3.58,3.77,3.77,4500.0,16220.000000000002,0.012081,0.744793,False,0.023332,0.805158,tencent
1641.HK,2026-09-14,165,3.505,3.745,3.505,3.665,3.665,7000.0,24710.0,-0.027851,1.127133,False,0.023691,0.810585,tencent
1641.HK,2026-09-15,166,3.6,3.6,3.6,3.6,3.6,500.0,1800.0,-0.017735,9.852963,False,0.023241,0.813944,tencent
1641.HK,2026-09-16,167,3.6,3.6,3.6,3.6,3.6,10000.0,36000.0,0.0,0.0,False,0.023241,0.813944,tencent
1641.HK,2026-09-17,168,3.59,3.59,3.59,3.59,3.59,500.0,1750.0,-0.002778,1.587302,False,0.023237,0.814461,tencent
1641.HK,2026-09-18,169,3.505,3.53,3.5,3.53,3.53,18500.0,64800.00000000001,-0.016713,0.257918,False,0.023294,0.817562,tencent
1641.HK,2026-09-21,170,3.52,3.52,3.52,3.52,3.52,0.0,0.0,-0.002833,,True,0.023253,0.818078,tencent
1641.HK,2026-09-22,171,3.5,3.5,3.5,3.5,3.5,10500.0,36230.0,-0.005682,0.156826,False,0.023186,0.819112,tencent
9611.HK,2026-01-22,1,34.429,36.289,30.649,31.529,31.529,24635488.0,836579720.0,0.017065,2e-05,False,,0.131169,tencent
9611.HK,2026-01-23,2,31.529,32.029,30.529,30.529,30.529,4103900.0,129037490.0,-0.031717,0.000246,False,,0.158726,tencent
9611.HK,2026-01-26,3,30.629,30.729,29.329,30.429,30.429,4825100.0,148194850.0,-0.003276,2.2e-05,False,,0.161481,tencent
9611.HK,2026-01-27,4,30.449,30.789,29.429,30.429,30.429,2526200.0,77629250.0,0.0,0.0,False,,0.161481,tencent
9611.HK,2026-01-28,5,30.429,30.429,29.589,30.429,30.429,2523292.0,77447910.0,0.0,0.0,False,0.017632,0.161481,tencent
9611.HK,2026-01-29,6,30.429,30.889,29.849,29.929,29.929,1839800.0,56787460.0,-0.016432,0.000289,False,0.01662,0.17526,tencent
9611.HK,2026-01-30,7,29.929,29.929,29.429,29.429,29.429,1378900.0,41532620.0,-0.016706,0.000402,False,0.015729,0.189038,tencent
9611.HK,2026-02-02,8,29.449,29.529,29.229,29.269,29.269,1515100.0,45446480.0,-0.005437,0.00012,False,0.014577,0.193447,tencent
9611.HK,2026-02-03,9,29.449,30.069,29.089,29.829,29.829,720220.0,21689050.000000004,0.019133,0.000882,False,0.016192,0.178015,tencent
9611.HK,2026-02-04,10,29.829,29.909,29.369,29.569,29.569,531300.0,15961380.0,-0.008716,0.000546,False,0.015334,0.18518,tencent
9611.HK,2026-02-05,11,29.429,29.729,27.149,29.429,29.429,1598273.0,46205370.0,-0.004735,0.000102,False,0.014547,0.189038,tencent
9611.HK,2026-02-06,12,28.409,28.409,27.729,27.829,27.829,512600.0,14665060.0,-0.054368,0.003707,False,0.019966,0.233128,tencent
9611.HK,2026-02-09,13,27.829,28.809,27.449,28.489,28.489,599316.0,17141780.0,0.023716,0.001384,False,0.021132,0.214941,tencent
9611.HK,2026-02-10,14,28.489,29.429,28.429,28.429,28.429,379000.0,11207570.0,-0.002106,0.000188,False,0.020333,0.216595,tencent
9611.HK,2026-02-11,15,28.489,28.649,27.529,27.529,27.529,479200.0,13628530.0,-0.031658,0.002323,False,0.020686,0.241395,tencent
9611.HK,2026-02-12,16,27.429,27.729,27.109,27.549,27.549,374500.0,10467680.0,0.000727,6.9e-05,False,0.020095,0.240844,tencent
9611.HK,2026-02-13,17,27.549,30.569,27.489,29.789,29.789,1675000.0,50606690.0,0.08131,0.001607,False,0.028964,0.179118,tencent
9611.HK,2026-02-16,18,29.789,30.169,29.249,30.149,30.149,276600.0,8396670.0,0.012085,0.001439,False,0.028294,0.169197,tencent
9611.HK,2026-02-20,19,30.149,30.189,28.429,28.869,28.869,628100.0,18531430.0,-0.042456,0.002291,False,0.029082,0.20447,tencent
9611.HK,2026-02-23,20,29.129,29.989,28.649,29.989,29.989,556200.0,16819510.0,0.038796,0.002307,False,0.029834,0.173606,tencent
9611.HK,2026-02-24,21,30.229,30.349,28.429,28.589,28.589,1348500.0,39769110.0,-0.046684,0.001174,False,0.031151,0.212186,tencent
9611.HK,2026-02-25,22,28.929,29.789,28.729,29.289,29.289,1154700.0,34647670.0,0.024485,0.000707,False,0.031095,0.192896,tencent
9611.HK,2026-02-26,23,29.409,30.229,29.049,29.629,29.629,1174800.0,35503170.0,0.011608,0.000327,False,0.031231,0.183527,tencent
9611.HK,2026-02-27,24,29.949,30.089,28.649,28.669,28.669,1180900.0,35351690.0,-0.032401,0.000917,False,0.032014,0.209981,tencent
9611.HK,2026-03-02,25,28.129,28.329,26.449,26.449,26.449,984400.0,27186260.000000004,-0.077436,0.002848,False,0.036116,0.271157,tencent
9611.HK,2026-03-03,26,26.489,26.969,24.229,24.229,24.229,1178900.0,30463270.000000004,-0.083935,0.002755,False,0.040047,0.332332,tencent
9611.HK,2026-03-04,27,23.889,25.069,23.529,23.729,23.729,1014800.0,25084760.0,-0.020636,0.000823,False,0.040093,0.34611,tencent
9611.HK,2026-03-05,28,24.349,25.749,24.089,24.089,24.089,1228600.0,31047480.0,0.015171,0.000489,False,0.040477,0.33619,tencent
9611.HK,2026-03-06,29,23.969,25.949,23.749,25.229,25.229,1427600.0,36371920.0,0.047325,0.001301,False,0.041968,0.304776,tencent
9611.HK,2026-03-09,30,25.229,25.229,23.229,24.189,24.189,1733900.0,42216070.0,-0.041222,0.000976,False,0.042642,0.333434,tencent
9611.HK,2026-03-10,31,24.429,24.929,24.289,24.629,24.629,902400.0,22802230.0,0.01819,0.000798,False,0.043072,0.321309,tencent
9611.HK,2026-03-11,32,24.629,25.129,23.989,23.989,23.989,854100.0,21332340.0,-0.025986,0.001218,False,0.041915,0.338946,tencent
9611.HK,2026-03-12,33,24.029,24.229,23.429,23.849,23.849,732000.0,17835480.0,-0.005836,0.000327,False,0.041309,0.342804,tencent
9611.HK,2026-03-13,34,23.829,23.829,23.149,23.189,23.189,816000.0,19527360.0,-0.027674,0.001417,False,0.041511,0.360991,tencent
9611.HK,2026-03-16,35,23.129,24.209,23.129,24.209,24.209,748700.0,18144480.0,0.043986,0.002424,False,0.042794,0.332883,tencent
9611.HK,2026-03-17,36,24.209,24.209,23.169,23.229,23.229,615300.0,14894310.0,-0.040481,0.002718,False,0.043463,0.359889,tencent
9611.HK,2026-03-18,37,23.609,23.769,23.249,23.569,23.569,412800.0,9960550.0,0.014637,0.001469,False,0.038567,0.350519,tencent
9611.HK,2026-03-19,38,23.529,24.269,23.209,23.329,23.329,691100.0,16875060.0,-0.010183,0.000603,False,0.038187,0.357133,tencent
9611.HK,2026-03-20,39,23.329,24.009,22.949,23.029,23.029,648900.0,15609480.0,-0.01286,0.000824,False,0.037514,0.3654,tencent
9611.HK,2026-03-23,40,22.969,23.009,21.069,21.129,21.129,1044200.0,23107010.0,-0.082505,0.003571,False,0.038895,0.417757,tencent
9611.HK,2026-03-24,41,21.429,21.769,21.089,21.589,21.589,668600.0,14724730.0,0.021771,0.001479,False,0.039122,0.405081,tencent
9611.HK,2026-03-25,42,21.729,23.409,21.729,23.209,23.209,1113900.0,26229090.0,0.075038,0.002861,False,0.043114,0.36044,tencent
9611.HK,2026-03-26,43,23.209,23.429,21.929,22.049,22.049,635800.0,14657870.0,-0.049981,0.00341,False,0.043635,0.392405,tencent
9611.HK,2026-03-27,44,21.729,22.889,21.729,22.189,22.189,360400.0,8264700.0,0.006349,0.000768,False,0.043624,0.388547,tencent
9611.HK,2026-03-30,45,22.309,22.309,21.449,21.809,21.809,302200.0,6771840.0,-0.017126,0.002529,False,0.040845,0.399019,tencent
9611.HK,2026-03-31,46,21.809,22.989,21.809,22.569,22.569,895200.0,20682650.0,0.034848,0.001685,False,0.037872,0.378076,tencent
9611.HK,2026-04-01,47,23.029,23.469,22.769,23.209,23.209,428300.0,10178290.0,0.028357,0.002786,False,0.038245,0.36044,tencent
9611.HK,2026-04-02,48,23.209,23.509,22.469,22.629,22.629,450100.0,10522080.0,-0.02499,0.002375,False,0.038437,0.376423,tencent
9611.HK,2026-04-08,49,22.869,24.009,22.869,23.929,23.929,1039100.0,25217990.0,0.057448,0.002278,False,0.039186,0.340599,tencent
9611.HK,2026-04-09,50,23.769,23.849,23.189,23.249,23.249,387000.0,9304390.0,-0.028417,0.003054,False,0.038611,0.359338,tencent
9611.HK,2026-04-10,51,23.429,24.069,23.149,23.549,23.549,394100.0,9549310.0,0.012904,0.001351,False,0.038488,0.351071,tencent
9611.HK,2026-04-13,52,23.549,23.549,22.949,23.169,23.169,264200.0,6251150.0,-0.016137,0.002581,False,0.038221,0.361542,tencent
9611.HK,2026-04-14,53,23.329,25.109,23.329,25.029,25.029,1432100.0,35847100.0,0.08028,0.00224,False,0.042287,0.310287,tencent
9611.HK,2026-04-15,54,25.009,25.169,23.949,23.949,23.949,815500.0,20295240.0,-0.04315,0.002126,False,0.043018,0.340048,tencent
9611.HK,2026-04-16,55,24.089,24.689,24.069,24.429,24.429,589600.0,14731320.0,0.020043,0.001361,False,0.042127,0.326821,tencent
9611.HK,2026-04-17,56,24.429,24.589,23.529,24.369,24.369,898100.0,21918159.999999996,-0.002456,0.000112,False,0.040985,0.328474,tencent
9611.HK,2026-04-20,57,24.429,24.629,23.969,24.249,24.249,959884.0,23818860.0,-0.004924,0.000207,False,0.040931,0.331781,tencent
9611.HK,2026-04-21,58,24.109,24.209,22.469,23.289,23.289,1020100.0,24111070.0,-0.039589,0.001642,False,0.041916,0.358235,tencent
9611.HK,2026-04-22,59,22.969,22.969,22.029,22.229,22.229,697600.0,15972790.0,-0.045515,0.00285,False,0.043093,0.387445,tencent
9611.HK,2026-04-23,60,22.229,22.229,20.929,21.049,21.049,924400.0,20232840.0,-0.053084,0.002624,False,0.04059,0.419962,tencent
9611.HK,2026-04-24,61,21.009,21.129,20.129,20.209,20.209,747000.0,15645220.0,-0.039907,0.002551,False,0.041233,0.443109,tencent
9611.HK,2026-04-27,62,20.609,22.829,20.129,21.809,21.809,2712500.0,60834610.0,0.079173,0.001301,False,0.041651,0.399019,tencent
9611.HK,2026-04-28,63,21.809,21.809,20.529,20.629,20.629,864000.0,18464630.0,-0.054106,0.00293,False,0.041909,0.431536,tencent
9611.HK,2026-04-29,64,20.529,21.409,20.429,21.409,21.409,896100.0,19220810.0,0.037811,0.001967,False,0.042838,0.410042,tencent
9611.HK,2026-04-30,65,21.109,22.029,20.969,21.269,21.269,1111000.0,24380400.0,-0.006539,0.000268,False,0.042693,0.4139,tencent
9611.HK,2026-05-04,66,21.269,21.769,20.869,20.989,20.989,179800.0,3932040.0,-0.013165,0.003348,False,0.04195,0.421615,tencent
9611.HK,2026-05-05,67,20.989,21.909,20.509,20.989,20.989,265000.0,5757290.0,0.0,0.0,False,0.041316,0.421615,tencent
9611.HK,2026-05-06,68,21.389,21.609,20.429,21.109,21.109,935600.0,20324420.0,0.005717,0.000281,False,0.041073,0.418309,tencent
9611.HK,2026-05-07,69,21.429,22.469,21.109,22.229,22.229,1059500.0,24037550.0,0.053058,0.002207,False,0.040745,0.387445,tencent
9611.HK,2026-05-08,70,22.209,23.949,22.149,23.469,23.469,1542700.0,36565390.0,0.055783,0.001526,False,0.042291,0.353275,tencent
9611.HK,2026-05-11,71,23.889,25.589,23.229,25.109,25.109,2629800.0,66681910.0,0.069879,0.001048,False,0.044948,0.308082,tencent
9611.HK,2026-05-12,72,25.529,25.689,24.009,24.629,24.629,1196000.0,30208320.0,-0.019117,0.000633,False,0.045024,0.321309,tencent
9611.HK,2026-05-13,73,24.109,26.429,23.969,25.989,25.989,1517400.0,39974790.0,0.055219,0.001381,False,0.043097,0.283833,tencent
9611.HK,2026-05-14,74,26.009,26.709,25.709,26.009,26.009,958200.0,25571340.0,0.00077,3e-05,False,0.041732,0.283281,tencent
9611.HK,2026-05-15,75,26.049,26.789,25.529,25.809,25.809,661000.0,17685350.0,-0.00769,0.000435,False,0.041665,0.288793,tencent
9611.HK,2026-05-18,76,25.549,25.929,25.069,25.549,25.549,650900.0,16910700.0,-0.010074,0.000596,False,0.041758,0.295957,tencent
9611.HK,2026-05-19,77,25.54,25.54,24.18,25.24,25.24,648600.0,16011470.0,-0.012094,0.000755,False,0.041862,0.304472,tencent
9611.HK,2026-05-20,78,25.24,26.8,24.6,26.64,26.64,691300.0,17742730.0,0.055468,0.003126,False,0.042188,0.265893,tencent
9611.HK,2026-05-21,79,26.64,27.4,25.06,25.16,25.16,822800.0,21653069.999999996,-0.055556,0.002566,False,0.042906,0.306677,tencent
9611.HK,2026-05-22,80,26.84,26.84,25.58,26.22,26.22,379800.0,9898740.0,0.04213,0.004256,False,0.041125,0.277467,tencent
9611.HK,2026-05-26,81,26.22,26.8,24.8,25.86,25.86,577300.0,14718750.0,-0.01373,0.000933,False,0.039786,0.287387,tencent
9611.HK,2026-05-27,82,26.0,26.3,25.18,25.52,25.52,426800.0,10941830.0,-0.013148,0.001202,False,0.036979,0.296757,tencent
9611.HK,2026-05-28,83,26.1,26.1,24.74,25.16,25.16,600300.0,15122670.0,-0.014107,0.000933,False,0.034405,0.306677,tencent
9611.HK,2026-05-29,84,25.9,26.3,23.2,23.3,23.3,827600.0,19965110.0,-0.073927,0.003703,False,0.038563,0.357932,tencent
9611.HK,2026-06-01,85,24.6,27.76,24.0,26.42,26.42,3296600.0,87656050.0,0.133906,0.001528,False,0.047996,0.271956,tencent
9611.HK,2026-06-02,86,27.62,29.0,26.08,26.56,26.56,3690100.0,100893610.00000001,0.005299,5.3e-05,False,0.047664,0.268098,tencent
9611.HK,2026-06-03,87,26.56,28.0,25.8,27.2,27.2,1681320.0,45737780.0,0.024096,0.000527,False,0.047625,0.250462,tencent
9611.HK,2026-06-04,88,26.6,26.98,25.26,25.36,25.36,907700.0,23640079.999999996,-0.067647,0.002862,False,0.051009,0.301166,tencent
9611.HK,2026-06-05,89,25.4,27.46,24.5,26.4,26.4,1554900.0,41021809.99999999,0.041009,0.001,False,0.050548,0.272507,tencent
9611.HK,2026-06-08,90,25.9,26.38,24.74,25.22,25.22,961400.0,24467940.0,-0.044697,0.001827,False,0.050733,0.305024,tencent
9611.HK,2026-06-09,91,25.98,26.06,24.8,25.32,25.32,488600.0,12332210.0,0.003965,0.000322,False,0.048369,0.302268,tencent
9611.HK,2026-06-10,92,25.32,25.32,23.7,24.9,24.9,594730.0,14410640.0,-0.016588,0.001151,False,0.048315,0.313842,tencent
9611.HK,2026-06-11,93,24.66,25.8,24.5,25.3,25.3,1330800.0,33633570.0,0.016064,0.000478,False,0.046799,0.302819,tencent
9611.HK,2026-06-12,94,25.34,26.2,24.56,24.92,24.92,445800.0,11267639.999999998,-0.01502,0.001333,False,0.046913,0.313291,tencent
9611.HK,2026-06-15,95,24.92,26.4,24.92,25.66,25.66,509800.0,13083970.0,0.029695,0.00227,False,0.047379,0.292899,tencent
9611.HK,2026-06-16,96,25.14,26.96,25.1,25.2,25.2,759010.0,19731580.0,-0.017927,0.000909,False,0.047506,0.305575,tencent
9611.HK,2026-06-17,97,24.82,25.3,24.54,25.06,25.06,443800.0,11083219.999999998,-0.005556,0.000501,False,0.047439,0.309433,tencent
9611.HK,2026-06-18,98,24.64,25.18,23.9,23.98,23.98,387000.0,9456570.0,-0.043097,0.004557,False,0.04656,0.339194,tencent
9611.HK,2026-06-22,99,23.98,24.0,22.62,22.84,22.84,514800.0,11865850.0,-0.04754,0.004006,False,0.046127,0.370608,tencent
9611.HK,2026-06-23,100,22.4,24.96,22.3,23.84,23.84,932300.0,22146720.0,0.043783,0.001977,False,0.046215,0.343052,tencent
9611.HK,2026-06-24,101,24.0,24.38,23.0,24.2,24.2,1133000.0,27119010.0,0.015101,0.000557,False,0.046337,0.333131,tencent
9611.HK,2026-06-25,102,24.26,27.38,24.26,26.46,26.46,2069000.0,53323549.99999999,0.093388,0.001751,False,0.050923,0.270853,tencent
9611.HK,2026-06-26,103,26.92,27.9,25.2,25.26,25.26,1684700.0,44769250.0,-0.045351,0.001013,False,0.051945,0.303921,tencent
9611.HK,2026-06-29,104,25.98,25.98,24.04,24.58,24.58,647100.0,15934280.000000002,-0.02692,0.001689,False,0.049354,0.32266,tencent
9611.HK,2026-06-30,105,24.22,25.26,24.1,25.0,25.0,812600.0,20227440.0,0.017087,0.000845,False,0.038965,0.311086,tencent
9611.HK,2026-07-02,106,24.44,24.44,22.8,23.18,23.18,1260300.0,29598620.0,-0.0728,0.00246,False,0.041986,0.361239,tencent
9611.HK,2026-07-03,107,23.16,23.9,22.92,23.12,23.12,465200.0,10920590.0,-0.002588,0.000237,False,0.041401,0.362892,tencent
9611.HK,2026-07-06,108,23.42,23.42,21.88,22.24,22.24,579000.0,13068140.0,-0.038062,0.002913,False,0.039621,0.387142,tencent
9611.HK,2026-07-07,109,22.2,22.58,21.56,21.7,21.7,302500.0,6620680.0,-0.024281,0.003667,False,0.038227,0.402023,tencent
9611.HK,2026-07-08,110,22.22,22.96,21.92,22.44,22.44,734500.0,16475580.0,0.034101,0.00207,False,0.038421,0.381631,tencent
9611.HK,2026-07-09,111,22.9,23.42,22.32,23.18,23.18,878400.0,20244210.0,0.032977,0.001629,False,0.03932,0.361239,tencent
9611.HK,2026-07-10,112,22.62,24.42,22.62,23.1,23.1,517000.0,12255350.0,-0.003451,0.000282,False,0.039202,0.363443,tencent
9611.HK,2026-07-13,113,24.46,24.46,21.92,22.06,22.06,420100.0,9457470.0,-0.045022,0.00476,False,0.040008,0.392102,tencent
9611.HK,2026-07-14,114,21.78,23.56,21.52,23.0,23.0,781600.0,17649900.0,0.042611,0.002414,False,0.041382,0.366199,tencent
9611.HK,2026-07-15,115,23.0,23.22,22.66,22.96,22.96,128000.0,2922290.0,-0.001739,0.000595,False,0.040658,0.367301,tencent
9611.HK,2026-07-16,116,23.54,24.5,22.62,22.7,22.7,1147300.0,27003150.0,-0.011324,0.000419,False,0.040572,0.374466,tencent
9611.HK,2026-07-17,117,23.34,23.34,21.2,21.34,21.34,633300.0,13884420.0,-0.059912,0.004315,False,0.042429,0.411943,tencent
9611.HK,2026-07-20,118,21.34,21.48,20.82,21.2,21.2,445600.0,9437500.0,-0.00656,0.000695,False,0.041578,0.415801,tencent
9611.HK,2026-07-21,119,21.92,22.06,21.24,21.92,21.92,254400.0,5525140.0,0.033962,0.006147,False,0.041215,0.39596,tencent
9611.HK,2026-07-22,120,22.28,22.28,21.3,21.74,21.74,257600.0,5605140.0,-0.008212,0.001465,False,0.039842,0.40092,tencent
9611.HK,2026-07-23,121,21.36,21.86,21.26,21.6,21.6,239000.0,5142020.0,-0.00644,0.001252,False,0.039593,0.404778,tencent
9611.HK,2026-07-24,122,21.26,21.76,20.88,21.14,21.14,156500.0,3314210.0,-0.021296,0.006426,False,0.032224,0.417454,tencent
9611.HK,2026-07-27,123,21.7,21.7,20.98,21.58,21.58,129300.0,2755600.0,0.020814,0.007553,False,0.03187,0.405329,tencent
9611.HK,2026-07-28,124,21.56,22.52,21.56,22.28,22.28,769000.0,17070390.0,0.032437,0.0019,False,0.032705,0.38604,tencent
9611.HK,2026-07-29,125,22.0,22.64,21.8,22.14,22.14,252400.0,5567500.0,-0.006284,0.001129,False,0.032312,0.389898,tencent
9611.HK,2026-07-30,126,21.7,22.28,21.0,21.04,21.04,311400.0,6690830.0,-0.049684,0.007426,False,0.030119,0.42021,tencent
9611.HK,2026-07-31,127,21.88,21.88,21.06,21.4,21.4,590100.0,12667900.0,0.01711,0.001351,False,0.030501,0.41029,tencent
9611.HK,2026-08-03,128,21.68,21.68,20.16,21.36,21.36,1053400.0,22049010.0,-0.001869,8.5e-05,False,0.029391,0.411392,tencent
9611.HK,2026-08-04,129,21.18,21.68,21.14,21.54,21.54,169200.0,3633130.0,0.008427,0.002319,False,0.028969,0.406432,tencent
9611.HK,2026-08-05,130,21.62,22.5,21.62,22.2,22.2,432400.0,9574600.0,0.030641,0.0032,False,0.028765,0.388244,tencent
9611.HK,2026-08-06,131,21.76,22.14,21.58,21.84,21.84,152100.0,3307610.0000000005,-0.016216,0.004903,False,0.027873,0.398165,tencent
9611.HK,2026-08-07,132,21.82,22.28,21.62,22.2,22.2,213600.0,4688800.0,0.016484,0.003516,False,0.028196,0.388244,tencent
9611.HK,2026-08-10,133,22.2,23.52,21.8,23.24,23.24,701700.0,15944369.999999998,0.046847,0.002938,False,0.028233,0.359586,tencent
9611.HK,2026-08-11,134,22.92,23.2,22.56,22.8,22.8,365400.0,8353960.0,-0.018933,0.002266,False,0.027015,0.37171,tencent
9611.HK,2026-08-12,135,23.02,23.26,22.68,23.12,23.12,376100.0,8647720.0,0.014035,0.001623,False,0.027194,0.362892,tencent
9611.HK,2026-08-13,136,23.16,25.9,23.16,25.78,25.78,2128100.0,52761650.0,0.115052,0.002181,False,0.037123,0.289592,tencent
9611.HK,2026-08-14,137,28.0,28.5,22.26,23.06,23.06,6381200.0,151202410.0,-0.105508,0.000698,False,0.042465,0.364546,tencent
9611.HK,2026-08-17,138,23.14,24.28,22.7,24.12,24.12,2476000.0,58123010.00000001,0.045967,0.000791,False,0.043345,0.335336,tencent
9611.HK,2026-08-18,139,23.62,23.64,22.3,22.6,22.6,1584600.0,36138700.0,-0.063018,0.001744,False,0.04558,0.377222,tencent
9611.HK,2026-08-19,140,22.4,22.56,21.34,21.5,21.5,899200.0,19656110.0,-0.048673,0.002476,False,0.046958,0.407534,tencent
9611.HK,2026-08-20,141,22.1,23.2,21.62,22.88,22.88,876500.0,19654170.0,0.064186,0.003266,False,0.04902,0.369506,tencent
9611.HK,2026-08-21,142,22.88,23.86,22.56,23.2,23.2,648100.0,15137840.000000002,0.013986,0.000924,False,0.048694,0.360688,tencent
9611.HK,2026-08-24,143,23.2,23.2,22.02,22.28,22.28,266600.0,5961700.0,-0.039655,0.006652,False,0.049581,0.38604,tencent
9611.HK,2026-08-25,144,22.02,22.64,21.9,22.28,22.28,203100.0,4520320.0,0.0,0.0,False,0.049088,0.38604,tencent
9611.HK,2026-08-26,145,22.5,22.64,22.34,22.4,22.4,139300.0,3137080.0000000005,0.005386,0.001717,False,0.049064,0.382733,tencent
9611.HK,2026-08-27,146,22.68,23.3,22.36,23.16,23.16,561200.0,12838820.0,0.033929,0.002643,False,0.048004,0.36179,tencent
9611.HK,2026-08-28,147,23.12,23.26,22.38,22.58,22.58,288500.0,6577290.0,-0.025043,0.003808,False,0.04841,0.377773,tencent
9611.HK,2026-08-31,148,22.42,23.16,22.16,23.1,23.1,436500.0,9955510.0,0.023029,0.002313,False,0.048576,0.363443,tencent
9611.HK,2026-09-01,149,22.92,23.06,22.2,22.26,22.26,457300.0,10329920.0,-0.036364,0.00352,False,0.049437,0.386591,tencent
9611.HK,2026-09-02,150,22.2,22.4,21.44,21.6,21.6,380600.0,8264090.0,-0.02965,0.003588,False,0.049489,0.404778,tencent
9611.HK,2026-09-03,151,22.24,22.24,21.76,22.02,22.02,223100.0,4907420.0,0.019444,0.003962,False,0.049524,0.393205,tencent
9611.HK,2026-09-04,152,22.28,23.46,22.28,22.8,22.8,836300.0,19260800.0,0.035422,0.001839,False,0.050003,0.37171,tencent
9611.HK,2026-09-07,153,22.8,23.1,22.52,22.52,22.52,105000.0,2393240.0,-0.012281,0.005131,False,0.048982,0.379426,tencent
9611.HK,2026-09-08,154,22.5,22.5,21.9,21.92,21.92,167900.0,3717330.0,-0.026643,0.007167,False,0.049165,0.39596,tencent
9611.HK,2026-09-09,155,22.1,22.34,21.6,21.78,21.78,88200.0,1925509.9999999998,-0.006387,0.003317,False,0.049052,0.399818,tencent
9611.HK,2026-09-10,156,21.54,22.28,21.2,21.28,21.28,210700.0,4520770.0,-0.022957,0.005078,False,0.040747,0.413596,tencent
9611.HK,2026-09-11,157,21.2,21.2,20.34,20.58,20.58,332100.0,6871920.0,-0.032895,0.004787,False,0.034413,0.432886,tencent
9611.HK,2026-09-14,158,20.38,20.64,20.28,20.36,20.36,84800.0,1733910.0,-0.01069,0.006165,False,0.032251,0.438948,tencent
9611.HK,2026-09-15,159,20.72,20.72,20.18,20.28,20.28,171700.0,3502980.0,-0.003929,0.001122,False,0.029533,0.441153,tencent
9611.HK,2026-09-16,160,20.28,21.0,20.28,20.54,20.54,75400.0,1557900.0,0.012821,0.008229,False,0.027901,0.433988,tencent
9611.HK,2026-09-17,161,20.54,20.56,20.18,20.42,20.42,115400.0,2343460.0,-0.005842,0.002493,False,0.023161,0.437295,tencent
9611.HK,2026-09-18,162,20.78,20.78,20.5,20.76,20.76,105300.0,2173110.0,0.01665,0.007662,False,0.023286,0.427926,tencent
9611.HK,2026-09-21,163,20.72,21.4,20.66,21.3,21.3,281700.0,5953350.0,0.026012,0.004369,False,0.022809,0.413045,tencent
9611.HK,2026-09-22,164,21.44,23.84,21.44,21.84,21.84,1921800.0,43583260.0,0.025352,0.000582,False,0.023616,0.398165,tencent
1768.HK,2026-01-28,1,445.0,445.0,399.2,400.0,400.0,7881401.0,3312071120.0,0.690617,0.000209,False,,0.101124,tencent
1768.HK,2026-01-29,2,392.4,428.0,370.4,420.0,420.0,2347305.0,926800830.0,0.05,5.4e-05,False,,0.05618,tencent
1768.HK,2026-01-30,3,419.8,440.2,403.0,411.0,411.0,711989.0,298238560.0,-0.021429,7.2e-05,False,,0.076404,tencent
1768.HK,2026-02-02,4,401.0,414.2,385.2,392.0,392.0,508175.0,201021000.0,-0.046229,0.00023,False,,0.119101,tencent
1768.HK,2026-02-03,5,396.0,410.6,378.0,407.6,407.6,587062.0,233195420.0,0.039796,0.000171,False,0.309042,0.084045,tencent
1768.HK,2026-02-04,6,407.4,407.4,388.0,399.4,399.4,261844.0,104195090.0,-0.020118,0.000193,False,0.284281,0.102472,tencent
1768.HK,2026-02-05,7,395.2,403.6,380.0,386.2,386.2,329437.0,128187380.0,-0.03305,0.000258,False,0.265511,0.132135,tencent
1768.HK,2026-02-06,8,382.0,390.0,376.0,381.0,381.0,140359.0,53886590.0,-0.013465,0.00025,False,0.248747,0.14382,tencent
1768.HK,2026-02-09,9,392.0,405.0,378.4,379.6,379.6,424173.0,164039750.0,-0.003675,2.2e-05,False,0.234378,0.146966,tencent
1768.HK,2026-02-10,10,378.0,395.0,372.0,389.8,389.8,198868.0,77014560.0,0.02687,0.000349,False,0.221421,0.124045,tencent
1768.HK,2026-02-11,11,389.8,400.0,382.4,388.0,388.0,477586.0,186470610.00000003,-0.004618,2.5e-05,False,0.211164,0.12809,tencent
1768.HK,2026-02-12,12,393.4,394.8,383.6,390.2,390.2,104061.0,40519630.0,0.00567,0.00014,False,0.201956,0.123146,tencent
1768.HK,2026-02-13,13,391.0,414.8,388.8,394.0,394.0,486911.0,195521960.0,0.009739,5e-05,False,0.193781,0.114607,tencent
1768.HK,2026-02-16,14,395.2,395.2,382.0,391.8,391.8,97000.0,37560920.0,-0.005584,0.000149,False,0.186821,0.119551,tencent
1768.HK,2026-02-20,15,387.2,404.4,380.2,398.0,398.0,242223.0,95572410.0,0.015824,0.000166,False,0.180219,0.105618,tencent
1768.HK,2026-02-23,16,395.0,412.4,395.0,405.8,405.8,195412.0,78938570.0,0.019598,0.000248,False,0.174233,0.08809,tencent
1768.HK,2026-02-24,17,407.8,413.6,393.6,402.2,402.2,413431.0,167343800.0,-0.008871,5.3e-05,False,0.169194,0.09618,tencent
1768.HK,2026-02-25,18,405.0,443.8,402.0,435.0,435.0,527325.0,223666950.0,0.081551,0.000365,False,0.164417,0.022472,tencent
1768.HK,2026-02-26,19,435.0,461.2,430.0,445.0,445.0,347545.0,155462070.0,0.022989,0.000148,False,0.159854,0.035126,tencent
1768.HK,2026-02-27,20,443.0,445.6,421.2,424.2,424.2,144162.0,62498100.00000001,-0.046742,0.000748,False,0.156862,0.080225,tencent
1768.HK,2026-03-02,21,420.0,429.8,405.8,408.0,408.0,269385.0,111003970.00000001,-0.03819,0.000344,False,0.033058,0.115351,tencent
1768.HK,2026-03-03,22,414.8,417.4,381.0,390.8,390.8,309287.0,123414300.0,-0.042157,0.000342,False,0.032358,0.152645,tencent
1768.HK,2026-03-04,23,390.8,405.6,377.0,400.6,400.6,338136.0,132140510.0,0.025077,0.00019,False,0.032641,0.131396,tencent
1768.HK,2026-03-05,24,400.8,415.0,400.8,408.6,408.6,214343.0,87103460.0,0.01997,0.000229,False,0.03111,0.11405,tencent
1768.HK,2026-03-06,25,410.0,412.2,400.6,403.2,403.2,105140.0,42767240.0,-0.013216,0.000309,False,0.030007,0.125759,tencent
1768.HK,2026-03-09,26,395.0,430.0,389.2,430.0,430.0,217730.0,88669509.99999999,0.066468,0.00075,False,0.033061,0.06765,tencent
1768.HK,2026-03-10,27,429.8,439.8,418.8,432.0,432.0,182430.0,78331860.0,0.004651,5.9e-05,False,0.031878,0.063313,tencent
1768.HK,2026-03-11,28,428.4,435.8,423.0,427.0,427.0,87400.0,37386890.0,-0.011574,0.00031,False,0.03182,0.074154,tencent
1768.HK,2026-03-12,29,430.0,433.0,408.6,418.0,418.0,98100.0,41059110.0,-0.021077,0.000513,False,0.032338,0.093669,tencent
1768.HK,2026-03-13,30,418.0,419.6,388.0,393.0,393.0,265730.0,105639970.0,-0.059809,0.000566,False,0.034996,0.147875,tencent
1768.HK,2026-03-16,31,397.8,425.0,386.0,420.4,420.4,243500.0,101264000.0,0.06972,0.000688,False,0.038173,0.088465,tencent
1768.HK,2026-03-17,32,420.4,426.4,403.6,403.6,403.6,94900.0,39523080.0,-0.039962,0.001011,False,0.039455,0.124892,tencent
1768.HK,2026-03-18,33,411.0,414.4,401.2,410.2,410.2,97250.0,39706030.0,0.016353,0.000412,False,0.039547,0.110581,tencent
1768.HK,2026-03-19,34,405.0,408.0,397.0,402.0,402.0,74300.0,29811580.0,-0.01999,0.000671,False,0.039837,0.128361,tencent
1768.HK,2026-03-20,35,402.6,404.2,393.8,400.0,400.0,67960.0,27190150.0,-0.004975,0.000183,False,0.039729,0.132697,tencent
1768.HK,2026-03-23,36,390.4,392.0,373.0,373.0,373.0,239500.0,91340229.99999999,-0.0675,0.000739,False,0.042274,0.19124,tencent
1768.HK,2026-03-24,37,382.0,402.6,378.8,396.4,396.4,157160.0,61186310.0,0.062735,0.001025,False,0.044743,0.140503,tencent
1768.HK,2026-03-25,38,403.0,403.8,392.8,396.8,396.8,103221.0,41077879.99999999,0.001009,2.5e-05,False,0.040457,0.139636,tencent
1768.HK,2026-03-26,39,399.6,399.6,377.8,381.6,381.6,163969.0,62631000.0,-0.038306,0.000612,False,0.040641,0.172593,tencent
1768.HK,2026-03-27,40,378.4,391.0,378.4,383.0,383.0,67700.0,26085530.0,0.003669,0.000141,False,0.039588,0.169558,tencent
1768.HK,2026-03-30,41,376.0,380.4,353.6,372.0,372.0,248325.0,90950810.0,-0.028721,0.000316,False,0.039217,0.193408,tencent
1768.HK,2026-03-31,42,372.0,372.4,351.0,352.2,352.2,180243.0,64118400.0,-0.053226,0.00083,False,0.039858,0.23634,tencent
1768.HK,2026-04-01,43,362.0,379.8,345.6,362.6,362.6,290400.0,105482920.0,0.029529,0.00028,False,0.040044,0.21379,tencent
1768.HK,2026-04-02,44,363.4,400.0,358.4,382.0,382.0,426273.0,165062190.0,0.053502,0.000324,False,0.041774,0.171726,tencent
1768.HK,2026-04-08,45,390.8,413.0,390.8,412.8,412.8,197218.0,79862620.0,0.080628,0.00101,False,0.045606,0.104944,tencent
1768.HK,2026-04-09,46,412.8,417.0,400.0,403.2,403.2,190912.0,77626000.0,-0.023256,0.0003,False,0.043302,0.125759,tencent
1768.HK,2026-04-10,47,403.2,410.0,388.2,404.0,404.0,111508.0,44864060.0,0.001984,4.4e-05,False,0.043283,0.124024,tencent
1768.HK,2026-04-13,48,394.0,416.8,390.2,393.0,393.0,105095.0,42199970.0,-0.027228,0.000645,False,0.043597,0.147875,tencent
1768.HK,2026-04-14,49,404.8,404.8,378.0,396.2,396.2,190060.0,74237690.0,0.008142,0.00011,False,0.043457,0.140937,tencent
1768.HK,2026-04-15,50,400.0,407.8,394.0,400.0,400.0,154258.0,61681940.00000001,0.009591,0.000155,False,0.041298,0.132697,tencent
1768.HK,2026-04-16,51,396.4,407.0,391.0,404.8,404.8,81946.0,33004760.0,0.012,0.000364,False,0.038193,0.12229,tencent
1768.HK,2026-04-17,52,400.0,408.8,400.0,406.4,406.4,151920.0,61598960.0,0.003953,6.4e-05,False,0.037094,0.11882,tencent
1768.HK,2026-04-20,53,407.0,407.0,391.6,395.8,395.8,115445.0,45798090.0,-0.026083,0.00057,False,0.037382,0.141804,tencent
1768.HK,2026-04-21,54,398.0,405.0,389.4,401.8,401.8,97294.0,38943600.0,0.015159,0.000389,False,0.037274,0.128794,tencent
1768.HK,2026-04-22,55,395.0,404.8,389.0,402.0,402.0,188802.0,75235790.0,0.000498,7e-06,False,0.037251,0.128361,tencent
1768.HK,2026-04-23,56,402.0,413.0,397.0,402.4,402.4,134652.0,54890830.0,0.000995,1.8e-05,False,0.033601,0.127493,tencent
1768.HK,2026-04-24,57,399.2,405.8,395.0,400.0,400.0,42704.0,17017160.0,-0.005964,0.00035,False,0.030702,0.132697,tencent
1768.HK,2026-04-27,58,398.0,423.0,398.0,417.4,417.4,498477.0,206283050.0,0.0435,0.000211,False,0.032147,0.09497,tencent
1768.HK,2026-04-28,59,417.4,423.0,400.2,402.6,402.6,201331.0,82691479.99999999,-0.035458,0.000429,False,0.03196,0.12706,tencent
1768.HK,2026-04-29,60,400.4,452.0,400.4,447.2,447.2,575955.0,251571120.0,0.11078,0.00044,False,0.04001,0.030356,tencent
1768.HK,2026-04-30,61,446.6,453.6,425.2,435.0,435.0,184812.0,80331800.0,-0.027281,0.00034,False,0.039941,0.056808,tencent
1768.HK,2026-05-04,62,435.0,458.0,435.0,451.8,451.8,166446.0,74476680.0,0.038621,0.000519,False,0.037675,0.020382,tencent
1768.HK,2026-05-05,63,451.8,451.8,438.0,447.2,447.2,90148.0,40001560.0,-0.010181,0.000255,False,0.037815,0.030356,tencent
1768.HK,2026-05-06,64,460.0,463.0,431.2,435.6,435.6,106202.0,46882500.0,-0.025939,0.000553,False,0.037306,0.059179,tencent
1768.HK,2026-05-07,65,454.0,465.6,435.4,465.6,465.6,183565.0,83903590.0,0.068871,0.000821,False,0.036163,0.0,tencent
1768.HK,2026-05-08,66,448.2,460.0,438.8,449.8,449.8,122311.0,54886150.0,-0.033935,0.000618,False,0.036702,0.033935,tencent
1768.HK,2026-05-11,67,442.0,457.8,430.6,433.0,433.0,109205.0,48617389.99999999,-0.03735,0.000768,False,0.037967,0.070017,tencent
1768.HK,2026-05-12,68,433.0,443.4,423.4,427.8,427.8,54062.0,23190730.0,-0.012009,0.000518,False,0.037454,0.081186,tencent
1768.HK,2026-05-13,69,422.0,442.8,420.6,440.0,440.0,92834.0,40627570.0,0.028518,0.000702,False,0.037822,0.054983,tencent
1768.HK,2026-05-14,70,440.8,461.4,433.6,441.0,441.0,113490.0,50173890.0,0.002273,4.5e-05,False,0.03782,0.052835,tencent
1768.HK,2026-05-15,71,438.8,443.2,430.8,440.2,440.2,67807.0,29732250.0,-0.001814,6.1e-05,False,0.037822,0.054553,tencent
1768.HK,2026-05-18,72,436.6,436.6,416.2,427.6,427.6,88939.0,37678150.0,-0.028623,0.00076,False,0.038558,0.081615,tencent
1768.HK,2026-05-19,73,423.6,427.4,414.0,420.0,420.0,87123.0,36640890.0,-0.017774,0.000485,False,0.038269,0.097938,tencent
1768.HK,2026-05-20,74,420.0,425.0,405.0,415.0,415.0,49850.0,20436140.0,-0.011905,0.000583,False,0.038319,0.108677,tencent
1768.HK,2026-05-21,75,415.0,420.0,401.4,403.4,403.4,78176.0,31749000.0,-0.027952,0.00088,False,0.038912,0.133591,tencent
1768.HK,2026-05-22,76,403.4,405.0,390.2,405.0,405.0,150393.0,60204260.00000001,0.003966,6.6e-05,False,0.038919,0.130155,tencent
1768.HK,2026-05-26,77,405.0,405.0,382.2,390.8,390.8,121672.0,48120069.99999999,-0.035062,0.000729,False,0.039729,0.160653,tencent
1768.HK,2026-05-27,78,390.8,390.8,343.0,356.8,356.8,940008.0,338564770.0,-0.087001,0.000257,False,0.042736,0.233677,tencent
1768.HK,2026-05-28,79,356.2,356.2,325.0,346.2,346.2,2198048.0,739460600.0,-0.029709,4e-05,False,0.042553,0.256443,tencent
1768.HK,2026-05-29,80,356.2,364.0,332.4,332.4,332.4,815737.0,277760060.0,-0.039861,0.000144,False,0.032907,0.286082,tencent
1768.HK,2026-06-01,81,332.4,367.6,332.4,360.2,360.2,516242.0,184529820.0,0.083634,0.000453,False,0.039311,0.226375,tencent
1768.HK,2026-06-02,82,360.2,367.8,341.2,361.4,361.4,409260.0,143858710.0,0.003331,2.3e-05,False,0.037842,0.223797,tencent
1768.HK,2026-06-03,83,351.0,371.8,349.8,350.2,350.2,216570.0,77939720.0,-0.030991,0.000398,False,0.03812,0.247852,tencent
1768.HK,2026-06-04,84,346.2,363.0,332.4,333.8,333.8,397450.0,133810260.0,-0.04683,0.00035,False,0.038817,0.283076,tencent
1768.HK,2026-06-05,85,330.2,341.4,325.0,325.0,325.0,297700.0,98731520.0,-0.026363,0.000267,False,0.033829,0.301976,tencent
1768.HK,2026-06-08,86,328.0,339.4,301.0,335.0,335.0,1220000.0,398000440.0,0.030769,7.7e-05,False,0.035217,0.280498,tencent
1768.HK,2026-06-09,87,335.0,347.0,333.4,339.4,339.4,468400.0,159868340.0,0.013134,8.2e-05,False,0.035268,0.271048,tencent
1768.HK,2026-06-10,88,340.0,360.0,338.4,353.8,353.8,374560.0,131336070.0,0.042428,0.000323,False,0.037271,0.24012,tencent
1768.HK,2026-06-11,89,357.8,388.0,345.0,380.0,380.0,731200.0,273384070.0,0.074053,0.000271,False,0.040886,0.183849,tencent
1768.HK,2026-06-12,90,380.0,398.8,375.8,376.0,376.0,450701.0,173219310.0,-0.010526,6.1e-05,False,0.040841,0.19244,tencent
1768.HK,2026-06-15,91,376.0,383.8,351.0,351.6,351.6,331000.0,120808340.0,-0.064894,0.000537,False,0.042796,0.244845,tencent
1768.HK,2026-06-16,92,350.2,359.8,346.2,355.2,355.2,298854.0,105623230.0,0.010239,9.7e-05,False,0.042803,0.237113,tencent
1768.HK,2026-06-17,93,364.8,364.8,338.8,340.4,340.4,181520.0,62413630.0,-0.041667,0.000668,False,0.043408,0.2689,tencent
1768.HK,2026-06-18,94,340.6,340.6,326.4,330.0,330.0,369728.0,122139850.0,-0.030552,0.00025,False,0.043661,0.291237,tencent
1768.HK,2026-06-22,95,326.0,333.8,314.4,325.0,325.0,379946.0,123286460.0,-0.015152,0.000123,False,0.043485,0.301976,tencent
1768.HK,2026-06-23,96,329.0,329.0,314.2,320.6,320.6,244229.0,77928100.0,-0.013538,0.000174,False,0.043368,0.311426,tencent
1768.HK,2026-06-24,97,338.0,338.0,312.2,318.2,318.2,104600.0,33392650.0,-0.007486,0.000224,False,0.04299,0.316581,tencent
1768.HK,2026-06-25,98,318.2,318.2,301.4,308.0,308.0,215306.0,66138900.0,-0.032055,0.000485,False,0.03937,0.338488,tencent
1768.HK,2026-06-26,99,308.0,308.0,289.0,291.4,291.4,192100.0,56449560.0,-0.053896,0.000955,False,0.040473,0.374141,tencent
1768.HK,2026-06-29,100,292.0,313.4,292.0,302.6,302.6,213400.0,65034720.0,0.038435,0.000591,False,0.040993,0.350086,tencent
1768.HK,2026-06-30,101,299.6,316.0,292.8,311.6,311.6,170800.0,52327560.0,0.029742,0.000568,False,0.036457,0.330756,tencent
1768.HK,2026-07-02,102,307.0,349.4,303.8,335.2,335.2,429300.0,144329160.0,0.075738,0.000525,False,0.040828,0.280069,tencent
1768.HK,2026-07-03,103,335.0,375.8,334.4,362.0,362.0,396600.0,143113400.0,0.079952,0.000559,False,0.044216,0.222509,tencent
1768.HK,2026-07-06,104,362.2,402.0,349.0,396.0,396.0,682359.0,262556440.0,0.093923,0.000358,False,0.047049,0.149485,tencent
1768.HK,2026-07-07,105,392.0,403.8,370.2,374.2,374.2,515300.0,200016200.0,-0.055051,0.000275,False,0.048615,0.196306,tencent
1768.HK,2026-07-08,106,372.2,394.4,369.8,381.4,381.4,361446.0,137810930.0,0.019241,0.00014,False,0.048401,0.180842,tencent
1768.HK,2026-07-09,107,380.0,392.8,363.2,365.6,365.6,456761.0,169891190.0,-0.041426,0.000244,False,0.049596,0.214777,tencent
1768.HK,2026-07-10,108,370.0,383.8,358.0,368.2,368.2,201773.0,74760790.0,0.007112,9.5e-05,False,0.048811,0.209192,tencent
1768.HK,2026-07-13,109,368.2,388.8,359.4,379.2,379.2,377125.0,141877480.0,0.029875,0.000211,False,0.04637,0.185567,tencent
1768.HK,2026-07-14,110,399.8,414.0,379.8,403.0,403.0,479749.0,192797750.0,0.062764,0.000326,False,0.048276,0.13445,tencent
1768.HK,2026-07-15,111,403.0,425.0,395.8,421.2,421.2,373306.0,154710290.0,0.045161,0.000292,False,0.046169,0.095361,tencent
1768.HK,2026-07-16,112,412.0,422.0,383.0,385.0,385.0,464561.0,184321410.0,-0.085945,0.000466,False,0.050915,0.17311,tencent
1768.HK,2026-07-17,113,405.0,405.0,368.2,377.8,377.8,279931.0,106087110.0,-0.018701,0.000176,False,0.050053,0.188574,tencent
1768.HK,2026-07-20,114,376.0,395.0,376.0,390.8,390.8,151425.0,59037980.0,0.03441,0.000583,False,0.049634,0.160653,tencent
1768.HK,2026-07-21,115,381.4,390.4,375.2,384.8,384.8,139316.0,52916940.00000001,-0.015353,0.00029,False,0.04964,0.17354,tencent
1768.HK,2026-07-22,116,389.0,389.0,373.4,384.2,384.2,202637.0,77120020.0,-0.001559,2e-05,False,0.049417,0.174828,tencent
1768.HK,2026-07-23,117,377.0,377.0,353.2,355.2,355.2,581213.0,208944710.0,-0.075482,0.000361,False,0.052916,0.237113,tencent
1768.HK,2026-07-24,118,355.2,357.8,342.4,346.2,346.2,237311.0,82152950.0,-0.025338,0.000308,False,0.052677,0.256443,tencent
1768.HK,2026-07-27,119,340.0,351.2,335.6,343.4,343.4,496107.0,169677670.0,-0.008088,4.8e-05,False,0.050846,0.262457,tencent
1768.HK,2026-07-28,120,343.8,387.4,330.2,382.4,382.4,1066261.0,396554140.0,0.11357,0.000286,False,0.055647,0.178694,tencent
1768.HK,2026-07-29,121,380.6,396.8,375.4,388.0,388.0,720977.0,279421110.0,0.014644,5.2e-05,False,0.055514,0.166667,tencent
1768.HK,2026-07-30,122,390.0,410.0,385.0,396.4,396.4,864801.0,345771520.0,0.021649,6.3e-05,False,0.053552,0.148625,tencent
1768.HK,2026-07-31,123,395.2,399.8,371.0,386.2,386.2,263706.0,101127170.0,-0.025732,0.000254,False,0.051435,0.170533,tencent
1768.HK,2026-08-03,124,387.0,392.0,371.6,385.4,385.4,224305.0,85187290.0,-0.002071,2.4e-05,False,0.046931,0.172251,tencent
1768.HK,2026-08-04,125,383.2,383.2,368.0,375.0,375.0,396706.0,147404510.0,-0.026985,0.000183,False,0.045609,0.194588,tencent
1768.HK,2026-08-05,126,373.2,383.0,360.4,381.0,381.0,264222.0,98148950.0,0.016,0.000163,False,0.045547,0.181701,tencent
1768.HK,2026-08-06,127,377.0,377.0,368.2,371.8,371.8,67112.0,24962280.0,-0.024147,0.000967,False,0.04486,0.20146,tencent
1768.HK,2026-08-07,128,369.8,372.8,361.2,368.8,368.8,89248.0,32638490.0,-0.008069,0.000247,False,0.044894,0.207904,tencent
1768.HK,2026-08-10,129,368.0,386.8,368.0,380.2,380.2,102217.0,38710040.0,0.030911,0.000799,False,0.044929,0.183419,tencent
1768.HK,2026-08-11,130,370.2,384.2,370.0,371.2,371.2,93215.0,35060960.0,-0.023672,0.000675,False,0.04279,0.202749,tencent
1768.HK,2026-08-12,131,369.2,385.6,369.0,378.0,378.0,207064.0,78318130.0,0.018319,0.000234,False,0.041596,0.188144,tencent
1768.HK,2026-08-13,132,378.8,406.0,378.0,395.0,395.0,544708.0,215142949.99999997,0.044974,0.000209,False,0.038288,0.151632,tencent
1768.HK,2026-08-14,133,380.0,404.2,380.0,399.8,399.8,327621.0,129749920.0,0.012152,9.4e-05,False,0.038033,0.141323,tencent
1768.HK,2026-08-17,134,397.6,424.8,393.2,413.2,413.2,303113.0,125734280.0,0.033517,0.000267,False,0.037995,0.112543,tencent
1768.HK,2026-08-18,135,404.2,411.8,397.0,401.6,401.6,193805.0,77937160.0,-0.028074,0.00036,False,0.03843,0.137457,tencent
1768.HK,2026-08-19,136,401.6,409.4,386.8,394.0,394.0,241926.0,95228470.0,-0.018924,0.000199,False,0.03873,0.15378,tencent
1768.HK,2026-08-20,137,400.0,409.6,387.6,400.0,400.0,311711.0,124468349.99999999,0.015228,0.000122,False,0.034234,0.140893,tencent
1768.HK,2026-08-21,138,390.0,410.0,390.0,409.2,409.2,433142.0,176295250.0,0.023,0.00013,False,0.033568,0.121134,tencent
1768.HK,2026-08-24,139,410.0,418.2,393.8,415.6,415.6,584739.0,238562239.99999997,0.01564,6.6e-05,False,0.033355,0.107388,tencent
1768.HK,2026-08-25,140,435.8,443.2,378.0,401.2,401.2,1838121.0,732225970.0,-0.034649,4.7e-05,False,0.024425,0.138316,tencent
1768.HK,2026-08-26,141,405.0,445.2,404.8,414.0,414.0,1082615.0,455256789.99999994,0.031904,7e-05,False,0.025164,0.110825,tencent
1768.HK,2026-08-27,142,413.6,435.0,409.8,425.0,425.0,478555.0,202951879.99999997,0.02657,0.000131,False,0.025373,0.087199,tencent
1768.HK,2026-08-28,143,425.0,444.8,424.0,444.8,444.8,455328.0,199450770.0,0.046588,0.000234,False,0.026087,0.044674,tencent
1768.HK,2026-08-31,144,444.8,449.8,417.0,428.2,428.2,358954.0,152574960.0,-0.03732,0.000245,False,0.02789,0.080326,tencent
1768.HK,2026-09-01,145,433.0,433.0,417.4,420.4,420.4,340402.0,143738150.0,-0.018216,0.000127,False,0.027415,0.097079,tencent
1768.HK,2026-09-02,146,425.8,425.8,403.6,410.0,410.0,312108.0,127543650.0,-0.024738,0.000194,False,0.028143,0.119416,tencent
1768.HK,2026-09-03,147,410.2,412.0,403.0,409.2,409.2,149502.0,60968170.0,-0.001951,3.2e-05,False,0.0274,0.121134,tencent
1768.HK,2026-09-04,148,417.8,417.8,398.4,405.2,405.2,390342.0,158742800.0,-0.009775,6.2e-05,False,0.027446,0.129725,tencent
1768.HK,2026-09-07,149,408.6,408.8,383.0,391.2,391.2,615078.0,238807510.0,-0.034551,0.000145,False,0.028099,0.159794,tencent
1768.HK,2026-09-08,150,398.0,398.0,373.4,376.4,376.4,373790.0,142052350.0,-0.037832,0.000266,False,0.02894,0.191581,tencent
1768.HK,2026-09-09,151,376.4,379.4,367.0,377.2,377.2,431998.0,161383480.0,0.002125,1.3e-05,False,0.028658,0.189863,tencent
1768.HK,2026-09-10,152,368.2,369.4,361.8,365.6,365.6,440216.0,160992580.0,-0.030753,0.000191,False,0.027418,0.214777,tencent
1768.HK,2026-09-11,153,365.6,367.4,360.6,363.4,363.4,258606.0,93941220.0,-0.006018,6.4e-05,False,0.027172,0.219502,tencent
1768.HK,2026-09-14,154,363.6,390.6,361.8,389.6,389.6,490185.0,187863930.0,0.072097,0.000384,False,0.031093,0.16323,tencent
1768.HK,2026-09-15,155,374.0,385.6,369.8,370.6,370.6,284421.0,107130330.0,-0.048768,0.000455,False,0.03231,0.204038,tencent
1768.HK,2026-09-16,156,363.4,366.6,357.0,361.8,361.8,385934.0,138967790.0,-0.023745,0.000171,False,0.032449,0.222938,tencent
1768.HK,2026-09-17,157,355.4,366.2,354.4,361.6,361.6,407578.0,146285220.0,-0.000553,4e-06,False,0.032153,0.223368,tencent
1768.HK,2026-09-18,158,362.8,366.6,358.8,362.8,362.8,198403.0,71757200.0,0.003319,4.6e-05,False,0.031562,0.22079,tencent
1768.HK,2026-09-21,159,370.0,370.0,355.0,361.6,361.6,349202.0,126113560.0,-0.003308,2.6e-05,False,0.031175,0.223368,tencent
1768.HK,2026-09-22,160,374.8,374.8,358.0,366.4,366.4,203415.0,74844610.0,0.013274,0.000177,False,0.030734,0.213058,tencent
9980.HK,2026-02-03,1,185.107,188.03,183.261,188.03,188.03,5536841.0,1377054169.9999998,-0.241815,0.000176,False,,0.0,tencent
9980.HK,2026-02-04,2,188.03,206.492,186.492,206.492,206.492,3099005.0,819666950.0000001,0.098186,0.00012,False,,0.0,tencent
9980.HK,2026-02-05,3,205.415,222.03,201.107,206.492,206.492,1322640.0,374115400.0,0.0,0.0,False,,0.069982,tencent
9980.HK,2026-02-06,4,206.184,209.569,188.338,200.8,200.8,612200.0,165641900.0,-0.027565,0.000166,False,,0.095618,tencent
9980.HK,2026-02-09,5,200.8,207.261,192.8,192.8,192.8,782115.0,206265980.00000003,-0.039841,0.000193,False,0.124051,0.131649,tencent
9980.HK,2026-02-10,6,191.569,192.03,186.646,186.646,186.646,715369.0,180286460.0,-0.031919,0.000177,False,0.111034,0.159366,tencent
9980.HK,2026-02-11,7,186.646,195.723,185.261,194.338,194.338,450900.0,115607510.0,0.041212,0.000356,False,0.10596,0.124722,tencent
9980.HK,2026-02-12,8,193.569,196.646,190.03,196.492,196.492,276730.0,71640900.0,0.011084,0.000155,False,0.099109,0.11502,tencent
9980.HK,2026-02-13,9,194.492,197.569,190.492,192.184,192.184,233182.0,60526420.0,-0.021925,0.000362,False,0.09271,0.134423,tencent
9980.HK,2026-02-16,10,192.184,194.184,186.646,188.184,188.184,185700.0,46743860.00000001,-0.020813,0.000445,False,0.087413,0.152439,tencent
9980.HK,2026-02-20,11,187.569,187.569,185.415,186.646,186.646,251852.0,62871820.0,-0.008173,0.00013,False,0.083053,0.159366,tencent
9980.HK,2026-02-23,12,186.646,191.415,185.877,189.723,189.723,217100.0,55009370.0,0.016486,0.0003,False,0.079962,0.145507,tencent
9980.HK,2026-02-24,13,189.569,189.569,184.8,185.877,185.877,801956.0,199403990.0,-0.020272,0.000102,False,0.076559,0.162829,tencent
9980.HK,2026-02-25,14,185.877,190.03,185.569,188.184,188.184,309827.0,78105140.0,0.012411,0.000159,False,0.074029,0.152439,tencent
9980.HK,2026-02-26,15,188.953,200.338,185.107,185.107,185.107,492300.0,126136280.0,-0.016351,0.00013,False,0.071336,0.166297,tencent
9980.HK,2026-02-27,16,186.338,186.646,183.261,185.107,185.107,1290307.0,319439670.0,0.0,0.0,False,0.069042,0.166297,tencent
9980.HK,2026-03-02,17,185.107,185.107,168.492,174.184,174.184,957000.0,229932020.0,-0.059009,0.000257,False,0.067675,0.215493,tencent
9980.HK,2026-03-03,18,169.569,177.415,169.569,170.492,170.492,176800.0,40669860.0,-0.021196,0.000521,False,0.065658,0.232122,tencent
9980.HK,2026-03-04,19,170.492,172.03,155.107,156.184,156.184,578700.0,125296260.0,-0.083922,0.00067,False,0.06556,0.296564,tencent
9980.HK,2026-03-05,20,159.723,172.953,159.723,166.338,166.338,701667.0,157541100.0,0.065013,0.000413,False,0.066696,0.250831,tencent
9980.HK,2026-03-06,21,166.338,170.953,160.03,162.8,162.8,424600.0,94364520.0,-0.02127,0.000225,False,0.040878,0.266766,tencent
9980.HK,2026-03-09,22,159.415,162.8,152.03,158.646,158.646,414103.0,87892700.0,-0.025516,0.00029,False,0.032777,0.285475,tencent
9980.HK,2026-03-10,23,160.492,176.646,160.492,175.107,175.107,492261.0,112553259.99999999,0.103759,0.000922,False,0.041833,0.211336,tencent
9980.HK,2026-03-11,24,175.107,178.953,166.953,170.492,170.492,254600.0,58350810.0,-0.026355,0.000452,False,0.041803,0.232122,tencent
9980.HK,2026-03-12,25,170.492,170.492,158.953,164.953,164.953,580800.0,127277310.0,-0.032488,0.000255,False,0.041534,0.257069,tencent
9980.HK,2026-03-13,26,162.03,168.338,157.723,159.261,159.261,389300.0,85338169.99999999,-0.034507,0.000404,False,0.041619,0.282705,tencent
9980.HK,2026-03-16,27,163.415,173.569,158.953,165.877,165.877,411713.0,92022880.0,0.041542,0.000451,False,0.04164,0.252907,tencent
9980.HK,2026-03-17,28,169.569,169.723,159.723,162.184,162.184,172900.0,37932910.0,-0.022263,0.000587,False,0.041542,0.26954,tencent
9980.HK,2026-03-18,29,162.03,164.338,159.723,160.8,160.8,151800.0,32932600.000000004,-0.008534,0.000259,False,0.041426,0.275774,tencent
9980.HK,2026-03-19,30,160.8,160.8,156.492,158.953,158.953,144368.0,30906970.0,-0.011486,0.000372,False,0.041327,0.284092,tencent
9980.HK,2026-03-20,31,158.8,160.03,154.184,155.877,155.877,118700.0,25015240.0,-0.019352,0.000774,False,0.041411,0.297946,tencent
9980.HK,2026-03-23,32,154.492,155.877,150.492,154.646,154.646,287600.0,59591750.0,-0.007897,0.000133,False,0.041004,0.303491,tencent
9980.HK,2026-03-24,33,155.261,170.338,155.261,170.338,170.338,447600.0,99434080.0,0.10147,0.00102,False,0.047779,0.232815,tencent
9980.HK,2026-03-25,34,170.338,178.646,170.338,176.646,176.646,247900.0,58672100.0,0.037032,0.000631,False,0.048517,0.204405,tencent
9980.HK,2026-03-26,35,176.646,178.646,158.184,159.877,159.877,260300.0,58777190.0,-0.09493,0.001615,False,0.052733,0.279931,tencent
9980.HK,2026-03-27,36,163.415,163.415,156.646,157.877,157.877,532700.0,114102040.0,-0.01251,0.00011,False,0.052732,0.288938,tencent
9980.HK,2026-03-30,37,162.8,162.8,156.03,159.877,159.877,292490.0,63095850.0,0.012668,0.000201,False,0.051403,0.279931,tencent
9980.HK,2026-03-31,38,161.723,162.646,148.184,149.569,149.569,485227.0,100564750.0,-0.064475,0.000641,False,0.053091,0.326357,tencent
9980.HK,2026-04-01,39,155.261,162.8,155.261,160.953,160.953,186614.0,40330160.0,0.076112,0.001887,False,0.05266,0.275084,tencent
9980.HK,2026-04-02,40,163.107,163.415,150.646,150.953,150.953,160859.0,33822430.0,-0.06213,0.001837,False,0.052429,0.320123,tencent
9980.HK,2026-04-08,41,155.569,156.8,152.03,153.415,153.415,350800.0,72712200.0,0.01631,0.000224,False,0.052434,0.309035,tencent
9980.HK,2026-04-09,42,153.415,154.03,148.953,152.03,152.03,357100.0,72659680.0,-0.009028,0.000124,False,0.052168,0.315273,tencent
9980.HK,2026-04-10,43,152.8,154.184,146.646,147.415,147.415,124328.0,24936329.999999996,-0.030356,0.001217,False,0.046304,0.336058,tencent
9980.HK,2026-04-13,44,147.492,148.8,140.646,148.184,148.184,147300.0,28965130.0,0.005217,0.00018,False,0.046167,0.332595,tencent
9980.HK,2026-04-14,45,151.261,152.953,144.338,148.953,148.953,248200.0,49636180.00000001,0.005189,0.000105,False,0.045796,0.329131,tencent
9980.HK,2026-04-15,46,148.953,155.415,147.877,152.8,152.8,359628.0,73604040.0,0.025827,0.000351,False,0.045674,0.311805,tencent
9980.HK,2026-04-16,47,152.8,158.184,151.261,153.569,153.569,104300.0,21644609.999999996,0.005033,0.000233,False,0.044598,0.308341,tencent
9980.HK,2026-04-17,48,153.877,156.8,150.953,154.8,154.8,195622.0,40364270.0,0.008016,0.000199,False,0.04442,0.302797,tencent
9980.HK,2026-04-20,49,154.8,162.03,154.8,159.723,159.723,145600.0,31241900.0,0.031802,0.001018,False,0.04499,0.280624,tencent
9980.HK,2026-04-21,50,159.569,162.03,155.723,155.877,155.877,188400.0,40166260.0,-0.024079,0.000599,False,0.045256,0.297946,tencent
9980.HK,2026-04-22,51,155.877,156.03,150.953,152.492,152.492,224900.0,46265950.0,-0.021716,0.000469,False,0.045312,0.313192,tencent
9980.HK,2026-04-23,52,150.953,155.877,149.569,152.492,152.492,132500.0,27280369.999999996,0.0,0.0,False,0.045275,0.313192,tencent
9980.HK,2026-04-24,53,154.184,154.184,150.03,152.184,152.184,57700.0,11823710.000000002,-0.00202,0.000171,False,0.038509,0.314579,tencent
9980.HK,2026-04-27,54,152.184,155.723,150.338,153.569,153.569,495662.0,102041830.00000001,0.009101,8.9e-05,False,0.037399,0.308341,tencent
9980.HK,2026-04-28,55,151.107,154.953,150.184,152.953,152.953,220400.0,45240840.0,-0.004011,8.9e-05,False,0.031044,0.311116,tencent
9980.HK,2026-04-29,56,154.338,168.184,154.338,166.646,166.646,532500.0,117925080.0,0.089524,0.000759,False,0.036997,0.249444,tencent
9980.HK,2026-04-30,57,166.646,166.646,149.723,149.877,149.877,678669.0,140235470.0,-0.100626,0.000718,False,0.043582,0.32497,tencent
9980.HK,2026-05-04,58,149.877,158.03,149.877,156.646,156.646,58688.0,12349430.0,0.045164,0.003657,False,0.042226,0.294483,tencent
9980.HK,2026-05-05,59,169.533,169.533,158.233,160.633,160.633,111600.0,18433940.0,0.025452,0.001381,False,0.039018,0.276526,tencent
9980.HK,2026-05-06,60,160.533,167.433,158.933,163.133,163.133,227290.0,37884050.0,0.015563,0.000411,False,0.036207,0.265266,tencent
9980.HK,2026-05-07,61,165.133,169.133,162.533,169.133,169.133,296376.0,50159940.0,0.03678,0.000733,False,0.036841,0.238243,tencent
9980.HK,2026-05-08,62,168.433,171.833,164.633,165.033,165.033,122690.0,20981740.0,-0.024241,0.001155,False,0.037312,0.256709,tencent
9980.HK,2026-05-11,63,165.133,167.133,159.933,164.033,164.033,240444.0,40126760.0,-0.006059,0.000151,False,0.036494,0.261212,tencent
9980.HK,2026-05-12,64,166.533,166.533,161.533,163.533,163.533,78352.0,13089630.0,-0.003048,0.000233,False,0.03655,0.263464,tencent
9980.HK,2026-05-13,65,163.033,168.533,163.033,165.833,165.833,124689.0,21146930.000000004,0.014064,0.000665,False,0.036599,0.253105,tencent
9980.HK,2026-05-14,66,166.533,170.533,162.833,169.933,169.933,252515.0,43286809.99999999,0.024724,0.000571,False,0.036568,0.234639,tencent
9980.HK,2026-05-15,67,169.733,173.033,162.633,165.633,165.633,108600.0,18558990.0,-0.025304,0.001363,False,0.037233,0.254006,tencent
9980.HK,2026-05-18,68,165.633,167.933,159.833,162.133,162.133,137973.0,22970910.0,-0.021131,0.00092,False,0.037654,0.26977,tencent
9980.HK,2026-05-19,69,162.033,171.033,154.533,154.933,154.933,194619.0,32039910.0,-0.044408,0.001386,False,0.038434,0.302198,tencent
9980.HK,2026-05-20,70,159.033,159.933,149.633,151.833,151.833,258611.0,40729650.0,-0.020009,0.000491,False,0.038314,0.31616,tencent
9980.HK,2026-05-21,71,148.333,155.133,148.333,151.533,151.533,110308.0,17302090.0,-0.001976,0.000114,False,0.037995,0.317511,tencent
9980.HK,2026-05-22,72,151.533,152.633,146.733,146.833,146.833,96622.0,14807860.0,-0.031016,0.002095,False,0.038639,0.338679,tencent
9980.HK,2026-05-26,73,146.833,148.433,130.433,133.433,133.433,637049.0,88024200.0,-0.09126,0.001037,False,0.043579,0.399032,tencent
9980.HK,2026-05-27,74,133.433,135.533,124.133,126.433,126.433,519236.0,67729570.0,-0.052461,0.000775,False,0.044644,0.430559,tencent
9980.HK,2026-05-28,75,126.533,127.533,121.633,125.533,125.533,654643.0,84017740.0,-0.007118,8.5e-05,False,0.044632,0.434612,tencent
9980.HK,2026-05-29,76,126.833,132.333,121.033,128.833,128.833,1558304.0,203613730.0,0.026288,0.000129,False,0.039205,0.41975,tencent
9980.HK,2026-06-01,77,134.433,143.133,131.633,140.933,140.933,1040109.0,148272340.0,0.09392,0.000633,False,0.040189,0.365252,tencent
9980.HK,2026-06-02,78,141.033,143.833,132.533,140.933,140.933,829122.0,116296640.0,0.0,0.0,False,0.038619,0.365252,tencent
9980.HK,2026-06-03,79,140.133,140.133,132.133,135.733,135.733,502937.0,69304070.0,-0.036897,0.000532,False,0.038586,0.388673,tencent
9980.HK,2026-06-04,80,136.533,137.533,132.333,134.733,134.733,271462.0,37264270.0,-0.007367,0.000198,False,0.038197,0.393177,tencent
9980.HK,2026-06-05,81,134.733,137.233,125.833,126.333,126.333,559132.0,74040060.0,-0.062346,0.000842,False,0.038399,0.431009,tencent
9980.HK,2026-06-08,82,124.533,128.733,122.333,128.233,128.233,324603.0,42287600.0,0.01504,0.000356,False,0.038838,0.422452,tencent
9980.HK,2026-06-09,83,127.933,127.933,123.533,125.333,125.333,267710.0,34656380.0,-0.022615,0.000653,False,0.038885,0.435513,tencent
9980.HK,2026-06-10,84,128.133,128.133,123.133,125.133,125.133,541394.0,69093600.0,-0.001596,2.3e-05,False,0.038905,0.436414,tencent
9980.HK,2026-06-11,85,126.433,128.233,121.533,128.133,128.133,489670.0,63195310.0,0.023974,0.000379,False,0.039323,0.422902,tencent
9980.HK,2026-06-12,86,126.533,126.533,123.233,124.633,124.633,412817.0,52979560.0,-0.027315,0.000516,False,0.038472,0.438666,tencent
9980.HK,2026-06-15,87,125.033,126.633,121.433,121.733,121.733,315709.0,39858720.0,-0.023268,0.000584,False,0.038445,0.451727,tencent
9980.HK,2026-06-16,88,121.733,122.033,115.433,116.833,116.833,726034.0,87715480.0,-0.040252,0.000459,False,0.038852,0.473796,tencent
9980.HK,2026-06-17,89,119.333,119.333,113.533,114.833,114.833,678987.0,80468420.0,-0.017118,0.000213,False,0.03826,0.482804,tencent
9980.HK,2026-06-18,90,114.533,115.033,110.433,111.533,111.533,488906.0,56470360.0,-0.028737,0.000509,False,0.038379,0.497667,tencent
9980.HK,2026-06-22,91,112.233,113.433,104.733,105.433,105.433,1044464.0,114238100.0,-0.054692,0.000479,False,0.039266,0.525141,tencent
9980.HK,2026-06-23,92,105.933,108.633,102.833,106.333,106.333,919900.0,100326770.0,0.008536,8.5e-05,False,0.039531,0.521087,tencent
9980.HK,2026-06-24,93,102.133,105.733,102.033,102.833,102.833,349300.0,37204430.0,-0.032915,0.000885,False,0.035584,0.536851,tencent
9980.HK,2026-06-25,94,103.333,104.333,101.333,102.633,102.633,437700.0,46242440.0,-0.001945,4.2e-05,False,0.034358,0.537752,tencent
9980.HK,2026-06-26,95,104.333,104.333,98.133,100.933,100.933,293350.0,30361120.0,-0.016564,0.000546,False,0.034384,0.545408,tencent
9980.HK,2026-06-29,96,100.333,108.833,96.633,106.533,106.533,784420.0,85445650.0,0.055482,0.000649,False,0.036569,0.520186,tencent
9980.HK,2026-06-30,97,106.533,106.533,98.533,103.733,103.733,1177751.0,124083160.0,-0.026283,0.000212,False,0.027561,0.532797,tencent
9980.HK,2026-07-02,98,105.533,107.933,102.533,103.633,103.633,1670270.0,181388430.0,-0.000964,5e-06,False,0.027534,0.533248,tencent
9980.HK,2026-07-03,99,103.733,110.433,103.733,109.333,109.333,1494135.0,165968320.0,0.055002,0.000331,False,0.031105,0.507576,tencent
9980.HK,2026-07-06,100,110.233,113.033,107.233,108.533,108.533,594365.0,67373840.0,-0.007317,0.000109,False,0.031105,0.511179,tencent
9980.HK,2026-07-07,101,108.633,110.133,105.833,107.533,107.533,537365.0,59777790.00000001,-0.009214,0.000154,False,0.028593,0.515683,tencent
9980.HK,2026-07-08,102,107.733,111.733,106.033,111.033,111.033,432540.0,48976520.0,0.032548,0.000665,False,0.029575,0.499919,tencent
9980.HK,2026-07-09,103,111.633,111.633,101.833,103.833,103.833,828934.0,89389410.0,-0.064846,0.000725,False,0.032161,0.532347,tencent
9980.HK,2026-07-10,104,110.933,110.933,101.933,104.633,104.633,453280.0,48894050.0,0.007705,0.000158,False,0.032339,0.528744,tencent
9980.HK,2026-07-13,105,104.833,105.033,102.033,103.533,103.533,240755.0,25744420.0,-0.010513,0.000408,False,0.031428,0.533698,tencent
9980.HK,2026-07-14,106,104.833,104.833,100.533,102.533,102.533,578050.0,61122770.0,-0.009659,0.000158,False,0.031167,0.538202,tencent
9980.HK,2026-07-15,107,101.533,109.833,100.833,108.933,108.933,468486.0,51971580.0,0.062419,0.001201,False,0.034814,0.509377,tencent
9980.HK,2026-07-16,108,107.533,114.233,107.533,111.433,111.433,634070.0,72933500.0,0.02295,0.000315,False,0.034308,0.498117,tencent
9980.HK,2026-07-17,109,110.633,115.133,104.633,106.333,106.333,514240.0,57115090.0,-0.045767,0.000801,False,0.035556,0.521087,tencent
9980.HK,2026-07-20,110,107.433,110.633,106.333,109.133,109.133,212700.0,23967390.0,0.026332,0.001099,False,0.03561,0.508476,tencent
9980.HK,2026-07-21,111,109.433,113.133,107.833,109.133,109.133,361034.0,40863290.0,0.0,0.0,False,0.03325,0.508476,tencent
9980.HK,2026-07-22,112,108.633,110.733,107.133,108.933,108.933,323661.0,36388200.0,-0.001833,5e-05,False,0.033227,0.509377,tencent
9980.HK,2026-07-23,113,109.033,109.033,105.433,106.333,106.333,247062.0,27107550.0,-0.023868,0.00088,False,0.032789,0.521087,tencent
9980.HK,2026-07-24,114,106.533,106.533,103.033,105.133,105.133,382758.0,41262430.00000001,-0.011285,0.000274,False,0.032918,0.526492,tencent
9980.HK,2026-07-27,115,105.233,108.633,103.533,106.433,106.433,428673.0,47396070.0,0.012365,0.000261,False,0.032707,0.520637,tencent
9980.HK,2026-07-28,116,105.733,114.933,105.733,114.233,114.233,1115710.0,128432660.0,0.073286,0.000571,False,0.034404,0.485506,tencent
9980.HK,2026-07-29,117,114.233,122.833,114.233,121.733,121.733,1464380.0,181772360.0,0.065655,0.000361,False,0.036231,0.451727,tencent
9980.HK,2026-07-30,118,124.533,127.833,119.933,120.533,120.533,1218620.0,154368990.0,-0.009858,6.4e-05,False,0.036409,0.457132,tencent
9980.HK,2026-07-31,119,121.433,122.533,111.433,121.533,121.533,1924392.0,233488210.0,0.008296,3.6e-05,False,0.034708,0.452628,tencent
9980.HK,2026-08-03,120,121.533,121.933,115.733,115.833,115.833,1157438.0,140272630.0,-0.046901,0.000334,False,0.036578,0.4783,tencent
9980.HK,2026-08-04,121,116.733,117.433,112.233,115.833,115.833,948390.0,112481870.0,0.0,0.0,False,0.036462,0.4783,tencent
9980.HK,2026-08-05,122,117.533,117.533,110.933,111.933,111.933,1394210.0,161468350.0,-0.033669,0.000209,False,0.036772,0.495865,tencent
9980.HK,2026-08-06,123,110.733,112.633,108.233,111.033,111.033,984246.0,111786510.0,-0.008041,7.2e-05,False,0.03346,0.499919,tencent
9980.HK,2026-08-07,124,111.333,115.533,108.833,115.433,115.433,682055.0,79085540.0,0.039628,0.000501,False,0.0344,0.480102,tencent
9980.HK,2026-08-10,125,114.133,122.433,114.133,121.833,121.833,933910.0,116113080.00000001,0.055443,0.000477,False,0.035915,0.451277,tencent
9980.HK,2026-08-11,126,120.133,122.233,115.033,115.033,115.033,1366100.0,164505070.0,-0.055814,0.000339,False,0.038548,0.481903,tencent
9980.HK,2026-08-12,127,116.033,117.733,114.333,116.433,116.433,607810.0,72489650.0,0.01217,0.000168,False,0.03628,0.475598,tencent
9980.HK,2026-08-13,128,116.633,117.033,114.333,114.833,114.833,460258.0,54735110.00000001,-0.013742,0.000251,False,0.036196,0.482804,tencent
9980.HK,2026-08-14,129,113.833,115.833,112.633,113.733,113.733,383290.0,44883740.0,-0.009579,0.000213,False,0.034543,0.487758,tencent
9980.HK,2026-08-17,130,114.033,114.833,112.333,114.333,114.333,260310.0,30495320.0,0.005276,0.000173,False,0.034143,0.485056,tencent
9980.HK,2026-08-18,131,114.633,114.633,111.033,111.133,111.133,269380.0,31096770.0,-0.027988,0.0009,False,0.034834,0.499469,tencent
9980.HK,2026-08-19,132,111.333,113.733,111.133,113.733,113.733,241800.0,28097820.0,0.023395,0.000833,False,0.035163,0.487758,tencent
9980.HK,2026-08-20,133,113.833,115.133,111.833,112.933,112.933,320530.0,37458100.0,-0.007034,0.000188,False,0.034691,0.491362,tencent
9980.HK,2026-08-21,134,112.433,113.933,111.533,111.833,111.833,253620.0,29415890.0,-0.00974,0.000331,False,0.034658,0.496316,tencent
9980.HK,2026-08-24,135,113.533,115.433,111.833,114.733,114.733,451240.0,52987820.0,0.025932,0.000489,False,0.034968,0.483255,tencent
9980.HK,2026-08-25,136,114.733,116.133,112.133,115.633,115.633,432790.0,51176390.0,0.007844,0.000153,False,0.031015,0.479201,tencent
9980.HK,2026-08-26,137,115.533,115.533,109.333,109.333,109.333,654726.0,75240500.0,-0.054483,0.000724,False,0.029441,0.507576,tencent
9980.HK,2026-08-27,138,110.833,110.833,108.533,108.933,108.933,441980.0,49745480.0,-0.003659,7.4e-05,False,0.029419,0.509377,tencent
9980.HK,2026-08-28,139,109.633,109.633,108.133,108.533,108.533,272670.0,30557150.0,-0.003672,0.00012,False,0.029264,0.511179,tencent
9980.HK,2026-08-31,140,108.533,108.633,105.433,105.533,105.533,673032.0,73792220.0,-0.027641,0.000375,False,0.028115,0.52469,tencent
9980.HK,2026-09-01,141,105.233,107.733,104.733,106.933,106.933,461100.0,50776830.0,0.013266,0.000261,False,0.028376,0.518385,tencent
9980.HK,2026-09-02,142,107.633,107.633,102.633,102.733,102.733,790162.0,84929430.0,-0.039277,0.000462,False,0.028714,0.537301,tencent
9980.HK,2026-09-03,143,103.533,103.533,99.033,99.133,99.133,900830.0,93655830.0,-0.035042,0.000374,False,0.029543,0.553515,tencent
9980.HK,2026-09-04,144,99.133,102.133,99.133,99.733,99.733,475100.0,49594160.0,0.006052,0.000122,False,0.027759,0.550813,tencent
9980.HK,2026-09-07,145,100.233,102.033,99.133,101.133,101.133,442570.0,46249180.0,0.014037,0.000304,False,0.024177,0.544507,tencent
9980.HK,2026-09-08,146,101.9,103.0,100.5,101.7,101.7,1116700.0,113778460.0,0.005606,4.9e-05,False,0.021688,0.541954,tencent
9980.HK,2026-09-09,147,102.0,103.9,99.6,102.2,102.2,1177290.0,119226450.0,0.004916,4.1e-05,False,0.021429,0.539702,tencent
9980.HK,2026-09-10,148,102.2,102.2,99.4,100.3,100.3,609290.0,61113630.0,-0.018591,0.000304,False,0.021545,0.548259,tencent
9980.HK,2026-09-11,149,100.0,101.5,98.3,101.2,101.2,440970.0,44149300.0,0.008973,0.000203,False,0.021804,0.544206,tencent
9980.HK,2026-09-14,150,101.2,102.6,99.9,100.0,100.0,264260.0,26581420.0,-0.011858,0.000446,False,0.021691,0.54961,tencent
9980.HK,2026-09-15,151,100.3,101.7,99.7,100.5,100.5,260923.0,26257970.0,0.005,0.00019,False,0.021216,0.547358,tencent
9980.HK,2026-09-16,152,100.9,101.1,99.2,99.65,99.65,476459.0,47653500.0,-0.008458,0.000177,False,0.020157,0.551187,tencent
9980.HK,2026-09-17,153,99.65,100.2,95.8,96.2,96.2,925015.0,89412200.0,-0.034621,0.000387,False,0.021124,0.566725,tencent
9980.HK,2026-09-18,154,96.6,97.1,93.6,95.0,95.0,859218.0,81449260.0,-0.012474,0.000153,False,0.021146,0.57213,tencent
9980.HK,2026-09-21,155,95.3,96.45,93.4,95.75,95.75,598515.0,57266220.0,0.007895,0.000138,False,0.01998,0.568752,tencent
9980.HK,2026-09-22,156,95.75,98.0,94.75,97.85,97.85,492300.0,47307340.00000001,0.021932,0.000464,False,0.020828,0.559294,tencent
2768.HK,2026-02-04,1,30.017,33.936,26.504,26.747,26.747,25417400.0,1145643930.0,-0.257028,0.000224,False,,0.21184,tencent
2768.HK,2026-02-05,2,26.76,28.112,24.693,26.896,26.896,5789299.0,226081510.00000003,0.005571,2.5e-05,False,,0.207449,tencent
2768.HK,2026-02-06,3,27.233,27.99,25.76,27.558,27.558,2386800.0,97695070.0,0.024613,0.000252,False,,0.187942,tencent
2768.HK,2026-02-09,4,28.328,28.328,26.639,27.463,27.463,1666076.0,68546650.0,-0.003447,5e-05,False,,0.190741,tencent
2768.HK,2026-02-10,5,27.45,31.193,26.855,29.639,29.639,4456500.0,197215740.0,0.079234,0.000402,False,0.130792,0.126621,tencent
2768.HK,2026-02-11,6,30.098,30.896,29.436,30.558,30.558,2187200.0,99806550.0,0.031006,0.000311,False,0.119624,0.09954,tencent
2768.HK,2026-02-12,7,30.558,32.315,29.679,31.396,31.396,2268940.0,105920580.00000001,0.027423,0.000259,False,0.110663,0.074847,tencent
2768.HK,2026-02-13,8,31.409,36.402,31.044,34.443,34.443,2210300.0,109144210.0,0.097051,0.000889,False,0.109623,0.053816,tencent
2768.HK,2026-02-16,9,34.004,36.098,33.463,34.612,34.612,320000.0,16708380.0,0.004907,0.000294,False,0.102553,0.049173,tencent
2768.HK,2026-02-20,10,34.781,37.45,32.72,33.936,33.936,616800.0,31987689.999999996,-0.019531,0.000611,False,0.096906,0.093832,tencent
2768.HK,2026-02-23,11,33.936,34.747,30.963,33.936,33.936,675460.0,33195720.0,0.0,0.0,False,0.091934,0.093832,tencent
2768.HK,2026-02-24,12,34.612,34.612,32.26,33.869,33.869,935000.0,46282389.99999999,-0.001974,4.3e-05,False,0.087656,0.095621,tencent
2768.HK,2026-02-25,13,34.071,36.166,32.693,35.423,35.423,1003800.0,51726780.0,0.045883,0.000887,False,0.084926,0.054126,tencent
2768.HK,2026-02-26,14,35.423,36.47,34.071,34.578,34.578,956600.0,50432850.0,-0.023855,0.000473,False,0.0819,0.076689,tencent
2768.HK,2026-02-27,15,34.578,38.632,34.51,36.504,36.504,2111140.0,114960930.00000001,0.0557,0.000485,False,0.080188,0.055084,tencent
2768.HK,2026-03-02,16,37.45,37.652,33.565,33.936,33.936,1321200.0,69404200.0,-0.070348,0.001014,False,0.079689,0.121557,tencent
2768.HK,2026-03-03,17,34.679,35.76,30.963,31.639,31.639,1497600.0,72472310.0,-0.067686,0.000934,False,0.078871,0.181016,tencent
2768.HK,2026-03-04,18,31.571,32.044,30.76,31.652,31.652,607400.0,28498500.0,0.000411,1.4e-05,False,0.076524,0.180679,tencent
2768.HK,2026-03-05,19,32.017,32.828,31.044,31.233,31.233,393800.0,18723580.0,-0.013238,0.000707,False,0.074398,0.191525,tencent
2768.HK,2026-03-06,20,31.369,32.287,30.247,31.72,31.72,722400.0,34158810.0,0.015592,0.000456,False,0.072553,0.178919,tencent
2768.HK,2026-03-09,21,31.233,32.72,30.044,32.693,32.693,606600.0,28888860.0,0.030675,0.001062,False,0.041523,0.153733,tencent
2768.HK,2026-03-10,22,32.706,33.058,30.679,32.017,32.017,810200.0,38382480.0,-0.020677,0.000539,False,0.042111,0.171231,tencent
2768.HK,2026-03-11,23,32.044,32.652,30.355,31.49,31.49,1057000.0,49448030.0,-0.01646,0.000333,False,0.04234,0.184873,tencent
2768.HK,2026-03-12,24,31.963,34.646,31.423,32.909,32.909,1546800.0,76260330.0,0.045062,0.000591,False,0.043062,0.148141,tencent
2768.HK,2026-03-13,25,33.936,34.409,32.571,33.315,33.315,819000.0,40956110.0,0.012337,0.000301,False,0.039878,0.137632,tencent
2768.HK,2026-03-16,26,33.315,34.747,32.477,33.733,33.733,375400.0,18947740.0,0.012547,0.000662,False,0.039495,0.126812,tencent
2768.HK,2026-03-17,27,32.923,34.206,31.098,31.693,31.693,540000.0,26060910.0,-0.060475,0.002321,False,0.041775,0.179618,tencent
2768.HK,2026-03-18,28,31.693,33.801,31.233,33.301,33.301,1284400.0,61814900.0,0.050737,0.000821,False,0.037223,0.137994,tencent
2768.HK,2026-03-19,29,33.287,33.733,32.112,32.301,32.301,545800.0,26949020.0,-0.030029,0.001114,False,0.037746,0.16388,tencent
2768.HK,2026-03-20,30,31.774,33.044,31.287,32.639,32.639,524000.0,25077440.0,0.010464,0.000417,False,0.037641,0.15513,tencent
2768.HK,2026-03-23,31,31.909,32.855,30.693,32.504,32.504,539000.0,25754540.0,-0.004136,0.000161,False,0.037645,0.158625,tencent
2768.HK,2026-03-24,32,32.504,36.098,32.274,34.612,34.612,1020400.0,51652170.0,0.064854,0.001256,False,0.040459,0.104059,tencent
2768.HK,2026-03-25,33,34.612,37.72,34.544,37.179,37.179,1403200.0,76098130.0,0.074165,0.000975,False,0.04252,0.037611,tencent
2768.HK,2026-03-26,34,37.821,37.821,35.254,36.808,36.808,822600.0,44441010.0,-0.009979,0.000225,False,0.042165,0.047215,tencent
2768.HK,2026-03-27,35,36.132,37.956,36.132,37.45,37.45,712000.0,39769590.0,0.017442,0.000439,False,0.040532,0.030596,tencent
2768.HK,2026-03-30,36,37.112,38.869,36.774,37.416,37.416,565600.0,31957550.0,-0.000908,2.8e-05,False,0.036805,0.037382,tencent
2768.HK,2026-03-31,37,37.348,37.956,35.152,36.673,36.673,593200.0,32858660.0,-0.019858,0.000604,False,0.033172,0.056497,tencent
2768.HK,2026-04-01,38,37.956,37.956,33.936,34.274,34.274,859000.0,45118300.0,-0.065416,0.00145,False,0.037001,0.118218,tencent
2768.HK,2026-04-02,39,34.274,34.342,32.896,33.396,33.396,230600.0,11521230.0,-0.025617,0.002223,False,0.037417,0.140806,tencent
2768.HK,2026-04-08,40,33.396,34.713,32.923,32.99,32.99,844600.0,42535980.0,-0.012157,0.000286,False,0.03748,0.151252,tencent
2768.HK,2026-04-09,41,32.99,34.206,30.72,33.497,33.497,1485400.0,72272910.0,0.015368,0.000213,False,0.03703,0.138208,tencent
2768.HK,2026-04-10,42,34.409,34.578,32.787,33.098,33.098,996400.0,50480170.0,-0.011912,0.000236,False,0.036801,0.148473,tencent
2768.HK,2026-04-13,43,32.787,34.848,32.085,33.869,33.869,967400.0,49216680.0,0.023294,0.000473,False,0.036808,0.128637,tencent
2768.HK,2026-04-14,44,34.544,34.983,32.72,33.071,33.071,874600.0,44228700.0,-0.023561,0.000533,False,0.035996,0.149168,tencent
2768.HK,2026-04-15,45,33.382,33.382,31.504,31.774,31.774,421000.0,20213250.0,-0.039219,0.00194,False,0.036964,0.182536,tencent
2768.HK,2026-04-16,46,31.774,32.544,31.504,31.747,31.747,246400.0,11818250.0,-0.00085,7.2e-05,False,0.036813,0.183231,tencent
2768.HK,2026-04-17,47,33.017,33.017,31.287,31.423,31.423,203400.0,9600360.0,-0.010206,0.001063,False,0.034267,0.191567,tencent
2768.HK,2026-04-20,48,32.301,35.76,31.49,35.389,35.389,1637000.0,83492030.0,0.126213,0.001512,False,0.043141,0.089532,tencent
2768.HK,2026-04-21,49,35.389,35.693,32.517,34.612,34.612,1362400.0,69046010.0,-0.021956,0.000318,False,0.042844,0.109522,tencent
2768.HK,2026-04-22,50,34.747,36.436,33.666,34.747,34.747,496600.0,26128350.0,0.0039,0.000149,False,0.042819,0.106049,tencent
2768.HK,2026-04-23,51,34.375,35.017,33.274,34.612,34.612,494600.0,25325670.0,-0.003885,0.000153,False,0.042817,0.109522,tencent
2768.HK,2026-04-24,52,34.477,34.747,33.247,33.733,33.733,342200.0,17302270.0,-0.025396,0.001468,False,0.040771,0.132136,tencent
2768.HK,2026-04-27,53,33.936,33.936,31.787,33.058,33.058,496200.0,24369430.000000004,-0.02001,0.000821,False,0.03695,0.149502,tencent
2768.HK,2026-04-28,54,33.098,33.7,32.112,33.463,33.463,221000.0,10853450.0,0.012251,0.001129,False,0.037133,0.139083,tencent
2768.HK,2026-04-29,55,33.287,34.071,31.869,32.247,32.247,870400.0,42523160.0,-0.036339,0.000855,False,0.037436,0.170367,tencent
2768.HK,2026-04-30,56,32.22,32.882,31.396,32.585,32.585,363830.0,17467540.0,0.010482,0.0006,False,0.037616,0.161671,tencent
2768.HK,2026-05-04,57,32.585,33.531,31.99,33.463,33.463,164600.0,8083420.0,0.026945,0.003333,False,0.038176,0.139083,tencent
2768.HK,2026-05-05,58,33.396,33.396,31.76,31.76,31.76,90600.0,4419940.0,-0.050892,0.011514,False,0.037067,0.182896,tencent
2768.HK,2026-05-06,59,32.044,32.45,30.45,31.409,31.409,361200.0,17133520.0,-0.011052,0.000645,False,0.036744,0.191927,tencent
2768.HK,2026-05-07,60,32.044,32.058,31.301,31.45,31.45,217400.0,10349720.0,0.001305,0.000126,False,0.03668,0.190872,tencent
2768.HK,2026-05-08,61,32.044,34.747,31.544,33.396,33.396,1315210.0,66169020.0,0.061876,0.000935,False,0.039211,0.140806,tencent
2768.HK,2026-05-11,62,33.396,35.76,32.828,34.139,34.139,1807400.0,91128220.0,0.022248,0.000244,False,0.039384,0.121691,tencent
2768.HK,2026-05-12,63,34.51,35.22,32.95,35.085,35.085,689000.0,35279140.0,0.02771,0.000785,False,0.03952,0.097353,tencent
2768.HK,2026-05-13,64,35.085,35.085,33.071,34.578,34.578,1011000.0,51504750.0,-0.014451,0.000281,False,0.039256,0.110396,tencent
2768.HK,2026-05-14,65,35.22,37.923,34.409,37.213,37.213,1433400.0,78111430.0,0.076205,0.000976,False,0.04117,0.042605,tencent
2768.HK,2026-05-15,66,37.213,43.97,35.963,40.22,40.22,2443825.0,149079140.0,0.080805,0.000542,False,0.044116,0.085285,tencent
2768.HK,2026-05-18,67,40.963,40.963,38.125,40.017,40.017,952800.0,56232620.0,-0.005047,9e-05,False,0.043989,0.089902,tencent
2768.HK,2026-05-19,68,40.49,40.558,38.902,40.355,40.355,593200.0,35383550.0,0.008446,0.000239,False,0.035009,0.082215,tencent
2768.HK,2026-05-20,69,40.524,41.909,39.713,40.524,40.524,1080800.0,65358880.0,0.004188,6.4e-05,False,0.034347,0.078372,tencent
2768.HK,2026-05-21,70,42.315,42.315,38.193,39.646,39.646,706800.0,42230550.0,-0.021666,0.000513,False,0.034995,0.09834,tencent
2768.HK,2026-05-22,71,40.287,41.977,37.315,38.362,38.362,2215600.0,132423250.0,-0.032387,0.000245,False,0.036035,0.127542,tencent
2768.HK,2026-05-26,72,38.362,38.362,34.747,35.49,35.49,1178400.0,63227110.0,-0.074866,0.001184,False,0.039788,0.192859,tencent
2768.HK,2026-05-27,73,35.76,37.315,34.713,36.402,36.402,750600.0,40574880.0,0.025697,0.000633,False,0.039692,0.172117,tencent
2768.HK,2026-05-28,74,36.537,40.929,36.537,39.477,39.477,2641200.0,154026440.0,0.084473,0.000548,False,0.04344,0.102183,tencent
2768.HK,2026-05-29,75,40.693,40.727,37.787,38.7,38.7,1919222.0,112940310.00000001,-0.019682,0.000174,False,0.042674,0.119854,tencent
2768.HK,2026-06-01,76,38.159,42.754,35.524,36.065,36.065,991400.0,57660559.99999999,-0.068088,0.001181,False,0.046108,0.179782,tencent
2768.HK,2026-06-02,77,36.673,37.855,35.287,36.943,36.943,549800.0,30171930.000000004,0.024345,0.000807,False,0.046049,0.159814,tencent
2768.HK,2026-06-03,78,37.45,37.45,34.612,34.815,34.815,342600.0,18152410.0,-0.057602,0.003173,False,0.046508,0.20821,tencent
2768.HK,2026-06-04,79,34.443,35.355,33.396,34.544,34.544,498600.0,25688150.0,-0.007784,0.000303,False,0.046452,0.214373,tencent
2768.HK,2026-06-05,80,35.592,35.929,34.105,34.544,34.544,211800.0,11082380.0,0.0,0.0,False,0.046459,0.214373,tencent
2768.HK,2026-06-08,81,33.396,35.051,32.909,34.747,34.747,204800.0,10493110.0,0.005877,0.00056,False,0.044545,0.209757,tencent
2768.HK,2026-06-09,82,35.828,37.686,34.274,37.247,37.247,1050800.0,57140959.99999999,0.071949,0.001259,False,0.046998,0.1529,tencent
2768.HK,2026-06-10,83,36.774,42.382,36.504,41.166,41.166,1448800.0,87437860.0,0.105217,0.001203,False,0.051877,0.063771,tencent
2768.HK,2026-06-11,84,40.49,47.348,40.49,46.943,46.943,2219600.0,150611630.0,0.140334,0.000932,False,0.059181,0.008554,tencent
2768.HK,2026-06-12,85,48.328,50.423,46.132,48.666,48.666,963400.0,69646580.0,0.036704,0.000527,False,0.057744,0.034845,tencent
2768.HK,2026-06-15,86,49.713,56.808,49.375,55.592,55.592,1863200.0,151133080.0,0.142317,0.000942,False,0.062844,0.021405,tencent
2768.HK,2026-06-16,87,56.098,57.01,53.733,54.51,54.51,711600.0,58347850.0,-0.019463,0.000334,False,0.063205,0.043852,tencent
2768.HK,2026-06-17,88,58.0,58.7,51.65,53.9,53.9,1103352.0,58809590.0,-0.011191,0.00019,False,0.063503,0.081772,tencent
2768.HK,2026-06-18,89,52.1,54.65,48.5,52.1,52.1,929200.0,47675510.00000001,-0.033395,0.0007,False,0.064434,0.112436,tencent
2768.HK,2026-06-22,90,52.5,52.75,48.82,49.86,49.86,901600.0,45438610.0,-0.042994,0.000946,False,0.065236,0.150596,tencent
2768.HK,2026-06-23,91,51.0,51.0,46.5,50.3,50.3,861600.0,42059600.0,0.008825,0.00021,False,0.064356,0.143101,tencent
2768.HK,2026-06-24,92,49.9,50.7,47.58,49.56,49.56,671600.0,32758010.0,-0.014712,0.000449,False,0.061239,0.155707,tencent
2768.HK,2026-06-25,93,48.62,50.25,45.8,47.58,47.58,643800.0,30390790.0,-0.039952,0.001315,False,0.06258,0.189438,tencent
2768.HK,2026-06-26,94,48.0,48.0,45.5,45.6,45.6,425400.0,19813540.0,-0.041614,0.0021,False,0.061583,0.223169,tencent
2768.HK,2026-06-29,95,46.98,46.98,42.96,42.96,42.96,508200.0,22524000.0,-0.057895,0.00257,False,0.063093,0.268143,tencent
2768.HK,2026-06-30,96,42.98,45.84,42.5,44.98,44.98,440400.0,19703130.0,0.04702,0.002386,False,0.061097,0.233731,tencent
2768.HK,2026-07-02,97,44.5,48.0,43.0,44.88,44.88,509600.0,23188150.0,-0.002223,9.6e-05,False,0.061122,0.235434,tencent
2768.HK,2026-07-03,98,45.0,47.8,45.0,45.6,45.6,660400.0,30538960.0,0.016043,0.000525,False,0.05892,0.223169,tencent
2768.HK,2026-07-06,99,45.6,51.1,45.4,51.0,51.0,1089600.0,53651270.00000001,0.118421,0.002207,False,0.062954,0.131175,tencent
2768.HK,2026-07-07,100,50.6,58.2,49.48,56.25,56.25,1986000.0,107358550.0,0.102941,0.000959,False,0.065273,0.041738,tencent
2768.HK,2026-07-08,101,55.85,59.3,50.05,54.45,54.45,2341200.0,131221970.0,-0.032,0.000244,False,0.066445,0.081788,tencent
2768.HK,2026-07-09,102,53.6,56.1,52.4,53.95,53.95,1313800.0,70811440.0,-0.009183,0.00013,False,0.065884,0.090219,tencent
2768.HK,2026-07-10,103,57.05,57.05,51.5,52.7,52.7,844400.0,45342659.99999999,-0.02317,0.000511,False,0.06342,0.111298,tencent
2768.HK,2026-07-13,104,52.75,55.5,44.28,44.86,44.86,1196800.0,59176989.99999999,-0.148767,0.002514,False,0.066059,0.243508,tencent
2768.HK,2026-07-14,105,44.82,48.0,43.1,48.0,48.0,830800.0,38013760.0,0.069996,0.001841,False,0.067443,0.190556,tencent
2768.HK,2026-07-15,106,48.0,50.1,45.56,45.86,45.86,551088.0,26254300.0,-0.044583,0.001698,False,0.059362,0.226644,tencent
2768.HK,2026-07-16,107,45.3,45.72,42.82,43.96,43.96,357334.0,15683309.999999998,-0.04143,0.002642,False,0.059789,0.258685,tencent
2768.HK,2026-07-17,108,43.62,43.62,35.0,35.52,35.52,1524449.0,57498040.0,-0.191993,0.003339,False,0.072464,0.401012,tencent
2768.HK,2026-07-20,109,36.62,36.64,27.38,27.38,27.38,3399824.0,107062050.0,-0.229167,0.002141,False,0.086509,0.53828,tencent
2768.HK,2026-07-21,110,27.66,30.48,22.56,30.48,30.48,6329653.0,162745920.0,0.113221,0.000696,False,0.091949,0.486003,tencent
2768.HK,2026-07-22,111,30.66,33.0,29.38,32.6,32.6,1267864.0,39531180.0,0.069554,0.001759,False,0.093932,0.450253,tencent
2768.HK,2026-07-23,112,32.6,33.4,30.7,31.16,31.16,1318980.0,41744070.0,-0.044172,0.001058,False,0.094126,0.474536,tencent
2768.HK,2026-07-24,113,30.52,31.0,29.1,29.84,29.84,687000.0,20586170.000000004,-0.042362,0.002058,False,0.094156,0.496796,tencent
2768.HK,2026-07-27,114,30.96,33.3,29.48,33.1,33.1,1470616.0,46448100.00000001,0.109249,0.002352,False,0.09817,0.441821,tencent
2768.HK,2026-07-28,115,33.08,33.2,29.32,30.02,30.02,1242720.0,38219610.0,-0.093051,0.002435,False,0.099361,0.493761,tencent
2768.HK,2026-07-29,116,30.56,32.76,28.52,31.76,31.76,1289848.0,39943990.0,0.057961,0.001451,False,0.099737,0.464418,tencent
2768.HK,2026-07-30,117,32.0,32.84,29.5,29.5,29.5,578712.0,17719600.0,-0.071159,0.004016,False,0.100561,0.50253,tencent
2768.HK,2026-07-31,118,31.06,31.82,29.72,29.8,29.8,837664.0,25615740.0,0.010169,0.000397,False,0.100472,0.49747,tencent
2768.HK,2026-08-03,119,30.12,32.7,29.88,32.08,32.08,2095101.0,65176450.00000001,0.07651,0.001174,False,0.097926,0.459022,tencent
2768.HK,2026-08-04,120,32.06,32.08,28.24,31.14,31.14,5370672.0,162874480.0,-0.029302,0.00018,False,0.093698,0.474874,tencent
2768.HK,2026-08-05,121,31.14,33.8,30.44,33.26,33.26,2324416.0,75351040.0,0.06808,0.000903,False,0.095933,0.439123,tencent
2768.HK,2026-08-06,122,33.44,34.98,32.62,33.74,33.74,1084696.0,36362390.0,0.014432,0.000397,False,0.096214,0.431029,tencent
2768.HK,2026-08-07,123,33.96,35.0,32.72,34.38,34.38,1214736.0,41288620.0,0.018969,0.000459,False,0.096567,0.420236,tencent
2768.HK,2026-08-10,124,34.2,35.78,34.1,34.8,34.8,1078096.0,37633150.0,0.012216,0.000325,False,0.09153,0.413153,tencent
2768.HK,2026-08-11,125,34.32,36.5,34.12,36.18,36.18,701276.0,24935120.0,0.039655,0.00159,False,0.090408,0.389882,tencent
2768.HK,2026-08-12,126,36.6,38.0,35.26,35.66,35.66,1260200.0,46120310.0,-0.014373,0.000312,False,0.090049,0.398651,tencent
2768.HK,2026-08-13,127,36.5,38.12,35.66,36.02,36.02,1522600.0,56506310.0,0.010095,0.000179,False,0.089789,0.39258,tencent
2768.HK,2026-08-14,128,35.2,39.0,35.02,38.66,38.66,2416400.0,88817120.0,0.073293,0.000825,False,0.07988,0.348061,tencent
2768.HK,2026-08-17,129,39.2,41.22,38.3,41.18,41.18,1244382.0,49822580.0,0.065184,0.001308,False,0.05814,0.305565,tencent
2768.HK,2026-08-18,130,41.2,43.26,40.02,41.8,41.8,1583208.0,65889170.0,0.015056,0.000229,False,0.054052,0.29511,tencent
2768.HK,2026-08-19,131,40.02,41.64,36.24,36.24,36.24,1200880.0,46770820.0,-0.133014,0.002844,False,0.062122,0.38887,tencent
2768.HK,2026-08-20,132,37.86,38.9,36.2,37.26,37.26,813696.0,30579450.0,0.028146,0.00092,False,0.061072,0.371669,tencent
2768.HK,2026-08-21,133,37.22,38.66,36.16,37.68,37.68,686080.0,25707489.999999996,0.011272,0.000438,False,0.059779,0.364587,tencent
2768.HK,2026-08-24,134,37.74,37.8,33.82,34.04,34.04,803000.0,28265540.0,-0.096603,0.003418,False,0.06014,0.42597,tencent
2768.HK,2026-08-25,135,34.04,35.96,32.84,34.92,34.92,477896.0,16609949.999999998,0.025852,0.001556,False,0.055851,0.41113,tencent
2768.HK,2026-08-26,136,34.92,35.96,34.32,35.28,35.28,473024.0,16717480.0,0.010309,0.000617,False,0.054662,0.405059,tencent
2768.HK,2026-08-27,137,34.36,37.16,34.36,36.32,36.32,550393.0,20068860.0,0.029478,0.001469,False,0.051663,0.387521,tencent
2768.HK,2026-08-28,138,36.4,37.9,35.96,37.0,37.0,784400.0,29024600.0,0.018722,0.000645,False,0.051685,0.376054,tencent
2768.HK,2026-08-31,139,37.0,38.96,36.18,38.4,38.4,1135376.0,43439410.0,0.037838,0.000871,False,0.049843,0.352445,tencent
2768.HK,2026-09-01,140,39.04,39.62,36.3,38.14,38.14,1334864.0,51004580.0,-0.006771,0.000133,False,0.049151,0.35683,tencent
2768.HK,2026-09-02,141,37.5,38.8,36.74,38.32,38.32,746336.0,28086390.0,0.004719,0.000168,False,0.047313,0.353794,tencent
2768.HK,2026-09-03,142,39.0,39.0,37.32,38.22,38.22,411728.0,15771840.0,-0.00261,0.000165,False,0.047348,0.355481,tencent
2768.HK,2026-09-04,143,38.42,39.6,37.1,37.86,37.86,498400.0,19085050.0,-0.009419,0.000494,False,0.047408,0.361551,tencent
2768.HK,2026-09-07,144,38.68,39.3,37.38,38.16,38.16,1181872.0,45075600.00000001,0.007924,0.000176,False,0.047388,0.356492,tencent
2768.HK,2026-09-08,145,38.42,38.52,36.8,36.8,36.8,805096.0,30158900.0,-0.035639,0.001182,False,0.047542,0.379427,tencent
2768.HK,2026-09-09,146,36.4,38.2,36.4,36.62,36.62,1018400.0,38084460.0,-0.004891,0.000128,False,0.047418,0.382462,tencent
2768.HK,2026-09-10,147,37.2,38.12,36.0,37.5,37.5,407656.0,15247560.0,0.024031,0.001576,False,0.047638,0.367622,tencent
2768.HK,2026-09-11,148,37.78,37.78,35.36,36.64,36.64,687672.0,25131810.0,-0.022933,0.000913,False,0.044964,0.382125,tencent
2768.HK,2026-09-14,149,36.66,38.46,35.6,37.46,37.46,666992.0,24861760.0,0.02238,0.0009,False,0.04257,0.368297,tencent
2768.HK,2026-09-15,150,36.92,38.3,36.92,37.08,37.08,336392.0,12591289.999999998,-0.010144,0.000806,False,0.042354,0.374705,tencent
2768.HK,2026-09-16,151,36.8,39.8,36.8,39.0,39.0,1155880.0,44658770.00000001,0.05178,0.001159,False,0.03182,0.342327,tencent
2768.HK,2026-09-17,152,39.78,40.68,39.32,39.62,39.62,752200.0,30098710.0,0.015897,0.000528,False,0.03145,0.331872,tencent
2768.HK,2026-09-18,153,39.6,41.7,38.3,41.6,41.6,1552184.0,62227800.0,0.049975,0.000803,False,0.033097,0.298482,tencent
2768.HK,2026-09-21,154,41.62,45.52,41.62,43.32,43.32,1234832.0,54433710.0,0.041346,0.00076,False,0.023756,0.269477,tencent
2768.HK,2026-09-22,155,44.8,48.28,43.5,46.78,46.78,2338224.0,110129240.00000001,0.079871,0.000725,False,0.02805,0.21113,tencent
2677.HK,2026-02-06,1,81.0,90.85,65.15,67.9,67.9,2417400.0,202700400.0,0.133556,0.000659,False,,0.252614,tencent
2677.HK,2026-02-09,2,69.8,71.0,60.15,60.2,60.2,530620.0,32988900.0,-0.113402,0.003438,False,,0.337369,tencent
2677.HK,2026-02-10,3,60.2,62.5,54.0,59.9,59.9,257900.0,15104600.0,-0.004983,0.00033,False,,0.340671,tencent
2677.HK,2026-02-11,4,59.9,61.0,58.5,60.1,60.1,242750.0,14452700.0,0.003339,0.000231,False,,0.33847,tencent
2677.HK,2026-02-12,5,60.1,60.25,57.7,58.5,58.5,126700.0,7421000.0,-0.026622,0.003587,False,0.088641,0.356081,tencent
2677.HK,2026-02-13,6,58.5,59.6,57.0,58.0,58.0,103850.0,6062100.0,-0.008547,0.00141,False,0.079333,0.361585,tencent
2677.HK,2026-02-16,7,58.0,58.2,55.6,58.0,58.0,50050.0,2830000.0,0.0,0.0,False,0.072429,0.361585,tencent
2677.HK,2026-02-20,8,58.0,58.15,55.0,56.85,56.85,90050.0,5048200.0,-0.019828,0.003928,False,0.067339,0.374243,tencent
2677.HK,2026-02-23,9,57.25,57.25,54.8,55.9,55.9,103250.0,5730500.0,-0.016711,0.002916,False,0.06312,0.3847,tencent
2677.HK,2026-02-24,10,55.85,56.95,52.8,55.9,55.9,174300.0,9469700.0,0.0,0.0,False,0.059539,0.3847,tencent
2677.HK,2026-02-25,11,55.9,58.65,55.8,58.6,58.6,61350.0,3524400.0,0.048301,0.013705,False,0.058752,0.354981,tencent
2677.HK,2026-02-26,12,58.65,61.3,58.0,58.6,58.6,55650.0,3299400.0,0.0,0.0,False,0.056018,0.354981,tencent
2677.HK,2026-02-27,13,58.6,59.0,56.9,59.0,59.0,24900.0,1442800.0,0.006826,0.004731,False,0.053671,0.350578,tencent
2677.HK,2026-03-02,14,55.0,61.5,54.4,59.0,59.0,60750.0,3527900.0,0.0,0.0,False,0.051565,0.350578,tencent
2677.HK,2026-03-03,15,59.0,59.0,57.55,58.55,58.55,33400.0,1943100.0,-0.007627,0.003925,False,0.04973,0.355531,tencent
2677.HK,2026-03-04,16,57.45,59.0,55.25,58.2,58.2,56550.0,3274900.0,-0.005978,0.001825,False,0.048064,0.359384,tencent
2677.HK,2026-03-05,17,58.0,60.0,58.0,60.0,60.0,109450.0,6498200.000000001,0.030928,0.004759,False,0.047167,0.339571,tencent
2677.HK,2026-03-06,18,60.0,61.5,58.9,60.1,60.1,25550.0,1529100.0,0.001667,0.00109,False,0.045759,0.33847,tencent
2677.HK,2026-03-09,19,60.1,64.95,58.6,64.35,64.35,106200.0,6752800.0,0.070715,0.010472,False,0.047246,0.29169,tencent
2677.HK,2026-03-10,20,65.7,67.5,63.35,64.65,64.65,92250.0,6018400.0,0.004662,0.000775,False,0.045986,0.288387,tencent
2677.HK,2026-03-11,21,64.6,65.5,62.7,64.85,64.85,35150.0,2238600.0,0.003094,0.001382,False,0.034608,0.286186,tencent
2677.HK,2026-03-12,22,64.85,67.0,62.1,65.35,65.35,29100.0,1899500.0,0.00771,0.004059,False,0.022521,0.280682,tencent
2677.HK,2026-03-13,23,63.6,63.8,62.3,63.5,63.5,17700.0,1116700.0,-0.028309,0.025351,False,0.023607,0.301046,tencent
2677.HK,2026-03-16,24,62.6,64.3,61.0,61.5,61.5,54700.0,3434300.0,-0.031496,0.009171,False,0.024847,0.32306,tencent
2677.HK,2026-03-17,25,61.4,64.4,61.0,62.9,62.9,34450.0,2163600.0,0.022764,0.010521,False,0.024361,0.30765,tencent
2677.HK,2026-03-18,26,62.95,63.7,61.8,62.5,62.5,30500.0,1904000.0,-0.006359,0.00334,False,0.024307,0.312053,tencent
2677.HK,2026-03-19,27,62.4,62.5,59.1,60.25,60.25,43000.0,2610600.0,-0.036,0.01379,False,0.025901,0.336819,tencent
2677.HK,2026-03-20,28,60.0,60.0,56.45,57.5,57.5,18750.0,1088800.0,-0.045643,0.041921,False,0.027642,0.367089,tencent
2677.HK,2026-03-23,29,57.5,57.5,53.4,54.0,54.0,14300.0,795300.0,-0.06087,0.076537,False,0.030718,0.405614,tencent
2677.HK,2026-03-24,30,54.0,56.3,52.5,55.7,55.7,20500.0,1111200.0,0.031481,0.028331,False,0.031581,0.386901,tencent
2677.HK,2026-03-25,31,55.25,55.25,52.5,53.65,53.65,37450.0,1980400.0,-0.036804,0.018584,False,0.030487,0.409466,tencent
2677.HK,2026-03-26,32,52.65,53.5,48.0,48.02,48.02,14350.0,725200.0,-0.104939,0.144704,False,0.037898,0.471436,tencent
2677.HK,2026-03-27,33,48.02,48.1,44.02,45.32,45.32,27450.0,1260300.0,-0.056227,0.044614,False,0.039098,0.501156,tencent
2677.HK,2026-03-30,34,45.32,45.32,38.02,38.26,38.26,36550.0,1491800.0,-0.155781,0.104425,False,0.050392,0.578866,tencent
2677.HK,2026-03-31,35,38.24,40.0,33.12,37.42,37.42,32200.0,1168300.0,-0.021955,0.018792,False,0.050306,0.588112,tencent
2677.HK,2026-04-01,36,36.8,40.0,36.8,37.76,37.76,49450.0,1885200.0,0.009086,0.00482,False,0.050652,0.58437,tencent
2677.HK,2026-04-02,37,37.76,37.76,34.0,34.92,34.92,16350.0,579900.0,-0.075212,0.129698,False,0.050583,0.61563,tencent
2677.HK,2026-04-08,38,35.0,37.4,34.92,35.68,35.68,55550.0,1983500.0,0.021764,0.010973,False,0.051344,0.607265,tencent
2677.HK,2026-04-09,39,35.68,35.68,33.22,33.42,33.42,17400.0,589200.0,-0.063341,0.107503,False,0.046822,0.632141,tencent
2677.HK,2026-04-10,40,33.42,33.92,33.02,33.56,33.56,3100.0,103500.0,0.004189,0.040474,False,0.046803,0.6306,tencent
2677.HK,2026-04-13,41,33.56,33.56,30.3,30.98,30.98,29650.0,941900.0,-0.076877,0.081619,False,0.047139,0.658998,tencent
2677.HK,2026-04-14,42,31.0,33.0,28.7,32.0,32.0,39100.0,1206400.0,0.032924,0.027292,False,0.048658,0.647771,tencent
2677.HK,2026-04-15,43,33.0,36.98,33.0,35.6,35.6,111900.0,3963500.0,0.1125,0.028384,False,0.058665,0.608145,tencent
2677.HK,2026-04-16,44,35.6,36.02,33.8,36.02,36.02,33100.0,1146700.0,0.011798,0.010288,False,0.05928,0.603522,tencent
2677.HK,2026-04-17,45,35.98,35.98,33.8,33.92,33.92,15050.0,516900.0,-0.058301,0.11279,False,0.058633,0.626637,tencent
2677.HK,2026-04-20,46,33.9,35.88,33.9,34.84,34.84,17950.0,630300.0,0.027123,0.043031,False,0.059772,0.616511,tencent
2677.HK,2026-04-21,47,35.0,35.94,34.82,35.02,35.02,15100.0,533700.0,0.005166,0.00968,False,0.060156,0.614529,tencent
2677.HK,2026-04-22,48,36.0,36.0,32.0,33.5,33.5,26000.0,874300.0000000001,-0.043404,0.049644,False,0.060117,0.63126,tencent
2677.HK,2026-04-23,49,33.52,34.62,32.88,32.9,32.9,14000.0,469099.99999999994,-0.01791,0.03818,False,0.059528,0.637865,tencent
2677.HK,2026-04-24,50,32.9,32.9,30.8,31.84,31.84,17400.0,550900.0,-0.032219,0.058484,False,0.058163,0.649532,tencent
2677.HK,2026-04-27,51,33.0,33.0,31.3,31.84,31.84,4000.0,128500.0,0.0,0.0,False,0.058383,0.649532,tencent
2677.HK,2026-04-28,52,31.8,31.84,29.6,30.0,30.0,20400.0,621200.0,-0.057789,0.093028,False,0.055842,0.669785,tencent
2677.HK,2026-04-29,53,30.94,30.94,29.04,29.04,29.04,5950.0,175900.0,-0.032,0.181922,False,0.055315,0.680352,tencent
2677.HK,2026-04-30,54,29.04,29.3,28.02,28.62,28.62,8400.0,241100.0,-0.014463,0.059987,False,0.045233,0.684975,tencent
2677.HK,2026-05-04,55,28.06,29.28,27.02,28.04,28.04,8100.0,226700.00000000003,-0.020266,0.089394,False,0.045218,0.691359,tencent
2677.HK,2026-05-05,56,28.04,28.04,27.0,27.48,27.48,9250.0,252500.0,-0.019971,0.079095,False,0.044925,0.697523,tencent
2677.HK,2026-05-06,57,27.48,28.0,27.4,27.88,27.88,4400.0,121199.99999999999,0.014556,0.120099,False,0.043017,0.693121,tencent
2677.HK,2026-05-07,58,27.92,28.98,27.9,28.4,28.4,5150.0,146400.0,0.018651,0.1274,False,0.0429,0.687397,tencent
2677.HK,2026-05-08,59,28.4,29.2,28.14,28.86,28.86,5250.0,150000.0,0.016197,0.107981,False,0.041403,0.682334,tencent
2677.HK,2026-05-11,60,28.86,29.0,28.24,28.7,28.7,10100.0,287600.0,-0.005544,0.019277,False,0.041327,0.684095,tencent
2677.HK,2026-05-12,61,28.7,30.5,28.3,30.18,30.18,16050.0,470200.00000000006,0.051568,0.109672,False,0.039849,0.667804,tencent
2677.HK,2026-05-13,62,30.18,33.0,29.0,29.02,29.02,22000.0,684500.0,-0.038436,0.056152,False,0.039887,0.680572,tencent
2677.HK,2026-05-14,63,29.16,30.2,28.2,28.3,28.3,20950.0,620000.0,-0.02481,0.040017,False,0.029118,0.688498,tencent
2677.HK,2026-05-15,64,28.5,28.86,27.2,27.26,27.26,4600.0,128100.0,-0.036749,0.286878,False,0.029141,0.699945,tencent
2677.HK,2026-05-18,65,27.18,27.42,25.6,26.6,26.6,14450.0,381300.0,-0.024211,0.063497,False,0.027318,0.70721,tencent
2677.HK,2026-05-19,66,25.66,25.9,25.6,25.9,25.9,5800.0,149000.0,-0.026316,0.176616,False,0.025895,0.714915,tencent
2677.HK,2026-05-20,67,26.2,26.2,25.6,25.6,25.6,14000.0,360100.0,-0.011583,0.032166,False,0.025496,0.718217,tencent
2677.HK,2026-05-21,68,26.3,26.3,24.06,24.2,24.2,12600.0,313200.0,-0.054688,0.174609,False,0.026266,0.733627,tencent
2677.HK,2026-05-22,69,24.1,24.16,22.18,24.14,24.14,15600.0,361400.0,-0.002479,0.00686,False,0.026427,0.734287,tencent
2677.HK,2026-05-26,70,23.8,23.8,22.52,22.8,22.8,4450.0,102600.0,-0.05551,0.541029,False,0.027706,0.749037,tencent
2677.HK,2026-05-27,71,22.4,22.6,22.0,22.0,22.0,5800.0,128400.0,-0.035088,0.273269,False,0.027738,0.757843,tencent
2677.HK,2026-05-28,72,22.0,22.94,22.0,22.9,22.9,3400.0,76500.0,0.040909,0.534759,False,0.029026,0.747936,tencent
2677.HK,2026-05-29,73,22.9,22.9,21.4,21.66,21.66,9050.0,196900.0,-0.054148,0.275005,False,0.030188,0.761585,tencent
2677.HK,2026-06-01,74,21.7,22.28,20.0,22.28,22.28,3800.0,82400.0,0.028624,0.347381,False,0.031664,0.754761,tencent
2677.HK,2026-06-02,75,23.0,24.0,23.0,23.12,23.12,4800.0,113400.0,0.037702,0.332469,False,0.033466,0.745515,tencent
2677.HK,2026-06-03,76,24.0,24.0,23.02,23.86,23.86,2050.0,48700.0,0.032007,0.657226,False,0.034574,0.737369,tencent
2677.HK,2026-06-04,77,23.84,25.8,23.7,25.72,25.72,21000.0,518000.0,0.077955,0.150492,False,0.0392,0.716896,tencent
2677.HK,2026-06-05,78,26.0,26.0,24.94,24.94,24.94,1850.0,46200.0,-0.030327,0.65642,False,0.039286,0.725482,tencent
2677.HK,2026-06-08,79,24.88,24.88,21.22,21.72,21.72,7050.0,157000.0,-0.12911,0.822356,False,0.047576,0.760925,tencent
2677.HK,2026-06-09,80,21.0,25.0,21.0,23.02,23.02,6200.0,147300.0,0.059853,0.406332,False,0.050287,0.746615,tencent
2677.HK,2026-06-10,81,24.0,24.0,23.0,23.66,23.66,3600.0,84100.0,0.027802,0.330582,False,0.049026,0.739571,tencent
2677.HK,2026-06-11,82,25.0,26.0,23.98,24.96,24.96,7650.0,189200.00000000003,0.054945,0.290407,False,0.050688,0.725261,tencent
2677.HK,2026-06-12,83,25.02,25.02,24.5,24.5,24.5,100.0,2500.0,-0.018429,7.371795,False,0.050585,0.730325,tencent
2677.HK,2026-06-15,84,24.5,25.0,23.0,23.84,23.84,5700.0,134600.0,-0.026939,0.200139,False,0.050317,0.737589,tencent
2677.HK,2026-06-16,85,25.0,25.0,23.94,24.46,24.46,5400.0,132200.0,0.026007,0.196722,False,0.050584,0.730765,tencent
2677.HK,2026-06-17,86,24.32,26.0,23.16,25.16,25.16,10700.0,267600.0,0.028618,0.106944,False,0.050739,0.72306,tencent
2677.HK,2026-06-18,87,26.0,26.0,23.6,25.46,25.46,6400.0,162500.0,0.011924,0.073377,False,0.050734,0.719758,tencent
2677.HK,2026-06-22,88,26.0,27.78,25.1,27.02,27.02,8900.0,235799.99999999997,0.061273,0.25985,False,0.050663,0.702587,tencent
2677.HK,2026-06-23,89,27.44,28.38,27.14,27.2,27.2,12150.0,339799.99999999994,0.006662,0.019605,False,0.050616,0.700605,tencent
2677.HK,2026-06-24,90,28.0,28.86,28.0,28.38,28.38,8450.0,240700.0,0.043382,0.180234,False,0.048967,0.687617,tencent
2677.HK,2026-06-25,91,28.88,29.5,28.52,29.0,29.0,7550.0,219500.0,0.021846,0.099528,False,0.047714,0.680793,tencent
2677.HK,2026-06-26,92,30.0,30.0,29.04,29.1,29.1,5600.0,165600.0,0.003448,0.020823,False,0.047378,0.679692,tencent
2677.HK,2026-06-29,93,29.3,30.0,25.16,29.8,29.8,13700.0,400700.0,0.024055,0.060032,False,0.044682,0.671987,tencent
2677.HK,2026-06-30,94,30.5,32.0,30.0,30.02,30.02,1900.0,57800.0,0.007383,0.127726,False,0.044645,0.669565,tencent
2677.HK,2026-07-02,95,30.02,30.48,28.98,29.28,29.28,11450.0,340200.00000000006,-0.02465,0.072458,False,0.045223,0.677711,tencent
2677.HK,2026-07-03,96,29.46,29.48,26.42,26.42,26.42,4050.0,116300.00000000001,-0.097678,0.839876,False,0.051235,0.709191,tencent
2677.HK,2026-07-06,97,28.0,30.0,27.68,29.0,29.0,28050.0,822000.0,0.097653,0.1188,False,0.052847,0.680793,tencent
2677.HK,2026-07-07,98,29.8,32.32,29.8,30.98,30.98,55450.0,1709800.0,0.068276,0.039932,False,0.053735,0.658998,tencent
2677.HK,2026-07-08,99,30.98,30.98,25.0,29.0,29.0,25950.0,760100.0,-0.063912,0.084084,False,0.046146,0.680793,tencent
2677.HK,2026-07-09,100,30.0,31.0,26.74,26.74,26.74,43600.0,1307200.0,-0.077931,0.059617,False,0.049361,0.705669,tencent
2677.HK,2026-07-10,101,28.0,31.94,28.0,30.02,30.02,23400.0,715100.0,0.122663,0.171532,False,0.055473,0.669565,tencent
2677.HK,2026-07-13,102,31.0,31.0,29.14,29.14,29.14,6400.0,191300.0,-0.029314,0.153235,False,0.055354,0.679252,tencent
2677.HK,2026-07-14,103,29.9,29.9,28.5,28.5,28.5,3700.0,107000.0,-0.021963,0.205261,False,0.055452,0.686296,tencent
2677.HK,2026-07-15,104,29.5,29.5,28.22,28.32,28.32,550.0,15600.0,-0.006316,0.404858,False,0.054937,0.688277,tencent
2677.HK,2026-07-16,105,28.02,28.88,28.0,28.0,28.0,1550.0,43900.0,-0.011299,0.25739,False,0.055001,0.6918,tencent
2677.HK,2026-07-17,106,27.16,29.0,26.2,28.82,28.82,4700.0,126199.99999999999,0.029286,0.232058,False,0.055014,0.682774,tencent
2677.HK,2026-07-20,107,28.0,28.0,25.5,25.5,25.5,4900.0,127899.99999999999,-0.115198,0.900686,False,0.061524,0.719318,tencent
2677.HK,2026-07-21,108,25.5,26.0,25.1,26.0,26.0,2350.0,59900.0,0.019608,0.327343,False,0.060097,0.713814,tencent
2677.HK,2026-07-22,109,25.7,25.7,25.7,25.7,25.7,250.0,6400.0,-0.011538,1.802885,False,0.060125,0.717116,tencent
2677.HK,2026-07-23,110,25.7,25.7,25.68,25.7,25.7,1050.0,27000.0,0.0,0.0,False,0.059211,0.717116,tencent
2677.HK,2026-07-24,111,26.5,26.5,25.1,26.32,26.32,150.0,3900.0,0.024125,6.185773,False,0.059264,0.710292,tencent
2677.HK,2026-07-27,112,26.32,26.32,25.2,25.2,25.2,1100.0,28300.0,-0.042553,1.503646,False,0.059883,0.72262,tencent
2677.HK,2026-07-28,113,25.22,25.22,25.0,25.0,25.0,6350.0,159800.0,-0.007937,0.049665,False,0.059479,0.724821,tencent
2677.HK,2026-07-29,114,25.0,25.0,24.1,24.68,24.68,1150.0,28700.0,-0.0128,0.445993,False,0.059392,0.728343,tencent
2677.HK,2026-07-30,115,23.26,23.26,23.22,23.22,23.22,1000.0,23200.0,-0.059157,2.54988,False,0.060392,0.744414,tencent
2677.HK,2026-07-31,116,23.22,23.6,23.22,23.6,23.6,300.0,7100.0,0.016365,2.304958,False,0.056943,0.740231,tencent
2677.HK,2026-08-03,117,23.0,23.3,21.26,22.0,22.0,5750.0,126300.00000000001,-0.067797,0.53679,False,0.053284,0.757843,tencent
2677.HK,2026-08-04,118,22.68,22.88,22.68,22.86,22.86,150.0,3400.0000000000005,0.039091,11.497326,False,0.051322,0.748376,tencent
2677.HK,2026-08-05,119,22.5,22.86,21.6,22.86,22.86,4550.0,100500.0,0.0,0.0,False,0.050013,0.748376,tencent
2677.HK,2026-08-06,120,22.84,23.0,21.0,21.6,21.6,11850.0,262000.0,-0.055118,0.210374,False,0.048639,0.762245,tencent
2677.HK,2026-08-07,121,21.58,21.58,20.4,21.04,21.04,2600.0,53900.0,-0.025926,0.481,False,0.037451,0.768409,tencent
2677.HK,2026-08-10,122,21.12,21.12,21.12,21.12,21.12,50.0,1100.0,0.003802,3.456619,False,0.037606,0.767529,tencent
2677.HK,2026-08-11,123,21.14,21.24,21.14,21.24,21.24,150.0,3200.0,0.005682,1.775568,False,0.037855,0.766208,tencent
2677.HK,2026-08-12,124,21.24,23.0,21.24,22.68,22.68,2050.0,44900.0,0.067797,1.509947,False,0.042031,0.750358,tencent
2677.HK,2026-08-13,125,25.84,25.84,21.16,22.84,22.84,11250.0,264400.0,0.007055,0.026682,False,0.042206,0.748597,tencent
2677.HK,2026-08-14,126,22.84,26.0,21.22,25.46,25.46,45100.0,1099500.0,0.114711,0.10433,False,0.049928,0.719758,tencent
2677.HK,2026-08-17,127,27.86,28.0,23.5,25.54,25.54,9900.0,250300.0,0.003142,0.012554,False,0.042664,0.718877,tencent
2677.HK,2026-08-18,128,27.78,27.78,25.0,25.5,25.5,5900.0,150500.0,-0.001566,0.010406,False,0.042438,0.719318,tencent
2677.HK,2026-08-19,129,27.6,27.6,21.0,25.0,25.0,7850.0,194700.0,-0.019608,0.100708,False,0.04259,0.724821,tencent
2677.HK,2026-08-20,130,25.0,26.0,23.98,24.88,24.88,6150.0,153500.0,-0.0048,0.03127,False,0.0426,0.726142,tencent
2677.HK,2026-08-21,131,24.96,26.0,24.0,24.6,24.6,5500.0,137700.0,-0.011254,0.081729,False,0.042245,0.729224,tencent
2677.HK,2026-08-24,132,25.0,26.0,24.36,25.42,25.42,5500.0,140000.0,0.033333,0.238095,False,0.041869,0.720198,tencent
2677.HK,2026-08-25,133,25.98,26.0,24.62,24.62,24.62,9150.0,235200.0,-0.031471,0.133806,False,0.042467,0.729004,tencent
2677.HK,2026-08-26,134,25.5,26.0,23.64,23.98,23.98,7400.0,181200.0,-0.025995,0.143461,False,0.042779,0.736048,tencent
2677.HK,2026-08-27,135,24.12,24.58,23.18,23.86,23.86,7050.0,168700.0,-0.005004,0.029663,False,0.040531,0.737369,tencent
2677.HK,2026-08-28,136,23.84,24.6,23.64,23.88,23.88,3650.0,88200.0,0.000838,0.009504,False,0.040392,0.737149,tencent
2677.HK,2026-08-31,137,23.8,24.36,23.64,23.64,23.64,3450.0,83000.0,-0.01005,0.121087,False,0.037121,0.739791,tencent
2677.HK,2026-09-01,138,23.88,24.38,23.6,23.64,23.64,3750.0,90200.0,0.0,0.0,False,0.036207,0.739791,tencent
2677.HK,2026-09-02,139,23.88,24.38,20.1,23.18,23.18,6250.0,144300.0,-0.019459,0.134848,False,0.036532,0.744854,tencent
2677.HK,2026-09-03,140,24.0,24.7,22.1,22.54,22.54,6900.0,164600.0,-0.02761,0.16774,False,0.034771,0.751899,tencent
2677.HK,2026-09-04,141,23.5,24.36,23.38,23.42,23.42,5550.0,133400.0,0.039042,0.292666,False,0.034992,0.742212,tencent
2677.HK,2026-09-07,142,23.36,23.72,21.5,23.32,23.32,17250.0,387000.0,-0.00427,0.011033,False,0.035064,0.743313,tencent
2677.HK,2026-09-08,143,23.1,23.52,22.7,23.04,23.04,4800.0,111800.0,-0.012007,0.107396,False,0.035282,0.746395,tencent
2677.HK,2026-09-09,144,23.5,23.88,22.0,23.58,23.58,4250.0,99700.0,0.023437,0.23508,False,0.032378,0.740451,tencent
2677.HK,2026-09-10,145,23.58,23.58,22.0,23.14,23.14,4400.0,101199.99999999999,-0.01866,0.184386,False,0.032693,0.745294,tencent
2677.HK,2026-09-11,146,23.62,24.1,22.78,23.4,23.4,3800.0,89600.00000000001,0.011236,0.125401,False,0.019161,0.742433,tencent
2677.HK,2026-09-14,147,23.88,24.36,23.64,24.34,24.34,3850.0,92899.99999999999,0.040171,0.432411,False,0.021534,0.732086,tencent
2677.HK,2026-09-15,148,24.12,24.56,23.6,24.14,24.14,3800.0,91800.0,-0.008217,0.089509,False,0.021575,0.734287,tencent
2677.HK,2026-09-16,149,24.5,24.5,22.02,22.24,22.24,600.0,14200.0,-0.078708,5.542784,False,0.027321,0.755201,tencent
2677.HK,2026-09-17,150,23.88,24.0,22.28,23.3,23.3,1900.0,44400.00000000001,0.047662,1.073466,False,0.029795,0.743533,tencent
2677.HK,2026-09-18,151,23.88,24.08,23.0,23.74,23.74,2450.0,57800.0,0.018884,0.326715,False,0.030108,0.73869,tencent
2677.HK,2026-09-21,152,23.88,23.88,21.6,22.96,22.96,6200.0,138900.0,-0.032856,0.236544,False,0.029732,0.747276,tencent
2677.HK,2026-09-22,153,23.78,24.14,22.58,24.0,24.0,2600.0,61000.0,0.045296,0.74256,False,0.031015,0.735828,tencent
2714.HK,2026-02-06,1,38.512,41.232,38.492,40.032,40.032,40589241.0,1630588940.0,0.026462,1.6e-05,False,,0.029104,tencent
2714.HK,2026-02-09,2,39.712,40.432,39.052,39.552,39.552,6867145.0,276544360.0,-0.01199,4.3e-05,False,,0.040745,tencent
2714.HK,2026-02-10,3,39.312,40.712,39.112,39.672,39.672,3454520.0,138719560.0,0.003034,2.2e-05,False,,0.037835,tencent
2714.HK,2026-02-11,4,39.672,40.192,39.332,39.772,39.772,3758200.0,151019050.0,0.002521,1.7e-05,False,,0.035409,tencent
2714.HK,2026-02-12,5,39.532,39.852,38.512,38.712,38.712,4839100.0,190860610.00000003,-0.026652,0.00014,False,0.019755,0.061118,tencent
2714.HK,2026-02-13,6,38.512,38.952,38.512,38.712,38.712,960300.0,37570300.0,0.0,0.0,False,0.017678,0.061118,tencent
2714.HK,2026-02-16,7,38.892,38.892,38.532,38.852,38.852,604900.0,23744710.0,0.003616,0.000152,False,0.016236,0.057722,tencent
2714.HK,2026-02-20,8,38.512,39.192,38.512,38.512,38.512,1358000.0,53094380.0,-0.008751,0.000165,False,0.015317,0.065968,tencent
2714.HK,2026-02-23,9,38.612,38.872,38.512,38.672,38.672,642000.0,25105030.0,0.004155,0.000165,False,0.01445,0.062088,tencent
2714.HK,2026-02-24,10,38.532,38.792,38.492,38.612,38.612,5070200.0,197791360.0,-0.001552,8e-06,False,0.013625,0.063543,tencent
2714.HK,2026-02-25,11,38.612,38.812,38.512,38.792,38.792,1028000.0,40214830.0,0.004662,0.000116,False,0.013035,0.059177,tencent
2714.HK,2026-02-26,12,38.792,40.112,38.732,39.392,39.392,2776791.0,110833870.0,0.015467,0.00014,False,0.013246,0.044626,tencent
2714.HK,2026-02-27,13,39.352,41.112,39.352,40.352,40.352,6960400.0,285027200.0,0.02437,8.6e-05,False,0.014254,0.021343,tencent
2714.HK,2026-03-02,14,40.352,41.212,39.492,40.392,40.392,3707600.0,151239930.0,0.000991,7e-06,False,0.013702,0.020373,tencent
2714.HK,2026-03-03,15,40.372,41.172,38.732,39.092,39.092,1833700.0,73535620.0,-0.032185,0.000438,False,0.015968,0.051901,tencent
2714.HK,2026-03-04,16,39.092,41.272,38.712,41.012,41.012,4058600.0,166204520.0,0.049115,0.000296,False,0.019674,0.0063,tencent
2714.HK,2026-03-05,17,41.012,42.812,41.012,41.872,41.872,3321000.0,141197270.0,0.020969,0.000149,False,0.019524,0.021956,tencent
2714.HK,2026-03-06,18,41.532,44.772,41.532,44.232,44.232,7934570.0,348816720.0,0.056362,0.000162,False,0.02256,0.012061,tencent
2714.HK,2026-03-09,19,44.452,50.212,44.452,45.572,45.572,13143300.0,612693540.0,0.030295,4.9e-05,False,0.022552,0.092408,tencent
2714.HK,2026-03-10,20,45.572,46.592,44.112,44.532,44.532,1924800.0,87801660.0,-0.022821,0.00026,False,0.023039,0.11312,tencent
2714.HK,2026-03-11,21,44.512,45.472,43.472,45.272,45.272,2504900.0,113536209.99999999,0.016617,0.000146,False,0.022702,0.098383,tencent
2714.HK,2026-03-12,22,45.312,46.512,45.312,46.192,46.192,3925800.0,182664350.0,0.020322,0.000111,False,0.022472,0.080061,tencent
2714.HK,2026-03-13,23,46.392,46.532,44.632,45.312,45.312,3763500.0,172256870.00000003,-0.019051,0.000111,False,0.023259,0.097586,tencent
2714.HK,2026-03-16,24,45.312,47.452,45.312,45.992,45.992,4828200.0,226623849.99999997,0.015007,6.6e-05,False,0.023302,0.084044,tencent
2714.HK,2026-03-17,25,45.992,48.952,45.992,46.912,46.912,5508200.0,264232599.99999997,0.020003,7.6e-05,False,0.021997,0.065721,tencent
2714.HK,2026-03-18,26,46.912,46.932,44.852,45.152,45.152,4679300.0,214493910.0,-0.037517,0.000175,False,0.024357,0.100773,tencent
2714.HK,2026-03-19,27,45.152,46.192,43.692,44.292,44.292,2424100.0,108613600.0,-0.019047,0.000175,False,0.025088,0.1179,tencent
2714.HK,2026-03-20,28,44.292,45.032,43.712,44.212,44.212,1350700.0,60559260.00000001,-0.001806,3e-05,False,0.024908,0.119493,tencent
2714.HK,2026-03-23,29,44.212,44.212,39.832,40.872,40.872,5131300.0,213689170.0,-0.075545,0.000354,False,0.031044,0.186011,tencent
2714.HK,2026-03-24,30,40.992,42.392,40.512,42.032,42.032,3499100.0,146469210.0,0.028381,0.000194,False,0.031519,0.162909,tencent
2714.HK,2026-03-25,31,42.492,43.312,41.792,42.012,42.012,1710300.0,73103600.0,-0.000476,7e-06,False,0.03154,0.163308,tencent
2714.HK,2026-03-26,32,42.012,42.072,39.752,40.172,40.172,2467000.0,101213320.0,-0.043797,0.000433,False,0.033194,0.199952,tencent
2714.HK,2026-03-27,33,40.172,41.752,39.412,40.892,40.892,2837300.0,117405260.0,0.017923,0.000153,False,0.03299,0.185613,tencent
2714.HK,2026-03-30,34,40.992,41.252,37.692,38.392,38.392,7394345.0,289558950.0,-0.061137,0.000211,False,0.035814,0.235402,tencent
2714.HK,2026-03-31,35,38.312,39.212,37.192,37.332,37.332,3086600.0,117711060.0,-0.02761,0.000235,False,0.035625,0.256512,tencent
2714.HK,2026-04-01,36,37.772,38.712,37.092,38.052,38.052,3153200.0,121538030.0,0.019286,0.000159,False,0.033972,0.242173,tencent
2714.HK,2026-04-02,37,38.712,40.012,38.272,39.712,39.712,3038100.0,121406020.00000001,0.043625,0.000359,False,0.035176,0.209113,tencent
2714.HK,2026-04-08,38,40.032,40.712,39.312,39.912,39.912,2484500.0,101255470.0,0.005036,5e-05,False,0.032457,0.20513,tencent
2714.HK,2026-04-09,39,39.912,40.392,38.972,39.172,39.172,826900.0,33125760.0,-0.018541,0.00056,False,0.031516,0.219868,tencent
2714.HK,2026-04-10,40,39.612,40.092,38.632,39.612,39.612,1481500.0,59025350.0,0.011233,0.00019,False,0.03154,0.211105,tencent
2714.HK,2026-04-13,41,39.512,40.912,38.972,40.392,40.392,2672200.0,108777930.0,0.019691,0.000181,False,0.031659,0.195571,tencent
2714.HK,2026-04-14,42,40.512,42.652,40.032,42.012,42.012,2924700.0,123352610.0,0.040107,0.000325,False,0.032788,0.163308,tencent
2714.HK,2026-04-15,43,42.012,42.912,40.972,42.512,42.512,2662739.0,113218080.00000001,0.011901,0.000105,False,0.032781,0.15335,tencent
2714.HK,2026-04-16,44,42.792,42.992,41.512,42.552,42.552,1644300.0,70329250.0,0.000941,1.3e-05,False,0.032532,0.152553,tencent
2714.HK,2026-04-17,45,42.152,42.412,40.312,41.232,41.232,3119510.0,129735330.0,-0.031021,0.000239,False,0.032603,0.178842,tencent
2714.HK,2026-04-20,46,41.512,42.012,39.932,39.952,39.952,3309420.0,135538330.0,-0.031044,0.000229,False,0.032304,0.204334,tencent
2714.HK,2026-04-21,47,40.332,42.512,39.912,42.152,42.152,3681100.0,155294560.0,0.055066,0.000355,False,0.034832,0.160519,tencent
2714.HK,2026-04-22,48,42.012,42.312,39.532,39.532,39.532,5399160.0,220488750.0,-0.062156,0.000282,False,0.037347,0.212698,tencent
2714.HK,2026-04-23,49,39.792,40.272,38.572,39.092,39.092,2391202.0,94891520.0,-0.01113,0.000117,False,0.033516,0.221461,tencent
2714.HK,2026-04-24,50,39.332,39.512,38.612,38.632,38.632,1581400.0,62476780.0,-0.011767,0.000188,False,0.032815,0.230622,tencent
2714.HK,2026-04-27,51,38.632,38.712,38.272,38.512,38.512,2434000.0,94908570.0,-0.003106,3.3e-05,False,0.032807,0.233012,tencent
2714.HK,2026-04-28,52,38.512,40.312,38.272,40.312,40.312,4370200.0,174707860.0,0.046739,0.000268,False,0.033244,0.197164,tencent
2714.HK,2026-04-29,53,40.912,42.912,40.332,41.332,41.332,4357452.0,182816920.0,0.025303,0.000138,False,0.033486,0.17685,tencent
2714.HK,2026-04-30,54,41.372,41.792,40.352,40.972,40.972,2856873.0,118690840.0,-0.00871,7.3e-05,False,0.030256,0.18402,tencent
2714.HK,2026-05-04,55,40.512,41.232,39.972,40.572,40.572,1017502.0,41511080.0,-0.009763,0.000235,False,0.029539,0.191986,tencent
2714.HK,2026-05-05,56,40.572,40.832,40.012,40.392,40.392,371312.0,15152880.0,-0.004437,0.000293,False,0.029393,0.195571,tencent
2714.HK,2026-05-06,57,40.512,41.492,39.032,40.852,40.852,8213000.0,332867730.0,0.011388,3.4e-05,False,0.027918,0.18641,tencent
2714.HK,2026-05-07,58,40.852,43.452,40.832,43.452,43.452,4222100.0,180045300.0,0.063644,0.000353,False,0.031165,0.134629,tencent
2714.HK,2026-05-08,59,43.412,43.412,41.072,41.292,41.292,2580236.0,108266970.0,-0.04971,0.000459,False,0.033108,0.177647,tencent
2714.HK,2026-05-11,60,41.412,42.012,40.612,40.812,40.812,3207517.0,134343830.0,-0.011625,8.7e-05,False,0.033209,0.187206,tencent
2714.HK,2026-05-12,61,40.832,40.912,39.392,39.752,39.752,2699227.0,108973290.0,-0.025973,0.000238,False,0.033498,0.208317,tencent
2714.HK,2026-05-13,62,39.752,39.772,38.652,38.872,38.872,3389085.0,133774330.00000001,-0.022137,0.000165,False,0.032424,0.225842,tencent
2714.HK,2026-05-14,63,39.032,39.672,38.712,38.712,38.712,2033085.0,80765760.0,-0.004116,5.1e-05,False,0.032223,0.229029,tencent
2714.HK,2026-05-15,64,39.372,39.372,37.712,38.772,38.772,2641710.0,102962310.0,0.00155,1.5e-05,False,0.032229,0.227834,tencent
2714.HK,2026-05-18,65,38.88,38.88,37.06,37.32,37.32,3437880.0,128801470.00000001,-0.03745,0.000291,False,0.032541,0.256751,tencent
2714.HK,2026-05-19,66,37.1,37.8,36.18,36.42,36.42,2852800.0,104671970.0,-0.024116,0.00023,False,0.03228,0.274675,tencent
2714.HK,2026-05-20,67,36.24,36.24,34.24,34.78,34.78,6685103.0,234062370.0,-0.04503,0.000192,False,0.030319,0.307337,tencent
2714.HK,2026-05-21,68,35.28,36.06,35.1,35.24,35.24,2870300.0,102270370.0,0.013226,0.000129,False,0.027976,0.298176,tencent
2714.HK,2026-05-22,69,35.12,36.0,35.12,35.24,35.24,2278900.0,81160320.0,0.0,0.0,False,0.027965,0.298176,tencent
2714.HK,2026-05-26,70,35.22,36.08,34.8,35.66,35.66,2634900.0,94263169.99999999,0.011918,0.000126,False,0.028156,0.289811,tencent
2714.HK,2026-05-27,71,35.68,35.98,34.5,34.6,34.6,1416769.0,49611409.99999999,-0.029725,0.000599,False,0.028753,0.310922,tencent
2714.HK,2026-05-28,72,34.6,35.18,34.28,34.56,34.56,1534000.0,53122790.00000001,-0.001156,2.2e-05,False,0.026093,0.311718,tencent
2714.HK,2026-05-29,73,34.5,36.04,34.5,35.3,35.3,1808800.0,64125250.0,0.021412,0.000334,False,0.02585,0.296981,tencent
2714.HK,2026-06-01,74,35.32,36.3,35.04,35.76,35.76,1996700.0,71608530.0,0.013031,0.000182,False,0.026252,0.28782,tencent
2714.HK,2026-06-02,75,36.2,36.2,34.82,35.26,35.26,2980430.0,105003130.0,-0.013982,0.000133,False,0.026297,0.297777,tencent
2714.HK,2026-06-03,76,35.56,35.56,34.32,34.7,34.7,2752500.0,95452590.0,-0.015882,0.000166,False,0.026371,0.30893,tencent
2714.HK,2026-06-04,77,34.8,34.96,32.54,32.6,32.6,3855330.0,127972940.0,-0.060519,0.000473,False,0.028513,0.350753,tencent
2714.HK,2026-06-05,78,32.7,33.14,32.34,32.34,32.34,1512400.0,49429180.0,-0.007975,0.000161,False,0.022538,0.355931,tencent
2714.HK,2026-06-08,79,32.38,32.86,31.36,31.56,31.56,4015569.0,127762990.00000001,-0.024119,0.000189,False,0.02111,0.371465,tencent
2714.HK,2026-06-09,80,31.66,32.0,30.9,31.96,31.96,2070154.0,65455060.0,0.012674,0.000194,False,0.021886,0.363499,tencent
2714.HK,2026-06-10,81,31.96,32.68,31.52,32.22,32.22,1990700.0,64008750.0,0.008135,0.000127,False,0.022062,0.358321,tencent
2714.HK,2026-06-11,82,32.38,32.38,31.26,31.68,31.68,1615650.0,51165820.0,-0.01676,0.000328,False,0.021941,0.369075,tencent
2714.HK,2026-06-12,83,31.7,32.54,31.54,32.26,32.26,1212100.0,38995060.0,0.018308,0.000469,False,0.02281,0.357524,tencent
2714.HK,2026-06-15,84,32.62,33.0,31.96,32.18,32.18,1622100.0,52427830.0,-0.00248,4.7e-05,False,0.022732,0.359117,tencent
2714.HK,2026-06-16,85,32.6,32.6,31.32,31.32,31.32,1564900.0,49744489.99999999,-0.026725,0.000537,False,0.022145,0.376245,tencent
2714.HK,2026-06-17,86,31.32,31.36,30.34,30.8,30.8,3880500.0,119024000.0,-0.016603,0.000139,False,0.021928,0.386601,tencent
2714.HK,2026-06-18,87,30.8,30.84,29.62,29.62,29.62,3239100.0,97386119.99999999,-0.038312,0.000393,False,0.021377,0.410101,tencent
2714.HK,2026-06-22,88,29.62,30.0,28.88,29.62,29.62,1791305.0,52665450.0,0.0,0.0,False,0.020893,0.410101,tencent
2714.HK,2026-06-23,89,29.62,30.54,29.14,29.48,29.48,2133500.0,63432920.0,-0.004727,7.5e-05,False,0.020819,0.412889,tencent
2714.HK,2026-06-24,90,29.64,29.64,27.92,28.48,28.48,4030100.0,114435240.0,-0.033921,0.000296,False,0.020955,0.432805,tencent
2714.HK,2026-06-25,91,28.08,28.42,27.02,27.96,27.96,5171303.0,142969720.0,-0.018258,0.000128,False,0.020568,0.443161,tencent
2714.HK,2026-06-26,92,28.44,30.1,28.12,29.06,29.06,7096740.0,206616850.0,0.039342,0.00019,False,0.023333,0.421254,tencent
2714.HK,2026-06-29,93,29.5,30.84,28.6,30.26,30.26,4478487.0,135408010.0,0.041294,0.000305,False,0.02503,0.397355,tencent
2714.HK,2026-06-30,94,30.3,30.3,28.9,29.04,29.04,3657400.0,107016810.0,-0.040317,0.000377,False,0.025578,0.421652,tencent
2714.HK,2026-07-02,95,31.0,32.1,30.36,31.94,31.94,7200020.0,225664370.00000003,0.099862,0.000443,False,0.035427,0.363897,tencent
2714.HK,2026-07-03,96,32.28,33.04,31.4,31.62,31.62,3403965.0,108920450.0,-0.010019,9.2e-05,False,0.03535,0.37027,tencent
2714.HK,2026-07-06,97,32.86,33.12,31.96,32.82,32.82,5186451.0,169435690.0,0.037951,0.000224,False,0.0339,0.346371,tencent
2714.HK,2026-07-07,98,32.84,33.26,31.68,32.28,32.28,3318800.0,106997110.0,-0.016453,0.000154,False,0.034069,0.357126,tencent
2714.HK,2026-07-08,99,32.24,32.3,31.0,31.06,31.06,3590680.0,112587390.0,-0.037794,0.000336,False,0.034719,0.381423,tencent
2714.HK,2026-07-09,100,31.5,31.98,30.76,31.3,31.3,3149569.0,98910939.99999999,0.007727,7.8e-05,False,0.03464,0.376643,tencent
2714.HK,2026-07-10,101,31.5,32.7,30.84,32.4,32.4,3686186.0,118661020.00000001,0.035144,0.000296,False,0.035509,0.354736,tencent
2714.HK,2026-07-13,102,32.4,33.04,31.94,32.16,32.16,3102565.0,100752369.99999999,-0.007407,7.4e-05,False,0.035326,0.359516,tencent
2714.HK,2026-07-14,103,32.06,32.06,31.12,31.88,31.88,1827564.0,57727500.0,-0.008706,0.000151,False,0.035159,0.365092,tencent
2714.HK,2026-07-15,104,31.96,33.5,31.84,32.94,32.94,3249998.0,107158900.0,0.03325,0.00031,False,0.035926,0.343982,tencent
2714.HK,2026-07-16,105,33.4,34.8,33.14,34.1,34.1,5128732.0,174902640.0,0.035216,0.000201,False,0.036011,0.320879,tencent
2714.HK,2026-07-17,106,34.04,34.42,32.98,33.66,33.66,3284413.0,110334350.0,-0.012903,0.000117,False,0.035904,0.329642,tencent
2714.HK,2026-07-20,107,33.62,34.44,33.12,33.88,33.88,2956365.0,100706580.0,0.006536,6.5e-05,False,0.034423,0.325261,tencent
2714.HK,2026-07-21,108,34.16,34.38,33.34,33.9,33.9,3588223.0,121247400.0,0.00059,5e-06,False,0.034417,0.324863,tencent
2714.HK,2026-07-22,109,33.8,33.86,32.88,33.5,33.5,2034368.0,67962490.0,-0.011799,0.000174,False,0.034583,0.332829,tencent
2714.HK,2026-07-23,110,33.44,33.58,32.68,33.36,33.36,1574847.0,52107670.0,-0.004179,8e-05,False,0.03335,0.335617,tencent
2714.HK,2026-07-24,111,33.42,33.86,32.0,32.44,32.44,1675000.0,54242879.99999999,-0.027578,0.000508,False,0.033805,0.353939,tencent
2714.HK,2026-07-27,112,32.54,33.2,32.02,32.5,32.5,2890773.0,93770820.0,0.00185,2e-05,False,0.033005,0.352744,tencent
2714.HK,2026-07-28,113,32.8,32.98,32.14,32.98,32.98,1448511.0,47242410.0,0.014769,0.000313,False,0.032035,0.343185,tencent
2714.HK,2026-07-29,114,32.58,33.48,32.22,32.24,32.24,2776100.0,90499310.0,-0.022438,0.000248,False,0.030941,0.357922,tencent
2714.HK,2026-07-30,115,32.4,33.66,32.22,33.58,33.58,3972400.0,131560440.0,0.041563,0.000316,False,0.023438,0.331236,tencent
2714.HK,2026-07-31,116,33.0,33.18,32.68,33.12,33.12,2720000.0,89510090.0,-0.013699,0.000153,False,0.023557,0.340397,tencent
2714.HK,2026-08-03,117,33.36,33.94,32.58,32.8,32.8,2856581.0,94773580.0,-0.009662,0.000102,False,0.022159,0.34677,tencent
2714.HK,2026-08-04,118,32.8,32.84,31.2,31.62,31.62,4396900.0,139170510.0,-0.035976,0.000259,False,0.023331,0.37027,tencent
2714.HK,2026-08-05,119,31.6,31.74,30.92,31.4,31.4,3141900.0,98604180.0,-0.006958,7.1e-05,False,0.021719,0.374651,tencent
2714.HK,2026-08-06,120,31.42,31.68,30.6,31.52,31.52,4966200.0,154439490.0,0.003822,2.5e-05,False,0.02167,0.372262,tencent
2714.HK,2026-08-07,121,31.52,32.08,31.22,32.04,32.04,2866500.0,90459100.0,0.016497,0.000182,False,0.020473,0.361906,tencent
2714.HK,2026-08-10,122,31.96,33.84,31.96,33.7,33.7,3428000.0,114271290.00000001,0.05181,0.000453,False,0.023464,0.328846,tencent
2714.HK,2026-08-11,123,33.84,35.0,33.66,34.44,34.44,5389100.0,185432470.0,0.021958,0.000118,False,0.023687,0.314108,tencent
2714.HK,2026-08-12,124,33.8,34.64,33.8,34.48,34.48,3706149.0,127330520.0,0.001161,9e-06,False,0.022676,0.313312,tencent
2714.HK,2026-08-13,125,34.48,34.9,34.0,34.66,34.66,2373886.0,81917320.0,0.00522,6.4e-05,False,0.021354,0.309727,tencent
2714.HK,2026-08-14,126,34.6,34.6,33.7,34.0,34.0,1809700.0,61482320.0,-0.019042,0.00031,False,0.021607,0.322871,tencent
2714.HK,2026-08-17,127,34.48,34.64,33.24,33.32,33.32,3067000.0,102987590.0,-0.02,0.000194,False,0.022042,0.336414,tencent
2714.HK,2026-08-18,128,33.18,35.1,33.18,34.84,34.84,3746100.0,129815660.0,0.045618,0.000351,False,0.024349,0.306142,tencent
2714.HK,2026-08-19,129,35.0,35.1,33.94,34.1,34.1,2658800.0,91076360.0,-0.02124,0.000233,False,0.024712,0.320879,tencent
2714.HK,2026-08-20,130,33.94,35.9,33.94,35.5,35.5,3791700.0,133765860.0,0.041056,0.000307,False,0.02622,0.292998,tencent
2714.HK,2026-08-21,131,35.12,35.66,33.64,33.7,33.7,3659000.0,124884800.0,-0.050704,0.000406,False,0.028103,0.328846,tencent
2714.HK,2026-08-24,132,33.72,33.94,32.3,32.82,32.82,4064200.0,132706090.0,-0.026113,0.000197,False,0.028812,0.346371,tencent
2714.HK,2026-08-25,133,32.9,33.72,32.82,33.36,33.36,3126000.0,103873020.0,0.016453,0.000158,False,0.028857,0.335617,tencent
2714.HK,2026-08-26,134,33.62,33.84,33.04,33.62,33.62,1159100.0,38948330.0,0.007794,0.0002,False,0.028354,0.330439,tencent
2714.HK,2026-08-27,135,33.4,34.42,33.0,34.1,34.1,1859500.0,62979050.0,0.014277,0.000227,False,0.026998,0.320879,tencent
2714.HK,2026-08-28,136,34.1,35.48,33.58,35.48,35.48,2834600.0,98066840.0,0.040469,0.000413,False,0.028127,0.293396,tencent
2714.HK,2026-08-31,137,35.4,36.26,35.24,35.54,35.54,6432500.0,229424900.00000003,0.001691,7e-06,False,0.027955,0.292201,tencent
2714.HK,2026-09-01,138,35.28,36.64,35.28,36.18,36.18,5683900.0,205164290.0,0.018008,8.8e-05,False,0.026416,0.279455,tencent
2714.HK,2026-09-02,139,36.16,37.0,35.68,36.48,36.48,9467500.0,345384770.0,0.008292,2.4e-05,False,0.026209,0.27348,tencent
2714.HK,2026-09-03,140,36.32,36.78,35.44,35.82,35.82,2585100.0,92625750.0,-0.018092,0.000195,False,0.026837,0.286625,tencent
2714.HK,2026-09-04,141,36.1,39.28,35.64,39.12,39.12,7678500.0,295510030.0,0.092127,0.000312,False,0.03292,0.220903,tencent
2714.HK,2026-09-07,142,39.22,40.06,38.82,39.88,39.88,5869100.0,232352980.0,0.019427,8.4e-05,False,0.031551,0.205768,tencent
2714.HK,2026-09-08,143,39.88,39.9,39.3,39.52,39.52,3821000.0,151574020.0,-0.009027,6e-05,False,0.031638,0.212937,tencent
2714.HK,2026-09-09,144,39.16,39.9,38.88,39.42,39.42,2422593.0,95455340.0,-0.00253,2.7e-05,False,0.031687,0.214929,tencent
2714.HK,2026-09-10,145,39.4,39.4,37.48,37.94,37.94,4830800.0,182927480.0,-0.037544,0.000205,False,0.033232,0.244404,tencent
2714.HK,2026-09-11,146,37.54,38.54,37.5,38.08,38.08,2144618.0,81680260.0,0.00369,4.5e-05,False,0.03275,0.241616,tencent
2714.HK,2026-09-14,147,37.66,38.74,37.66,38.2,38.2,1363800.0,52316740.0,0.003151,6e-05,False,0.03218,0.239226,tencent
2714.HK,2026-09-15,148,38.2,38.94,38.02,38.4,38.4,3124100.0,120239120.0,0.005236,4.4e-05,False,0.030893,0.235243,tencent
2714.HK,2026-09-16,149,37.98,38.4,36.88,37.28,37.28,2887100.0,107879990.0,-0.029167,0.00027,False,0.0313,0.257548,tencent
2714.HK,2026-09-17,150,37.24,37.62,36.82,37.52,37.52,1474840.0,54845940.0,0.006438,0.000117,False,0.030132,0.252768,tencent
2714.HK,2026-09-18,151,37.52,37.58,37.0,37.2,37.2,1306800.0,48723950.00000001,-0.008529,0.000175,False,0.027524,0.259141,tencent
2714.HK,2026-09-21,152,37.2,38.46,37.06,38.42,38.42,1515800.0,57601730.0,0.032796,0.000569,False,0.027135,0.234844,tencent
2714.HK,2026-09-22,153,38.5,38.5,37.26,37.7,37.7,2133600.0,80640990.0,-0.01874,0.000232,False,0.02771,0.249183,tencent
3200.HK,2026-02-06,1,105.314,115.314,104.414,109.314,109.314,13100659.0,1458683390.0,0.141065,9.7e-05,False,,0.052032,tencent
3200.HK,2026-02-09,2,114.314,125.514,111.414,120.114,120.114,5144986.0,613956560.0,0.098798,0.000161,False,,0.043023,tencent
3200.HK,2026-02-10,3,118.814,120.314,112.414,118.114,118.114,2272100.0,266437620.0,-0.016651,6.2e-05,False,,0.058958,tencent
3200.HK,2026-02-11,4,117.314,129.014,113.614,121.514,121.514,1818260.0,223282560.0,0.028786,0.000129,False,,0.058133,tencent
3200.HK,2026-02-12,5,121.514,122.114,115.814,118.114,118.114,1051900.0,125451360.0,-0.02798,0.000223,False,0.073335,0.084487,tencent
3200.HK,2026-02-13,6,117.214,119.314,110.114,111.914,111.914,1135800.0,130291950.0,-0.052492,0.000403,False,0.076682,0.132544,tencent
3200.HK,2026-02-16,7,111.914,118.114,111.914,116.514,116.514,772700.0,88539779.99999999,0.041103,0.000464,False,0.070161,0.096889,tencent
3200.HK,2026-02-20,8,117.114,117.114,112.114,113.514,113.514,497400.0,56716660.0,-0.025748,0.000454,False,0.067919,0.120142,tencent
3200.HK,2026-02-23,9,113.514,121.514,113.514,117.814,117.814,861540.0,101589450.0,0.037881,0.000373,False,0.063717,0.086812,tencent
3200.HK,2026-02-24,10,116.314,121.214,113.714,120.014,120.014,644806.0,76807070.0,0.018674,0.000243,False,0.060106,0.06976,tencent
3200.HK,2026-02-25,11,121.314,128.214,114.314,125.814,125.814,1643998.0,199271370.0,0.048328,0.000243,False,0.057478,0.024804,tencent
3200.HK,2026-02-26,12,125.314,129.714,119.514,127.914,127.914,2626100.0,333162770.0,0.016691,5e-05,False,0.054877,0.013877,tencent
3200.HK,2026-02-27,13,126.514,129.914,123.914,125.114,125.114,657700.0,83189490.0,-0.02189,0.000263,False,0.054173,0.036948,tencent
3200.HK,2026-03-02,14,123.314,127.314,120.314,124.914,124.914,426600.0,53337960.0,-0.001599,3e-05,False,0.05243,0.038487,tencent
3200.HK,2026-03-03,15,125.314,125.314,112.814,112.814,112.814,959300.0,113393790.00000001,-0.096867,0.000854,False,0.058895,0.131626,tencent
3200.HK,2026-03-04,16,110.414,115.814,108.314,109.114,109.114,821400.0,91459500.0,-0.032797,0.000359,False,0.058016,0.160106,tencent
3200.HK,2026-03-05,17,112.414,118.114,111.514,118.114,118.114,834700.0,96607290.0,0.082483,0.000854,False,0.058882,0.090829,tencent
3200.HK,2026-03-06,18,115.314,123.714,115.314,119.314,119.314,710800.0,86001670.0,0.01016,0.000118,False,0.057131,0.081592,tencent
3200.HK,2026-03-09,19,113.314,115.314,106.014,112.014,112.014,1037324.0,115355849.99999999,-0.061183,0.00053,False,0.058123,0.137783,tencent
3200.HK,2026-03-10,20,114.214,119.214,114.214,117.914,117.914,822000.0,96872540.00000001,0.052672,0.000544,False,0.057378,0.092369,tencent
3200.HK,2026-03-11,21,119.314,123.314,114.414,114.814,114.814,823600.0,97883900.0,-0.02629,0.000269,False,0.049178,0.116231,tencent
3200.HK,2026-03-12,22,114.814,117.514,113.814,116.114,116.114,203270.0,23551920.0,0.011323,0.000481,False,0.04387,0.106224,tencent
3200.HK,2026-03-13,23,116.114,116.414,108.314,108.314,108.314,1021800.0,114039430.0,-0.067175,0.000589,False,0.046224,0.166264,tencent
3200.HK,2026-03-16,24,108.314,112.514,105.414,112.514,112.514,654100.0,72002000.0,0.038776,0.000539,False,0.046641,0.133935,tencent
3200.HK,2026-03-17,25,114.314,116.814,109.314,109.414,109.414,478000.0,54523320.0,-0.027552,0.000505,False,0.046629,0.157797,tencent
3200.HK,2026-03-18,26,109.714,118.614,109.714,116.314,116.314,997200.0,116140430.0,0.063063,0.000543,False,0.047299,0.104685,tencent
3200.HK,2026-03-19,27,114.314,116.114,110.514,112.114,112.114,401100.0,45696890.0,-0.036109,0.00079,False,0.047176,0.137014,tencent
3200.HK,2026-03-20,28,113.314,118.914,111.514,111.814,111.814,673828.0,78242030.0,-0.002676,3.4e-05,False,0.046816,0.139323,tencent
3200.HK,2026-03-23,29,108.414,109.214,101.314,101.714,101.714,640105.0,67594790.0,-0.090329,0.001336,False,0.050064,0.217067,tencent
3200.HK,2026-03-24,30,104.414,107.314,101.314,104.614,104.614,501900.0,52840220.0,0.028511,0.00054,False,0.050368,0.194744,tencent
3200.HK,2026-03-25,31,107.614,109.314,102.814,108.914,108.914,377400.0,40827220.0,0.041103,0.001007,False,0.049985,0.161645,tencent
3200.HK,2026-03-26,32,108.914,108.914,101.414,102.514,102.514,289100.0,30323010.0,-0.058762,0.001938,False,0.05102,0.210909,tencent
3200.HK,2026-03-27,33,101.814,104.514,97.864,98.414,98.414,836600.0,85504150.00000001,-0.039995,0.000468,False,0.051406,0.242468,tencent
3200.HK,2026-03-30,34,97.914,104.314,92.564,103.214,103.214,1783300.0,177145060.0,0.048774,0.000275,False,0.05308,0.205521,tencent
3200.HK,2026-03-31,35,103.214,106.114,93.914,97.314,97.314,1383358.0,136012790.0,-0.057163,0.00042,False,0.050254,0.250935,tencent
3200.HK,2026-04-01,36,101.814,105.314,100.414,103.614,103.614,1379634.0,143847240.0,0.064739,0.00045,False,0.052227,0.202442,tencent
3200.HK,2026-04-02,37,103.314,108.114,101.914,106.314,106.314,765300.0,81838300.0,0.026058,0.000318,False,0.048881,0.181659,tencent
3200.HK,2026-04-08,38,108.314,120.514,108.314,119.114,119.114,2133000.0,251534170.0,0.120398,0.000479,False,0.056236,0.083132,tencent
3200.HK,2026-04-09,39,119.114,123.514,115.414,119.114,119.114,1666966.0,200777059.99999997,0.0,0.0,False,0.054282,0.083132,tencent
3200.HK,2026-04-10,40,122.214,122.814,117.514,119.114,119.114,1058165.0,126984810.0,0.0,0.0,False,0.053085,0.083132,tencent
3200.HK,2026-04-13,41,117.314,126.714,116.914,124.314,124.314,2231400.0,276133030.0,0.043656,0.000158,False,0.053437,0.043105,tencent
3200.HK,2026-04-14,42,125.514,135.014,124.314,134.314,134.314,1984500.0,260565360.0,0.080441,0.000309,False,0.056018,0.005185,tencent
3200.HK,2026-04-15,43,137.314,138.114,129.314,129.314,129.314,989504.0,131503760.0,-0.037226,0.000283,False,0.054253,0.063715,tencent
3200.HK,2026-04-16,44,130.514,146.014,130.114,144.314,144.314,1486277.0,208751010.0,0.115997,0.000556,False,0.058933,0.011643,tencent
3200.HK,2026-04-17,45,144.314,147.014,139.114,146.414,146.414,780500.0,112928100.0,0.014552,0.000129,False,0.058111,0.004081,tencent
3200.HK,2026-04-20,46,144.414,150.114,142.614,148.114,148.114,1094998.0,161533590.0,0.011611,7.2e-05,False,0.057059,0.013323,tencent
3200.HK,2026-04-21,47,153.214,153.214,140.314,141.114,141.114,1025900.0,147802670.0,-0.047261,0.00032,False,0.057623,0.078975,tencent
3200.HK,2026-04-22,48,139.514,143.714,136.714,139.714,139.714,1015500.0,143465810.0,-0.009921,6.9e-05,False,0.05775,0.088112,tencent
3200.HK,2026-04-23,49,139.714,142.514,130.414,131.814,131.814,1645550.0,222722730.0,-0.056544,0.000254,False,0.055005,0.139674,tencent
3200.HK,2026-04-24,50,134.114,139.414,128.714,138.414,138.414,1672400.0,228114379.99999997,0.050071,0.000219,False,0.055504,0.096597,tencent
3200.HK,2026-04-27,51,137.914,144.314,136.314,139.914,139.914,1067587.0,151917960.0,0.010837,7.1e-05,False,0.055182,0.086807,tencent
3200.HK,2026-04-28,52,139.914,139.914,134.514,137.014,137.014,720012.0,98601580.0,-0.020727,0.00021,False,0.05316,0.105734,tencent
3200.HK,2026-04-29,53,135.314,140.214,135.314,138.414,138.414,704900.0,98269230.0,0.010218,0.000104,False,0.051542,0.096597,tencent
3200.HK,2026-04-30,54,139.314,141.714,133.814,139.614,139.614,610400.0,84804670.0,0.00867,0.000102,False,0.051077,0.088765,tencent
3200.HK,2026-05-04,55,139.814,148.914,139.814,139.914,139.914,297200.0,42674680.0,0.002149,5e-05,False,0.048222,0.086807,tencent
3200.HK,2026-05-05,56,140.314,140.314,133.414,137.114,137.114,162700.0,22471500.0,-0.020012,0.000891,False,0.047748,0.105082,tencent
3200.HK,2026-05-06,57,139.314,143.114,136.514,140.614,140.614,726400.0,101675790.0,0.025526,0.000251,False,0.047742,0.082238,tencent
3200.HK,2026-05-07,58,143.414,145.314,138.814,141.914,141.914,1456520.0,206867059.99999997,0.009245,4.5e-05,False,0.040808,0.073753,tencent
3200.HK,2026-05-08,59,138.914,144.814,137.314,141.914,141.914,742700.0,105780590.0,0.0,0.0,False,0.040808,0.073753,tencent
3200.HK,2026-05-11,60,143.514,144.214,138.114,139.914,139.914,2607402.0,370990729.99999994,-0.014093,3.8e-05,False,0.041102,0.086807,tencent
3200.HK,2026-05-12,61,142.314,146.014,135.414,141.314,141.314,5471000.0,778926150.0,0.010006,1.3e-05,False,0.040283,0.077669,tencent
3200.HK,2026-05-13,62,142.0,189.0,138.5,185.0,185.0,7728386.0,1234881000.0,0.309141,0.00025,False,0.07747,0.021164,tencent
3200.HK,2026-05-14,63,184.9,184.9,159.8,162.3,162.3,3357115.0,566442820.0,-0.122703,0.000217,False,0.082882,0.14127,tencent
3200.HK,2026-05-15,64,166.2,175.0,155.1,162.3,162.3,3141280.0,515756710.0,0.0,0.0,False,0.079378,0.14127,tencent
3200.HK,2026-05-18,65,160.2,161.1,146.3,156.8,156.8,1565034.0,243822949.99999997,-0.033888,0.000139,False,0.079922,0.17037,tencent
3200.HK,2026-05-19,66,154.4,160.7,151.0,159.5,159.5,1221600.0,191011050.0,0.017219,9e-05,False,0.079952,0.156085,tencent
3200.HK,2026-05-20,67,157.1,168.5,156.1,164.5,164.5,1766300.0,289090840.0,0.031348,0.000108,False,0.079103,0.12963,tencent
3200.HK,2026-05-21,68,170.6,196.1,170.6,179.2,179.2,4647796.0,856412840.0,0.089362,0.000104,False,0.080861,0.086181,tencent
3200.HK,2026-05-22,69,180.0,201.0,175.5,188.0,188.0,4556842.0,864212750.0,0.049107,5.7e-05,False,0.079359,0.064677,tencent
3200.HK,2026-05-26,70,190.5,196.7,175.5,192.4,192.4,3149421.0,591466290.0,0.023404,4e-05,False,0.07906,0.042786,tencent
3200.HK,2026-05-27,71,196.1,196.1,182.8,191.3,191.3,3240700.0,615756570.0,-0.005717,9e-06,False,0.079239,0.048259,tencent
3200.HK,2026-05-28,72,191.1,193.0,181.4,187.2,187.2,1649225.0,307806130.0,-0.021432,7e-05,False,0.079258,0.068657,tencent
3200.HK,2026-05-29,73,190.2,194.4,174.0,180.0,180.0,2099421.0,377674920.0,-0.038462,0.000102,False,0.080263,0.104478,tencent
3200.HK,2026-06-01,74,180.1,188.8,173.5,180.3,180.3,1716300.0,309577560.0,0.001667,5e-06,False,0.080311,0.102985,tencent
3200.HK,2026-06-02,75,181.0,183.2,168.0,174.0,174.0,1264775.0,222773900.0,-0.034942,0.000157,False,0.081063,0.134328,tencent
3200.HK,2026-06-03,76,178.8,181.0,169.4,173.0,173.0,1845860.0,324333480.0,-0.005747,1.8e-05,False,0.080813,0.139303,tencent
3200.HK,2026-06-04,77,171.8,180.0,168.3,176.0,176.0,2173700.0,378199289.99999994,0.017341,4.6e-05,False,0.080774,0.124378,tencent
3200.HK,2026-06-05,78,173.0,186.5,166.2,166.9,166.9,1655780.0,289153440.0,-0.051705,0.000179,False,0.082104,0.169652,tencent
3200.HK,2026-06-08,79,160.0,165.0,155.1,165.0,165.0,1436160.0,231368170.0,-0.011384,4.9e-05,False,0.082223,0.179104,tencent
3200.HK,2026-06-09,80,166.2,172.8,159.0,162.6,162.6,1692383.0,275411040.0,-0.014545,5.3e-05,False,0.082231,0.191045,tencent
3200.HK,2026-06-10,81,160.1,160.8,146.5,155.8,155.8,2090882.0,316592010.0,-0.04182,0.000132,False,0.083056,0.224876,tencent
3200.HK,2026-06-11,82,153.5,157.8,148.0,151.5,151.5,1351094.0,203595700.0,-0.027599,0.000136,False,0.04344,0.246269,tencent
3200.HK,2026-06-12,83,156.3,162.4,153.2,154.2,154.2,1680460.0,263893770.0,0.017822,6.8e-05,False,0.034538,0.232836,tencent
3200.HK,2026-06-15,84,159.6,173.8,152.6,171.2,171.2,2407312.0,400007869.99999994,0.110246,0.000276,False,0.042705,0.148259,tencent
3200.HK,2026-06-16,85,175.6,179.1,170.8,174.2,174.2,3036900.0,530896990.0,0.017523,3.3e-05,False,0.041875,0.133333,tencent
3200.HK,2026-06-17,86,171.1,185.6,164.4,182.0,182.0,3003278.0,524358370.0,0.044776,8.5e-05,False,0.042706,0.094527,tencent
3200.HK,2026-06-18,87,185.0,205.8,182.0,192.4,192.4,5250972.0,1028210990.0,0.057143,5.6e-05,False,0.043839,0.065112,tencent
3200.HK,2026-06-22,88,195.2,198.2,181.6,193.0,193.0,2519222.0,478214000.0,0.003119,7e-06,False,0.039522,0.062196,tencent
3200.HK,2026-06-23,89,194.6,200.0,180.2,180.7,180.7,2225200.0,420921690.0,-0.063731,0.000151,False,0.040842,0.121963,tencent
3200.HK,2026-06-24,90,182.5,194.2,175.6,184.3,184.3,2446700.0,456266650.0,0.019923,4.4e-05,False,0.040739,0.10447,tencent
3200.HK,2026-06-25,91,188.0,203.8,179.9,195.5,195.5,4009950.0,781198450.0,0.06077,7.8e-05,False,0.043015,0.050049,tencent
3200.HK,2026-06-26,92,197.1,199.9,174.6,180.0,180.0,1746840.0,317090550.0,-0.079284,0.00025,False,0.046476,0.125364,tencent
3200.HK,2026-06-29,93,182.0,186.5,169.3,173.4,173.4,1670300.0,291426440.0,-0.036667,0.000126,False,0.046401,0.157434,tencent
3200.HK,2026-06-30,94,173.4,185.0,171.4,181.7,181.7,1598100.0,287312000.0,0.047866,0.000167,False,0.047666,0.117104,tencent
3200.HK,2026-07-02,95,171.9,171.9,159.3,163.3,163.3,2552430.0,420419750.0,-0.101266,0.000241,False,0.052404,0.206511,tencent
3200.HK,2026-07-03,96,159.2,164.4,156.0,160.0,160.0,1438800.0,230803880.0,-0.020208,8.8e-05,False,0.052559,0.222546,tencent
3200.HK,2026-07-06,97,160.3,162.8,146.6,148.8,148.8,2118482.0,319928830.0,-0.07,0.000219,False,0.054413,0.276968,tencent
3200.HK,2026-07-07,98,148.0,148.2,133.4,136.3,136.3,2151308.0,297815950.0,-0.084005,0.000282,False,0.056259,0.337707,tencent
3200.HK,2026-07-08,99,138.8,140.5,131.5,133.3,133.3,1238800.0,167204540.00000003,-0.02201,0.000132,False,0.056337,0.352284,tencent
3200.HK,2026-07-09,100,137.2,146.9,135.1,145.0,145.0,2233240.0,314906300.0,0.087772,0.000279,False,0.060321,0.295432,tencent
3200.HK,2026-07-10,101,157.8,162.0,136.5,137.0,137.0,2709000.0,408868810.0,-0.055172,0.000135,False,0.060834,0.334305,tencent
3200.HK,2026-07-13,102,137.0,137.4,118.8,121.1,121.1,2291800.0,284139400.0,-0.116058,0.000408,False,0.065618,0.411565,tencent
3200.HK,2026-07-14,103,121.1,131.1,117.6,126.9,126.9,2480300.0,311636260.0,0.047894,0.000154,False,0.066604,0.383382,tencent
3200.HK,2026-07-15,104,130.9,131.0,123.6,126.7,126.7,845200.0,106813650.0,-0.001576,1.5e-05,False,0.060617,0.384354,tencent
3200.HK,2026-07-16,105,125.0,129.0,116.3,116.3,116.3,1400752.0,167671110.0,-0.082084,0.00049,False,0.062039,0.434888,tencent
3200.HK,2026-07-17,106,114.8,115.4,103.0,109.2,109.2,2361076.0,257130610.00000003,-0.061049,0.000237,False,0.060893,0.469388,tencent
3200.HK,2026-07-20,107,113.2,114.6,106.0,110.0,110.0,1072300.0,117365240.0,0.007326,6.2e-05,False,0.058391,0.4655,tencent
3200.HK,2026-07-21,108,111.9,121.7,105.3,119.7,119.7,1925000.0,224322300.0,0.088182,0.000393,False,0.063493,0.418367,tencent
3200.HK,2026-07-22,109,121.3,123.4,115.2,115.6,115.6,1228515.0,146963730.0,-0.034252,0.000233,False,0.062803,0.43829,tencent
3200.HK,2026-07-23,110,117.3,123.5,111.2,113.0,113.0,1254300.0,144968040.0,-0.022491,0.000155,False,0.062089,0.450923,tencent
3200.HK,2026-07-24,111,112.0,117.3,106.5,107.0,107.0,2127216.0,233829670.0,-0.053097,0.000227,False,0.059224,0.480078,tencent
3200.HK,2026-07-27,112,106.4,113.3,102.7,111.7,111.7,1024342.0,110095510.0,0.043925,0.000399,False,0.060013,0.45724,tencent
3200.HK,2026-07-28,113,106.0,108.0,95.0,97.7,97.7,1454800.0,144398480.0,-0.125336,0.000868,False,0.064288,0.525267,tencent
3200.HK,2026-07-29,114,96.05,99.4,89.15,94.65,94.65,2320560.0,216261650.0,-0.031218,0.000144,False,0.061874,0.540087,tencent
3200.HK,2026-07-30,115,93.0,94.85,83.75,84.25,84.25,1613642.0,140305010.0,-0.109878,0.000783,False,0.062422,0.590622,tencent
3200.HK,2026-07-31,116,95.0,99.95,89.75,94.3,94.3,4580282.0,431435820.0,0.119288,0.000276,False,0.070873,0.541788,tencent
3200.HK,2026-08-03,117,91.3,93.8,88.45,90.05,90.05,1330000.0,121579560.0,-0.045069,0.000371,False,0.070232,0.562439,tencent
3200.HK,2026-08-04,118,93.95,104.7,91.0,104.4,104.4,3502698.0,351631770.00000006,0.159356,0.000453,False,0.079479,0.492711,tencent
3200.HK,2026-08-05,119,104.0,114.3,101.4,108.6,108.6,2693040.0,293224600.0,0.04023,0.000137,False,0.08021,0.472303,tencent
3200.HK,2026-08-06,120,105.0,111.0,101.4,102.5,102.5,3176300.0,335803720.00000006,-0.056169,0.000167,False,0.077661,0.501944,tencent
3200.HK,2026-08-07,121,103.6,114.9,102.1,109.6,109.6,4334820.0,475237070.0,0.069268,0.000146,False,0.079189,0.467444,tencent
3200.HK,2026-08-10,122,112.1,112.2,103.5,107.4,107.4,2197710.0,234404500.0,-0.020073,8.6e-05,False,0.075108,0.478134,tencent
3200.HK,2026-08-11,123,107.7,109.3,104.2,104.7,104.7,1049800.0,111901900.0,-0.02514,0.000225,False,0.074256,0.491254,tencent
3200.HK,2026-08-12,124,105.7,110.8,105.0,108.1,108.1,1633800.0,177014750.0,0.032474,0.000183,False,0.074775,0.474733,tencent
3200.HK,2026-08-13,125,111.4,119.5,109.5,111.3,111.3,2466300.0,284674150.0,0.029602,0.000104,False,0.072885,0.459184,tencent
3200.HK,2026-08-14,126,114.6,116.8,107.2,109.6,109.6,2179000.0,240950449.99999997,-0.015274,6.3e-05,False,0.071564,0.467444,tencent
3200.HK,2026-08-17,127,111.0,114.8,108.0,113.9,113.9,1824300.0,205518730.0,0.039234,0.000191,False,0.072029,0.44655,tencent
3200.HK,2026-08-18,128,115.0,120.8,113.1,114.3,114.3,2648700.0,308870570.0,0.003512,1.1e-05,False,0.069268,0.444606,tencent
3200.HK,2026-08-19,129,109.9,114.0,102.3,105.6,105.6,2498710.0,266089450.0,-0.076115,0.000286,False,0.070967,0.48688,tencent
3200.HK,2026-08-20,130,106.8,107.6,101.5,104.8,104.8,1219644.0,126476350.0,-0.007576,6e-05,False,0.07082,0.490768,tencent
3200.HK,2026-08-21,131,105.3,111.0,103.8,104.5,104.5,1485420.0,157729370.0,-0.002863,1.8e-05,False,0.069773,0.492225,tencent
3200.HK,2026-08-24,132,104.6,105.5,93.8,93.95,93.95,2014900.0,194223090.0,-0.100957,0.00052,False,0.07256,0.543489,tencent
3200.HK,2026-08-25,133,95.6,100.8,91.0,100.8,100.8,2401700.0,232740790.00000003,0.072911,0.000313,False,0.068866,0.510204,tencent
3200.HK,2026-08-26,134,102.5,103.9,97.45,100.5,100.5,1398300.0,141580290.0,-0.002976,2.1e-05,False,0.068398,0.511662,tencent
3200.HK,2026-08-27,135,103.1,110.4,102.6,106.6,106.6,2647300.0,283446900.0,0.060697,0.000214,False,0.063773,0.482021,tencent
3200.HK,2026-08-28,136,106.6,108.2,102.1,102.1,102.1,1270600.0,132641850.0,-0.042214,0.000318,False,0.059804,0.503887,tencent
3200.HK,2026-08-31,137,99.2,115.4,98.5,114.0,114.0,3219820.0,353492810.0,0.116552,0.00033,False,0.063402,0.446064,tencent
3200.HK,2026-09-01,138,113.0,116.3,105.0,105.1,105.1,1475000.0,158383960.0,-0.07807,0.000493,False,0.056557,0.48931,tencent
3200.HK,2026-09-02,139,104.6,104.9,101.0,102.6,102.6,908594.0,93546060.0,-0.023787,0.000254,False,0.05608,0.501458,tencent
3200.HK,2026-09-03,140,104.1,107.3,102.8,105.1,105.1,1381300.0,145308430.0,0.024366,0.000168,False,0.054814,0.48931,tencent
3200.HK,2026-09-04,141,106.9,109.9,100.2,100.8,100.8,2158400.0,224939860.0,-0.040913,0.000182,False,0.053285,0.510204,tencent
3200.HK,2026-09-07,142,103.7,112.3,103.4,108.8,108.8,1984100.0,215438320.0,0.079365,0.000368,False,0.056153,0.471331,tencent
3200.HK,2026-09-08,143,108.0,109.8,105.0,106.0,106.0,1301500.0,139104800.0,-0.025735,0.000185,False,0.056168,0.484937,tencent
3200.HK,2026-09-09,144,107.7,111.4,105.6,107.0,107.0,1202000.0,130168180.0,0.009434,7.2e-05,False,0.055748,0.480078,tencent
3200.HK,2026-09-10,145,105.5,111.6,103.8,105.7,105.7,1309700.0,141280790.0,-0.01215,8.6e-05,False,0.055399,0.486395,tencent
3200.HK,2026-09-11,146,103.8,105.2,100.0,103.6,103.6,1177600.0,120638460.0,-0.019868,0.000165,False,0.05547,0.496599,tencent
3200.HK,2026-09-14,147,101.0,103.7,98.5,99.35,99.35,905900.0,91758850.0,-0.041023,0.000447,False,0.055282,0.51725,tencent
3200.HK,2026-09-15,148,98.7,106.7,98.7,104.2,104.2,1493100.0,155238600.0,0.048817,0.000314,False,0.056578,0.493683,tencent
3200.HK,2026-09-16,149,105.0,110.8,103.8,110.0,110.0,1773800.0,192733849.99999997,0.055662,0.000289,False,0.055287,0.4655,tencent
3200.HK,2026-09-17,150,110.0,113.3,105.7,107.1,107.1,1325300.0,144557810.0,-0.026364,0.000182,False,0.055643,0.479592,tencent
3200.HK,2026-09-18,151,109.5,114.5,107.6,113.8,113.8,1641000.0,182937059.99999997,0.062558,0.000342,False,0.057209,0.447036,tencent
3200.HK,2026-09-21,152,115.2,119.7,109.4,111.6,111.6,1891700.0,215485590.0,-0.019332,9e-05,False,0.051852,0.457726,tencent
3200.HK,2026-09-22,153,114.5,116.4,108.3,109.3,109.3,1278512.0,143687680.0,-0.020609,0.000143,False,0.050056,0.468902,tencent
6809.HK,2026-02-09,1,167.559,175.559,155.559,174.559,174.559,21167253.0,3396100770.0,0.633071,0.000186,False,,0.005696,tencent
6809.HK,2026-02-10,2,170.559,182.359,165.559,177.559,177.559,5329373.0,945273710.0,0.017186,1.8e-05,False,,0.026322,tencent
6809.HK,2026-02-11,3,172.859,177.559,165.659,172.259,172.259,3355604.0,578597580.0,-0.029849,5.2e-05,False,,0.055385,tencent
6809.HK,2026-02-12,4,175.559,187.559,167.559,181.859,181.859,4025039.0,712567440.0000001,0.05573,7.8e-05,False,,0.03039,tencent
6809.HK,2026-02-13,5,176.159,187.359,175.559,184.559,184.559,3001448.0,548206880.0,0.014847,2.7e-05,False,0.278298,0.015995,tencent
6809.HK,2026-02-16,6,186.659,216.959,182.959,210.559,210.559,2798667.0,571970750.0,0.140876,0.000246,False,0.24892,0.029499,tencent
6809.HK,2026-02-20,7,206.359,229.359,202.959,211.559,211.559,4438666.0,956740610.0,0.004749,5e-06,False,0.232799,0.077608,tencent
6809.HK,2026-02-23,8,219.559,219.759,192.559,196.659,196.659,2558159.0,518943430.0,-0.07043,0.000136,False,0.22575,0.142571,tencent
6809.HK,2026-02-24,9,193.559,209.559,187.159,206.359,206.359,2698410.0,545309940.0,0.049324,9e-05,False,0.211737,0.100279,tencent
6809.HK,2026-02-25,10,204.559,205.559,189.159,191.659,191.659,1783131.0,345734870.0,-0.071235,0.000206,False,0.206084,0.164371,tencent
6809.HK,2026-02-26,11,194.559,196.359,184.559,187.559,187.559,1721089.0,323962820.0,-0.021392,6.6e-05,False,0.197631,0.182247,tencent
6809.HK,2026-02-27,12,183.559,187.359,175.359,178.759,178.759,1341645.0,240676850.0,-0.046919,0.000195,False,0.191219,0.220615,tencent
6809.HK,2026-03-02,13,173.559,190.559,172.559,176.559,176.559,2184044.0,401530369.99999994,-0.012307,3.1e-05,False,0.184065,0.230207,tencent
6809.HK,2026-03-03,14,179.559,183.059,164.359,165.559,165.559,1685666.0,287806070.0,-0.062302,0.000216,False,0.17942,0.278167,tencent
6809.HK,2026-03-04,15,159.559,174.859,158.659,166.759,166.759,2418701.0,405810750.0,0.007248,1.8e-05,False,0.173139,0.272935,tencent
6809.HK,2026-03-05,16,175.559,178.359,170.559,173.359,173.359,855931.0,149535100.0,0.039578,0.000265,False,0.167268,0.244159,tencent
6809.HK,2026-03-06,17,170.659,174.059,167.559,169.559,169.559,656769.0,112233349.99999999,-0.02192,0.000195,False,0.162663,0.260727,tencent
6809.HK,2026-03-09,18,159.559,166.759,155.559,165.459,165.459,1497276.0,240665449.99999997,-0.02418,0.0001,False,0.158461,0.278603,tencent
6809.HK,2026-03-10,19,175.359,187.059,174.559,183.459,183.459,2158456.0,390604130.0,0.108788,0.000279,False,0.154963,0.200123,tencent
6809.HK,2026-03-11,20,186.259,192.359,177.559,178.459,178.459,1497374.0,274343580.0,-0.027254,9.9e-05,False,0.151521,0.221923,tencent
6809.HK,2026-03-12,21,177.759,189.059,177.559,185.059,185.059,1306294.0,241939610.0,0.036983,0.000153,False,0.056096,0.193147,tencent
6809.HK,2026-03-13,22,182.559,190.059,174.759,175.059,175.059,1081499.0,197610510.0,-0.054037,0.000273,False,0.057483,0.236747,tencent
6809.HK,2026-03-16,23,176.059,191.559,170.359,189.059,189.059,2580400.0,475406660.0,0.079973,0.000168,False,0.059606,0.175707,tencent
6809.HK,2026-03-17,24,191.559,193.759,178.559,178.859,178.859,1341862.0,249737030.0,-0.053951,0.000216,False,0.059864,0.220179,tencent
6809.HK,2026-03-18,25,185.559,196.559,184.559,194.259,194.259,3202857.0,617947900.0,0.086101,0.000139,False,0.062792,0.153035,tencent
6809.HK,2026-03-19,26,187.359,203.959,186.559,194.959,194.959,2063527.0,406795570.0,0.003603,9e-06,False,0.05397,0.149983,tencent
6809.HK,2026-03-20,27,197.059,201.559,185.559,188.259,188.259,1400045.0,269668650.0,-0.034366,0.000127,False,0.054401,0.179195,tencent
6809.HK,2026-03-23,28,179.759,183.359,168.159,172.459,172.459,1748283.0,304398820.0,-0.083927,0.000276,False,0.055338,0.248083,tencent
6809.HK,2026-03-24,29,177.359,178.559,164.659,173.559,173.559,1485417.0,255233300.00000003,0.006378,2.5e-05,False,0.05393,0.243287,tencent
6809.HK,2026-03-25,30,178.559,185.859,176.859,181.559,181.559,1627670.0,295280120.0,0.046094,0.000156,False,0.052978,0.208407,tencent
6809.HK,2026-03-26,31,179.659,182.259,176.059,180.559,180.559,1051800.0,188333830.00000003,-0.005508,2.9e-05,False,0.052781,0.212767,tencent
6809.HK,2026-03-27,32,177.059,181.159,172.559,176.859,176.859,1094820.0,194279090.0,-0.020492,0.000105,False,0.051883,0.228899,tencent
6809.HK,2026-03-30,33,171.759,172.059,164.559,164.659,164.659,1375310.0,230612500.0,-0.068982,0.000299,False,0.054131,0.282091,tencent
6809.HK,2026-03-31,34,158.559,164.359,152.259,153.559,153.559,1429734.0,226131730.0,-0.067412,0.000298,False,0.054442,0.330486,tencent
6809.HK,2026-04-01,35,163.059,171.259,160.559,170.559,170.559,1757472.0,292585380.0,0.110707,0.000378,False,0.060031,0.256367,tencent
6809.HK,2026-04-02,36,176.559,183.059,170.059,174.559,174.559,1754423.0,310354370.0,0.023452,7.6e-05,False,0.059618,0.238927,tencent
6809.HK,2026-04-08,37,184.559,199.559,183.359,199.559,199.559,3502706.0,680577610.0,0.143218,0.00021,False,0.067097,0.129927,tencent
6809.HK,2026-04-09,38,197.559,200.959,192.359,194.359,194.359,1408755.0,278058460.0,-0.026057,9.4e-05,False,0.067149,0.152599,tencent
6809.HK,2026-04-10,39,201.959,209.559,196.959,198.959,198.959,2306297.0,469906490.0,0.023668,5e-05,False,0.063148,0.132543,tencent
6809.HK,2026-04-13,40,196.559,222.759,196.559,212.559,212.559,2668597.0,568021530.0,0.068356,0.00012,False,0.064116,0.073248,tencent
6809.HK,2026-04-14,41,222.559,223.359,207.759,209.359,209.359,2313792.0,501379340.0,-0.015055,3e-05,False,0.064049,0.0872,tencent
6809.HK,2026-04-15,42,216.359,217.559,200.559,201.959,201.959,1628490.0,340846800.0,-0.035346,0.000104,False,0.063226,0.119463,tencent
6809.HK,2026-04-16,43,201.959,223.559,198.959,218.159,218.159,2307813.0,500370080.0,0.080214,0.00016,False,0.06324,0.048832,tencent
6809.HK,2026-04-17,44,217.159,218.359,205.759,208.959,208.959,1627500.0,343132880.0,-0.042171,0.000123,False,0.062675,0.088944,tencent
6809.HK,2026-04-20,45,213.559,213.559,201.759,204.559,204.559,1309415.0,270853520.0,-0.021057,7.8e-05,False,0.06033,0.108127,tencent
6809.HK,2026-04-21,46,202.559,209.159,195.559,206.759,206.759,1569046.0,321514610.0,0.010755,3.3e-05,False,0.060347,0.098535,tencent
6809.HK,2026-04-22,47,207.559,224.359,206.759,223.959,223.959,2686445.0,580902070.0,0.083189,0.000143,False,0.06205,0.023544,tencent
6809.HK,2026-04-23,48,232.359,247.359,224.959,229.159,229.159,3945605.0,933871030.0,0.023219,2.5e-05,False,0.057959,0.073577,tencent
6809.HK,2026-04-24,49,240.559,248.359,224.359,227.359,227.359,3088632.0,724117280.0,-0.007855,1.1e-05,False,0.058168,0.084555,tencent
6809.HK,2026-04-27,50,244.559,265.559,236.959,258.759,258.759,5352083.0,1367347690.0,0.138108,0.000101,False,0.064083,0.025606,tencent
6809.HK,2026-04-28,51,246.759,274.559,246.759,264.359,264.359,3874966.0,1018921360.0,0.021642,2.1e-05,False,0.063807,0.03715,tencent
6809.HK,2026-04-29,52,264.359,264.359,248.159,254.359,254.359,1930696.0,492327820.0,-0.037827,7.7e-05,False,0.064515,0.073573,tencent
6809.HK,2026-04-30,53,263.959,268.159,245.559,261.359,261.359,3185407.0,827581320.0,0.02752,3.3e-05,False,0.061004,0.048077,tencent
6809.HK,2026-05-04,54,275.559,288.159,267.759,269.959,269.959,957564.0,264192580.00000003,0.032905,0.000125,False,0.056993,0.06316,tencent
6809.HK,2026-05-05,55,274.159,294.159,272.559,274.959,274.959,1592854.0,450362650.0,0.018521,4.1e-05,False,0.053765,0.065271,tencent
6809.HK,2026-05-06,56,297.559,334.559,290.559,321.159,321.159,5818024.0,1853049070.0,0.168025,9.1e-05,False,0.062491,0.040053,tencent
6809.HK,2026-05-07,57,321.959,364.359,316.559,357.159,357.159,4860449.0,1656658370.0,0.112094,6.8e-05,False,0.059929,0.019761,tencent
6809.HK,2026-05-08,58,337.559,375.159,332.959,375.159,375.159,4459214.0,1579114130.0,0.050398,3.2e-05,False,0.05851,0.0,tencent
6809.HK,2026-05-11,59,430.559,463.959,400.159,418.159,418.159,5837609.0,2528832440.0,0.114618,4.5e-05,False,0.061064,0.098716,tencent
6809.HK,2026-05-12,60,405.759,442.359,389.759,412.559,412.559,4765852.0,1969461430.0,-0.013392,7e-06,False,0.061764,0.110786,tencent
6809.HK,2026-05-13,61,406.559,524.059,399.559,500.559,500.559,5947867.0,2686722590.0,0.213303,7.9e-05,False,0.072171,0.044842,tencent
6809.HK,2026-05-14,62,519.559,542.559,477.759,481.959,481.959,6251040.0,3187608360.0,-0.037158,1.2e-05,False,0.072281,0.111693,tencent
6809.HK,2026-05-15,63,479.559,499.559,419.559,448.159,448.159,7720774.0,3498159900.0,-0.07013,2e-05,False,0.076323,0.17399,tencent
6809.HK,2026-05-18,64,443.559,479.559,433.359,440.359,440.359,4582288.0,2081958350.0,-0.017405,8e-06,False,0.075124,0.188367,tencent
6809.HK,2026-05-19,65,424.959,434.359,403.159,423.159,423.159,5025222.0,2098536120.0,-0.039059,1.9e-05,False,0.076003,0.220068,tencent
6809.HK,2026-05-20,66,429.559,457.759,424.559,446.359,446.359,6360070.0,2800090410.0000005,0.054826,2e-05,False,0.075762,0.177308,tencent
6809.HK,2026-05-21,67,476.759,499.559,444.559,445.759,445.759,6329054.0,2988559510.0,-0.001344,0.0,False,0.075688,0.178414,tencent
6809.HK,2026-05-22,68,466.159,478.559,448.759,471.359,471.359,4796296.0,2239002400.0,0.05743,2.6e-05,False,0.075733,0.13123,tencent
6809.HK,2026-05-26,69,499.559,499.559,461.159,461.559,461.559,3767166.0,1783690920.0,-0.020791,1.2e-05,False,0.076211,0.149293,tencent
6809.HK,2026-05-27,70,484.159,497.559,454.559,468.559,468.559,3946240.0,1886194350.0,0.015166,8e-06,False,0.072638,0.136391,tencent
6809.HK,2026-05-28,71,459.759,472.159,444.559,458.359,458.359,2826242.0,1300729340.0,-0.021769,1.7e-05,False,0.07362,0.15519,tencent
6809.HK,2026-05-29,72,458.359,464.559,394.159,399.559,399.559,8506754.0,3584306050.0,-0.128284,3.6e-05,False,0.080484,0.263566,tencent
6809.HK,2026-06-01,73,407.759,411.559,366.159,371.959,371.959,5306918.0,2022644060.0,-0.069076,3.4e-05,False,0.083225,0.314436,tencent
6809.HK,2026-06-02,74,372.159,388.959,355.559,379.759,379.759,5265317.0,1976779760.0,0.02097,1.1e-05,False,0.083178,0.30006,tencent
6809.HK,2026-06-03,75,399.559,424.559,393.559,402.559,402.559,6212173.0,2560035330.0,0.060038,2.3e-05,False,0.083647,0.258036,tencent
6809.HK,2026-06-04,76,402.559,417.159,386.559,405.759,405.759,3780072.0,1541054340.0,0.007949,5e-06,False,0.076319,0.252138,tencent
6809.HK,2026-06-05,77,389.359,394.559,361.959,368.359,368.359,4266972.0,1606094359.9999998,-0.092173,5.7e-05,False,0.076228,0.321071,tencent
6809.HK,2026-06-08,78,351.359,363.359,339.559,346.959,346.959,3501946.0,1220375660.0,-0.058095,4.8e-05,False,0.076627,0.360514,tencent
6809.HK,2026-06-09,79,368.559,368.559,350.359,359.959,359.959,3350565.0,1207999660.0,0.037468,3.1e-05,False,0.072309,0.336553,tencent
6809.HK,2026-06-10,80,352.359,366.359,335.759,344.759,344.759,2562711.0,896446770.0,-0.042227,4.7e-05,False,0.072769,0.364569,tencent
6809.HK,2026-06-11,81,344.559,368.559,336.359,364.559,364.559,2962981.0,1042988579.9999999,0.057431,5.5e-05,False,0.053883,0.328075,tencent
6809.HK,2026-06-12,82,386.759,398.559,344.559,354.559,354.559,4167055.0,1566246859.9999998,-0.02743,1.8e-05,False,0.05371,0.346506,tencent
6809.HK,2026-06-15,83,366.359,387.559,355.759,384.159,384.159,3262947.0,1228745610.0,0.083484,6.8e-05,False,0.056162,0.29195,tencent
6809.HK,2026-06-16,84,387.959,392.559,375.359,377.959,377.959,2627076.0,1011833700.0,-0.016139,1.6e-05,False,0.056149,0.303377,tencent
6809.HK,2026-06-17,85,370.559,429.559,368.959,420.159,420.159,5493628.0,2238176590.0,0.111652,5e-05,False,0.061362,0.225598,tencent
6809.HK,2026-06-18,86,415.959,452.359,415.959,445.959,445.959,5384852.0,2364510550.0,0.061405,2.6e-05,False,0.06168,0.178045,tencent
6809.HK,2026-06-22,87,464.559,477.559,444.959,465.759,465.759,4562693.0,2121762680.0,0.044399,2.1e-05,False,0.062402,0.141551,tencent
6809.HK,2026-06-23,88,469.559,477.159,407.759,407.759,407.759,4342177.0,1863163869.9999998,-0.124528,6.7e-05,False,0.067286,0.248452,tencent
6809.HK,2026-06-24,89,410.359,438.359,408.559,429.759,429.759,3769517.0,1604351690.0,0.053953,3.4e-05,False,0.06843,0.207904,tencent
6809.HK,2026-06-25,90,460.559,464.559,434.159,458.559,458.559,4112015.0,1864745940.0,0.067014,3.6e-05,False,0.070049,0.154822,tencent
6809.HK,2026-06-26,91,449.559,449.559,401.359,419.359,419.359,3966782.0,1670397760.0000002,-0.085485,5.1e-05,False,0.072558,0.227072,tencent
6809.HK,2026-06-29,92,415.559,459.559,407.559,447.159,447.159,5748166.0,2539718970.0,0.066292,2.6e-05,False,0.067593,0.175833,tencent
6809.HK,2026-06-30,93,447.159,479.559,436.559,464.159,464.159,4573791.0,2119232280.0,0.038018,1.8e-05,False,0.065384,0.1445,tencent
6809.HK,2026-07-02,94,432.559,439.359,387.159,387.959,387.959,3635656.0,1505517919.9999998,-0.164168,0.000109,False,0.076403,0.284946,tencent
6809.HK,2026-07-03,95,376.959,404.559,364.559,382.159,382.159,3636576.0,1407447970.0,-0.01495,1.1e-05,False,0.075338,0.295636,tencent
6809.HK,2026-07-06,96,403.359,403.559,351.959,371.559,371.559,3249947.0,1224459170.0,-0.027737,2.3e-05,False,0.075567,0.315173,tencent
6809.HK,2026-07-07,97,355.0,360.4,322.0,333.6,333.6,4948748.0,1679567349.9999998,-0.102161,6.1e-05,False,0.076227,0.385136,tencent
6809.HK,2026-07-08,98,333.0,348.4,317.0,321.4,321.4,4415127.0,1457654700.0,-0.036571,2.5e-05,False,0.075544,0.407622,tencent
6809.HK,2026-07-09,99,335.4,387.8,333.4,383.8,383.8,6178983.0,2228858690.0,0.194151,8.7e-05,False,0.087,0.292611,tencent
6809.HK,2026-07-10,100,394.0,412.4,344.4,350.4,350.4,6671917.0,2505871960.0,-0.087024,3.5e-05,False,0.088886,0.354172,tencent
6809.HK,2026-07-13,101,339.8,360.0,324.0,332.2,332.2,3246888.0,1096215400.0,-0.051941,4.7e-05,False,0.088827,0.387716,tencent
6809.HK,2026-07-14,102,339.6,362.2,327.2,358.8,358.8,4076417.0,1417725090.0,0.080072,5.6e-05,False,0.090376,0.338689,tencent
6809.HK,2026-07-15,103,370.0,372.0,342.0,361.6,361.6,2913353.0,1027994500.0,0.007804,8e-06,False,0.088458,0.333529,tencent
6809.HK,2026-07-16,104,341.0,341.0,273.2,278.6,278.6,10026632.0,2988465160.0,-0.229535,7.7e-05,False,0.102372,0.486507,tencent
6809.HK,2026-07-17,105,268.6,275.8,248.6,255.0,255.0,5611383.0,1462215970.0,-0.084709,5.8e-05,False,0.099469,0.530005,tencent
6809.HK,2026-07-20,106,270.4,280.6,254.6,264.0,264.0,5010141.0,1328207630.0,0.035294,2.7e-05,False,0.098514,0.513417,tencent
6809.HK,2026-07-21,107,275.0,310.2,256.2,309.0,309.0,8205882.0,2350118400.0,0.170455,7.3e-05,False,0.106623,0.430477,tencent
6809.HK,2026-07-22,108,315.0,356.0,307.6,319.4,319.4,10220554.0,3372561740.0,0.033657,1e-05,False,0.103886,0.411308,tencent
6809.HK,2026-07-23,109,331.0,338.6,310.0,311.8,311.8,4494320.0,1457140450.0000002,-0.023795,1.6e-05,False,0.102941,0.425316,tencent
6809.HK,2026-07-24,110,312.0,345.0,312.0,332.6,332.6,5903124.0,1947799650.0,0.066709,3.4e-05,False,0.102928,0.386979,tencent
6809.HK,2026-07-27,111,332.8,337.0,302.2,322.0,322.0,5489385.0,1734576050.0,-0.03187,1.8e-05,False,0.10157,0.406516,tencent
6809.HK,2026-07-28,112,300.0,306.4,275.6,277.6,277.6,4938403.0,1421376630.0,-0.137888,9.7e-05,False,0.103933,0.488351,tencent
6809.HK,2026-07-29,113,273.2,282.6,242.8,269.6,269.6,8377936.0,2202895600.0,-0.028818,1.3e-05,False,0.103097,0.503096,tencent
6809.HK,2026-07-30,114,265.6,278.6,247.8,251.4,251.4,6064883.0,1581714940.0,-0.067507,4.3e-05,False,0.098215,0.53664,tencent
6809.HK,2026-07-31,115,289.0,305.8,267.4,269.0,269.0,8009560.0,2285076890.0,0.070008,3.1e-05,False,0.100119,0.504201,tencent
6809.HK,2026-08-03,116,261.6,263.4,245.0,248.8,248.8,3765336.0,947611760.0000001,-0.075093,7.9e-05,False,0.101052,0.541432,tencent
6809.HK,2026-08-04,117,251.8,265.8,250.0,262.6,262.6,4808348.0,1241879180.0,0.055466,4.5e-05,False,0.100033,0.515997,tencent
6809.HK,2026-08-05,118,268.0,282.8,262.2,270.4,270.4,5150971.0,1411801240.0,0.029703,2.1e-05,False,0.100101,0.501621,tencent
6809.HK,2026-08-06,119,260.2,272.6,256.0,261.0,261.0,3971862.0,1044986150.0,-0.034763,3.3e-05,False,0.088723,0.518946,tencent
6809.HK,2026-08-07,120,261.0,275.4,258.2,269.2,269.2,5891349.0,1584928630.0000002,0.031418,2e-05,False,0.087622,0.503833,tencent
6809.HK,2026-08-10,121,267.0,275.6,252.0,257.6,257.6,6441801.0,1671818500.0,-0.043091,2.6e-05,False,0.087418,0.525213,tencent
6809.HK,2026-08-11,122,254.6,278.0,251.8,263.0,263.0,5242995.0,1392722310.0,0.020963,1.5e-05,False,0.085226,0.51526,tencent
6809.HK,2026-08-12,123,270.0,284.0,267.0,283.0,283.0,4646891.0,1290919480.0,0.076046,5.9e-05,False,0.087389,0.478398,tencent
6809.HK,2026-08-13,124,294.6,301.0,284.0,286.8,286.8,4837712.0,1416031250.0,0.013428,9e-06,False,0.070229,0.471394,tencent
6809.HK,2026-08-14,125,297.0,299.2,282.2,283.8,283.8,3568804.0,1038903890.0,-0.01046,1e-05,False,0.067202,0.476923,tencent
6809.HK,2026-08-17,126,288.0,312.0,284.0,311.0,311.0,5710768.0,1712791400.0000002,0.095842,5.6e-05,False,0.069833,0.42679,tencent
6809.HK,2026-08-18,127,317.8,317.8,288.0,290.8,290.8,4263452.0,1269717770.0,-0.064952,5.1e-05,False,0.060699,0.464021,tencent
6809.HK,2026-08-19,128,277.0,283.8,260.6,270.4,270.4,4297051.0,1160200010.0,-0.070151,6e-05,False,0.061981,0.501621,tencent
6809.HK,2026-08-20,129,273.4,273.4,262.2,268.6,268.6,2414226.0,646779030.0,-0.006657,1e-05,False,0.061847,0.504939,tencent
6809.HK,2026-08-21,130,274.0,274.8,265.4,272.0,272.0,2236769.0,603837450.0,0.012658,2.1e-05,False,0.059664,0.498672,tencent
6809.HK,2026-08-24,131,270.2,270.8,250.0,250.0,250.0,2473244.0,632640610.0,-0.080882,0.000128,False,0.061657,0.539221,tencent
6809.HK,2026-08-25,132,245.2,263.4,242.6,262.4,262.4,2864282.0,728203700.0,0.0496,6.8e-05,False,0.055225,0.516366,tencent
6809.HK,2026-08-26,133,261.8,274.6,254.8,268.2,268.2,3077216.0,822080040.0,0.022104,2.7e-05,False,0.055066,0.505676,tencent
6809.HK,2026-08-27,134,271.6,303.0,271.2,301.2,301.2,6625373.0,1923464710.0,0.123043,6.4e-05,False,0.058906,0.444853,tencent
6809.HK,2026-08-28,135,295.0,298.0,283.6,285.0,285.0,2704213.0,788042930.0,-0.053785,6.8e-05,False,0.058851,0.474712,tencent
6809.HK,2026-08-31,136,273.0,278.2,258.6,269.0,269.0,4873330.0,1300650550.0,-0.05614,4.3e-05,False,0.057642,0.504201,tencent
6809.HK,2026-09-01,137,271.6,271.6,258.8,263.6,263.6,1817417.0,478516320.0,-0.020074,4.2e-05,False,0.05666,0.514154,tencent
6809.HK,2026-09-02,138,256.6,267.2,252.0,261.8,261.8,2359251.0,612719230.0,-0.006829,1.1e-05,False,0.056297,0.517472,tencent
6809.HK,2026-09-03,139,267.0,268.6,252.6,258.4,258.4,2339782.0,605860640.0,-0.012987,2.1e-05,False,0.055801,0.523738,tencent
6809.HK,2026-09-04,140,263.0,273.8,256.0,261.6,261.6,3252172.0,861542080.0,0.012384,1.4e-05,False,0.055415,0.51784,tencent
6809.HK,2026-09-07,141,272.4,283.8,270.0,279.0,279.0,4095518.0,1134839380.0,0.066514,5.9e-05,False,0.056341,0.48577,tencent
6809.HK,2026-09-08,142,280.0,287.6,271.6,276.0,276.0,2961209.0,827375970.0,-0.010753,1.3e-05,False,0.056328,0.4913,tencent
6809.HK,2026-09-09,143,283.0,287.4,270.0,271.4,271.4,2316437.0,641849610.0,-0.016667,2.6e-05,False,0.053838,0.499778,tencent
6809.HK,2026-09-10,144,273.4,282.6,269.0,270.4,270.4,2644653.0,728861620.0,-0.003685,5e-06,False,0.053737,0.501621,tencent
6809.HK,2026-09-11,145,263.0,263.6,251.8,258.0,258.0,2435450.0,626066070.0,-0.045858,7.3e-05,False,0.05462,0.524476,tencent
6809.HK,2026-09-14,146,250.8,255.8,242.6,243.0,243.0,2287711.0,565964780.0,-0.05814,0.000103,False,0.050605,0.552122,tencent
6809.HK,2026-09-15,147,246.8,263.6,243.2,256.2,256.2,3722879.0,954835790.0,0.054321,5.7e-05,False,0.050947,0.527793,tencent
6809.HK,2026-09-16,148,261.2,271.2,257.8,270.2,270.2,2536139.0,671386300.0,0.054645,8.1e-05,False,0.050197,0.50199,tencent
6809.HK,2026-09-17,149,270.2,274.8,260.0,267.6,267.6,2394431.0,636239380.0,-0.009623,1.5e-05,False,0.050226,0.506782,tencent
6809.HK,2026-09-18,150,275.6,284.8,270.4,283.0,283.0,6585608.0,1849091930.0,0.057549,3.1e-05,False,0.051755,0.478398,tencent
6809.HK,2026-09-21,151,290.0,297.8,283.0,286.4,286.4,2733219.0,789166290.0,0.012014,1.5e-05,False,0.047827,0.472131,tencent
6809.HK,2026-09-22,152,320.0,337.8,307.0,309.6,309.6,6973766.0,2241981360.0,0.081006,3.6e-05,False,0.049746,0.429371,tencent
0600.HK,2026-02-10,1,28.2,29.18,28.2,28.2,28.2,22587400.0,635409810.0,0.0,0.0,False,,0.033585,tencent
0600.HK,2026-02-11,2,27.68,27.82,25.0,25.4,25.4,6024358.0,155511340.0,-0.099291,0.000638,False,,0.129541,tencent
0600.HK,2026-02-12,3,25.5,25.92,22.1,24.12,24.12,4108642.0,97702729.99999999,-0.050394,0.000516,False,,0.173406,tencent
0600.HK,2026-02-13,4,24.0,28.5,23.9,28.26,28.26,6723640.0,186253410.0,0.171642,0.000922,False,,0.031528,tencent
0600.HK,2026-02-16,5,29.0,29.18,26.8,28.26,28.26,2925300.0,82569730.0,0.0,0.0,False,0.10218,0.031528,tencent
0600.HK,2026-02-20,6,28.6,35.58,27.84,33.9,33.9,14756470.0,482016050.00000006,0.199575,0.000414,False,0.121252,0.047218,tencent
0600.HK,2026-02-23,7,34.0,36.9,31.32,32.24,32.24,8720850.0,294639620.0,-0.048968,0.000166,False,0.11535,0.126287,tencent
0600.HK,2026-02-24,8,32.0,32.0,29.8,30.04,30.04,3336800.0,101909560.0,-0.068238,0.00067,False,0.111729,0.185908,tencent
0600.HK,2026-02-25,9,30.04,31.4,28.1,28.3,28.3,3551100.0,103819010.0,-0.057923,0.000558,False,0.107156,0.233062,tencent
0600.HK,2026-02-26,10,28.68,30.88,28.16,29.76,29.76,3140400.0,92995400.00000001,0.05159,0.000555,False,0.102089,0.193496,tencent
0600.HK,2026-02-27,11,28.88,29.5,28.2,29.0,29.0,1905700.0,54879330.0,-0.025538,0.000465,False,0.097435,0.214092,tencent
0600.HK,2026-03-02,12,27.6,29.34,26.5,28.18,28.18,3134800.0,87933799.99999999,-0.028276,0.000322,False,0.093444,0.236314,tencent
0600.HK,2026-03-03,13,28.18,29.18,27.5,28.18,28.18,2669600.0,75280020.0,0.0,0.0,False,0.089472,0.236314,tencent
0600.HK,2026-03-04,14,28.18,29.48,27.1,27.32,27.32,2698300.0,76095580.0,-0.030518,0.000401,False,0.086438,0.259621,tencent
0600.HK,2026-03-05,15,28.02,28.4,27.4,28.4,28.4,1089400.0,30674460.0,0.039531,0.001289,False,0.083887,0.230352,tencent
0600.HK,2026-03-06,16,28.28,28.6,28.14,28.2,28.2,597200.0,16905760.0,-0.007042,0.000417,False,0.081085,0.235772,tencent
0600.HK,2026-03-09,17,26.3,27.2,23.5,24.8,24.8,2002280.0,49227960.0,-0.120567,0.002449,False,0.084026,0.327913,tencent
0600.HK,2026-03-10,18,25.5,27.9,25.0,27.24,27.24,1535400.0,40812780.0,0.098387,0.002411,False,0.08504,0.261789,tencent
0600.HK,2026-03-11,19,27.38,28.96,25.82,26.3,26.3,1260640.0,33881180.0,-0.034508,0.001019,False,0.083052,0.287263,tencent
0600.HK,2026-03-12,20,26.14,26.86,25.76,26.0,26.0,463550.0,12163530.0,-0.011407,0.000938,False,0.080873,0.295393,tencent
0600.HK,2026-03-13,21,26.0,26.22,25.0,25.22,25.22,574316.0,14658360.0,-0.03,0.002047,False,0.08113,0.316531,tencent
0600.HK,2026-03-16,22,25.2,26.1,24.6,25.04,25.04,486000.0,12286690.000000002,-0.007137,0.000581,False,0.077902,0.321409,tencent
0600.HK,2026-03-17,23,24.8,26.04,23.72,24.0,24.0,1041508.0,25522760.0,-0.041534,0.001627,False,0.077613,0.349593,tencent
0600.HK,2026-03-18,24,24.0,25.3,23.56,25.28,25.28,655156.0,16075070.0,0.053333,0.003318,False,0.067945,0.314905,tencent
0600.HK,2026-03-19,25,24.98,24.98,23.32,23.64,23.64,784176.0,18689520.0,-0.064873,0.003471,False,0.069306,0.35935,tencent
0600.HK,2026-03-20,26,23.46,24.0,22.9,22.9,22.9,354100.0,8228240.0,-0.031303,0.003804,False,0.049551,0.379404,tencent
0600.HK,2026-03-23,27,22.22,22.3,20.7,20.78,20.78,935500.0,20098410.0,-0.092576,0.004606,False,0.051879,0.436856,tencent
0600.HK,2026-03-24,28,20.8,21.66,18.91,20.44,20.44,1388890.0,27682779.999999996,-0.016362,0.000591,False,0.050645,0.44607,tencent
0600.HK,2026-03-25,29,20.44,21.5,20.3,21.46,21.46,349570.0,7398670.0,0.049902,0.006745,False,0.051877,0.418428,tencent
0600.HK,2026-03-26,30,21.46,21.48,19.62,19.78,19.78,428100.0,8626690.0,-0.078285,0.009075,False,0.051568,0.463957,tencent
0600.HK,2026-03-27,31,19.8,20.5,19.04,20.14,20.14,335600.0,6713160.0,0.0182,0.002711,False,0.052197,0.454201,tencent
0600.HK,2026-03-30,32,20.14,20.14,18.41,19.0,19.0,530600.0,10050040.0,-0.056604,0.005632,False,0.052905,0.485095,tencent
0600.HK,2026-03-31,33,19.0,19.03,17.88,18.5,18.5,509900.0,9323350.0,-0.026316,0.002823,False,0.052757,0.498645,tencent
0600.HK,2026-04-01,34,18.6,20.38,18.6,20.02,20.02,653123.0,12938980.0,0.082162,0.00635,False,0.057334,0.457453,tencent
0600.HK,2026-04-02,35,20.02,20.02,18.8,18.99,18.99,233100.0,4469180.0,-0.051449,0.011512,False,0.056479,0.485366,tencent
0600.HK,2026-04-08,36,19.19,21.4,19.19,21.1,21.1,830400.0,17352470.0,0.111111,0.006403,False,0.063475,0.428184,tencent
0600.HK,2026-04-09,37,21.1,21.8,19.91,20.1,20.1,813060.0,16916130.0,-0.047393,0.002802,False,0.058859,0.455285,tencent
0600.HK,2026-04-10,38,20.1,20.6,19.5,19.7,19.7,558700.0,11037970.0,-0.0199,0.001803,False,0.053188,0.466125,tencent
0600.HK,2026-04-13,39,19.7,20.0,19.2,19.59,19.59,559700.0,10941420.0,-0.005584,0.00051,False,0.053015,0.469106,tencent
0600.HK,2026-04-14,40,19.6,22.9,19.6,21.82,21.82,2262100.0,49470370.0,0.113834,0.002301,False,0.060165,0.408672,tencent
0600.HK,2026-04-15,41,23.0,23.0,20.14,20.22,20.22,1284600.0,27240150.0,-0.073327,0.002692,False,0.061794,0.452033,tencent
0600.HK,2026-04-16,42,20.9,23.1,20.3,22.16,22.16,2788200.0,61620360.0,0.095945,0.001557,False,0.066122,0.399458,tencent
0600.HK,2026-04-17,43,22.16,22.4,20.0,21.7,21.7,2739900.0,57792900.0,-0.020758,0.000359,False,0.065664,0.411924,tencent
0600.HK,2026-04-20,44,21.74,23.6,21.62,22.18,22.18,2247700.0,50413080.0,0.02212,0.000439,False,0.064617,0.398916,tencent
0600.HK,2026-04-21,45,22.18,22.18,20.5,21.66,21.66,1301500.0,27781580.0,-0.023445,0.000844,False,0.063231,0.413008,tencent
0600.HK,2026-04-22,46,21.72,24.38,20.88,24.06,24.06,2748700.0,63959930.00000001,0.110803,0.001732,False,0.067654,0.347967,tencent
0600.HK,2026-04-23,47,24.06,24.5,22.24,22.38,22.38,1240400.0,28289490.0,-0.069825,0.002468,False,0.066108,0.393496,tencent
0600.HK,2026-04-24,48,22.38,23.5,21.2,23.14,23.14,1504700.0,34003320.0,0.033959,0.000999,False,0.06618,0.3729,tencent
0600.HK,2026-04-27,49,23.14,24.24,22.52,22.78,22.78,1111788.0,26064070.0,-0.015557,0.000597,False,0.065628,0.382656,tencent
0600.HK,2026-04-28,50,22.78,23.62,21.82,21.9,21.9,947000.0,21293080.0,-0.03863,0.001814,False,0.063546,0.406504,tencent
0600.HK,2026-04-29,51,21.88,21.9,21.26,21.3,21.3,540900.0,11634800.0,-0.027397,0.002355,False,0.063939,0.422764,tencent
0600.HK,2026-04-30,52,21.3,21.9,20.4,21.48,21.48,820600.0,17395820.0,0.008451,0.000486,False,0.06229,0.417886,tencent
0600.HK,2026-05-04,53,21.5,23.98,21.5,23.62,23.62,1779000.0,41445150.0,0.099628,0.002404,False,0.064954,0.359892,tencent
0600.HK,2026-05-05,54,23.66,23.96,22.38,22.6,22.6,1010300.0,23128230.0,-0.043184,0.001867,False,0.064096,0.387534,tencent
0600.HK,2026-05-06,55,22.62,23.9,22.06,22.26,22.26,1232800.0,28358690.0,-0.015044,0.00053,False,0.062825,0.396748,tencent
0600.HK,2026-05-07,56,22.28,23.58,22.28,23.32,23.32,1111900.0,25636010.0,0.047619,0.001858,False,0.058918,0.368022,tencent
0600.HK,2026-05-08,57,23.5,23.5,22.4,22.72,22.72,645600.0,14634420.0,-0.025729,0.001758,False,0.058066,0.384282,tencent
0600.HK,2026-05-11,58,22.72,25.16,22.24,23.52,23.52,2222800.0,53242900.0,0.035211,0.000661,False,0.057995,0.362602,tencent
0600.HK,2026-05-12,59,23.52,24.28,22.5,22.6,22.6,1123000.0,25784910.0,-0.039116,0.001517,False,0.058959,0.387534,tencent
0600.HK,2026-05-13,60,22.48,23.86,21.6,23.74,23.74,1530000.0,34684700.0,0.050442,0.001454,False,0.054554,0.35664,tencent
0600.HK,2026-05-14,61,23.74,24.5,21.98,22.94,22.94,1479500.0,33704650.0,-0.033698,0.001,False,0.052205,0.37832,tencent
0600.HK,2026-05-15,62,22.94,23.3,21.12,21.5,21.5,1097900.0,23944060.0,-0.062772,0.002622,False,0.050088,0.417344,tencent
0600.HK,2026-05-18,63,21.46,22.0,20.84,21.1,21.1,402000.0,8517770.0,-0.018605,0.002184,False,0.050044,0.428184,tencent
0600.HK,2026-05-19,64,21.1,21.42,19.9,20.3,20.3,650600.0,13221210.000000002,-0.037915,0.002868,False,0.050431,0.449864,tencent
0600.HK,2026-05-20,65,19.8,21.34,19.61,20.72,20.72,384600.0,7973360.0,0.02069,0.002595,False,0.050466,0.438482,tencent
0600.HK,2026-05-21,66,21.4,21.5,19.86,19.86,19.86,493098.0,10136380.0,-0.041506,0.004095,False,0.043746,0.461789,tencent
0600.HK,2026-05-22,67,20.38,21.0,20.0,20.74,20.74,401500.0,8242440.0,0.04431,0.005376,False,0.042779,0.43794,tencent
0600.HK,2026-05-26,68,20.76,21.5,18.81,19.57,19.57,1313400.0,25921600.0,-0.056413,0.002176,False,0.043444,0.469648,tencent
0600.HK,2026-05-27,69,19.63,20.34,19.08,19.22,19.22,1149900.0,22467850.0,-0.017885,0.000796,False,0.04347,0.479133,tencent
0600.HK,2026-05-28,70,19.22,19.73,18.61,19.33,19.33,1129900.0,21712550.0,0.005723,0.000264,False,0.04293,0.476152,tencent
0600.HK,2026-05-29,71,19.34,20.1,18.4,18.4,18.4,1104800.0,20917320.0,-0.048112,0.0023,False,0.043732,0.501355,tencent
0600.HK,2026-06-01,72,18.4,18.46,17.25,17.45,17.45,1242300.0,22000380.0,-0.05163,0.002347,False,0.044711,0.5271,tencent
0600.HK,2026-06-02,73,17.45,18.09,16.28,17.56,17.56,1718400.0,29707300.0,0.006304,0.000212,False,0.036926,0.524119,tencent
0600.HK,2026-06-03,74,17.6,18.34,17.45,17.93,17.93,739900.0,13290400.0,0.021071,0.001585,False,0.037054,0.514092,tencent
0600.HK,2026-06-04,75,17.86,18.32,17.55,18.11,18.11,828000.0,14957290.0,0.010039,0.000671,False,0.037329,0.509214,tencent
0600.HK,2026-06-05,76,18.05,20.2,18.05,18.53,18.53,1204800.0,22947640.0,0.023192,0.001011,False,0.035723,0.497832,tencent
0600.HK,2026-06-08,77,18.63,18.63,16.6,17.3,17.3,844500.0,14676440.0,-0.066379,0.004523,False,0.037717,0.531165,tencent
0600.HK,2026-06-09,78,17.37,17.51,16.66,17.44,17.44,513300.0,8781200.0,0.008092,0.000922,False,0.036361,0.527371,tencent
0600.HK,2026-06-10,79,17.42,17.44,16.13,16.5,16.5,455300.0,7579400.000000001,-0.053899,0.007111,False,0.037038,0.552846,tencent
0600.HK,2026-06-11,80,16.51,16.8,15.52,16.64,16.64,458100.0,7425010.0,0.008485,0.001143,False,0.03422,0.549051,tencent
0600.HK,2026-06-12,81,17.1,17.43,16.04,16.15,16.15,499600.0,8278790.0,-0.029447,0.003557,False,0.034124,0.562331,tencent
0600.HK,2026-06-15,82,16.48,16.76,15.72,16.15,16.15,1921600.0,31184890.0,0.0,0.0,False,0.032526,0.562331,tencent
0600.HK,2026-06-16,83,16.0,16.88,15.8,16.07,16.07,2228200.0,36193830.0,-0.004954,0.000137,False,0.032561,0.564499,tencent
0600.HK,2026-06-17,84,16.09,17.68,16.09,16.55,16.55,920100.0,15502150.0,0.029869,0.001927,False,0.03335,0.551491,tencent
0600.HK,2026-06-18,85,16.57,16.57,15.21,15.56,15.56,942300.0,14816900.0,-0.059819,0.004037,False,0.034343,0.57832,tencent
0600.HK,2026-06-22,86,15.6,16.39,15.1,16.24,16.24,869800.0,13770710.0,0.043702,0.003174,False,0.035953,0.559892,tencent
0600.HK,2026-06-23,87,16.1,16.59,15.06,15.45,15.45,558900.0,8686540.0,-0.048645,0.0056,False,0.03463,0.581301,tencent
0600.HK,2026-06-24,88,15.45,15.45,14.39,14.75,14.75,679100.0,9989410.0,-0.045307,0.004536,False,0.033998,0.600271,tencent
0600.HK,2026-06-25,89,14.76,14.81,13.75,14.61,14.61,799600.0,11278710.000000002,-0.009492,0.000842,False,0.033992,0.604065,tencent
0600.HK,2026-06-26,90,13.99,14.19,12.45,12.57,12.57,933600.0,12297130.0,-0.13963,0.011355,False,0.043869,0.65935,tencent
0600.HK,2026-06-29,91,12.57,14.4,12.46,14.27,14.27,1067999.0,14681120.0,0.135243,0.009212,False,0.0554,0.613279,tencent
0600.HK,2026-06-30,92,14.27,15.69,13.89,15.35,15.35,1125900.0,16871550.0,0.075683,0.004486,False,0.057769,0.584011,tencent
0600.HK,2026-07-02,93,15.6,15.6,14.13,14.23,14.23,756100.0,11019880.0,-0.072964,0.006621,False,0.059656,0.614363,tencent
0600.HK,2026-07-03,94,14.69,15.08,14.08,14.82,14.82,486300.0,7101490.0,0.041462,0.005838,False,0.060362,0.598374,tencent
0600.HK,2026-07-06,95,14.75,14.78,13.85,14.0,14.0,460349.0,6539450.000000001,-0.055331,0.008461,False,0.061114,0.620596,tencent
0600.HK,2026-07-07,96,14.08,14.57,13.76,13.79,13.79,321500.0,4510070.0,-0.015,0.003326,False,0.060584,0.626287,tencent
0600.HK,2026-07-08,97,13.79,13.99,13.27,13.52,13.52,442600.0,6004240.0,-0.019579,0.003261,False,0.0593,0.633604,tencent
0600.HK,2026-07-09,98,13.65,14.68,13.55,14.34,14.34,756800.0,10760260.0,0.060651,0.005637,False,0.061302,0.611382,tencent
0600.HK,2026-07-10,99,14.38,14.78,13.73,14.21,14.21,791200.0,11421530.0,-0.009066,0.000794,False,0.060346,0.614905,tencent
0600.HK,2026-07-13,100,14.21,14.21,13.04,13.21,13.21,1352500.0,18564170.0,-0.070373,0.003791,False,0.061925,0.642005,tencent
0600.HK,2026-07-14,101,13.01,14.09,12.74,13.68,13.68,1730600.0,23346740.0,0.035579,0.001524,False,0.062535,0.629268,tencent
0600.HK,2026-07-15,102,13.68,14.0,13.1,13.52,13.52,1550300.0,21053400.0,-0.011696,0.000556,False,0.062527,0.633604,tencent
0600.HK,2026-07-16,103,13.52,14.48,13.21,13.51,13.51,1479600.0,20579220.0,-0.00074,3.6e-05,False,0.062541,0.633875,tencent
0600.HK,2026-07-17,104,13.51,13.51,12.41,12.54,12.54,1591800.0,20404660.0,-0.071799,0.003519,False,0.06353,0.660163,tencent
0600.HK,2026-07-20,105,12.8,12.98,11.66,11.82,11.82,1677800.0,20533480.0,-0.057416,0.002796,False,0.063437,0.679675,tencent
0600.HK,2026-07-21,106,11.85,12.98,11.7,12.26,12.26,1642500.0,20371320.0,0.037225,0.001827,False,0.063155,0.667751,tencent
0600.HK,2026-07-22,107,12.26,13.15,11.81,12.25,12.25,1779800.0,22207109.999999996,-0.000816,3.7e-05,False,0.0626,0.668022,tencent
0600.HK,2026-07-23,108,12.26,13.04,11.94,12.74,12.74,1614800.0,20380560.0,0.04,0.001963,False,0.062949,0.654743,tencent
0600.HK,2026-07-24,109,12.74,12.84,11.8,12.0,12.0,1816300.0,22066729.999999996,-0.058085,0.002632,False,0.064043,0.674797,tencent
0600.HK,2026-07-27,110,12.01,12.66,11.84,12.27,12.27,1652900.0,20277900.0,0.0225,0.00111,False,0.056272,0.66748,tencent
0600.HK,2026-07-28,111,12.27,12.41,11.09,11.16,11.16,1777000.0,20598150.0,-0.090465,0.004392,False,0.05007,0.697561,tencent
0600.HK,2026-07-29,112,11.16,11.33,10.16,10.44,10.44,1921970.0,20221790.0,-0.064516,0.00319,False,0.047015,0.717073,tencent
0600.HK,2026-07-30,113,10.44,10.5,9.6,9.85,9.85,2032200.0,20216470.0,-0.056513,0.002795,False,0.046139,0.733062,tencent
0600.HK,2026-07-31,114,10.28,11.3,10.24,10.81,10.81,1872200.0,20485720.0,0.097462,0.004758,False,0.051297,0.707046,tencent
0600.HK,2026-08-03,115,10.81,12.58,10.68,12.2,12.2,1714600.0,20710659.999999996,0.128585,0.006209,False,0.059416,0.669377,tencent
0600.HK,2026-08-04,116,12.6,12.9,12.38,12.59,12.59,1692500.0,21390710.0,0.031967,0.001494,False,0.059934,0.658808,tencent
0600.HK,2026-08-05,117,12.89,15.1,12.89,14.89,14.89,1530600.0,21789910.0,0.182685,0.008384,False,0.072674,0.596477,tencent
0600.HK,2026-08-06,118,14.9,15.37,13.71,13.96,13.96,1430400.0,20472160.0,-0.062458,0.003051,False,0.073126,0.62168,tencent
0600.HK,2026-08-07,119,13.97,14.72,13.3,14.22,14.22,1444700.0,20444090.0,0.018625,0.000911,False,0.073185,0.614634,tencent
0600.HK,2026-08-10,120,15.0,15.5,12.81,13.65,13.65,1796100.0,24128390.0,-0.040084,0.001661,False,0.071901,0.630081,tencent
0600.HK,2026-08-11,121,13.67,13.85,13.08,13.3,13.3,526600.0,7063140.0,-0.025641,0.00363,False,0.071789,0.639566,tencent
0600.HK,2026-08-12,122,13.29,14.27,13.01,13.37,13.37,664900.0,9081690.0,0.005263,0.00058,False,0.071732,0.637669,tencent
0600.HK,2026-08-13,123,13.71,14.78,13.71,14.03,14.03,1231900.0,17411150.0,0.049364,0.002835,False,0.072509,0.619783,tencent
0600.HK,2026-08-14,124,14.04,14.66,13.61,13.8,13.8,601300.0,8443770.0,-0.016393,0.001941,False,0.070479,0.626016,tencent
0600.HK,2026-08-17,125,13.81,14.9,13.8,14.68,14.68,784400.0,11368040.0,0.063768,0.005609,False,0.06985,0.602168,tencent
0600.HK,2026-08-18,126,14.58,14.85,13.76,14.69,14.69,632100.0,9006160.0,0.000681,7.6e-05,False,0.069664,0.601897,tencent
0600.HK,2026-08-19,127,15.0,15.0,13.04,13.47,13.47,763952.0,10345770.0,-0.08305,0.008027,False,0.072774,0.634959,tencent
0600.HK,2026-08-20,128,13.8,13.97,13.18,13.74,13.74,425400.0,5799440.0,0.020045,0.003456,False,0.072437,0.627642,tencent
0600.HK,2026-08-21,129,13.75,14.59,13.61,14.19,14.19,634000.0,9030300.0,0.032751,0.003627,False,0.071029,0.615447,tencent
0600.HK,2026-08-24,130,14.21,14.93,13.74,14.9,14.9,1297000.0,18673580.0,0.050035,0.002679,False,0.071534,0.596206,tencent
0600.HK,2026-08-25,131,14.6,15.75,14.25,15.6,15.6,1000900.0,15210760.0,0.04698,0.003089,False,0.067659,0.577236,tencent
0600.HK,2026-08-26,132,15.6,17.88,15.6,17.39,17.39,1628800.0,27857930.0,0.114744,0.004119,False,0.067889,0.528726,tencent
0600.HK,2026-08-27,133,17.39,18.05,16.8,17.93,17.93,621200.0,10933940.0,0.031052,0.00284,False,0.064914,0.514092,tencent
0600.HK,2026-08-28,134,18.0,18.0,17.14,17.32,17.32,492100.0,8582720.0,-0.034021,0.003964,False,0.064627,0.530623,tencent
0600.HK,2026-08-31,135,17.32,18.8,16.96,18.76,18.76,1315300.0,24035110.0,0.083141,0.003459,False,0.061546,0.491599,tencent
0600.HK,2026-09-01,136,19.0,19.01,17.73,18.35,18.35,679800.0,12524130.0,-0.021855,0.001745,False,0.062327,0.50271,tencent
0600.HK,2026-09-02,137,18.0,18.34,17.45,18.09,18.09,284200.0,5097010.0,-0.014169,0.00278,False,0.049673,0.509756,tencent
0600.HK,2026-09-03,138,18.09,18.93,18.09,18.78,18.78,303716.0,5642920.0,0.038143,0.006759,False,0.046863,0.491057,tencent
0600.HK,2026-09-04,139,18.77,20.1,18.77,19.44,19.44,2911900.0,56465510.00000001,0.035144,0.000622,False,0.047058,0.473171,tencent
0600.HK,2026-09-07,140,20.8,20.8,16.53,17.01,17.01,3274700.0,57839680.0,-0.125,0.002161,False,0.055528,0.539024,tencent
0600.HK,2026-09-08,141,17.5,17.5,15.92,16.0,16.0,1944100.0,31399960.0,-0.059377,0.001891,False,0.057235,0.566396,tencent
0600.HK,2026-09-09,142,16.0,19.4,16.0,17.38,17.38,4779800.0,85554130.0,0.08625,0.001008,False,0.059633,0.528997,tencent
0600.HK,2026-09-10,143,17.38,18.06,16.2,16.5,16.5,2196027.0,36671280.0,-0.050633,0.001381,False,0.060773,0.552846,tencent
0600.HK,2026-09-11,144,16.08,18.17,16.08,17.98,17.98,2655273.0,46227890.0,0.089697,0.00194,False,0.062948,0.512737,tencent
0600.HK,2026-09-14,145,18.25,18.55,17.01,17.1,17.1,1295200.0,22869860.0,-0.048943,0.00214,False,0.063416,0.536585,tencent
0600.HK,2026-09-15,146,17.93,18.19,16.5,17.34,17.34,1804900.0,31583880.0,0.014035,0.000444,False,0.063388,0.530081,tencent
0600.HK,2026-09-16,147,17.83,19.48,17.36,19.13,19.13,3197500.0,60485170.0,0.10323,0.001707,False,0.062638,0.481572,tencent
0600.HK,2026-09-17,148,19.15,19.94,18.68,19.16,19.16,1997600.0,38641120.0,0.001568,4.1e-05,False,0.062767,0.480759,tencent
0600.HK,2026-09-18,149,19.48,22.9,19.48,22.34,22.34,4589800.0,99715620.0,0.165971,0.001664,False,0.070887,0.39458,tencent
0600.HK,2026-09-21,150,22.88,23.48,21.12,22.28,22.28,2564200.0,56200490.0,-0.002686,4.8e-05,False,0.070899,0.396206,tencent
0600.HK,2026-09-22,151,23.28,24.6,22.32,22.84,22.84,2743800.0,64227800.0,0.025135,0.000391,False,0.070673,0.38103,tencent
2720.HK,2026-02-10,1,24.02,29.4,21.5,24.78,24.78,6228020.0,147957400.0,1.022857,0.006913,False,,0.157143,tencent
2720.HK,2026-02-11,2,24.82,39.5,24.82,38.0,38.0,2659114.0,90783300.0,0.533495,0.005877,False,,0.037975,tencent
2720.HK,2026-02-12,3,39.0,39.0,27.0,28.52,28.52,1103400.0,34967300.0,-0.249474,0.007134,False,,0.277975,tencent
2720.HK,2026-02-13,4,28.12,28.12,24.5,25.1,25.1,481400.0,12196400.000000002,-0.119916,0.009832,False,,0.364557,tencent
2720.HK,2026-02-16,5,24.0,30.72,24.0,30.04,30.04,320400.0,9042800.0,0.196813,0.021765,False,0.515567,0.239494,tencent
2720.HK,2026-02-20,6,30.0,30.0,26.0,27.5,27.5,241100.0,6664600.0,-0.084554,0.012687,False,0.484154,0.303797,tencent
2720.HK,2026-02-23,7,27.6,30.16,27.02,27.6,27.6,171500.0,4853200.0,0.003636,0.000749,False,0.449236,0.301266,tencent
2720.HK,2026-02-24,8,27.54,27.98,26.56,27.5,27.5,42500.0,1154200.0,-0.003623,0.003139,False,0.421287,0.303797,tencent
2720.HK,2026-02-25,9,26.6,26.86,26.0,26.2,26.2,62000.0,1640900.0,-0.047273,0.028809,False,0.400228,0.336709,tencent
2720.HK,2026-02-26,10,26.2,26.7,24.8,26.7,26.7,119000.0,3018399.9999999995,0.019084,0.006323,False,0.379243,0.324051,tencent
2720.HK,2026-02-27,11,25.02,25.96,25.0,25.02,25.02,53700.0,1357600.0,-0.062921,0.046347,False,0.364315,0.366582,tencent
2720.HK,2026-03-02,12,25.02,25.4,23.52,25.0,25.0,131200.0,3228000.0,-0.000799,0.000248,False,0.348825,0.367089,tencent
2720.HK,2026-03-03,13,25.0,26.0,24.7,24.7,24.7,41500.0,1032600.0,-0.012,0.011621,False,0.335432,0.374684,tencent
2720.HK,2026-03-04,14,24.7,25.0,23.8,25.0,25.0,59000.0,1445600.0,0.012146,0.008402,False,0.322978,0.367089,tencent
2720.HK,2026-03-05,15,25.22,25.22,24.02,24.98,24.98,19500.0,480600.0,-0.0008,0.001665,False,0.31204,0.367595,tencent
2720.HK,2026-03-06,16,24.54,24.98,23.62,24.02,24.02,41500.0,1002099.9999999999,-0.038431,0.03835,False,0.30292,0.391899,tencent
2720.HK,2026-03-09,17,24.04,24.62,23.82,24.6,24.6,31000.0,748400.0,0.024147,0.032264,False,0.293541,0.377215,tencent
2720.HK,2026-03-10,18,24.1,25.0,24.04,24.36,24.36,70900.0,1728100.0,-0.009756,0.005646,False,0.285398,0.383291,tencent
2720.HK,2026-03-11,19,24.36,26.5,24.3,25.5,25.5,77500.0,1945900.0,0.046798,0.02405,False,0.277391,0.35443,tencent
2720.HK,2026-03-12,20,24.84,28.2,24.84,26.9,26.9,142500.0,3695800.0,0.054902,0.014855,False,0.270002,0.318987,tencent
2720.HK,2026-03-13,21,26.9,27.8,26.04,26.7,26.7,73000.0,1919199.9999999998,-0.007435,0.003874,False,0.148356,0.324051,tencent
2720.HK,2026-03-16,22,26.7,27.0,25.52,26.0,26.0,87500.0,2296000.0,-0.026217,0.011419,False,0.083606,0.341772,tencent
2720.HK,2026-03-17,23,25.96,26.5,25.52,26.5,26.5,73500.0,1897000.0,0.019231,0.010137,False,0.063056,0.329114,tencent
2720.HK,2026-03-18,24,26.52,27.92,26.52,27.22,27.22,75000.0,2043400.0,0.02717,0.013296,False,0.056831,0.310886,tencent
2720.HK,2026-03-19,25,26.54,28.52,26.54,28.3,28.3,91000.0,2513100.0,0.039677,0.015788,False,0.036056,0.283544,tencent
2720.HK,2026-03-20,26,28.84,28.84,26.88,27.62,27.62,68000.0,1895800.0000000002,-0.024028,0.012674,False,0.030975,0.300759,tencent
2720.HK,2026-03-23,27,27.14,28.18,26.6,27.22,27.22,67400.0,1836300.0,-0.014482,0.007887,False,0.031148,0.310886,tencent
2720.HK,2026-03-24,28,26.06,26.98,26.02,26.04,26.04,79000.0,2076300.0,-0.04335,0.020879,False,0.032609,0.340759,tencent
2720.HK,2026-03-25,29,26.84,28.16,26.5,27.02,27.02,70500.0,1903000.0,0.037634,0.019776,False,0.031955,0.315949,tencent
2720.HK,2026-03-26,30,27.48,28.9,25.5,25.6,25.6,88700.0,2437600.0,-0.052554,0.02156,False,0.033898,0.351899,tencent
2720.HK,2026-03-27,31,26.48,27.98,25.8,27.28,27.28,106000.0,2814300.0,0.065625,0.023318,False,0.033837,0.309367,tencent
2720.HK,2026-03-30,32,26.5,26.5,24.9,25.22,25.22,18500.0,473200.0,-0.075513,0.15958,False,0.038323,0.361519,tencent
2720.HK,2026-03-31,33,25.0,26.04,24.02,25.2,25.2,39000.0,975100.0,-0.000793,0.000813,False,0.038202,0.362025,tencent
2720.HK,2026-04-01,34,25.22,26.9,25.22,25.58,25.58,74000.0,1905500.0,0.015079,0.007914,False,0.03825,0.352405,tencent
2720.HK,2026-04-02,35,25.6,26.42,25.0,25.3,25.3,77500.0,1984400.0,-0.010946,0.005516,False,0.038354,0.359494,tencent
2720.HK,2026-04-08,36,26.38,27.0,24.6,25.06,25.06,94000.0,2438000.0,-0.009486,0.003891,False,0.037306,0.36557,tencent
2720.HK,2026-04-09,37,25.9,26.86,25.08,26.32,26.32,76000.0,1958500.0,0.050279,0.025672,False,0.038531,0.333671,tencent
2720.HK,2026-04-10,38,25.82,26.52,25.8,26.42,26.42,27000.0,705300.0,0.003799,0.005387,False,0.038394,0.331139,tencent
2720.HK,2026-04-13,39,25.8,26.78,25.58,26.0,26.0,8500.0,220900.0,-0.015897,0.071965,False,0.037327,0.341772,tencent
2720.HK,2026-04-14,40,25.9,26.5,25.3,26.3,26.3,81500.0,2111100.0,0.011538,0.005466,False,0.035272,0.334177,tencent
2720.HK,2026-04-15,41,25.6,25.98,25.6,25.62,25.62,5500.0,142000.0,-0.025856,0.182081,False,0.0357,0.351392,tencent
2720.HK,2026-04-16,42,25.2,25.98,25.2,25.46,25.46,69500.0,1785000.0,-0.006245,0.003499,False,0.035247,0.355443,tencent
2720.HK,2026-04-17,43,25.54,25.64,25.54,25.56,25.56,11000.0,281200.0,0.003928,0.013968,False,0.034963,0.352911,tencent
2720.HK,2026-04-20,44,25.56,25.56,24.98,25.02,25.02,22500.0,566300.0,-0.021127,0.037307,False,0.034564,0.366582,tencent
2720.HK,2026-04-21,45,25.0,27.0,25.0,25.78,25.78,68500.0,1773200.0,0.030376,0.01713,False,0.034009,0.347342,tencent
2720.HK,2026-04-22,46,25.3,26.0,25.26,25.36,25.36,6500.0,166800.0,-0.016292,0.097672,False,0.033814,0.357975,tencent
2720.HK,2026-04-23,47,25.26,25.52,25.04,25.04,25.04,79500.0,2013800.0,-0.012618,0.006266,False,0.033785,0.366076,tencent
2720.HK,2026-04-24,48,25.22,25.22,24.74,24.8,24.8,17000.0,425100.0,-0.009585,0.022547,False,0.032515,0.372152,tencent
2720.HK,2026-04-27,49,24.92,25.28,24.52,24.9,24.9,73500.0,1823200.0,0.004032,0.002212,False,0.031204,0.36962,tencent
2720.HK,2026-04-28,50,24.52,25.16,24.52,24.9,24.9,67000.0,1668600.0000000002,0.0,0.0,False,0.029001,0.36962,tencent
2720.HK,2026-04-29,51,25.06,25.3,24.52,24.52,24.52,68600.0,1724300.0,-0.015261,0.008851,False,0.024516,0.379241,tencent
2720.HK,2026-04-30,52,24.98,24.98,24.68,24.8,24.8,6000.0,149000.0,0.011419,0.076639,False,0.018274,0.372152,tencent
2720.HK,2026-05-04,53,24.8,25.2,24.52,24.52,24.52,76000.0,1893400.0,-0.01129,0.005963,False,0.018427,0.379241,tencent
2720.HK,2026-05-05,54,25.1,25.22,24.6,25.06,25.06,65000.0,1618899.9999999998,0.022023,0.013604,False,0.018812,0.36557,tencent
2720.HK,2026-05-06,55,24.86,25.3,24.86,25.26,25.26,6000.0,151100.0,0.007981,0.052818,False,0.018754,0.360506,tencent
2720.HK,2026-05-07,56,24.9,25.3,24.76,25.14,25.14,70500.0,1764500.0,-0.004751,0.002692,False,0.018656,0.363544,tencent
2720.HK,2026-05-08,57,25.0,25.0,24.88,24.92,24.92,6000.0,149500.0,-0.008751,0.058535,False,0.014556,0.369114,tencent
2720.HK,2026-05-11,58,24.9,24.9,24.24,24.6,24.6,70500.0,1718300.0000000002,-0.012841,0.007473,False,0.014644,0.377215,tencent
2720.HK,2026-05-12,59,25.0,25.1,24.14,24.14,24.14,72000.0,1765500.0,-0.018699,0.010591,False,0.014782,0.388861,tencent
2720.HK,2026-05-13,60,24.02,24.38,24.0,24.38,24.38,18000.0,433700.0,0.009942,0.022924,False,0.0147,0.382785,tencent
2720.HK,2026-05-14,61,24.1,25.54,24.08,24.3,24.3,75500.0,1849100.0,-0.003281,0.001775,False,0.013743,0.38481,tencent
2720.HK,2026-05-15,62,24.6,24.6,23.42,24.04,24.04,16500.0,393400.00000000006,-0.0107,0.027198,False,0.013842,0.391392,tencent
2720.HK,2026-05-18,63,23.32,24.4,23.02,24.36,24.36,69500.0,1664199.9999999998,0.013311,0.007999,False,0.014235,0.383291,tencent
2720.HK,2026-05-19,64,24.3,24.6,23.6,24.6,24.6,69500.0,1673800.0,0.009852,0.005886,False,0.013756,0.377215,tencent
2720.HK,2026-05-20,65,23.5,23.7,23.5,23.58,23.58,11000.0,260000.0,-0.041463,0.159475,False,0.014555,0.403038,tencent
2720.HK,2026-05-21,66,23.2,23.66,23.2,23.48,23.48,8000.0,187800.0,-0.004241,0.022582,False,0.014282,0.40557,tencent
2720.HK,2026-05-22,67,23.2,24.14,23.0,24.14,24.14,22500.0,521500.0,0.028109,0.0539,False,0.015776,0.388861,tencent
2720.HK,2026-05-26,68,22.1,22.86,22.1,22.38,22.38,70500.0,1589900.0,-0.072908,0.045857,False,0.022402,0.433418,tencent
2720.HK,2026-05-27,69,22.4,23.12,22.4,22.58,22.58,9500.0,216100.0,0.008937,0.041354,False,0.022531,0.428354,tencent
2720.HK,2026-05-28,70,22.4,22.74,22.4,22.4,22.4,67500.0,1514400.0,-0.007972,0.005264,False,0.022515,0.432911,tencent
2720.HK,2026-05-29,71,22.4,22.7,22.36,22.5,22.5,5500.0,123500.0,0.004464,0.036148,False,0.022476,0.43038,tencent
2720.HK,2026-06-01,72,22.1,22.52,21.2,21.86,21.86,74000.0,1618800.0,-0.028444,0.017571,False,0.022798,0.446582,tencent
2720.HK,2026-06-02,73,22.0,22.2,21.02,21.7,21.7,72500.0,1555800.0000000002,-0.007319,0.004705,False,0.022767,0.450633,tencent
2720.HK,2026-06-03,74,22.06,22.06,21.4,21.5,21.5,10500.0,226400.0,-0.009217,0.040709,False,0.021806,0.455696,tencent
2720.HK,2026-06-04,75,21.1,22.1,21.1,21.44,21.44,71000.0,1530800.0000000002,-0.002791,0.001823,False,0.021537,0.457215,tencent
2720.HK,2026-06-05,76,22.34,22.34,21.42,21.56,21.56,6500.0,140700.0,0.005597,0.03978,False,0.021741,0.454177,tencent
2720.HK,2026-06-08,77,21.3,22.26,21.3,22.0,22.0,68000.0,1469000.0,0.020408,0.013893,False,0.022608,0.443038,tencent
2720.HK,2026-06-09,78,21.6,22.32,21.6,21.76,21.76,65500.0,1433100.0,-0.010909,0.007612,False,0.022581,0.449114,tencent
2720.HK,2026-06-10,79,21.76,21.76,19.0,20.7,20.7,25000.0,515500.0,-0.048713,0.094497,False,0.024403,0.475949,tencent
2720.HK,2026-06-11,80,20.22,21.5,20.0,20.4,20.4,74000.0,1497800.0,-0.014493,0.009676,False,0.0241,0.483544,tencent
2720.HK,2026-06-12,81,20.4,20.4,19.5,20.18,20.18,12500.0,247300.0,-0.010784,0.043608,False,0.024072,0.489114,tencent
2720.HK,2026-06-15,82,19.6,20.12,19.6,20.12,20.12,66000.0,1300800.0000000002,-0.002973,0.002286,False,0.024104,0.490633,tencent
2720.HK,2026-06-16,83,19.6,20.72,19.59,19.98,19.98,67000.0,1336200.0,-0.006958,0.005207,False,0.023556,0.494177,tencent
2720.HK,2026-06-17,84,19.9,20.0,19.9,19.95,19.95,3500.0,69800.0,-0.001502,0.021511,False,0.023196,0.494937,tencent
2720.HK,2026-06-18,85,19.9,20.32,19.84,20.32,20.32,67500.0,1341699.9999999998,0.018546,0.013823,False,0.022812,0.48557,tencent
2720.HK,2026-06-22,86,19.9,20.5,19.86,19.92,19.92,67000.0,1343400.0,-0.019685,0.014653,False,0.022969,0.495696,tencent
2720.HK,2026-06-23,87,20.0,20.02,19.99,20.0,20.0,3500.0,70000.0,0.004016,0.057372,False,0.021568,0.493671,tencent
2720.HK,2026-06-24,88,19.98,20.32,19.92,19.92,19.92,67000.0,1339400.0,-0.004,0.002986,False,0.015493,0.495696,tencent
2720.HK,2026-06-25,89,20.5,20.82,19.9,19.9,19.9,10000.0,201300.0,-0.001004,0.004988,False,0.015155,0.496203,tencent
2720.HK,2026-06-26,90,19.92,20.32,19.91,19.92,19.92,6000.0,120100.0,0.001005,0.008368,False,0.015232,0.495696,tencent
2720.HK,2026-06-29,91,19.9,19.9,19.2,19.2,19.2,69500.0,1345700.0,-0.036145,0.026859,False,0.016458,0.513924,tencent
2720.HK,2026-06-30,92,19.2,19.59,19.0,19.0,19.0,7500.0,144000.0,-0.010417,0.072338,False,0.015744,0.518987,tencent
2720.HK,2026-07-02,93,19.03,19.58,18.9,19.0,19.0,73000.0,1391900.0,0.0,0.0,False,0.015818,0.518987,tencent
2720.HK,2026-07-03,94,18.55,18.99,18.42,18.99,18.99,70500.0,1307700.0,-0.000526,0.000402,False,0.015858,0.519241,tencent
2720.HK,2026-07-06,95,18.72,18.94,18.71,18.82,18.82,5500.0,103500.0,-0.008952,0.086494,False,0.015851,0.523544,tencent
2720.HK,2026-07-07,96,18.81,19.44,18.81,18.88,18.88,69000.0,1302800.0,0.003188,0.002447,False,0.015764,0.522025,tencent
2720.HK,2026-07-08,97,18.86,20.0,18.86,19.0,19.0,66000.0,1247600.0,0.006356,0.005095,False,0.014785,0.518987,tencent
2720.HK,2026-07-09,98,18.96,19.46,18.72,19.01,19.01,17500.0,331400.0,0.000526,0.001588,False,0.014855,0.518734,tencent
2720.HK,2026-07-10,99,18.9,20.18,18.9,19.93,19.93,68020.0,1333700.0,0.048396,0.036287,False,0.016185,0.495443,tencent
2720.HK,2026-07-13,100,20.0,20.0,19.4,19.4,19.4,7000.0,137300.0,-0.026593,0.193686,False,0.016896,0.508861,tencent
2720.HK,2026-07-14,101,19.01,20.06,19.01,20.0,20.0,66500.0,1296600.0,0.030928,0.023853,False,0.018318,0.493671,tencent
2720.HK,2026-07-15,102,19.51,19.86,19.51,19.86,19.86,9000.0,178500.0,-0.007,0.039216,False,0.018371,0.497215,tencent
2720.HK,2026-07-16,103,19.84,20.46,19.83,20.18,20.18,69000.0,1392000.0,0.016113,0.011575,False,0.018666,0.489114,tencent
2720.HK,2026-07-17,104,20.3,21.66,20.3,20.52,20.52,6000.0,123600.0,0.016848,0.136314,False,0.019002,0.480506,tencent
2720.HK,2026-07-20,105,20.12,21.48,20.12,21.48,21.48,66500.0,1365800.0000000002,0.046784,0.034254,False,0.021245,0.456203,tencent
2720.HK,2026-07-21,106,22.0,22.38,21.5,21.7,21.7,5500.0,120700.0,0.010242,0.084856,False,0.020608,0.450633,tencent
2720.HK,2026-07-22,107,21.4,21.84,21.4,21.64,21.64,66500.0,1440700.0,-0.002765,0.001919,False,0.020672,0.452152,tencent
2720.HK,2026-07-23,108,21.4,21.98,21.4,21.8,21.8,5500.0,119200.0,0.007394,0.062028,False,0.020593,0.448101,tencent
2720.HK,2026-07-24,109,21.64,22.06,21.6,21.62,21.62,76000.0,1645400.0,-0.008257,0.005018,False,0.020762,0.452658,tencent
2720.HK,2026-07-27,110,21.02,22.98,21.02,22.66,22.66,70000.0,1539199.9999999998,0.048104,0.031252,False,0.022921,0.426329,tencent
2720.HK,2026-07-28,111,22.02,23.16,22.02,22.94,22.94,7000.0,157600.0,0.012357,0.078405,False,0.020596,0.419241,tencent
2720.HK,2026-07-29,112,22.26,22.8,22.26,22.5,22.5,5500.0,123800.00000000001,-0.01918,0.154931,False,0.02112,0.43038,tencent
2720.HK,2026-07-30,113,22.3,23.2,22.28,23.2,23.2,67000.0,1516399.9999999998,0.031111,0.020516,False,0.021586,0.412658,tencent
2720.HK,2026-07-31,114,23.08,23.8,23.0,23.8,23.8,7000.0,163500.0,0.025862,0.158178,False,0.021699,0.397468,tencent
2720.HK,2026-08-03,115,23.04,25.08,23.02,24.52,24.52,71000.0,1723400.0,0.030252,0.017554,False,0.021517,0.379241,tencent
2720.HK,2026-08-04,116,24.52,26.0,24.52,25.02,25.02,66500.0,1686399.9999999998,0.020392,0.012092,False,0.021426,0.366582,tencent
2720.HK,2026-08-05,117,25.02,26.08,25.0,25.0,25.0,43000.0,1093000.0,-0.000799,0.000731,False,0.021626,0.367089,tencent
2720.HK,2026-08-06,118,25.46,25.46,24.5,24.9,24.9,67500.0,1685200.0,-0.004,0.002374,False,0.021797,0.36962,tencent
2720.HK,2026-08-07,119,24.5,25.52,24.0,24.12,24.12,71000.0,1756200.0,-0.031325,0.017837,False,0.02242,0.389367,tencent
2720.HK,2026-08-10,120,24.02,24.14,24.0,24.14,24.14,7000.0,168400.0,0.000829,0.004924,False,0.02086,0.388861,tencent
2720.HK,2026-08-11,121,24.0,24.88,24.0,24.84,24.84,66000.0,1600900.0,0.028998,0.018113,False,0.020768,0.371139,tencent
2720.HK,2026-08-12,122,24.0,24.1,24.0,24.04,24.04,3500.0,84200.0,-0.032206,0.382495,False,0.022608,0.391392,tencent
2720.HK,2026-08-13,123,24.0,24.34,24.0,24.3,24.3,69500.0,1681100.0000000002,0.010815,0.006433,False,0.022561,0.38481,tencent
2720.HK,2026-08-14,124,24.0,24.56,24.0,24.0,24.0,6500.0,157500.0,-0.012346,0.078385,False,0.023006,0.392405,tencent
2720.HK,2026-08-17,125,23.74,25.1,23.1,23.42,23.42,67000.0,1586699.9999999998,-0.024167,0.015231,False,0.022185,0.407089,tencent
2720.HK,2026-08-18,126,23.4,25.0,22.5,22.5,22.5,69000.0,1620300.0,-0.039283,0.024244,False,0.024191,0.43038,tencent
2720.HK,2026-08-19,127,23.0,23.66,23.0,23.66,23.66,9000.0,209700.0,0.051556,0.245854,False,0.026551,0.401013,tencent
2720.HK,2026-08-20,128,23.1,23.5,23.1,23.46,23.46,6500.0,151600.0,-0.008453,0.055759,False,0.026706,0.406076,tencent
2720.HK,2026-08-21,129,23.02,23.54,23.02,23.36,23.36,65500.0,1516600.0,-0.004263,0.002811,False,0.026624,0.408608,tencent
2720.HK,2026-08-24,130,21.2,24.98,21.2,24.0,24.0,75000.0,1737800.0,0.027397,0.015765,False,0.025192,0.392405,tencent
2720.HK,2026-08-25,131,23.7,25.4,23.64,24.72,24.72,72500.0,1746600.0,0.03,0.017176,False,0.025831,0.374177,tencent
2720.HK,2026-08-26,132,24.3,25.0,24.24,24.72,24.72,17500.0,434200.0,0.0,0.0,False,0.025273,0.374177,tencent
2720.HK,2026-08-27,133,24.2,25.2,24.2,24.6,24.6,12500.0,309100.0,-0.004854,0.015705,False,0.024589,0.377215,tencent
2720.HK,2026-08-28,134,24.0,24.9,23.96,24.2,24.2,16000.0,386900.0,-0.01626,0.042027,False,0.02435,0.387342,tencent
2720.HK,2026-08-31,135,24.0,27.64,23.9,25.0,25.0,22000.0,540200.0,0.033058,0.061196,False,0.024534,0.367089,tencent
2720.HK,2026-09-01,136,24.0,25.4,24.0,24.92,24.92,67000.0,1663600.0000000002,-0.0032,0.001924,False,0.024129,0.369114,tencent
2720.HK,2026-09-02,137,24.0,25.46,24.0,25.0,25.0,65500.0,1642100.0,0.00321,0.001955,False,0.024138,0.367089,tencent
2720.HK,2026-09-03,138,24.8,26.62,24.1,25.08,25.08,71000.0,1800300.0,0.0032,0.001777,False,0.024125,0.365063,tencent
2720.HK,2026-09-04,139,25.1,26.02,25.1,25.72,25.72,14000.0,359300.0,0.025518,0.071022,False,0.023502,0.348861,tencent
2720.HK,2026-09-07,140,26.0,27.08,25.9,27.0,27.0,72000.0,1914500.0,0.049767,0.025995,False,0.02566,0.316456,tencent
2720.HK,2026-09-08,141,26.9,28.4,26.74,28.12,28.12,78000.0,2131800.0,0.041481,0.019458,False,0.026392,0.288101,tencent
2720.HK,2026-09-09,142,28.2,29.04,27.36,27.62,27.62,67000.0,1851000.0,-0.017781,0.009606,False,0.025458,0.300759,tencent
2720.HK,2026-09-10,143,27.34,28.74,27.34,27.66,27.66,72000.0,2019500.0,0.001448,0.000717,False,0.025476,0.299747,tencent
2720.HK,2026-09-11,144,27.34,28.74,27.34,27.78,27.78,67500.0,1879700.0,0.004338,0.002308,False,0.025086,0.296709,tencent
2720.HK,2026-09-14,145,27.4,28.4,27.4,27.74,27.74,15000.0,419600.0,-0.00144,0.003432,False,0.024063,0.297722,tencent
2720.HK,2026-09-15,146,27.8,28.6,27.68,27.74,27.74,66000.0,1842400.0,0.0,0.0,False,0.021389,0.297722,tencent
2720.HK,2026-09-16,147,27.46,28.4,27.46,28.4,28.4,9500.0,263400.0,0.023792,0.090328,False,0.01941,0.281013,tencent
2720.HK,2026-09-17,148,27.5,27.8,27.5,27.62,27.62,7500.0,206800.0,-0.027465,0.132808,False,0.020747,0.300759,tencent
2720.HK,2026-09-18,149,27.44,27.7,27.44,27.58,27.58,4500.0,124100.0,-0.001448,0.01167,False,0.020666,0.301772,tencent
2720.HK,2026-09-21,150,27.46,27.5,26.48,26.98,26.98,8500.0,229200.00000000003,-0.021755,0.094917,False,0.02122,0.316962,tencent
2720.HK,2026-09-22,151,26.5,26.52,25.42,25.7,25.7,65500.0,1707200.0,-0.047443,0.02779,False,0.023562,0.349367,tencent
0470.HK,2026-02-11,1,45.931,46.211,44.711,45.471,45.471,26371151.0,1215061730.0,-0.007183,6e-06,False,,0.016014,tencent
0470.HK,2026-02-12,2,44.671,45.271,42.171,43.471,43.471,8454560.0,367227910.0,-0.043984,0.00012,False,,0.059293,tencent
0470.HK,2026-02-13,3,43.031,45.371,42.951,45.071,45.071,3634500.0,163370300.0,0.036806,0.000225,False,,0.024669,tencent
0470.HK,2026-02-16,4,45.171,46.571,43.671,45.671,45.671,1699300.0,78217260.0,0.013312,0.00017,False,,0.019325,tencent
0470.HK,2026-02-20,5,45.971,46.051,43.871,45.191,45.191,1604500.0,72710670.0,-0.01051,0.000145,False,0.030008,0.029632,tencent
0470.HK,2026-02-23,6,45.371,45.851,44.771,45.751,45.751,1237300.0,56567890.0,0.012392,0.000219,False,0.027503,0.017608,tencent
0470.HK,2026-02-24,7,45.471,45.471,44.331,45.451,45.451,1925000.0,87110250.0,-0.006557,7.5e-05,False,0.025234,0.024049,tencent
0470.HK,2026-02-25,8,45.451,45.831,44.711,45.471,45.471,1383200.0,63269840.00000001,0.00044,7e-06,False,0.023366,0.02362,tencent
0470.HK,2026-02-26,9,45.451,46.011,45.171,45.471,45.471,1358978.0,62450739.99999999,0.0,0.0,False,0.021858,0.02362,tencent
0470.HK,2026-02-27,10,45.471,45.611,44.191,45.471,45.471,971900.0,43940700.0,0.0,0.0,False,0.020609,0.02362,tencent
0470.HK,2026-03-02,11,45.471,45.471,42.791,44.251,44.251,1558700.0,68803850.0,-0.02683,0.00039,False,0.021098,0.049816,tencent
0470.HK,2026-03-03,12,44.171,44.491,39.671,41.671,41.671,1756887.0,73362330.0,-0.058304,0.000795,False,0.025696,0.105216,tencent
0470.HK,2026-03-04,13,39.571,40.271,37.771,37.991,37.991,1843900.0,71560290.0,-0.088311,0.001234,False,0.033274,0.184235,tencent
0470.HK,2026-03-05,14,38.371,40.471,38.371,40.331,40.331,1355077.0,54377670.0,0.061594,0.001133,False,0.037782,0.133989,tencent
0470.HK,2026-03-06,15,39.771,40.971,39.671,39.971,39.971,711500.0,28785400.0,-0.008926,0.00031,False,0.036408,0.141719,tencent
0470.HK,2026-03-09,16,39.671,39.951,36.731,39.951,39.951,2865200.0,111031389.99999999,-0.0005,5e-06,False,0.035229,0.142149,tencent
0470.HK,2026-03-10,17,41.351,43.371,40.731,41.171,41.171,1194000.0,50355480.0,0.030537,0.000606,False,0.035362,0.115952,tencent
0470.HK,2026-03-11,18,41.671,44.971,41.331,43.071,43.071,3023600.0,132230410.0,0.046149,0.000349,False,0.036414,0.075154,tencent
0470.HK,2026-03-12,19,43.071,45.671,43.071,45.291,45.291,2965900.0,132754470.0,0.051543,0.000388,False,0.037517,0.027485,tencent
0470.HK,2026-03-13,20,45.291,46.131,44.171,45.391,45.391,2189006.0,99788450.0,0.002208,2.2e-05,False,0.03652,0.025338,tencent
0470.HK,2026-03-16,21,45.391,45.671,42.891,43.331,43.331,1485600.0,65585500.0,-0.045383,0.000692,False,0.037899,0.069571,tencent
0470.HK,2026-03-17,22,43.331,44.851,41.331,41.331,41.331,1253400.0,54080610.0,-0.046156,0.000853,False,0.038029,0.112516,tencent
0470.HK,2026-03-18,23,41.331,42.871,41.331,41.911,41.911,718900.0,30526420.0,0.014033,0.00046,False,0.037142,0.100062,tencent
0470.HK,2026-03-19,24,40.511,42.691,40.491,41.971,41.971,901018.0,37833020.0,0.001432,3.8e-05,False,0.036963,0.098774,tencent
0470.HK,2026-03-20,25,41.971,44.451,41.491,42.091,42.091,1254600.0,54477790.00000001,0.002859,5.2e-05,False,0.036951,0.096197,tencent
0470.HK,2026-03-23,26,42.251,43.271,40.371,41.171,41.171,1307200.0,54437620.0,-0.021857,0.000402,False,0.036999,0.115952,tencent
0470.HK,2026-03-24,27,42.171,42.771,40.791,42.171,42.171,853900.0,35900030.0,0.024289,0.000677,False,0.037552,0.094479,tencent
0470.HK,2026-03-25,28,42.171,44.111,42.171,43.271,43.271,1586900.0,69747300.0,0.026084,0.000374,False,0.038112,0.07086,tencent
0470.HK,2026-03-26,29,42.731,45.591,41.471,42.411,42.411,1773100.0,78159010.0,-0.019875,0.000254,False,0.038322,0.089326,tencent
0470.HK,2026-03-27,30,42.411,44.531,41.811,44.411,44.411,1416000.0,62460220.0,0.047158,0.000755,False,0.039918,0.046381,tencent
0470.HK,2026-03-30,31,43.671,44.491,41.991,44.271,44.271,1122400.0,48821250.0,-0.003152,6.5e-05,False,0.039442,0.049387,tencent
0470.HK,2026-03-31,32,44.671,45.271,40.471,40.991,40.991,1421800.0,60280959.99999999,-0.074089,0.001229,False,0.04082,0.119817,tencent
0470.HK,2026-04-01,33,41.951,42.591,41.591,41.911,41.911,988300.0,41978830.0,0.022444,0.000535,False,0.035359,0.100062,tencent
0470.HK,2026-04-02,34,41.951,42.651,40.911,42.071,42.071,749100.0,31578270.000000004,0.003818,0.000121,False,0.032805,0.096627,tencent
0470.HK,2026-04-08,35,44.171,48.151,42.071,47.371,47.371,4041218.0,188548200.0,0.125978,0.000668,False,0.042685,0.016199,tencent
0470.HK,2026-04-09,36,47.371,48.051,44.671,47.371,47.371,1541396.0,73049300.0,0.0,0.0,False,0.042679,0.016199,tencent
0470.HK,2026-04-10,37,47.891,49.511,46.151,47.751,47.751,2336800.0,113295170.0,0.008022,7.1e-05,False,0.042388,0.035548,tencent
0470.HK,2026-04-13,38,48.231,48.331,47.111,47.771,47.771,1275600.0,61217180.0,0.000419,7e-06,False,0.041461,0.035144,tencent
0470.HK,2026-04-14,39,47.771,49.371,46.311,49.271,49.271,2277600.0,110008720.0,0.0314,0.000285,False,0.04053,0.004847,tencent
0470.HK,2026-04-15,40,49.271,50.621,48.191,48.511,48.511,1083800.0,53951160.0,-0.015425,0.000286,False,0.040785,0.041682,tencent
0470.HK,2026-04-16,41,48.671,52.171,48.671,50.671,50.671,2142600.0,109934020.0,0.044526,0.000405,False,0.039991,0.028752,tencent
0470.HK,2026-04-17,42,50.671,52.171,49.671,51.271,51.271,2688700.0,138401290.0,0.011841,8.6e-05,False,0.037857,0.017251,tencent
0470.HK,2026-04-20,43,52.171,54.671,51.771,52.971,52.971,2678892.0,143919690.0,0.033157,0.00023,False,0.038165,0.031095,tencent
0470.HK,2026-04-21,44,52.971,60.921,52.571,56.371,56.371,7462056.0,430052900.0,0.064186,0.000149,False,0.039758,0.074687,tencent
0470.HK,2026-04-22,45,56.371,59.171,55.221,57.621,57.621,3867554.0,225103880.0,0.022175,9.9e-05,False,0.039667,0.054169,tencent
0470.HK,2026-04-23,46,58.621,59.071,56.221,57.571,57.571,2244809.0,130220350.0,-0.000868,7e-06,False,0.038867,0.054989,tencent
0470.HK,2026-04-24,47,58.421,58.421,54.671,56.821,56.821,2284342.0,129398510.0,-0.013027,0.000101,False,0.039421,0.0673,tencent
0470.HK,2026-04-27,48,56.821,59.271,55.921,57.671,57.671,1319414.0,76878330.0,0.014959,0.000195,False,0.039345,0.053348,tencent
0470.HK,2026-04-28,49,57.721,58.621,56.171,57.271,57.271,1267722.0,73081140.0,-0.006936,9.5e-05,False,0.038842,0.059914,tencent
0470.HK,2026-04-29,50,51.871,59.171,51.871,56.221,56.221,3265744.0,182676500.0,-0.018334,0.0001,False,0.038822,0.077149,tencent
0470.HK,2026-04-30,51,55.671,59.621,55.671,59.071,59.071,2942736.0,174159400.0,0.050693,0.000291,False,0.039536,0.030367,tencent
0470.HK,2026-05-04,52,59.671,61.521,52.921,53.921,53.921,1966460.0,109826420.0,-0.087183,0.000794,False,0.041168,0.123535,tencent
0470.HK,2026-05-05,53,53.921,53.921,49.821,51.921,51.921,1000800.0,51624620.00000001,-0.037091,0.000718,False,0.042695,0.156044,tencent
0470.HK,2026-05-06,54,54.271,58.321,52.971,57.671,57.671,3116781.0,176142870.0,0.110745,0.000629,False,0.048028,0.06258,tencent
0470.HK,2026-05-07,55,58.271,59.971,55.771,56.921,56.921,1774900.0,102116220.0,-0.013005,0.000127,False,0.040959,0.074771,tencent
0470.HK,2026-05-08,56,56.871,56.921,53.521,54.171,54.171,1532850.0,84630780.0,-0.048313,0.000571,False,0.042957,0.119471,tencent
0470.HK,2026-05-11,57,55.671,59.171,54.471,58.721,58.721,2218200.0,128086690.0,0.083993,0.000656,False,0.046231,0.045513,tencent
0470.HK,2026-05-12,58,59.471,59.471,52.821,52.821,52.821,2597400.0,142316530.0,-0.100475,0.000706,False,0.052563,0.141415,tencent
0470.HK,2026-05-13,59,53.771,54.221,52.271,54.021,54.021,1725146.0,92682080.0,0.022718,0.000245,False,0.05238,0.12191,tencent
0470.HK,2026-05-14,60,55.171,55.921,51.521,52.171,52.171,1405420.0,75116230.0,-0.034246,0.000456,False,0.05295,0.151981,tencent
0470.HK,2026-05-15,61,52.171,54.521,51.571,52.021,52.021,1694006.0,90148210.0,-0.002875,3.2e-05,False,0.052141,0.154419,tencent
0470.HK,2026-05-18,62,53.071,54.471,50.621,52.371,52.371,1129388.0,60376380.0,0.006728,0.000111,False,0.052106,0.14873,tencent
0470.HK,2026-05-19,63,51.671,53.521,49.331,50.421,50.421,1410790.0,71199490.0,-0.037234,0.000523,False,0.052293,0.180426,tencent
0470.HK,2026-05-20,64,49.331,53.871,49.331,52.571,52.571,1431490.0,74814680.0,0.042641,0.00057,False,0.051083,0.145479,tencent
0470.HK,2026-05-21,65,52.521,54.421,50.871,50.871,50.871,893743.0,47286980.0,-0.032337,0.000684,False,0.051166,0.173112,tencent
0470.HK,2026-05-22,66,51.221,52.871,51.171,52.171,52.171,905054.0,47561040.0,0.025555,0.000537,False,0.051617,0.151981,tencent
0470.HK,2026-05-26,67,51.05,52.5,48.9,48.94,48.94,1427203.0,71083130.0,-0.061931,0.000871,False,0.053218,0.204499,tencent
0470.HK,2026-05-27,68,49.0,52.5,49.0,51.0,51.0,1290943.0,66199630.0,0.042092,0.000636,False,0.054121,0.171015,tencent
0470.HK,2026-05-28,69,50.65,53.0,49.02,52.15,52.15,2458599.0,125961660.0,0.022549,0.000179,False,0.054458,0.152322,tencent
0470.HK,2026-05-29,70,53.45,56.1,50.95,52.7,52.7,2147521.0,113605440.0,0.010547,9.3e-05,False,0.054421,0.143382,tencent
0470.HK,2026-06-01,71,53.5,54.4,48.6,48.6,48.6,2899001.0,145719200.0,-0.077799,0.000534,False,0.055469,0.210026,tencent
0470.HK,2026-06-02,72,48.54,48.54,45.06,46.9,46.9,3224721.0,149313920.0,-0.034979,0.000234,False,0.052719,0.237659,tencent
0470.HK,2026-06-03,73,47.54,47.54,45.22,45.98,45.98,2482700.0,114450380.0,-0.019616,0.000171,False,0.052314,0.252613,tencent
0470.HK,2026-06-04,74,45.98,46.0,43.14,43.86,43.86,1845700.0,80814980.0,-0.046107,0.000571,False,0.045385,0.287073,tencent
0470.HK,2026-06-05,75,44.1,44.36,42.06,43.26,43.26,1170400.0,50698729.99999999,-0.01368,0.00027,False,0.045385,0.296825,tencent
0470.HK,2026-06-08,76,43.06,43.06,40.54,41.24,41.24,950000.0,39282460.0,-0.046694,0.001189,False,0.04532,0.32966,tencent
0470.HK,2026-06-09,77,41.2,42.68,40.9,42.68,42.68,1301700.0,54656220.0,0.034918,0.000639,False,0.040933,0.306253,tencent
0470.HK,2026-06-10,78,42.7,42.7,38.96,40.16,40.16,1249200.0,49992910.0,-0.059044,0.001181,False,0.037264,0.347215,tencent
0470.HK,2026-06-11,79,39.8,39.88,38.28,39.38,39.38,857584.0,33440340.0,-0.019422,0.000581,False,0.036321,0.359893,tencent
0470.HK,2026-06-12,80,39.96,41.36,39.32,39.82,39.82,942681.0,37949720.0,0.011173,0.000294,False,0.036477,0.352741,tencent
0470.HK,2026-06-15,81,39.42,40.64,39.1,39.1,39.1,1905400.0,75882570.0,-0.018081,0.000238,False,0.036418,0.364445,tencent
0470.HK,2026-06-16,82,39.7,44.06,39.36,43.48,43.48,10089797.0,429116990.0,0.11202,0.000261,False,0.045883,0.293249,tencent
0470.HK,2026-06-17,83,44.06,44.06,40.6,40.82,40.82,4037000.0,167162320.0,-0.061178,0.000366,False,0.046978,0.336487,tencent
0470.HK,2026-06-18,84,41.82,41.82,37.76,37.86,37.86,3894990.0,151424120.0,-0.072513,0.000479,False,0.04731,0.3846,tencent
0470.HK,2026-06-22,85,37.66,38.96,36.16,38.0,38.0,3628307.0,136702670.0,0.003698,2.7e-05,False,0.047311,0.382325,tencent
0470.HK,2026-06-23,86,38.0,38.4,34.5,34.7,34.7,3067370.0,109524730.0,-0.086842,0.000793,False,0.049079,0.435965,tencent
0470.HK,2026-06-24,87,34.72,35.76,34.5,34.94,34.94,1588500.0,55788270.0,0.006916,0.000124,False,0.048321,0.432064,tencent
0470.HK,2026-06-25,88,35.54,35.54,33.36,33.52,33.52,1917700.0,64942479.99999999,-0.040641,0.000626,False,0.046634,0.455145,tencent
0470.HK,2026-06-26,89,33.6,33.6,30.62,31.04,31.04,2496900.0,78043490.0,-0.073986,0.000948,False,0.047021,0.495457,tencent
0470.HK,2026-06-29,90,31.04,31.56,29.9,31.48,31.48,2038900.0,62916530.0,0.014175,0.000225,False,0.047171,0.488305,tencent
0470.HK,2026-06-30,91,31.68,33.52,31.28,33.52,33.52,2005075.0,65395000.0,0.064803,0.000991,False,0.049397,0.455145,tencent
0470.HK,2026-07-02,92,32.22,32.9,31.1,31.68,31.68,2089100.0,66730910.0,-0.054893,0.000823,False,0.04997,0.485054,tencent
0470.HK,2026-07-03,93,31.68,33.48,31.54,32.74,32.74,1234532.0,40455720.0,0.03346,0.000827,False,0.051286,0.467824,tencent
0470.HK,2026-07-06,94,32.4,33.38,31.4,31.58,31.58,975456.0,31266600.0,-0.035431,0.001133,False,0.051006,0.486679,tencent
0470.HK,2026-07-07,95,31.36,32.12,30.7,31.46,31.46,1505000.0,47069650.0,-0.0038,8.1e-05,False,0.051068,0.48863,tencent
0470.HK,2026-07-08,96,30.26,33.3,30.26,30.8,30.8,2958359.0,94412110.0,-0.020979,0.000222,False,0.050538,0.499358,tencent
0470.HK,2026-07-09,97,31.5,31.5,29.36,29.8,29.8,1892257.0,56838310.0,-0.032468,0.000571,False,0.049388,0.515613,tencent
0470.HK,2026-07-10,98,30.3,30.5,28.9,28.96,28.96,1443457.0,42846500.0,-0.028188,0.000658,False,0.048468,0.529266,tencent
0470.HK,2026-07-13,99,28.92,28.92,27.56,27.9,27.9,2174894.0,60608040.0,-0.036602,0.000604,False,0.0487,0.546496,tencent
0470.HK,2026-07-14,100,27.98,28.96,26.4,28.96,28.96,2650079.0,72629290.0,0.037993,0.000523,False,0.049842,0.529266,tencent
0470.HK,2026-07-15,101,28.78,29.38,27.94,28.24,28.24,987535.0,28046619.999999996,-0.024862,0.000886,False,0.04989,0.54097,tencent
0470.HK,2026-07-16,102,28.24,28.68,27.6,28.2,28.2,743993.0,21015020.0,-0.001416,6.7e-05,False,0.040201,0.54162,tencent
0470.HK,2026-07-17,103,28.2,28.6,26.14,26.44,26.44,1330963.0,35654100.0,-0.062411,0.00175,False,0.040267,0.570228,tencent
0470.HK,2026-07-20,104,27.1,28.58,27.0,27.7,27.7,1718952.0,47690210.0,0.047655,0.000999,False,0.041086,0.549747,tencent
0470.HK,2026-07-21,105,27.9,29.98,27.9,29.44,29.44,2239004.0,65632840.0,0.062816,0.000957,False,0.044466,0.521464,tencent
0470.HK,2026-07-22,106,30.5,30.5,28.98,29.24,29.24,1163277.0,34346710.0,-0.006793,0.000198,False,0.040802,0.524715,tencent
0470.HK,2026-07-23,107,30.24,30.38,29.42,29.84,29.84,1056707.0,31666750.0,0.02052,0.000648,False,0.04117,0.514962,tencent
0470.HK,2026-07-24,108,29.82,29.82,28.74,28.82,28.82,585514.0,17049150.0,-0.034182,0.002005,False,0.040918,0.531542,tencent
0470.HK,2026-07-27,109,29.4,30.6,28.76,29.7,29.7,1333506.0,39670280.0,0.030534,0.00077,False,0.038477,0.517238,tencent
0470.HK,2026-07-28,110,29.92,29.98,28.5,28.8,28.8,1257500.0,36349930.0,-0.030303,0.000834,False,0.038808,0.531867,tencent
0470.HK,2026-07-29,111,29.3,29.3,27.8,28.78,28.78,1567292.0,45094200.0,-0.000694,1.5e-05,False,0.035328,0.532192,tencent
0470.HK,2026-07-30,112,28.5,29.0,27.54,28.2,28.2,1677192.0,47261210.0,-0.020153,0.000426,False,0.033664,0.54162,tencent
0470.HK,2026-07-31,113,28.56,29.16,28.4,28.6,28.6,816800.0,23454270.0,0.014184,0.000605,False,0.032761,0.535118,tencent
0470.HK,2026-08-03,114,28.3,29.1,27.98,29.1,29.1,462369.0,13300550.0,0.017483,0.001314,False,0.032413,0.526991,tencent
0470.HK,2026-08-04,115,29.1,30.76,28.82,30.76,30.76,1854504.0,55598580.0,0.057045,0.001026,False,0.035133,0.500008,tencent
0470.HK,2026-08-05,116,30.72,32.56,30.1,32.54,32.54,1389534.0,44168840.0,0.057867,0.00131,False,0.037088,0.471075,tencent
0470.HK,2026-08-06,117,32.78,32.78,31.08,31.58,31.58,1027094.0,32425270.0,-0.029502,0.00091,False,0.036943,0.486679,tencent
0470.HK,2026-08-07,118,31.02,31.5,30.46,31.14,31.14,1507200.0,46703580.0,-0.013933,0.000298,False,0.036432,0.493831,tencent
0470.HK,2026-08-10,119,31.16,32.32,31.0,31.46,31.46,1259700.0,39721190.0,0.010276,0.000259,False,0.03515,0.48863,tencent
0470.HK,2026-08-11,120,31.26,33.04,31.04,31.38,31.38,2260800.0,72456600.0,-0.002543,3.5e-05,False,0.034406,0.48993,tencent
0470.HK,2026-08-12,121,31.2,32.04,31.2,31.42,31.42,4359300.0,137735850.0,0.001275,9e-06,False,0.033718,0.48928,tencent
0470.HK,2026-08-13,122,31.86,32.14,31.2,31.28,31.28,1849200.0,58476620.0,-0.004456,7.6e-05,False,0.03376,0.491556,tencent
0470.HK,2026-08-14,123,31.42,32.06,30.7,31.86,31.86,1220700.0,38557330.0,0.018542,0.000481,False,0.029778,0.482128,tencent
0470.HK,2026-08-17,124,32.18,32.28,31.68,32.08,32.08,1412900.0,45283059.99999999,0.006905,0.000152,False,0.028413,0.478552,tencent
0470.HK,2026-08-18,125,32.78,32.78,31.38,32.38,32.38,1098369.0,35051390.0,0.009352,0.000267,False,0.025304,0.473676,tencent
0470.HK,2026-08-19,126,32.3,32.3,30.04,30.4,30.4,1714300.0,52198280.00000001,-0.061149,0.001171,False,0.029255,0.50586,tencent
0470.HK,2026-08-20,127,30.4,31.24,30.1,30.6,30.6,1296300.0,39596740.0,0.006579,0.000166,False,0.028964,0.502609,tencent
0470.HK,2026-08-21,128,30.2,31.72,30.2,31.34,31.34,1010652.0,31515490.0,0.024183,0.000767,False,0.028091,0.49058,tencent
0470.HK,2026-08-24,129,32.0,33.1,30.8,31.36,31.36,1660600.0,53038980.0,0.000638,1.2e-05,False,0.027424,0.490255,tencent
0470.HK,2026-08-25,130,31.88,31.88,30.08,30.2,30.2,1201992.0,36575370.0,-0.03699,0.001011,False,0.027889,0.509111,tencent
0470.HK,2026-08-26,131,30.2,30.82,29.86,29.98,29.98,1122400.0,34030870.0,-0.007285,0.000214,False,0.027971,0.512687,tencent
0470.HK,2026-08-27,132,30.4,30.86,29.56,30.22,30.22,1559984.0,47338239.99999999,0.008005,0.000169,False,0.027479,0.508786,tencent
0470.HK,2026-08-28,133,30.48,30.74,29.98,30.1,30.1,918400.0,27882520.0,-0.003971,0.000142,False,0.027419,0.510736,tencent
0470.HK,2026-08-31,134,30.64,31.76,30.18,31.6,31.6,2215000.0,68815060.0,0.049834,0.000724,False,0.029219,0.486354,tencent
0470.HK,2026-09-01,135,30.9,31.84,30.0,30.06,30.06,1700400.0,51988380.0,-0.048734,0.000937,False,0.028784,0.511386,tencent
0470.HK,2026-09-02,136,30.04,30.04,28.22,28.5,28.5,1876400.0,53457600.0,-0.051896,0.000971,False,0.027451,0.536744,tencent
0470.HK,2026-09-03,137,28.88,28.96,28.08,28.7,28.7,831200.0,23701980.0,0.007018,0.000296,False,0.027034,0.533493,tencent
0470.HK,2026-09-04,138,28.92,29.38,28.48,28.5,28.5,941010.0,27295180.0,-0.006969,0.000255,False,0.02695,0.536744,tencent
0470.HK,2026-09-07,139,28.78,28.92,28.38,28.42,28.42,713400.0,20354390.0,-0.002807,0.000138,False,0.026741,0.538044,tencent
0470.HK,2026-09-08,140,28.6,28.6,27.58,27.66,27.66,1104200.0,30759210.0,-0.026742,0.000869,False,0.027181,0.550397,tencent
0470.HK,2026-09-09,141,27.84,28.22,27.66,27.9,27.9,586600.0,16404670.000000002,0.008677,0.000529,False,0.027335,0.546496,tencent
0470.HK,2026-09-10,142,27.62,27.68,26.6,26.6,26.6,814685.0,21927610.0,-0.046595,0.002125,False,0.028828,0.567627,tencent
0470.HK,2026-09-11,143,26.28,26.58,25.56,26.48,26.48,1171100.0,30379010.0,-0.004511,0.000148,False,0.028178,0.569578,tencent
0470.HK,2026-09-14,144,26.0,27.56,26.0,26.94,26.94,959810.0,25940540.0,0.017372,0.00067,False,0.02858,0.562101,tencent
0470.HK,2026-09-15,145,27.5,28.76,26.68,28.06,28.06,2183297.0,61187969.99999999,0.041574,0.000679,False,0.030473,0.543896,tencent
0470.HK,2026-09-16,146,28.5,28.86,26.88,27.4,27.4,1573510.0,43180710.0,-0.023521,0.000545,False,0.027994,0.554624,tencent
0470.HK,2026-09-17,147,27.26,27.74,27.08,27.4,27.4,849300.0,23281350.000000004,0.0,0.0,False,0.027892,0.554624,tencent
0470.HK,2026-09-18,148,27.98,28.16,27.52,28.16,28.16,578800.0,16162159.999999998,0.027737,0.001716,False,0.028099,0.54227,tencent
0470.HK,2026-09-21,149,28.3,28.5,27.68,27.82,27.82,538000.0,15061460.0,-0.012074,0.000802,False,0.02811,0.547797,tencent
0470.HK,2026-09-22,150,27.76,28.5,27.46,27.46,27.46,877800.0,24558030.0,-0.01294,0.000527,False,0.027196,0.553648,tencent
2706.HK,2026-02-13,1,82.3,99.6,82.3,92.6,92.6,9807072.0,863448700.0,2.422025,0.002805,False,,0.070281,tencent
2706.HK,2026-02-16,2,103.8,125.6,100.0,120.0,120.0,5956485.0,684990300.0,0.295896,0.000432,False,,0.044586,tencent
2706.HK,2026-02-20,3,138.0,157.0,133.0,154.1,154.1,9281502.0,1336183900.0000002,0.284167,0.000213,False,,0.018471,tencent
2706.HK,2026-02-23,4,150.0,161.6,114.0,120.8,120.8,6959937.0,933325900.0,-0.216093,0.000232,False,,0.252475,tencent
2706.HK,2026-02-24,5,124.2,131.4,112.0,122.1,122.1,5069824.0,619203300.0,0.010762,1.7e-05,False,1.062656,0.244431,tencent
2706.HK,2026-02-25,6,125.0,130.0,100.5,107.9,107.9,4532458.0,512176300.0,-0.116298,0.000227,False,0.989684,0.332302,tencent
2706.HK,2026-02-26,7,110.0,112.0,101.1,104.0,104.0,2743797.0,287842300.0,-0.036145,0.000126,False,0.921705,0.356436,tencent
2706.HK,2026-02-27,8,102.1,102.9,88.0,91.5,91.5,4468859.0,412913100.0,-0.120192,0.000291,False,0.871305,0.433787,tencent
2706.HK,2026-03-02,9,85.0,95.45,80.2,85.1,85.1,2734309.0,235277800.0,-0.069945,0.000297,False,0.825096,0.473391,tencent
2706.HK,2026-03-03,10,86.8,94.1,84.0,86.85,86.85,3639480.0,322866100.0,0.020564,6.4e-05,False,0.781983,0.462562,tencent
2706.HK,2026-03-04,11,86.0,91.0,76.4,78.0,78.0,2830587.0,239256699.99999997,-0.1019,0.000426,False,0.749296,0.517327,tencent
2706.HK,2026-03-05,12,81.0,85.15,74.55,78.1,78.1,1873046.0,147092900.0,0.001282,9e-06,False,0.717103,0.516708,tencent
2706.HK,2026-03-06,13,77.95,80.0,76.4,78.5,78.5,881760.0,69017000.0,0.005122,7.4e-05,False,0.688651,0.514233,tencent
2706.HK,2026-03-09,14,75.0,81.0,71.2,79.0,79.0,1717704.0,130204900.0,0.006369,4.9e-05,False,0.663317,0.511139,tencent
2706.HK,2026-03-10,15,85.0,87.95,79.4,84.75,84.75,4086246.0,343358800.0,0.072785,0.000212,False,0.639685,0.475557,tencent
2706.HK,2026-03-11,16,84.75,91.5,82.65,85.95,85.95,2874069.0,249145900.0,0.014159,5.7e-05,False,0.619127,0.468131,tencent
2706.HK,2026-03-12,17,86.65,89.6,83.1,83.3,83.3,1134700.0,96993200.0,-0.030832,0.000318,False,0.60115,0.48453,tencent
2706.HK,2026-03-13,18,84.0,85.3,79.95,84.05,84.05,1230560.0,101479800.0,0.009004,8.9e-05,False,0.584064,0.479889,tencent
2706.HK,2026-03-16,19,84.8,87.4,78.2,81.3,81.3,1715490.0,139470900.0,-0.032719,0.000235,False,0.568929,0.496906,tencent
2706.HK,2026-03-17,20,81.45,86.5,80.5,83.05,83.05,1419218.0,118027000.0,0.021525,0.000182,False,0.554259,0.486077,tencent
2706.HK,2026-03-18,21,83.55,95.9,81.55,91.95,91.95,3535901.0,313624400.0,0.107164,0.000342,False,0.121164,0.431002,tencent
2706.HK,2026-03-19,22,91.5,91.5,82.45,82.45,82.45,1337089.0,114869000.0,-0.103317,0.000899,False,0.102357,0.48979,tencent
2706.HK,2026-03-20,23,84.6,85.2,79.5,80.0,80.0,627065.0,51274399.99999999,-0.029715,0.00058,False,0.074569,0.50495,tencent
2706.HK,2026-03-23,24,77.2,78.9,70.85,70.85,70.85,795360.0,59000600.00000001,-0.114375,0.001939,False,0.063868,0.561572,tencent
2706.HK,2026-03-24,25,74.0,74.2,69.55,71.65,71.65,636126.0,45424399.99999999,0.011291,0.000249,False,0.063884,0.556621,tencent
2706.HK,2026-03-25,26,76.5,76.5,70.8,72.9,72.9,665422.0,48522600.0,0.017446,0.00036,False,0.060667,0.548886,tencent
2706.HK,2026-03-26,27,74.45,74.45,64.1,64.65,64.65,771056.0,51889000.0,-0.113169,0.002181,False,0.064244,0.599938,tencent
2706.HK,2026-03-27,28,64.0,64.0,56.05,57.5,57.5,1696270.0,99061700.0,-0.110596,0.001116,False,0.063499,0.644183,tencent
2706.HK,2026-03-30,29,57.0,58.4,53.0,53.5,53.5,1274376.0,70349200.0,-0.069565,0.000989,False,0.063484,0.668936,tencent
2706.HK,2026-03-31,30,53.5,55.3,51.8,52.5,52.5,514670.0,27225500.0,-0.018692,0.000687,False,0.062734,0.675124,tencent
2706.HK,2026-04-01,31,55.0,57.25,50.3,50.35,50.35,1055036.0,55893800.0,-0.040952,0.000733,False,0.060123,0.688428,tencent
2706.HK,2026-04-02,32,50.15,50.35,43.0,46.8,46.8,1505540.0,67615100.0,-0.070506,0.001043,False,0.06093,0.710396,tencent
2706.HK,2026-04-08,33,48.2,54.35,46.94,51.3,51.3,1804840.0,92575400.00000001,0.096154,0.001039,False,0.066339,0.68255,tencent
2706.HK,2026-04-09,34,51.35,54.2,49.6,51.55,51.55,842646.0,43612800.0,0.004873,0.000112,False,0.06631,0.681002,tencent
2706.HK,2026-04-10,35,53.15,54.3,50.2,52.0,52.0,777602.0,40506000.0,0.008729,0.000216,False,0.063113,0.678218,tencent
2706.HK,2026-04-13,36,53.15,66.3,51.2,63.2,63.2,5020492.0,296263600.0,0.215385,0.000727,False,0.082329,0.608911,tencent
2706.HK,2026-04-14,37,66.3,71.2,61.2,63.5,63.5,3107450.0,202693300.00000003,0.004747,2.3e-05,False,0.082288,0.607054,tencent
2706.HK,2026-04-15,38,66.8,66.8,59.1,61.7,61.7,1372280.0,85050700.0,-0.028346,0.000333,False,0.082249,0.618193,tencent
2706.HK,2026-04-16,39,61.7,66.0,59.0,64.2,64.2,1892608.0,119105100.0,0.040519,0.00034,False,0.082917,0.602723,tencent
2706.HK,2026-04-17,40,65.15,65.15,59.85,63.0,63.0,1075000.0,66306400.0,-0.018692,0.000282,False,0.082636,0.610149,tencent
2706.HK,2026-04-20,41,63.5,66.0,57.05,61.2,61.2,2281200.0,138887400.0,-0.028571,0.000206,False,0.077894,0.621287,tencent
2706.HK,2026-04-21,42,64.0,64.0,57.7,60.05,60.05,982000.0,58505200.00000001,-0.018791,0.000321,False,0.075233,0.628403,tencent
2706.HK,2026-04-22,43,59.85,59.85,56.0,56.05,56.05,836250.0,47795000.0,-0.066611,0.001394,False,0.076108,0.653156,tencent
2706.HK,2026-04-23,44,56.5,56.5,51.5,51.55,51.55,628400.0,33424800.0,-0.080285,0.002402,False,0.074121,0.681002,tencent
2706.HK,2026-04-24,45,52.4,53.45,49.8,51.6,51.6,1364478.0,69937800.0,0.00097,1.4e-05,False,0.073977,0.680693,tencent
2706.HK,2026-04-27,46,51.55,51.65,48.18,48.4,48.4,1547980.0,76314000.0,-0.062016,0.000813,False,0.074343,0.700495,tencent
2706.HK,2026-04-28,47,50.0,50.0,46.0,47.7,47.7,617400.0,29229000.0,-0.014463,0.000495,False,0.070872,0.704827,tencent
2706.HK,2026-04-29,48,47.7,50.5,47.0,47.5,47.5,553200.0,26672399.999999996,-0.004193,0.000157,False,0.067037,0.706064,tencent
2706.HK,2026-04-30,49,47.5,47.56,45.8,47.2,47.2,313800.0,14578400.0,-0.006316,0.000433,False,0.065429,0.707921,tencent
2706.HK,2026-05-04,50,47.4,48.44,46.08,47.78,47.78,520020.0,24636000.0,0.012288,0.000499,False,0.065438,0.704332,tencent
2706.HK,2026-05-05,51,47.08,50.6,45.2,47.6,47.6,1300660.0,62457299.99999999,-0.003767,6e-05,False,0.064823,0.705446,tencent
2706.HK,2026-05-06,52,47.6,48.48,45.38,46.22,46.22,592480.0,27695600.0,-0.028992,0.001047,False,0.06312,0.713985,tencent
2706.HK,2026-05-07,53,46.32,50.45,45.78,49.3,49.3,2021372.0,98268200.0,0.066638,0.000678,False,0.061094,0.694926,tencent
2706.HK,2026-05-08,54,49.3,64.4,49.3,62.1,62.1,6090115.0,362972000.0,0.259635,0.000715,False,0.084366,0.615718,tencent
2706.HK,2026-05-11,55,62.7,67.35,57.35,58.5,58.5,3093673.0,190425500.0,-0.057971,0.000304,False,0.085824,0.637995,tencent
2706.HK,2026-05-12,56,60.95,64.0,57.15,59.1,59.1,2128000.0,127689400.0,0.010256,8e-05,False,0.070814,0.634282,tencent
2706.HK,2026-05-13,57,58.0,61.8,55.85,61.6,61.6,2122260.0,124047300.0,0.042301,0.000341,False,0.071474,0.618812,tencent
2706.HK,2026-05-14,58,62.0,66.9,59.1,60.75,60.75,2679660.0,168429300.0,-0.013799,8.2e-05,False,0.071237,0.624072,tencent
2706.HK,2026-05-15,59,59.5,66.5,58.4,58.7,58.7,3767110.0,231826100.0,-0.033745,0.000146,False,0.071026,0.636757,tencent
2706.HK,2026-05-18,60,58.7,62.05,57.75,58.2,58.2,1359200.0,81418900.0,-0.008518,0.000105,False,0.070939,0.639851,tencent
2706.HK,2026-05-19,61,58.95,59.55,57.2,57.55,57.55,781900.0,45651800.0,-0.011168,0.000245,False,0.0707,0.643874,tencent
2706.HK,2026-05-20,62,58.4,58.4,52.95,54.65,54.65,731823.0,40235800.0,-0.050391,0.001252,False,0.071469,0.661819,tencent
2706.HK,2026-05-21,63,55.0,57.55,53.25,55.25,55.25,507680.0,27979200.0,0.010979,0.000392,False,0.069895,0.658106,tencent
2706.HK,2026-05-22,64,55.25,65.2,55.25,62.9,62.9,2556920.0,155694800.0,0.138462,0.000889,False,0.073468,0.610767,tencent
2706.HK,2026-05-26,65,66.0,66.0,56.6,57.5,57.5,1906124.0,112169800.0,-0.085851,0.000765,False,0.076668,0.644183,tencent
2706.HK,2026-05-27,66,58.0,62.95,57.8,61.0,61.0,1799000.0,109593900.0,0.06087,0.000555,False,0.075682,0.622525,tencent
2706.HK,2026-05-28,67,61.5,62.0,58.95,61.5,61.5,637680.0,38577300.0,0.008197,0.000212,False,0.075401,0.619431,tencent
2706.HK,2026-05-29,68,62.35,64.2,57.65,58.65,58.65,1427600.0,85781100.0,-0.046341,0.00054,False,0.076553,0.637067,tencent
2706.HK,2026-06-01,69,59.1,60.25,58.0,58.05,58.05,468400.0,27601400.0,-0.01023,0.000371,False,0.07661,0.64078,tencent
2706.HK,2026-06-02,70,58.1,59.0,55.6,55.95,55.95,607400.0,34276700.0,-0.036176,0.001055,False,0.077395,0.653775,tencent
2706.HK,2026-06-03,71,57.1,58.15,55.5,57.55,57.55,397482.0,22520800.0,0.028597,0.00127,False,0.077419,0.643874,tencent
2706.HK,2026-06-04,72,58.4,58.5,55.8,57.5,57.5,500412.0,28628900.0,-0.000869,3e-05,False,0.076886,0.644183,tencent
2706.HK,2026-06-05,73,58.0,58.8,57.1,57.5,57.5,642640.0,37211200.0,0.0,0.0,False,0.075901,0.644183,tencent
2706.HK,2026-06-08,74,56.0,57.5,45.7,56.0,56.0,4074400.0,204096200.0,-0.026087,0.000128,False,0.048386,0.653465,tencent
2706.HK,2026-06-09,75,60.65,70.75,56.3,67.5,67.5,9378400.0,596488900.0,0.205357,0.000344,False,0.065684,0.582302,tencent
2706.HK,2026-06-10,76,66.45,77.3,66.0,74.2,74.2,10764760.0,779006200.0,0.099259,0.000127,False,0.068712,0.540842,tencent
2706.HK,2026-06-11,77,73.7,76.05,63.95,63.95,63.95,4337620.0,298855600.0,-0.13814,0.000462,False,0.076178,0.60427,tencent
2706.HK,2026-06-12,78,67.0,67.0,54.8,55.85,55.85,4308200.0,255783200.0,-0.126661,0.000495,False,0.081594,0.654394,tencent
2706.HK,2026-06-15,79,58.6,75.0,57.6,66.8,66.8,12023073.0,793228900.0,0.196061,0.000247,False,0.092244,0.586634,tencent
2706.HK,2026-06-16,80,67.55,70.5,63.8,65.7,65.7,4385744.0,294610300.0,-0.016467,5.6e-05,False,0.092347,0.593441,tencent
2706.HK,2026-06-17,81,66.2,66.65,60.5,61.9,61.9,3721600.0,234375700.0,-0.057839,0.000247,False,0.093492,0.616955,tencent
2706.HK,2026-06-18,82,62.0,66.8,59.1,64.0,64.0,3654500.0,227811000.0,0.033926,0.000149,False,0.092635,0.60396,tencent
2706.HK,2026-06-22,83,66.6,67.0,61.0,64.0,64.0,2419400.0,152585000.0,0.0,0.0,False,0.092673,0.60396,tencent
2706.HK,2026-06-23,84,64.0,64.0,57.5,61.0,61.0,1815000.0,109892900.00000001,-0.046875,0.000427,False,0.088459,0.622525,tencent
2706.HK,2026-06-24,85,61.0,63.0,59.8,60.6,60.6,1012000.0,62160800.0,-0.006557,0.000105,False,0.086057,0.625,tencent
2706.HK,2026-06-25,86,62.6,62.6,57.5,57.8,57.8,1203120.0,71232200.0,-0.046205,0.000649,False,0.085794,0.642327,tencent
2706.HK,2026-06-26,87,58.8,59.55,50.5,53.0,53.0,1774640.0,94959200.0,-0.083045,0.000875,False,0.087774,0.67203,tencent
2706.HK,2026-06-29,88,55.0,55.0,51.6,52.0,52.0,1919800.0,101765900.0,-0.018868,0.000185,False,0.087289,0.678218,tencent
2706.HK,2026-06-30,89,52.05,52.45,50.35,51.3,51.3,782800.0,40034800.0,-0.013462,0.000336,False,0.087307,0.68255,tencent
2706.HK,2026-07-02,90,52.85,52.85,47.3,47.4,47.4,1441400.0,69670300.0,-0.076023,0.001091,False,0.088557,0.706683,tencent
2706.HK,2026-07-03,91,48.96,50.65,46.3,46.54,46.54,3446924.0,166380000.0,-0.018143,0.000109,False,0.088248,0.712005,tencent
2706.HK,2026-07-06,92,47.88,47.88,43.12,44.5,44.5,868800.0,39228900.0,-0.043833,0.001117,False,0.088612,0.724629,tencent
2706.HK,2026-07-07,93,44.8,45.0,41.2,42.22,42.22,1398109.0,59970400.0,-0.051236,0.000854,False,0.089072,0.738738,tencent
2706.HK,2026-07-08,94,42.38,44.72,40.24,42.98,42.98,3202000.0,135948200.0,0.018001,0.000132,False,0.089244,0.734035,tencent
2706.HK,2026-07-09,95,44.0,47.92,42.92,44.6,44.6,5192595.0,233565200.0,0.037692,0.000161,False,0.074682,0.72401,tencent
2706.HK,2026-07-10,96,45.44,46.8,41.8,43.36,43.36,1687800.0,73040300.0,-0.027803,0.000381,False,0.069407,0.731683,tencent
2706.HK,2026-07-13,97,44.28,44.28,37.8,38.82,38.82,1413200.0,55586000.0,-0.104705,0.001884,False,0.066877,0.759777,tencent
2706.HK,2026-07-14,98,39.98,41.56,37.1,39.62,39.62,1968750.0,77160000.0,0.020608,0.000267,False,0.0628,0.754827,tencent
2706.HK,2026-07-15,99,40.28,41.5,38.5,40.22,40.22,1542800.0,62047500.0,0.015144,0.000244,False,0.039451,0.751114,tencent
2706.HK,2026-07-16,100,41.0,41.0,38.6,38.92,38.92,1669800.0,66417600.0,-0.032322,0.000487,False,0.039445,0.759158,tencent
2706.HK,2026-07-17,101,38.92,38.92,34.52,35.0,35.0,843200.0,30760300.000000004,-0.100719,0.003274,False,0.042376,0.783416,tencent
2706.HK,2026-07-20,102,35.0,35.98,32.64,33.18,33.18,570448.0,19279900.0,-0.052,0.002697,False,0.040148,0.794678,tencent
2706.HK,2026-07-21,103,33.5,35.68,31.74,32.48,32.48,1343530.0,45122299.99999999,-0.021097,0.000468,False,0.039549,0.79901,tencent
2706.HK,2026-07-22,104,32.08,34.1,32.08,32.94,32.94,684400.0,22714300.0,0.014163,0.000624,False,0.040724,0.796163,tencent
2706.HK,2026-07-23,105,33.78,33.78,31.82,31.9,31.9,396600.0,12915900.0,-0.031573,0.002444,False,0.040365,0.802599,tencent
2706.HK,2026-07-24,106,31.9,31.9,27.98,28.0,28.0,1035000.0,30382300.0,-0.122257,0.004024,False,0.045189,0.826733,tencent
2706.HK,2026-07-27,107,26.44,29.0,26.44,28.84,28.84,559000.0,15677400.0,0.03,0.001914,False,0.045872,0.821535,tencent
2706.HK,2026-07-28,108,28.8,29.54,27.2,27.9,27.9,738600.0,20881300.0,-0.032594,0.001561,False,0.045816,0.827351,tencent
2706.HK,2026-07-29,109,28.08,28.36,26.5,26.5,26.5,504568.0,13584600.0,-0.050179,0.003694,False,0.045871,0.836015,tencent
2706.HK,2026-07-30,110,26.5,26.5,21.44,21.44,21.44,1424480.0,33019500.0,-0.190943,0.005783,False,0.057478,0.867327,tencent
2706.HK,2026-07-31,111,23.52,42.5,22.56,39.16,39.16,21532220.0,766152899.9999999,0.826493,0.001079,False,0.201662,0.757673,tencent
2706.HK,2026-08-03,112,37.22,47.4,33.88,38.96,38.96,14571420.0,592521800.0,-0.005107,9e-06,False,0.201354,0.758911,tencent
2706.HK,2026-08-04,113,39.98,42.6,36.02,38.14,38.14,5130660.0,202093500.0,-0.021047,0.000104,False,0.201007,0.763985,tencent
2706.HK,2026-08-05,114,40.24,59.75,39.08,54.5,54.5,19824856.0,1033279299.9999999,0.428946,0.000415,False,0.221944,0.662748,tencent
2706.HK,2026-08-06,115,54.25,59.0,47.8,50.95,50.95,11165256.0,593837900.0,-0.065138,0.00011,False,0.222922,0.684715,tencent
2706.HK,2026-08-07,116,50.6,55.4,46.72,48.18,48.18,8711050.0,441641100.0,-0.054367,0.000123,False,0.223325,0.701856,tencent
2706.HK,2026-08-10,117,49.4,51.5,45.22,48.34,48.34,4769800.0,231178200.0,0.003321,1.4e-05,False,0.221383,0.700866,tencent
2706.HK,2026-08-11,118,48.7,50.15,44.0,44.0,44.0,2863640.0,134140100.0,-0.089781,0.000669,False,0.222947,0.727723,tencent
2706.HK,2026-08-12,119,44.0,50.75,44.0,44.92,44.92,7844800.0,373318600.0,0.020909,5.6e-05,False,0.22294,0.72203,tencent
2706.HK,2026-08-13,120,44.9,47.5,42.7,43.72,43.72,3055800.0,136764800.0,-0.026714,0.000195,False,0.222871,0.729455,tencent
2706.HK,2026-08-14,121,44.02,45.3,39.98,41.58,41.58,3061450.0,128264300.0,-0.048948,0.000382,False,0.221655,0.742698,tencent
2706.HK,2026-08-17,122,42.22,43.06,40.0,41.6,41.6,2867500.0,119232200.0,0.000481,4e-06,False,0.220998,0.742574,tencent
2706.HK,2026-08-18,123,42.0,42.0,38.6,39.94,39.94,2011600.0,80530300.0,-0.039904,0.000496,False,0.221259,0.752847,tencent
2706.HK,2026-08-19,124,40.3,40.3,37.04,38.72,38.72,1428800.0,54558100.00000001,-0.030546,0.00056,False,0.221624,0.760396,tencent
2706.HK,2026-08-20,125,39.52,47.4,38.38,44.6,44.6,7974600.0,350132800.0,0.15186,0.000434,False,0.222949,0.72401,tencent
2706.HK,2026-08-21,126,45.06,51.2,43.44,50.6,50.6,7004100.0,336375800.0,0.134529,0.0004,False,0.220847,0.686881,tencent
2706.HK,2026-08-24,127,50.6,52.4,48.42,49.56,49.56,3493000.0,176768000.0,-0.020553,0.000116,False,0.221341,0.693317,tencent
2706.HK,2026-08-25,128,49.52,58.9,48.22,52.7,52.7,6244166.0,336772000.0,0.063358,0.000188,False,0.22062,0.673886,tencent
2706.HK,2026-08-26,129,53.0,56.5,50.2,52.75,52.75,3596000.0,192998300.00000003,0.000949,5e-06,False,0.219701,0.673577,tencent
2706.HK,2026-08-27,130,54.5,54.5,49.94,50.15,50.15,2921100.0,149942300.0,-0.049289,0.000329,False,0.213661,0.689666,tencent
2706.HK,2026-08-28,131,51.55,54.05,50.2,50.3,50.3,2911200.0,152340500.0,0.002991,2e-05,False,0.114134,0.688738,tencent
2706.HK,2026-08-31,132,50.25,53.0,49.0,50.7,50.7,1713600.0,87628799.99999999,0.007952,9.1e-05,False,0.114034,0.686262,tencent
2706.HK,2026-09-01,133,52.0,59.5,50.5,57.25,57.25,6867220.0,389420199.99999994,0.129191,0.000332,False,0.116222,0.64573,tencent
2706.HK,2026-09-02,134,55.0,57.05,54.1,55.3,55.3,1800040.0,100251600.0,-0.034061,0.00034,False,0.06772,0.657797,tencent
2706.HK,2026-09-03,135,57.05,61.95,56.0,56.6,56.6,4354800.0,255526100.0,0.023508,9.2e-05,False,0.065915,0.649752,tencent
2706.HK,2026-09-04,136,58.8,61.0,54.9,56.65,56.65,3140800.0,182822100.0,0.000883,5e-06,False,0.064336,0.649443,tencent
2706.HK,2026-09-07,137,56.7,58.5,53.8,55.8,55.8,1773399.0,99269100.0,-0.015004,0.000151,False,0.064566,0.654703,tencent
2706.HK,2026-09-08,138,57.95,57.95,53.2,53.5,53.5,1813280.0,99240700.0,-0.041219,0.000415,False,0.061493,0.668936,tencent
2706.HK,2026-09-09,139,53.5,53.95,50.45,51.0,51.0,1086602.0,55967900.0,-0.046729,0.000835,False,0.062795,0.684406,tencent
2706.HK,2026-09-10,140,51.2,52.45,43.7,44.5,44.5,3049200.0,143536900.0,-0.127451,0.000888,False,0.069427,0.724629,tencent
2706.HK,2026-09-11,141,45.0,46.48,40.8,41.68,41.68,3215201.0,138590700.0,-0.063371,0.000457,False,0.070068,0.742079,tencent
2706.HK,2026-09-14,142,42.9,42.92,38.04,40.28,40.28,1268800.0,50255100.0,-0.033589,0.000668,False,0.07053,0.750743,tencent
2706.HK,2026-09-15,143,40.1,43.16,40.1,42.82,42.82,2008880.0,83965500.0,0.063059,0.000751,False,0.071167,0.735025,tencent
2706.HK,2026-09-16,144,42.86,43.54,40.6,40.62,40.62,1454400.0,60233000.0,-0.051378,0.000853,False,0.071876,0.748639,tencent
2706.HK,2026-09-17,145,41.0,41.5,39.8,41.42,41.42,1058400.0,43328500.0,0.019695,0.000455,False,0.063193,0.743688,tencent
2706.HK,2026-09-18,146,42.82,43.38,41.06,42.26,42.26,1224400.0,51891400.0,0.02028,0.000391,False,0.054829,0.73849,tencent
2706.HK,2026-09-21,147,42.12,43.2,40.88,42.6,42.6,1098400.0,46041600.0,0.008045,0.000175,False,0.054844,0.736386,tencent
2706.HK,2026-09-22,148,43.98,48.2,42.7,46.5,46.5,3323932.0,151573400.0,0.091549,0.000604,False,0.057042,0.712252,tencent
9981.HK,2026-02-13,1,19.911,21.611,19.911,20.491,20.491,31940320.0,676860690.0,0.01996,2.9e-05,False,,0.051825,tencent
9981.HK,2026-02-16,2,20.711,20.931,19.321,20.611,20.611,2025820.0,41055200.00000001,0.005856,0.000143,False,,0.046273,tencent
9981.HK,2026-02-20,3,21.011,21.111,19.711,20.211,20.211,1955400.0,39949060.0,-0.019407,0.000486,False,,0.064782,tencent
9981.HK,2026-02-23,4,20.211,22.371,20.011,21.951,21.951,8318000.0,180860490.0,0.086092,0.000476,False,,0.018774,tencent
9981.HK,2026-02-24,5,21.311,21.611,20.671,20.811,20.811,7081730.0,151060300.0,-0.051934,0.000344,False,0.051452,0.069733,tencent
9981.HK,2026-02-25,6,21.111,21.451,20.491,20.511,20.511,4518400.0,95253660.0,-0.014415,0.000151,False,0.04693,0.083143,tencent
9981.HK,2026-02-26,7,20.751,21.611,20.571,21.011,21.011,8013200.0,171141320.0,0.024377,0.000142,False,0.043504,0.060793,tencent
9981.HK,2026-02-27,8,20.991,22.011,20.611,21.811,21.811,9050300.0,197859100.0,0.038075,0.000192,False,0.041728,0.025032,tencent
9981.HK,2026-03-02,9,21.311,21.491,20.691,20.851,20.851,5945200.0,126148169.99999999,-0.044014,0.000349,False,0.043137,0.067945,tencent
9981.HK,2026-03-03,10,21.311,21.391,18.911,18.911,18.911,8046286.0,161163090.0,-0.093041,0.000577,False,0.051131,0.154665,tencent
9981.HK,2026-03-04,11,18.761,19.361,18.131,18.671,18.671,4850000.0,91150980.0,-0.012691,0.000139,False,0.048565,0.165393,tencent
9981.HK,2026-03-05,12,19.701,20.031,19.281,19.381,19.381,5046915.0,100512160.0,0.038027,0.000378,False,0.047983,0.133655,tencent
9981.HK,2026-03-06,13,19.661,19.661,18.591,18.641,18.641,4192443.0,79944860.0,-0.038182,0.000478,False,0.047028,0.166734,tencent
9981.HK,2026-03-09,14,17.811,18.291,17.181,17.821,17.821,4818149.0,85435669.99999999,-0.043989,0.000515,False,0.046386,0.203388,tencent
9981.HK,2026-03-10,15,18.261,19.151,18.091,19.011,19.011,4635600.0,87812130.0,0.066775,0.00076,False,0.048642,0.150194,tencent
9981.HK,2026-03-11,16,19.111,19.401,18.741,18.771,18.771,2143230.0,41267560.0,-0.012624,0.000306,False,0.047059,0.160923,tencent
9981.HK,2026-03-12,17,18.771,19.261,18.311,18.351,18.351,1957800.0,36894900.0,-0.022375,0.000606,False,0.045802,0.179697,tencent
9981.HK,2026-03-13,18,18.351,18.801,17.791,18.061,18.061,1918000.0,35194150.0,-0.015803,0.000449,False,0.044517,0.19266,tencent
9981.HK,2026-03-16,19,18.371,20.291,18.051,19.831,19.831,7382200.0,145485450.0,0.098001,0.000674,False,0.049291,0.11354,tencent
9981.HK,2026-03-17,20,21.031,23.291,19.971,20.411,20.411,19748034.0,424356870.0,0.029247,6.9e-05,False,0.048406,0.123653,tencent
9981.HK,2026-03-18,21,20.991,21.671,19.691,21.111,21.111,10291078.0,215913280.0,0.034295,0.000159,False,0.048792,0.093598,tencent
9981.HK,2026-03-19,22,20.531,21.011,20.091,20.111,20.111,2605800.0,53834780.0,-0.047369,0.00088,False,0.050042,0.136533,tencent
9981.HK,2026-03-20,23,20.131,21.111,18.911,18.961,18.961,5253620.0,103897520.0,-0.057183,0.00055,False,0.051503,0.185909,tencent
9981.HK,2026-03-23,24,18.411,19.281,17.941,18.701,18.701,2512020.0,46921500.0,-0.013712,0.000292,False,0.047178,0.197072,tencent
9981.HK,2026-03-24,25,19.011,19.611,18.411,19.451,19.451,2667000.0,51449770.0,0.040105,0.000779,False,0.047045,0.164871,tencent
9981.HK,2026-03-25,26,19.731,20.811,19.671,20.131,20.131,4297000.0,87901670.0,0.03496,0.000398,False,0.047669,0.135675,tencent
9981.HK,2026-03-26,27,20.131,20.271,18.811,18.841,18.841,1694600.0,33069790.0,-0.06408,0.001938,False,0.049375,0.191061,tencent
9981.HK,2026-03-27,28,18.841,19.071,18.551,18.741,18.741,1362800.0,25877130.000000004,-0.005308,0.000205,False,0.048359,0.195354,tencent
9981.HK,2026-03-30,29,18.341,18.741,17.821,18.171,18.171,2503030.0,45855000.0,-0.030415,0.000663,False,0.047897,0.219827,tencent
9981.HK,2026-03-31,30,18.171,18.421,17.771,17.811,17.811,1801200.0,32804680.0,-0.019812,0.000604,False,0.043468,0.235284,tencent
9981.HK,2026-04-01,31,18.261,18.691,18.111,18.511,18.511,2125200.0,39419170.0,0.039302,0.000997,False,0.044348,0.205229,tencent
9981.HK,2026-04-02,32,18.511,18.741,17.921,18.181,18.181,1290400.0,23666270.0,-0.017827,0.000753,False,0.043612,0.219398,tencent
9981.HK,2026-04-08,33,18.731,19.741,18.731,19.711,19.711,3785200.0,73866510.0,0.084154,0.001139,False,0.046779,0.153707,tencent
9981.HK,2026-04-09,34,19.711,19.711,18.741,18.781,18.781,3092400.0,59723239.99999999,-0.047182,0.00079,False,0.046956,0.193637,tencent
9981.HK,2026-04-10,35,18.891,19.351,18.861,19.061,19.061,3566800.0,68882860.0,0.014909,0.000216,False,0.044662,0.181615,tencent
9981.HK,2026-04-13,36,19.061,19.341,18.371,19.111,19.111,2880000.0,55411090.00000001,0.002623,4.7e-05,False,0.044546,0.179468,tencent
9981.HK,2026-04-14,37,19.441,20.011,19.391,19.581,19.581,3409200.0,67994990.0,0.024593,0.000362,False,0.044441,0.159289,tencent
9981.HK,2026-04-15,38,19.931,20.111,19.011,19.071,19.071,2915200.0,57495290.00000001,-0.026046,0.000453,False,0.044742,0.181186,tencent
9981.HK,2026-04-16,39,19.411,19.661,19.121,19.531,19.531,3260800.0,63577460.0,0.02412,0.000379,False,0.039256,0.161436,tencent
9981.HK,2026-04-17,40,19.611,19.971,19.381,19.831,19.831,2780400.0,55451000.0,0.01536,0.000277,False,0.038832,0.148555,tencent
9981.HK,2026-04-20,41,19.871,21.271,19.871,21.251,21.251,7112400.0,149818600.0,0.071605,0.000478,False,0.041413,0.087587,tencent
9981.HK,2026-04-21,42,21.371,21.651,20.331,20.531,20.531,2623200.0,54585800.0,-0.033881,0.000621,False,0.040685,0.118501,tencent
9981.HK,2026-04-22,43,20.451,20.931,20.111,20.611,20.611,2611400.0,54370030.0,0.003897,7.2e-05,False,0.038243,0.115066,tencent
9981.HK,2026-04-23,44,20.851,21.611,20.191,20.391,20.391,3987800.0,84159520.0,-0.010674,0.000127,False,0.038171,0.124512,tencent
9981.HK,2026-04-24,45,18.541,19.031,17.431,17.471,17.471,11232800.0,202391590.0,-0.1432,0.000708,False,0.049599,0.249882,tencent
9981.HK,2026-04-27,46,17.601,17.691,17.231,17.311,17.311,3413400.0,60175340.0,-0.009158,0.000152,False,0.048742,0.256752,tencent
9981.HK,2026-04-28,47,17.301,17.341,16.191,16.281,16.281,4515400.0,75177640.0,-0.0595,0.000791,False,0.048467,0.300975,tencent
9981.HK,2026-04-29,48,16.271,16.651,16.221,16.531,16.531,2872200.0,47857000.0,0.015355,0.000321,False,0.048705,0.290241,tencent
9981.HK,2026-04-30,49,16.811,16.811,16.251,16.331,16.331,2253200.0,37385130.0,-0.012098,0.000324,False,0.048374,0.298828,tencent
9981.HK,2026-05-04,50,16.651,16.651,15.821,15.891,15.891,627600.0,10221200.0,-0.026943,0.002636,False,0.048522,0.317719,tencent
9981.HK,2026-05-05,51,15.891,15.911,15.171,15.651,15.651,427451.0,6699420.0,-0.015103,0.002254,False,0.047448,0.328024,tencent
9981.HK,2026-05-06,52,16.111,16.271,15.691,15.801,15.801,3240600.0,52508400.0,0.009584,0.000183,False,0.047523,0.321583,tencent
9981.HK,2026-05-07,53,15.931,16.221,15.671,16.071,16.071,3409800.0,55269450.0,0.017088,0.000309,False,0.042985,0.309991,tencent
9981.HK,2026-05-08,54,16.011,16.391,15.831,16.321,16.321,2754800.0,44901250.0,0.015556,0.000346,False,0.042354,0.299257,tencent
9981.HK,2026-05-11,55,16.561,16.721,16.121,16.151,16.151,2875000.0,47365410.0,-0.010416,0.00022,False,0.042071,0.306556,tencent
9981.HK,2026-05-12,56,16.161,16.601,15.971,16.051,16.051,3327800.0,54636510.0,-0.006192,0.000113,False,0.042007,0.31085,tencent
9981.HK,2026-05-13,57,16.261,16.261,15.761,15.881,15.881,3027200.0,48707610.00000001,-0.010591,0.000217,False,0.04131,0.318149,tencent
9981.HK,2026-05-14,58,16.011,16.031,15.131,15.171,15.171,3018600.0,46987930.0,-0.044708,0.000951,False,0.041908,0.348633,tencent
9981.HK,2026-05-15,59,15.171,15.311,14.821,14.901,14.901,2803400.0,42367710.0,-0.017797,0.00042,False,0.041127,0.360225,tencent
9981.HK,2026-05-18,60,14.901,14.901,14.341,14.491,14.491,2146600.0,31515250.0,-0.027515,0.000873,False,0.040708,0.377828,tencent
9981.HK,2026-05-19,61,14.491,14.621,13.921,14.521,14.521,2599400.0,37687340.0,0.00207,5.5e-05,False,0.035594,0.37654,tencent
9981.HK,2026-05-20,62,14.511,14.511,14.011,14.261,14.261,1472000.0,21146760.0,-0.017905,0.000847,False,0.035403,0.387703,tencent
9981.HK,2026-05-21,63,14.401,14.541,13.511,13.591,13.591,1991400.0,28149790.0,-0.046981,0.001669,False,0.035619,0.41647,tencent
9981.HK,2026-05-22,64,13.771,14.301,13.611,14.261,14.261,2175000.0,30930220.0,0.049297,0.001594,False,0.038821,0.387703,tencent
9981.HK,2026-05-26,65,14.311,14.581,14.111,14.511,14.511,2337600.0,34207290.0,0.01753,0.000512,False,0.025747,0.37697,tencent
9981.HK,2026-05-27,66,14.711,16.121,14.581,15.461,15.461,8169600.0,128414270.0,0.065468,0.00051,False,0.030651,0.336181,tencent
9981.HK,2026-05-28,67,15.461,15.921,15.091,15.311,15.311,3540600.0,55182050.0,-0.009702,0.000176,False,0.027907,0.342622,tencent
9981.HK,2026-05-29,68,15.311,15.691,15.041,15.101,15.101,2735200.0,42575690.00000001,-0.013716,0.000322,False,0.027673,0.351638,tencent
9981.HK,2026-06-01,69,15.571,15.991,15.081,15.621,15.621,5613200.0,88116940.0,0.034435,0.000391,False,0.028899,0.329312,tencent
9981.HK,2026-06-02,70,15.601,15.601,14.731,14.891,14.891,4542000.0,68756780.0,-0.046732,0.00068,False,0.030118,0.360654,tencent
9981.HK,2026-06-03,71,15.291,15.861,14.701,14.791,14.791,6473000.0,99699959.99999999,-0.006715,6.7e-05,False,0.029996,0.364948,tencent
9981.HK,2026-06-04,72,14.911,14.911,14.161,14.231,14.231,2390400.0,34731540.0,-0.037861,0.00109,False,0.030862,0.388991,tencent
9981.HK,2026-06-05,73,14.471,14.511,13.771,13.771,13.771,2121600.0,30296300.0,-0.032324,0.001067,False,0.030998,0.408742,tencent
9981.HK,2026-06-08,74,13.651,13.651,12.691,12.761,12.761,3326000.0,43652650.0,-0.073343,0.00168,False,0.033804,0.452106,tencent
9981.HK,2026-06-09,75,13.101,13.161,12.761,12.861,12.861,1601480.0,20996340.0,0.007836,0.000373,False,0.034085,0.447812,tencent
9981.HK,2026-06-10,76,12.711,13.711,12.291,12.591,12.591,3918600.0,50722720.0,-0.020994,0.000414,False,0.034141,0.459405,tencent
9981.HK,2026-06-11,77,12.201,12.491,12.041,12.391,12.391,2406600.0,29790200.0,-0.015884,0.000533,False,0.034154,0.467992,tencent
9981.HK,2026-06-12,78,12.6,13.2,12.5,13.2,13.2,2540200.0,32621950.0,0.065289,0.002001,False,0.037285,0.433257,tencent
9981.HK,2026-06-15,79,13.29,13.83,13.27,13.7,13.7,2788600.0,37973830.0,0.037879,0.000997,False,0.03844,0.41179,tencent
9981.HK,2026-06-16,80,13.96,14.23,13.63,13.71,13.71,2845000.0,39549940.0,0.00073,1.8e-05,False,0.038028,0.411361,tencent
9981.HK,2026-06-17,81,13.8,13.8,12.91,13.17,13.17,2550000.0,33695450.0,-0.039387,0.001169,False,0.038909,0.434546,tencent
9981.HK,2026-06-18,82,12.9,13.3,12.77,12.8,12.8,1657200.0,21482680.0,-0.028094,0.001308,False,0.039165,0.450431,tencent
9981.HK,2026-06-22,83,12.67,12.8,12.22,12.43,12.43,2384600.0,29554920.000000004,-0.028906,0.000978,False,0.038336,0.466317,tencent
9981.HK,2026-06-23,84,12.31,12.8,12.31,12.43,12.43,1470000.0,18467130.0,0.0,0.0,False,0.036275,0.466317,tencent
9981.HK,2026-06-24,85,12.43,12.52,11.68,11.7,11.7,3197800.0,38244290.0,-0.058729,0.001536,False,0.037629,0.49766,tencent
9981.HK,2026-06-25,86,11.74,11.74,11.04,11.17,11.17,3152600.0,35541880.0,-0.045299,0.001275,False,0.033898,0.520416,tencent
9981.HK,2026-06-26,87,11.38,11.38,10.7,10.95,10.95,2116000.0,23021040.0,-0.019696,0.000856,False,0.03388,0.529861,tencent
9981.HK,2026-06-29,88,10.95,11.26,10.81,10.87,10.87,1384800.0,15210950.0,-0.007306,0.00048,False,0.033934,0.533296,tencent
9981.HK,2026-06-30,89,10.81,11.74,10.81,11.4,11.4,3921200.0,44498400.0,0.048758,0.001096,False,0.035177,0.510541,tencent
9981.HK,2026-07-02,90,11.17,11.26,10.93,11.08,11.08,1642800.0,18238540.0,-0.02807,0.001539,False,0.034534,0.52428,tencent
9981.HK,2026-07-03,91,11.69,12.19,10.75,11.89,11.89,2964200.0,34999030.0,0.073105,0.002089,False,0.039664,0.489502,tencent
9981.HK,2026-07-06,92,12.15,12.5,11.77,11.87,11.87,2584200.0,31196400.0,-0.001682,5.4e-05,False,0.039154,0.490361,tencent
9981.HK,2026-07-07,93,12.1,12.1,11.11,11.32,11.32,1319800.0,15115850.0,-0.046335,0.003065,False,0.039728,0.513975,tencent
9981.HK,2026-07-08,94,11.3,11.66,11.24,11.48,11.48,1266000.0,14548090.0,0.014134,0.000972,False,0.036993,0.507106,tencent
9981.HK,2026-07-09,95,11.48,11.6,10.91,11.23,11.23,1711400.0,19107300.0,-0.021777,0.00114,False,0.03706,0.51784,tencent
9981.HK,2026-07-10,96,11.47,11.97,11.26,11.31,11.31,1902200.0,22239210.0,0.007124,0.00032,False,0.036999,0.514405,tencent
9981.HK,2026-07-13,97,11.31,11.39,10.46,10.53,10.53,2306600.0,24760200.0,-0.068966,0.002785,False,0.039652,0.547894,tencent
9981.HK,2026-07-14,98,10.65,10.92,10.17,10.86,10.86,1197400.0,12720310.0,0.031339,0.002464,False,0.037017,0.533725,tencent
9981.HK,2026-07-15,99,11.0,11.18,10.63,10.9,10.9,820400.0,9021380.0,0.003683,0.000408,False,0.035493,0.532008,tencent
9981.HK,2026-07-16,100,10.9,11.2,10.8,11.0,11.0,611000.0,6766810.0,0.009174,0.001356,False,0.035687,0.527715,tencent
9981.HK,2026-07-17,101,11.19,11.19,10.23,10.32,10.32,1529600.0,16044130.0,-0.061818,0.003853,False,0.036977,0.55691,tencent
9981.HK,2026-07-20,102,10.32,10.79,10.26,10.38,10.38,751400.0,7841810.0,0.005814,0.000741,False,0.036952,0.554334,tencent
9981.HK,2026-07-21,103,10.49,10.65,10.25,10.54,10.54,1332200.0,13988660.0,0.015414,0.001102,False,0.037073,0.547465,tencent
9981.HK,2026-07-22,104,10.67,10.67,10.27,10.32,10.32,940685.0,9789560.0,-0.020873,0.002132,False,0.037143,0.55691,tencent
9981.HK,2026-07-23,105,10.45,10.56,10.22,10.49,10.49,1123200.0,11776570.0,0.016473,0.001399,False,0.035574,0.549611,tencent
9981.HK,2026-07-24,106,10.47,10.47,10.1,10.14,10.14,1078800.0,11010850.0,-0.033365,0.00303,False,0.034955,0.564639,tencent
9981.HK,2026-07-27,107,10.28,10.45,10.07,10.38,10.38,642400.0,6641130.000000001,0.023669,0.003564,False,0.035289,0.554334,tencent
9981.HK,2026-07-28,108,10.1,10.37,10.0,10.08,10.08,1066800.0,10759620.0,-0.028902,0.002686,False,0.035784,0.567215,tencent
9981.HK,2026-07-29,109,10.08,10.83,10.08,10.52,10.52,3287400.0,34640120.0,0.043651,0.00126,False,0.035411,0.548323,tencent
9981.HK,2026-07-30,110,10.46,11.02,10.44,10.85,10.85,2855600.0,30843670.000000004,0.031369,0.001017,False,0.035725,0.534155,tencent
9981.HK,2026-07-31,111,11.34,11.34,10.86,10.99,10.99,2215400.0,24656760.0,0.012903,0.000523,False,0.031487,0.528144,tencent
9981.HK,2026-08-03,112,11.09,11.52,11.09,11.23,11.23,1760000.0,19891000.0,0.021838,0.001098,False,0.031992,0.51784,tencent
9981.HK,2026-08-04,113,11.23,11.63,11.19,11.45,11.45,2154800.0,24606830.0,0.01959,0.000796,False,0.030578,0.508394,tencent
9981.HK,2026-08-05,114,11.5,11.58,11.35,11.57,11.57,1175000.0,13511520.0,0.01048,0.000776,False,0.030506,0.503242,tencent
9981.HK,2026-08-06,115,11.57,11.64,11.3,11.35,11.35,950800.0,10907590.0,-0.019015,0.001743,False,0.030405,0.512687,tencent
9981.HK,2026-08-07,116,11.46,11.5,11.09,11.34,11.34,1069400.0,12080400.0,-0.000881,7.3e-05,False,0.030372,0.513117,tencent
9981.HK,2026-08-10,117,11.49,11.49,11.19,11.38,11.38,826000.0,9366500.0,0.003527,0.000377,False,0.025584,0.511399,tencent
9981.HK,2026-08-11,118,11.5,11.5,11.05,11.11,11.11,966200.0,10805070.0,-0.023726,0.002196,False,0.025473,0.522992,tencent
9981.HK,2026-08-12,119,11.0,11.31,11.0,11.2,11.2,745600.0,8336490.0,0.008101,0.000972,False,0.025512,0.519128,tencent
9981.HK,2026-08-13,120,11.28,11.28,10.48,10.65,10.65,2113800.0,23023020.0,-0.049107,0.002133,False,0.027833,0.542742,tencent
9981.HK,2026-08-14,121,10.76,10.76,10.52,10.53,10.53,934800.0,9904680.0,-0.011268,0.001138,False,0.024086,0.547894,tencent
9981.HK,2026-08-17,122,10.64,10.76,10.45,10.74,10.74,1232400.0,13143950.0,0.019943,0.001517,False,0.02443,0.538878,tencent
9981.HK,2026-08-18,123,10.63,10.76,10.4,10.63,10.63,1243400.0,13140050.000000002,-0.010242,0.000779,False,0.024362,0.543601,tencent
9981.HK,2026-08-19,124,10.69,10.69,9.89,9.935,9.935,3142000.0,31629880.0,-0.065381,0.002067,False,0.028172,0.57344,tencent
9981.HK,2026-08-20,125,9.965,10.1,9.905,9.94,9.94,1490400.0,14921220.0,0.000503,3.4e-05,False,0.02786,0.573226,tencent
9981.HK,2026-08-21,126,10.08,10.08,9.81,10.04,10.04,1246400.0,12464840.0,0.01006,0.000807,False,0.026991,0.568932,tencent
9981.HK,2026-08-24,127,10.0,10.1,9.51,9.655,9.655,2534600.0,24491300.0,-0.038347,0.001566,False,0.027665,0.585462,tencent
9981.HK,2026-08-25,128,9.78,10.35,9.78,10.2,10.2,3524400.0,35876300.0,0.056447,0.001573,False,0.029985,0.562063,tencent
9981.HK,2026-08-26,129,10.28,10.48,10.05,10.08,10.08,2066600.0,21128300.0,-0.011765,0.000557,False,0.028355,0.567215,tencent
9981.HK,2026-08-27,130,10.2,10.2,10.0,10.13,10.13,783400.0,7928650.0,0.00496,0.000626,False,0.027327,0.565068,tencent
9981.HK,2026-08-28,131,10.18,10.18,10.01,10.13,10.13,782000.0,7889570.0,0.0,0.0,False,0.027082,0.565068,tencent
9981.HK,2026-08-31,132,10.04,10.09,9.845,10.07,10.07,788600.0,7903150.000000001,-0.005923,0.000749,False,0.026406,0.567644,tencent
9981.HK,2026-09-01,133,10.22,10.22,9.895,9.9,9.9,939400.0,9357750.0,-0.016882,0.001804,False,0.025865,0.574943,tencent
9981.HK,2026-09-02,134,9.905,9.905,9.67,9.755,9.755,846400.0,8279240.0,-0.014646,0.001769,False,0.025584,0.581169,tencent
9981.HK,2026-09-03,135,10.02,10.02,9.755,9.85,9.85,1191600.0,11764640.0,0.009739,0.000828,False,0.02575,0.57709,tencent
9981.HK,2026-09-04,136,10.0,10.08,9.855,9.9,9.9,927200.0,9248870.0,0.005076,0.000549,False,0.025856,0.574943,tencent
9981.HK,2026-09-07,137,10.07,10.07,9.95,10.03,10.03,647000.0,6480160.0,0.013131,0.002026,False,0.026139,0.569362,tencent
9981.HK,2026-09-08,138,10.0,10.05,9.9,9.915,9.915,719400.0,7162050.0,-0.011466,0.001601,False,0.025842,0.574299,tencent
9981.HK,2026-09-09,139,9.755,10.33,9.755,10.2,10.2,2600600.0,26422660.0,0.028744,0.001088,False,0.026802,0.562063,tencent
9981.HK,2026-09-10,140,10.25,10.25,9.96,9.97,9.97,1114800.0,11187530.0,-0.022549,0.002016,False,0.025068,0.571938,tencent
9981.HK,2026-09-11,141,9.95,10.34,9.695,10.1,10.1,5944800.0,60577310.0,0.013039,0.000215,False,0.025235,0.566356,tencent
9981.HK,2026-09-14,142,10.12,10.16,9.5,9.5,9.5,4629200.0,44990240.0,-0.059406,0.00132,False,0.027752,0.592117,tencent
9981.HK,2026-09-15,143,9.52,9.575,8.99,9.0,9.0,3346000.0,30764319.999999996,-0.052632,0.001711,False,0.029666,0.613585,tencent
9981.HK,2026-09-16,144,9.0,9.05,8.81,8.98,8.98,1633000.0,14611489.999999998,-0.002222,0.000152,False,0.026404,0.614443,tencent
9981.HK,2026-09-17,145,8.98,9.02,8.805,8.83,8.83,1321600.0,11720840.0,-0.016704,0.001425,False,0.026505,0.620884,tencent
9981.HK,2026-09-18,146,8.995,9.06,8.9,8.905,8.905,1518000.0,13598950.0,0.008494,0.000625,False,0.026459,0.617663,tencent
9981.HK,2026-09-21,147,8.88,9.025,8.85,8.995,8.995,1685600.0,15125260.0,0.010107,0.000668,False,0.025508,0.613799,tencent
9981.HK,2026-09-22,148,9.04,9.11,8.885,8.91,8.91,1304800.0,11715139.999999998,-0.00945,0.000807,False,0.021305,0.617449,tencent
2649.HK,2026-03-09,1,7.5,7.9,6.0,6.2,6.2,18761400.0,186591000.0,-0.436364,0.002339,False,,0.21519,tencent
2649.HK,2026-03-10,2,6.29,6.52,5.68,6.06,6.06,4147000.0,25537700.0,-0.022581,0.000884,False,,0.232911,tencent
2649.HK,2026-03-11,3,6.15,6.15,5.8,5.82,5.82,917000.0,5448700.0,-0.039604,0.007269,False,,0.263291,tencent
2649.HK,2026-03-12,4,5.8,6.05,5.55,5.55,5.55,1046600.0,6012300.0,-0.046392,0.007716,False,,0.297468,tencent
2649.HK,2026-03-13,5,5.43,5.43,4.98,4.98,4.98,1929600.0,9890600.0,-0.102703,0.010384,False,0.174143,0.36962,tencent
2649.HK,2026-03-16,6,4.98,5.3,4.51,5.16,5.16,2998000.0,14441900.0,0.036145,0.002503,False,0.16981,0.346835,tencent
2649.HK,2026-03-17,7,5.26,5.26,4.88,4.93,4.93,548000.0,2738900.0,-0.044574,0.016274,False,0.156522,0.375949,tencent
2649.HK,2026-03-18,8,4.93,4.94,4.63,4.68,4.68,842500.0,3990600.0,-0.05071,0.012707,False,0.145707,0.407595,tencent
2649.HK,2026-03-19,9,4.69,4.91,4.63,4.74,4.74,510000.0,2422800.0,0.012821,0.005292,False,0.140406,0.4,tencent
2649.HK,2026-03-20,10,4.75,4.85,4.51,4.54,4.54,1305500.0,5958500.0,-0.042194,0.007081,False,0.132836,0.425316,tencent
2649.HK,2026-03-23,11,4.51,4.51,4.01,4.03,4.03,661000.0,2742200.0000000005,-0.112335,0.040965,False,0.126559,0.489873,tencent
2649.HK,2026-03-24,12,4.27,4.27,4.05,4.08,4.08,165500.0,677900.0000000001,0.012407,0.018302,False,0.123407,0.483544,tencent
2649.HK,2026-03-25,13,4.1,4.29,3.97,4.0,4.0,893500.0,3649100.0000000005,-0.019608,0.005373,False,0.118966,0.493671,tencent
2649.HK,2026-03-26,14,4.01,4.09,3.73,3.75,3.75,990000.0,3763100.0,-0.0625,0.016609,False,0.114302,0.525316,tencent
2649.HK,2026-03-27,15,3.76,3.87,3.68,3.69,3.69,563500.0,2099500.0,-0.016,0.007621,False,0.110886,0.532911,tencent
2649.HK,2026-03-30,16,3.67,3.94,3.5,3.9,3.9,238500.0,874800.0,0.056911,0.065056,False,0.111193,0.506329,tencent
2715.HK,2026-03-09,1,15.36,15.36,12.5,12.9,12.9,20582460.0,293044500.0,-0.160156,0.000547,False,,0.160156,tencent
2715.HK,2026-03-10,2,12.51,13.75,12.51,13.33,13.33,4139800.0,54470600.00000001,0.033333,0.000612,False,,0.132161,tencent
2715.HK,2026-03-11,3,13.55,14.77,13.55,14.06,14.06,3386060.0,47652500.0,0.054764,0.001149,False,,0.084635,tencent
2715.HK,2026-03-12,4,14.06,14.28,13.59,13.61,13.61,1195200.0,16514000.0,-0.032006,0.001938,False,,0.113932,tencent
2715.HK,2026-03-13,5,13.62,13.62,12.8,12.9,12.9,1766800.0,23106700.0,-0.052168,0.002258,False,0.084594,0.160156,tencent
2715.HK,2026-03-16,6,12.91,13.38,12.36,12.84,12.84,2013800.0,26046200.0,-0.004651,0.000179,False,0.076438,0.164062,tencent
2715.HK,2026-03-17,7,12.84,13.27,12.68,12.68,12.68,569800.0,7394700.0,-0.012461,0.001685,False,0.069988,0.174479,tencent
2715.HK,2026-03-18,8,12.68,12.83,12.47,12.57,12.57,1102200.0,13900400.0,-0.008675,0.000624,False,0.065046,0.181641,tencent
2715.HK,2026-03-19,9,12.56,12.56,12.3,12.31,12.31,493600.0,6119800.0,-0.020684,0.00338,False,0.060849,0.198568,tencent
2715.HK,2026-03-20,10,12.31,12.5,12.22,12.39,12.39,287000.0,3546300.0,0.006499,0.001833,False,0.058098,0.193359,tencent
2715.HK,2026-03-23,11,12.2,13.27,11.68,13.0,13.0,2618800.0,33004699.999999996,0.049233,0.001492,False,0.058897,0.153646,tencent
2715.HK,2026-03-24,12,13.0,13.0,12.15,12.15,12.15,608600.0,7582600.0,-0.065385,0.008623,False,0.058129,0.208984,tencent
2715.HK,2026-03-25,13,12.0,12.49,11.73,11.73,11.73,880200.0,10569600.0,-0.034568,0.003271,False,0.055851,0.236328,tencent
2715.HK,2026-03-26,14,11.73,12.0,11.38,11.45,11.45,865600.0,10074300.0,-0.02387,0.002369,False,0.053676,0.254557,tencent
2715.HK,2026-03-27,15,11.45,12.29,11.35,12.03,12.03,992400.0,11610500.0,0.050655,0.004363,False,0.05479,0.216797,tencent
2715.HK,2026-03-30,16,12.01,12.39,11.58,12.09,12.09,592000.0,7125100.0,0.004988,0.0007,False,0.05316,0.212891,tencent
2715.HK,2026-03-31,17,12.06,12.33,11.22,11.25,11.25,698400.0,8115300.0,-0.069479,0.008561,False,0.053236,0.267578,tencent
2715.HK,2026-04-01,18,11.6,11.8,11.3,11.43,11.43,598600.0,6826700.0,0.016,0.002344,False,0.05222,0.255859,tencent
2715.HK,2026-04-02,19,11.43,11.99,11.4,11.86,11.86,760200.0,8885200.0,0.03762,0.004234,False,0.05216,0.227865,tencent
2715.HK,2026-04-08,20,12.24,13.27,12.24,12.87,12.87,4394400.0,56446600.0,0.08516,0.001509,False,0.055236,0.162109,tencent
2715.HK,2026-04-09,21,13.05,13.13,12.41,12.57,12.57,2058200.0,26409699.999999996,-0.02331,0.000883,False,0.042254,0.181641,tencent
2715.HK,2026-04-10,22,12.64,13.05,12.41,12.79,12.79,1699800.0,21751700.0,0.017502,0.000805,False,0.041733,0.167318,tencent
2715.HK,2026-04-13,23,12.79,13.86,12.75,13.6,13.6,3562400.0,47864900.0,0.063331,0.001323,False,0.042377,0.114583,tencent
2715.HK,2026-04-14,24,13.7,13.9,13.03,13.28,13.28,1788800.0,24007600.000000004,-0.023529,0.00098,False,0.04209,0.135417,tencent
2715.HK,2026-04-15,25,13.28,13.98,12.7,12.94,12.94,1974000.0,26360800.0,-0.025602,0.000971,False,0.040769,0.157552,tencent
2715.HK,2026-04-16,26,12.94,13.33,12.94,13.1,13.1,1259800.0,16623800.000000002,0.012365,0.000744,False,0.040823,0.147135,tencent
2715.HK,2026-04-17,27,13.13,13.86,13.1,13.37,13.37,1644200.0,22104000.0,0.020611,0.000932,False,0.040886,0.129557,tencent
2715.HK,2026-04-20,28,13.37,13.81,12.86,13.02,13.02,2397600.0,31759500.0,-0.026178,0.000824,False,0.041343,0.152344,tencent
2715.HK,2026-04-21,29,12.9,13.11,12.51,12.63,12.63,1039600.0,13175800.0,-0.029954,0.002273,False,0.041668,0.177734,tencent
2715.HK,2026-04-22,30,12.52,12.79,12.48,12.6,12.6,925400.0,11683800.000000002,-0.002375,0.000203,False,0.041666,0.179688,tencent
2715.HK,2026-04-23,31,12.44,12.71,12.32,12.36,12.36,448000.0,5568400.0,-0.019048,0.003421,False,0.04034,0.195312,tencent
2715.HK,2026-04-24,32,12.36,12.5,12.18,12.19,12.19,617800.0,7600200.0,-0.013754,0.00181,False,0.037613,0.20638,tencent
2715.HK,2026-04-27,33,12.22,12.75,12.22,12.58,12.58,1239750.0,15572600.0,0.031993,0.002054,False,0.037259,0.18099,tencent
2715.HK,2026-04-28,34,12.59,12.59,11.95,11.96,11.96,813600.0,9936300.0,-0.049285,0.00496,False,0.038672,0.221354,tencent
2715.HK,2026-04-29,35,12.09,12.39,12.03,12.39,12.39,515200.0,6306500.0,0.035953,0.005701,False,0.037847,0.193359,tencent
2715.HK,2026-04-30,36,12.5,13.71,12.5,12.83,12.83,7333582.0,96618700.00000001,0.035513,0.000368,False,0.038576,0.164714,tencent
2715.HK,2026-05-04,37,12.9,14.0,12.9,13.67,13.67,922400.0,12573000.0,0.065472,0.005207,False,0.036871,0.110026,tencent
2715.HK,2026-05-05,38,13.67,13.67,13.16,13.29,13.29,254000.0,3401700.0,-0.027798,0.008172,False,0.037811,0.134766,tencent
2715.HK,2026-05-06,39,13.3,14.26,12.96,13.8,13.8,4338000.0,59283900.0,0.038375,0.000647,False,0.037843,0.101562,tencent
2715.HK,2026-05-07,40,13.82,15.0,13.79,14.64,14.64,3940600.0,57150100.0,0.06087,0.001065,False,0.035567,0.046875,tencent
2715.HK,2026-05-08,41,14.64,15.33,14.6,14.7,14.7,3689850.0,55170800.0,0.004098,7.4e-05,False,0.034856,0.042969,tencent
2715.HK,2026-05-11,42,14.7,15.2,14.38,15.01,15.01,2224600.0,33056300.0,0.021088,0.000638,False,0.034914,0.022786,tencent
2715.HK,2026-05-12,43,15.02,15.76,14.79,14.88,14.88,2676100.0,40490900.0,-0.008661,0.000214,False,0.03261,0.055838,tencent
2715.HK,2026-05-13,44,15.0,15.0,14.21,14.6,14.6,2228600.0,32458200.0,-0.018817,0.00058,False,0.03241,0.073604,tencent
2715.HK,2026-05-14,45,14.89,15.02,14.23,14.27,14.27,1669400.0,24396800.0,-0.022603,0.000926,False,0.032266,0.094543,tencent
2715.HK,2026-05-15,46,14.56,16.94,14.23,15.24,15.24,23919600.0,374719200.0,0.067975,0.000181,False,0.035164,0.100354,tencent
2715.HK,2026-05-18,47,15.36,15.68,14.69,15.3,15.3,10963200.0,167542700.0,0.003937,2.3e-05,False,0.035051,0.096812,tencent
2715.HK,2026-05-19,48,15.3,15.66,15.0,15.51,15.51,3945400.0,60621500.0,0.013725,0.000226,False,0.034168,0.084416,tencent
2715.HK,2026-05-20,49,15.51,15.51,14.15,14.38,14.38,5740200.0,83123200.0,-0.072856,0.000876,False,0.037906,0.151122,tencent
2715.HK,2026-05-21,50,14.5,16.9,14.45,15.9,15.9,24118600.0,388997500.0,0.105702,0.000272,False,0.043728,0.061393,tencent
2715.HK,2026-05-22,51,16.0,17.12,15.58,16.59,16.59,12381096.0,204708900.0,0.043396,0.000212,False,0.043579,0.030958,tencent
2715.HK,2026-05-26,52,16.7,20.76,16.11,19.93,19.93,26516300.0,492956700.0,0.201326,0.000408,False,0.059539,0.039981,tencent
2715.HK,2026-05-27,53,20.6,20.6,18.06,18.64,18.64,12976553.0,246006500.0,-0.064727,0.000263,False,0.0629,0.102119,tencent
2715.HK,2026-05-28,54,18.64,19.24,17.58,18.14,18.14,9269600.0,168772500.0,-0.026824,0.000159,False,0.061757,0.126204,tencent
2715.HK,2026-05-29,55,18.59,19.55,16.69,16.84,16.84,14650400.0,260660000.0,-0.071665,0.000275,False,0.065142,0.188825,tencent
2715.HK,2026-06-01,56,16.84,17.13,16.11,16.33,16.33,5362400.0,89136900.0,-0.030285,0.00034,False,0.065836,0.213391,tencent
2715.HK,2026-06-02,57,16.4,17.89,16.36,16.62,16.62,10947200.0,185694300.0,0.017759,9.6e-05,False,0.064731,0.199422,tencent
2715.HK,2026-06-03,58,16.73,18.35,16.22,17.16,17.16,22556600.0,397088200.0,0.032491,8.2e-05,False,0.064196,0.17341,tencent
2715.HK,2026-06-04,59,17.06,18.2,16.53,16.53,16.53,13021600.0,227865900.0,-0.036713,0.000161,False,0.064931,0.203757,tencent
2715.HK,2026-06-05,60,16.72,18.25,15.41,18.16,18.16,23756000.0,410355800.0,0.098609,0.00024,False,0.066974,0.125241,tencent
2715.HK,2026-06-08,61,17.85,21.28,17.3,20.4,20.4,42406068.0,851286500.0,0.123348,0.000145,False,0.071322,0.041353,tencent
2715.HK,2026-06-09,62,21.5,22.54,20.3,21.06,21.06,32758200.0,710153000.0,0.032353,4.6e-05,False,0.071385,0.065661,tencent
2715.HK,2026-06-10,63,21.32,21.6,17.45,17.65,17.65,31285285.0,591007400.0,-0.161918,0.000274,False,0.081991,0.216948,tencent
2715.HK,2026-06-11,64,17.0,17.63,15.93,16.63,16.63,16638400.0,274341200.0,-0.05779,0.000211,False,0.083208,0.262201,tencent
2715.HK,2026-06-12,65,17.0,18.4,16.76,17.0,17.0,17659600.0,306874700.0,0.022249,7.3e-05,False,0.082894,0.245785,tencent
2715.HK,2026-06-15,66,17.61,18.36,17.04,18.15,18.15,12421000.0,221636600.0,0.067647,0.000305,False,0.082882,0.194765,tencent
2715.HK,2026-06-16,67,18.3,19.84,17.63,18.43,18.43,14555000.0,273110500.0,0.015427,5.6e-05,False,0.082864,0.182343,tencent
2715.HK,2026-06-17,68,18.89,19.12,17.8,18.62,18.62,9160400.0,168814000.0,0.010309,6.1e-05,False,0.082865,0.173913,tencent
2715.HK,2026-06-18,69,18.8,21.36,18.78,21.0,21.0,25952300.0,527104400.0,0.12782,0.000242,False,0.084139,0.068323,tencent
2715.HK,2026-06-22,70,21.78,21.78,19.2,19.79,19.79,17525000.0,352151700.0,-0.057619,0.000164,False,0.083554,0.122005,tencent
2715.HK,2026-06-23,71,20.0,20.82,18.52,19.68,19.68,16223800.0,323073100.0,-0.005558,1.7e-05,False,0.083373,0.126886,tencent
2715.HK,2026-06-24,72,19.47,20.06,18.7,19.05,19.05,9734400.0,187298200.0,-0.032012,0.000171,False,0.070841,0.154836,tencent
2715.HK,2026-06-25,73,19.48,20.46,18.17,18.2,18.2,16136375.0,308338400.0,-0.044619,0.000145,False,0.07001,0.192547,tencent
2715.HK,2026-06-26,74,18.33,18.44,17.0,17.48,17.48,9995000.0,176210000.0,-0.03956,0.000225,False,0.070335,0.22449,tencent
2715.HK,2026-06-29,75,17.48,18.23,16.8,17.0,17.0,8051400.0,139796400.0,-0.02746,0.000196,False,0.068621,0.245785,tencent
2715.HK,2026-06-30,76,17.31,19.11,17.14,18.68,18.68,17063800.0,314544800.0,0.098824,0.000314,False,0.07137,0.171251,tencent
2715.HK,2026-07-02,77,20.8,21.2,18.73,19.16,19.16,25178401.0,502537600.0,0.025696,5.1e-05,False,0.071443,0.149956,tencent
2715.HK,2026-07-03,78,19.8,25.6,19.72,25.5,25.5,62042000.0,1427989400.0,0.330898,0.000232,False,0.101371,0.003906,tencent
2715.HK,2026-07-06,79,24.5,26.18,22.44,23.32,23.32,38967400.0,949175500.0,-0.08549,9e-05,False,0.103486,0.109244,tencent
2715.HK,2026-07-07,80,22.78,24.92,21.88,23.6,23.6,41003000.0,958411200.0,0.012007,1.3e-05,False,0.101914,0.098549,tencent
2715.HK,2026-07-08,81,22.96,22.96,19.2,19.27,19.27,22801000.0,460274500.0,-0.183475,0.000399,False,0.108085,0.263942,tencent
2715.HK,2026-07-09,82,19.55,21.28,18.52,20.6,20.6,32154810.0,639121700.0,0.069019,0.000108,False,0.108928,0.21314,tencent
2715.HK,2026-07-10,83,21.36,22.98,20.62,21.44,21.44,31557800.0,686816799.9999999,0.040777,5.9e-05,False,0.101856,0.181054,tencent
2715.HK,2026-07-13,84,21.16,21.3,18.88,19.6,19.6,13203000.0,263234500.0,-0.085821,0.000326,False,0.103087,0.251337,tencent
2715.HK,2026-07-14,85,19.95,21.1,19.5,20.5,20.5,15520556.0,315622400.0,0.045918,0.000145,False,0.103335,0.21696,tencent
2715.HK,2026-07-15,86,21.38,22.56,21.1,21.1,21.1,19527800.0,428274500.0,0.029268,6.8e-05,False,0.102643,0.194041,tencent
2715.HK,2026-07-16,87,21.12,23.4,20.38,22.7,22.7,26482200.0,590270500.0,0.075829,0.000128,False,0.103626,0.132926,tencent
2715.HK,2026-07-17,88,23.1,23.1,19.31,19.47,19.47,17506673.0,359196700.0,-0.142291,0.000396,False,0.109462,0.256303,tencent
2715.HK,2026-07-20,89,19.89,20.3,17.92,18.39,18.39,14425800.0,269560100.0,-0.05547,0.000206,False,0.1065,0.297555,tencent
2715.HK,2026-07-21,90,18.98,19.63,16.73,18.73,18.73,18837874.0,346635700.0,0.018488,5.3e-05,False,0.105748,0.284568,tencent
2715.HK,2026-07-22,91,18.91,19.98,18.73,19.26,19.26,13648400.0,265481699.99999997,0.028297,0.000107,False,0.105888,0.264324,tencent
2715.HK,2026-07-23,92,18.49,19.84,18.34,18.38,18.38,9420385.0,178253800.0,-0.045691,0.000256,False,0.106176,0.297937,tencent
2715.HK,2026-07-24,93,17.69,18.69,17.56,17.58,17.58,5852000.0,105164400.0,-0.043526,0.000414,False,0.10615,0.328495,tencent
2715.HK,2026-07-27,94,17.62,18.58,16.97,18.33,18.33,7712200.0,138938900.0,0.042662,0.000307,False,0.105995,0.299847,tencent
2715.HK,2026-07-28,95,17.87,18.76,17.68,18.17,18.17,6179400.0,112416800.0,-0.008729,7.8e-05,False,0.105753,0.305959,tencent
2715.HK,2026-07-29,96,18.63,19.88,18.19,18.19,18.19,12351200.0,233955099.99999997,0.001101,5e-06,False,0.103588,0.305195,tencent
2715.HK,2026-07-30,97,18.24,18.24,15.88,15.97,15.97,11259100.0,190407599.99999997,-0.122045,0.000641,False,0.107128,0.389992,tencent
2715.HK,2026-07-31,98,17.0,17.65,16.6,16.8,16.8,17074800.0,292326700.0,0.051972,0.000178,False,0.074405,0.358289,tencent
2715.HK,2026-08-03,99,16.84,18.18,16.84,17.57,17.57,13699800.0,242934900.00000003,0.045833,0.000189,False,0.073915,0.328877,tencent
2715.HK,2026-08-04,100,17.73,18.36,17.25,18.07,18.07,9751800.0,175460400.0,0.028458,0.000162,False,0.074279,0.309778,tencent
2715.HK,2026-08-05,101,18.3,19.2,18.1,18.84,18.84,14827200.0,278931000.0,0.042612,0.000153,False,0.062896,0.280367,tencent
2715.HK,2026-08-06,102,19.16,19.32,18.2,18.5,18.5,10455600.0,196457599.99999997,-0.018047,9.2e-05,False,0.060909,0.293354,tencent
2715.HK,2026-08-07,103,18.75,19.0,18.12,18.92,18.92,9247970.0,172301400.0,0.022703,0.000132,False,0.060349,0.277311,tencent
2715.HK,2026-08-10,104,19.15,19.52,18.05,18.37,18.37,5954000.0,110169000.0,-0.02907,0.000264,False,0.057592,0.298319,tencent
2715.HK,2026-08-11,105,18.34,19.79,18.0,19.6,19.6,15587200.0,296834000.0,0.066957,0.000226,False,0.058687,0.251337,tencent
2715.HK,2026-08-12,106,19.8,19.8,18.92,19.0,19.0,7664923.0,146565400.0,-0.030612,0.000209,False,0.058614,0.274255,tencent
2715.HK,2026-08-13,107,19.2,19.65,18.41,18.41,18.41,8084400.0,154523900.0,-0.031053,0.000201,False,0.055803,0.296791,tencent
2715.HK,2026-08-14,108,18.75,18.75,17.91,18.22,18.22,4548600.0,82934400.0,-0.01032,0.000124,False,0.046166,0.304049,tencent
2715.HK,2026-08-17,109,18.47,19.14,18.22,19.09,19.09,6461200.0,120932700.0,0.04775,0.000395,False,0.045673,0.270817,tencent
2715.HK,2026-08-18,110,19.3,21.06,18.72,20.7,20.7,24649200.0,492795199.99999994,0.084337,0.000171,False,0.049102,0.20932,tencent
2715.HK,2026-08-19,111,20.44,20.44,17.76,17.76,17.76,13003001.0,241699700.0,-0.142029,0.000588,False,0.058864,0.32162,tencent
2715.HK,2026-08-20,112,18.01,18.07,16.88,17.34,17.34,8593200.0,149390800.0,-0.023649,0.000158,False,0.058213,0.337662,tencent
2715.HK,2026-08-21,113,17.4,18.12,17.33,17.84,17.84,6286928.0,112100900.0,0.028835,0.000257,False,0.057692,0.318564,tencent
2715.HK,2026-08-24,114,18.18,18.18,16.8,16.8,16.8,4794800.0,82141800.0,-0.058296,0.00071,False,0.058395,0.358289,tencent
2715.HK,2026-08-25,115,16.8,17.5,16.8,17.22,17.22,4157000.0,71773300.0,0.025,0.000348,False,0.058697,0.342246,tencent
2715.HK,2026-08-26,116,17.32,17.38,17.02,17.09,17.09,3108000.0,53447299.99999999,-0.007549,0.000141,False,0.058713,0.347212,tencent
2715.HK,2026-08-27,117,17.27,17.48,17.03,17.4,17.4,3801200.0,65858000.0,0.018139,0.000275,False,0.051475,0.335371,tencent
2715.HK,2026-08-28,118,17.43,17.7,17.04,17.05,17.05,3343600.0,57948200.0,-0.020115,0.000347,False,0.050572,0.348739,tencent
2715.HK,2026-08-31,119,16.99,17.2,16.65,17.15,17.15,2507240.0,42474200.0,0.005865,0.000138,False,0.049528,0.34492,tencent
2715.HK,2026-09-01,120,17.21,17.4,16.8,16.8,16.8,3050600.0,51860700.0,-0.020408,0.000394,False,0.049254,0.358289,tencent
2715.HK,2026-09-02,121,16.64,16.78,16.2,16.34,16.34,2036837.0,33288700.0,-0.027381,0.000823,False,0.048363,0.375859,tencent
2715.HK,2026-09-03,122,16.4,16.92,16.4,16.45,16.45,2149400.0,35781000.0,0.006732,0.000188,False,0.048354,0.371658,tencent
2715.HK,2026-09-04,123,16.69,17.04,15.99,16.08,16.08,3736000.0,61824200.0,-0.022492,0.000364,False,0.048061,0.385791,tencent
2715.HK,2026-09-07,124,16.15,16.73,16.15,16.22,16.22,3313000.0,54626600.0,0.008706,0.000159,False,0.047888,0.380443,tencent
2715.HK,2026-09-08,125,16.35,16.68,15.88,15.91,15.91,2861400.0,46351000.0,-0.019112,0.000412,False,0.044845,0.392284,tencent
2715.HK,2026-09-09,126,16.03,16.03,15.15,15.24,15.24,4636663.0,71774000.0,-0.042112,0.000587,False,0.045204,0.417876,tencent
2715.HK,2026-09-10,127,15.24,15.24,14.7,14.75,14.75,2828000.0,42104600.0,-0.032152,0.000764,False,0.045231,0.436593,tencent
2715.HK,2026-09-11,128,14.88,14.88,14.18,14.46,14.46,2898800.0,41785800.0,-0.019661,0.000471,False,0.045283,0.44767,tencent
2715.HK,2026-09-14,129,14.46,14.7,14.24,14.42,14.42,2949000.0,42787200.0,-0.002766,6.5e-05,False,0.043226,0.449198,tencent
2715.HK,2026-09-15,130,14.47,14.62,14.26,14.34,14.34,1370800.0,19729000.0,-0.005548,0.000281,False,0.036762,0.452254,tencent
2715.HK,2026-09-16,131,14.35,14.7,14.21,14.61,14.61,1854000.0,26878700.0,0.018828,0.0007,False,0.023165,0.44194,tencent
2715.HK,2026-09-17,132,14.61,14.99,14.5,14.76,14.76,3579200.0,52958800.0,0.010267,0.000194,False,0.023312,0.436211,tencent
2715.HK,2026-09-18,133,15.1,15.25,14.69,15.03,15.03,3298200.0,49319000.0,0.018293,0.000371,False,0.022548,0.425898,tencent
2715.HK,2026-09-21,134,15.3,15.32,14.9,14.99,14.99,2449000.0,36942500.0,-0.002661,7.2e-05,False,0.019244,0.427426,tencent
2715.HK,2026-09-22,135,15.19,15.26,14.76,14.78,14.78,1588800.0,23812600.000000004,-0.014009,0.000588,False,0.01792,0.435447,tencent
2692.HK,2026-03-09,1,77.564,79.364,71.164,72.564,72.564,5117000.0,400713229.99999994,0.018013,4.5e-05,False,,0.085681,tencent
2692.HK,2026-03-10,2,74.564,91.564,73.514,91.564,91.564,6570280.0,547809950.0,0.261838,0.000478,False,,0.0,tencent
2692.HK,2026-03-11,3,90.514,94.364,81.864,82.564,82.564,3640160.0,314772060.0,-0.098292,0.000312,False,,0.125048,tencent
2692.HK,2026-03-12,4,83.064,84.764,77.064,78.314,78.314,1549600.0,124076800.0,-0.051475,0.000415,False,,0.170086,tencent
2692.HK,2026-03-13,5,78.314,80.064,76.414,76.414,76.414,767800.0,60165400.0,-0.024261,0.000403,False,0.141017,0.190221,tencent
2692.HK,2026-03-16,6,76.314,79.364,73.614,78.964,78.964,1194840.0,91493709.99999999,0.033371,0.000365,False,0.126228,0.163198,tencent
2692.HK,2026-03-17,7,78.814,78.864,75.064,75.914,75.914,644700.0,49470069.99999999,-0.038625,0.000781,False,0.117575,0.195519,tencent
2692.HK,2026-03-18,8,75.914,77.064,75.214,75.464,75.464,513700.0,39268610.0,-0.005928,0.000151,False,0.10909,0.200288,tencent
2692.HK,2026-03-19,9,74.564,74.564,70.564,70.564,70.564,755400.0,54923280.00000001,-0.064932,0.001182,False,0.105203,0.252215,tencent
2692.HK,2026-03-20,10,72.564,72.664,69.564,70.114,70.114,452200.0,32466750.0,-0.006377,0.000196,False,0.099234,0.256984,tencent
2692.HK,2026-03-23,11,69.564,72.464,63.664,64.964,64.964,1062100.0,72759290.0,-0.073452,0.00101,False,0.096875,0.311559,tencent
2692.HK,2026-03-24,12,66.564,68.164,63.614,66.814,66.814,748100.0,49566150.0,0.028477,0.000575,False,0.092858,0.291955,tencent
2692.HK,2026-03-25,13,66.814,71.464,66.814,70.114,70.114,1035200.0,72247090.0,0.049391,0.000684,False,0.090031,0.256984,tencent
2692.HK,2026-03-26,14,70.664,72.464,65.164,65.764,65.764,808400.0,55975959.99999999,-0.062042,0.001108,False,0.088183,0.303082,tencent
2692.HK,2026-03-27,15,67.764,67.764,64.264,66.114,66.114,396300.0,26346370.0,0.005322,0.000202,False,0.084999,0.299373,tencent
2692.HK,2026-03-30,16,63.664,66.114,61.714,61.964,61.964,561800.0,35493050.0,-0.06277,0.001769,False,0.083514,0.343351,tencent
2692.HK,2026-03-31,17,62.564,64.864,58.364,58.514,58.514,698005.0,42381240.0,-0.055677,0.001314,False,0.081764,0.379912,tencent
2692.HK,2026-04-01,18,61.364,62.564,59.664,62.464,62.464,758700.0,46953490.0,0.067505,0.001438,False,0.081329,0.338053,tencent
2692.HK,2026-04-02,19,62.614,62.614,56.664,56.714,56.714,849900.0,50066850.00000001,-0.092053,0.001839,False,0.081554,0.398987,tencent
2692.HK,2026-04-08,20,59.514,66.264,58.564,66.264,66.264,1296802.0,81443620.0,0.168389,0.002068,False,0.088742,0.297783,tencent
2692.HK,2026-04-09,21,66.564,66.564,63.414,64.564,64.564,490200.0,32105360.0,-0.025655,0.000799,False,0.088808,0.315798,tencent
2692.HK,2026-04-10,22,63.564,71.014,63.564,65.514,65.514,1702200.0,115122099.99999999,0.014714,0.000128,False,0.063779,0.305731,tencent
2692.HK,2026-04-13,23,65.414,66.364,63.264,64.164,64.164,379700.0,24712160.0,-0.020606,0.000834,False,0.060713,0.320037,tencent
2692.HK,2026-04-14,24,65.564,68.064,64.414,67.664,67.664,648700.0,43286910.0,0.054548,0.00126,False,0.0616,0.282947,tencent
2692.HK,2026-04-15,25,68.364,70.714,64.414,64.614,64.614,647300.0,44191040.0,-0.045076,0.00102,False,0.062107,0.315269,tencent
2692.HK,2026-04-16,26,65.514,70.014,65.064,68.364,68.364,941100.0,63981740.0,0.058037,0.000907,False,0.063178,0.275529,tencent
2692.HK,2026-04-17,27,69.764,69.764,66.014,67.714,67.714,727300.0,49264040.00000001,-0.009508,0.000193,False,0.062704,0.282417,tencent
2692.HK,2026-04-20,28,69.014,70.614,66.964,67.964,67.964,747000.0,51661060.0,0.003692,7.1e-05,False,0.062724,0.279768,tencent
2692.HK,2026-04-21,29,69.064,69.064,64.864,65.664,65.664,707300.0,46996310.0,-0.033841,0.00072,False,0.061492,0.304141,tencent
2692.HK,2026-04-22,30,65.514,66.364,63.864,65.614,65.614,395000.0,25922600.000000004,-0.000761,2.9e-05,False,0.061484,0.304671,tencent
2692.HK,2026-04-23,31,66.264,66.264,60.664,61.664,61.664,781800.0,48917120.00000001,-0.060201,0.001231,False,0.060735,0.34653,tencent
2692.HK,2026-04-24,32,61.564,62.514,60.314,61.464,61.464,223300.0,13772810.0,-0.003243,0.000235,False,0.06034,0.34865,tencent
2692.HK,2026-04-27,33,61.714,69.414,61.714,66.414,66.414,1474500.0,98808830.0,0.080535,0.000815,False,0.062125,0.296193,tencent
2692.HK,2026-04-28,34,63.164,63.164,59.614,60.214,60.214,1258600.0,77262170.0,-0.093354,0.001208,False,0.064109,0.361896,tencent
2692.HK,2026-04-29,35,60.264,63.464,60.264,62.014,62.014,637900.0,40158280.0,0.029893,0.000744,False,0.064501,0.342821,tencent
2692.HK,2026-04-30,36,62.464,66.214,61.114,65.664,65.664,1027900.0,66960570.0,0.058858,0.000879,False,0.06413,0.304141,tencent
2692.HK,2026-05-04,37,65.664,68.564,63.914,64.464,64.464,183500.0,12125560.0,-0.018275,0.001507,False,0.062805,0.316858,tencent
2692.HK,2026-05-05,38,65.064,65.064,61.664,63.414,63.414,119900.0,7558150.000000001,-0.016288,0.002155,False,0.061311,0.327985,tencent
2692.HK,2026-05-06,39,64.564,67.064,64.114,65.514,65.514,675706.0,44596120.0,0.033116,0.000743,False,0.057417,0.305731,tencent
2692.HK,2026-05-07,40,67.414,69.014,64.564,69.014,69.014,1139900.0,77326230.0,0.053424,0.000691,False,0.045008,0.268641,tencent
2692.HK,2026-05-08,41,69.014,74.014,67.364,69.814,69.814,1739200.0,124665950.0,0.011592,9.3e-05,False,0.044528,0.260163,tencent
2692.HK,2026-05-11,42,70.064,72.564,66.614,67.064,67.064,946400.0,64981080.0,-0.03939,0.000606,False,0.04553,0.289305,tencent
2692.HK,2026-05-12,43,68.564,70.164,65.814,66.264,66.264,812200.0,55200180.0,-0.011929,0.000216,False,0.045342,0.297783,tencent
2692.HK,2026-05-13,44,66.214,68.214,64.414,68.114,68.114,640300.0,42844530.00000001,0.027919,0.000652,False,0.044111,0.278178,tencent
2692.HK,2026-05-14,45,68.364,70.064,63.164,63.414,63.414,762600.0,50167800.0,-0.069002,0.001375,False,0.045728,0.327985,tencent
2692.HK,2026-05-15,46,63.614,75.914,62.614,69.564,69.564,6421400.0,461927610.0,0.096982,0.00021,False,0.049036,0.262812,tencent
2692.HK,2026-05-18,47,70.664,76.064,68.564,73.364,73.364,3721600.0,274361360.0,0.054626,0.000199,False,0.050324,0.222542,tencent
2692.HK,2026-05-19,48,74.564,78.914,72.064,76.014,76.014,3762900.0,287164790.0,0.036121,0.000126,False,0.050792,0.19446,tencent
2692.HK,2026-05-20,49,76.014,76.014,71.064,72.764,72.764,1845700.0,134685510.0,-0.042755,0.000317,False,0.051205,0.228901,tencent
2692.HK,2026-05-21,50,74.864,80.064,73.364,76.264,76.264,3161500.0,243202350.0,0.048101,0.000198,False,0.052005,0.19181,tencent
2692.HK,2026-05-22,51,76.364,79.414,74.764,76.514,76.514,2068500.0,159678900.0,0.003278,2.1e-05,False,0.049444,0.189161,tencent
2692.HK,2026-05-26,52,77.564,80.564,73.664,75.414,75.414,2696500.0,209952380.0,-0.014376,6.8e-05,False,0.049687,0.200818,tencent
2692.HK,2026-05-27,53,75.414,75.414,70.164,71.264,71.264,1569800.0,113824210.0,-0.05503,0.000483,False,0.049009,0.244797,tencent
2692.HK,2026-05-28,54,71.564,71.614,67.564,67.964,67.964,950100.0,65753840.0,-0.046307,0.000704,False,0.045023,0.279768,tencent
2692.HK,2026-05-29,55,67.514,68.914,62.564,62.564,62.564,1269200.0,82754660.0,-0.079454,0.00096,False,0.048598,0.336993,tencent
2692.HK,2026-06-01,56,61.414,64.914,61.414,63.514,63.514,541100.0,34714590.0,0.015184,0.000437,False,0.046837,0.326926,tencent
2692.HK,2026-06-02,57,64.414,66.964,63.864,64.164,64.164,777500.0,50975790.0,0.010234,0.000201,False,0.046705,0.320037,tencent
2692.HK,2026-06-03,58,65.064,65.564,61.664,62.514,62.514,921900.0,58952310.0,-0.025715,0.000436,False,0.046934,0.337523,tencent
2692.HK,2026-06-04,59,61.614,66.464,61.614,63.964,63.964,913600.0,59558890.0,0.023195,0.000389,False,0.04662,0.322157,tencent
2692.HK,2026-06-05,60,63.8,70.8,61.9,67.6,67.6,2727600.0,182800860.0,0.056844,0.000311,False,0.046833,0.283625,tencent
2692.HK,2026-06-08,61,65.25,72.5,65.15,70.45,70.45,2917300.0,203700830.0,0.04216,0.000207,False,0.047722,0.253423,tencent
2692.HK,2026-06-09,62,72.0,72.0,67.35,68.45,68.45,1507100.0,103498610.00000001,-0.028389,0.000274,False,0.047286,0.274617,tencent
2692.HK,2026-06-10,63,68.45,70.5,63.0,63.6,63.6,990800.0,64868400.0,-0.070855,0.001092,False,0.049965,0.326014,tencent
2692.HK,2026-06-11,64,63.6,64.45,60.4,61.95,61.95,627100.0,38711830.0,-0.025943,0.00067,False,0.049784,0.3435,tencent
2692.HK,2026-06-12,65,62.95,66.05,62.4,62.8,62.8,720200.0,46063200.0,0.013721,0.000298,False,0.047441,0.334492,tencent
2692.HK,2026-06-15,66,63.4,65.5,63.4,65.3,65.3,400200.0,25917630.0,0.039809,0.001536,False,0.042825,0.307999,tencent
2692.HK,2026-06-16,67,65.3,65.9,63.0,63.0,63.0,382600.0,24532250.0,-0.035222,0.001436,False,0.041224,0.332373,tencent
2692.HK,2026-06-17,68,62.95,63.4,60.4,60.65,60.65,509100.0,31188210.0,-0.037302,0.001196,False,0.040466,0.357276,tencent
2692.HK,2026-06-18,69,60.65,63.0,60.4,61.55,61.55,532700.0,32832480.0,0.014839,0.000452,False,0.040093,0.347739,tencent
2692.HK,2026-06-22,70,61.65,61.65,56.15,58.3,58.3,917700.0,53336110.0,-0.052803,0.00099,False,0.039055,0.38218,tencent
2692.HK,2026-06-23,71,57.05,60.0,56.25,56.6,56.6,706100.0,40816060.0,-0.02916,0.000714,False,0.039034,0.400195,tencent
2692.HK,2026-06-24,72,56.6,57.9,55.15,56.1,56.1,375600.0,21145079.999999996,-0.008834,0.000418,False,0.039053,0.405494,tencent
2692.HK,2026-06-25,73,55.85,57.7,51.05,51.05,51.05,1101200.0,59016150.0,-0.090018,0.001525,False,0.041685,0.45901,tencent
2692.HK,2026-06-26,74,51.2,51.2,44.0,44.22,44.22,1718200.0,79836660.0,-0.13379,0.001676,False,0.049011,0.531389,tencent
2692.HK,2026-06-29,75,44.6,46.0,42.8,46.0,46.0,679300.0,30364620.0,0.040253,0.001326,False,0.048687,0.512526,tencent
2692.HK,2026-06-30,76,45.82,50.8,45.82,49.36,49.36,1008600.0,49542650.0,0.073043,0.001474,False,0.052116,0.476919,tencent
2692.HK,2026-07-02,77,53.0,53.5,48.5,48.66,48.66,965200.0,49170100.0,-0.014182,0.000288,False,0.051873,0.484337,tencent
2692.HK,2026-07-03,78,48.8,62.1,48.8,61.3,61.3,3753100.0,218309290.0,0.259762,0.00119,False,0.079787,0.350388,tencent
2692.HK,2026-07-06,79,61.05,62.3,56.25,56.85,56.85,1454900.0,85311340.0,-0.072594,0.000851,False,0.0813,0.397546,tencent
2692.HK,2026-07-07,80,57.6,62.2,52.6,54.65,54.65,1765400.0,100265770.0,-0.038698,0.000386,False,0.080405,0.42086,tencent
2692.HK,2026-07-08,81,54.0,55.55,50.75,51.65,51.65,706100.0,36622560.0,-0.054895,0.001499,False,0.080165,0.452651,tencent
2692.HK,2026-07-09,82,51.6,52.95,50.3,52.0,52.0,704200.0,36436630.0,0.006776,0.000186,False,0.080185,0.448942,tencent
2692.HK,2026-07-10,83,53.6,56.0,49.6,50.15,50.15,1458100.0,77652730.0,-0.035577,0.000458,False,0.079176,0.468547,tencent
2692.HK,2026-07-13,84,50.15,50.15,47.3,48.0,48.0,496400.0,23968069.999999996,-0.042871,0.001789,False,0.079456,0.491331,tencent
2692.HK,2026-07-14,85,47.6,49.4,46.0,49.28,49.28,524760.0,25087890.000000004,0.026667,0.001063,False,0.079711,0.477767,tencent
2692.HK,2026-07-15,86,49.32,50.45,48.38,49.36,49.36,444800.0,22032240.0,0.001623,7.4e-05,False,0.078928,0.476919,tencent
2692.HK,2026-07-16,87,48.66,51.55,48.66,50.0,50.0,593400.0,29769720.000000004,0.012966,0.000436,False,0.07889,0.470137,tencent
2692.HK,2026-07-17,88,50.45,50.45,45.2,46.6,46.6,626300.0,29491760.0,-0.068,0.002306,False,0.079769,0.506168,tencent
2692.HK,2026-07-20,89,46.6,47.36,44.22,45.4,45.4,451800.0,20614290.0,-0.025751,0.001249,False,0.079612,0.518884,tencent
2692.HK,2026-07-21,90,46.68,47.62,44.52,47.26,47.26,500300.0,23236420.0,0.040969,0.001763,False,0.079862,0.499173,tencent
2692.HK,2026-07-22,91,46.96,47.46,45.0,46.0,46.0,365612.0,17016010.0,-0.026661,0.001567,False,0.079829,0.512526,tencent
2692.HK,2026-07-23,92,45.12,47.2,45.12,46.0,46.0,249700.0,11574880.0,0.0,0.0,False,0.079846,0.512526,tencent
2692.HK,2026-07-24,93,45.24,45.8,43.52,43.52,43.52,326400.0,14413970.0,-0.053913,0.00374,False,0.078263,0.538807,tencent
2692.HK,2026-07-27,94,43.58,45.8,42.84,45.2,45.2,356200.0,16002400.0,0.038603,0.002412,False,0.072653,0.521004,tencent
2692.HK,2026-07-28,95,44.88,45.0,43.0,43.58,43.58,261700.0,11411710.0,-0.035841,0.003141,False,0.072613,0.538171,tencent
2692.HK,2026-07-29,96,43.52,45.0,42.82,42.94,42.94,521400.0,22752360.0,-0.014686,0.000645,False,0.070561,0.544954,tencent
2692.HK,2026-07-30,97,42.6,42.74,40.04,40.12,40.12,434800.0,17783110.0,-0.065673,0.003693,False,0.071849,0.574838,tencent
2692.HK,2026-07-31,98,41.78,44.38,41.78,43.88,43.88,884200.0,38334000.0,0.093719,0.002445,False,0.04326,0.534992,tencent
2692.HK,2026-08-03,99,44.98,45.86,43.98,44.54,44.54,542400.0,24379010.0,0.015041,0.000617,False,0.0416,0.527998,tencent
2692.HK,2026-08-04,100,44.44,45.3,43.58,45.12,45.12,530800.0,23700160.0,0.013022,0.000549,False,0.041415,0.521852,tencent
2692.HK,2026-08-05,101,45.98,46.9,45.0,46.64,46.64,447900.0,20625970.000000004,0.033688,0.001633,False,0.040951,0.505744,tencent
2692.HK,2026-08-06,102,46.12,47.5,45.44,45.88,45.88,401000.0,18642770.0,-0.016295,0.000874,False,0.040948,0.513798,tencent
2692.HK,2026-08-07,103,47.88,47.88,44.9,47.42,47.42,487400.0,22783420.0,0.033566,0.001473,False,0.041188,0.497478,tencent
2692.HK,2026-08-10,104,47.62,48.44,45.72,46.0,46.0,258000.0,12044310.0,-0.029945,0.002486,False,0.04061,0.512526,tencent
2692.HK,2026-08-11,105,47.04,47.88,45.0,47.58,47.58,471800.0,22142900.0,0.034348,0.001551,False,0.040924,0.495782,tencent
2692.HK,2026-08-12,106,47.58,48.9,46.96,47.02,47.02,374828.0,17826660.0,-0.01177,0.00066,False,0.040989,0.501717,tencent
2692.HK,2026-08-13,107,47.24,48.36,46.32,46.5,46.5,557800.0,26571080.0,-0.011059,0.000416,False,0.040891,0.507227,tencent
2692.HK,2026-08-14,108,47.48,47.48,46.26,46.94,46.94,261300.0,12220530.000000002,0.009462,0.000774,False,0.037957,0.502565,tencent
2692.HK,2026-08-17,109,46.84,46.9,45.14,46.38,46.38,333900.0,15384550.0,-0.01193,0.000775,False,0.037567,0.508499,tencent
2692.HK,2026-08-18,110,46.34,47.9,45.16,47.46,47.46,482800.0,22446640.000000004,0.023286,0.001037,False,0.036795,0.497054,tencent
2692.HK,2026-08-19,111,47.86,47.86,43.02,45.56,45.56,676300.0,29719840.0,-0.040034,0.001347,False,0.037437,0.517189,tencent
2692.HK,2026-08-20,112,43.98,45.3,42.52,43.98,43.98,451100.0,19473910.0,-0.03468,0.001781,False,0.038241,0.533932,tencent
2692.HK,2026-08-21,113,42.64,43.54,42.14,42.8,42.8,223100.0,9612220.0,-0.02683,0.002791,False,0.036739,0.546437,tencent
2692.HK,2026-08-24,114,43.32,43.32,40.7,41.1,41.1,209000.0,8640120.0,-0.03972,0.004597,False,0.036559,0.564453,tencent
2692.HK,2026-08-25,115,41.98,45.0,40.6,42.42,42.42,819700.0,35468380.0,0.032117,0.000906,False,0.036613,0.550464,tencent
2692.HK,2026-08-26,116,42.0,42.56,40.88,41.0,41.0,556700.0,23141619.999999996,-0.033475,0.001447,False,0.037226,0.565512,tencent
2692.HK,2026-08-27,117,41.2,41.58,41.0,41.1,41.1,186000.0,7660530.0,0.002439,0.000318,False,0.034041,0.564453,tencent
2692.HK,2026-08-28,118,41.1,41.76,40.6,40.76,40.76,187800.0,7688070.0,-0.008273,0.001076,False,0.026297,0.568056,tencent
2692.HK,2026-08-31,119,41.0,42.5,40.4,41.3,41.3,742800.0,31019480.0,0.013248,0.000427,False,0.026234,0.562333,tencent
2692.HK,2026-09-01,120,41.36,41.36,39.42,39.8,39.8,422200.0,16939370.0,-0.03632,0.002144,False,0.026915,0.578229,tencent
2692.HK,2026-09-02,121,39.42,39.42,38.5,38.5,38.5,307600.0,11914160.0,-0.032663,0.002742,False,0.025846,0.592005,tencent
2692.HK,2026-09-03,122,39.56,40.68,38.8,39.26,39.26,455700.0,18075420.0,0.01974,0.001092,False,0.026573,0.583952,tencent
2692.HK,2026-09-04,123,40.4,40.44,38.76,38.9,38.9,330700.0,13120470.0,-0.00917,0.000699,False,0.02476,0.587767,tencent
2692.HK,2026-09-07,124,39.66,40.36,38.98,39.72,39.72,290800.0,11591560.0,0.02108,0.001819,False,0.025174,0.579077,tencent
2692.HK,2026-09-08,125,39.98,40.0,38.6,38.74,38.74,179500.0,6992780.0,-0.024673,0.003528,False,0.023472,0.589462,tencent
2692.HK,2026-09-09,126,38.6,39.26,37.9,38.66,38.66,291400.0,11214260.0,-0.002065,0.000184,False,0.023533,0.59031,tencent
2692.HK,2026-09-10,127,38.66,38.66,37.68,38.0,38.0,229300.0,8728990.0,-0.017072,0.001956,False,0.023593,0.597304,tencent
2692.HK,2026-09-11,128,37.5,37.76,37.02,37.46,37.46,155900.0,5816120.0,-0.014211,0.002443,False,0.023167,0.603027,tencent
2692.HK,2026-09-14,129,37.2,37.52,36.3,37.3,37.3,255800.0,9450980.0,-0.004271,0.000452,False,0.023213,0.604722,tencent
2692.HK,2026-09-15,130,37.6,38.16,36.68,37.38,37.38,219500.0,8184510.0,0.002145,0.000262,False,0.022042,0.603874,tencent
2692.HK,2026-09-16,131,37.24,38.0,36.72,37.28,37.28,312600.0,11628880.0,-0.002675,0.00023,False,0.02107,0.604934,tencent
2692.HK,2026-09-17,132,37.4,37.98,36.8,36.8,36.8,383300.0,14365429.999999998,-0.012876,0.000896,False,0.020262,0.610021,tencent
2692.HK,2026-09-18,133,37.24,38.24,37.06,38.24,38.24,310300.0,11720580.0,0.03913,0.003339,False,0.022406,0.594761,tencent
2692.HK,2026-09-21,134,38.54,39.68,38.22,38.6,38.6,290400.0,11272910.0,0.009414,0.000835,False,0.021098,0.590946,tencent
2692.HK,2026-09-22,135,39.78,39.78,38.02,38.6,38.6,279100.0,10843170.0,0.0,0.0,False,0.019449,0.590946,tencent
3268.HK,2026-03-10,1,28.925,30.545,28.305,29.185,29.185,9834700.0,286433680.0,0.011261,3.9e-05,False,,0.044524,tencent
3268.HK,2026-03-11,2,33.545,34.185,29.225,29.465,29.465,15101800.0,472857820.0,0.009594,2e-05,False,,0.138072,tencent
3268.HK,2026-03-12,3,29.145,29.785,27.545,28.145,28.145,4054600.0,114853110.0,-0.044799,0.00039,False,,0.176686,tencent
3268.HK,2026-03-13,4,28.005,28.005,25.965,26.105,26.105,2903800.0,78540460.0,-0.072482,0.000923,False,,0.236361,tencent
3268.HK,2026-03-16,5,25.985,27.065,25.285,26.885,26.885,2157030.0,56875300.0,0.029879,0.000525,False,0.043262,0.213544,tencent
3268.HK,2026-03-17,6,26.765,27.525,25.585,25.845,25.845,2564000.0,67700710.0,-0.038683,0.000571,False,0.040058,0.243967,tencent
3268.HK,2026-03-18,7,25.945,26.885,25.565,26.605,26.605,2297100.0,60876139.99999999,0.029406,0.000483,False,0.040645,0.221735,tencent
3268.HK,2026-03-19,8,26.485,26.485,24.365,24.745,24.745,1517900.0,38945300.0,-0.069912,0.001795,False,0.043038,0.276145,tencent
3268.HK,2026-03-20,9,25.405,25.845,23.925,24.105,24.105,1781100.0,44816139.99999999,-0.025864,0.000577,False,0.040339,0.294866,tencent
3268.HK,2026-03-23,10,23.505,24.085,22.405,22.485,22.485,1704900.0,39515660.0,-0.067206,0.001701,False,0.040966,0.342255,tencent
3268.HK,2026-03-24,11,22.885,24.345,22.485,24.265,24.265,2907300.0,68748710.0,0.079164,0.001151,False,0.049756,0.290186,tencent
3268.HK,2026-03-25,12,25.265,25.765,24.325,24.405,24.405,1878600.0,46969510.0,0.00577,0.000123,False,0.0478,0.28609,tencent
3268.HK,2026-03-26,13,24.685,25.545,23.105,23.825,23.825,1703900.0,41664000.0,-0.023766,0.00057,False,0.045866,0.303057,tencent
3268.HK,2026-03-27,14,24.485,24.485,22.885,22.985,22.985,1207000.0,28818790.0,-0.035257,0.001223,False,0.044443,0.327629,tencent
3268.HK,2026-03-30,15,22.585,22.685,21.705,22.425,22.425,1458900.0,32556900.0,-0.024364,0.000748,False,0.042891,0.344011,tencent
3268.HK,2026-03-31,16,22.365,22.985,21.785,22.185,22.185,1065200.0,23887190.0,-0.010702,0.000448,False,0.041457,0.351031,tencent
3268.HK,2026-04-01,17,22.605,23.145,21.825,22.045,22.045,1270200.0,28532390.0,-0.006311,0.000221,False,0.040202,0.355127,tencent
3268.HK,2026-04-02,18,21.945,23.085,21.445,21.805,21.805,1892900.0,42266300.0,-0.010887,0.000258,False,0.039014,0.362147,tencent
3268.HK,2026-04-08,19,22.265,22.805,22.265,22.645,22.645,1693400.0,38413570.0,0.038523,0.001003,False,0.039834,0.337575,tencent
3268.HK,2026-04-09,20,22.505,22.505,21.685,21.685,21.685,1044400.0,22986729.999999996,-0.042393,0.001844,False,0.039366,0.365657,tencent
3268.HK,2026-04-10,21,21.865,22.685,21.865,22.045,22.045,1284100.0,28774980.0,0.016601,0.000577,False,0.03956,0.355127,tencent
3268.HK,2026-04-13,22,21.605,23.665,21.565,22.965,22.965,1713700.0,38806820.0,0.041733,0.001075,False,0.041154,0.328214,tencent
3268.HK,2026-04-14,23,23.185,23.565,22.485,22.985,22.985,1217700.0,28209330.0,0.000871,3.1e-05,False,0.040475,0.327629,tencent
3268.HK,2026-04-15,24,23.785,23.805,22.285,22.525,22.525,968000.0,22451750.0,-0.020013,0.000891,False,0.037775,0.341085,tencent
3268.HK,2026-04-16,25,23.065,26.185,22.905,25.185,25.185,6739660.0,167504480.0,0.118091,0.000705,False,0.046426,0.263273,tencent
3268.HK,2026-04-17,26,25.385,25.665,24.265,24.805,24.805,1632200.0,40663950.0,-0.015088,0.000371,False,0.045746,0.274389,tencent
3268.HK,2026-04-20,27,24.925,26.285,24.105,25.705,25.705,2577000.0,65378480.0,0.036283,0.000555,False,0.046013,0.248062,tencent
3268.HK,2026-04-21,28,25.765,25.765,24.185,24.305,24.305,1600500.0,39456430.0,-0.054464,0.00138,False,0.044907,0.289016,tencent
3268.HK,2026-04-22,29,23.885,24.325,23.385,23.645,23.645,1608200.0,38406260.0,-0.027155,0.000707,False,0.044947,0.308322,tencent
3268.HK,2026-04-23,30,23.805,24.265,22.585,23.145,23.145,1003300.0,23390569.999999996,-0.021146,0.000904,False,0.042433,0.322949,tencent
3268.HK,2026-04-24,31,23.185,23.565,22.065,23.185,23.185,1208200.0,27737330.0,0.001728,6.2e-05,False,0.038388,0.321779,tencent
3268.HK,2026-04-27,32,23.285,24.585,23.285,23.905,23.905,1983400.0,48034290.0,0.031055,0.000647,False,0.039054,0.300717,tencent
3268.HK,2026-04-28,33,23.685,23.905,22.425,22.425,22.425,1124500.0,25905110.0,-0.061912,0.00239,False,0.041135,0.344011,tencent
3268.HK,2026-04-29,34,22.425,23.145,22.425,22.705,22.705,835100.0,19163660.0,0.012486,0.000652,False,0.040499,0.33582,tencent
3268.HK,2026-04-30,35,22.385,23.065,22.285,22.745,22.745,550700.0,12549300.0,0.001762,0.00014,False,0.040086,0.33465,tencent
3268.HK,2026-05-04,36,22.745,23.105,21.985,21.985,21.985,290300.0,6581609.999999999,-0.033414,0.005077,False,0.040764,0.356882,tencent
3268.HK,2026-05-05,37,21.985,21.985,20.905,21.505,21.505,163200.0,3484910.0,-0.021833,0.006265,False,0.041044,0.370923,tencent
3268.HK,2026-05-06,38,22.145,22.925,21.985,22.285,22.285,791700.0,17951610.0,0.036271,0.00202,False,0.041761,0.348106,tencent
3268.HK,2026-05-07,39,22.305,23.125,22.305,23.045,23.045,1400400.0,32045620.0,0.034104,0.001064,False,0.041569,0.325874,tencent
3268.HK,2026-05-08,40,23.485,23.485,22.805,23.365,23.365,620600.0,14495429.999999998,0.013886,0.000958,False,0.040314,0.316513,tencent
3268.HK,2026-05-11,41,23.865,24.185,22.885,23.885,23.885,871000.0,20826100.0,0.022256,0.001069,False,0.040423,0.301302,tencent
3268.HK,2026-05-12,42,23.885,24.385,22.765,22.965,22.965,645200.0,15051310.0,-0.038518,0.002559,False,0.040544,0.328214,tencent
3268.HK,2026-05-13,43,22.685,24.565,22.285,23.825,23.825,888300.0,20959840.0,0.037448,0.001787,False,0.041366,0.303057,tencent
3268.HK,2026-05-14,44,23.765,24.385,22.405,22.785,22.785,547300.0,12766600.0,-0.043652,0.003419,False,0.042372,0.33348,tencent
3268.HK,2026-05-15,45,22.785,23.525,22.285,22.525,22.525,518600.0,11915700.0,-0.011411,0.000958,False,0.0323,0.341085,tencent
3268.HK,2026-05-18,46,22.345,25.825,22.105,25.385,25.385,5162176.0,128192840.0,0.12697,0.00099,False,0.043617,0.257423,tencent
3268.HK,2026-05-19,47,25.365,25.485,24.285,25.045,25.045,1618200.0,40343300.0,-0.013394,0.000332,False,0.042974,0.267369,tencent
3268.HK,2026-05-20,48,25.725,25.765,24.165,24.345,24.345,1628900.0,40813570.0,-0.02795,0.000685,False,0.041607,0.287846,tencent
3268.HK,2026-05-21,49,24.565,26.685,24.365,24.705,24.705,3388100.0,87019270.0,0.014787,0.00017,False,0.041175,0.277315,tencent
3268.HK,2026-05-22,50,24.965,26.605,24.965,26.385,26.385,2885300.0,75457520.0,0.068002,0.000901,False,0.043201,0.22817,tencent
3268.HK,2026-05-26,51,26.545,26.605,25.385,25.905,25.905,1467100.0,38139920.0,-0.018192,0.000477,False,0.043568,0.242211,tencent
3268.HK,2026-05-27,52,26.545,28.985,25.985,28.105,28.105,9488100.0,265503960.0,0.084926,0.00032,False,0.046721,0.177856,tencent
3268.HK,2026-05-28,53,29.085,29.085,26.765,27.445,27.445,2372800.0,65364340.0,-0.023483,0.000359,False,0.044377,0.197162,tencent
3268.HK,2026-05-29,54,27.765,27.825,23.705,23.725,23.725,2898100.0,73680810.0,-0.135544,0.00184,False,0.05516,0.305982,tencent
3268.HK,2026-06-01,55,24.005,25.465,24.005,24.685,24.685,1999900.0,49907910.0,0.040464,0.000811,False,0.055766,0.2779,tencent
3268.HK,2026-06-02,56,24.885,25.225,23.745,24.565,24.565,1213600.0,29972440.0,-0.004861,0.000162,False,0.055076,0.28141,tencent
3268.HK,2026-06-03,57,25.085,25.445,23.185,23.445,23.445,1937500.0,47009570.0,-0.045593,0.00097,False,0.05598,0.314173,tencent
3268.HK,2026-06-04,58,22.965,23.985,22.965,23.525,23.525,780200.0,18537390.0,0.003412,0.000184,False,0.05552,0.311833,tencent
3268.HK,2026-06-05,59,22.985,24.925,22.985,23.685,23.685,1448200.0,35217370.0,0.006801,0.000193,False,0.055079,0.307152,tencent
3268.HK,2026-06-08,60,22.785,24.485,22.185,23.785,23.785,1715700.0,40947310.0,0.004222,0.000103,False,0.055019,0.304227,tencent
3268.HK,2026-06-09,61,23.385,24.205,22.505,22.945,22.945,1222600.0,28160920.0,-0.035316,0.001254,False,0.055427,0.328799,tencent
3268.HK,2026-06-10,62,22.985,23.165,21.765,22.045,22.045,1362000.0,30455650.0,-0.039224,0.001288,False,0.055452,0.355127,tencent
3268.HK,2026-06-11,63,21.805,22.005,20.585,20.905,20.905,1230600.0,25976490.0,-0.051712,0.001991,False,0.055817,0.388474,tencent
3268.HK,2026-06-12,64,21.185,21.765,20.305,20.345,20.345,890200.0,18740690.0,-0.026788,0.001429,False,0.055328,0.404856,tencent
3268.HK,2026-06-15,65,20.385,21.125,20.385,20.745,20.745,623300.0,13045890.0,0.019661,0.001507,False,0.055551,0.393155,tencent
3268.HK,2026-06-16,66,21.145,21.545,20.685,21.005,21.005,1229600.0,26141160.0,0.012533,0.000479,False,0.046684,0.385549,tencent
3268.HK,2026-06-17,67,21.165,21.265,20.185,20.265,20.265,624200.0,12897710.0,-0.03523,0.002731,False,0.047062,0.407196,tencent
3268.HK,2026-06-18,68,20.405,21.725,20.185,21.085,21.085,1360500.0,29026410.0,0.040464,0.001394,False,0.048121,0.383209,tencent
3268.HK,2026-06-22,69,21.585,21.585,19.565,19.805,19.805,955500.0,19323930.0,-0.060707,0.003142,False,0.049347,0.420652,tencent
3268.HK,2026-06-23,70,19.885,19.885,18.865,19.045,19.045,819700.0,15824520.0,-0.038374,0.002425,False,0.046148,0.442884,tencent
3268.HK,2026-06-24,71,19.325,19.365,18.185,18.715,18.715,540900.0,10117130.0,-0.017327,0.001713,False,0.046145,0.452538,tencent
3268.HK,2026-06-25,72,18.715,18.785,17.565,17.765,17.765,655500.0,11811110.000000002,-0.050761,0.004298,False,0.040268,0.480328,tencent
3268.HK,2026-06-26,73,17.765,17.765,16.685,16.775,16.775,770000.0,13193190.0,-0.055728,0.004224,False,0.040976,0.509288,tencent
3268.HK,2026-06-29,74,16.615,16.885,16.385,16.795,16.795,567800.0,9513000.0,0.001192,0.000125,False,0.031637,0.508703,tencent
3268.HK,2026-06-30,75,17.765,17.765,16.805,17.455,17.455,591400.0,10380429.999999998,0.039297,0.003786,False,0.031527,0.489396,tencent
3268.HK,2026-07-02,76,18.535,18.535,17.225,17.765,17.765,826400.0,14789770.0,0.01776,0.001201,False,0.032368,0.480328,tencent
3268.HK,2026-07-03,77,17.745,18.735,17.745,18.145,18.145,563100.0,10372630.0,0.02139,0.002062,False,0.032563,0.469212,tencent
3268.HK,2026-07-06,78,18.185,18.395,17.525,17.735,17.735,408200.0,7323529.999999999,-0.022596,0.003085,False,0.032425,0.481205,tencent
3268.HK,2026-07-07,79,17.765,18.135,16.965,17.295,17.295,197800.0,3454330.0,-0.02481,0.007182,False,0.032152,0.494076,tencent
3268.HK,2026-07-08,80,17.755,17.755,16.775,17.395,17.395,390300.0,6786680.0,0.005782,0.000852,False,0.032203,0.491151,tencent
3268.HK,2026-07-09,81,17.395,17.965,17.095,17.615,17.615,491000.0,8636780.0,0.012647,0.001464,False,0.032398,0.484716,tencent
3268.HK,2026-07-10,82,17.475,19.545,17.475,18.195,18.195,1436000.0,27080620.0,0.032926,0.001216,False,0.033285,0.467749,tencent
3268.HK,2026-07-13,83,18.21,18.9,17.52,17.87,17.87,704200.0,12621790.0,-0.017862,0.001415,False,0.031828,0.477256,tencent
3268.HK,2026-07-14,84,18.0,18.0,16.77,17.33,17.33,352300.0,6063900.0,-0.030218,0.004983,False,0.031948,0.493053,tencent
3268.HK,2026-07-15,85,18.0,18.0,16.98,17.1,17.1,477400.0,8177670.000000001,-0.013272,0.001623,False,0.031317,0.499781,tencent
3268.HK,2026-07-16,86,17.43,19.54,17.03,19.09,19.09,3433000.0,64832690.0,0.116374,0.001795,False,0.041915,0.441568,tencent
3268.HK,2026-07-17,87,18.72,21.32,18.05,18.07,18.07,6516200.0,129155939.99999999,-0.053431,0.000414,False,0.042817,0.471406,tencent
3268.HK,2026-07-20,88,18.07,18.77,17.07,17.22,17.22,1755900.0,31282689.999999996,-0.047039,0.001504,False,0.042411,0.49627,tencent
3268.HK,2026-07-21,89,17.69,18.9,16.9,18.68,18.68,1967600.0,35492060.0,0.084785,0.002389,False,0.045484,0.453562,tencent
3268.HK,2026-07-22,90,19.37,20.0,18.03,19.0,19.0,2755500.0,52847170.0,0.017131,0.000324,False,0.044834,0.444201,tencent
3268.HK,2026-07-23,91,18.37,19.23,18.07,18.13,18.13,872400.0,16036230.0,-0.045789,0.002855,False,0.04588,0.46965,tencent
3268.HK,2026-07-24,92,18.0,18.3,17.16,17.2,17.2,648000.0,11474680.0,-0.051296,0.00447,False,0.045911,0.496855,tencent
3268.HK,2026-07-27,93,17.3,17.53,16.39,17.25,17.25,386200.0,6599539.999999999,0.002907,0.00044,False,0.044042,0.495393,tencent
3268.HK,2026-07-28,94,17.25,17.25,16.61,16.83,16.83,441500.0,7421380.0,-0.024348,0.003281,False,0.044444,0.507679,tencent
3268.HK,2026-07-29,95,16.99,17.3,16.8,17.09,17.09,318500.0,5427270.0,0.015449,0.002846,False,0.043676,0.500073,tencent
3268.HK,2026-07-30,96,17.0,17.28,16.02,16.03,16.03,805500.0,13235640.0,-0.062025,0.004686,False,0.045555,0.531081,tencent
3268.HK,2026-07-31,97,16.7,16.79,16.15,16.47,16.47,729900.0,12126420.0,0.027449,0.002264,False,0.045754,0.51821,tencent
3268.HK,2026-08-03,98,17.27,17.27,16.04,16.76,16.76,360500.0,6064030.0,0.017608,0.002904,False,0.04577,0.509726,tencent
3268.HK,2026-08-04,99,16.71,17.29,16.7,17.09,17.09,573800.0,9758850.0,0.01969,0.002018,False,0.045677,0.500073,tencent
3268.HK,2026-08-05,100,17.05,17.5,17.0,17.28,17.28,978800.0,16906630.0,0.011118,0.000658,False,0.045726,0.494515,tencent
3268.HK,2026-08-06,101,17.18,17.48,16.85,17.2,17.2,477900.0,8186410.0,-0.00463,0.000566,False,0.04565,0.496855,tencent
3268.HK,2026-08-07,102,17.3,17.5,16.88,17.0,17.0,271000.0,4602590.0,-0.011628,0.002526,False,0.04503,0.502706,tencent
3268.HK,2026-08-10,103,17.29,17.29,16.88,17.15,17.15,292200.0,4972030.0,0.008824,0.001775,False,0.044945,0.498318,tencent
3268.HK,2026-08-11,104,17.29,17.9,16.89,17.36,17.36,759900.0,13296420.0,0.012245,0.000921,False,0.044499,0.492175,tencent
3268.HK,2026-08-12,105,17.58,17.58,17.24,17.49,17.49,441700.0,7710920.0,0.007488,0.000971,False,0.04439,0.488372,tencent
3268.HK,2026-08-13,106,17.8,18.3,17.41,17.48,17.48,602800.0,10777190.0,-0.000572,5.3e-05,False,0.035311,0.488665,tencent
3268.HK,2026-08-14,107,17.74,17.89,17.06,17.36,17.36,202700.0,3518820.0,-0.006865,0.001951,False,0.033347,0.492175,tencent
3268.HK,2026-08-17,108,17.1,18.19,17.1,18.11,18.11,298100.0,5281210.0,0.043203,0.00818,False,0.032961,0.470235,tencent
3268.HK,2026-08-18,109,17.91,19.19,17.91,18.9,18.9,1029500.0,19232090.0,0.043622,0.002268,False,0.028582,0.447126,tencent
3268.HK,2026-08-19,110,18.5,18.97,18.0,18.28,18.28,420300.0,7783150.000000001,-0.032804,0.004215,False,0.029269,0.465263,tencent
3268.HK,2026-08-20,111,18.68,18.68,17.86,17.9,17.9,273700.0,4937800.0,-0.020788,0.00421,False,0.027775,0.476379,tencent
3268.HK,2026-08-21,112,18.2,18.2,17.61,17.97,17.97,119300.0,2137020.0,0.003911,0.00183,False,0.025046,0.474331,tencent
3268.HK,2026-08-24,113,18.2,19.49,18.1,18.5,18.5,628500.0,11724450.0,0.029494,0.002516,False,0.025764,0.458827,tencent
3268.HK,2026-08-25,114,18.78,18.79,18.12,18.64,18.64,187300.0,3471280.0,0.007568,0.00218,False,0.024901,0.454732,tencent
3268.HK,2026-08-26,115,18.9,20.08,18.67,19.3,19.3,615700.0,12172880.0,0.035408,0.002909,False,0.025711,0.435425,tencent
3268.HK,2026-08-27,116,20.56,20.56,19.24,19.61,19.61,345000.0,6770870.0,0.016062,0.002372,False,0.020085,0.426357,tencent
3268.HK,2026-08-28,117,20.0,20.18,19.07,19.17,19.17,277800.0,5416380.0,-0.022438,0.004143,False,0.020925,0.439228,tencent
3268.HK,2026-08-31,118,19.2,22.98,18.11,22.98,22.98,4852100.0,105429710.0,0.198748,0.001885,False,0.047592,0.327775,tencent
3268.HK,2026-09-01,119,22.88,23.28,21.2,21.6,21.6,1802500.0,39518150.0,-0.060052,0.00152,False,0.05059,0.368144,tencent
3268.HK,2026-09-02,120,22.02,22.02,20.82,21.2,21.2,512900.0,10881820.0,-0.018519,0.001702,False,0.051077,0.379845,tencent
3268.HK,2026-09-03,121,21.2,21.6,19.1,19.17,19.17,2354800.0,46031280.0,-0.095755,0.00208,False,0.056373,0.439228,tencent
3268.HK,2026-09-04,122,19.5,19.59,18.68,18.88,18.88,1232600.0,23664710.0,-0.015128,0.000639,False,0.056439,0.447711,tencent
3268.HK,2026-09-07,123,21.0,23.18,20.5,23.1,23.1,4776500.0,104248840.0,0.223517,0.002144,False,0.07442,0.324265,tencent
3268.HK,2026-09-08,124,21.94,22.48,20.24,21.92,21.92,6919800.0,147313440.0,-0.051082,0.000347,False,0.075983,0.358783,tencent
3268.HK,2026-09-09,125,23.5,23.5,20.4,20.5,20.5,3057900.0,66491740.0,-0.064781,0.000974,False,0.078013,0.400322,tencent
3268.HK,2026-09-10,126,20.26,20.4,19.68,19.75,19.75,971300.0,19419470.0,-0.036585,0.001884,False,0.078698,0.422261,tencent
3268.HK,2026-09-11,127,19.75,19.75,18.86,19.41,19.41,697200.0,13384540.0,-0.017215,0.001286,False,0.07884,0.432207,tencent
3268.HK,2026-09-14,128,18.9,19.5,18.66,18.92,18.92,399400.0,7611540.0,-0.025245,0.003317,False,0.078732,0.446541,tencent
3268.HK,2026-09-15,129,18.88,19.25,18.51,18.51,18.51,734000.0,13917120.0,-0.02167,0.001557,False,0.078394,0.458534,tencent
3268.HK,2026-09-16,130,19.1,19.1,18.6,18.66,18.66,475100.0,8918520.0,0.008104,0.000909,False,0.077981,0.454147,tencent
3268.HK,2026-09-17,131,18.66,19.28,18.41,19.01,19.01,853100.0,16201270.0,0.018757,0.001158,False,0.077829,0.443908,tencent
3268.HK,2026-09-18,132,19.06,19.85,19.04,19.59,19.59,1192000.0,23325870.0,0.03051,0.001308,False,0.078025,0.426942,tencent
3268.HK,2026-09-21,133,19.89,20.52,19.66,19.88,19.88,710700.0,14169060.0,0.014803,0.001045,False,0.077871,0.418458,tencent
3268.HK,2026-09-22,134,20.24,20.68,19.76,20.1,20.1,803100.0,16231660.0,0.011066,0.000682,False,0.077878,0.412023,tencent
1989.HK,2026-03-20,1,94.307,147.157,94.257,95.257,95.257,26811648.0,2775598170.0,0.325223,0.000117,False,,0.352685,tencent
1989.HK,2026-03-23,2,90.107,91.757,80.107,82.707,82.707,5508567.0,476624050.0,-0.131749,0.000276,False,,0.437968,tencent
1989.HK,2026-03-24,3,86.057,88.757,79.207,87.157,87.157,4071468.0,344548759.99999994,0.053804,0.000156,False,,0.407728,tencent
1989.HK,2026-03-25,4,91.207,101.857,87.057,97.257,97.257,5413935.0,518140710.00000006,0.115883,0.000224,False,,0.339094,tencent
1989.HK,2026-03-26,5,101.257,109.857,97.707,100.257,100.257,6347225.0,668748350.0000001,0.030846,4.6e-05,False,0.165344,0.318707,tencent
1989.HK,2026-03-27,6,94.257,103.057,94.257,97.007,97.007,2416500.0,241882380.0,-0.032417,0.000134,False,0.154701,0.340792,tencent
1989.HK,2026-03-30,7,94.807,103.457,91.707,99.757,99.757,2668698.0,265530010.0,0.028348,0.000107,False,0.141737,0.322105,tencent
1989.HK,2026-03-31,8,99.757,105.757,92.057,93.057,93.057,2031500.0,202959280.0,-0.067163,0.000331,False,0.138226,0.367635,tencent
1989.HK,2026-04-01,9,99.107,107.557,98.257,102.057,102.057,3100752.0,322181860.0,0.096715,0.0003,False,0.130657,0.306475,tencent
1989.HK,2026-04-02,10,103.157,103.257,95.457,98.607,98.607,1244600.0,123449230.0,-0.033805,0.000274,False,0.125782,0.32992,tencent
1989.HK,2026-04-08,11,104.757,120.257,100.757,120.257,120.257,4806767.0,538292460.0,0.219558,0.000408,False,0.131213,0.182798,tencent
1989.HK,2026-04-09,12,119.257,124.257,114.757,117.057,117.057,4032900.0,482114820.00000006,-0.02661,5.5e-05,False,0.127307,0.204543,tencent
1989.HK,2026-04-10,13,119.057,125.557,114.157,116.457,116.457,3607556.0,428651990.0,-0.005126,1.2e-05,False,0.122782,0.208621,tencent
1989.HK,2026-04-13,14,114.757,134.557,114.657,132.757,132.757,4277280.0,537308250.0,0.139966,0.00026,False,0.120714,0.097855,tencent
1989.HK,2026-04-14,15,134.257,137.257,128.257,128.757,128.757,2688904.0,357743650.0,-0.03013,8.4e-05,False,0.118192,0.125037,tencent
1989.HK,2026-04-15,16,132.857,132.857,125.357,127.557,127.557,1144300.0,146663100.0,-0.00932,6.4e-05,False,0.115006,0.133191,tencent
1989.HK,2026-04-16,17,127.457,140.457,127.257,139.257,139.257,2174382.0,295605840.0,0.091724,0.00031,False,0.112002,0.053684,tencent
1989.HK,2026-04-17,18,140.857,160.957,138.157,157.557,157.557,7323440.0,1113105220.0,0.131412,0.000118,False,0.110548,0.021124,tencent
1989.HK,2026-04-20,19,156.257,161.857,148.657,149.757,149.757,2171097.0,334862670.0,-0.049506,0.000148,False,0.109825,0.074757,tencent
1989.HK,2026-04-21,20,150.257,160.657,147.657,148.657,148.657,3098900.0,479097790.0,-0.007345,1.5e-05,False,0.107525,0.081553,tencent
1989.HK,2026-04-22,21,150.257,152.957,145.357,148.057,148.057,2260400.0,337895410.0,-0.004036,1.2e-05,False,0.084656,0.08526,tencent
1989.HK,2026-04-23,22,151.757,159.257,141.257,151.157,151.157,4213200.0,643350550.0,0.020938,3.3e-05,False,0.076184,0.066108,tencent
1989.HK,2026-04-24,23,154.257,175.457,153.657,166.357,166.357,4633038.0,766928010.0000001,0.100558,0.000131,False,0.077555,0.051865,tencent
1989.HK,2026-04-27,24,171.257,180.757,165.257,170.057,170.057,2057200.0,357547699.99999994,0.022241,6.2e-05,False,0.075241,0.059195,tencent
1989.HK,2026-04-28,25,167.257,175.057,164.257,173.557,173.557,1409300.0,240352730.0,0.020581,8.6e-05,False,0.075276,0.039832,tencent
1989.HK,2026-04-29,26,169.457,181.257,165.857,175.857,175.857,1260805.0,220852940.00000003,0.013252,6e-05,False,0.073953,0.029792,tencent
1989.HK,2026-04-30,27,180.257,194.257,172.957,173.457,173.457,1750004.0,323529620.0,-0.013647,4.2e-05,False,0.074673,0.107075,tencent
1989.HK,2026-05-04,28,174.257,186.257,174.257,181.657,181.657,426601.0,77739110.0,0.047274,0.000608,False,0.071093,0.064863,tencent
1989.HK,2026-05-05,29,181.657,192.257,178.557,186.857,186.857,496102.0,92984680.00000001,0.028625,0.000308,False,0.069661,0.038094,tencent
1989.HK,2026-05-06,30,191.257,221.257,189.057,214.057,214.057,3119616.0,657074010.0,0.145566,0.000222,False,0.072133,0.032541,tencent
1989.HK,2026-05-07,31,221.057,221.057,204.457,209.257,209.257,1912146.0,400017820.0,-0.022424,5.6e-05,False,0.060026,0.054236,tencent
1989.HK,2026-05-08,32,205.257,212.257,191.057,195.257,195.257,1737700.0,348806640.0,-0.066903,0.000192,False,0.062635,0.11751,tencent
1989.HK,2026-05-11,33,206.257,217.457,199.257,209.057,209.057,2247830.0,471233460.0,0.070676,0.00015,False,0.062838,0.055139,tencent
1989.HK,2026-05-12,34,210.057,212.057,193.257,194.057,194.057,1611300.0,323032160.0,-0.071751,0.000222,False,0.061416,0.122934,tencent
1989.HK,2026-05-13,35,190.457,200.657,184.357,198.557,198.557,1285240.0,252529320.0,0.023189,9.2e-05,False,0.060231,0.102596,tencent
1989.HK,2026-05-14,36,205.257,206.657,181.457,183.957,183.957,2232216.0,419908970.0,-0.073531,0.000175,False,0.063688,0.168582,tencent
1989.HK,2026-05-15,37,186.357,188.057,174.557,178.257,178.257,1329916.0,240414199.99999997,-0.030986,0.000129,False,0.062346,0.194344,tencent
1989.HK,2026-05-18,38,169.757,179.057,167.257,171.257,171.257,2159812.0,374295420.0,-0.039269,0.000105,False,0.056902,0.225982,tencent
1989.HK,2026-05-19,39,171.257,172.257,161.257,167.857,167.857,1399900.0,233780410.0,-0.019853,8.5e-05,False,0.055764,0.241348,tencent
1989.HK,2026-05-20,40,168.257,181.057,167.257,174.257,174.257,1614700.0,286924980.0,0.038128,0.000133,False,0.056068,0.212423,tencent
1989.HK,2026-05-21,41,184.257,190.257,177.757,179.157,179.157,1727300.0,317430530.0,0.028119,8.9e-05,False,0.056122,0.190276,tencent
1989.HK,2026-05-22,42,182.457,199.057,182.457,189.857,189.857,2099800.0,404975160.00000006,0.059724,0.000147,False,0.057143,0.141916,tencent
1989.HK,2026-05-26,43,192.957,198.757,183.257,190.757,190.757,1633718.0,314009370.0,0.00474,1.5e-05,False,0.053301,0.137849,tencent
1989.HK,2026-05-27,44,193.157,201.057,179.357,180.557,180.557,1993300.0,380900009.99999994,-0.053471,0.00014,False,0.054915,0.183949,tencent
1989.HK,2026-05-28,45,179.257,184.357,175.257,184.257,184.257,978110.0,177463590.0,0.020492,0.000115,False,0.054914,0.167226,tencent
1989.HK,2026-05-29,46,197.357,203.857,179.857,183.257,183.257,2467814.0,470075130.0,-0.005427,1.2e-05,False,0.054914,0.171746,tencent
1989.HK,2026-06-01,47,183.257,188.057,163.157,164.457,164.457,2145860.0,368737130.00000006,-0.102588,0.000278,False,0.05976,0.256715,tencent
1989.HK,2026-06-02,48,165.257,168.457,153.657,164.357,164.357,1592530.0,260276000.0,-0.000608,2e-06,False,0.058674,0.257167,tencent
1989.HK,2026-06-03,49,167.757,177.357,164.257,173.257,173.257,1229442.0,212628640.0,0.05415,0.000255,False,0.059676,0.216942,tencent
1989.HK,2026-06-04,50,168.257,178.057,168.257,171.357,171.357,683900.0,119180460.0,-0.010966,9.2e-05,False,0.04851,0.22553,tencent
1989.HK,2026-06-05,51,170.457,173.657,158.457,160.257,160.257,885400.0,145943520.0,-0.064777,0.000444,False,0.049986,0.275697,tencent
1989.HK,2026-06-08,52,145.157,167.457,145.157,158.957,158.957,1246584.0,200069070.0,-0.008112,4.1e-05,False,0.04829,0.281573,tencent
1989.HK,2026-06-09,53,159.857,184.257,159.857,184.057,184.057,2080100.0,369445500.0,0.157904,0.000427,False,0.058694,0.16813,tencent
1989.HK,2026-06-10,54,181.657,181.957,162.957,166.257,166.257,1025200.0,175631810.0,-0.096709,0.000551,False,0.060433,0.24858,tencent
1989.HK,2026-06-11,55,169.257,169.257,156.957,163.757,163.757,1054100.0,170536250.0,-0.015037,8.8e-05,False,0.060065,0.259879,tencent
1989.HK,2026-06-12,56,170.657,175.257,159.257,161.557,161.557,956007.0,159679280.0,-0.013435,8.4e-05,False,0.058079,0.269822,tencent
1989.HK,2026-06-15,57,166.057,181.257,162.757,179.257,179.257,1208360.0,211469910.00000003,0.109559,0.000518,False,0.063047,0.189825,tencent
1989.HK,2026-06-16,58,180.057,180.457,170.957,171.057,171.057,770500.0,135978990.0,-0.045744,0.000336,False,0.063287,0.226885,tencent
1989.HK,2026-06-17,59,169.357,184.257,166.457,182.757,182.757,1776304.0,320945740.0,0.068398,0.000213,False,0.064757,0.174006,tencent
1989.HK,2026-06-18,60,186.457,186.457,178.657,183.357,183.357,912600.0,166304970.0,0.003283,2e-05,False,0.06432,0.171294,tencent
1989.HK,2026-06-22,61,185.257,189.257,172.657,185.457,185.457,1764700.0,320795660.0,0.011453,3.6e-05,False,0.064106,0.161803,tencent
1989.HK,2026-06-23,62,185.457,188.257,167.857,169.457,169.457,1295700.0,225992150.0,-0.086273,0.000382,False,0.065676,0.234117,tencent
1989.HK,2026-06-24,63,169.257,172.257,162.257,169.857,169.857,994100.0,167642870.0,0.00236,1.4e-05,False,0.065663,0.232309,tencent
1989.HK,2026-06-25,64,173.0,191.9,171.9,189.5,189.5,2093052.0,387726470.0,0.115644,0.000298,False,0.069692,0.14353,tencent
1989.HK,2026-06-26,65,188.0,208.0,188.0,206.2,206.2,3016716.0,606290430.0,0.088127,0.000145,False,0.072099,0.068052,tencent
1989.HK,2026-06-29,66,206.6,216.0,185.1,196.4,196.4,2054859.0,406835080.0,-0.047527,0.000117,False,0.073121,0.112344,tencent
1989.HK,2026-06-30,67,195.0,213.8,188.0,213.8,213.8,1291249.0,262285970.00000003,0.088595,0.000338,False,0.070639,0.033703,tencent
1989.HK,2026-07-02,68,196.4,196.4,160.0,161.8,161.8,2573704.0,439087470.00000006,-0.243218,0.000554,False,0.091348,0.268724,tencent
1989.HK,2026-07-03,69,157.9,173.0,154.0,164.5,164.5,1711440.0,283732170.0,0.016687,5.9e-05,False,0.090634,0.256521,tencent
1989.HK,2026-07-06,70,167.0,168.9,147.4,152.9,152.9,1164800.0,179950459.99999997,-0.070517,0.000392,False,0.092033,0.308948,tencent
1989.HK,2026-07-07,71,153.0,153.2,138.1,139.0,139.0,1292000.0,184358530.0,-0.090909,0.000493,False,0.093157,0.371771,tencent
1989.HK,2026-07-08,72,143.0,152.3,138.4,141.9,141.9,2072800.0,297399940.0,0.020863,7e-05,False,0.093295,0.358664,tencent
1989.HK,2026-07-09,73,145.2,150.0,134.6,148.9,148.9,1586572.0,227427800.0,0.049331,0.000217,False,0.08645,0.327027,tencent
1989.HK,2026-07-10,74,149.1,155.8,135.8,136.0,136.0,1506097.0,219292290.0,-0.086635,0.000395,False,0.085926,0.38533,tencent
1989.HK,2026-07-13,75,134.8,139.6,124.3,126.3,126.3,1106828.0,142856140.0,-0.071324,0.000499,False,0.087142,0.429171,tencent
1989.HK,2026-07-14,76,130.1,142.6,127.1,140.6,140.6,3004558.0,411821560.0,0.113222,0.000275,False,0.09131,0.36454,tencent
1989.HK,2026-07-15,77,145.0,151.8,139.0,141.7,141.7,2073184.0,301323310.0,0.007824,2.6e-05,False,0.087479,0.359568,tencent
1989.HK,2026-07-16,78,134.5,153.0,133.5,133.9,133.9,2291446.0,322245700.0,-0.055046,0.000171,False,0.087716,0.394821,tencent
1989.HK,2026-07-17,79,134.5,134.5,114.2,116.2,116.2,1514960.0,182464260.0,-0.132188,0.000724,False,0.089926,0.474819,tencent
1989.HK,2026-07-20,80,118.9,122.0,113.3,117.7,117.7,1252122.0,147897150.0,0.012909,8.7e-05,False,0.090074,0.468039,tencent
1989.HK,2026-07-21,81,123.5,129.5,114.2,126.8,126.8,1497961.0,186153740.0,0.077315,0.000415,False,0.092375,0.426911,tencent
1989.HK,2026-07-22,82,130.0,133.2,122.0,122.4,122.4,1125570.0,144225440.0,-0.0347,0.000241,False,0.090976,0.446797,tencent
1989.HK,2026-07-23,83,126.0,126.0,115.1,116.0,116.0,1018169.0,121392950.0,-0.052288,0.000431,False,0.091344,0.475723,tencent
1989.HK,2026-07-24,84,116.0,119.4,110.6,113.3,113.3,1363803.0,155618370.0,-0.023276,0.00015,False,0.086039,0.487926,tencent
1989.HK,2026-07-27,85,114.0,118.7,109.7,118.0,118.0,852927.0,98055960.0,0.041483,0.000423,False,0.083502,0.466684,tencent
1989.HK,2026-07-28,86,115.0,115.0,96.0,98.5,98.5,1993678.0,201484280.0,-0.165254,0.00082,False,0.089204,0.554816,tencent
1989.HK,2026-07-29,87,98.5,98.5,88.85,93.1,93.1,2452346.0,225472080.0,-0.054822,0.000243,False,0.084839,0.579222,tencent
1989.HK,2026-07-30,88,94.95,94.95,82.0,83.35,83.35,2163043.0,184701190.0,-0.104726,0.000567,False,0.071769,0.623289,tencent
1989.HK,2026-07-31,89,95.2,104.9,95.2,100.4,100.4,3868305.0,390989380.0,0.204559,0.000523,False,0.088549,0.546229,tencent
1989.HK,2026-08-03,90,99.2,102.0,97.05,98.2,98.2,574849.0,57129440.00000001,-0.021912,0.000384,False,0.087774,0.556172,tencent
1989.HK,2026-08-04,91,98.6,113.7,98.6,110.2,110.2,2342148.0,255393050.0,0.1222,0.000478,False,0.091355,0.501937,tencent
1989.HK,2026-08-05,92,104.4,119.1,104.4,117.0,117.0,2412322.0,275449270.0,0.061706,0.000224,False,0.092475,0.471203,tencent
1989.HK,2026-08-06,93,113.5,122.1,110.0,113.4,113.4,1425972.0,165577570.0,-0.030769,0.000186,False,0.091703,0.487474,tencent
1989.HK,2026-08-07,94,114.0,127.4,113.0,125.8,125.8,2284896.0,281107310.0,0.109347,0.000389,False,0.09349,0.43143,tencent
1989.HK,2026-08-10,95,134.0,136.4,122.3,126.1,126.1,1616675.0,210221620.0,0.002385,1.1e-05,False,0.091962,0.430075,tencent
1989.HK,2026-08-11,96,126.1,129.4,121.5,121.7,121.7,778163.0,97100590.0,-0.034893,0.000359,False,0.088597,0.449961,tencent
1989.HK,2026-08-12,97,124.9,129.3,123.0,128.9,128.9,1020515.0,129308410.0,0.059162,0.000458,False,0.089679,0.41742,tencent
1989.HK,2026-08-13,98,133.1,140.9,132.9,133.4,133.4,2144652.0,292995210.0,0.034911,0.000119,False,0.089077,0.397081,tencent
1989.HK,2026-08-14,99,138.0,141.0,132.4,140.0,140.0,1373612.0,188844520.0,0.049475,0.000262,False,0.0836,0.367252,tencent
1989.HK,2026-08-17,100,140.0,149.5,138.6,149.5,149.5,1416260.0,204797480.0,0.067857,0.000331,False,0.084507,0.324315,tencent
1989.HK,2026-08-18,101,149.5,150.5,135.5,137.2,137.2,1191849.0,168324800.0,-0.082274,0.000489,False,0.085875,0.379907,tencent
1989.HK,2026-08-19,102,129.8,136.2,122.2,123.8,123.8,1884385.0,240309130.0,-0.097668,0.000406,False,0.088611,0.44047,tencent
1989.HK,2026-08-20,103,125.9,127.9,122.0,123.0,123.0,1287047.0,159799050.0,-0.006462,4e-05,False,0.087659,0.444085,tencent
1989.HK,2026-08-21,104,120.8,132.9,120.1,130.0,130.0,1280000.0,165405200.0,0.056911,0.000344,False,0.088056,0.412448,tencent
1989.HK,2026-08-24,105,131.0,131.0,122.9,126.8,126.8,771764.0,96791820.0,-0.024615,0.000254,False,0.088075,0.426911,tencent
1989.HK,2026-08-25,106,126.0,134.8,123.2,129.8,129.8,1004100.0,130686830.00000001,0.023659,0.000181,False,0.078174,0.413352,tencent
1989.HK,2026-08-26,107,131.0,132.0,125.3,127.2,127.2,1023400.0,131554390.0,-0.020031,0.000152,False,0.076875,0.425103,tencent
1989.HK,2026-08-27,108,130.0,134.6,126.6,130.0,130.0,1406468.0,183980639.99999997,0.022013,0.00012,False,0.071202,0.412448,tencent
1989.HK,2026-08-28,109,130.0,134.3,126.7,126.7,126.7,980700.0,127977890.0,-0.025385,0.000198,False,0.057982,0.427363,tencent
1989.HK,2026-08-31,110,123.0,134.5,120.2,130.4,130.4,1458953.0,189788960.0,0.029203,0.000154,False,0.057473,0.41064,tencent
1989.HK,2026-09-01,111,130.8,130.8,119.6,121.9,121.9,1390261.0,170208040.0,-0.065184,0.000383,False,0.054413,0.449057,tencent
1989.HK,2026-09-02,112,121.0,121.5,115.6,116.0,116.0,1100000.0,128956250.0,-0.0484,0.000375,False,0.0541,0.475723,tencent
1989.HK,2026-09-03,113,118.5,120.5,114.0,116.1,116.1,898400.0,104780480.0,0.000862,8e-06,False,0.053583,0.475271,tencent
1989.HK,2026-09-04,114,117.4,119.8,110.0,111.0,111.0,946435.0,107544680.00000001,-0.043928,0.000408,False,0.048193,0.498321,tencent
1989.HK,2026-09-07,115,113.9,129.6,113.9,127.3,127.3,2748510.0,341641840.0,0.146847,0.00043,False,0.058993,0.424651,tencent
1989.HK,2026-09-08,116,125.9,130.6,123.9,126.1,126.1,1167800.0,148511350.0,-0.009427,6.3e-05,False,0.058425,0.430075,tencent
1989.HK,2026-09-09,117,128.3,133.6,126.1,127.6,127.6,1130500.0,147260620.0,0.011895,8.1e-05,False,0.056988,0.423295,tencent
1989.HK,2026-09-10,118,125.2,132.5,124.1,128.0,128.0,870740.0,112801200.00000001,0.003135,2.8e-05,False,0.056433,0.421487,tencent
1989.HK,2026-09-11,119,124.0,127.2,121.1,124.8,124.8,631500.0,78486530.0,-0.025,0.000319,False,0.055404,0.43595,tencent
1989.HK,2026-09-14,120,122.2,124.8,118.5,118.7,118.7,709900.0,86190040.00000001,-0.048878,0.000567,False,0.05352,0.46352,tencent
1989.HK,2026-09-15,121,120.0,128.8,119.2,121.0,121.0,925000.0,114869080.0,0.019377,0.000169,False,0.051079,0.453125,tencent
1989.HK,2026-09-16,122,123.0,123.2,118.1,122.4,122.4,1177900.0,142397510.0,0.01157,8.1e-05,False,0.046269,0.446797,tencent
1989.HK,2026-09-17,123,120.1,124.0,116.1,116.8,116.8,957600.0,113532480.0,-0.045752,0.000403,False,0.047396,0.472107,tencent
1989.HK,2026-09-18,124,119.2,122.4,107.0,107.6,107.6,2956050.0,330054030.0,-0.078767,0.000239,False,0.048289,0.513688,tencent
1989.HK,2026-09-21,125,110.0,128.6,110.0,123.0,123.0,9095600.0,1097144570.0,0.143123,0.00013,False,0.058747,0.444085,tencent
1989.HK,2026-09-22,126,135.5,150.0,127.3,131.5,131.5,10458214.0,1455100850.0,0.069106,4.7e-05,False,0.06056,0.405669,tencent
2701.HK,2026-03-23,1,14.3,16.5,10.9,11.25,11.25,58692800.0,747406900.0,0.041667,5.6e-05,False,,0.318182,tencent
2701.HK,2026-03-24,2,11.73,11.87,10.48,10.64,10.64,16721800.0,182682500.0,-0.054222,0.000297,False,,0.355152,tencent
2701.HK,2026-03-25,3,10.77,13.69,10.77,12.92,12.92,54213600.0,673147300.0,0.214286,0.000318,False,,0.21697,tencent
2701.HK,2026-03-26,4,13.52,14.11,12.42,13.07,13.07,26860400.0,362719700.0,0.01161,3.2e-05,False,,0.207879,tencent
2701.HK,2026-03-27,5,12.55,14.25,12.44,12.87,12.87,22544800.0,302038300.0,-0.015302,5.1e-05,False,0.103826,0.22,tencent
2701.HK,2026-03-30,6,12.7,13.45,11.85,13.08,13.08,12676300.0,161521000.0,0.016317,0.000101,False,0.093351,0.207273,tencent
2701.HK,2026-03-31,7,13.08,13.77,12.58,12.83,12.83,11326200.0,148422500.0,-0.019113,0.000129,False,0.087702,0.222424,tencent
2701.HK,2026-04-01,8,13.6,13.7,12.7,12.83,12.83,9067800.0,119143100.0,0.0,0.0,False,0.081793,0.222424,tencent
2701.HK,2026-04-02,9,12.84,12.84,12.21,12.49,12.49,6618200.0,82727600.0,-0.0265,0.00032,False,0.078369,0.24303,tencent
2701.HK,2026-04-08,10,13.14,13.46,12.75,12.78,12.78,13984400.0,182582200.0,0.023219,0.000127,False,0.0739,0.225455,tencent
2701.HK,2026-04-09,11,12.9,14.62,12.7,13.2,13.2,50894400.0,698833700.0,0.032864,4.7e-05,False,0.070229,0.2,tencent
2701.HK,2026-04-10,12,13.59,13.87,12.52,12.68,12.68,18679000.0,245517800.0,-0.039394,0.00016,False,0.069153,0.231515,tencent
2701.HK,2026-04-13,13,12.66,13.47,12.62,12.96,12.96,16718000.0,218494400.0,0.022082,0.000101,False,0.066234,0.214545,tencent
2701.HK,2026-04-14,14,13.15,13.15,12.72,12.87,12.87,6439800.0,82962400.0,-0.006944,8.4e-05,False,0.06393,0.22,tencent
2701.HK,2026-04-15,15,12.97,13.08,12.36,12.72,12.72,6904200.0,87746500.0,-0.011655,0.000133,False,0.061968,0.229091,tencent
2701.HK,2026-04-16,16,12.77,12.97,12.6,12.61,12.61,3786400.0,48343800.0,-0.008648,0.000179,False,0.060102,0.235758,tencent
2701.HK,2026-04-17,17,12.79,12.88,12.28,12.69,12.69,8903800.0,111830300.0,0.006344,5.7e-05,False,0.058206,0.230909,tencent
2701.HK,2026-04-20,18,12.69,12.79,12.37,12.4,12.4,4310800.0,54065800.0,-0.022853,0.000423,False,0.057028,0.248485,tencent
2701.HK,2026-04-21,19,12.58,12.58,11.94,11.95,11.95,3795200.0,45841100.0,-0.03629,0.000792,False,0.056391,0.275758,tencent
2701.HK,2026-04-22,20,11.96,12.75,11.96,12.49,12.49,14719600.0,183599700.0,0.045188,0.000246,False,0.055557,0.24303,tencent
2701.HK,2026-04-23,21,13.08,14.07,12.71,12.9,12.9,51952400.0,697869400.0,0.032826,4.7e-05,False,0.055315,0.218182,tencent
2701.HK,2026-04-24,22,13.25,13.25,12.22,12.37,12.37,13866200.0,173695099.99999997,-0.041085,0.000237,False,0.054609,0.250303,tencent
2701.HK,2026-04-27,23,12.39,12.73,12.21,12.49,12.49,7408000.0,92613200.0,0.009701,0.000105,False,0.025509,0.24303,tencent
2701.HK,2026-04-28,24,12.65,12.65,12.12,12.3,12.3,5198200.0,63641700.0,-0.015212,0.000239,False,0.025495,0.254545,tencent
2701.HK,2026-04-29,25,12.1,12.56,12.1,12.25,12.25,3798400.0,46623500.0,-0.004065,8.7e-05,False,0.025326,0.257576,tencent
2701.HK,2026-04-30,26,12.36,12.59,12.0,12.27,12.27,8497240.0,104768900.0,0.001633,1.6e-05,False,0.024973,0.256364,tencent
2701.HK,2026-05-04,27,12.2,12.56,11.92,12.27,12.27,1387800.0,16815200.0,0.0,0.0,False,0.024684,0.256364,tencent
2701.HK,2026-05-05,28,12.27,12.32,12.1,12.3,12.3,209000.0,2548900.0,0.002445,0.000959,False,0.0247,0.254545,tencent
2701.HK,2026-05-06,29,12.52,13.54,12.33,12.7,12.7,20161200.0,261001600.0,0.03252,0.000125,False,0.025118,0.230303,tencent
2701.HK,2026-05-07,30,12.97,13.29,12.83,12.87,12.87,11098800.0,144463100.0,0.013386,9.3e-05,False,0.024756,0.22,tencent
2701.HK,2026-05-08,31,12.87,13.25,12.61,13.16,13.16,9224400.0,120326800.0,0.022533,0.000187,False,0.024149,0.202424,tencent
2701.HK,2026-05-11,32,13.44,13.59,12.92,12.96,12.96,10587600.0,139835200.0,-0.015198,0.000109,False,0.022623,0.214545,tencent
2701.HK,2026-05-12,33,13.13,13.64,12.74,12.88,12.88,14960800.0,197517900.0,-0.006173,3.1e-05,False,0.022136,0.219394,tencent
2701.HK,2026-05-13,34,12.85,13.88,12.63,13.88,13.88,18415000.0,246802200.0,0.07764,0.000315,False,0.028046,0.158788,tencent
2701.HK,2026-05-14,35,13.75,15.69,13.38,13.62,13.62,32277000.0,464134800.00000006,-0.018732,4e-05,False,0.028299,0.174545,tencent
2701.HK,2026-05-15,36,13.88,14.24,13.16,13.48,13.48,13163600.0,179798300.00000003,-0.010279,5.7e-05,False,0.02834,0.18303,tencent
2701.HK,2026-05-18,37,13.5,15.37,13.5,14.9,14.9,33473600.0,487760000.0,0.105341,0.000216,False,0.036339,0.09697,tencent
2701.HK,2026-05-19,38,14.88,16.37,14.2,16.23,16.23,25961500.0,403476300.0,0.089262,0.000221,False,0.039712,0.016364,tencent
2701.HK,2026-05-20,39,16.36,17.14,15.4,15.61,15.61,18639600.0,300548200.0,-0.038201,0.000127,False,0.039842,0.089265,tencent
2701.HK,2026-05-21,40,15.9,16.18,13.8,14.02,14.02,19883200.0,290892100.0,-0.101858,0.00035,False,0.046781,0.18203,tencent
2701.HK,2026-05-22,41,14.38,14.8,14.0,14.16,14.16,15744400.0,226418700.0,0.009986,4.4e-05,False,0.04639,0.173862,tencent
2701.HK,2026-05-26,42,14.47,14.49,13.02,13.52,13.52,14578600.0,197568400.0,-0.045198,0.000229,False,0.046617,0.211202,tencent
2701.HK,2026-05-27,43,13.74,14.08,13.11,13.39,13.39,9162800.0,124138000.0,-0.009615,7.7e-05,False,0.046725,0.218786,tencent
2701.HK,2026-05-28,44,13.39,13.6,12.82,13.41,13.41,8008900.0,105861600.0,0.001494,1.4e-05,False,0.046503,0.21762,tencent
2701.HK,2026-05-29,45,13.65,13.65,12.16,12.3,12.3,10004600.0,126234900.0,-0.082774,0.000656,False,0.0505,0.28238,tencent
2701.HK,2026-06-01,46,12.38,12.71,12.14,12.16,12.16,7591580.0,94393300.0,-0.011382,0.000121,False,0.050581,0.290548,tencent
2701.HK,2026-06-02,47,12.17,12.42,11.71,12.24,12.24,8583200.0,104000800.0,0.006579,6.3e-05,False,0.050597,0.285881,tencent
2701.HK,2026-06-03,48,12.5,13.42,12.37,12.7,12.7,18069800.0,235452100.0,0.037582,0.00016,False,0.051252,0.259043,tencent
2701.HK,2026-06-04,49,12.62,13.06,12.44,12.5,12.5,4552400.0,57766500.0,-0.015748,0.000273,False,0.050917,0.270712,tencent
2701.HK,2026-06-05,50,12.35,12.6,11.85,11.92,11.92,6877500.0,83499800.0,-0.0464,0.000556,False,0.051862,0.304551,tencent
2701.HK,2026-06-08,51,11.39,11.57,10.95,11.22,11.22,8610600.0,96822900.00000001,-0.058725,0.000607,False,0.052964,0.345391,tencent
2701.HK,2026-06-09,52,11.4,11.85,11.02,11.58,11.58,7039200.0,80716100.0,0.032086,0.000398,False,0.053613,0.324387,tencent
2701.HK,2026-06-10,53,11.58,11.58,11.01,11.23,11.23,5286800.0,59144000.0,-0.030225,0.000511,False,0.053927,0.344807,tencent
2701.HK,2026-06-11,54,11.24,11.86,11.21,11.54,11.54,7001400.0,80694200.0,0.027605,0.000342,False,0.050947,0.326721,tencent
2701.HK,2026-06-12,55,11.9,12.2,11.05,11.23,11.23,6626000.0,76282400.0,-0.026863,0.000352,False,0.05107,0.344807,tencent
2701.HK,2026-06-15,56,11.5,11.76,11.29,11.73,11.73,4454000.0,51620000.0,0.044524,0.000863,False,0.052414,0.315636,tencent
2701.HK,2026-06-16,57,12.0,12.19,11.66,11.76,11.76,7072400.0,84513799.99999999,0.002558,3e-05,False,0.045551,0.313886,tencent
2701.HK,2026-06-17,58,11.69,11.78,11.44,11.5,11.5,4547200.0,52740100.0,-0.022109,0.000419,False,0.039018,0.329055,tencent
2701.HK,2026-06-18,59,11.68,11.84,11.23,11.28,11.28,6902000.0,78967800.0,-0.01913,0.000242,False,0.038687,0.34189,tencent
2701.HK,2026-06-22,60,11.38,11.61,10.64,10.88,10.88,8166200.0,90642500.0,-0.035461,0.000391,False,0.033358,0.365228,tencent
2701.HK,2026-06-23,61,11.06,13.32,10.83,12.07,12.07,62390200.0,772605800.0,0.109375,0.000142,False,0.042864,0.295799,tencent
2701.HK,2026-06-24,62,12.1,12.1,11.22,11.57,11.57,12282000.0,141685800.0,-0.041425,0.000292,False,0.042695,0.324971,tencent
2701.HK,2026-06-25,63,11.69,13.49,11.59,12.88,12.88,40128000.0,508187300.00000006,0.113224,0.000223,False,0.050421,0.248541,tencent
2701.HK,2026-06-26,64,12.89,13.49,12.3,12.72,12.72,15260000.0,195259700.0,-0.012422,6.4e-05,False,0.050484,0.257876,tencent
2701.HK,2026-06-29,65,12.71,13.29,11.88,12.43,12.43,10553000.0,131311400.0,-0.022799,0.000174,False,0.047065,0.274796,tencent
2701.HK,2026-06-30,66,12.31,13.78,12.15,13.32,13.32,22543200.0,299138600.0,0.071601,0.000239,False,0.049463,0.22287,tencent
2701.HK,2026-07-02,67,12.7,14.12,12.27,13.46,13.46,21090400.0,282527700.0,0.010511,3.7e-05,False,0.049474,0.214702,tencent
2701.HK,2026-07-03,68,13.2,13.82,12.8,12.92,12.92,10064000.0,134215700.0,-0.040119,0.000299,False,0.049903,0.246208,tencent
2701.HK,2026-07-06,69,13.29,13.75,12.54,13.37,13.37,12111800.0,160191500.0,0.03483,0.000217,False,0.050237,0.219953,tencent
2701.HK,2026-07-07,70,13.11,13.76,13.09,13.52,13.52,6791200.0,91118400.0,0.011219,0.000123,False,0.048794,0.211202,tencent
2701.HK,2026-07-08,71,13.52,13.87,12.7,13.08,13.08,6210800.0,81949900.0,-0.032544,0.000397,False,0.047253,0.236873,tencent
2701.HK,2026-07-09,72,13.29,13.89,12.81,13.51,13.51,7702600.0,102688500.0,0.032875,0.00032,False,0.047274,0.211785,tencent
2701.HK,2026-07-10,73,13.56,14.14,12.42,12.6,12.6,9496000.0,125876900.0,-0.067358,0.000535,False,0.049559,0.264877,tencent
2701.HK,2026-07-13,74,12.65,12.76,11.5,11.61,11.61,6171600.0,73269000.0,-0.078571,0.001072,False,0.052806,0.322637,tencent
2701.HK,2026-07-14,75,12.0,12.0,11.22,11.52,11.52,3194800.0,37057400.0,-0.007752,0.000209,False,0.052435,0.327888,tencent
2701.HK,2026-07-15,76,11.85,12.07,11.18,11.28,11.28,4251800.0,48836200.0,-0.020833,0.000427,False,0.051713,0.34189,tencent
2701.HK,2026-07-16,77,11.22,11.52,10.9,11.1,11.1,3739600.0,41843600.0,-0.015957,0.000381,False,0.051817,0.352392,tencent
2701.HK,2026-07-17,78,11.0,11.5,10.05,10.05,10.05,6326200.0,68155100.0,-0.094595,0.001388,False,0.055713,0.413652,tencent
2701.HK,2026-07-20,79,10.08,10.39,9.06,9.1,9.1,8693800.0,82575500.0,-0.094527,0.001145,False,0.059145,0.469078,tencent
2701.HK,2026-07-21,80,9.25,9.58,8.56,9.49,9.49,11394400.0,104920600.0,0.042857,0.000408,False,0.059892,0.446324,tencent
2701.HK,2026-07-22,81,9.62,9.68,9.17,9.21,9.21,5396600.0,50951400.0,-0.029505,0.000579,False,0.053643,0.46266,tencent
2701.HK,2026-07-23,82,9.49,9.49,9.11,9.17,9.17,2239200.0,20722700.0,-0.004343,0.00021,False,0.053214,0.464994,tencent
2701.HK,2026-07-24,83,9.13,9.27,8.84,8.87,8.87,2664400.0,24132100.0,-0.032715,0.001356,False,0.044726,0.482497,tencent
2701.HK,2026-07-27,84,9.01,9.14,8.65,9.04,9.04,2314600.0,20808700.0,0.019166,0.000921,False,0.045467,0.472579,tencent
2701.HK,2026-07-28,85,9.0,9.06,8.39,8.4,8.4,4119200.0,35852600.0,-0.070796,0.001975,False,0.047087,0.509918,tencent
2701.HK,2026-07-29,86,8.4,8.58,8.0,8.06,8.06,5776800.0,47369500.0,-0.040476,0.000854,False,0.042241,0.529755,tencent
2701.HK,2026-07-30,87,7.99,8.1,7.03,7.49,7.49,6757200.0,51239700.0,-0.07072,0.00138,False,0.042658,0.563011,tencent
2701.HK,2026-07-31,88,8.04,8.19,7.64,7.69,7.69,7184800.0,56963500.0,0.026702,0.000469,False,0.044245,0.551342,tencent
2701.HK,2026-08-03,89,7.66,7.89,7.66,7.715,7.715,2968600.0,23033000.0,0.003251,0.000141,False,0.042542,0.549883,tencent
2701.HK,2026-08-04,90,7.85,8.47,7.8,8.37,8.37,9662600.0,78751000.0,0.0849,0.001078,False,0.0487,0.511669,tencent
2701.HK,2026-08-05,91,8.14,8.73,8.11,8.58,8.58,6652400.0,56573100.00000001,0.02509,0.000443,False,0.049771,0.499417,tencent
2701.HK,2026-08-06,92,8.48,8.8,8.4,8.485,8.485,4487400.0,38569000.0,-0.011072,0.000287,False,0.048277,0.504959,tencent
2701.HK,2026-08-07,93,8.6,9.14,8.37,8.885,8.885,6568200.0,57704100.0,0.047142,0.000817,False,0.049374,0.481622,tencent
2701.HK,2026-08-10,94,9.055,9.35,8.7,8.87,8.87,3336200.0,29967900.0,-0.001688,5.6e-05,False,0.047203,0.482497,tencent
2701.HK,2026-08-11,95,8.88,9.57,8.78,9.08,9.08,5889000.0,54234300.0,0.023675,0.000437,False,0.04788,0.470245,tencent
2701.HK,2026-08-12,96,9.395,9.77,9.18,9.18,9.18,8326200.0,78786500.0,0.011013,0.00014,False,0.048055,0.464411,tencent
2701.HK,2026-08-13,97,9.38,9.675,9.235,9.295,9.295,5862200.0,55473700.0,0.012527,0.000226,False,0.048264,0.457701,tencent
2701.HK,2026-08-14,98,9.41,9.535,9.015,9.25,9.25,3296400.0,30519800.0,-0.004841,0.000159,False,0.043718,0.460327,tencent
2701.HK,2026-08-17,99,9.36,9.65,9.21,9.61,9.61,3230800.0,30748400.0,0.038919,0.001266,False,0.038975,0.439323,tencent
2701.HK,2026-08-18,100,9.955,9.995,9.35,9.425,9.425,3796200.0,36448800.0,-0.019251,0.000528,False,0.038136,0.450117,tencent
2701.HK,2026-08-19,101,9.1,9.28,8.73,8.9,8.9,2945400.0,26300500.0,-0.055703,0.002118,False,0.039636,0.480747,tencent
2701.HK,2026-08-20,102,8.915,9.09,8.775,8.78,8.78,2028900.0,18035700.0,-0.013483,0.000748,False,0.039729,0.487748,tencent
2701.HK,2026-08-21,103,8.705,9.09,8.705,8.845,8.845,1437200.0,12788400.0,0.007403,0.000579,False,0.039073,0.483956,tencent
2701.HK,2026-08-24,104,8.925,9.3,8.7,8.7,8.7,3627200.0,32859200.0,-0.016393,0.000499,False,0.038992,0.492415,tencent
2701.HK,2026-08-25,105,8.62,9.07,8.43,8.945,8.945,2192000.0,19132300.0,0.028161,0.001472,False,0.035847,0.478121,tencent
2701.HK,2026-08-26,106,8.995,9.39,8.905,9.06,9.06,2347700.0,21565600.0,0.012856,0.000596,False,0.034335,0.471412,tencent
2701.HK,2026-08-27,107,9.2,9.385,9.08,9.24,9.24,2237800.0,20688600.0,0.019868,0.00096,False,0.029216,0.46091,tencent
2701.HK,2026-08-28,108,8.905,9.395,8.905,9.155,9.155,1502200.0,13901800.0,-0.009199,0.000662,False,0.0293,0.465869,tencent
2701.HK,2026-08-31,109,9.08,9.295,9.0,9.24,9.24,1481400.0,13624900.0,0.009285,0.000681,False,0.029267,0.46091,tencent
2701.HK,2026-09-01,110,9.24,9.575,9.075,9.11,9.11,1797000.0,16657300.0,-0.014069,0.000845,False,0.023673,0.468495,tencent
2701.HK,2026-09-02,111,9.3,9.3,8.9,8.975,8.975,1170600.0,10566400.000000002,-0.014819,0.001402,False,0.023528,0.476371,tencent
2701.HK,2026-09-03,112,9.195,9.2,8.71,8.905,8.905,1759200.0,15650000.0,-0.007799,0.000498,False,0.02344,0.480455,tencent
2701.HK,2026-09-04,113,9.075,9.2,8.74,8.785,8.785,1785200.0,16037200.0,-0.013476,0.00084,False,0.021201,0.487456,tencent
2701.HK,2026-09-07,114,9.1,9.1,8.815,8.85,8.85,1601800.0,14313100.0,0.007399,0.000517,False,0.021268,0.483664,tencent
2701.HK,2026-09-08,115,8.95,9.075,8.795,8.835,8.835,2247800.0,19944000.0,-0.001695,8.5e-05,False,0.020532,0.484539,tencent
2701.HK,2026-09-09,116,8.98,9.09,8.5,8.5,8.5,2488600.0,21841600.0,-0.037917,0.001736,False,0.021875,0.504084,tencent
2701.HK,2026-09-10,117,8.65,8.775,8.385,8.54,8.54,1725000.0,14716099.999999998,0.004706,0.00032,False,0.02164,0.50175,tencent
2701.HK,2026-09-11,118,8.425,8.425,8.0,8.105,8.105,2246600.0,18272500.0,-0.050937,0.002788,False,0.024054,0.52713,tencent
2701.HK,2026-09-14,119,7.98,8.25,7.9,7.97,7.97,1625000.0,13069500.0,-0.016656,0.001274,False,0.021644,0.535006,tencent
2701.HK,2026-09-15,120,8.05,8.4,7.855,7.905,7.905,1985000.0,16027100.0,-0.008156,0.000509,False,0.021512,0.538798,tencent
2701.HK,2026-09-16,121,7.92,8.18,7.905,8.03,8.03,1687400.0,13633300.0,0.015813,0.00116,False,0.019062,0.531505,tencent
2701.HK,2026-09-17,122,8.08,8.13,7.85,7.955,7.955,1882600.0,14967800.0,-0.00934,0.000624,False,0.018987,0.535881,tencent
2701.HK,2026-09-18,123,8.23,8.96,8.185,8.76,8.76,11128000.0,97420200.0,0.101194,0.001039,False,0.030337,0.488915,tencent
2701.HK,2026-09-21,124,8.75,8.925,8.6,8.875,8.875,3640000.0,32024000.0,0.013128,0.00041,False,0.030218,0.482205,tencent
2701.HK,2026-09-22,125,9.12,9.375,8.675,8.81,8.81,4502000.0,40936500.0,-0.007324,0.000179,False,0.029601,0.485998,tencent
3355.HK,2026-03-23,1,55.435,56.435,42.735,46.635,46.635,13032960.0,706589260.0000001,0.121034,0.000171,False,,0.173651,tencent
3355.HK,2026-03-24,2,49.685,49.685,42.435,42.835,42.835,4027390.0,183005820.0,-0.081484,0.000445,False,,0.240985,tencent
3355.HK,2026-03-25,3,42.835,46.835,41.135,45.155,45.155,2262555.0,102293380.0,0.054161,0.000529,False,,0.199876,tencent
3355.HK,2026-03-26,4,46.235,46.635,41.555,42.375,42.375,1037776.0,46242370.0,-0.061566,0.001331,False,,0.249136,tencent
3355.HK,2026-03-27,5,42.335,46.435,40.955,45.435,45.435,1332325.0,59598370.00000001,0.072212,0.001212,False,0.088104,0.194915,tencent
3355.HK,2026-03-30,6,44.435,45.435,42.135,42.675,42.675,1102050.0,48270300.0,-0.060746,0.001258,False,0.085557,0.24382,tencent
3355.HK,2026-03-31,7,43.435,43.435,38.435,40.435,40.435,1676100.0,69043220.0,-0.05249,0.00076,False,0.081303,0.283512,tencent
3355.HK,2026-04-01,8,41.035,41.935,40.015,41.035,41.035,653600.0,27192100.0,0.014839,0.000546,False,0.075487,0.27288,tencent
3355.HK,2026-04-02,9,41.015,41.715,39.655,40.075,40.075,427700.0,17587390.0,-0.023395,0.00133,False,0.071069,0.289891,tencent
3355.HK,2026-04-08,10,41.115,45.155,41.115,44.435,44.435,1454460.0,64800090.0,0.108796,0.001679,False,0.075603,0.212634,tencent
3355.HK,2026-04-09,11,44.435,44.435,40.955,43.135,43.135,1102500.0,47241640.0,-0.029256,0.000619,False,0.072651,0.235669,tencent
3355.HK,2026-04-10,12,42.455,43.435,40.995,42.215,42.215,700800.0,29661230.0,-0.021328,0.000719,False,0.069706,0.251971,tencent
3355.HK,2026-04-13,13,41.075,49.685,41.035,48.855,48.855,2178670.0,103199850.0,0.15729,0.001524,False,0.07922,0.134314,tencent
3355.HK,2026-04-14,14,50.035,53.435,47.515,50.935,50.935,1422202.0,72921730.0,0.042575,0.000584,False,0.076462,0.097457,tencent
3355.HK,2026-04-15,15,50.935,55.085,49.485,50.735,50.735,1347200.0,70719800.0,-0.003927,5.6e-05,False,0.073882,0.101001,tencent
3355.HK,2026-04-16,16,49.735,56.035,49.055,53.885,53.885,1139390.0,61554880.0,0.062087,0.001009,False,0.07231,0.045185,tencent
3355.HK,2026-04-17,17,53.885,53.885,48.475,50.435,50.435,764500.0,39393940.0,-0.064025,0.001625,False,0.07283,0.106317,tencent
3355.HK,2026-04-20,18,52.435,53.435,48.535,48.575,48.575,608200.0,30980120.0,-0.036879,0.00119,False,0.071658,0.139275,tencent
3355.HK,2026-04-21,19,48.555,48.735,45.435,46.435,46.435,1127000.0,52793459.99999999,-0.044056,0.000834,False,0.070775,0.177195,tencent
3355.HK,2026-04-22,20,46.435,51.535,45.435,50.035,50.035,662700.0,33328030.0,0.077528,0.002326,False,0.070616,0.113405,tencent
3355.HK,2026-04-23,21,50.035,50.035,45.715,46.035,46.035,927600.0,43946280.0,-0.079944,0.001819,False,0.068486,0.184283,tencent
3355.HK,2026-04-24,22,47.915,47.955,43.035,44.155,44.155,486300.0,21769750.0,-0.040838,0.001876,False,0.066467,0.217595,tencent
3355.HK,2026-04-27,23,44.235,47.935,44.175,45.855,45.855,698300.0,32967620.0,0.038501,0.001168,False,0.065929,0.187472,tencent
3355.HK,2026-04-28,24,45.855,47.935,44.435,44.955,44.955,325050.0,15224980.0,-0.019627,0.001289,False,0.064425,0.20342,tencent
3355.HK,2026-04-29,25,44.935,45.955,43.455,44.735,44.735,237950.0,10776500.0,-0.004894,0.000454,False,0.06246,0.207318,tencent
3355.HK,2026-04-30,26,44.415,45.515,42.275,43.515,43.515,367300.0,16079100.0,-0.027272,0.001696,False,0.061153,0.228936,tencent
3355.HK,2026-05-04,27,43.515,45.575,43.055,43.435,43.435,452900.0,20358870.0,-0.001838,9e-05,False,0.059781,0.230354,tencent
3355.HK,2026-05-05,28,43.435,45.795,43.155,43.315,43.315,303300.0,13602090.0,-0.002763,0.000203,False,0.059762,0.23248,tencent
3355.HK,2026-05-06,29,43.935,43.935,40.735,42.415,42.415,468930.0,19967190.0,-0.020778,0.001041,False,0.0597,0.248427,tencent
3355.HK,2026-05-07,30,43.435,43.695,41.035,42.535,42.535,265300.0,11411270.0,0.002829,0.000248,False,0.054423,0.246301,tencent
3355.HK,2026-05-08,31,42.435,42.655,41.555,41.655,41.655,266000.0,11281670.0,-0.020689,0.001834,False,0.054221,0.261894,tencent
3355.HK,2026-05-11,32,41.655,50.935,41.655,50.735,50.735,1691630.0,81936550.0,0.217981,0.00266,False,0.072638,0.101001,tencent
3355.HK,2026-05-12,33,50.935,53.935,48.435,49.935,49.935,723000.0,36949260.0,-0.015768,0.000427,False,0.06418,0.115177,tencent
3355.HK,2026-05-13,34,49.935,49.985,46.535,49.035,49.035,440300.0,21438560.000000004,-0.018023,0.000841,False,0.063637,0.131124,tencent
3355.HK,2026-05-14,35,50.435,51.135,44.435,44.435,44.435,435200.0,20313330.0,-0.093811,0.004618,False,0.067004,0.212634,tencent
3355.HK,2026-05-15,36,44.435,44.575,41.855,42.735,42.735,495300.0,21520150.0,-0.038258,0.001778,False,0.065487,0.242757,tencent
3355.HK,2026-05-18,37,42.735,43.375,41.435,42.755,42.755,218000.0,9458480.0,0.000468,4.9e-05,False,0.064243,0.242403,tencent
3355.HK,2026-05-19,38,42.755,45.195,41.955,43.735,43.735,290900.0,12789659.999999998,0.022921,0.001792,False,0.064142,0.225038,tencent
3355.HK,2026-05-20,39,43.155,44.415,41.735,42.135,42.135,248700.0,10727420.0,-0.036584,0.00341,False,0.063914,0.253389,tencent
3355.HK,2026-05-21,40,42.315,42.795,41.435,41.615,41.615,276000.0,11728880.0,-0.012341,0.001052,False,0.061046,0.262603,tencent
3355.HK,2026-05-22,41,41.455,43.995,41.435,41.975,41.975,170900.0,7326810.0,0.008651,0.001181,False,0.058684,0.256224,tencent
3355.HK,2026-05-26,42,42.175,42.175,38.435,39.695,39.695,768900.0,30860340.0,-0.054318,0.00176,False,0.059215,0.296624,tencent
3355.HK,2026-05-27,43,39.435,42.955,37.735,40.415,40.415,731452.0,30145279.999999996,0.018138,0.000602,False,0.058622,0.283866,tencent
3355.HK,2026-05-28,44,39.975,40.915,38.235,39.295,39.295,346400.0,13863030.000000002,-0.027712,0.001999,False,0.058758,0.303712,tencent
3355.HK,2026-05-29,45,39.295,40.295,35.435,36.035,36.035,415000.0,15935060.0,-0.082962,0.005206,False,0.061275,0.361478,tencent
3355.HK,2026-06-01,46,36.035,39.335,36.035,37.675,37.675,634890.0,24616870.0,0.045511,0.001849,False,0.062293,0.332418,tencent
3355.HK,2026-06-02,47,37.755,38.255,36.115,37.595,37.595,156100.0,5905370.0,-0.002123,0.00036,False,0.062292,0.333835,tencent
3355.HK,2026-06-03,48,37.635,40.275,37.075,37.315,37.315,307900.0,12043780.0,-0.007448,0.000618,False,0.06229,0.338797,tencent
3355.HK,2026-06-04,49,37.88,38.46,35.84,35.98,35.98,235300.0,8587930.0,-0.035776,0.004166,False,0.06257,0.362452,tencent
3355.HK,2026-06-05,50,35.92,37.06,33.2,35.46,35.46,254700.0,9143290.0,-0.014452,0.001581,False,0.062554,0.371667,tencent
3355.HK,2026-06-08,51,35.46,35.46,32.42,33.28,33.28,299700.0,10096310.0,-0.061478,0.006089,False,0.063668,0.410295,tencent
3355.HK,2026-06-09,52,33.28,36.04,32.0,34.62,34.62,350620.0,12030030.0,0.040264,0.003347,False,0.037145,0.386551,tencent
3355.HK,2026-06-10,53,34.56,34.56,27.96,29.8,29.8,1485820.0,44796270.00000001,-0.139226,0.003108,False,0.045929,0.471959,tencent
3355.HK,2026-06-11,54,29.8,35.22,29.62,34.18,34.18,832700.0,27650380.0,0.14698,0.005316,False,0.05985,0.394347,tencent
3355.HK,2026-06-12,55,34.22,37.86,34.2,35.86,35.86,692050.0,25318660.0,0.049152,0.001941,False,0.058615,0.364579,tencent
3355.HK,2026-06-15,56,35.86,37.7,35.14,36.78,36.78,581130.0,21339770.0,0.025655,0.001202,False,0.05868,0.348277,tencent
3355.HK,2026-06-16,57,36.48,37.5,34.12,37.42,37.42,560100.0,19900460.0,0.017401,0.000874,False,0.058897,0.336936,tencent
3355.HK,2026-06-17,58,37.5,39.66,35.52,35.84,35.84,282410.0,10535050.000000002,-0.042223,0.004008,False,0.059073,0.364933,tencent
3355.HK,2026-06-18,59,35.36,36.52,34.54,35.96,35.96,280720.0,9950140.0,0.003348,0.000336,False,0.058739,0.362807,tencent
3355.HK,2026-06-22,60,36.0,38.0,35.9,36.5,36.5,189060.0,6948780.0,0.015017,0.002161,False,0.058908,0.353238,tencent
3355.HK,2026-06-23,61,36.5,37.0,34.74,35.06,35.06,143540.0,5118180.0,-0.039452,0.007708,False,0.059307,0.378754,tencent
3355.HK,2026-06-24,62,35.0,35.04,33.92,33.98,33.98,174540.0,6002350.0,-0.030804,0.005132,False,0.058554,0.397891,tencent
3355.HK,2026-06-25,63,33.98,37.36,33.28,37.0,37.0,341400.0,12135260.0,0.088876,0.007324,False,0.062123,0.344378,tencent
3355.HK,2026-06-26,64,37.0,37.78,35.02,35.78,35.78,188540.0,6809059.999999999,-0.032973,0.004843,False,0.062246,0.365996,tencent
3355.HK,2026-06-29,65,35.8,39.0,35.8,38.9,38.9,224210.0,8428590.0,0.0872,0.010346,False,0.062347,0.310711,tencent
3355.HK,2026-06-30,66,38.42,40.16,37.8,39.6,39.6,227400.0,8970810.0,0.017995,0.002006,False,0.061722,0.298308,tencent
3355.HK,2026-07-02,67,39.6,39.6,34.32,34.6,34.6,263480.0,9451710.0,-0.126263,0.013359,False,0.068294,0.386905,tencent
3355.HK,2026-07-03,68,34.6,44.0,34.6,37.5,37.5,266400.0,10198270.0,0.083815,0.008219,False,0.070903,0.335519,tencent
3355.HK,2026-07-06,69,37.8,37.8,34.0,34.26,34.26,175730.0,6147020.0,-0.0864,0.014056,False,0.073213,0.39293,tencent
3355.HK,2026-07-07,70,34.62,36.72,32.46,33.12,33.12,167900.0,5575720.0,-0.033275,0.005968,False,0.073531,0.41313,tencent
3355.HK,2026-07-08,71,33.14,34.74,31.3,33.58,33.58,114200.0,3792000.0,0.013889,0.003663,False,0.072177,0.404979,tencent
3355.HK,2026-07-09,72,34.32,39.98,33.8,38.92,38.92,426780.0,15945250.0,0.159023,0.009973,False,0.079883,0.310357,tencent
3355.HK,2026-07-10,73,38.92,39.48,36.98,37.66,37.66,162500.0,6222450.0,-0.032374,0.005203,False,0.072706,0.332684,tencent
3355.HK,2026-07-13,74,36.5,36.54,33.5,33.86,33.86,335681.0,11542590.0,-0.100903,0.008742,False,0.069962,0.400018,tencent
3355.HK,2026-07-14,75,33.86,37.44,32.42,37.2,37.2,240216.0,8427020.0,0.098641,0.011705,False,0.072551,0.340835,tencent
3355.HK,2026-07-15,76,37.2,39.5,36.94,38.98,38.98,155300.0,5990720.0,0.047849,0.007987,False,0.073062,0.309294,tencent
3355.HK,2026-07-16,77,38.98,39.56,36.84,38.98,38.98,163070.0,6200309.999999999,0.0,0.0,False,0.073016,0.309294,tencent
3355.HK,2026-07-17,78,38.5,38.5,34.3,34.96,34.96,316500.0,11268970.0,-0.10313,0.009152,False,0.076267,0.380526,tencent
3355.HK,2026-07-20,79,36.0,36.46,33.86,34.52,34.52,145700.0,5028990.0,-0.012586,0.002503,False,0.07633,0.388323,tencent
3355.HK,2026-07-21,80,34.88,37.42,33.3,35.76,35.76,155370.0,5573560.0,0.035921,0.006445,False,0.076678,0.366351,tencent
3355.HK,2026-07-22,81,37.78,38.0,35.22,35.72,35.72,154500.0,5745490.0,-0.001119,0.000195,False,0.076071,0.367059,tencent
3355.HK,2026-07-23,82,35.8,36.34,34.96,35.02,35.02,31300.0,1110950.0,-0.019597,0.01764,False,0.075845,0.379463,tencent
3355.HK,2026-07-24,83,35.02,35.92,33.9,34.6,34.6,68400.0,2339960.0,-0.011993,0.005125,False,0.073228,0.386905,tencent
3355.HK,2026-07-27,84,34.64,35.22,33.82,34.52,34.52,86300.0,2967350.0,-0.002312,0.000779,False,0.072839,0.388323,tencent
3355.HK,2026-07-28,85,34.0,34.0,31.32,31.34,31.34,128600.0,4232530.0,-0.092121,0.021765,False,0.07267,0.444671,tencent
3355.HK,2026-07-29,86,31.44,32.02,29.0,31.0,31.0,256795.0,7791260.0,-0.010849,0.001392,False,0.072408,0.450695,tencent
3355.HK,2026-07-30,87,30.98,33.08,29.02,33.04,33.04,213700.0,6615980.0,0.065806,0.009947,False,0.068779,0.414548,tencent
3355.HK,2026-07-31,88,32.6,37.3,32.6,34.0,34.0,284900.0,10177510.0,0.029056,0.002855,False,0.066309,0.397537,tencent
3355.HK,2026-08-03,89,35.48,36.32,34.72,36.06,36.06,195600.0,6983730.000000001,0.060588,0.008676,False,0.064684,0.361035,tencent
3355.HK,2026-08-04,90,36.06,37.76,35.44,36.44,36.44,145000.0,5273660.0,0.010538,0.001998,False,0.064076,0.354301,tencent
3355.HK,2026-08-05,91,35.8,37.4,34.0,35.8,35.8,200708.0,7296090.0,-0.017563,0.002407,False,0.064276,0.365642,tencent
3355.HK,2026-08-06,92,35.8,37.44,35.04,35.64,35.64,111300.0,4045600.0,-0.004469,0.001105,False,0.0531,0.368477,tencent
3355.HK,2026-08-07,93,35.66,37.16,34.9,36.2,36.2,147500.0,5354610.0,0.015713,0.002934,False,0.05279,0.358554,tencent
3355.HK,2026-08-10,94,36.2,36.62,34.82,36.6,36.6,77000.0,2745940.0,0.01105,0.004024,False,0.047241,0.351466,tencent
3355.HK,2026-08-11,95,34.92,38.0,34.92,36.06,36.06,191900.0,7006650.0,-0.014754,0.002106,False,0.041911,0.361035,tencent
3355.HK,2026-08-12,96,36.06,38.0,35.8,36.46,36.46,156500.0,5748380.0,0.011093,0.00193,False,0.040451,0.353947,tencent
3355.HK,2026-08-13,97,37.48,39.8,37.48,38.64,38.64,358400.0,13988530.0,0.059792,0.004274,False,0.04279,0.315319,tencent
3355.HK,2026-08-14,98,39.0,40.34,38.38,39.72,39.72,228600.0,9015110.0,0.02795,0.0031,False,0.035508,0.296181,tencent
3355.HK,2026-08-17,99,39.7,39.7,38.5,38.68,38.68,96200.0,3756820.0,-0.026183,0.00697,False,0.03603,0.31461,tencent
3355.HK,2026-08-18,100,39.22,41.0,37.8,39.9,39.9,213200.0,8378000.0,0.031541,0.003765,False,0.035853,0.292992,tencent
3355.HK,2026-08-19,101,39.7,39.7,35.18,36.06,36.06,270902.0,9861100.0,-0.096241,0.00976,False,0.042547,0.361035,tencent
3355.HK,2026-08-20,102,37.14,37.22,35.5,36.64,36.64,218900.0,8002530.0,0.016084,0.00201,False,0.04237,0.350758,tencent
3355.HK,2026-08-21,103,37.46,39.46,37.46,38.9,38.9,175900.0,6810990.0,0.061681,0.009056,False,0.04415,0.310711,tencent
3355.HK,2026-08-24,104,38.94,39.8,36.4,37.2,37.2,155900.0,5800599.999999999,-0.043702,0.007534,False,0.045549,0.340835,tencent
3355.HK,2026-08-25,105,37.2,39.44,36.4,38.64,38.64,136500.0,5210610.0,0.03871,0.007429,False,0.039956,0.315319,tencent
3355.HK,2026-08-26,106,38.64,42.0,38.64,39.96,39.96,242200.0,9851010.0,0.034161,0.003468,False,0.039911,0.291929,tencent
3355.HK,2026-08-27,107,40.98,42.48,40.0,42.34,42.34,285400.0,11843260.0,0.05956,0.005029,False,0.039502,0.249756,tencent
3355.HK,2026-08-28,108,42.5,43.8,42.0,42.08,42.08,198500.0,8530220.0,-0.006141,0.00072,False,0.039544,0.254363,tencent
3355.HK,2026-08-31,109,42.54,43.94,42.54,43.8,43.8,108260.0,4703040.0,0.040875,0.008691,False,0.038487,0.223886,tencent
3355.HK,2026-09-01,110,43.8,44.5,42.08,43.0,43.0,115300.0,4945100.0,-0.018265,0.003694,False,0.03902,0.238061,tencent
3355.HK,2026-09-02,111,42.0,44.36,41.8,43.08,43.08,188800.0,8194580.0,0.00186,0.000227,False,0.038562,0.236644,tencent
3355.HK,2026-09-03,112,43.26,44.12,42.92,43.56,43.56,58600.0,2549340.0,0.011142,0.004371,False,0.038411,0.228139,tencent
3355.HK,2026-09-04,113,43.56,45.16,43.56,43.92,43.92,319100.0,14104200.0,0.008264,0.000586,False,0.038397,0.22176,tencent
3355.HK,2026-09-07,114,46.5,46.54,41.0,43.12,43.12,935092.0,40286170.0,-0.018215,0.000452,False,0.038926,0.235935,tencent
3355.HK,2026-09-08,115,43.12,43.22,40.1,42.1,42.1,503700.0,21192050.0,-0.023655,0.001116,False,0.039261,0.254009,tencent
3355.HK,2026-09-09,116,43.0,48.08,41.52,41.96,41.96,3140800.0,141203210.0,-0.003325,2.4e-05,False,0.039343,0.25649,tencent
3355.HK,2026-09-10,117,41.96,44.64,41.2,41.58,41.58,981400.0,41491710.0,-0.009056,0.000218,False,0.037524,0.263223,tencent
3355.HK,2026-09-11,118,41.3,41.5,38.44,39.0,39.0,1205800.0,47503410.0,-0.062049,0.001306,False,0.039869,0.308939,tencent
3355.HK,2026-09-14,119,38.9,39.7,36.02,36.8,36.8,1213900.0,45021420.0,-0.05641,0.001253,False,0.041449,0.347922,tencent
3355.HK,2026-09-15,120,36.14,39.7,35.86,39.16,39.16,1265500.0,48787680.0,0.06413,0.001314,False,0.043417,0.306104,tencent
3355.HK,2026-09-16,121,39.38,42.96,39.2,41.96,41.96,1331300.0,55177920.0,0.071502,0.001296,False,0.039914,0.25649,tencent
3355.HK,2026-09-17,122,42.28,43.3,41.22,42.08,42.08,419400.0,17616810.0,0.00286,0.000162,False,0.039888,0.254363,tencent
3355.HK,2026-09-18,123,42.7,42.7,41.3,41.42,41.42,762000.0,31751830.0,-0.015684,0.000494,False,0.038088,0.266058,tencent
3355.HK,2026-09-21,124,42.08,42.48,38.0,40.18,40.18,950000.0,37661500.0,-0.029937,0.000795,False,0.0373,0.28803,tencent
3355.HK,2026-09-22,125,41.5,41.92,40.0,40.8,40.8,553000.0,22613170.0,0.015431,0.000682,False,0.036533,0.277044,tencent
2632.HK,2026-03-24,1,43.9,45.8,27.7,27.88,27.88,5219350.0,230200300.0,-0.369231,0.001604,False,,0.391266,tencent
2632.HK,2026-03-25,2,28.2,48.0,28.2,45.36,45.36,2026640.0,85753000.0,0.626973,0.007311,False,,0.055,tencent
2632.HK,2026-03-26,3,45.86,63.8,41.0,46.8,46.8,1419488.0,70669600.0,0.031746,0.000449,False,,0.266458,tencent
2632.HK,2026-03-27,4,46.8,60.3,46.8,58.0,58.0,659470.0,36170000.0,0.239316,0.006616,False,,0.090909,tencent
2632.HK,2026-03-30,5,55.0,58.0,46.0,47.0,47.0,405800.0,20472700.0,-0.189655,0.009264,False,0.387515,0.263323,tencent
2632.HK,2026-03-31,6,47.0,47.88,42.0,45.0,45.0,179810.0,8011500.0,-0.042553,0.005312,False,0.349521,0.294671,tencent
2632.HK,2026-04-01,7,45.0,48.5,42.1,44.1,44.1,151900.0,6821799.999999999,-0.02,0.002932,False,0.320145,0.308777,tencent
2632.HK,2026-04-02,8,44.1,47.48,42.56,43.04,43.04,156950.0,6992300.0,-0.024036,0.003438,False,0.297247,0.325392,tencent
2632.HK,2026-04-08,9,43.04,44.32,37.0,40.0,40.0,197250.0,7995000.0,-0.070632,0.008835,False,0.280128,0.373041,tencent
2632.HK,2026-04-09,10,41.0,43.04,39.06,41.8,41.8,83000.0,3438600.0,0.045,0.013087,False,0.264224,0.344828,tencent
2632.HK,2026-04-10,11,41.8,52.3,41.8,47.22,47.22,188452.0,8899600.0,0.129665,0.01457,False,0.252731,0.259875,tencent
2632.HK,2026-04-13,12,47.04,47.04,43.6,45.64,45.64,46550.0,2083100.0,-0.03346,0.016063,False,0.241719,0.284639,tencent
2632.HK,2026-04-14,13,43.8,49.8,43.8,49.8,49.8,76220.0,3609100.0000000005,0.091148,0.025255,False,0.232113,0.219436,tencent
2632.HK,2026-04-15,14,49.8,57.8,47.4,56.95,56.95,159350.0,8313400.0,0.143574,0.01727,False,0.224996,0.107367,tencent
2632.HK,2026-04-16,15,56.95,71.0,50.0,59.55,59.55,230050.0,13856500.0,0.045654,0.003295,False,0.216817,0.161268,tencent
2632.HK,2026-04-17,16,59.6,71.0,58.0,69.8,69.8,185950.0,12332300.0,0.172124,0.013957,False,0.212044,0.016901,tencent
2632.HK,2026-04-20,17,70.0,85.3,67.1,80.8,80.8,413300.0,31695000.0,0.157593,0.004972,False,0.20701,0.052755,tencent
2632.HK,2026-04-21,18,83.1,86.0,75.1,84.0,84.0,129850.0,10527100.0,0.039604,0.003762,False,0.200861,0.023256,tencent
2632.HK,2026-04-22,19,84.0,84.0,77.05,79.1,79.1,103110.0,8153099.999999999,-0.058333,0.007155,False,0.196897,0.080233,tencent
2632.HK,2026-04-23,20,79.1,93.0,79.1,86.8,86.8,187500.0,16275200.0,0.097345,0.005981,False,0.191961,0.066667,tencent
2632.HK,2026-04-24,21,86.8,92.95,82.0,85.85,85.85,122900.0,10693699.999999998,-0.010945,0.001023,False,0.165633,0.076882,tencent
2632.HK,2026-04-27,22,85.85,89.0,82.1,85.8,85.8,73000.0,6179500.0,-0.000582,9.4e-05,False,0.101164,0.077419,tencent
2632.HK,2026-04-28,23,85.65,86.0,82.3,83.0,83.0,97000.0,8176300.0,-0.032634,0.003991,False,0.102362,0.107527,tencent
2632.HK,2026-04-29,24,81.2,83.5,76.6,81.5,81.5,68800.0,5530000.0,-0.018072,0.003268,False,0.090693,0.123656,tencent
2632.HK,2026-04-30,25,81.5,86.6,79.2,85.0,85.0,57500.0,4774600.0,0.042945,0.008994,False,0.075971,0.086022,tencent
2632.HK,2026-05-04,26,78.5,95.4,78.5,95.2,95.2,258200.0,23335500.0,0.12,0.005142,False,0.076194,0.002096,tencent
2632.HK,2026-05-05,27,95.2,100.7,83.0,86.15,86.15,322400.0,30800700.0,-0.095063,0.003086,False,0.081041,0.144489,tencent
2632.HK,2026-05-06,28,86.15,106.9,83.0,105.0,105.0,426106.0,41724200.0,0.218804,0.005244,False,0.08919,0.017774,tencent
2632.HK,2026-05-07,29,105.0,105.2,98.1,105.2,105.2,317850.0,32201600.0,0.001905,5.9e-05,False,0.085458,0.015903,tencent
2632.HK,2026-05-08,30,105.0,118.0,105.0,116.0,116.0,137604.0,15757700.0,0.102662,0.006515,False,0.086151,0.016949,tencent
2632.HK,2026-05-11,31,118.0,120.8,111.1,120.0,120.0,84750.0,9919700.0,0.034483,0.003476,False,0.084462,0.006623,tencent
2632.HK,2026-05-12,32,120.1,121.0,110.5,119.5,119.5,279450.0,32807900.0,-0.004167,0.000127,False,0.083165,0.012397,tencent
2632.HK,2026-05-13,33,119.5,120.7,103.9,110.1,110.1,199300.0,21969300.0,-0.078661,0.003581,False,0.087554,0.090083,tencent
2632.HK,2026-05-14,34,110.1,113.1,107.0,112.3,112.3,83850.0,9275900.0,0.019982,0.002154,False,0.084456,0.071901,tencent
2632.HK,2026-05-15,35,112.2,119.3,107.3,118.2,118.2,204490.0,23943200.0,0.052538,0.002194,False,0.084504,0.02314,tencent
2632.HK,2026-05-18,36,117.0,120.5,113.0,119.5,119.5,183150.0,21489699.999999996,0.010998,0.000512,False,0.078521,0.012397,tencent
2632.HK,2026-05-19,37,119.5,121.1,114.6,120.6,120.6,135000.0,15925500.0,0.009205,0.000578,False,0.072621,0.004129,tencent
2632.HK,2026-05-20,38,121.9,124.2,120.0,122.9,122.9,69600.0,8521600.0,0.019071,0.002238,False,0.072513,0.010467,tencent
2632.HK,2026-05-21,39,122.2,125.0,121.3,123.1,123.1,50900.0,6246000.0,0.001627,0.000261,False,0.070239,0.0152,tencent
2632.HK,2026-05-22,40,123.0,125.2,120.1,122.6,122.6,33200.0,4070000.0,-0.004062,0.000998,False,0.068344,0.020767,tencent
2632.HK,2026-05-26,41,122.6,123.9,120.8,122.8,122.8,45050.0,5494000.0,0.001631,0.000297,False,0.068107,0.019169,tencent
2632.HK,2026-05-27,42,122.5,127.0,121.5,123.0,123.0,53050.0,6539600.0,0.001629,0.000249,False,0.068073,0.031496,tencent
2632.HK,2026-05-28,43,124.9,124.9,120.3,122.5,122.5,33250.0,4040200.0,-0.004065,0.001006,False,0.067199,0.035433,tencent
2632.HK,2026-05-29,44,123.7,123.7,120.3,122.6,122.6,29800.0,3622700.0,0.000816,0.000225,False,0.066742,0.034646,tencent
2632.HK,2026-06-01,45,121.5,125.1,121.2,122.6,122.6,34950.0,4297100.0,0.0,0.0,False,0.066745,0.034646,tencent
2632.HK,2026-06-02,46,125.0,134.0,121.5,132.7,132.7,104300.0,13230800.0,0.082382,0.006227,False,0.064277,0.009701,tencent
2632.HK,2026-06-03,47,133.1,137.5,126.1,128.3,128.3,76450.0,9991600.0,-0.033157,0.003319,False,0.059854,0.066909,tencent
2632.HK,2026-06-04,48,127.9,132.1,121.0,123.1,123.1,67000.0,8623800.0,-0.04053,0.0047,False,0.039549,0.104727,tencent
2632.HK,2026-06-05,49,133.2,133.2,123.0,125.7,125.7,63050.0,7962100.0,0.021121,0.002653,False,0.039608,0.085818,tencent
2632.HK,2026-06-08,50,124.9,127.2,122.1,124.3,124.3,64200.0,8001000.0,-0.011138,0.001392,False,0.033203,0.096,tencent
2632.HK,2026-06-09,51,123.7,125.9,122.1,124.5,124.5,61650.0,7623500.0,0.001609,0.000211,False,0.032418,0.094545,tencent
2632.HK,2026-06-10,52,126.0,126.5,122.0,125.0,125.0,66300.0,8240700.000000001,0.004016,0.000487,False,0.032383,0.090909,tencent
2632.HK,2026-06-11,53,124.9,125.1,121.1,125.1,125.1,65100.0,8027600.0,0.0008,0.0001,False,0.026142,0.090182,tencent
2632.HK,2026-06-12,54,122.0,126.2,110.9,123.1,123.1,81350.0,9996300.0,-0.015987,0.001599,False,0.026418,0.104727,tencent
2632.HK,2026-06-15,55,123.0,125.0,120.0,123.3,123.3,60650.0,7409900.0,0.001625,0.000219,False,0.023924,0.103273,tencent
2632.HK,2026-06-16,56,124.0,128.0,122.1,127.0,127.0,65700.0,8215599.999999999,0.030008,0.003653,False,0.024651,0.076364,tencent
2632.HK,2026-06-17,57,126.9,130.1,124.4,129.7,129.7,64250.0,8200500.0,0.02126,0.002593,False,0.024947,0.056727,tencent
2632.HK,2026-06-18,58,129.7,130.0,120.6,126.1,126.1,65100.0,8120900.0,-0.027756,0.003418,False,0.02564,0.082909,tencent
2632.HK,2026-06-22,59,128.9,136.3,127.6,133.8,133.8,83100.0,11056700.0,0.061063,0.005523,False,0.028883,0.026909,tencent
2632.HK,2026-06-23,60,133.8,137.0,121.1,122.0,122.0,71100.0,9099500.0,-0.088191,0.009692,False,0.03556,0.112727,tencent
2632.HK,2026-06-24,61,123.4,128.9,120.0,125.2,125.2,60500.0,7532000.0,0.02623,0.003482,False,0.036029,0.089455,tencent
2632.HK,2026-06-25,62,124.0,127.9,121.0,123.0,123.0,55150.0,6780599.999999999,-0.017572,0.002591,False,0.036282,0.105455,tencent
2632.HK,2026-06-26,63,125.9,125.9,116.0,118.4,118.4,79600.0,9537800.0,-0.037398,0.003921,False,0.037262,0.138909,tencent
2632.HK,2026-06-29,64,120.1,120.1,110.1,110.1,110.1,134150.0,15467900.0,-0.070101,0.004532,False,0.040324,0.199273,tencent
2632.HK,2026-06-30,65,115.0,115.1,63.0,80.35,80.35,149300.0,11899400.0,-0.270209,0.022708,False,0.071737,0.415636,tencent
2632.HK,2026-07-02,66,85.0,89.7,63.0,63.0,63.0,72900.0,5464500.0,-0.21593,0.039515,False,0.080253,0.541818,tencent
2632.HK,2026-07-03,67,63.0,66.0,45.5,52.4,52.4,87150.0,4757100.0,-0.168254,0.035369,False,0.085763,0.618909,tencent
2632.HK,2026-07-06,68,52.4,71.25,50.0,69.1,69.1,93800.0,5895599.999999999,0.318702,0.054058,False,0.117383,0.497455,tencent
2632.HK,2026-07-07,69,70.25,73.0,60.15,71.0,71.0,31100.0,2096900.0,0.027496,0.013113,False,0.117514,0.483636,tencent
2632.HK,2026-07-08,70,73.0,83.0,72.05,74.7,74.7,26300.0,2010600.0,0.052113,0.025919,False,0.118653,0.456727,tencent
2632.HK,2026-07-09,71,77.0,80.2,59.8,62.95,62.95,32800.0,2196800.0,-0.157296,0.071602,False,0.122506,0.542182,tencent
2632.HK,2026-07-10,72,60.0,63.25,55.0,60.95,60.95,28050.0,1644300.0,-0.031771,0.019322,False,0.122301,0.556727,tencent
2632.HK,2026-07-13,73,64.7,64.7,53.65,55.45,55.45,35500.0,2017300.0,-0.090238,0.044732,False,0.122864,0.596727,tencent
2632.HK,2026-07-14,74,55.95,65.0,50.05,64.9,64.9,29050.0,1754400.0,0.170424,0.097141,False,0.130993,0.528,tencent
2632.HK,2026-07-15,75,65.0,67.05,59.55,62.75,62.75,13400.0,823199.9999999999,-0.033128,0.040243,False,0.130875,0.543636,tencent
2632.HK,2026-07-16,76,60.9,64.05,60.0,60.0,60.0,5050.0,306600.0,-0.043825,0.142938,False,0.130281,0.563636,tencent
2632.HK,2026-07-17,77,58.55,62.95,58.3,62.95,62.95,19000.0,1148200.0,0.049167,0.042821,False,0.130992,0.542182,tencent
2632.HK,2026-07-20,78,62.95,63.75,58.1,63.5,63.5,36450.0,2225600.0,0.008737,0.003926,False,0.13124,0.538182,tencent
2632.HK,2026-07-21,79,61.0,62.15,57.35,59.5,59.5,36850.0,2186700.0,-0.062992,0.028807,False,0.129858,0.567273,tencent
2632.HK,2026-07-22,80,58.6,60.3,58.1,60.0,60.0,17800.0,1045600.0,0.008403,0.008037,False,0.129442,0.563636,tencent
2632.HK,2026-07-23,81,59.2,60.9,58.8,60.65,60.65,5150.0,309000.0,0.010833,0.035059,False,0.129155,0.558909,tencent
2632.HK,2026-07-24,82,59.7,62.95,58.6,61.15,61.15,8950.0,547400.0,0.008244,0.01506,False,0.129389,0.555273,tencent
2632.HK,2026-07-27,83,60.2,62.3,60.2,62.1,62.1,550.0,33400.0,0.015536,0.465137,False,0.129693,0.548364,tencent
2632.HK,2026-07-28,84,60.55,62.55,58.95,61.55,61.55,9430.0,572900.0,-0.008857,0.015459,False,0.129262,0.552364,tencent
2632.HK,2026-07-29,85,60.5,62.8,57.05,58.65,58.65,31918.0,1886399.9999999998,-0.047116,0.024977,False,0.115483,0.573455,tencent
2632.HK,2026-07-30,86,57.6,61.9,57.6,59.7,59.7,5620.0,337100.0,0.017903,0.053108,False,0.104828,0.565818,tencent
2632.HK,2026-07-31,87,59.1,60.85,59.1,60.15,60.15,250.0,15100.0,0.007538,0.499185,False,0.09685,0.562545,tencent
2632.HK,2026-08-03,88,59.15,62.55,59.15,60.8,60.8,122600.0,7414500.0,0.010806,0.001457,False,0.064397,0.557818,tencent
2632.HK,2026-08-04,89,61.7,65.1,59.8,64.45,64.45,116850.0,7335400.0,0.060033,0.008184,False,0.065644,0.531273,tencent
2632.HK,2026-08-05,90,63.15,71.45,63.15,69.5,69.5,124225.0,8582000.0,0.078355,0.00913,False,0.067046,0.494545,tencent
2632.HK,2026-08-06,91,68.3,77.05,63.05,77.05,77.05,126850.0,9007000.0,0.108633,0.012061,False,0.060572,0.439636,tencent
2632.HK,2026-08-07,92,75.85,81.15,72.5,79.6,79.6,114100.0,8815800.0,0.033095,0.003754,False,0.059846,0.421091,tencent
2632.HK,2026-08-10,93,78.05,85.0,70.25,85.0,85.0,127650.0,9600400.0,0.067839,0.007066,False,0.055485,0.381818,tencent
2632.HK,2026-08-11,94,83.7,87.95,71.35,71.45,71.45,124500.0,10053800.0,-0.159412,0.015856,False,0.058301,0.480364,tencent
2632.HK,2026-08-12,95,71.45,81.5,71.45,75.75,75.75,133600.0,10145800.0,0.060182,0.005932,False,0.058696,0.449091,tencent
2632.HK,2026-08-13,96,74.75,88.0,74.7,84.4,84.4,121250.0,9976500.0,0.114191,0.011446,False,0.061475,0.386182,tencent
2632.HK,2026-08-14,97,85.0,85.0,80.0,84.3,84.3,113500.0,9434700.0,-0.001185,0.000126,False,0.061208,0.386909,tencent
2632.HK,2026-08-17,98,84.15,91.0,79.0,88.9,88.9,119250.0,9892500.0,0.054567,0.005516,False,0.061756,0.353455,tencent
2632.HK,2026-08-18,99,86.95,95.0,84.0,91.1,91.1,120700.0,10855400.0,0.024747,0.00228,False,0.058677,0.337455,tencent
2632.HK,2026-08-19,100,91.0,92.7,80.0,80.0,80.0,123144.0,10476700.0,-0.121844,0.01163,False,0.067039,0.418182,tencent
2632.HK,2026-08-20,101,80.0,82.5,70.05,70.2,70.2,115100.0,8560800.0,-0.1225,0.014309,False,0.07393,0.489455,tencent
2632.HK,2026-08-21,102,70.0,74.9,64.0,64.75,64.75,107450.0,7257800.0,-0.077635,0.010697,False,0.076489,0.529091,tencent
2632.HK,2026-08-24,103,63.8,74.9,59.0,74.9,74.9,110500.0,7432800.0,0.156757,0.02109,False,0.083626,0.455273,tencent
2632.HK,2026-08-25,104,75.45,75.75,71.0,71.0,71.0,113850.0,8368200.000000001,-0.052069,0.006222,False,0.084765,0.483636,tencent
2632.HK,2026-08-26,105,71.0,79.55,71.0,76.55,76.55,109150.0,8303400.0,0.078169,0.009414,False,0.084902,0.443273,tencent
2632.HK,2026-08-27,106,78.95,78.95,71.7,75.65,75.65,117350.0,8920500.0,-0.011757,0.001318,False,0.085142,0.449818,tencent
2632.HK,2026-08-28,107,76.95,80.0,73.7,78.6,78.6,111000.0,8401100.0,0.038995,0.004642,False,0.085279,0.428364,tencent
2632.HK,2026-08-31,108,72.0,85.0,72.0,85.0,85.0,117200.0,9588800.0,0.081425,0.008492,False,0.086463,0.381818,tencent
2632.HK,2026-09-01,109,84.6,92.05,81.55,82.5,82.5,110050.0,9627200.0,-0.029412,0.003055,False,0.086625,0.4,tencent
2632.HK,2026-09-02,110,84.0,84.1,76.0,79.55,79.55,109500.0,8852600.0,-0.035758,0.004039,False,0.086062,0.421455,tencent
2632.HK,2026-09-03,111,84.95,84.95,73.5,74.0,74.0,115241.0,8775300.0,-0.069767,0.00795,False,0.084572,0.461818,tencent
2632.HK,2026-09-04,112,76.8,77.95,70.0,73.95,73.95,112425.0,8154600.0,-0.000676,8.3e-05,False,0.084243,0.462182,tencent
2632.HK,2026-09-07,113,70.0,70.0,56.2,60.0,60.0,108472.0,6619600.0,-0.188641,0.028497,False,0.092453,0.563636,tencent
2632.HK,2026-09-08,114,59.8,72.0,59.8,66.45,66.45,336150.0,22861800.0,0.1075,0.004702,False,0.089433,0.516727,tencent
2632.HK,2026-09-09,115,69.0,72.25,60.0,61.2,61.2,102550.0,6850200.0,-0.079007,0.011533,False,0.089939,0.554909,tencent
2632.HK,2026-09-10,116,67.0,79.95,60.05,60.9,60.9,568550.0,38516800.0,-0.004902,0.000127,False,0.085339,0.557091,tencent
2632.HK,2026-09-11,117,60.9,68.95,58.6,61.65,61.65,187800.0,12294400.0,0.012315,0.001002,False,0.085488,0.551636,tencent
2632.HK,2026-09-14,118,64.0,65.85,60.15,61.8,61.8,90950.0,5680200.0,0.002433,0.000428,False,0.084136,0.550545,tencent
2632.HK,2026-09-15,119,56.05,65.9,56.05,62.0,62.0,62750.0,3936200.0,0.003236,0.000822,False,0.083744,0.549091,tencent
2632.HK,2026-09-16,120,65.05,65.05,61.0,62.2,62.2,78600.0,4907200.0,0.003226,0.000657,False,0.079982,0.547636,tencent
2632.HK,2026-09-17,121,63.85,63.85,60.1,60.75,60.75,32300.0,1964900.0,-0.023312,0.011864,False,0.075553,0.558182,tencent
2632.HK,2026-09-18,122,61.0,63.1,59.8,63.1,63.1,39600.0,2400300.0,0.038683,0.016116,False,0.074085,0.541091,tencent
2632.HK,2026-09-21,123,62.2,67.5,61.7,65.3,65.3,41650.0,2648500.0,0.034865,0.013164,False,0.065098,0.525091,tencent
2632.HK,2026-09-22,124,65.3,67.3,62.5,65.4,65.4,22450.0,1458100.0,0.001531,0.00105,False,0.064143,0.524364,tencent
2729.HK,2026-03-24,1,32.0,34.98,29.0,30.7,30.7,11298600.0,334777000.0,0.842737,0.002517,False,,0.122356,tencent
2729.HK,2026-03-25,2,30.68,32.5,29.5,31.5,31.5,3453800.0,105765400.00000001,0.026059,0.000246,False,,0.099485,tencent
2729.HK,2026-03-26,3,31.5,31.7,29.8,31.7,31.7,1111000.0,33906700.0,0.006349,0.000187,False,,0.093768,tencent
2729.HK,2026-03-27,4,31.7,32.6,30.5,32.0,32.0,1161240.0,36741500.0,0.009464,0.000258,False,,0.085192,tencent
2729.HK,2026-03-30,5,31.0,31.52,29.0,29.04,29.04,654800.0,19568600.0,-0.0925,0.004727,False,0.385384,0.169811,tencent
2729.HK,2026-03-31,6,29.04,30.5,28.1,30.02,30.02,491000.0,14410600.0,0.033747,0.002342,False,0.348436,0.141795,tencent
2729.HK,2026-04-01,7,30.1,30.32,28.24,30.0,30.0,674350.0,19986400.0,-0.000666,3.3e-05,False,0.322344,0.142367,tencent
2729.HK,2026-04-02,8,30.0,32.04,29.98,31.62,31.62,585800.0,18188000.0,0.054,0.002969,False,0.299286,0.096055,tencent
2729.HK,2026-04-08,9,31.58,32.5,30.2,32.0,32.0,484200.0,15403100.0,0.012018,0.00078,False,0.281851,0.085192,tencent
2729.HK,2026-04-09,10,32.5,40.06,32.0,39.88,39.88,1302896.0,49104100.0,0.24625,0.005015,False,0.26978,0.004493,tencent
2729.HK,2026-04-10,11,39.88,41.12,33.8,39.2,39.2,647600.0,25264200.0,-0.017051,0.000675,False,0.258956,0.046693,tencent
2729.HK,2026-04-13,12,41.0,41.86,37.3,38.08,38.08,575600.0,22908700.0,-0.028571,0.001247,False,0.249759,0.090301,tencent
2729.HK,2026-04-14,13,38.3,39.12,35.34,38.86,38.86,502800.0,18935100.0,0.020483,0.001082,False,0.239924,0.071667,tencent
2729.HK,2026-04-15,14,39.0,41.98,36.8,40.96,40.96,664000.0,26221700.0,0.05404,0.002061,False,0.230666,0.024297,tencent
2729.HK,2026-04-16,15,41.1,42.48,39.54,41.2,41.2,774200.0,31502900.0,0.005859,0.000186,False,0.223173,0.030132,tencent
2729.HK,2026-04-17,16,41.2,42.7,40.0,41.9,41.9,623400.0,26042700.0,0.01699,0.000652,False,0.216147,0.018735,tencent
2729.HK,2026-04-20,17,42.7,43.0,38.22,40.0,40.0,839400.0,34072700.0,-0.045346,0.001331,False,0.211286,0.069767,tencent
2729.HK,2026-04-21,18,40.5,41.0,36.88,39.12,39.12,595200.0,23210000.0,-0.022,0.000948,False,0.206055,0.090233,tencent
2729.HK,2026-04-22,19,39.12,39.12,35.8,37.86,37.86,621400.0,23338300.0,-0.032209,0.00138,False,0.201421,0.119535,tencent
2729.HK,2026-04-23,20,37.92,38.6,37.02,37.92,37.92,506400.0,19148000.0,0.001585,8.3e-05,False,0.196445,0.11814,tencent
2729.HK,2026-04-24,21,37.92,38.3,36.36,38.0,38.0,505600.0,18774400.0,0.00211,0.000112,False,0.064652,0.116279,tencent
2729.HK,2026-04-27,22,38.0,39.0,37.1,37.7,37.7,490200.0,18590100.0,-0.007895,0.000425,False,0.064724,0.123256,tencent
2729.HK,2026-04-28,23,39.9,40.1,37.04,37.78,37.78,830800.0,31460400.0,0.002122,6.7e-05,False,0.064746,0.121395,tencent
2729.HK,2026-04-29,24,37.84,38.98,37.3,37.42,37.42,506800.0,19308700.0,-0.009529,0.000494,False,0.064903,0.129767,tencent
2729.HK,2026-04-30,25,37.42,37.42,35.46,35.78,35.78,543800.0,19633000.0,-0.043827,0.002232,False,0.061704,0.167907,tencent
2729.HK,2026-05-04,26,35.78,37.96,34.34,36.82,36.82,500600.0,18230800.0,0.029067,0.001594,False,0.061627,0.143721,tencent
2729.HK,2026-05-05,27,35.88,36.5,34.02,34.88,34.88,652200.0,23211500.0,-0.052689,0.00227,False,0.06326,0.188837,tencent
2729.HK,2026-05-06,28,35.0,36.14,34.5,35.6,35.6,1116200.0,39338200.0,0.020642,0.000525,False,0.062453,0.172093,tencent
2729.HK,2026-05-07,29,35.8,36.6,34.84,36.38,36.38,587800.0,20953400.0,0.02191,0.001046,False,0.062529,0.153953,tencent
2729.HK,2026-05-08,30,36.28,37.4,34.5,34.52,34.52,463400.0,16744300.0,-0.051127,0.003053,False,0.029609,0.197209,tencent
2729.HK,2026-05-11,31,34.52,35.9,34.2,34.9,34.9,458000.0,16055500.0,0.011008,0.000686,False,0.02976,0.188372,tencent
2729.HK,2026-05-12,32,34.9,35.78,34.58,35.44,35.44,475800.0,16717700.0,0.015473,0.000926,False,0.029582,0.175814,tencent
2729.HK,2026-05-13,33,34.98,35.1,34.0,34.8,34.8,481600.0,16594700.0,-0.018059,0.001088,False,0.029214,0.190698,tencent
2729.HK,2026-05-14,34,34.8,34.8,31.62,32.2,32.2,558800.0,18166300.0,-0.074713,0.004113,False,0.029679,0.251163,tencent
2729.HK,2026-05-15,35,32.16,32.5,30.48,32.3,32.3,502400.0,15693599.999999998,0.003106,0.000198,False,0.029601,0.248837,tencent
2729.HK,2026-05-18,36,32.32,32.98,31.5,32.5,32.5,507600.0,16317600.0,0.006192,0.000379,False,0.029145,0.244186,tencent
2729.HK,2026-05-19,37,32.5,32.94,32.04,32.2,32.2,457600.0,14884500.0,-0.009231,0.00062,False,0.028084,0.251163,tencent
2729.HK,2026-05-20,38,32.0,33.9,31.72,33.9,33.9,495400.0,16431800.0,0.052795,0.003213,False,0.031259,0.211628,tencent
2729.HK,2026-05-21,39,33.86,33.86,31.66,32.3,32.3,515400.0,17004900.0,-0.047198,0.002776,False,0.032073,0.248837,tencent
2729.HK,2026-05-22,40,32.26,33.08,31.6,32.38,32.38,532400.0,17255200.0,0.002477,0.000144,False,0.032086,0.246977,tencent
2729.HK,2026-05-26,41,31.52,32.7,30.62,31.46,31.46,467800.0,14857300.0,-0.028413,0.001912,False,0.032337,0.268372,tencent
2729.HK,2026-05-27,42,31.46,32.1,30.18,30.72,30.72,474200.0,14750500.0,-0.023522,0.001595,False,0.0325,0.285581,tencent
2729.HK,2026-05-28,43,30.6,32.12,30.22,31.22,31.22,479874.0,15024200.0,0.016276,0.001083,False,0.032921,0.273953,tencent
2729.HK,2026-05-29,44,30.98,31.74,29.3,30.14,30.14,516200.0,15693300.0,-0.034593,0.002204,False,0.033417,0.29907,tencent
2729.HK,2026-06-01,45,30.1,30.6,29.52,30.04,30.04,489600.0,14763599.999999998,-0.003318,0.000225,False,0.032488,0.301395,tencent
2729.HK,2026-06-02,46,30.0,30.9,28.9,30.72,30.72,458000.0,13756000.0,0.022636,0.001646,False,0.03213,0.285581,tencent
2729.HK,2026-06-03,47,30.72,31.54,29.5,30.82,30.82,596200.0,18284900.0,0.003255,0.000178,False,0.030474,0.283256,tencent
2729.HK,2026-06-04,48,30.78,31.48,30.74,31.4,31.4,475800.0,14837500.0,0.018819,0.001268,False,0.030394,0.269767,tencent
2729.HK,2026-06-05,49,31.6,31.6,28.86,29.88,29.88,548600.0,16304000.0,-0.048408,0.002969,False,0.031078,0.305116,tencent
2729.HK,2026-06-08,50,29.86,30.0,26.7,26.82,26.82,556800.0,15713599.999999998,-0.10241,0.006517,False,0.036373,0.376279,tencent
2729.HK,2026-06-09,51,26.82,29.0,25.9,27.82,27.82,487800.0,13372500.0,0.037286,0.002788,False,0.037694,0.353023,tencent
2729.HK,2026-06-10,52,28.1,28.78,27.34,28.18,28.18,471400.0,13186300.000000002,0.01294,0.000981,False,0.037606,0.344651,tencent
2729.HK,2026-06-11,53,28.14,28.94,27.14,28.26,28.26,448400.0,12405100.0,0.002839,0.000229,False,0.037681,0.342791,tencent
2729.HK,2026-06-12,54,28.7,28.7,27.78,28.5,28.5,457200.0,12907100.0,0.008493,0.000658,False,0.034587,0.337209,tencent
2729.HK,2026-06-15,55,28.4,28.6,27.22,28.6,28.6,487400.0,13663300.0,0.003509,0.000257,False,0.034592,0.334884,tencent
2729.HK,2026-06-16,56,28.9,28.9,27.04,27.3,27.3,521800.0,14350700.0,-0.045455,0.003167,False,0.035589,0.365116,tencent
2729.HK,2026-06-17,57,27.18,27.74,27.06,27.64,27.64,504000.0,13788300.0,0.012454,0.000903,False,0.03588,0.357209,tencent
2729.HK,2026-06-18,58,27.38,27.4,26.4,26.92,26.92,472400.0,12752500.0,-0.026049,0.002043,False,0.033198,0.373953,tencent
2729.HK,2026-06-22,59,26.92,27.4,25.96,26.7,26.7,462000.0,12191900.0,-0.008172,0.00067,False,0.032082,0.37907,tencent
2729.HK,2026-06-23,60,26.7,28.16,26.46,27.56,27.56,473800.0,12759200.0,0.03221,0.002524,False,0.033306,0.35907,tencent
2729.HK,2026-06-24,61,30.0,33.0,28.18,30.8,30.8,554200.0,17017500.0,0.117562,0.006908,False,0.043047,0.283721,tencent
2729.HK,2026-06-25,62,31.4,34.0,29.0,31.18,31.18,514200.0,16444300.0,0.012338,0.00075,False,0.04277,0.274884,tencent
2729.HK,2026-06-26,63,30.8,31.3,29.3,29.82,29.82,480600.0,14533500.0,-0.043618,0.003001,False,0.043774,0.306512,tencent
2729.HK,2026-06-29,64,29.82,30.64,26.84,29.88,29.88,540000.0,15626700.0,0.002012,0.000129,False,0.043072,0.305116,tencent
2729.HK,2026-06-30,65,29.98,30.78,28.82,30.08,30.08,523800.0,15633800.000000002,0.006693,0.000428,False,0.043084,0.300465,tencent
2729.HK,2026-07-02,66,30.0,30.0,26.96,28.88,28.88,245200.0,6940700.000000001,-0.039894,0.005748,False,0.043692,0.328372,tencent
2729.HK,2026-07-03,67,28.58,32.0,27.34,30.4,30.4,607800.0,17194800.0,0.052632,0.003061,False,0.045378,0.293023,tencent
2729.HK,2026-07-06,68,29.8,29.98,27.08,28.64,28.64,470200.0,13235200.0,-0.057895,0.004374,False,0.046944,0.333953,tencent
2729.HK,2026-07-07,69,28.3,29.5,27.02,28.92,28.92,481400.0,13831700.0,0.009777,0.000707,False,0.045807,0.327442,tencent
2729.HK,2026-07-08,70,29.32,29.7,27.9,29.7,29.7,532400.0,15369500.0,0.026971,0.001755,False,0.03936,0.309302,tencent
2729.HK,2026-07-09,71,29.36,29.88,28.3,29.88,29.88,479000.0,13914700.0,0.006061,0.000436,False,0.03866,0.305116,tencent
2729.HK,2026-07-10,72,29.98,30.64,29.12,30.2,30.2,542600.0,16270700.0,0.01071,0.000658,False,0.038636,0.297674,tencent
2729.HK,2026-07-13,73,30.56,30.76,28.96,29.02,29.02,445800.0,13302300.0,-0.039073,0.002937,False,0.03983,0.325116,tencent
2729.HK,2026-07-14,74,29.5,30.0,28.3,29.68,29.68,496800.0,14356099.999999998,0.022743,0.001584,False,0.040078,0.309767,tencent
2729.HK,2026-07-15,75,29.68,30.16,29.2,29.3,29.3,454400.0,13471400.000000002,-0.012803,0.00095,False,0.040228,0.318605,tencent
2729.HK,2026-07-16,76,29.6,30.48,28.82,29.94,29.94,504200.0,14773000.0,0.021843,0.001479,False,0.038844,0.303721,tencent
2729.HK,2026-07-17,77,29.64,29.84,24.58,26.42,26.42,348800.0,9462700.0,-0.117568,0.012424,False,0.047503,0.385581,tencent
2729.HK,2026-07-20,78,26.02,27.8,23.6,27.16,27.16,382600.0,9766900.0,0.028009,0.002868,False,0.047551,0.368372,tencent
2729.HK,2026-07-21,79,27.18,31.48,26.5,30.32,30.32,653000.0,19363800.0,0.116348,0.006009,False,0.053938,0.294884,tencent
2729.HK,2026-07-22,80,30.2,30.4,27.24,28.24,28.24,395400.0,11444600.0,-0.068602,0.005994,False,0.056195,0.343256,tencent
2729.HK,2026-07-23,81,27.86,29.96,27.6,28.48,28.48,602200.0,17045600.0,0.008499,0.000499,False,0.049337,0.337674,tencent
2729.HK,2026-07-24,82,28.14,28.68,25.64,26.98,26.98,527600.0,14388400.0,-0.052669,0.00366,False,0.05042,0.372558,tencent
2729.HK,2026-07-27,83,26.8,27.58,26.58,27.56,27.56,127800.0,3438500.0,0.021497,0.006252,False,0.049963,0.35907,tencent
2729.HK,2026-07-28,84,27.2,28.0,26.22,28.0,28.0,44800.0,1196100.0,0.015965,0.013348,False,0.05013,0.348837,tencent
2729.HK,2026-07-29,85,27.6,28.84,27.18,28.78,28.78,106940.0,3003600.0,0.027857,0.009275,False,0.050546,0.330698,tencent
2729.HK,2026-07-30,86,28.98,29.9,28.38,29.48,29.48,67200.0,1955200.0,0.024322,0.01244,False,0.04998,0.314419,tencent
2729.HK,2026-07-31,87,30.16,31.0,29.38,30.22,30.22,183200.0,5544299.999999999,0.025102,0.004527,False,0.048886,0.297209,tencent
2729.HK,2026-08-03,88,29.82,33.0,29.7,33.0,33.0,353600.0,11101199.999999998,0.091992,0.008287,False,0.050855,0.232558,tencent
2729.HK,2026-08-04,89,33.0,35.3,32.26,35.3,35.3,235800.0,7890500.0,0.069697,0.008833,False,0.052676,0.17907,tencent
2729.HK,2026-08-05,90,34.9,38.0,34.68,37.2,37.2,198823.0,7298700.0,0.053824,0.007375,False,0.053432,0.134884,tencent
2729.HK,2026-08-06,91,36.8,39.0,35.52,39.0,39.0,139800.0,5290200.0,0.048387,0.009147,False,0.053991,0.093023,tencent
2729.HK,2026-08-07,92,38.6,39.5,37.76,39.48,39.48,85600.0,3328200.0,0.012308,0.003698,False,0.053986,0.08186,tencent
2729.HK,2026-08-10,93,39.0,40.78,35.84,38.0,38.0,306400.0,11801500.0,-0.037487,0.003176,False,0.053904,0.116279,tencent
2729.HK,2026-08-11,94,37.6,38.6,34.02,35.24,35.24,317400.0,11332500.0,-0.072632,0.006409,False,0.057291,0.180465,tencent
2729.HK,2026-08-12,95,34.72,37.14,34.0,36.52,36.52,108000.0,3820200.0,0.036322,0.009508,False,0.057307,0.150698,tencent
2729.HK,2026-08-13,96,36.12,40.5,34.58,35.0,35.0,142600.0,5203099.999999999,-0.041621,0.007999,False,0.058515,0.186047,tencent
2729.HK,2026-08-14,97,34.6,34.62,31.68,34.5,34.5,38000.0,1283600.0000000002,-0.014286,0.011129,False,0.050756,0.197674,tencent
2729.HK,2026-08-17,98,34.7,38.9,34.1,38.4,38.4,133400.0,4914200.0,0.113043,0.023003,False,0.055293,0.106977,tencent
2729.HK,2026-08-18,99,37.9,38.74,37.06,38.3,38.3,39200.0,1488000.0,-0.002604,0.00175,False,0.050444,0.109302,tencent
2729.HK,2026-08-19,100,38.3,38.3,32.86,34.6,34.6,170344.0,5868400.0,-0.096606,0.016462,False,0.053143,0.195349,tencent
2729.HK,2026-08-20,101,34.54,36.98,34.02,35.7,35.7,43600.0,1532000.0,0.031792,0.020752,False,0.053328,0.169767,tencent
2729.HK,2026-08-21,102,35.48,36.38,34.0,35.5,35.5,93000.0,3238100.0,-0.005602,0.00173,False,0.05129,0.174419,tencent
2729.HK,2026-08-24,103,35.06,35.46,33.64,35.02,35.02,80000.0,2739000.0,-0.013521,0.004937,False,0.051656,0.185581,tencent
2729.HK,2026-08-25,104,35.02,35.02,31.6,33.4,33.4,142800.0,4836400.0,-0.046259,0.009565,False,0.053334,0.223256,tencent
2729.HK,2026-08-26,105,33.42,33.98,32.16,32.54,32.54,81400.0,2712300.0,-0.025749,0.009493,False,0.053745,0.243256,tencent
2729.HK,2026-08-27,106,33.2,33.26,32.0,32.18,32.18,37400.0,1218600.0,-0.011063,0.009079,False,0.053746,0.251628,tencent
2729.HK,2026-08-28,107,32.3,33.18,31.7,33.18,33.18,154600.0,4993900.0,0.031075,0.006223,False,0.053875,0.228372,tencent
2729.HK,2026-08-31,108,32.8,33.8,31.06,33.66,33.66,106400.0,3496200.0,0.014467,0.004138,False,0.050017,0.217209,tencent
2729.HK,2026-09-01,109,34.06,34.06,31.72,33.16,33.16,46600.0,1529700.0,-0.014854,0.009711,False,0.047521,0.228837,tencent
2729.HK,2026-09-02,110,32.72,34.98,32.0,34.32,34.32,58600.0,1972800.0,0.034982,0.017732,False,0.046531,0.20186,tencent
2729.HK,2026-09-03,111,33.6,34.58,33.46,34.08,34.08,29400.0,1003800.0,-0.006993,0.006967,False,0.044933,0.207442,tencent
2729.HK,2026-09-04,112,34.08,36.76,32.26,33.7,33.7,150400.0,5049900.0,-0.01115,0.002208,False,0.044742,0.216279,tencent
2729.HK,2026-09-07,113,33.02,35.7,31.08,33.86,33.86,440200.0,14444900.0,0.004748,0.000329,False,0.044218,0.212558,tencent
2729.HK,2026-09-08,114,33.22,36.5,31.82,36.0,36.0,965800.0,33727700.0,0.063201,0.001874,False,0.043683,0.162791,tencent
2729.HK,2026-09-09,115,36.0,36.48,33.9,36.04,36.04,381200.0,13580000.0,0.001111,8.2e-05,False,0.042929,0.16186,tencent
2729.HK,2026-09-10,116,35.46,37.4,34.88,36.06,36.06,549000.0,19785500.0,0.000555,2.8e-05,False,0.041787,0.161395,tencent
2729.HK,2026-09-11,117,35.46,47.0,35.34,42.42,42.42,5620200.0,232883900.0,0.176373,0.000757,False,0.056838,0.097447,tencent
2729.HK,2026-09-14,118,45.0,45.0,39.1,39.3,39.3,2019577.0,81974900.0,-0.07355,0.000897,False,0.054624,0.16383,tencent
2729.HK,2026-09-15,119,40.0,40.56,37.32,37.98,37.98,1889000.0,73692200.0,-0.033588,0.000456,False,0.055213,0.191915,tencent
2729.HK,2026-09-16,120,38.7,38.7,33.42,35.5,35.5,312689.0,11031900.0,-0.065298,0.005919,False,0.052687,0.244681,tencent
2729.HK,2026-09-17,121,35.5,35.5,31.72,31.8,31.8,241200.0,7971100.0,-0.104225,0.013075,False,0.057289,0.323404,tencent
2729.HK,2026-09-18,122,32.02,33.76,30.74,30.74,30.74,193400.0,6178000.0,-0.033333,0.005395,False,0.057657,0.345957,tencent
2729.HK,2026-09-21,123,30.02,31.6,27.74,28.56,28.56,206200.0,6010000.0,-0.070917,0.0118,False,0.059469,0.39234,tencent
2729.HK,2026-09-22,124,28.56,34.34,26.46,27.38,27.38,1255000.0,38658100.0,-0.041317,0.001069,False,0.059314,0.417447,tencent
1021.HK,2026-03-30,1,16.8,21.52,16.5,18.4,18.4,44789300.0,842825030.0,0.082353,9.8e-05,False,,0.144981,tencent
1021.HK,2026-03-31,2,19.0,20.38,17.03,17.3,17.3,6462600.0,119797890.0,-0.059783,0.000499,False,,0.196097,tencent
1021.HK,2026-04-01,3,17.95,19.24,17.87,18.67,18.67,5764440.0,107541520.0,0.079191,0.000736,False,,0.132435,tencent
1021.HK,2026-04-02,4,18.5,19.0,17.89,18.27,18.27,2416400.0,44382290.0,-0.021425,0.000483,False,,0.151022,tencent
1021.HK,2026-04-08,5,18.98,19.06,17.5,17.67,17.67,4556660.0,82259160.0,-0.032841,0.000399,False,0.066546,0.178903,tencent
1021.HK,2026-04-09,6,17.68,18.5,17.13,17.92,17.92,3160200.0,56628280.00000001,0.014148,0.00025,False,0.059551,0.167286,tencent
1021.HK,2026-04-10,7,17.84,18.0,16.92,17.01,17.01,4138200.0,71240440.0,-0.050781,0.000713,False,0.059057,0.209572,tencent
1021.HK,2026-04-13,8,17.05,19.8,16.2,19.58,19.58,10426638.0,189687380.0,0.151088,0.000797,False,0.076057,0.090149,tencent
1021.HK,2026-04-14,9,19.68,20.94,19.68,20.4,20.4,4932610.0,100153130.0,0.041879,0.000418,False,0.071509,0.052045,tencent
1021.HK,2026-04-15,10,20.56,20.98,19.96,20.24,20.24,3042700.0,62080069.99999999,-0.007843,0.000126,False,0.068106,0.05948,tencent
1021.HK,2026-04-16,11,19.97,20.7,19.88,20.5,20.5,3694000.0,75089050.0,0.012846,0.000171,False,0.064643,0.047398,tencent
1021.HK,2026-04-17,12,20.5,20.94,19.63,19.9,19.9,1620800.0,32304750.0,-0.029268,0.000906,False,0.063189,0.075279,tencent
1021.HK,2026-04-20,13,19.98,19.98,19.03,19.8,19.8,1718600.0,33732070.0,-0.005025,0.000149,False,0.060752,0.079926,tencent
1021.HK,2026-04-21,14,19.8,19.81,18.7,19.39,19.39,2153124.0,41415900.0,-0.020707,0.0005,False,0.059077,0.098978,tencent
1021.HK,2026-04-22,15,19.5,24.98,19.37,24.08,24.08,7698005.0,176814990.0,0.241877,0.001368,False,0.082431,0.036029,tencent
1021.HK,2026-04-23,16,24.08,25.12,23.04,24.22,24.22,2697804.0,65555050.0,0.005814,8.9e-05,False,0.079802,0.035828,tencent
1021.HK,2026-04-24,17,24.1,25.0,23.2,24.38,24.38,1864607.0,45135420.0,0.006606,0.000146,False,0.077398,0.029459,tencent
1021.HK,2026-04-27,18,24.38,24.52,20.9,21.36,21.36,3167800.0,70266700.0,-0.123872,0.001763,False,0.082782,0.149682,tencent
1021.HK,2026-04-28,19,21.6,22.96,20.2,20.5,20.5,1814400.0,38722060.0,-0.040262,0.00104,False,0.081471,0.183917,tencent
1021.HK,2026-04-29,20,20.5,21.38,19.64,19.9,19.9,1224810.0,24499440.0,-0.029268,0.001195,False,0.079855,0.207803,tencent
1021.HK,2026-04-30,21,20.36,20.36,19.2,19.61,19.61,750200.0,14857120.0,-0.014573,0.000981,False,0.078204,0.219347,tencent
1021.HK,2026-05-04,22,19.83,20.3,19.68,19.76,19.76,667318.0,13345890.0,0.007649,0.000573,False,0.076662,0.213376,tencent
1021.HK,2026-05-05,23,19.78,19.78,18.5,18.69,18.69,1244300.0,23477530.0,-0.05415,0.002306,False,0.076057,0.255971,tencent
1021.HK,2026-05-06,24,18.69,19.37,18.5,19.12,19.12,1080600.0,20356660.0,0.023007,0.00113,False,0.075967,0.238854,tencent
1021.HK,2026-05-07,25,19.12,19.6,18.18,18.2,18.2,1895600.0,35114010.0,-0.048117,0.00137,False,0.076441,0.275478,tencent
1021.HK,2026-05-08,26,18.25,19.97,18.19,19.82,19.82,2630700.0,50472150.0,0.089011,0.001764,False,0.078759,0.210987,tencent
1021.HK,2026-05-11,27,19.8,19.8,19.01,19.03,19.03,937200.0,18034730.0,-0.039859,0.00221,False,0.078368,0.242436,tencent
1021.HK,2026-05-12,28,19.03,19.22,18.09,18.13,18.13,1166200.0,21535250.0,-0.047294,0.002196,False,0.071613,0.278264,tencent
1021.HK,2026-05-13,29,18.1,18.22,17.55,18.0,18.0,911200.0,16184410.0,-0.00717,0.000443,False,0.070883,0.283439,tencent
1021.HK,2026-05-14,30,18.0,18.45,17.52,17.85,17.85,1519400.0,27320770.000000004,-0.008333,0.000305,False,0.070885,0.289411,tencent
1021.HK,2026-05-15,31,17.85,18.69,17.85,18.17,18.17,1309400.0,23886550.000000004,0.017927,0.000751,False,0.070957,0.276672,tencent
1021.HK,2026-05-18,32,18.17,18.39,17.39,17.78,17.78,922494.0,16300800.0,-0.021464,0.001317,False,0.070831,0.292197,tencent
1021.HK,2026-05-19,33,17.78,18.19,17.47,18.01,18.01,749200.0,13411690.000000002,0.012936,0.000965,False,0.070924,0.283041,tencent
1021.HK,2026-05-20,34,18.01,18.01,17.0,17.33,17.33,1416600.0,24749220.0,-0.037757,0.001526,False,0.071255,0.310111,tencent
1021.HK,2026-05-21,35,17.42,19.4,17.42,19.18,19.18,4009460.0,75633800.0,0.106751,0.001411,False,0.05002,0.236465,tencent
1021.HK,2026-05-22,36,19.18,21.66,19.18,21.54,21.54,2616400.0,54010150.0,0.123045,0.002278,False,0.058188,0.142516,tencent
1021.HK,2026-05-26,37,20.8,22.2,20.52,20.68,20.68,1821702.0,38688240.0,-0.039926,0.001032,False,0.058659,0.176752,tencent
1021.HK,2026-05-27,38,20.74,22.0,20.32,20.6,20.6,1333654.0,28298970.0,-0.003868,0.000137,False,0.051762,0.179936,tencent
1021.HK,2026-05-28,39,20.64,21.2,20.08,20.48,20.48,927800.0,19132280.0,-0.005825,0.000304,False,0.050939,0.184713,tencent
1021.HK,2026-05-29,40,20.48,21.2,19.38,19.51,19.51,1160338.0,23168020.0,-0.047363,0.002044,False,0.051663,0.223328,tencent
1021.HK,2026-06-01,41,19.51,20.08,19.21,19.66,19.66,605600.0,11904780.0,0.007688,0.000646,False,0.051567,0.217357,tencent
1021.HK,2026-06-02,42,19.66,20.72,19.15,20.46,20.46,753000.0,15035230.0,0.040692,0.002706,False,0.052304,0.18551,tencent
1021.HK,2026-06-03,43,20.46,22.0,20.4,21.42,21.42,2183400.0,47034610.0,0.046921,0.000998,False,0.051366,0.147293,tencent
1021.HK,2026-06-04,44,21.32,21.72,20.18,21.1,21.1,938400.0,19563400.0,-0.014939,0.000764,False,0.051485,0.160032,tencent
1021.HK,2026-06-05,45,21.1,21.1,19.4,20.7,20.7,1334500.0,26733990.0,-0.018957,0.000709,False,0.050266,0.175955,tencent
1021.HK,2026-06-08,46,19.5,20.46,19.46,19.87,19.87,520400.0,10273710.000000002,-0.040097,0.003903,False,0.047475,0.208997,tencent
1021.HK,2026-06-09,47,19.87,19.87,18.69,18.89,18.89,704600.0,13434650.0,-0.049321,0.003671,False,0.04795,0.24801,tencent
1021.HK,2026-06-10,48,18.89,18.89,18.01,18.4,18.4,394200.0,7252110.0,-0.02594,0.003577,False,0.047055,0.267516,tencent
1021.HK,2026-06-11,49,18.3,18.86,18.15,18.6,18.6,308200.0,5705340.0,0.01087,0.001905,False,0.047048,0.259554,tencent
1021.HK,2026-06-12,50,18.6,19.36,18.52,18.85,18.85,305400.0,5762200.0,0.013441,0.002333,False,0.047032,0.249602,tencent
1021.HK,2026-06-15,51,19.07,19.19,17.91,18.0,18.0,583000.0,10624930.0,-0.045093,0.004244,False,0.04813,0.283439,tencent
1021.HK,2026-06-16,52,17.89,18.75,17.52,18.48,18.48,662800.0,12070010.0,0.026667,0.002209,False,0.048172,0.264331,tencent
1021.HK,2026-06-17,53,18.48,18.84,17.92,18.2,18.2,543600.0,9971360.0,-0.015152,0.00152,False,0.048277,0.275478,tencent
1021.HK,2026-06-18,54,18.38,20.68,18.13,19.64,19.64,1597000.0,31419940.0,0.079121,0.002518,False,0.050295,0.218153,tencent
1021.HK,2026-06-22,55,19.6,20.48,19.0,19.95,19.95,965000.0,19163590.0,0.015784,0.000824,False,0.044635,0.205812,tencent
1021.HK,2026-06-23,56,19.96,20.4,19.31,20.14,20.14,697400.0,13853440.0,0.009524,0.000687,False,0.034653,0.198248,tencent
1021.HK,2026-06-24,57,20.14,20.4,18.84,19.75,19.75,888800.0,17519990.0,-0.019364,0.001105,False,0.033787,0.213774,tencent
1021.HK,2026-06-25,58,19.22,20.28,18.14,18.14,18.14,2370600.0,45570020.00000001,-0.081519,0.001789,False,0.038214,0.277866,tencent
1021.HK,2026-06-26,59,18.14,19.6,17.81,18.95,18.95,1540600.0,28931300.0,0.044653,0.001543,False,0.039834,0.245621,tencent
1021.HK,2026-06-29,60,19.0,19.04,17.8,17.8,17.8,613600.0,11245650.0,-0.060686,0.005396,False,0.040714,0.291401,tencent
1021.HK,2026-06-30,61,17.84,18.5,17.6,18.15,18.15,1623600.0,29305530.0,0.019663,0.000671,False,0.040979,0.277468,tencent
1021.HK,2026-07-02,62,18.21,18.22,16.7,16.78,16.78,1077800.0,18448500.0,-0.075482,0.004092,False,0.042632,0.332006,tencent
1021.HK,2026-07-03,63,16.78,17.2,16.32,16.67,16.67,952400.0,16056830.0,-0.006555,0.000408,False,0.040568,0.336385,tencent
1021.HK,2026-07-06,64,16.71,16.71,15.13,15.45,15.45,964600.0,15051550.0,-0.073185,0.004862,False,0.042842,0.384952,tencent
1021.HK,2026-07-07,65,15.46,15.94,14.52,14.6,14.6,970600.0,14402700.0,-0.055016,0.00382,False,0.043784,0.41879,tencent
1021.HK,2026-07-08,66,14.6,15.5,14.2,15.14,15.14,556400.0,8339510.0,0.036986,0.004435,False,0.044964,0.397293,tencent
1021.HK,2026-07-09,67,15.0,15.48,14.18,14.6,14.6,633400.0,9172440.0,-0.035667,0.003889,False,0.044477,0.41879,tencent
1021.HK,2026-07-10,68,14.87,15.31,13.4,13.7,13.7,660400.0,9402000.0,-0.061644,0.006556,False,0.04577,0.454618,tencent
1021.HK,2026-07-13,69,13.71,14.38,13.4,14.0,14.0,618200.0,8534500.0,0.021898,0.002566,False,0.046146,0.442675,tencent
1021.HK,2026-07-14,70,13.6,14.09,13.38,13.73,13.73,702800.0,9612900.0,-0.019286,0.002006,False,0.045734,0.453424,tencent
1021.HK,2026-07-15,71,13.75,13.99,13.5,13.75,13.75,160000.0,2193690.0,0.001457,0.000664,False,0.045289,0.452627,tencent
1021.HK,2026-07-16,72,13.75,13.78,13.19,13.5,13.5,425200.0,5742630.0,-0.018182,0.003166,False,0.044354,0.46258,tencent
1021.HK,2026-07-17,73,13.6,13.6,11.61,11.94,11.94,1004000.0,12648750.0,-0.115556,0.009136,False,0.049768,0.524682,tencent
1021.HK,2026-07-20,74,11.94,12.2,11.03,11.3,11.3,612400.0,6910060.0,-0.053601,0.007757,False,0.044471,0.550159,tencent
1021.HK,2026-07-21,75,11.25,11.8,10.19,11.7,11.7,1001600.0,11179290.0,0.035398,0.003166,False,0.045648,0.534236,tencent
1021.HK,2026-07-22,76,11.7,11.7,11.17,11.32,11.32,316400.0,3587799.9999999995,-0.032479,0.009053,False,0.044922,0.549363,tencent
1021.HK,2026-07-23,77,11.32,12.22,11.2,11.91,11.91,444800.0,5273529.999999999,0.05212,0.009883,False,0.048311,0.525876,tencent
1021.HK,2026-07-24,78,11.7,11.84,10.76,11.3,11.3,680400.0,7574310.0,-0.051217,0.006762,False,0.04686,0.550159,tencent
1021.HK,2026-07-27,79,11.3,11.3,10.6,11.11,11.11,558000.0,6163030.0,-0.016814,0.002728,False,0.044176,0.557723,tencent
1021.HK,2026-07-28,80,11.11,11.2,10.2,10.2,10.2,597200.0,6281680.0,-0.081908,0.013039,False,0.045308,0.593949,tencent
1021.HK,2026-07-29,81,10.3,10.53,9.5,9.75,9.75,1376310.0,13438780.0,-0.044118,0.003283,False,0.044121,0.611863,tencent
1021.HK,2026-07-30,82,9.75,9.97,8.85,8.95,8.95,1123500.0,10265410.0,-0.082051,0.007993,False,0.044503,0.64371,tencent
1021.HK,2026-07-31,83,9.1,9.78,9.03,9.53,9.53,724200.0,6887100.0,0.064804,0.00941,False,0.049102,0.620621,tencent
1021.HK,2026-08-03,84,9.53,9.95,9.3,9.95,9.95,659200.0,6397690.0,0.044071,0.006889,False,0.05021,0.603901,tencent
1021.HK,2026-08-04,85,9.95,10.61,9.415,10.2,10.2,874400.0,8978790.0,0.025126,0.002798,False,0.05051,0.593949,tencent
1021.HK,2026-08-05,86,10.31,10.96,9.95,10.65,10.65,822868.0,8796000.0,0.044118,0.005016,False,0.050932,0.576035,tencent
1021.HK,2026-08-06,87,10.7,11.0,10.22,10.7,10.7,514300.0,5482100.0,0.004695,0.000856,False,0.050918,0.574045,tencent
1021.HK,2026-08-07,88,10.71,11.14,10.37,10.9,10.9,343200.0,3745779.9999999995,0.018692,0.00499,False,0.050138,0.566083,tencent
1021.HK,2026-08-10,89,11.0,11.31,10.2,10.58,10.58,584000.0,6189090.0,-0.029358,0.004743,False,0.049722,0.578822,tencent
1021.HK,2026-08-11,90,10.64,10.76,9.815,10.2,10.2,1242200.0,12522630.0,-0.035917,0.002868,False,0.049977,0.593949,tencent
1021.HK,2026-08-12,91,10.2,10.26,9.69,9.82,9.82,926000.0,9122970.0,-0.037255,0.004084,False,0.050115,0.609076,tencent
1021.HK,2026-08-13,92,9.82,10.35,9.705,9.75,9.75,594400.0,5961340.0,-0.007128,0.001196,False,0.050144,0.611863,tencent
1021.HK,2026-08-14,93,9.79,10.6,9.75,10.11,10.11,618800.0,6366680.0,0.036923,0.005799,False,0.045406,0.597532,tencent
1021.HK,2026-08-17,94,10.12,10.58,10.0,10.55,10.55,314200.0,3270920.0,0.043521,0.013306,False,0.045386,0.580016,tencent
1021.HK,2026-08-18,95,10.55,10.69,9.81,10.04,10.04,536000.0,5424570.0,-0.048341,0.008912,False,0.045574,0.600318,tencent
1021.HK,2026-08-19,96,10.01,10.01,8.6,8.7,8.7,1054956.0,9652300.0,-0.133466,0.013827,False,0.053495,0.653662,tencent
1021.HK,2026-08-20,97,8.75,9.14,8.71,9.02,9.02,461400.0,4106980.0,0.036782,0.008956,False,0.052636,0.640924,tencent
1021.HK,2026-08-21,98,9.02,9.45,8.8,8.98,8.98,914600.0,8342870.0,-0.004435,0.000532,False,0.051855,0.642516,tencent
1021.HK,2026-08-24,99,9.5,9.5,8.8,9.28,9.28,909600.0,8307890.0,0.033408,0.004021,False,0.052722,0.630573,tencent
1021.HK,2026-08-25,100,9.265,9.55,9.005,9.255,9.255,750952.0,6991559.999999999,-0.002694,0.000385,False,0.049736,0.631568,tencent
1021.HK,2026-08-26,101,9.29,9.65,9.145,9.545,9.545,651200.0,6163819.999999999,0.031334,0.005084,False,0.049364,0.620024,tencent
1021.HK,2026-08-27,102,9.55,9.895,9.4,9.58,9.58,382800.0,3678120.0,0.003667,0.000997,False,0.045415,0.618631,tencent
1021.HK,2026-08-28,103,9.29,9.8,9.05,9.07,9.07,1401200.0,12949410.0,-0.053236,0.004111,False,0.044822,0.638933,tencent
1021.HK,2026-08-31,104,9.29,9.68,8.935,9.35,9.35,916800.0,8417610.0,0.030871,0.003667,False,0.044209,0.627787,tencent
1021.HK,2026-09-01,105,9.325,9.325,8.815,8.815,8.815,469600.0,4223720.0,-0.057219,0.013547,False,0.045356,0.649084,tencent
1021.HK,2026-09-02,106,8.815,8.85,8.315,8.365,8.365,885600.0,7487710.0,-0.051049,0.006818,False,0.044782,0.666998,tencent
1021.HK,2026-09-03,107,8.56,8.56,8.08,8.45,8.45,438987.0,3653170.0,0.010161,0.002782,False,0.0449,0.663615,tencent
1021.HK,2026-09-04,108,8.6,9.35,8.51,9.18,9.18,932600.0,8415650.0,0.086391,0.010265,False,0.049546,0.634554,tencent
1021.HK,2026-09-07,109,10.22,10.71,9.5,10.01,10.01,6592000.0,66869880.0,0.090414,0.001352,False,0.053802,0.601513,tencent
1021.HK,2026-09-08,110,10.38,10.73,10.07,10.24,10.24,3165200.0,32755850.0,0.022977,0.000701,False,0.053422,0.592357,tencent
1021.HK,2026-09-09,111,10.64,10.77,9.6,9.735,9.735,2730800.0,27653180.000000004,-0.049316,0.001783,False,0.053949,0.61246,tencent
1021.HK,2026-09-10,112,9.735,11.37,9.295,9.465,9.465,4702400.0,47413639.99999999,-0.027735,0.000585,False,0.054307,0.623209,tencent
1021.HK,2026-09-11,113,9.525,17.45,9.31,11.89,11.89,77095635.0,1137790710.0,0.256207,0.000225,False,0.078785,0.526672,tencent
1021.HK,2026-09-14,114,11.9,13.7,10.18,11.0,11.0,33610800.0,387403550.00000006,-0.074853,0.000193,False,0.080631,0.562102,tencent
1021.HK,2026-09-15,115,11.04,11.49,9.92,9.92,9.92,9342200.0,96811350.0,-0.098182,0.001014,False,0.083098,0.605096,tencent
1021.HK,2026-09-16,116,10.1,12.75,10.1,11.2,11.2,38214477.0,435332699.99999994,0.129032,0.000296,False,0.081201,0.55414,tencent
1021.HK,2026-09-17,117,11.11,11.69,10.63,11.0,11.0,11305200.0,126481209.99999999,-0.017857,0.000141,False,0.081371,0.562102,tencent
1021.HK,2026-09-18,118,11.1,11.8,11.1,11.32,11.32,9933800.0,113844180.0,0.029091,0.000256,False,0.081341,0.549363,tencent
1021.HK,2026-09-21,119,11.62,11.72,11.0,11.11,11.11,3910200.0,43893020.0,-0.018551,0.000423,False,0.081537,0.557723,tencent
1021.HK,2026-09-22,120,11.3,11.43,10.44,10.48,10.48,6640200.0,71913030.0,-0.056706,0.000789,False,0.082931,0.582803,tencent
2526.HK,2026-03-30,1,219.0,226.0,191.0,209.6,209.6,2240320.0,446524500.0,1.117172,0.002502,False,,0.072566,tencent
2526.HK,2026-03-31,2,215.0,215.0,178.0,198.0,198.0,478590.0,93605900.0,-0.055344,0.000591,False,,0.123894,tencent
2526.HK,2026-04-01,3,200.0,250.0,190.0,246.2,246.2,720186.0,161204100.0,0.243434,0.00151,False,,0.0152,tencent
2526.HK,2026-04-02,4,245.0,259.0,195.0,234.0,234.0,467650.0,109042400.0,-0.049553,0.000454,False,,0.096525,tencent
2526.HK,2026-04-08,5,242.0,276.0,240.0,273.0,273.0,605180.0,159285300.0,0.166667,0.001046,False,0.483735,0.01087,tencent
2526.HK,2026-04-09,6,276.0,306.0,266.8,299.0,299.0,834554.0,243625400.0,0.095238,0.000391,False,0.439509,0.022876,tencent
2526.HK,2026-04-10,7,299.0,312.0,280.2,300.0,300.0,365270.0,107192700.0,0.003344,3.1e-05,False,0.412156,0.038462,tencent
2526.HK,2026-04-13,8,300.0,314.8,285.0,291.0,291.0,196950.0,58070600.00000001,-0.03,0.000517,False,0.39147,0.075604,tencent
2526.HK,2026-04-14,9,294.0,302.0,275.0,277.0,277.0,236100.0,67744800.0,-0.04811,0.00071,False,0.374435,0.120076,tencent
2526.HK,2026-04-15,10,280.8,283.6,264.0,269.4,269.4,121650.0,33142700.0,-0.027437,0.000828,False,0.357979,0.144219,tencent
2526.HK,2026-04-16,11,265.2,291.0,265.2,283.0,283.0,351302.0,98269100.0,0.050483,0.000514,False,0.340716,0.101017,tencent
2526.HK,2026-04-17,12,282.0,287.4,261.0,282.2,282.2,150600.0,40749800.0,-0.002827,6.9e-05,False,0.327227,0.103558,tencent
2526.HK,2026-04-20,13,282.0,308.0,278.0,293.0,293.0,260686.0,77774600.0,0.038271,0.000492,False,0.314154,0.06925,tencent
2526.HK,2026-04-21,14,303.0,303.0,284.6,288.4,288.4,198100.0,57311300.0,-0.0157,0.000274,False,0.303859,0.083863,tencent
2526.HK,2026-04-22,15,288.6,306.0,278.0,289.4,289.4,252610.0,74288400.0,0.003467,4.7e-05,False,0.294003,0.080686,tencent
2526.HK,2026-04-23,16,292.0,299.0,278.4,283.2,283.2,118550.0,34094700.0,-0.021424,0.000628,False,0.285632,0.100381,tencent
2526.HK,2026-04-24,17,283.2,290.6,275.8,286.0,286.0,110500.0,31303100.0,0.009887,0.000316,False,0.277274,0.091487,tencent
2526.HK,2026-04-27,18,286.0,286.0,268.0,277.8,277.8,221350.0,61519700.0,-0.028671,0.000466,False,0.270371,0.117535,tencent
2526.HK,2026-04-28,19,277.8,277.8,262.8,269.2,269.2,148992.0,40363100.0,-0.030958,0.000767,False,0.263995,0.144854,tencent
2526.HK,2026-04-29,20,275.2,277.6,267.4,271.0,271.0,106900.0,29009600.0,0.006686,0.00023,False,0.257402,0.139136,tencent
2526.HK,2026-04-30,21,279.0,290.6,268.4,288.0,288.0,118060.0,32632399.999999996,0.062731,0.001922,False,0.075863,0.085133,tencent
2526.HK,2026-05-04,22,295.0,343.0,286.0,331.0,331.0,252546.0,80462600.0,0.149306,0.001856,False,0.07911,0.034985,tencent
2526.HK,2026-05-05,23,331.0,342.8,325.0,338.0,338.0,140470.0,46705200.00000001,0.021148,0.000453,False,0.060872,0.014577,tencent
2526.HK,2026-05-06,24,339.0,345.0,310.6,318.0,318.0,130800.0,42999700.0,-0.059172,0.001376,False,0.061466,0.078261,tencent
2526.HK,2026-05-07,25,320.0,329.2,310.8,315.0,315.0,145250.0,45671100.0,-0.009434,0.000207,False,0.050567,0.086957,tencent
2526.HK,2026-05-08,26,327.0,334.4,309.0,330.0,330.0,177900.0,56809700.0,0.047619,0.000838,False,0.047274,0.043478,tencent
2526.HK,2026-05-11,27,329.6,329.6,286.0,298.8,298.8,269300.0,80447200.0,-0.094545,0.001175,False,0.052354,0.133913,tencent
2526.HK,2026-05-12,28,309.2,309.2,277.6,299.8,299.8,429400.0,126422800.0,0.003347,2.6e-05,False,0.051841,0.131014,tencent
2526.HK,2026-05-13,29,303.4,365.0,293.0,343.6,343.6,330940.0,109343700.00000001,0.146097,0.001336,False,0.059447,0.05863,tencent
2526.HK,2026-05-14,30,350.0,350.0,305.0,310.8,310.8,129500.0,40696400.0,-0.09546,0.002346,False,0.063646,0.148493,tencent
2526.HK,2026-05-15,31,310.0,311.4,294.2,300.6,300.6,61000.0,18441500.0,-0.032819,0.00178,False,0.063517,0.176438,tencent
2526.HK,2026-05-18,32,300.6,315.0,289.2,311.8,311.8,136300.0,41548100.00000001,0.037259,0.000897,False,0.063892,0.145753,tencent
2526.HK,2026-05-19,33,314.0,316.4,295.2,305.4,305.4,89000.0,27049699.999999996,-0.020526,0.000759,False,0.063725,0.163288,tencent
2526.HK,2026-05-20,34,305.4,305.4,295.6,298.2,298.2,257450.0,77988000.0,-0.023576,0.000302,False,0.063876,0.183014,tencent
2526.HK,2026-05-21,35,304.4,322.0,300.0,307.6,307.6,78500.0,24622100.0,0.031522,0.00128,False,0.064182,0.15726,tencent
2526.HK,2026-05-22,36,308.0,350.0,308.0,350.0,350.0,194844.0,63510700.0,0.137841,0.00217,False,0.070324,0.041096,tencent
2526.HK,2026-05-26,37,362.4,428.0,355.0,377.6,377.6,281800.0,109500900.0,0.078857,0.00072,False,0.071842,0.117757,tencent
2526.HK,2026-05-27,38,392.4,392.4,359.4,380.0,380.0,116300.0,42842800.0,0.006356,0.000148,False,0.07111,0.11215,tencent
2526.HK,2026-05-28,39,394.6,394.6,367.0,372.4,372.4,86050.0,32325800.0,-0.02,0.000619,False,0.070753,0.129907,tencent
2526.HK,2026-05-29,40,379.0,379.0,341.0,355.0,355.0,117250.0,41654300.0,-0.046724,0.001122,False,0.072222,0.170561,tencent
2526.HK,2026-06-01,41,370.0,370.0,327.6,332.0,332.0,107610.0,36676100.0,-0.064789,0.001767,False,0.073496,0.224299,tencent
2526.HK,2026-06-02,42,357.8,357.8,307.2,323.0,323.0,87500.0,27667600.000000004,-0.027108,0.00098,False,0.066058,0.245327,tencent
2526.HK,2026-06-03,43,313.8,335.2,313.8,328.0,328.0,70958.0,23013000.0,0.01548,0.000673,False,0.065978,0.233645,tencent
2526.HK,2026-06-04,44,321.8,325.0,316.2,320.4,320.4,62540.0,20059300.0,-0.023171,0.001155,False,0.064744,0.251402,tencent
2526.HK,2026-06-05,45,325.0,325.0,301.0,315.0,315.0,106960.0,33003100.0,-0.016854,0.000511,False,0.064836,0.264019,tencent
2526.HK,2026-06-08,46,300.4,317.2,298.2,309.4,309.4,53800.0,16572400.0,-0.017778,0.001073,False,0.064056,0.277103,tencent
2526.HK,2026-06-09,47,309.4,315.0,304.8,311.0,311.0,24390.0,7516000.0,0.005171,0.000688,False,0.060182,0.273364,tencent
2526.HK,2026-06-10,48,311.0,330.0,302.2,315.0,315.0,19452.0,6123500.0,0.012862,0.0021,False,0.060217,0.264019,tencent
2526.HK,2026-06-11,49,315.0,321.0,309.0,318.4,318.4,75160.0,23713600.0,0.010794,0.000455,False,0.050194,0.256075,tencent
2526.HK,2026-06-12,50,320.0,332.0,317.6,325.4,325.4,24240.0,7910500.0,0.021985,0.002779,False,0.045404,0.23972,tencent
2526.HK,2026-06-15,51,340.0,341.2,317.6,326.0,326.0,76120.0,25151300.0,0.001844,7.3e-05,False,0.04461,0.238318,tencent
2526.HK,2026-06-16,52,332.0,341.0,314.0,335.0,335.0,135910.0,44655200.00000001,0.027607,0.000618,False,0.044294,0.21729,tencent
2526.HK,2026-06-17,53,340.0,340.0,307.0,318.4,318.4,47070.0,14978699.999999998,-0.049552,0.003308,False,0.045612,0.256075,tencent
2526.HK,2026-06-18,54,316.0,316.0,302.6,309.6,309.6,60120.0,18448500.0,-0.027638,0.001498,False,0.045746,0.276636,tencent
2526.HK,2026-06-22,55,323.0,323.0,295.8,302.8,302.8,57850.0,17448600.0,-0.021964,0.001259,False,0.045544,0.292523,tencent
2526.HK,2026-06-23,56,314.4,314.4,293.4,303.0,303.0,44800.0,13462900.0,0.000661,4.9e-05,False,0.032047,0.292056,tencent
2526.HK,2026-06-24,57,302.0,309.4,293.6,303.6,303.6,22450.0,6759400.000000001,0.00198,0.000293,False,0.025104,0.290654,tencent
2526.HK,2026-06-25,58,303.6,311.4,299.2,310.0,310.0,76451.0,23410800.0,0.02108,0.0009,False,0.025831,0.275701,tencent
2526.HK,2026-06-26,59,310.0,310.0,297.0,299.0,299.0,13600.0,4104300.0,-0.035484,0.008646,False,0.026378,0.301402,tencent
2526.HK,2026-06-29,60,310.0,316.0,292.4,307.2,307.2,50220.0,15403699.999999998,0.027425,0.00178,False,0.026241,0.282243,tencent
2526.HK,2026-06-30,61,312.0,315.6,305.0,309.8,309.8,70100.0,21750600.0,0.008464,0.000389,False,0.022591,0.276168,tencent
2526.HK,2026-07-02,62,312.0,320.4,300.0,306.0,306.0,57051.0,17641600.0,-0.012266,0.000695,False,0.022,0.285047,tencent
2526.HK,2026-07-03,63,310.0,316.0,304.6,310.0,310.0,51090.0,15857400.0,0.013072,0.000824,False,0.021903,0.275701,tencent
2526.HK,2026-07-06,64,353.0,407.8,320.0,399.0,399.0,275202.0,102659900.0,0.287097,0.002797,False,0.067977,0.067757,tencent
2526.HK,2026-07-07,65,410.0,440.0,396.2,410.0,410.0,89400.0,37492700.0,0.027569,0.000735,False,0.067677,0.068182,tencent
2526.HK,2026-07-08,66,429.0,464.8,390.2,456.0,456.0,114700.0,49204300.0,0.112195,0.00228,False,0.07053,0.018933,tencent
2526.HK,2026-07-09,67,475.0,489.0,444.0,475.0,475.0,66616.0,31208700.0,0.041667,0.001335,False,0.070553,0.02863,tencent
2526.HK,2026-07-10,68,484.2,484.8,447.8,458.0,458.0,30810.0,14367100.0,-0.035789,0.002491,False,0.071766,0.063395,tencent
2526.HK,2026-07-13,69,487.0,487.0,392.2,401.0,401.0,50150.0,20806100.0,-0.124454,0.005982,False,0.078809,0.179959,tencent
2526.HK,2026-07-14,70,397.0,397.0,310.0,351.0,351.0,66400.0,23509800.0,-0.124688,0.005304,False,0.084661,0.282209,tencent
2526.HK,2026-07-15,71,385.0,385.0,329.8,347.2,347.2,40150.0,13764900.0,-0.010826,0.000787,False,0.084748,0.28998,tencent
2526.HK,2026-07-16,72,368.0,368.0,320.2,330.0,330.0,54650.0,18153600.0,-0.049539,0.002729,False,0.08548,0.325153,tencent
2526.HK,2026-07-17,73,336.8,336.8,266.0,288.8,288.8,74250.0,21331800.0,-0.124848,0.005853,False,0.089457,0.409407,tencent
2526.HK,2026-07-20,74,290.0,290.0,260.0,270.6,270.6,45700.0,12375300.0,-0.063019,0.005092,False,0.09035,0.446626,tencent
2526.HK,2026-07-21,75,282.8,311.6,257.2,307.4,307.4,73900.0,21891600.0,0.135994,0.006212,False,0.095377,0.37137,tencent
2526.HK,2026-07-22,76,316.0,316.0,273.4,278.0,278.0,75600.0,22054200.0,-0.095641,0.004337,False,0.097993,0.431493,tencent
2526.HK,2026-07-23,77,290.0,290.0,263.6,282.4,282.4,59000.0,16244600.0,0.015827,0.000974,False,0.098056,0.422495,tencent
2526.HK,2026-07-24,78,288.8,288.8,266.0,269.0,269.0,28500.0,7720000.0,-0.04745,0.006146,False,0.098503,0.449898,tencent
2526.HK,2026-07-27,79,285.0,285.0,254.6,266.0,266.0,18800.0,4995800.0,-0.011152,0.002232,False,0.098227,0.456033,tencent
2526.HK,2026-07-28,80,264.4,264.4,233.0,247.6,247.6,36950.0,9309200.0,-0.069173,0.007431,False,0.0991,0.493661,tencent
2526.HK,2026-07-29,81,242.0,251.6,237.2,250.0,250.0,86255.0,21192900.0,0.009693,0.000457,False,0.09911,0.488753,tencent
2526.HK,2026-07-30,82,258.8,289.8,253.8,287.0,287.0,34250.0,9268500.0,0.148,0.015968,False,0.10491,0.413088,tencent
2526.HK,2026-07-31,83,299.0,326.0,291.0,323.8,323.8,48750.0,15061500.0,0.128223,0.008513,False,0.108659,0.337832,tencent
2526.HK,2026-08-03,84,330.0,394.8,330.0,387.4,387.4,46349.0,16816300.0,0.196418,0.01168,False,0.097718,0.207771,tencent
2526.HK,2026-08-04,85,400.0,420.0,365.0,376.6,376.6,46300.0,18452800.0,-0.027878,0.001511,False,0.09777,0.229857,tencent
2526.HK,2026-08-05,86,376.0,417.4,374.0,417.4,417.4,85857.0,34796900.0,0.108338,0.003113,False,0.097541,0.146421,tencent
2526.HK,2026-08-06,87,420.0,420.0,398.0,417.8,417.8,26950.0,11002600.0,0.000958,8.7e-05,False,0.097048,0.145603,tencent
2526.HK,2026-08-07,88,414.0,419.0,408.0,418.0,418.0,14300.0,5879100.0,0.000479,8.1e-05,False,0.096723,0.145194,tencent
2526.HK,2026-08-10,89,415.0,421.2,398.0,412.8,412.8,39000.0,16012300.0,-0.01244,0.000777,False,0.092293,0.155828,tencent
2526.HK,2026-08-11,90,408.0,415.0,384.0,388.2,388.2,13100.0,5162900.0,-0.059593,0.011543,False,0.088537,0.206135,tencent
2526.HK,2026-08-12,91,398.0,400.0,356.6,371.2,371.2,25550.0,9675900.0,-0.043792,0.004526,False,0.089222,0.2409,tencent
2526.HK,2026-08-13,92,357.6,377.8,351.2,374.0,374.0,22050.0,7972300.0,0.007543,0.000946,False,0.088227,0.235174,tencent
2526.HK,2026-08-14,93,374.0,374.0,348.0,370.0,370.0,19550.0,6939700.0,-0.010695,0.001541,False,0.082567,0.243354,tencent
2526.HK,2026-08-17,94,353.2,380.0,353.2,376.6,376.6,10800.0,3996000.0,0.017838,0.004464,False,0.080471,0.229857,tencent
2526.HK,2026-08-18,95,377.0,380.0,355.0,365.2,365.2,6750.0,2449700.0,-0.030271,0.012357,False,0.076291,0.25317,tencent
2526.HK,2026-08-19,96,361.2,361.2,320.2,332.0,332.0,23608.0,7952400.0,-0.090909,0.011432,False,0.075949,0.321063,tencent
2526.HK,2026-08-20,97,331.4,426.0,331.4,421.8,421.8,77981.0,31327100.0,0.270482,0.008634,False,0.095534,0.137423,tencent
2526.HK,2026-08-21,98,421.8,541.0,421.8,526.0,526.0,117817.0,58333100.00000001,0.247037,0.004235,False,0.106023,0.027726,tencent
2526.HK,2026-08-24,99,566.0,734.5,526.0,723.0,723.0,125535.0,82505500.0,0.374525,0.004539,False,0.129011,0.015657,tencent
2526.HK,2026-08-25,100,730.0,765.5,628.5,651.0,651.0,87705.0,60533900.0,-0.099585,0.001645,False,0.130759,0.149575,tencent
2526.HK,2026-08-26,101,655.0,669.0,497.2,532.0,532.0,47651.0,25758600.0,-0.182796,0.007096,False,0.14108,0.305029,tencent
2526.HK,2026-08-27,102,532.0,533.0,430.0,437.0,437.0,46693.0,21334400.0,-0.178571,0.00837,False,0.147537,0.429131,tencent
2526.HK,2026-08-28,103,437.0,504.0,415.6,489.8,489.8,83351.0,39477300.0,0.120824,0.003061,False,0.147289,0.360157,tencent
2526.HK,2026-08-31,104,488.2,540.0,463.0,529.0,529.0,45405.0,23129699.999999996,0.080033,0.00346,False,0.142609,0.308948,tencent
2526.HK,2026-09-01,105,527.0,564.5,498.0,520.0,520.0,26701.0,13804700.0,-0.017013,0.001232,False,0.142419,0.320705,tencent
2526.HK,2026-09-02,106,520.0,579.5,520.0,562.0,562.0,42365.0,23915000.0,0.080769,0.003377,False,0.141703,0.265839,tencent
2526.HK,2026-09-03,107,561.5,578.0,487.0,504.5,504.5,63650.0,32461700.0,-0.102313,0.003152,False,0.144432,0.340954,tencent
2526.HK,2026-09-04,108,504.5,555.0,489.8,495.6,495.6,72850.0,37268300.0,-0.017641,0.000473,False,0.144608,0.35258,tencent
2526.HK,2026-09-07,109,504.5,680.0,465.0,508.0,508.0,392420.0,219385200.0,0.02502,0.000114,False,0.14444,0.336381,tencent
2526.HK,2026-09-08,110,518.0,520.0,431.0,434.0,434.0,127450.0,58390100.0,-0.145669,0.002495,False,0.148157,0.43305,tencent
2526.HK,2026-09-09,111,436.0,480.2,400.0,428.2,428.2,93953.0,42665800.0,-0.013364,0.000313,False,0.147674,0.440627,tencent
2526.HK,2026-09-10,112,410.0,450.8,410.0,450.0,450.0,58050.0,25282399.999999996,0.050911,0.002014,False,0.14785,0.412149,tencent
2526.HK,2026-09-11,113,450.0,500.0,421.0,474.6,474.6,200545.0,94148000.0,0.054667,0.000581,False,0.147883,0.380013,tencent
2526.HK,2026-09-14,114,479.8,543.0,446.2,507.0,507.0,162246.0,79941100.0,0.068268,0.000854,False,0.148234,0.337688,tencent
2526.HK,2026-09-15,115,508.0,518.0,431.0,438.0,438.0,119712.0,54890300.0,-0.136095,0.002479,False,0.152138,0.427825,tencent
2526.HK,2026-09-16,116,430.0,454.8,404.0,408.4,408.4,77400.0,32021500.0,-0.06758,0.00211,False,0.151335,0.466492,tencent
2526.HK,2026-09-17,117,408.4,424.6,343.0,410.0,410.0,207252.0,79613100.0,0.003918,4.9e-05,False,0.139439,0.464402,tencent
2526.HK,2026-09-18,118,425.0,436.6,410.0,432.0,432.0,80000.0,33847200.0,0.053659,0.001585,False,0.128189,0.435663,tencent
2526.HK,2026-09-21,119,432.0,450.0,424.0,429.8,429.8,65100.0,28220600.0,-0.005093,0.00018,False,0.092607,0.438537,tencent
2526.HK,2026-09-22,120,440.0,440.0,406.0,410.2,410.2,73600.0,30676800.0,-0.045603,0.001487,False,0.09098,0.464141,tencent
2726.HK,2026-03-30,1,110.0,116.0,92.3,103.0,103.0,2471710.0,258528900.0,0.350643,0.001356,False,,0.112069,tencent
2726.HK,2026-03-31,2,102.0,102.8,92.4,94.6,94.6,273750.0,26225600.0,-0.081553,0.00311,False,,0.184483,tencent
2726.HK,2026-04-01,3,94.6,111.5,94.6,107.9,107.9,265850.0,28355600.0,0.140592,0.004958,False,,0.069828,tencent
2726.HK,2026-04-02,4,106.9,114.7,105.0,106.7,106.7,223350.0,24719000.0,-0.011121,0.00045,False,,0.080172,tencent
2726.HK,2026-04-08,5,106.8,111.9,99.9,111.0,111.0,197050.0,21116300.0,0.0403,0.001908,False,0.167776,0.043103,tencent
2726.HK,2026-04-09,6,111.2,122.0,109.6,115.3,115.3,322500.0,37492300.0,0.038739,0.001033,False,0.151393,0.054918,tencent
2726.HK,2026-04-10,7,115.3,117.4,107.7,112.6,112.6,160500.0,17979900.0,-0.023417,0.001302,False,0.143582,0.077049,tencent
2726.HK,2026-04-13,8,112.0,122.0,109.0,119.3,119.3,254250.0,29826900.0,0.059503,0.001995,False,0.132945,0.022131,tencent
2726.HK,2026-04-14,9,119.3,120.5,115.0,116.0,116.0,217150.0,25555200.0,-0.027661,0.001082,False,0.128074,0.04918,tencent
2726.HK,2026-04-15,10,115.0,117.5,101.2,106.6,106.6,262850.0,29204600.0,-0.081034,0.002775,False,0.128078,0.12623,tencent
2726.HK,2026-04-16,11,106.6,110.2,104.6,110.2,110.2,198750.0,21416200.0,0.033771,0.001577,False,0.121522,0.096721,tencent
2726.HK,2026-04-17,12,110.0,111.0,105.7,109.5,109.5,181450.0,19632800.0,-0.006352,0.000324,False,0.116633,0.102459,tencent
2726.HK,2026-04-20,13,109.7,115.0,107.7,109.6,109.6,236100.0,26095000.0,0.000913,3.5e-05,False,0.112092,0.101639,tencent
2726.HK,2026-04-21,14,109.4,115.0,108.6,113.4,113.4,192400.0,21323400.0,0.034672,0.001626,False,0.107695,0.070492,tencent
2726.HK,2026-04-22,15,112.0,113.4,105.4,107.7,107.7,208750.0,22550300.000000004,-0.050265,0.002229,False,0.106003,0.117213,tencent
2726.HK,2026-04-23,16,107.7,109.6,103.3,105.6,105.6,173300.0,18474400.0,-0.019499,0.001055,False,0.103091,0.134426,tencent
2726.HK,2026-04-24,17,105.0,108.8,105.0,107.4,107.4,160350.0,17200500.0,0.017045,0.000991,False,0.099835,0.119672,tencent
2726.HK,2026-04-27,18,107.5,116.2,105.1,111.0,111.0,253150.0,28180300.000000004,0.03352,0.001189,False,0.096878,0.090164,tencent
2726.HK,2026-04-28,19,111.1,113.6,104.1,105.7,105.7,238350.0,25979300.0,-0.047748,0.001838,False,0.095614,0.133607,tencent
2726.HK,2026-04-29,20,105.8,109.2,103.8,104.2,104.2,284000.0,30185600.0,-0.014191,0.00047,False,0.093398,0.145902,tencent
2726.HK,2026-04-30,21,104.3,107.8,100.1,103.6,103.6,226500.0,23426700.0,-0.005758,0.000246,False,0.051432,0.15082,tencent
2726.HK,2026-05-04,22,104.0,109.7,102.2,107.1,107.1,228550.0,24606100.0,0.033784,0.001373,False,0.047976,0.122131,tencent
2726.HK,2026-05-05,23,107.2,110.6,105.1,109.9,109.9,233050.0,25117900.0,0.026144,0.001041,False,0.036752,0.09918,tencent
2726.HK,2026-05-06,24,109.9,109.9,103.3,105.5,105.5,243950.0,25995600.0,-0.040036,0.00154,False,0.037831,0.135246,tencent
2726.HK,2026-05-07,25,105.8,118.0,105.8,116.4,116.4,331750.0,36892400.0,0.103318,0.002801,False,0.043546,0.045902,tencent
2726.HK,2026-05-08,26,116.5,116.5,111.2,113.4,113.4,234550.0,26554400.0,-0.025773,0.000971,False,0.043168,0.070492,tencent
2726.HK,2026-05-11,27,113.2,117.5,109.0,110.0,110.0,233000.0,26324400.0,-0.029982,0.001139,False,0.04338,0.098361,tencent
2726.HK,2026-05-12,28,110.3,113.0,109.0,109.5,109.5,128750.0,14355100.0,-0.004545,0.000317,False,0.041035,0.102459,tencent
2726.HK,2026-05-13,29,109.8,109.8,102.2,108.4,108.4,167150.0,17662100.0,-0.010046,0.000569,False,0.040677,0.111475,tencent
2726.HK,2026-05-14,30,108.5,131.0,105.0,122.2,122.2,789750.0,95781600.0,0.127306,0.001329,False,0.045878,0.067176,tencent
2726.HK,2026-05-15,31,124.0,126.4,108.5,108.8,108.8,363050.0,41509900.0,-0.109656,0.002642,False,0.052359,0.169466,tencent
2726.HK,2026-05-18,32,108.0,111.0,103.2,105.1,105.1,193400.0,20552199.999999996,-0.034007,0.001655,False,0.052916,0.19771,tencent
2726.HK,2026-05-19,33,105.9,113.4,103.1,113.2,113.2,160650.0,17404800.0,0.077069,0.004428,False,0.055708,0.135878,tencent
2726.HK,2026-05-20,34,113.8,113.9,110.0,111.3,111.3,122400.0,13692200.0,-0.016784,0.001226,False,0.055358,0.150382,tencent
2726.HK,2026-05-21,35,111.5,113.6,103.7,104.3,104.3,138950.0,15138500.0,-0.062893,0.004155,False,0.056036,0.203817,tencent
2726.HK,2026-05-22,36,104.4,108.7,104.4,105.1,105.1,247550.0,26407600.000000004,0.00767,0.00029,False,0.055871,0.19771,tencent
2726.HK,2026-05-26,37,105.3,108.0,104.0,106.1,106.1,240800.0,25484600.0,0.009515,0.000373,False,0.055784,0.190076,tencent
2726.HK,2026-05-27,38,106.8,119.6,105.0,114.0,114.0,373750.0,42912800.0,0.074458,0.001735,False,0.057762,0.129771,tencent
2726.HK,2026-05-28,39,114.0,116.0,111.3,114.7,114.7,186500.0,21165600.0,0.00614,0.00029,False,0.056519,0.124427,tencent
2726.HK,2026-05-29,40,115.0,116.0,105.3,105.5,105.5,166950.0,18310700.0,-0.080209,0.00438,False,0.05958,0.194656,tencent
2726.HK,2026-06-01,41,105.6,108.7,103.7,104.5,104.5,277950.0,29400200.0,-0.009479,0.000322,False,0.059612,0.20229,tencent
2726.HK,2026-06-02,42,104.6,107.3,103.4,105.7,105.7,224050.0,23630400.0,0.011483,0.000486,False,0.059195,0.19313,tencent
2726.HK,2026-06-03,43,106.0,109.1,106.0,108.1,108.1,170400.0,18425200.0,0.022706,0.001232,False,0.059123,0.174809,tencent
2726.HK,2026-06-04,44,108.2,110.9,106.0,107.7,107.7,255550.0,27603500.0,-0.0037,0.000134,False,0.058355,0.177863,tencent
2726.HK,2026-06-05,45,108.0,108.7,103.8,106.2,106.2,140950.0,14881099.999999998,-0.013928,0.000936,False,0.053385,0.189313,tencent
2726.HK,2026-06-08,46,104.7,110.6,102.1,109.1,109.1,301950.0,32148600.0,0.027307,0.000849,False,0.053525,0.167176,tencent
2726.HK,2026-06-09,47,109.1,113.0,106.4,109.5,109.5,242710.0,26779899.999999996,0.003666,0.000137,False,0.053079,0.164122,tencent
2726.HK,2026-06-10,48,109.6,109.6,105.4,107.6,107.6,185600.0,19887900.0,-0.017352,0.000872,False,0.053228,0.178626,tencent
2726.HK,2026-06-11,49,107.7,113.0,104.5,112.1,112.1,147790.0,16108200.0,0.041822,0.002596,False,0.053948,0.144275,tencent
2726.HK,2026-06-12,50,112.3,115.3,109.0,112.0,112.0,234120.0,26105600.0,-0.000892,3.4e-05,False,0.045337,0.145038,tencent
2726.HK,2026-06-15,51,113.3,121.5,113.0,120.6,120.6,322870.0,38274000.0,0.076786,0.002006,False,0.041318,0.079389,tencent
2726.HK,2026-06-16,52,120.7,128.3,119.1,126.3,126.3,374140.0,46387800.0,0.047264,0.001019,False,0.041176,0.035878,tencent
2726.HK,2026-06-17,53,126.7,141.0,123.3,133.9,133.9,442050.0,59249100.0,0.060174,0.001016,False,0.039881,0.050355,tencent
2726.HK,2026-06-18,54,133.5,135.5,116.0,123.7,123.7,227160.0,28506300.0,-0.076176,0.002672,False,0.043923,0.122695,tencent
2726.HK,2026-06-22,55,123.8,126.2,111.7,111.8,111.8,199920.0,23666900.0,-0.0962,0.004065,False,0.047191,0.207092,tencent
2726.HK,2026-06-23,56,112.0,114.6,107.5,107.5,107.5,196200.0,21768900.0,-0.038462,0.001767,False,0.048149,0.237589,tencent
2726.HK,2026-06-24,57,109.0,114.8,104.2,114.8,114.8,194250.0,21344200.0,0.067907,0.003182,False,0.050333,0.185816,tencent
2726.HK,2026-06-25,58,114.9,118.0,112.0,113.8,113.8,191000.0,21865100.000000004,-0.008711,0.000398,False,0.047672,0.192908,tencent
2726.HK,2026-06-26,59,119.7,119.7,110.3,115.0,115.0,177100.0,20256000.0,0.010545,0.000521,False,0.047708,0.184397,tencent
2726.HK,2026-06-29,60,115.1,118.0,111.3,114.7,114.7,192250.0,22037700.0,-0.002609,0.000118,False,0.043725,0.186525,tencent
2726.HK,2026-06-30,61,114.8,121.2,112.0,115.6,115.6,259050.0,30072800.000000004,0.007847,0.000261,False,0.043592,0.180142,tencent
2726.HK,2026-07-02,62,116.0,116.0,104.6,104.6,104.6,227300.0,24374899.999999996,-0.095156,0.003904,False,0.049062,0.258156,tencent
2726.HK,2026-07-03,63,104.6,110.1,103.4,104.3,104.3,195850.0,20630100.000000004,-0.002868,0.000139,False,0.048789,0.260284,tencent
2726.HK,2026-07-06,64,104.8,107.1,98.85,100.1,100.1,248650.0,25236100.0,-0.040268,0.001596,False,0.049588,0.290071,tencent
2726.HK,2026-07-07,65,100.3,103.6,98.5,100.0,100.0,237750.0,23838000.0,-0.000999,4.2e-05,False,0.049515,0.29078,tencent
2726.HK,2026-07-08,66,102.0,104.9,95.1,96.3,96.3,247200.0,24125700.0,-0.037,0.001534,False,0.049612,0.317021,tencent
2726.HK,2026-07-09,67,96.6,105.0,96.0,105.0,105.0,215150.0,21885000.0,0.090343,0.004128,False,0.054004,0.255319,tencent
2726.HK,2026-07-10,68,105.2,109.2,101.3,103.0,103.0,239600.0,24829600.0,-0.019048,0.000767,False,0.054033,0.269504,tencent
2726.HK,2026-07-13,69,103.2,104.7,100.0,102.4,102.4,224200.0,22918800.0,-0.005825,0.000254,False,0.053097,0.273759,tencent
2726.HK,2026-07-14,70,102.6,105.5,98.85,102.6,102.6,226200.0,23141500.0,0.001953,8.4e-05,False,0.053108,0.27234,tencent
2726.HK,2026-07-15,71,103.2,105.6,101.5,104.2,104.2,191400.0,19929500.0,0.015595,0.000782,False,0.049936,0.260993,tencent
2726.HK,2026-07-16,72,104.8,110.0,102.0,105.2,105.2,263100.0,28005700.0,0.009597,0.000343,False,0.048508,0.253901,tencent
2726.HK,2026-07-17,73,105.2,105.2,93.05,96.0,96.0,234700.0,22815800.0,-0.087452,0.003833,False,0.048824,0.319149,tencent
2726.HK,2026-07-20,74,96.05,103.0,96.05,101.9,101.9,233150.0,23618500.0,0.061458,0.002602,False,0.049494,0.277305,tencent
2726.HK,2026-07-21,75,102.1,106.3,100.7,102.3,102.3,225550.0,23331000.0,0.003925,0.000168,False,0.045014,0.274468,tencent
2726.HK,2026-07-22,76,102.5,105.4,99.9,102.0,102.0,200950.0,20737500.0,-0.002933,0.000141,False,0.044255,0.276596,tencent
2726.HK,2026-07-23,77,102.2,106.4,101.5,102.6,102.6,193400.0,20061400.0,0.005882,0.000293,False,0.041188,0.27234,tencent
2726.HK,2026-07-24,78,102.8,105.0,102.0,103.3,103.3,196750.0,20425300.0,0.006823,0.000334,False,0.041257,0.267376,tencent
2726.HK,2026-07-27,79,103.5,105.8,102.0,105.0,105.0,234150.0,24482700.0,0.016457,0.000672,False,0.041388,0.255319,tencent
2726.HK,2026-07-28,80,104.0,105.9,96.75,98.0,98.0,250750.0,25748500.0,-0.066667,0.002589,False,0.043711,0.304965,tencent
2726.HK,2026-07-29,81,98.05,99.5,90.6,97.8,97.8,207588.0,20101100.0,-0.002041,0.000102,False,0.043591,0.306383,tencent
2726.HK,2026-07-30,82,97.9,100.2,93.9,97.25,97.25,209550.0,20378900.0,-0.005624,0.000276,False,0.038393,0.310284,tencent
2726.HK,2026-07-31,83,97.4,104.6,97.0,97.8,97.8,203650.0,20563000.0,0.005656,0.000275,False,0.038441,0.306383,tencent
2726.HK,2026-08-03,84,98.0,103.8,96.25,99.4,99.4,233800.0,23060800.0,0.01636,0.000709,False,0.03759,0.295035,tencent
2726.HK,2026-08-04,85,100.0,102.4,97.55,100.6,100.6,234850.0,23552700.0,0.012072,0.000513,False,0.037679,0.286525,tencent
2726.HK,2026-08-05,86,101.1,105.3,99.1,105.0,105.0,253567.0,25965100.000000004,0.043738,0.001684,False,0.037721,0.255319,tencent
2726.HK,2026-08-06,87,105.0,105.6,102.4,102.6,102.6,227700.0,23727700.0,-0.022857,0.000963,False,0.032355,0.27234,tencent
2726.HK,2026-08-07,88,102.7,107.7,101.9,103.8,103.8,226300.0,23617600.000000004,0.011696,0.000495,False,0.032164,0.26383,tencent
2726.HK,2026-08-10,89,103.9,110.4,103.9,106.4,106.4,233450.0,25032800.000000004,0.025048,0.001001,False,0.032563,0.24539,tencent
2726.HK,2026-08-11,90,106.5,115.0,101.3,104.3,104.3,240850.0,25026200.0,-0.019737,0.000789,False,0.032939,0.260284,tencent
2726.HK,2026-08-12,91,104.4,110.6,104.2,108.4,108.4,241650.0,25922000.0,0.03931,0.001516,False,0.033892,0.231206,tencent
2726.HK,2026-08-13,92,108.5,114.1,105.6,107.2,107.2,203850.0,22292300.0,-0.01107,0.000497,False,0.03398,0.239716,tencent
2726.HK,2026-08-14,93,107.3,107.5,103.7,104.0,104.0,220950.0,23243900.0,-0.029851,0.001284,False,0.02795,0.262411,tencent
2726.HK,2026-08-17,94,104.1,110.2,103.9,108.7,108.7,187800.0,20172000.0,0.045192,0.00224,False,0.026395,0.229078,tencent
2726.HK,2026-08-18,95,108.8,110.0,105.0,109.5,109.5,186500.0,20086000.0,0.00736,0.000366,False,0.026409,0.223404,tencent
2726.HK,2026-08-19,96,109.4,109.4,100.0,103.2,103.2,230115.0,24053900.0,-0.057534,0.002392,False,0.029746,0.268085,tencent
2726.HK,2026-08-20,97,102.8,107.3,102.4,102.9,102.9,192350.0,20007200.0,-0.002907,0.000145,False,0.029735,0.270213,tencent
2726.HK,2026-08-21,98,103.0,104.7,102.0,102.7,102.7,196000.0,20278200.0,-0.001944,9.6e-05,False,0.029703,0.271631,tencent
2726.HK,2026-08-24,99,102.7,103.0,99.15,100.3,100.3,207000.0,20810400.0,-0.023369,0.001123,False,0.029885,0.288652,tencent
2726.HK,2026-08-25,100,100.4,103.0,99.3,102.0,102.0,198600.0,20051500.0,0.016949,0.000845,False,0.025929,0.276596,tencent
2726.HK,2026-08-26,101,102.1,106.5,101.1,104.6,104.6,195100.0,20225200.0,0.02549,0.00126,False,0.026411,0.258156,tencent
2726.HK,2026-08-27,102,104.7,105.1,102.3,102.5,102.5,206852.0,21368400.0,-0.020076,0.00094,False,0.026873,0.27305,tencent
2726.HK,2026-08-28,103,102.6,105.0,101.2,104.0,104.0,196700.0,20277900.0,0.014634,0.000722,False,0.026995,0.262411,tencent
2726.HK,2026-08-31,104,104.2,105.9,101.5,105.3,105.3,195350.0,20367500.0,0.0125,0.000614,False,0.026912,0.253191,tencent
2726.HK,2026-09-01,105,105.5,106.5,103.2,106.1,106.1,224050.0,23493700.0,0.007597,0.000323,False,0.026853,0.247518,tencent
2726.HK,2026-09-02,106,106.2,120.5,104.7,117.1,117.1,301750.0,34258500.0,0.103676,0.003026,False,0.034025,0.169504,tencent
2726.HK,2026-09-03,107,117.2,117.9,104.0,106.1,106.1,276150.0,29382800.000000004,-0.093937,0.003197,False,0.040327,0.247518,tencent
2726.HK,2026-09-04,108,106.2,118.8,106.2,117.7,117.7,280750.0,31667900.0,0.109331,0.003452,False,0.046881,0.165248,tencent
2726.HK,2026-09-07,109,121.8,121.8,98.3,105.8,105.8,607033.0,64066100.0,-0.101105,0.001578,False,0.05252,0.249645,tencent
2726.HK,2026-09-08,110,105.9,108.7,102.9,103.5,103.5,364250.0,38207100.0,-0.021739,0.000569,False,0.052564,0.265957,tencent
2726.HK,2026-09-09,111,101.5,107.1,101.5,104.5,104.5,321450.0,33814100.0,0.009662,0.000286,False,0.051837,0.258865,tencent
2726.HK,2026-09-10,112,105.0,105.0,94.5,100.7,100.7,381750.0,38616000.0,-0.036364,0.000942,False,0.052413,0.285816,tencent
2726.HK,2026-09-11,113,102.4,105.0,96.0,104.8,104.8,311050.0,31587600.000000004,0.040715,0.001289,False,0.0528,0.256738,tencent
2726.HK,2026-09-14,114,105.9,105.9,90.05,96.7,96.7,540648.0,52418000.0,-0.07729,0.001474,False,0.054565,0.314184,tencent
2726.HK,2026-09-15,115,97.0,99.65,81.35,81.5,81.5,509050.0,45142100.0,-0.157187,0.003482,False,0.064242,0.421986,tencent
2726.HK,2026-09-16,116,82.0,84.5,78.1,82.05,82.05,182650.0,14894500.0,0.006748,0.000453,False,0.063482,0.418085,tencent
2726.HK,2026-09-17,117,82.5,87.6,80.4,85.7,85.7,303950.0,25282300.0,0.044485,0.00176,False,0.064613,0.392199,tencent
2726.HK,2026-09-18,118,86.0,91.85,81.65,81.65,81.65,299350.0,26032300.0,-0.047258,0.001815,False,0.065215,0.420922,tencent
2726.HK,2026-09-21,119,82.05,84.55,80.85,83.35,83.35,227800.0,18723500.0,0.020821,0.001112,False,0.065463,0.408865,tencent
2726.HK,2026-09-22,120,85.0,88.95,82.0,83.15,83.15,236400.0,20338100.0,-0.0024,0.000118,False,0.065231,0.410284,tencent
6636.HK,2026-03-30,1,59.95,100.0,56.0,100.0,100.0,8025925.0,579463300.0,1.5,0.002589,False,,0.0,tencent
6636.HK,2026-03-31,2,96.2,98.0,63.8,72.0,72.0,3176479.0,236314600.0,-0.28,0.001185,False,,0.28,tencent
6636.HK,2026-04-01,3,68.5,91.3,68.2,83.0,83.0,2349700.0,192384199.99999997,0.152778,0.000794,False,,0.17,tencent
6636.HK,2026-04-02,4,85.0,111.9,78.1,99.7,99.7,2590106.0,255148800.0,0.201205,0.000789,False,,0.109026,tencent
6636.HK,2026-04-08,5,103.5,107.0,94.35,101.0,101.0,1802290.0,180048600.0,0.013039,7.2e-05,False,0.687144,0.097408,tencent
6636.HK,2026-04-09,6,100.0,113.8,98.0,105.6,105.6,2006052.0,214508300.00000003,0.045545,0.000212,False,0.624541,0.072056,tencent
6636.HK,2026-04-10,7,106.0,108.2,97.0,102.7,102.7,1331710.0,135880500.0,-0.027462,0.000202,False,0.581259,0.09754,tencent
6636.HK,2026-04-13,8,102.0,106.0,97.55,97.7,97.7,927668.0,93862700.0,-0.048685,0.000519,False,0.547042,0.141476,tencent
6636.HK,2026-04-14,9,98.0,101.1,92.85,98.85,98.85,777538.0,74814200.0,0.011771,0.000157,False,0.515326,0.131371,tencent
6636.HK,2026-04-15,10,98.9,100.9,93.8,94.2,94.2,335750.0,32271400.0,-0.047041,0.001458,False,0.490867,0.172232,tencent
6636.HK,2026-04-16,11,95.95,105.5,93.35,98.2,98.2,697300.0,69697700.0,0.042463,0.000609,False,0.46685,0.137083,tencent
6636.HK,2026-04-17,12,100.0,100.0,93.8,95.5,95.5,340640.0,32566600.0,-0.027495,0.000844,False,0.447809,0.160808,tencent
6636.HK,2026-04-20,13,97.5,110.6,95.5,100.5,100.5,1040416.0,108205200.0,0.052356,0.000484,False,0.429258,0.116872,tencent
6636.HK,2026-04-21,14,101.5,102.0,94.0,97.8,97.8,431820.0,41637800.0,-0.026866,0.000645,False,0.414337,0.140598,tencent
6636.HK,2026-04-22,15,100.0,131.1,98.5,122.4,122.4,3036008.0,364618399.99999994,0.251534,0.00069,False,0.400898,0.066362,tencent
6636.HK,2026-04-23,16,123.7,123.7,112.4,120.0,120.0,897350.0,105036100.0,-0.019608,0.000187,False,0.388894,0.084668,tencent
6636.HK,2026-04-24,17,123.0,124.5,115.1,119.5,119.5,585650.0,69931300.0,-0.004167,6e-05,False,0.377599,0.088482,tencent
6636.HK,2026-04-27,18,123.0,123.0,103.2,106.6,106.6,901700.0,98452800.0,-0.10795,0.001096,False,0.369756,0.18688,tencent
6636.HK,2026-04-28,19,106.0,111.5,98.0,103.1,103.1,648350.0,67128500.0,-0.032833,0.000489,False,0.360503,0.213577,tencent
6636.HK,2026-04-29,20,103.2,104.9,99.0,100.5,100.5,438100.0,44122900.0,-0.025218,0.000572,False,0.35178,0.23341,tencent
6636.HK,2026-04-30,21,101.5,104.4,97.05,101.5,101.5,175450.0,17454100.0,0.00995,0.00057,False,0.110552,0.225782,tencent
6636.HK,2026-05-04,22,101.5,104.4,96.6,100.5,100.5,451420.0,44964200.0,-0.009852,0.000219,False,0.087858,0.23341,tencent
6636.HK,2026-05-05,23,100.5,101.2,96.0,99.6,99.6,284900.0,27917700.0,-0.008955,0.000321,False,0.082276,0.240275,tencent
6636.HK,2026-05-06,24,99.6,103.0,94.5,99.0,99.0,465600.0,45328400.0,-0.006024,0.000133,False,0.069219,0.244851,tencent
6636.HK,2026-05-07,25,99.0,101.8,97.05,99.2,99.2,322000.0,32067500.0,0.00202,6.3e-05,False,0.069168,0.243326,tencent
6636.HK,2026-05-08,26,99.2,101.5,93.1,94.2,94.2,240900.0,23512500.0,-0.050403,0.002144,False,0.069256,0.281465,tencent
6636.HK,2026-05-11,27,94.25,99.3,86.0,97.45,97.45,517750.0,48974600.0,0.034501,0.000704,False,0.069519,0.256674,tencent
6636.HK,2026-05-12,28,98.95,103.0,94.5,101.6,101.6,434600.0,43377100.0,0.042586,0.000982,False,0.069186,0.225019,tencent
6636.HK,2026-05-13,29,101.6,107.2,98.35,105.3,105.3,539700.0,55950200.00000001,0.036417,0.000651,False,0.069549,0.196796,tencent
6636.HK,2026-05-14,30,106.0,113.5,103.4,107.1,107.1,448850.0,49016400.0,0.017094,0.000349,False,0.068481,0.183066,tencent
6636.HK,2026-05-15,31,106.9,108.5,97.2,100.2,100.2,318300.0,32410500.0,-0.064426,0.001988,False,0.069846,0.235698,tencent
6636.HK,2026-05-18,32,98.0,103.0,96.6,97.85,97.85,440200.0,44006899.99999999,-0.023453,0.000533,False,0.069759,0.253623,tencent
6636.HK,2026-05-19,33,97.85,105.5,96.5,102.1,102.1,400650.0,40386900.0,0.043434,0.001075,False,0.069456,0.221205,tencent
6636.HK,2026-05-20,34,102.1,102.2,97.8,98.8,98.8,166490.0,16556000.0,-0.032321,0.001952,False,0.06959,0.246377,tencent
6636.HK,2026-05-21,35,99.0,100.3,91.6,93.5,93.5,310550.0,29910400.0,-0.053644,0.001793,False,0.038771,0.286804,tencent
6636.HK,2026-05-22,36,95.0,101.0,93.5,99.95,99.95,385150.0,37304000.0,0.068984,0.001849,False,0.042787,0.237605,tencent
6636.HK,2026-05-26,37,98.4,104.1,94.1,100.3,100.3,465862.0,46318400.0,0.003502,7.6e-05,False,0.042859,0.234935,tencent
6636.HK,2026-05-27,38,101.1,103.0,99.0,102.0,102.0,290450.0,29552700.0,0.016949,0.000574,False,0.036064,0.221968,tencent
6636.HK,2026-05-28,39,100.6,101.8,96.1,98.5,98.5,385100.0,37625800.0,-0.034314,0.000912,False,0.036133,0.248665,tencent
6636.HK,2026-05-29,40,98.5,100.1,92.05,95.85,95.85,409000.0,39433300.0,-0.026904,0.000682,False,0.036192,0.268879,tencent
6636.HK,2026-06-01,41,95.0,100.8,94.55,95.8,95.8,362700.0,35433500.0,-0.000522,1.5e-05,False,0.03609,0.26926,tencent
6636.HK,2026-06-02,42,98.0,98.0,93.5,94.2,94.2,177210.0,16752000.0,-0.016701,0.000997,False,0.036198,0.281465,tencent
6636.HK,2026-06-03,43,93.5,96.85,93.05,94.0,94.0,186310.0,17747000.0,-0.002123,0.00012,False,0.036167,0.28299,tencent
6636.HK,2026-06-04,44,94.0,96.8,92.4,94.5,94.5,231600.0,21811900.0,0.005319,0.000244,False,0.036194,0.279176,tencent
6636.HK,2026-06-05,45,95.0,96.8,89.25,92.6,92.6,459610.0,42598700.0,-0.020106,0.000472,False,0.036412,0.293669,tencent
6636.HK,2026-06-08,46,92.6,94.5,89.3,92.6,92.6,383600.0,35648300.0,0.0,0.0,False,0.034646,0.293669,tencent
6636.HK,2026-06-09,47,92.6,97.5,91.9,96.0,96.0,319950.0,30158800.0,0.036717,0.001217,False,0.034766,0.267735,tencent
6636.HK,2026-06-10,48,95.05,95.1,92.0,94.7,94.7,215700.0,20136200.0,-0.013542,0.000673,False,0.03337,0.277651,tencent
6636.HK,2026-06-11,49,94.7,97.6,93.8,96.8,96.8,269400.0,25829400.0,0.022175,0.000859,False,0.032629,0.261632,tencent
6636.HK,2026-06-12,50,96.8,97.8,92.5,92.6,92.6,217900.0,20708000.0,-0.043388,0.002095,False,0.033394,0.293669,tencent
6636.HK,2026-06-15,51,92.0,93.7,91.25,93.15,93.15,159150.0,14752100.0,0.00594,0.000403,False,0.030583,0.289474,tencent
6636.HK,2026-06-16,52,93.15,94.0,90.4,91.0,91.0,154000.0,14260500.0,-0.023081,0.001619,False,0.03057,0.305873,tencent
6636.HK,2026-06-17,53,93.4,93.4,90.0,90.25,90.25,118250.0,10810100.0,-0.008242,0.000762,False,0.028539,0.311594,tencent
6636.HK,2026-06-18,54,90.25,92.0,88.85,90.35,90.35,176150.0,15992300.0,0.001108,6.9e-05,False,0.027873,0.310831,tencent
6636.HK,2026-06-22,55,88.0,92.5,88.0,90.8,90.8,214900.0,19499700.0,0.004981,0.000255,False,0.025357,0.307399,tencent
6636.HK,2026-06-23,56,90.8,90.8,85.0,87.4,87.4,203320.0,17737000.0,-0.037445,0.002111,False,0.020579,0.333333,tencent
6636.HK,2026-06-24,57,87.4,87.95,81.05,84.65,84.65,164650.0,13904200.0,-0.031465,0.002263,False,0.021163,0.35431,tencent
6636.HK,2026-06-25,58,87.0,87.0,82.0,85.4,85.4,109150.0,9235400.0,0.00886,0.000959,False,0.020729,0.348589,tencent
6636.HK,2026-06-26,59,86.0,87.95,82.95,84.8,84.8,155850.0,13347500.0,-0.007026,0.000526,False,0.019828,0.353166,tencent
6636.HK,2026-06-29,60,86.45,87.5,83.9,85.0,85.0,115200.0,9884100.0,0.002358,0.000239,False,0.019378,0.35164,tencent
6636.HK,2026-06-30,61,85.2,88.9,83.45,86.0,86.0,121250.0,10556400.000000002,0.011765,0.001114,False,0.019746,0.344012,tencent
6636.HK,2026-07-02,62,86.0,86.6,81.0,81.35,81.35,105180.0,8768200.0,-0.05407,0.006167,False,0.022472,0.379481,tencent
6636.HK,2026-07-03,63,82.0,85.75,82.0,83.85,83.85,93800.0,7841400.0,0.030731,0.003919,False,0.024001,0.360412,tencent
6636.HK,2026-07-06,64,82.5,87.5,80.95,85.0,85.0,175700.0,14795600.0,0.013715,0.000927,False,0.02427,0.35164,tencent
6636.HK,2026-07-07,65,84.95,92.5,84.95,88.15,88.15,116800.0,10286199.999999998,0.037059,0.003603,False,0.025721,0.327613,tencent
6636.HK,2026-07-08,66,88.0,89.7,85.8,88.3,88.3,116850.0,10198600.0,0.001702,0.000167,False,0.025731,0.326468,tencent
6636.HK,2026-07-09,67,87.5,89.45,86.0,87.2,87.2,114350.0,9976200.0,-0.012458,0.001249,False,0.02413,0.334859,tencent
6636.HK,2026-07-10,68,87.0,88.5,84.35,86.35,86.35,167800.0,14627100.0,-0.009748,0.000666,False,0.024071,0.341342,tencent
6636.HK,2026-07-13,69,86.3,87.0,80.3,80.3,80.3,127050.0,10461400.000000002,-0.070064,0.006697,False,0.02734,0.38749,tencent
6636.HK,2026-07-14,70,81.3,82.65,79.55,80.0,80.0,303600.0,24606400.0,-0.003736,0.000152,False,0.026121,0.389779,tencent
6636.HK,2026-07-15,71,80.15,80.55,78.95,78.95,78.95,128400.0,10250400.0,-0.013125,0.00128,False,0.025973,0.397788,tencent
6636.HK,2026-07-16,72,79.5,81.6,77.35,80.0,80.0,255050.0,20445200.0,0.0133,0.00065,False,0.026128,0.389779,tencent
6636.HK,2026-07-17,73,79.05,80.4,76.0,76.1,76.1,147400.0,11504100.0,-0.04875,0.004238,False,0.027819,0.419527,tencent
6636.HK,2026-07-20,74,76.15,84.5,70.0,74.0,74.0,93250.0,6843099.999999999,-0.027595,0.004033,False,0.028057,0.435545,tencent
6636.HK,2026-07-21,75,74.05,74.05,70.0,72.0,72.0,75550.0,5417300.0,-0.027027,0.004989,False,0.028098,0.450801,tencent
6636.HK,2026-07-22,76,72.0,76.5,65.4,75.95,75.95,169900.0,12099400.0,0.054861,0.004534,False,0.030984,0.420671,tencent
6636.HK,2026-07-23,77,75.95,81.9,74.55,81.9,81.9,51450.0,3980100.0,0.078341,0.019683,False,0.035704,0.375286,tencent
6636.HK,2026-07-24,78,81.8,83.3,76.0,77.9,77.9,243550.0,19722200.0,-0.04884,0.002476,False,0.037162,0.405797,tencent
6636.HK,2026-07-27,79,77.95,79.0,74.2,75.95,75.95,11100.0,846800.0000000001,-0.025032,0.029561,False,0.037458,0.420671,tencent
6636.HK,2026-07-28,80,76.0,88.05,76.0,88.0,88.0,253550.0,20851900.0,0.158657,0.007609,False,0.052372,0.328757,tencent
6636.HK,2026-07-29,81,88.3,92.0,76.85,76.85,76.85,88322.0,7492600.0,-0.126705,0.016911,False,0.059779,0.413806,tencent
6636.HK,2026-07-30,82,76.9,85.4,76.55,84.0,84.0,75490.0,6097900.0,0.093038,0.015257,False,0.062284,0.359268,tencent
6636.HK,2026-07-31,83,85.0,85.0,82.35,82.35,82.35,94400.0,7965200.0,-0.019643,0.002466,False,0.06214,0.371854,tencent
6636.HK,2026-08-03,84,83.9,89.0,79.65,88.95,88.95,143050.0,12221500.0,0.080146,0.006558,False,0.064588,0.32151,tencent
6636.HK,2026-08-04,85,91.55,91.55,85.15,89.05,89.05,183300.0,16309700.0,0.001124,6.9e-05,False,0.064125,0.320748,tencent
6636.HK,2026-08-05,86,91.4,92.5,88.7,92.35,92.35,124198.0,11319700.0,0.037058,0.003274,False,0.06459,0.295576,tencent
6636.HK,2026-08-06,87,93.0,93.0,88.0,90.2,90.2,131898.0,11845500.0,-0.023281,0.001965,False,0.064782,0.311976,tencent
6636.HK,2026-08-07,88,92.0,92.5,89.0,91.9,91.9,107750.0,9842700.0,0.018847,0.001915,False,0.064786,0.299008,tencent
6636.HK,2026-08-10,89,92.4,94.0,90.75,93.1,93.1,101050.0,9366500.0,0.013058,0.001394,False,0.062331,0.289855,tencent
6636.HK,2026-08-11,90,93.95,100.0,91.6,96.3,96.3,148350.0,13946700.0,0.034372,0.002465,False,0.062496,0.265446,tencent
6636.HK,2026-08-12,91,96.25,98.75,93.9,95.1,95.1,102250.0,9808300.0,-0.012461,0.00127,False,0.062483,0.2746,tencent
6636.HK,2026-08-13,92,96.2,97.5,89.5,94.0,94.0,123750.0,11477700.0,-0.011567,0.001008,False,0.062685,0.28299,tencent
6636.HK,2026-08-14,93,96.0,96.0,91.85,92.35,92.35,100750.0,9404100.0,-0.017553,0.001867,False,0.061526,0.295576,tencent
6636.HK,2026-08-17,94,93.1,94.8,90.85,93.0,93.0,95150.0,8838800.0,0.007038,0.000796,False,0.060851,0.290618,tencent
6636.HK,2026-08-18,95,92.95,98.95,92.45,98.35,98.35,135050.0,12761500.0,0.057527,0.004508,False,0.060845,0.249809,tencent
6636.HK,2026-08-19,96,96.0,97.15,86.65,90.95,90.95,125231.0,11358100.0,-0.075241,0.006624,False,0.06353,0.306255,tencent
6636.HK,2026-08-20,97,90.95,94.8,90.1,93.4,93.4,120050.0,11147600.0,0.026938,0.002416,False,0.061673,0.287567,tencent
6636.HK,2026-08-21,98,96.0,96.95,93.15,96.45,96.45,103800.0,9845500.0,0.032655,0.003317,False,0.060372,0.264302,tencent
6636.HK,2026-08-24,99,97.9,99.5,93.0,97.5,97.5,380550.0,36921600.0,0.010886,0.000295,False,0.05973,0.256293,tencent
6636.HK,2026-08-25,100,93.0,97.7,93.0,95.5,95.5,106250.0,10187300.0,-0.020513,0.002014,False,0.049488,0.271548,tencent
6636.HK,2026-08-26,101,96.5,97.5,90.95,92.25,92.25,99350.0,9271200.0,-0.034031,0.003671,False,0.039886,0.296339,tencent
6636.HK,2026-08-27,102,92.25,93.95,90.2,92.95,92.95,154500.0,14235800.0,0.007588,0.000533,False,0.034762,0.290999,tencent
6636.HK,2026-08-28,103,93.7,94.7,86.35,87.6,87.6,147950.0,13183599.999999998,-0.057558,0.004366,False,0.037164,0.331808,tencent
6636.HK,2026-08-31,104,86.0,91.35,82.5,91.35,91.35,155100.0,13487600.0,0.042808,0.003174,False,0.033921,0.303204,tencent
6636.HK,2026-09-01,105,90.0,92.1,87.05,87.1,87.1,114250.0,10275500.0,-0.046524,0.004528,False,0.035609,0.335622,tencent
6636.HK,2026-09-02,106,88.1,88.1,82.95,83.25,83.25,89000.0,7523700.0,-0.044202,0.005875,False,0.035734,0.364989,tencent
6636.HK,2026-09-03,107,84.15,88.8,81.5,87.1,87.1,137569.0,11646400.000000002,0.046246,0.003971,False,0.03717,0.335622,tencent
6636.HK,2026-09-04,108,88.1,93.4,86.8,89.4,89.4,114982.0,10227100.0,0.026406,0.002582,False,0.037421,0.318078,tencent
6636.HK,2026-09-07,109,94.0,94.0,82.0,82.0,82.0,180250.0,15248400.0,-0.082774,0.005428,False,0.041481,0.374523,tencent
6636.HK,2026-09-08,110,86.0,86.0,76.1,76.1,76.1,335250.0,26561600.0,-0.071951,0.002709,False,0.042891,0.419527,tencent
6636.HK,2026-09-09,111,75.1,78.8,71.1,73.0,73.0,285450.0,21660400.0,-0.040736,0.001881,False,0.043411,0.443173,tencent
6636.HK,2026-09-10,112,70.5,75.45,68.2,69.95,69.95,367900.0,26212500.0,-0.041781,0.001594,False,0.04391,0.466438,tencent
6636.HK,2026-09-11,113,70.1,78.75,69.35,77.0,77.0,445800.0,32858700.0,0.100786,0.003067,False,0.050801,0.412662,tencent
6636.HK,2026-09-14,114,77.0,78.15,68.0,68.35,68.35,436200.0,31317199.999999996,-0.112338,0.003587,False,0.055737,0.478642,tencent
6636.HK,2026-09-15,115,69.55,71.85,65.3,71.0,71.0,343350.0,23683600.0,0.038771,0.001637,False,0.05462,0.458429,tencent
6636.HK,2026-09-16,116,72.9,74.0,69.65,71.0,71.0,222263.0,16007700.0,0.0,0.0,False,0.052794,0.458429,tencent
6636.HK,2026-09-17,117,71.1,71.55,69.2,70.15,70.15,182950.0,12821700.0,-0.011972,0.000934,False,0.052035,0.464912,tencent
6636.HK,2026-09-18,118,70.7,77.0,70.7,75.95,75.95,236000.0,17649700.0,0.08268,0.004684,False,0.055432,0.420671,tencent
6636.HK,2026-09-21,119,76.05,80.5,73.45,78.0,78.0,352350.0,27004400.0,0.026991,0.001,False,0.055873,0.405034,tencent
6636.HK,2026-09-22,120,79.0,80.55,77.05,77.5,77.5,135800.0,10733599.999999998,-0.00641,0.000597,False,0.055817,0.408848,tencent
0664.HK,2026-03-31,1,35.42,42.0,30.26,30.5,30.5,2897000.0,111474300.0,-0.491667,0.004411,False,,0.27381,tencent
0664.HK,2026-04-01,2,29.8,36.08,26.28,32.94,32.94,1711300.0,52501000.0,0.08,0.001524,False,,0.215714,tencent
0664.HK,2026-04-02,3,33.7,35.5,30.34,32.0,32.0,642400.0,21075900.0,-0.028537,0.001354,False,,0.238095,tencent
0664.HK,2026-04-08,4,31.5,32.98,28.0,28.04,28.04,427000.0,12455900.0,-0.12375,0.009935,False,,0.332381,tencent
0664.HK,2026-04-09,5,28.38,28.5,26.6,26.6,26.6,157300.0,4282800.0,-0.051355,0.011991,False,0.218621,0.366667,tencent
0664.HK,2026-04-10,6,26.6,29.46,25.54,28.1,28.1,646200.0,17731100.0,0.056391,0.00318,False,0.208814,0.330952,tencent
0664.HK,2026-04-13,7,28.1,28.4,26.12,26.52,26.52,353400.0,9463200.0,-0.056228,0.005942,False,0.191131,0.368571,tencent
0664.HK,2026-04-14,8,26.98,27.5,26.6,26.6,26.6,104300.0,2814500.0,0.003017,0.001072,False,0.179847,0.366667,tencent
0664.HK,2026-04-15,9,26.62,28.1,26.62,27.8,27.8,119600.0,3276800.0,0.045113,0.013767,False,0.173048,0.338095,tencent
0664.HK,2026-04-16,10,27.92,27.92,27.0,27.44,27.44,68300.0,1870500.0,-0.01295,0.006923,False,0.163917,0.346667,tencent
0664.HK,2026-04-17,11,27.98,27.98,26.24,26.6,26.6,61320.0,1633500.0,-0.030612,0.01874,False,0.155724,0.366667,tencent
0664.HK,2026-04-20,12,26.58,26.58,25.62,25.66,25.66,109400.0,2849900.0,-0.035338,0.0124,False,0.148592,0.389048,tencent
0664.HK,2026-04-21,13,25.6,25.6,24.5,24.9,24.9,435600.0,10797800.0,-0.029618,0.002743,False,0.142424,0.407143,tencent
0664.HK,2026-04-22,14,24.9,24.9,23.64,23.94,23.94,113800.0,2743700.0,-0.038554,0.014052,False,0.136883,0.43,tencent
0664.HK,2026-04-23,15,23.94,23.94,22.9,23.14,23.14,100300.0,2328000.0,-0.033417,0.014354,False,0.131982,0.449048,tencent
0664.HK,2026-04-24,16,23.14,23.14,21.8,21.86,21.86,82800.0,1851000.0,-0.055315,0.029884,False,0.127514,0.479524,tencent
0664.HK,2026-04-27,17,21.86,24.28,21.86,23.74,23.74,91410.0,2159100.0,0.086002,0.039832,False,0.127807,0.434762,tencent
0664.HK,2026-04-28,18,23.54,23.58,22.6,22.84,22.84,73000.0,1681699.9999999998,-0.037911,0.022543,False,0.123995,0.45619,tencent
0664.HK,2026-04-29,19,22.84,22.84,22.28,22.48,22.48,54700.0,1236400.0,-0.015762,0.012748,False,0.120651,0.464762,tencent
0664.HK,2026-04-30,20,22.48,23.04,22.0,22.48,22.48,53200.0,1202500.0,0.0,0.0,False,0.117782,0.464762,tencent
0664.HK,2026-05-04,21,22.5,23.22,22.48,22.74,22.74,45800.0,1047000.0,0.011566,0.011047,False,0.050309,0.458571,tencent
0664.HK,2026-05-05,22,22.74,23.12,22.4,22.64,22.64,16900.0,384900.0,-0.004398,0.011425,False,0.045362,0.460952,tencent
0664.HK,2026-05-06,23,22.8,22.8,21.5,21.86,21.86,92700.0,2044600.0,-0.034452,0.01685,False,0.045457,0.479524,tencent
0664.HK,2026-05-07,24,22.18,22.18,21.1,21.9,21.9,58300.0,1256300.0,0.00183,0.001457,False,0.038149,0.478571,tencent
0664.HK,2026-05-08,25,21.9,21.9,21.32,21.36,21.36,23900.0,516400.0,-0.024658,0.047749,False,0.037138,0.491429,tencent
0664.HK,2026-05-11,26,21.34,21.34,20.88,20.88,20.88,46500.0,978400.0,-0.022472,0.022968,False,0.033718,0.502857,tencent
0664.HK,2026-05-12,27,20.78,21.16,20.1,20.86,20.86,34800.0,724100.0,-0.000958,0.001323,False,0.032329,0.503333,tencent
0664.HK,2026-05-13,28,20.86,20.86,19.8,19.8,19.8,84600.0,1689100.0,-0.050815,0.030084,False,0.033288,0.528571,tencent
0664.HK,2026-05-14,29,19.8,19.8,18.78,18.93,18.93,65200.0,1237200.0,-0.043939,0.035515,False,0.030809,0.549286,tencent
0664.HK,2026-05-15,30,18.68,18.95,18.14,18.16,18.16,58700.0,1084600.0,-0.040676,0.037503,False,0.031164,0.567619,tencent
0664.HK,2026-05-18,31,18.02,18.98,17.83,18.91,18.91,57400.0,1050200.0,0.0413,0.039325,False,0.0339,0.549762,tencent
0664.HK,2026-05-19,32,18.5,18.9,18.02,18.18,18.18,17800.0,327900.0,-0.038604,0.117731,False,0.034004,0.567143,tencent
0664.HK,2026-05-20,33,18.89,18.89,17.3,17.77,17.77,51200.0,900699.9999999999,-0.022552,0.025039,False,0.033898,0.576905,tencent
0664.HK,2026-05-21,34,17.77,18.02,17.3,17.3,17.3,47100.0,823199.9999999999,-0.026449,0.03213,False,0.033584,0.588095,tencent
0664.HK,2026-05-22,35,17.3,18.3,17.3,18.3,18.3,25000.0,451500.0,0.057803,0.128025,False,0.03705,0.564286,tencent
0664.HK,2026-05-26,36,18.3,21.88,18.01,21.28,21.28,276454.0,5581300.0,0.162842,0.029176,False,0.052299,0.493333,tencent
0664.HK,2026-05-27,37,21.48,21.62,19.1,20.1,20.1,88400.0,1811000.0,-0.055451,0.030619,False,0.049532,0.521429,tencent
0664.HK,2026-05-28,38,20.0,24.1,20.0,22.8,22.8,737800.0,15662500.0,0.134328,0.008576,False,0.058135,0.457143,tencent
0664.HK,2026-05-29,39,22.86,25.0,21.52,21.52,21.52,226800.0,5293400.0,-0.05614,0.010606,False,0.05945,0.487619,tencent
0664.HK,2026-06-01,40,22.0,24.44,21.9,24.08,24.08,161600.0,3803600.0,0.118959,0.031275,False,0.065186,0.426667,tencent
0664.HK,2026-06-02,41,24.1,24.68,21.98,24.42,24.42,85600.0,2042700.0,0.01412,0.006912,False,0.065202,0.418571,tencent
0664.HK,2026-06-03,42,24.6,24.6,23.5,23.78,23.78,60300.0,1447200.0,-0.026208,0.018109,False,0.065557,0.43381,tencent
0664.HK,2026-06-04,43,24.38,27.18,23.8,25.6,25.6,226900.0,5878600.0,0.076535,0.013019,False,0.066782,0.390476,tencent
0664.HK,2026-06-05,44,25.6,25.6,23.18,23.18,23.18,128700.0,3127500.0,-0.094531,0.030226,False,0.070756,0.448095,tencent
0664.HK,2026-06-08,45,23.1,23.42,22.12,22.34,22.34,63200.0,1421000.0,-0.036238,0.025502,False,0.071059,0.468095,tencent
0664.HK,2026-06-09,46,22.12,22.8,21.52,22.0,22.0,31600.0,701500.0,-0.015219,0.021695,False,0.070932,0.47619,tencent
0664.HK,2026-06-10,47,21.38,21.46,20.04,20.52,20.52,53400.0,1106900.0,-0.067273,0.060776,False,0.072748,0.511429,tencent
0664.HK,2026-06-11,48,20.52,20.9,20.02,20.4,20.4,23900.0,490100.0,-0.005848,0.011932,False,0.07173,0.514286,tencent
0664.HK,2026-06-12,49,20.82,22.0,20.82,21.24,21.24,10600.0,227600.00000000003,0.041176,0.180916,False,0.07127,0.494286,tencent
0664.HK,2026-06-15,50,21.24,21.36,19.5,19.7,19.7,101500.0,2037700.0,-0.072505,0.035582,False,0.072756,0.530952,tencent
0664.HK,2026-06-16,51,19.71,20.08,19.11,19.12,19.12,51000.0,988199.9999999999,-0.029442,0.029793,False,0.072695,0.544762,tencent
0664.HK,2026-06-17,52,19.21,19.23,18.21,18.55,18.55,56300.0,1061700.0,-0.029812,0.028079,False,0.072457,0.558333,tencent
0664.HK,2026-06-18,53,18.55,19.48,18.3,18.3,18.3,7800.0,145700.0,-0.013477,0.092499,False,0.072314,0.564286,tencent
0664.HK,2026-06-22,54,18.3,18.34,17.75,18.0,18.0,45600.0,821100.0,-0.016393,0.019965,False,0.072127,0.571429,tencent
0664.HK,2026-06-23,55,18.0,18.01,17.3,17.47,17.47,22700.0,402400.0,-0.029444,0.073172,False,0.071359,0.584048,tencent
0664.HK,2026-06-24,56,17.47,18.35,17.47,17.69,17.69,7100.0,125800.0,0.012593,0.100103,False,0.060377,0.57881,tencent
0664.HK,2026-06-25,57,17.69,17.69,16.68,16.68,16.68,61200.0,1046900.0,-0.057094,0.054537,False,0.060446,0.602857,tencent
0664.HK,2026-06-26,58,16.68,17.29,15.7,15.7,15.7,50800.0,839900.0,-0.058753,0.069952,False,0.051315,0.62619,tencent
0664.HK,2026-06-29,59,15.7,17.8,15.69,17.29,17.29,11400.0,188500.0,0.101274,0.537262,False,0.056814,0.588333,tencent
0664.HK,2026-06-30,60,18.0,18.0,16.61,16.77,16.77,16300.0,280800.0,-0.030075,0.107105,False,0.048219,0.600714,tencent
0664.HK,2026-07-02,61,16.77,16.77,15.29,15.41,15.41,56620.0,885000.0,-0.081097,0.091635,False,0.04968,0.633095,tencent
0664.HK,2026-07-03,62,15.41,15.58,14.96,14.96,14.96,29500.0,446900.0,-0.029202,0.065343,False,0.049699,0.64381,tencent
0664.HK,2026-07-06,63,15.4,15.79,15.11,15.2,15.2,28900.0,449700.0,0.016043,0.035674,False,0.045025,0.638095,tencent
0664.HK,2026-07-07,64,15.24,16.3,15.01,15.11,15.11,31200.0,477900.0,-0.005921,0.01239,False,0.04206,0.640238,tencent
0664.HK,2026-07-08,65,15.0,15.12,14.77,14.82,14.82,12500.0,187600.00000000003,-0.019193,0.102306,False,0.041894,0.647143,tencent
0664.HK,2026-07-09,66,14.96,14.96,14.88,14.9,14.9,2700.0,40199.99999999999,0.005398,0.134281,False,0.042256,0.645238,tencent
0664.HK,2026-07-10,67,14.92,15.2,14.9,14.9,14.9,8500.0,127300.0,0.0,0.0,False,0.040818,0.645238,tencent
0664.HK,2026-07-13,68,15.34,15.35,14.55,14.55,14.55,14400.0,212900.0,-0.02349,0.110333,False,0.040799,0.653571,tencent
0664.HK,2026-07-14,69,14.55,14.56,13.96,13.96,13.96,39400.0,558900.0,-0.04055,0.072553,False,0.038819,0.667619,tencent
0664.HK,2026-07-15,70,13.92,13.97,13.68,13.68,13.68,48300.0,667500.0,-0.020057,0.030048,False,0.036809,0.674286,tencent
0664.HK,2026-07-16,71,13.8,14.71,13.8,14.49,14.49,51300.0,734400.0,0.059211,0.080624,False,0.040445,0.655,tencent
0664.HK,2026-07-17,72,14.01,14.75,13.8,13.81,13.81,15600.0,220700.0,-0.046929,0.212637,False,0.040997,0.67119,tencent
0664.HK,2026-07-20,73,13.85,13.89,13.77,13.78,13.78,5200.0,72000.0,-0.002172,0.030171,False,0.04108,0.671905,tencent
0664.HK,2026-07-21,74,13.78,15.0,13.77,14.7,14.7,9800.0,142000.0,0.066763,0.470165,False,0.04479,0.65,tencent
0664.HK,2026-07-22,75,14.26,14.34,13.9,14.19,14.19,22900.0,325300.0,-0.034694,0.106652,False,0.044931,0.662143,tencent
0664.HK,2026-07-23,76,13.7,13.91,13.7,13.76,13.76,400.0,5500.0,-0.030303,5.509642,False,0.04485,0.672381,tencent
0664.HK,2026-07-24,77,13.76,14.14,13.52,14.13,14.13,3500.0,48300.0,0.02689,0.556719,False,0.044288,0.663571,tencent
0664.HK,2026-07-27,78,14.13,14.41,13.7,13.91,13.91,4500.0,63800.0,-0.01557,0.244039,False,0.042673,0.66881,tencent
0664.HK,2026-07-28,79,13.91,14.1,13.8,13.81,13.81,9800.0,137100.0,-0.007189,0.052437,False,0.034551,0.67119,tencent
0664.HK,2026-07-29,80,13.81,14.49,13.59,14.29,14.29,36000.0,507100.0,0.034757,0.068542,False,0.035652,0.659762,tencent
0664.HK,2026-07-30,81,14.27,14.49,13.98,13.98,13.98,16500.0,235000.0,-0.021693,0.092313,False,0.031408,0.667143,tencent
0664.HK,2026-07-31,82,13.98,13.98,13.81,13.93,13.93,4500.0,62699.99999999999,-0.003577,0.057042,False,0.030861,0.668333,tencent
0664.HK,2026-08-03,83,13.52,14.18,13.52,13.98,13.98,8500.0,119000.0,0.003589,0.030163,False,0.030578,0.667143,tencent
0664.HK,2026-08-04,84,13.81,14.19,13.77,13.98,13.98,11600.0,160900.0,0.0,0.0,False,0.030585,0.667143,tencent
0664.HK,2026-08-05,85,13.97,14.9,13.91,14.78,14.78,52800.0,758199.9999999999,0.057225,0.075474,False,0.033177,0.648095,tencent
0664.HK,2026-08-06,86,14.78,14.78,14.02,14.03,14.03,25400.0,363100.0,-0.050744,0.139753,False,0.035052,0.665952,tencent
0664.HK,2026-08-07,87,14.04,14.04,13.74,13.74,13.74,16800.0,233400.0,-0.02067,0.08856,False,0.03528,0.672857,tencent
0664.HK,2026-08-10,88,13.83,14.28,13.83,14.17,14.17,29700.0,418700.0,0.031295,0.074744,False,0.035767,0.662619,tencent
0664.HK,2026-08-11,89,14.01,14.7,13.98,13.99,13.99,26900.0,385100.0,-0.012703,0.032986,False,0.03466,0.666905,tencent
0664.HK,2026-08-12,90,13.78,14.1,13.53,13.9,13.9,14800.0,202600.00000000003,-0.006433,0.031753,False,0.034364,0.669048,tencent
0664.HK,2026-08-13,91,13.9,14.0,13.9,14.0,14.0,1400.0,19500.0,0.007194,0.368936,False,0.031612,0.666667,tencent
0664.HK,2026-08-14,92,14.0,14.0,13.65,13.94,13.94,23400.0,325700.0,-0.004286,0.013158,False,0.029753,0.668095,tencent
0664.HK,2026-08-17,93,13.95,14.69,13.9,14.3,14.3,13800.0,200600.0,0.025825,0.128739,False,0.030256,0.659524,tencent
0664.HK,2026-08-18,94,13.91,13.96,13.9,13.95,13.95,6800.0,94600.00000000001,-0.024476,0.258726,False,0.02669,0.667857,tencent
0664.HK,2026-08-19,95,13.95,13.95,13.53,13.53,13.53,9700.0,132700.0,-0.030108,0.226884,False,0.026415,0.677857,tencent
0664.HK,2026-08-20,96,13.62,14.36,13.62,14.14,14.14,11600.0,165300.0,0.045085,0.272746,False,0.027527,0.663333,tencent
0664.HK,2026-08-21,97,14.14,14.14,13.55,13.58,13.58,5400.0,73400.0,-0.039604,0.539563,False,0.028331,0.676667,tencent
0664.HK,2026-08-24,98,13.59,14.48,13.5,14.11,14.11,17800.0,244899.99999999997,0.039028,0.159363,False,0.029519,0.664048,tencent
0664.HK,2026-08-25,99,14.11,14.19,13.52,14.03,14.03,7900.0,110399.99999999999,-0.00567,0.051356,False,0.029499,0.665952,tencent
0664.HK,2026-08-26,100,14.18,14.19,13.79,13.79,13.79,5200.0,72500.0,-0.017106,0.235948,False,0.028662,0.671667,tencent
0664.HK,2026-08-27,101,14.0,14.0,13.7,13.75,13.75,8700.0,120600.0,-0.002901,0.024052,False,0.028266,0.672619,tencent
0664.HK,2026-08-28,102,13.76,14.09,13.5,13.59,13.59,19000.0,261900.0,-0.011636,0.044431,False,0.02837,0.676429,tencent
0664.HK,2026-08-31,103,13.3,13.3,11.8,12.59,12.59,40100.0,482100.0,-0.073584,0.152631,False,0.032658,0.700238,tencent
0664.HK,2026-09-01,104,12.59,12.65,11.9,11.9,11.9,8200.0,99800.0,-0.054805,0.549152,False,0.03449,0.716667,tencent
0664.HK,2026-09-02,105,11.9,13.68,11.88,13.3,13.3,24300.0,295400.0,0.117647,0.398264,False,0.042231,0.683333,tencent
0664.HK,2026-09-03,106,12.5,12.96,12.0,12.89,12.89,21600.0,264600.0,-0.030827,0.116504,False,0.041306,0.693095,tencent
0664.HK,2026-09-04,107,12.89,13.5,12.88,13.38,13.38,35000.0,456000.0,0.038014,0.083364,False,0.042094,0.681429,tencent
0664.HK,2026-09-07,108,13.99,14.5,13.34,13.4,13.4,14700.0,203500.0,0.001495,0.007345,False,0.041432,0.680952,tencent
0664.HK,2026-09-08,109,13.37,13.37,12.11,12.4,12.4,19000.0,239300.0,-0.074627,0.311855,False,0.044476,0.704762,tencent
0664.HK,2026-09-09,110,12.36,12.46,12.36,12.46,12.46,3900.0,48300.0,0.004839,0.10018,False,0.04453,0.703333,tencent
0664.HK,2026-09-10,111,12.81,12.88,12.6,12.6,12.6,6700.0,85000.0,0.011236,0.132188,False,0.044595,0.7,tencent
0664.HK,2026-09-11,112,12.6,12.6,12.4,12.5,12.5,3700.0,46300.0,-0.007937,0.171415,False,0.044602,0.702381,tencent
0664.HK,2026-09-14,113,12.5,12.52,12.5,12.51,12.51,2200.0,27500.0,0.0008,0.029091,False,0.044054,0.702143,tencent
0664.HK,2026-09-15,114,12.51,12.52,12.39,12.39,12.39,2500.0,31200.0,-0.009592,0.307446,False,0.043847,0.705,tencent
0664.HK,2026-09-16,115,12.5,12.55,12.02,12.1,12.1,3000.0,37400.0,-0.023406,0.625828,False,0.04367,0.711905,tencent
0664.HK,2026-09-17,116,12.13,12.49,12.13,12.49,12.49,200.0,2500.0,0.032231,12.892562,False,0.042988,0.702619,tencent
0664.HK,2026-09-18,117,12.49,12.5,12.48,12.48,12.48,7100.0,88699.99999999999,-0.000801,0.009026,False,0.042229,0.702857,tencent
0664.HK,2026-09-21,118,12.48,12.95,12.48,12.95,12.95,600.0,7600.0,0.03766,4.955297,False,0.042157,0.691667,tencent
0664.HK,2026-09-22,119,12.68,12.99,12.4,12.4,12.4,2200.0,28200.0,-0.042471,1.506065,False,0.043053,0.704762,tencent
3625.HK,2026-03-31,1,85.05,87.0,78.0,80.0,80.0,4894400.0,400733900.0,1.0,0.002495,False,,0.08046,tencent
3625.HK,2026-04-01,2,82.0,84.8,74.0,81.7,81.7,570912.0,45630600.00000001,0.02125,0.000466,False,,0.06092,tencent
3625.HK,2026-04-02,3,81.7,97.5,80.1,92.0,92.0,955900.0,86068400.0,0.126071,0.001465,False,,0.05641,tencent
3625.HK,2026-04-08,4,94.15,110.8,90.8,104.7,104.7,560620.0,56367000.0,0.138043,0.002449,False,,0.055054,tencent
3625.HK,2026-04-09,5,102.1,114.0,100.6,112.9,112.9,579100.0,60566899.99999999,0.078319,0.001293,False,0.409148,0.009649,tencent
3625.HK,2026-04-10,6,112.6,133.0,112.6,130.5,130.5,553000.0,69356600.0,0.15589,0.002248,False,0.369049,0.018797,tencent
3625.HK,2026-04-13,7,129.0,139.5,119.9,120.3,120.3,490922.0,62000300.0,-0.078161,0.001261,False,0.359429,0.137634,tencent
3625.HK,2026-04-14,8,120.2,148.6,115.0,148.0,148.0,640080.0,87023799.99999999,0.230258,0.002646,False,0.332878,0.004038,tencent
3625.HK,2026-04-15,9,148.0,153.0,132.7,136.7,136.7,566020.0,78205700.0,-0.076351,0.000976,False,0.325579,0.106536,tencent
3625.HK,2026-04-16,10,136.7,149.0,131.5,133.9,133.9,491626.0,68040200.0,-0.020483,0.000301,False,0.313263,0.124837,tencent
3625.HK,2026-04-17,11,134.0,134.0,125.0,126.6,126.6,178050.0,22744500.0,-0.054518,0.002397,False,0.303984,0.172549,tencent
3625.HK,2026-04-20,12,126.7,132.4,123.0,124.8,124.8,560690.0,71511500.0,-0.014218,0.000199,False,0.293158,0.184314,tencent
3625.HK,2026-04-21,13,123.0,131.0,115.5,126.0,126.0,405942.0,49510500.0,0.009615,0.000194,False,0.282512,0.176471,tencent
3625.HK,2026-04-22,14,123.2,129.6,122.1,123.0,123.0,154800.0,19357800.0,-0.02381,0.00123,False,0.274011,0.196078,tencent
3625.HK,2026-04-23,15,124.0,126.3,119.6,124.2,124.2,279160.0,34064400.0,0.009756,0.000286,False,0.265224,0.188235,tencent
3625.HK,2026-04-24,16,123.9,131.8,122.0,124.7,124.7,400000.0,50038700.0,0.004026,8e-05,False,0.257354,0.184967,tencent
3625.HK,2026-04-27,17,126.0,128.0,117.8,125.7,125.7,315760.0,38582900.0,0.008019,0.000208,False,0.250055,0.178431,tencent
3625.HK,2026-04-28,18,125.7,126.8,120.4,122.7,122.7,148900.0,18260300.0,-0.023866,0.001307,False,0.244044,0.198039,tencent
3625.HK,2026-04-29,19,122.2,127.6,120.9,122.8,122.8,141510.0,17535200.0,0.000815,4.6e-05,False,0.237913,0.197386,tencent
3625.HK,2026-04-30,20,122.8,129.3,122.1,125.9,125.9,167762.0,21233000.0,0.025244,0.001189,False,0.231873,0.177124,tencent
3625.HK,2026-05-04,21,125.9,135.9,125.9,131.3,131.3,224660.0,29610300.000000004,0.042891,0.001449,False,0.080347,0.14183,tencent
3625.HK,2026-05-05,22,131.0,138.0,129.0,137.9,137.9,211670.0,28436700.0,0.050267,0.001768,False,0.080482,0.098693,tencent
3625.HK,2026-05-06,23,138.3,139.6,130.0,133.2,133.2,156310.0,20721700.0,-0.034083,0.001645,False,0.078294,0.129412,tencent
3625.HK,2026-05-07,24,133.2,136.8,131.1,131.6,131.6,156400.0,20951500.0,-0.012012,0.000573,False,0.073574,0.139869,tencent
3625.HK,2026-05-08,25,131.6,133.8,124.3,130.0,130.0,159441.0,20491400.0,-0.012158,0.000593,False,0.072171,0.150327,tencent
3625.HK,2026-05-11,26,131.5,131.7,117.0,123.8,123.8,151001.0,18596000.0,-0.047692,0.002565,False,0.064349,0.19085,tencent
3625.HK,2026-05-12,27,124.5,124.5,119.1,120.7,120.7,141801.0,17163900.0,-0.02504,0.001459,False,0.062044,0.211111,tencent
3625.HK,2026-05-13,28,121.4,122.5,115.0,122.1,122.1,149400.0,17829000.0,0.011599,0.000651,False,0.031344,0.201961,tencent
3625.HK,2026-05-14,29,123.0,123.5,119.0,122.7,122.7,134100.0,16285800.0,0.004914,0.000302,False,0.027154,0.198039,tencent
3625.HK,2026-05-15,30,123.5,123.5,117.6,120.0,120.0,137000.0,16374100.0,-0.022005,0.001344,False,0.027202,0.215686,tencent
3625.HK,2026-05-18,31,120.0,122.0,116.9,118.7,118.7,171600.0,20533300.0,-0.010833,0.000528,False,0.024661,0.224183,tencent
3625.HK,2026-05-19,32,118.0,119.9,109.7,117.5,117.5,156400.0,18323000.0,-0.01011,0.000552,False,0.024579,0.232026,tencent
3625.HK,2026-05-20,33,116.5,119.5,115.1,118.8,118.8,136800.0,16146300.000000002,0.011064,0.000685,False,0.024619,0.223529,tencent
3625.HK,2026-05-21,34,120.5,120.5,109.0,112.9,112.9,309200.0,35687000.0,-0.049663,0.001392,False,0.026403,0.262092,tencent
3625.HK,2026-05-22,35,112.3,117.0,109.6,116.2,116.2,205900.0,23117500.0,0.029229,0.001264,False,0.027279,0.240523,tencent
3625.HK,2026-05-26,36,114.5,117.4,112.1,116.5,116.5,149900.0,17241600.0,0.002582,0.00015,False,0.027262,0.238562,tencent
3625.HK,2026-05-27,37,116.5,116.6,112.7,115.0,115.0,136460.0,15600800.0,-0.012876,0.000825,False,0.027216,0.248366,tencent
3625.HK,2026-05-28,38,114.2,116.5,113.1,115.8,115.8,136301.0,15688800.000000002,0.006957,0.000443,False,0.026908,0.243137,tencent
3625.HK,2026-05-29,39,115.2,116.6,110.0,113.2,113.2,162300.0,18587400.0,-0.022453,0.001208,False,0.027256,0.260131,tencent
3625.HK,2026-06-01,40,113.2,113.4,104.9,108.9,108.9,438200.0,47618800.0,-0.037986,0.000798,False,0.027387,0.288235,tencent
3625.HK,2026-06-02,41,108.0,108.9,104.6,108.9,108.9,125800.0,13466400.000000002,0.0,0.0,False,0.024847,0.288235,tencent
3625.HK,2026-06-03,42,108.1,110.6,107.8,108.1,108.1,126500.0,13818800.000000002,-0.007346,0.000532,False,0.020587,0.293464,tencent
3625.HK,2026-06-04,43,108.0,110.3,107.4,108.3,108.3,129100.0,14022000.0,0.00185,0.000132,False,0.020111,0.292157,tencent
3625.HK,2026-06-05,44,108.3,108.8,103.7,105.1,105.1,127000.0,13584700.0,-0.029548,0.002175,False,0.020576,0.313072,tencent
3625.HK,2026-06-08,45,104.6,107.0,101.0,107.0,107.0,123100.0,12961300.000000002,0.018078,0.001395,False,0.021571,0.300654,tencent
3625.HK,2026-06-09,46,107.0,107.9,102.7,107.7,107.7,123700.0,13104000.0,0.006542,0.000499,False,0.019853,0.296078,tencent
3625.HK,2026-06-10,47,107.8,108.0,104.2,107.3,107.3,137900.0,14725600.0,-0.003714,0.000252,False,0.019386,0.298693,tencent
3625.HK,2026-06-11,48,106.6,108.4,100.5,101.7,101.7,145500.0,15065100.0,-0.05219,0.003464,False,0.021523,0.335294,tencent
3625.HK,2026-06-12,49,101.3,109.7,101.3,105.0,105.0,172000.0,17990400.0,0.032448,0.001804,False,0.023261,0.313725,tencent
3625.HK,2026-06-15,50,105.0,107.4,103.8,105.3,105.3,132700.0,14033599.999999998,0.002857,0.000204,False,0.023109,0.311765,tencent
3625.HK,2026-06-16,51,104.8,108.0,102.6,108.0,108.0,160504.0,16891800.0,0.025641,0.001518,False,0.024145,0.294118,tencent
3625.HK,2026-06-17,52,108.2,110.5,106.4,110.0,110.0,126880.0,13672000.0,0.018519,0.001354,False,0.024634,0.281046,tencent
3625.HK,2026-06-18,53,109.0,110.2,103.8,104.8,104.8,159800.0,16958100.0,-0.047273,0.002788,False,0.02628,0.315033,tencent
3625.HK,2026-06-22,54,105.0,105.6,100.8,102.7,102.7,129400.0,13240200.0,-0.020038,0.001513,False,0.024456,0.328758,tencent
3625.HK,2026-06-23,55,107.2,107.2,100.0,102.0,102.0,123800.0,12579600.0,-0.006816,0.000542,False,0.023137,0.333333,tencent
3625.HK,2026-06-24,56,105.4,105.4,100.0,100.0,100.0,128400.0,12961099.999999998,-0.019608,0.001513,False,0.023224,0.346405,tencent
3625.HK,2026-06-25,57,103.8,103.8,97.3,98.0,98.0,129100.0,12768900.000000002,-0.02,0.001566,False,0.023367,0.359477,tencent
3625.HK,2026-06-26,58,97.6,98.4,90.0,98.15,98.15,164000.0,15624900.0,0.001531,9.8e-05,False,0.023219,0.358497,tencent
3625.HK,2026-06-29,59,97.9,99.65,93.0,96.3,96.3,123000.0,11793300.0,-0.018849,0.001598,False,0.023115,0.370588,tencent
3625.HK,2026-06-30,60,96.4,97.5,93.95,97.2,97.2,168780.0,16089100.0,0.009346,0.000581,False,0.022269,0.364706,tencent
3625.HK,2026-07-02,61,97.25,97.25,91.65,93.5,93.5,95000.0,8922100.0,-0.038066,0.004266,False,0.023379,0.388889,tencent
3625.HK,2026-07-03,62,93.0,95.95,90.7,94.7,94.7,166200.0,15419400.0,0.012834,0.000832,False,0.02381,0.381046,tencent
3625.HK,2026-07-06,63,94.9,94.9,91.6,92.35,92.35,107800.0,10046000.0,-0.024815,0.00247,False,0.024073,0.396405,tencent
3625.HK,2026-07-07,64,92.0,94.15,86.75,90.0,90.0,127300.0,11561099.999999998,-0.025447,0.002201,False,0.023894,0.411765,tencent
3625.HK,2026-07-08,65,89.4,89.4,83.75,85.05,85.05,174600.0,14958900.000000002,-0.055,0.003677,False,0.025329,0.444118,tencent
3625.HK,2026-07-09,66,84.5,88.0,83.95,88.0,88.0,131500.0,11393200.0,0.034685,0.003044,False,0.027082,0.424837,tencent
3625.HK,2026-07-10,67,88.5,94.65,88.5,93.85,93.85,140902.0,12945100.0,0.066477,0.005135,False,0.032,0.386601,tencent
3625.HK,2026-07-13,68,93.0,93.0,85.0,85.2,85.2,80600.0,7138099.999999999,-0.092168,0.012912,False,0.036021,0.443137,tencent
3625.HK,2026-07-14,69,86.5,86.5,81.9,85.4,85.4,80400.0,6741799.999999999,0.002347,0.000348,False,0.034843,0.44183,tencent
3625.HK,2026-07-15,70,85.6,88.0,83.4,85.6,85.6,82100.0,7045800.0,0.002342,0.000332,False,0.034834,0.440523,tencent
3625.HK,2026-07-16,71,84.2,87.15,83.7,85.45,85.45,92200.0,7829900.0,-0.001752,0.000224,False,0.033896,0.441503,tencent
3625.HK,2026-07-17,72,84.85,85.4,71.45,78.75,78.75,57700.0,4532500.0,-0.078408,0.017299,False,0.036285,0.485294,tencent
3625.HK,2026-07-20,73,79.5,79.5,72.6,77.1,77.1,107400.0,8305000.0,-0.020952,0.002523,False,0.035559,0.496078,tencent
3625.HK,2026-07-21,74,76.5,82.5,74.7,81.0,81.0,157400.0,12594900.0,0.050584,0.004016,False,0.038386,0.470588,tencent
3625.HK,2026-07-22,75,80.95,81.25,77.45,78.15,78.15,228900.0,17945700.0,-0.035185,0.001961,False,0.038743,0.489216,tencent
3625.HK,2026-07-23,76,78.5,80.0,77.6,79.7,79.7,126200.0,9953100.0,0.019834,0.001993,False,0.039361,0.479085,tencent
3625.HK,2026-07-24,77,80.0,80.0,75.25,77.8,77.8,35000.0,2702500.0,-0.023839,0.008821,False,0.039419,0.491503,tencent
3625.HK,2026-07-27,78,77.0,78.0,75.0,77.85,77.85,35800.0,2746500.0,0.000643,0.000234,False,0.039405,0.491176,tencent
3625.HK,2026-07-28,79,77.85,77.85,73.0,73.7,73.7,40400.0,3000000.0,-0.053308,0.017769,False,0.040514,0.518301,tencent
3625.HK,2026-07-29,80,73.9,74.5,69.9,74.0,74.0,67057.0,4869500.0,0.004071,0.000836,False,0.040382,0.51634,tencent
3625.HK,2026-07-30,81,73.5,81.0,73.5,75.05,75.05,35100.0,2667500.0,0.014189,0.005319,False,0.040348,0.509477,tencent
3625.HK,2026-07-31,82,77.0,80.0,74.95,78.0,78.0,19700.0,1513000.0,0.039307,0.02598,False,0.041558,0.490196,tencent
3625.HK,2026-08-03,83,79.55,81.75,77.0,80.8,80.8,39000.0,3084600.0,0.035897,0.011638,False,0.042534,0.471895,tencent
3625.HK,2026-08-04,84,80.3,90.05,80.0,90.05,90.05,55400.0,4621900.0,0.11448,0.024769,False,0.049985,0.411438,tencent
3625.HK,2026-08-05,85,92.0,99.0,88.05,96.1,96.1,78055.0,7426200.0,0.067185,0.009047,False,0.050219,0.371895,tencent
3625.HK,2026-08-06,86,94.8,96.0,90.3,96.0,96.0,42300.0,3950400.0,-0.001041,0.000263,False,0.049829,0.372549,tencent
3625.HK,2026-08-07,87,96.6,99.0,92.35,99.0,99.0,21200.0,2018700.0,0.03125,0.01548,False,0.048156,0.352941,tencent
3625.HK,2026-08-10,88,98.5,102.1,95.45,100.4,100.4,40300.0,3994100.0000000005,0.014141,0.003541,False,0.042549,0.343791,tencent
3625.HK,2026-08-11,89,99.5,105.2,95.2,100.7,100.7,45700.0,4582000.0,0.002988,0.000652,False,0.042544,0.34183,tencent
3625.HK,2026-08-12,90,100.9,101.5,93.0,95.5,95.5,115000.0,10932500.0,-0.051639,0.004723,False,0.044656,0.375817,tencent
3625.HK,2026-08-13,91,95.5,102.0,93.25,96.5,96.5,53000.0,5155500.0,0.010471,0.002031,False,0.044622,0.369281,tencent
3625.HK,2026-08-14,92,95.75,108.0,93.65,99.35,99.35,41600.0,4143800.0,0.029534,0.007127,False,0.040036,0.350654,tencent
3625.HK,2026-08-17,93,98.3,102.0,97.75,99.65,99.65,15600.0,1552600.0,0.00302,0.001945,False,0.039337,0.348693,tencent
3625.HK,2026-08-18,94,99.7,100.3,94.0,99.95,99.95,8100.0,798600.0,0.003011,0.00377,False,0.038412,0.346732,tencent
3625.HK,2026-08-19,95,100.0,101.0,92.1,93.9,93.9,55118.0,5246300.0,-0.06053,0.011538,False,0.040392,0.386275,tencent
3625.HK,2026-08-20,96,93.5,96.6,92.8,95.0,95.0,32100.0,3027400.0,0.011715,0.00387,False,0.040329,0.379085,tencent
3625.HK,2026-08-21,97,94.45,97.9,93.6,95.25,95.25,42500.0,4031700.0,0.002632,0.000653,False,0.039602,0.377451,tencent
3625.HK,2026-08-24,98,94.0,95.0,91.25,95.0,95.0,102600.0,9497200.0,-0.002625,0.000276,False,0.039653,0.379085,tencent
3625.HK,2026-08-25,99,94.0,95.65,91.15,92.1,92.1,40900.0,3776900.0,-0.030526,0.008082,False,0.03801,0.398039,tencent
3625.HK,2026-08-26,100,91.2,95.35,91.0,93.0,93.0,54900.0,5076000.0,0.009772,0.001925,False,0.037969,0.392157,tencent
3625.HK,2026-08-27,101,92.4,95.0,91.85,95.0,95.0,18800.0,1757700.0,0.021505,0.012235,False,0.038025,0.379085,tencent
3625.HK,2026-08-28,102,93.9,96.5,91.45,95.8,95.8,15700.0,1475600.0,0.008421,0.005707,False,0.037504,0.373856,tencent
3625.HK,2026-08-31,103,94.3,97.0,92.05,94.25,94.25,31200.0,2948399.9999999995,-0.01618,0.005488,False,0.037491,0.383987,tencent
3625.HK,2026-09-01,104,93.8,94.2,92.0,92.5,92.5,33100.0,3077600.0,-0.018568,0.006033,False,0.028367,0.395425,tencent
3625.HK,2026-09-02,105,92.4,93.6,90.3,92.6,92.6,45300.0,4149000.0,0.001081,0.000261,False,0.023827,0.394771,tencent
3625.HK,2026-09-03,106,92.0,92.0,89.05,90.75,90.75,60085.0,5470500.0,-0.019978,0.003652,False,0.024178,0.406863,tencent
3625.HK,2026-09-04,107,90.4,91.7,87.0,88.0,88.0,39800.0,3508100.0,-0.030303,0.008638,False,0.023562,0.424837,tencent
3625.HK,2026-09-07,108,92.0,92.0,71.05,72.0,72.0,203000.0,15350600.0,-0.181818,0.011844,False,0.045474,0.529412,tencent
3625.HK,2026-09-08,109,71.55,72.75,67.8,67.8,67.8,147000.0,10220600.0,-0.058333,0.005707,False,0.04623,0.556863,tencent
3625.HK,2026-09-09,110,67.0,70.05,59.5,61.0,61.0,125200.0,7978000.0,-0.100295,0.012571,False,0.049249,0.601307,tencent
3625.HK,2026-09-10,111,62.2,86.8,61.0,64.35,64.35,1321500.0,92911000.0,0.054918,0.000591,False,0.051682,0.579412,tencent
3625.HK,2026-09-11,112,63.7,68.8,58.7,66.35,66.35,515600.0,32558600.0,0.03108,0.000955,False,0.051759,0.56634,tencent
3625.HK,2026-09-14,113,66.7,72.55,60.5,61.45,61.45,507045.0,32981700.0,-0.073851,0.002239,False,0.052911,0.598366,tencent
3625.HK,2026-09-15,114,61.5,82.2,60.0,66.2,66.2,2084500.0,148285700.0,0.077299,0.000521,False,0.057223,0.56732,tencent
3625.HK,2026-09-16,115,68.2,75.4,66.25,71.5,71.5,1152800.0,82200700.0,0.08006,0.000974,False,0.060367,0.53268,tencent
3625.HK,2026-09-17,116,70.5,76.5,65.8,67.3,67.3,522500.0,36217300.0,-0.058741,0.001622,False,0.060981,0.560131,tencent
3625.HK,2026-09-18,117,70.0,81.3,68.0,72.3,72.3,1127900.0,83501299.99999999,0.074294,0.00089,False,0.064111,0.527451,tencent
3625.HK,2026-09-21,118,73.0,75.4,67.9,69.5,69.5,408800.0,28930300.000000004,-0.038728,0.001339,False,0.064351,0.545752,tencent
3625.HK,2026-09-22,119,70.15,82.15,69.15,69.15,69.15,1704120.0,128055200.0,-0.005036,3.9e-05,False,0.064248,0.548039,tencent
