stock_code,company_name,investor_id,standardized_name,disclosed_name,investor_category,ultimate_parent,state_owned_flag,pre_ipo_flag,cornerstone_flag,crossover_flag,shares_allocated,allocation_value_hkd,pct_of_base_offer,investment_round,lockup_expiry_date,board_seat_flag,source_evidence
6082.HK,"Shanghai Biren Technology Co., Ltd.- H shares",INV_3W_FUND,3W Fund,3W Fund,Cornerstone,3W,True,False,True,False,,,,IPO Cornerstone,2026-07-04,False,Prospectus Cornerstone Chapter / Col CJ
6082.HK,"Shanghai Biren Technology Co., Ltd.- H shares",INV_QIMING_VENTURE_PARTNERS_QM125,Qiming Venture Partners (QM125,Qiming Venture Partners (QM125,Cornerstone,Qiming,False,True,True,True,,,,IPO Cornerstone,2026-07-04,False,Prospectus Cornerstone Chapter / Col CJ
6082.HK,"Shanghai Biren Technology Co., Ltd.- H shares",INV_QM120,QM120),QM120),Cornerstone,QM120),False,False,True,False,,,,IPO Cornerstone,2026-07-04,False,Prospectus Cornerstone Chapter / Col CJ
6082.HK,"Shanghai Biren Technology Co., Ltd.- H shares",INV_AMF,AMF,AMF,Cornerstone,AMF,False,False,True,False,,,,IPO Cornerstone,2026-07-04,False,Prospectus Cornerstone Chapter / Col CJ
6082.HK,"Shanghai Biren Technology Co., Ltd.- H shares",INV_WT_ASSET_MANAGEMENT,WT Asset Management,WT Asset Management,Cornerstone,WT,True,False,True,False,,,,IPO Cornerstone,2026-07-04,False,Prospectus Cornerstone Chapter / Col CJ
6082.HK,"Shanghai Biren Technology Co., Ltd.- H shares",INV_HAO_GREAT_CHINA_FOCUS_FUND,Hao Great China Focus Fund,Hao Great China Focus Fund,Cornerstone,Hao,True,False,True,False,,,,IPO Cornerstone,2026-07-04,False,Prospectus Cornerstone Chapter / Col CJ
6082.HK,"Shanghai Biren Technology Co., Ltd.- H shares",INV_PING_AN_LIFE_INSURANCE,Ping An Life Insurance,Ping An Life Insurance,Cornerstone,Ping,False,False,True,False,,,,IPO Cornerstone,2026-07-04,False,Prospectus Cornerstone Chapter / Col CJ
6082.HK,"Shanghai Biren Technology Co., Ltd.- H shares",INV_HUADENG_TECHNOLOGY,Huadeng Technology,Huadeng Technology,Cornerstone,Huadeng,False,False,True,False,,,,IPO Cornerstone,2026-07-04,False,Prospectus Cornerstone Chapter / Col CJ
6082.HK,"Shanghai Biren Technology Co., Ltd.- H shares",INV_LION_GLOBAL,Lion Global,Lion Global,Cornerstone,Lion,False,False,True,False,,,,IPO Cornerstone,2026-07-04,False,Prospectus Cornerstone Chapter / Col CJ
6082.HK,"Shanghai Biren Technology Co., Ltd.- H shares",INV_CICC_FT_SHANGHAI_GREENWOODS_OT,CICC FT (Shanghai Greenwoods OTC Swaps),CICC FT (Shanghai Greenwoods OTC Swaps),Cornerstone,CICC,False,False,True,False,,,,IPO Cornerstone,2026-07-04,False,Prospectus Cornerstone Chapter / Col CJ
6082.HK,"Shanghai Biren Technology Co., Ltd.- H shares",INV_MY_ASIAN,MY Asian,MY Asian,Cornerstone,MY,False,False,True,False,,,,IPO Cornerstone,2026-07-04,False,Prospectus Cornerstone Chapter / Col CJ
6082.HK,"Shanghai Biren Technology Co., Ltd.- H shares",INV_EASTSPRING,Eastspring,Eastspring,Cornerstone,Eastspring,False,False,True,False,,,,IPO Cornerstone,2026-07-04,False,Prospectus Cornerstone Chapter / Col CJ
6082.HK,"Shanghai Biren Technology Co., Ltd.- H shares",INV_UBS_AM_SINGAPORE,UBS AM Singapore,UBS AM Singapore,Cornerstone,UBS,False,False,True,False,,,,IPO Cornerstone,2026-07-04,False,Prospectus Cornerstone Chapter / Col CJ
6082.HK,"Shanghai Biren Technology Co., Ltd.- H shares",INV_TAIKANG_LIFE,Taikang Life,Taikang Life,Cornerstone,Taikang,False,False,True,False,,,,IPO Cornerstone,2026-07-04,False,Prospectus Cornerstone Chapter / Col CJ
6082.HK,"Shanghai Biren Technology Co., Ltd.- H shares",INV_ASPIRATIONAL_CHINA_GROWTH,Aspirational China Growth,Aspirational China Growth,Cornerstone,Aspirational,False,False,True,False,,,,IPO Cornerstone,2026-07-04,False,Prospectus Cornerstone Chapter / Col CJ
6082.HK,"Shanghai Biren Technology Co., Ltd.- H shares",INV_CHAROEN_POKPHAND,Charoen Pokphand,Charoen Pokphand,Cornerstone,Charoen,False,False,True,False,,,,IPO Cornerstone,2026-07-04,False,Prospectus Cornerstone Chapter / Col CJ
6082.HK,"Shanghai Biren Technology Co., Ltd.- H shares",INV_DIGITAL_CHINA,Digital China,Digital China,Cornerstone,Digital,False,False,True,False,,,,IPO Cornerstone,2026-07-04,False,Prospectus Cornerstone Chapter / Col CJ
6082.HK,"Shanghai Biren Technology Co., Ltd.- H shares",INV_GTJA_HK_JINXIU_608_ZHONGHE_OTC,GTJA HK (Jinxiu 608/Zhonghe OTC Swaps),GTJA HK (Jinxiu 608/Zhonghe OTC Swaps),Cornerstone,GTJA,False,False,True,False,,,,IPO Cornerstone,2026-07-04,False,Prospectus Cornerstone Chapter / Col CJ
6082.HK,"Shanghai Biren Technology Co., Ltd.- H shares",INV_CHINA_SOUTHERN,China Southern,China Southern,Cornerstone,China,False,False,True,False,,,,IPO Cornerstone,2026-07-04,False,Prospectus Cornerstone Chapter / Col CJ
6082.HK,"Shanghai Biren Technology Co., Ltd.- H shares",INV_FULLGOAL_FULLGOAL_FUND,Fullgoal (Fullgoal Fund,Fullgoal (Fullgoal Fund,Cornerstone,Fullgoal,True,False,True,False,,,,IPO Cornerstone,2026-07-04,False,Prospectus Cornerstone Chapter / Col CJ
6082.HK,"Shanghai Biren Technology Co., Ltd.- H shares",INV_FULLGOAL_HK,Fullgoal HK),Fullgoal HK),Cornerstone,Fullgoal,False,False,True,False,,,,IPO Cornerstone,2026-07-04,False,Prospectus Cornerstone Chapter / Col CJ
6082.HK,"Shanghai Biren Technology Co., Ltd.- H shares",INV_YEEBO,Yeebo,Yeebo,Cornerstone,Yeebo,False,False,True,False,,,,IPO Cornerstone,2026-07-04,False,Prospectus Cornerstone Chapter / Col CJ
6082.HK,"Shanghai Biren Technology Co., Ltd.- H shares",INV_EIP,EIP,EIP,Cornerstone,EIP,False,False,True,False,,,,IPO Cornerstone,2026-07-04,False,Prospectus Cornerstone Chapter / Col CJ
6082.HK,"Shanghai Biren Technology Co., Ltd.- H shares",INV_TESSY_HOLDING_LIMITED,Tessy Holding Limited,Tessy Holding Limited,Cornerstone,Tessy,False,False,True,False,,,,IPO Cornerstone,2026-07-04,False,Prospectus Cornerstone Chapter / Col CJ
6082.HK,"Shanghai Biren Technology Co., Ltd.- H shares",INV_NEW_OPPORTUNITIES_SPC,New Opportunities SPC,New Opportunities SPC,Cornerstone,New,False,False,True,False,,,,IPO Cornerstone,2026-07-04,False,Prospectus Cornerstone Chapter / Col CJ
6082.HK,"Shanghai Biren Technology Co., Ltd.- H shares",INV_QIMING_VENTURE_PARTNERS,Qiming Venture Partners,Qiming Venture Partners,Pre-IPO VC,Qiming,True,True,False,False,,,,Pre-IPO Series,2026-07-04,True,Prospectus History Chapter / Pre-IPO Disclosure
6082.HK,"Shanghai Biren Technology Co., Ltd.- H shares",INV_COUNTRY_GARDEN_VC,Country Garden VC,Country Garden VC,Pre-IPO VC,Country,True,True,False,False,,,,Pre-IPO Series,2026-07-04,True,Prospectus History Chapter / Pre-IPO Disclosure
6082.HK,"Shanghai Biren Technology Co., Ltd.- H shares",INV_SKY9_CAPITAL,Sky9 Capital,Sky9 Capital,Pre-IPO VC,Sky9,True,True,False,False,,,,Pre-IPO Series,2026-07-04,True,Prospectus History Chapter / Pre-IPO Disclosure
6082.HK,"Shanghai Biren Technology Co., Ltd.- H shares",INV_SONGHE_CAPITAL,Songhe Capital,Songhe Capital,Pre-IPO VC,Songhe,True,True,False,False,,,,Pre-IPO Series,2026-07-04,True,Prospectus History Chapter / Pre-IPO Disclosure
6082.HK,"Shanghai Biren Technology Co., Ltd.- H shares",INV_ZHUHAI_GREE,Zhuhai Gree,Zhuhai Gree,Pre-IPO VC,Zhuhai,True,True,False,False,,,,Pre-IPO Series,2026-07-04,True,Prospectus History Chapter / Pre-IPO Disclosure
6082.HK,"Shanghai Biren Technology Co., Ltd.- H shares",INV_WALDEN_INTERNATIONAL,Walden International,Walden International,Pre-IPO VC,Walden,True,True,False,False,,,,Pre-IPO Series,2026-07-04,True,Prospectus History Chapter / Pre-IPO Disclosure
6082.HK,"Shanghai Biren Technology Co., Ltd.- H shares",INV_SHANGHAI_SOE_REFORM_FUND,Shanghai SOE Reform Fund,Shanghai SOE Reform Fund,Pre-IPO VC,Shanghai,True,True,False,False,,,,Pre-IPO Series,2026-07-04,True,Prospectus History Chapter / Pre-IPO Disclosure
2513.HK,Knowledge Atlas Technology Joint Stock Company Limited - H shares,INV_JSC_INTERNATIONAL_INVESTMENT_F,JSC International Investment Fund SPC (acting for and on behalf of Qizhi SP),JSC International Investment Fund SPC (acting for and on behalf of Qizhi SP),Cornerstone,JSC,True,False,True,False,,,,IPO Cornerstone,2026-07-10,False,Prospectus Cornerstone Chapter / Col CJ
2513.HK,Knowledge Atlas Technology Joint Stock Company Limited - H shares,INV_JINYI_CAPITAL_MULTI_STRATEGY_F,JinYi Capital Multi-Strategy Fund SPC Ltd. (acting for and on behalf of Structured Credit SP Fund),JinYi Capital Multi-Strategy Fund SPC Ltd. (acting for and on behalf of Structured Credit SP Fund),Cornerstone,JinYi,True,False,True,False,,,,IPO Cornerstone,2026-07-10,False,Prospectus Cornerstone Chapter / Col CJ
2513.HK,Knowledge Atlas Technology Joint Stock Company Limited - H shares,INV_PERSEVERANCE_ASSET_MANAGEMENT,Perseverance Asset Management,Perseverance Asset Management,Cornerstone,Perseverance,True,False,True,False,,,,IPO Cornerstone,2026-07-10,False,Prospectus Cornerstone Chapter / Col CJ
2513.HK,Knowledge Atlas Technology Joint Stock Company Limited - H shares,INV_SHANGHAI_GAOYI_AND_CICC_FINANC,Shanghai Gaoyi and CICC Financial Trading Limited (in connection with Gaoyi OTC Swaps),Shanghai Gaoyi and CICC Financial Trading Limited (in connection with Gaoyi OTC Swaps),Cornerstone,Shanghai,False,False,True,False,,,,IPO Cornerstone,2026-07-10,False,Prospectus Cornerstone Chapter / Col CJ
2513.HK,Knowledge Atlas Technology Joint Stock Company Limited - H shares,INV_WT_ASSET_MANAGEMENT,WT Asset Management,WT Asset Management,Cornerstone,WT,True,False,True,False,,,,IPO Cornerstone,2026-07-10,False,Prospectus Cornerstone Chapter / Col CJ
2513.HK,Knowledge Atlas Technology Joint Stock Company Limited - H shares,INV_TAIKANG_LIFE,Taikang Life,Taikang Life,Cornerstone,Taikang,False,False,True,False,,,,IPO Cornerstone,2026-07-10,False,Prospectus Cornerstone Chapter / Col CJ
2513.HK,Knowledge Atlas Technology Joint Stock Company Limited - H shares,INV_GF_FUND,GF Fund,GF Fund,Cornerstone,GF,True,False,True,False,,,,IPO Cornerstone,2026-07-10,False,Prospectus Cornerstone Chapter / Col CJ
2513.HK,Knowledge Atlas Technology Joint Stock Company Limited - H shares,INV_3W_FUND,3W Fund,3W Fund,Cornerstone,3W,True,False,True,False,,,,IPO Cornerstone,2026-07-10,False,Prospectus Cornerstone Chapter / Col CJ
2513.HK,Knowledge Atlas Technology Joint Stock Company Limited - H shares,INV_RIME,RIME,RIME,Cornerstone,RIME,False,False,True,False,,,,IPO Cornerstone,2026-07-10,False,Prospectus Cornerstone Chapter / Col CJ
2513.HK,Knowledge Atlas Technology Joint Stock Company Limited - H shares,INV_OPTIMAS_CAPITAL_LIMITED,Optimas Capital Limited,Optimas Capital Limited,Cornerstone,Optimas,True,False,True,False,,,,IPO Cornerstone,2026-07-10,False,Prospectus Cornerstone Chapter / Col CJ
2513.HK,Knowledge Atlas Technology Joint Stock Company Limited - H shares,INV_LUSTER_LIGHTTECH_INTERNATIONAL,Luster LightTech International Limited,Luster LightTech International Limited,Cornerstone,Luster,False,False,True,False,,,,IPO Cornerstone,2026-07-10,False,Prospectus Cornerstone Chapter / Col CJ
2513.HK,Knowledge Atlas Technology Joint Stock Company Limited - H shares,INV_QIMING_VENTURE_PARTNERS,Qiming Venture Partners,Qiming Venture Partners,Pre-IPO VC,Qiming,True,True,False,False,,,,Pre-IPO Series,2026-07-10,True,Prospectus History Chapter / Pre-IPO Disclosure
2513.HK,Knowledge Atlas Technology Joint Stock Company Limited - H shares,INV_HONGSHAN,HongShan,HongShan,Pre-IPO VC,HongShan,True,True,False,False,,,,Pre-IPO Series,2026-07-10,True,Prospectus History Chapter / Pre-IPO Disclosure
2513.HK,Knowledge Atlas Technology Joint Stock Company Limited - H shares,INV_LEGEND_CAPITAL,Legend Capital,Legend Capital,Pre-IPO VC,Legend,True,True,False,False,,,,Pre-IPO Series,2026-07-10,True,Prospectus History Chapter / Pre-IPO Disclosure
2513.HK,Knowledge Atlas Technology Joint Stock Company Limited - H shares,INV_MEITUAN,Meituan,Meituan,Pre-IPO VC,Meituan,True,True,False,False,,,,Pre-IPO Series,2026-07-10,True,Prospectus History Chapter / Pre-IPO Disclosure
2513.HK,Knowledge Atlas Technology Joint Stock Company Limited - H shares,INV_ALIBABA,Alibaba,Alibaba,Pre-IPO VC,Alibaba,True,True,False,False,,,,Pre-IPO Series,2026-07-10,True,Prospectus History Chapter / Pre-IPO Disclosure
2513.HK,Knowledge Atlas Technology Joint Stock Company Limited - H shares,INV_TENCENT,Tencent,Tencent,Pre-IPO VC,Tencent,True,True,False,False,,,,Pre-IPO Series,2026-07-10,True,Prospectus History Chapter / Pre-IPO Disclosure
2513.HK,Knowledge Atlas Technology Joint Stock Company Limited - H shares,INV_XIAOMI,Xiaomi,Xiaomi,Pre-IPO VC,Xiaomi,True,True,False,False,,,,Pre-IPO Series,2026-07-10,True,Prospectus History Chapter / Pre-IPO Disclosure
2513.HK,Knowledge Atlas Technology Joint Stock Company Limited - H shares,INV_PROSPERITY7,Prosperity7,Prosperity7,Pre-IPO VC,Prosperity7,True,True,False,False,,,,Pre-IPO Series,2026-07-10,True,Prospectus History Chapter / Pre-IPO Disclosure
2513.HK,Knowledge Atlas Technology Joint Stock Company Limited - H shares,INV_BEIJING_AI_FUND,Beijing AI Fund,Beijing AI Fund,Pre-IPO VC,Beijing,True,True,False,False,,,,Pre-IPO Series,2026-07-10,True,Prospectus History Chapter / Pre-IPO Disclosure
9903.HK,"Shanghai Iluvatar CoreX Semiconductor Co., Ltd. - H shares",INV_ZTE_HK,ZTE HK,ZTE HK,Cornerstone,ZTE,False,False,True,False,,,,IPO Cornerstone,2026-07-10,False,Prospectus Cornerstone Chapter / Col CJ
9903.HK,"Shanghai Iluvatar CoreX Semiconductor Co., Ltd. - H shares",INV_XN_MOUNTAIN,XN Mountain,XN Mountain,Cornerstone,XN,False,False,True,False,,,,IPO Cornerstone,2026-07-10,False,Prospectus Cornerstone Chapter / Col CJ
9903.HK,"Shanghai Iluvatar CoreX Semiconductor Co., Ltd. - H shares",INV_WIND_SABRE,Wind Sabre,Wind Sabre,Cornerstone,Wind,False,False,True,False,,,,IPO Cornerstone,2026-07-10,False,Prospectus Cornerstone Chapter / Col CJ
9903.HK,"Shanghai Iluvatar CoreX Semiconductor Co., Ltd. - H shares",INV_UBS_AM_SINGAPORE,UBS AM Singapore,UBS AM Singapore,Cornerstone,UBS,False,False,True,False,,,,IPO Cornerstone,2026-07-10,False,Prospectus Cornerstone Chapter / Col CJ
9903.HK,"Shanghai Iluvatar CoreX Semiconductor Co., Ltd. - H shares",INV_TEAMSUN_HK,Teamsun HK,Teamsun HK,Cornerstone,Teamsun,False,False,True,False,,,,IPO Cornerstone,2026-07-10,False,Prospectus Cornerstone Chapter / Col CJ
9903.HK,"Shanghai Iluvatar CoreX Semiconductor Co., Ltd. - H shares",INV_QIN_WAN,Qin Wan,Qin Wan,Cornerstone,Qin,False,False,True,False,,,,IPO Cornerstone,2026-07-10,False,Prospectus Cornerstone Chapter / Col CJ
9903.HK,"Shanghai Iluvatar CoreX Semiconductor Co., Ltd. - H shares",INV_OCM,OCM,OCM,Cornerstone,OCM,False,False,True,False,,,,IPO Cornerstone,2026-07-10,False,Prospectus Cornerstone Chapter / Col CJ
9903.HK,"Shanghai Iluvatar CoreX Semiconductor Co., Ltd. - H shares",INV_OCEAN_FINE_INDUSTRIAL,Ocean Fine Industrial,Ocean Fine Industrial,Cornerstone,Ocean,False,False,True,False,,,,IPO Cornerstone,2026-07-10,False,Prospectus Cornerstone Chapter / Col CJ
9903.HK,"Shanghai Iluvatar CoreX Semiconductor Co., Ltd. - H shares",INV_HUATAI_OTC_SWAPS_HENGXIN_FUND_,Huatai OTC Swaps — Hengxin Fund Management,Huatai OTC Swaps — Hengxin Fund Management,Cornerstone,Huatai,True,False,True,False,,,,IPO Cornerstone,2026-07-10,False,Prospectus Cornerstone Chapter / Col CJ
9903.HK,"Shanghai Iluvatar CoreX Semiconductor Co., Ltd. - H shares",INV_FOURTH_PARADIGM,Fourth Paradigm,Fourth Paradigm,Cornerstone,Fourth,False,False,True,False,,,,IPO Cornerstone,2026-07-10,False,Prospectus Cornerstone Chapter / Col CJ
9903.HK,"Shanghai Iluvatar CoreX Semiconductor Co., Ltd. - H shares",INV_ENGINE_INTERNATIONAL,Engine International,Engine International,Cornerstone,Engine,False,False,True,False,,,,IPO Cornerstone,2026-07-10,False,Prospectus Cornerstone Chapter / Col CJ
9903.HK,"Shanghai Iluvatar CoreX Semiconductor Co., Ltd. - H shares",INV_DUCKLING_FUND,Duckling Fund,Duckling Fund,Cornerstone,Duckling,True,False,True,False,,,,IPO Cornerstone,2026-07-10,False,Prospectus Cornerstone Chapter / Col CJ
9903.HK,"Shanghai Iluvatar CoreX Semiconductor Co., Ltd. - H shares",INV_DEEPROOT_ALPHA,DeepRoot Alpha,DeepRoot Alpha,Cornerstone,DeepRoot,False,False,True,False,,,,IPO Cornerstone,2026-07-10,False,Prospectus Cornerstone Chapter / Col CJ
9903.HK,"Shanghai Iluvatar CoreX Semiconductor Co., Ltd. - H shares",INV_CHINA_UNIVERSAL_HK,China Universal (HK),China Universal (HK),Cornerstone,China,False,False,True,False,,,,IPO Cornerstone,2026-07-10,False,Prospectus Cornerstone Chapter / Col CJ
9903.HK,"Shanghai Iluvatar CoreX Semiconductor Co., Ltd. - H shares",INV_CHINA_ORIENT_EIF,China Orient EIF,China Orient EIF,Cornerstone,China,False,False,True,False,,,,IPO Cornerstone,2026-07-10,False,Prospectus Cornerstone Chapter / Col CJ
9903.HK,"Shanghai Iluvatar CoreX Semiconductor Co., Ltd. - H shares",INV_CHINA_ORIENT_MSMF,China Orient MSMF,China Orient MSMF,Cornerstone,China,False,False,True,False,,,,IPO Cornerstone,2026-07-10,False,Prospectus Cornerstone Chapter / Col CJ
9903.HK,"Shanghai Iluvatar CoreX Semiconductor Co., Ltd. - H shares",INV_CHINA_AMC_HK,China AMC (HK),China AMC (HK),Cornerstone,China,False,False,True,False,,,,IPO Cornerstone,2026-07-10,False,Prospectus Cornerstone Chapter / Col CJ
9903.HK,"Shanghai Iluvatar CoreX Semiconductor Co., Ltd. - H shares",INV_CFIG,CFIG,CFIG,Cornerstone,CFIG,False,False,True,False,,,,IPO Cornerstone,2026-07-10,False,Prospectus Cornerstone Chapter / Col CJ
9903.HK,"Shanghai Iluvatar CoreX Semiconductor Co., Ltd. - H shares",INV_ALPHAHILL_CAPITAL,Alphahill Capital,Alphahill Capital,Cornerstone,Alphahill,True,False,True,False,,,,IPO Cornerstone,2026-07-10,False,Prospectus Cornerstone Chapter / Col CJ
9903.HK,"Shanghai Iluvatar CoreX Semiconductor Co., Ltd. - H shares",INV_PRINCEVILLE_GLOBAL,Princeville Global,Princeville Global,Pre-IPO VC,Princeville,True,True,False,False,,,,Pre-IPO Series,2026-07-10,True,Prospectus History Chapter / Pre-IPO Disclosure
9903.HK,"Shanghai Iluvatar CoreX Semiconductor Co., Ltd. - H shares",INV_HONGSHAN,HongShan,HongShan,Pre-IPO VC,HongShan,True,True,False,False,,,,Pre-IPO Series,2026-07-10,True,Prospectus History Chapter / Pre-IPO Disclosure
9903.HK,"Shanghai Iluvatar CoreX Semiconductor Co., Ltd. - H shares",INV_SHANGHAI_LIANHE_INVESTMENT,Shanghai Lianhe Investment,Shanghai Lianhe Investment,Pre-IPO VC,Shanghai,True,True,False,False,,,,Pre-IPO Series,2026-07-10,True,Prospectus History Chapter / Pre-IPO Disclosure
9903.HK,"Shanghai Iluvatar CoreX Semiconductor Co., Ltd. - H shares",INV_CATHAY_CAPITAL,Cathay Capital,Cathay Capital,Pre-IPO VC,Cathay,True,True,False,False,,,,Pre-IPO Series,2026-07-10,True,Prospectus History Chapter / Pre-IPO Disclosure
9903.HK,"Shanghai Iluvatar CoreX Semiconductor Co., Ltd. - H shares",INV_GREATER_BAY_AREA_FUND,Greater Bay Area Fund,Greater Bay Area Fund,Pre-IPO VC,Greater,True,True,False,False,,,,Pre-IPO Series,2026-07-10,True,Prospectus History Chapter / Pre-IPO Disclosure
2675.HK,"Shenzhen Edge Medical Co., Ltd.- B - H shares",INV_ABU_DHABI_INVESTMENT_AUTHORITY,Abu Dhabi Investment Authority,Abu Dhabi Investment Authority,Cornerstone,Abu,True,False,True,False,,,,IPO Cornerstone,2026-07-10,False,Prospectus Cornerstone Chapter / Col CJ
2675.HK,"Shenzhen Edge Medical Co., Ltd.- B - H shares",INV_UBS_ASSET_MANAGEMENT_SINGAPORE,UBS Asset Management (Singapore) Ltd.,UBS Asset Management (Singapore) Ltd.,Cornerstone,UBS,True,False,True,False,,,,IPO Cornerstone,2026-07-10,False,Prospectus Cornerstone Chapter / Col CJ
2675.HK,"Shenzhen Edge Medical Co., Ltd.- B - H shares",INV_ORBIMED_GENESIS_MASTER_FUND,OrbiMed Genesis Master Fund,OrbiMed Genesis Master Fund,Cornerstone,OrbiMed,True,False,True,False,,,,IPO Cornerstone,2026-07-10,False,Prospectus Cornerstone Chapter / Col CJ
2675.HK,"Shenzhen Edge Medical Co., Ltd.- B - H shares",INV_L_P,L.P.,L.P.,Cornerstone,L.P.,False,False,True,False,,,,IPO Cornerstone,2026-07-10,False,Prospectus Cornerstone Chapter / Col CJ
2675.HK,"Shenzhen Edge Medical Co., Ltd.- B - H shares",INV_HUANG_RIVER_INVESTMENT_LIMITED,Huang River Investment Limited,Huang River Investment Limited,Cornerstone,Huang,True,False,True,False,,,,IPO Cornerstone,2026-07-10,False,Prospectus Cornerstone Chapter / Col CJ
2675.HK,"Shenzhen Edge Medical Co., Ltd.- B - H shares",INV_CHINA_ASSET_MANAGEMENT_HONG_KO,China Asset Management (Hong Kong) Limited,China Asset Management (Hong Kong) Limited,Cornerstone,China,True,False,True,False,,,,IPO Cornerstone,2026-07-10,False,Prospectus Cornerstone Chapter / Col CJ
2675.HK,"Shenzhen Edge Medical Co., Ltd.- B - H shares",INV_LYFE_CAPITAL_FUND_IV_DRAGON,LYFE Capital Fund IV (Dragon),LYFE Capital Fund IV (Dragon),Cornerstone,LYFE,True,False,True,False,,,,IPO Cornerstone,2026-07-10,False,Prospectus Cornerstone Chapter / Col CJ
2675.HK,"Shenzhen Edge Medical Co., Ltd.- B - H shares",INV_L_P,L.P.,L.P.,Cornerstone,L.P.,False,False,True,False,,,,IPO Cornerstone,2026-07-10,False,Prospectus Cornerstone Chapter / Col CJ
2675.HK,"Shenzhen Edge Medical Co., Ltd.- B - H shares",INV_MEGA_PRIME_DEVELOPMENT_LIMITED,Mega Prime Development Limited,Mega Prime Development Limited,Cornerstone,Mega,False,False,True,False,,,,IPO Cornerstone,2026-07-10,False,Prospectus Cornerstone Chapter / Col CJ
2675.HK,"Shenzhen Edge Medical Co., Ltd.- B - H shares",INV_POLY_PLATINUM_ENTERPRISES_LIMI,Poly Platinum Enterprises Limited,Poly Platinum Enterprises Limited,Cornerstone,Poly,False,False,True,False,,,,IPO Cornerstone,2026-07-10,False,Prospectus Cornerstone Chapter / Col CJ
2675.HK,"Shenzhen Edge Medical Co., Ltd.- B - H shares",INV_CHINA_ALPHA_FUND_MANAGEMENT_HK,China Alpha Fund Management (HK) Ltd,China Alpha Fund Management (HK) Ltd,Cornerstone,China,True,False,True,False,,,,IPO Cornerstone,2026-07-10,False,Prospectus Cornerstone Chapter / Col CJ
2675.HK,"Shenzhen Edge Medical Co., Ltd.- B - H shares",INV_TEKFUL_LIMITED,Tekful Limited,Tekful Limited,Cornerstone,Tekful,False,False,True,False,,,,IPO Cornerstone,2026-07-10,False,Prospectus Cornerstone Chapter / Col CJ
2675.HK,"Shenzhen Edge Medical Co., Ltd.- B - H shares",INV_INTEGRATED_CORE_STRATEGIES_ASI,Integrated Core Strategies (Asia) Pte. Ltd.,Integrated Core Strategies (Asia) Pte. Ltd.,Cornerstone,Integrated,False,False,True,False,,,,IPO Cornerstone,2026-07-10,False,Prospectus Cornerstone Chapter / Col CJ
2675.HK,"Shenzhen Edge Medical Co., Ltd.- B - H shares",INV_SAGE_PARTNERS_MASTER_FUND,Sage Partners Master Fund,Sage Partners Master Fund,Cornerstone,Sage,True,False,True,False,,,,IPO Cornerstone,2026-07-10,False,Prospectus Cornerstone Chapter / Col CJ
2675.HK,"Shenzhen Edge Medical Co., Ltd.- B - H shares",INV_PANJING_HARBOURVIEW_INVESTMENT,Panjing Harbourview Investment Fund,Panjing Harbourview Investment Fund,Cornerstone,Panjing,True,False,True,False,,,,IPO Cornerstone,2026-07-10,False,Prospectus Cornerstone Chapter / Col CJ
2675.HK,"Shenzhen Edge Medical Co., Ltd.- B - H shares",INV_INFINI_GLOBAL_MASTER_FUND,Infini Global Master Fund,Infini Global Master Fund,Cornerstone,Infini,True,False,True,False,,,,IPO Cornerstone,2026-07-10,False,Prospectus Cornerstone Chapter / Col CJ
2675.HK,"Shenzhen Edge Medical Co., Ltd.- B - H shares",INV_LYFE_CAPITAL,LYFE Capital,LYFE Capital,Pre-IPO VC,LYFE,True,True,False,False,,,,Pre-IPO Series,2026-07-10,True,Prospectus History Chapter / Pre-IPO Disclosure
2675.HK,"Shenzhen Edge Medical Co., Ltd.- B - H shares",INV_LEGEND_STAR,Legend Star,Legend Star,Pre-IPO VC,Legend,False,True,False,False,,,,Pre-IPO Series,2026-07-10,True,Prospectus History Chapter / Pre-IPO Disclosure
2675.HK,"Shenzhen Edge Medical Co., Ltd.- B - H shares",INV_BOYU_CAPITAL,Boyu Capital,Boyu Capital,Pre-IPO VC,Boyu,True,True,False,False,,,,Pre-IPO Series,2026-07-10,True,Prospectus History Chapter / Pre-IPO Disclosure
2675.HK,"Shenzhen Edge Medical Co., Ltd.- B - H shares",INV_SEQUOIA_CHINA,Sequoia China,Sequoia China,Pre-IPO VC,Sequoia,False,True,False,False,,,,Pre-IPO Series,2026-07-10,True,Prospectus History Chapter / Pre-IPO Disclosure
2675.HK,"Shenzhen Edge Medical Co., Ltd.- B - H shares",INV_ORBIMED,OrbiMed,OrbiMed,Pre-IPO VC,OrbiMed,False,True,False,False,,,,Pre-IPO Series,2026-07-10,True,Prospectus History Chapter / Pre-IPO Disclosure
2675.HK,"Shenzhen Edge Medical Co., Ltd.- B - H shares",INV_TEMASEK,Temasek,Temasek,Pre-IPO VC,Temasek,False,True,False,False,,,,Pre-IPO Series,2026-07-10,True,Prospectus History Chapter / Pre-IPO Disclosure
0100.HK,MiniMax Group Inc. - W - P,INV_ADIA,ADIA,ADIA,Cornerstone,ADIA,False,False,True,False,,,,IPO Cornerstone,2026-07-11,False,Prospectus Cornerstone Chapter / Col CJ
0100.HK,MiniMax Group Inc. - W - P,INV_ALISOFT_CHINA,Alisoft China,Alisoft China,Cornerstone,Alisoft,False,False,True,False,,,,IPO Cornerstone,2026-07-11,False,Prospectus Cornerstone Chapter / Col CJ
0100.HK,MiniMax Group Inc. - W - P,INV_ASPEX_MASTER_FUND,Aspex Master Fund,Aspex Master Fund,Cornerstone,Aspex,True,False,True,False,,,,IPO Cornerstone,2026-07-11,False,Prospectus Cornerstone Chapter / Col CJ
0100.HK,MiniMax Group Inc. - W - P,INV_BOYU,Boyu,Boyu,Cornerstone,Boyu,False,True,True,True,,,,IPO Cornerstone,2026-07-11,False,Prospectus Cornerstone Chapter / Col CJ
0100.HK,MiniMax Group Inc. - W - P,INV_CHINA_UNIVERSAL_HK,China Universal (HK),China Universal (HK),Cornerstone,China,False,False,True,False,,,,IPO Cornerstone,2026-07-11,False,Prospectus Cornerstone Chapter / Col CJ
0100.HK,MiniMax Group Inc. - W - P,INV_EASTSPRING,Eastspring,Eastspring,Cornerstone,Eastspring,False,False,True,False,,,,IPO Cornerstone,2026-07-11,False,Prospectus Cornerstone Chapter / Col CJ
0100.HK,MiniMax Group Inc. - W - P,INV_E_FUND_MANAGEMENT,E Fund Management,E Fund Management,Cornerstone,E,True,False,True,False,,,,IPO Cornerstone,2026-07-11,False,Prospectus Cornerstone Chapter / Col CJ
0100.HK,MiniMax Group Inc. - W - P,INV_IDG_BREYER_FUND,IDG Breyer Fund,IDG Breyer Fund,Cornerstone,IDG,True,False,True,False,,,,IPO Cornerstone,2026-07-11,False,Prospectus Cornerstone Chapter / Col CJ
0100.HK,MiniMax Group Inc. - W - P,INV_JANCHOR_FUNDS,Janchor Funds,Janchor Funds,Cornerstone,Janchor,True,False,True,False,,,,IPO Cornerstone,2026-07-11,False,Prospectus Cornerstone Chapter / Col CJ
0100.HK,MiniMax Group Inc. - W - P,INV_MARTIS_FUND,Martis Fund,Martis Fund,Cornerstone,Martis,True,False,True,False,,,,IPO Cornerstone,2026-07-11,False,Prospectus Cornerstone Chapter / Col CJ
0100.HK,MiniMax Group Inc. - W - P,INV_L_P,L.P.,L.P.,Cornerstone,L.P.,False,False,True,False,,,,IPO Cornerstone,2026-07-11,False,Prospectus Cornerstone Chapter / Col CJ
0100.HK,MiniMax Group Inc. - W - P,INV_MIRAE_ASSET_SECURITIES,Mirae Asset Securities,Mirae Asset Securities,Cornerstone,Mirae,True,False,True,False,,,,IPO Cornerstone,2026-07-11,False,Prospectus Cornerstone Chapter / Col CJ
0100.HK,MiniMax Group Inc. - W - P,INV_MPC_VII,MPC VII,MPC VII,Cornerstone,MPC,False,False,True,False,,,,IPO Cornerstone,2026-07-11,False,Prospectus Cornerstone Chapter / Col CJ
0100.HK,MiniMax Group Inc. - W - P,INV_PERSEVERANCE_ASSET_MANAGEMENT,Perseverance Asset Management,Perseverance Asset Management,Cornerstone,Perseverance,True,False,True,False,,,,IPO Cornerstone,2026-07-11,False,Prospectus Cornerstone Chapter / Col CJ
0100.HK,MiniMax Group Inc. - W - P,INV_TAIKANG_LIFE,Taikang Life,Taikang Life,Cornerstone,Taikang,False,False,True,False,,,,IPO Cornerstone,2026-07-11,False,Prospectus Cornerstone Chapter / Col CJ
0100.HK,MiniMax Group Inc. - W - P,INV_ALISOFT_CHINA_ALIBABA,Alisoft China (Alibaba),Alisoft China (Alibaba),Pre-IPO VC,Alisoft,False,True,False,False,,,,Pre-IPO Series,2026-07-11,True,Prospectus History Chapter / Pre-IPO Disclosure
0100.HK,MiniMax Group Inc. - W - P,INV_MIHOYO,miHoYo,miHoYo,Pre-IPO VC,miHoYo,False,True,False,False,,,,Pre-IPO Series,2026-07-11,True,Prospectus History Chapter / Pre-IPO Disclosure
0100.HK,MiniMax Group Inc. - W - P,INV_IDG_CAPITAL,IDG Capital,IDG Capital,Pre-IPO VC,IDG,True,True,False,False,,,,Pre-IPO Series,2026-07-11,True,Prospectus History Chapter / Pre-IPO Disclosure
0100.HK,MiniMax Group Inc. - W - P,INV_TENCENT,Tencent,Tencent,Pre-IPO VC,Tencent,False,True,False,False,,,,Pre-IPO Series,2026-07-11,True,Prospectus History Chapter / Pre-IPO Disclosure
0100.HK,MiniMax Group Inc. - W - P,INV_FUTURE_CAPITAL,Future Capital,Future Capital,Pre-IPO VC,Future,True,True,False,False,,,,Pre-IPO Series,2026-07-11,True,Prospectus History Chapter / Pre-IPO Disclosure
6938.HK,"Suzhou Ribo Life Science Co., Ltd. - B - H shares",INV_ARC_AVENUE,Arc Avenue,Arc Avenue,Cornerstone,Arc,False,False,True,False,,,,IPO Cornerstone,2026-07-11,False,Prospectus Cornerstone Chapter / Col CJ
6938.HK,"Suzhou Ribo Life Science Co., Ltd. - B - H shares",INV_BRIGHT_STONE,Bright Stone,Bright Stone,Cornerstone,Bright,False,False,True,False,,,,IPO Cornerstone,2026-07-11,False,Prospectus Cornerstone Chapter / Col CJ
6938.HK,"Suzhou Ribo Life Science Co., Ltd. - B - H shares",INV_CHINA_AMC,China AMC,China AMC,Cornerstone,China,False,False,True,False,,,,IPO Cornerstone,2026-07-11,False,Prospectus Cornerstone Chapter / Col CJ
6938.HK,"Suzhou Ribo Life Science Co., Ltd. - B - H shares",INV_DA_CHENG_INTERNATIONAL_AND_DAC,Da Cheng International and Dacheng Fund,Da Cheng International and Dacheng Fund,Cornerstone,Da,True,False,True,False,,,,IPO Cornerstone,2026-07-11,False,Prospectus Cornerstone Chapter / Col CJ
6938.HK,"Suzhou Ribo Life Science Co., Ltd. - B - H shares",INV_ERIK_SELIN_FASTIGHETER_AB,Erik Selin Fastigheter AB,Erik Selin Fastigheter AB,Cornerstone,Erik,False,False,True,False,,,,IPO Cornerstone,2026-07-11,False,Prospectus Cornerstone Chapter / Col CJ
6938.HK,"Suzhou Ribo Life Science Co., Ltd. - B - H shares",INV_HIMENSION_FUND,Himension Fund,Himension Fund,Cornerstone,Himension,True,False,True,False,,,,IPO Cornerstone,2026-07-11,False,Prospectus Cornerstone Chapter / Col CJ
6938.HK,"Suzhou Ribo Life Science Co., Ltd. - B - H shares",INV_IVYROCK,IvyRock,IvyRock,Cornerstone,IvyRock,False,False,True,False,,,,IPO Cornerstone,2026-07-11,False,Prospectus Cornerstone Chapter / Col CJ
6938.HK,"Suzhou Ribo Life Science Co., Ltd. - B - H shares",INV_MINGXIN_GROWTH_VENTURES,Mingxin Growth Ventures,Mingxin Growth Ventures,Cornerstone,Mingxin,False,False,True,False,,,,IPO Cornerstone,2026-07-11,False,Prospectus Cornerstone Chapter / Col CJ
6938.HK,"Suzhou Ribo Life Science Co., Ltd. - B - H shares",INV_SPRINGS_CAPITAL_HONG_KONG,Springs Capital (Hong Kong),Springs Capital (Hong Kong),Cornerstone,Springs,True,False,True,False,,,,IPO Cornerstone,2026-07-11,False,Prospectus Cornerstone Chapter / Col CJ
6938.HK,"Suzhou Ribo Life Science Co., Ltd. - B - H shares",INV_TAIKANG_LIFE,Taikang Life,Taikang Life,Cornerstone,Taikang,False,False,True,False,,,,IPO Cornerstone,2026-07-11,False,Prospectus Cornerstone Chapter / Col CJ
6938.HK,"Suzhou Ribo Life Science Co., Ltd. - B - H shares",INV_TENBAGGER_NENGXIN,Tenbagger Nengxin,Tenbagger Nengxin,Cornerstone,Tenbagger,False,False,True,False,,,,IPO Cornerstone,2026-07-11,False,Prospectus Cornerstone Chapter / Col CJ
6938.HK,"Suzhou Ribo Life Science Co., Ltd. - B - H shares",INV_TENBAGGER_ZIRAN_AND_HUATAI_CAP,Tenbagger Ziran and Huatai Capital Investment Limited,Tenbagger Ziran and Huatai Capital Investment Limited,Cornerstone,Tenbagger,True,False,True,False,,,,IPO Cornerstone,2026-07-11,False,Prospectus Cornerstone Chapter / Col CJ
6938.HK,"Suzhou Ribo Life Science Co., Ltd. - B - H shares",INV_PANLIN_CAPITAL,Panlin Capital,Panlin Capital,Pre-IPO VC,Panlin,True,True,False,False,,,,Pre-IPO Series,2026-07-11,True,Prospectus History Chapter / Pre-IPO Disclosure
6938.HK,"Suzhou Ribo Life Science Co., Ltd. - B - H shares",INV_LEGEND_CAPITAL,Legend Capital,Legend Capital,Pre-IPO VC,Legend,True,True,False,False,,,,Pre-IPO Series,2026-07-11,True,Prospectus History Chapter / Pre-IPO Disclosure
6938.HK,"Suzhou Ribo Life Science Co., Ltd. - B - H shares",INV_CITIC_SECURITIES_INVESTMENT,CITIC Securities Investment,CITIC Securities Investment,Pre-IPO VC,CITIC,True,True,False,False,,,,Pre-IPO Series,2026-07-11,True,Prospectus History Chapter / Pre-IPO Disclosure
6938.HK,"Suzhou Ribo Life Science Co., Ltd. - B - H shares",INV_CS_CAPITAL,CS Capital,CS Capital,Pre-IPO VC,CS,True,True,False,False,,,,Pre-IPO Series,2026-07-11,True,Prospectus History Chapter / Pre-IPO Disclosure
6938.HK,"Suzhou Ribo Life Science Co., Ltd. - B - H shares",INV_GUOSHUN_FUND,Guoshun Fund,Guoshun Fund,Pre-IPO VC,Guoshun,True,True,False,False,,,,Pre-IPO Series,2026-07-11,True,Prospectus History Chapter / Pre-IPO Disclosure
3636.HK,"Yunnan Jinxun Resources Co., Ltd. - H shares",INV_GLENCORE_AG,Glencore AG,Glencore AG,Cornerstone,Glencore,False,False,True,False,,,,IPO Cornerstone,2026-07-11,False,Prospectus Cornerstone Chapter / Col CJ
3636.HK,"Yunnan Jinxun Resources Co., Ltd. - H shares",INV_STONEYLAKE_GLOBAL,Stoneylake Global,Stoneylake Global,Cornerstone,Stoneylake,False,False,True,False,,,,IPO Cornerstone,2026-07-11,False,Prospectus Cornerstone Chapter / Col CJ
3636.HK,"Yunnan Jinxun Resources Co., Ltd. - H shares",INV_NORTH_ROCK,North Rock,North Rock,Cornerstone,North,False,False,True,False,,,,IPO Cornerstone,2026-07-11,False,Prospectus Cornerstone Chapter / Col CJ
3636.HK,"Yunnan Jinxun Resources Co., Ltd. - H shares",INV_CHINAAMC_HK,ChinaAMC (HK),ChinaAMC (HK),Cornerstone,ChinaAMC,False,False,True,False,,,,IPO Cornerstone,2026-07-11,False,Prospectus Cornerstone Chapter / Col CJ
3636.HK,"Yunnan Jinxun Resources Co., Ltd. - H shares",INV_NEW_ASIA_FERRELL,New Asia Ferrell,New Asia Ferrell,Cornerstone,New,False,False,True,False,,,,IPO Cornerstone,2026-07-11,False,Prospectus Cornerstone Chapter / Col CJ
3636.HK,"Yunnan Jinxun Resources Co., Ltd. - H shares",INV_BRIDGE_ZONE_GROUP,Bridge Zone Group,Bridge Zone Group,Cornerstone,Bridge,False,False,True,False,,,,IPO Cornerstone,2026-07-11,False,Prospectus Cornerstone Chapter / Col CJ
3636.HK,"Yunnan Jinxun Resources Co., Ltd. - H shares",INV_ZHENGXIN_GROUP,Zhengxin Group,Zhengxin Group,Cornerstone,Zhengxin,False,False,True,False,,,,IPO Cornerstone,2026-07-11,False,Prospectus Cornerstone Chapter / Col CJ
3636.HK,"Yunnan Jinxun Resources Co., Ltd. - H shares",INV_SUNWODA_TREASURY,Sunwoda Treasury,Sunwoda Treasury,Cornerstone,Sunwoda,False,False,True,False,,,,IPO Cornerstone,2026-07-11,False,Prospectus Cornerstone Chapter / Col CJ
3636.HK,"Yunnan Jinxun Resources Co., Ltd. - H shares",INV_CHUANGHE_XINCAI_CITIC_GOLDSTON,Chuanghe Xincai (CITIC Goldstone),Chuanghe Xincai (CITIC Goldstone),Pre-IPO PE,Chuanghe,True,True,False,False,,,,Pre-IPO Series,2026-07-11,False,Prospectus History Chapter / Pre-IPO Disclosure
0501.HK,"OmniVision Integrated Circuits Group, Inc. - H shares",INV_WILDLIFE_WILLOW_LIMITED,Wildlife Willow Limited,Wildlife Willow Limited,Cornerstone,Wildlife,False,False,True,False,,,,IPO Cornerstone,2026-07-14,False,Prospectus Cornerstone Chapter / Col CJ
0501.HK,"OmniVision Integrated Circuits Group, Inc. - H shares",INV_UBS_AM_SINGAPORE,UBS AM Singapore,UBS AM Singapore,Cornerstone,UBS,False,False,True,False,,,,IPO Cornerstone,2026-07-14,False,Prospectus Cornerstone Chapter / Col CJ
0501.HK,"OmniVision Integrated Circuits Group, Inc. - H shares",INV_FOL,FOL,FOL,Cornerstone,FOL,False,False,True,False,,,,IPO Cornerstone,2026-07-14,False,Prospectus Cornerstone Chapter / Col CJ
0501.HK,"OmniVision Integrated Circuits Group, Inc. - H shares",INV_HUAQIN_TELECOM_HONG_KONG_LIMIT,Huaqin Telecom Hong Kong Limited,Huaqin Telecom Hong Kong Limited,Cornerstone,Huaqin,False,False,True,False,,,,IPO Cornerstone,2026-07-14,False,Prospectus Cornerstone Chapter / Col CJ
0501.HK,"OmniVision Integrated Circuits Group, Inc. - H shares",INV_SKY_ROYAL_TRADING_LIMITED,SKY ROYAL TRADING LIMITED,SKY ROYAL TRADING LIMITED,Cornerstone,SKY,False,False,True,False,,,,IPO Cornerstone,2026-07-14,False,Prospectus Cornerstone Chapter / Col CJ
0501.HK,"OmniVision Integrated Circuits Group, Inc. - H shares",INV_PUDONG_SCIENCE_AND_TECHNOLOGY_,Pudong Science and Technology (Cayman) Co.,Pudong Science and Technology (Cayman) Co.,Cornerstone,Pudong,False,False,True,False,,,,IPO Cornerstone,2026-07-14,False,Prospectus Cornerstone Chapter / Col CJ
0501.HK,"OmniVision Integrated Circuits Group, Inc. - H shares",INV_LTD,Ltd.,Ltd.,Cornerstone,Ltd.,False,False,True,False,,,,IPO Cornerstone,2026-07-14,False,Prospectus Cornerstone Chapter / Col CJ
0501.HK,"OmniVision Integrated Circuits Group, Inc. - H shares",INV_JSC_INTERNATIONAL_INVESTMENT_F,JSC International Investment Fund SPC,JSC International Investment Fund SPC,Cornerstone,JSC,True,False,True,False,,,,IPO Cornerstone,2026-07-14,False,Prospectus Cornerstone Chapter / Col CJ
0501.HK,"OmniVision Integrated Circuits Group, Inc. - H shares",INV_GHISALLO_FUND_MASTER_LTD,Ghisallo Fund Master Ltd,Ghisallo Fund Master Ltd,Cornerstone,Ghisallo,True,False,True,False,,,,IPO Cornerstone,2026-07-14,False,Prospectus Cornerstone Chapter / Col CJ
0501.HK,"OmniVision Integrated Circuits Group, Inc. - H shares",INV_DAJIA_LIFE,Dajia Life,Dajia Life,Cornerstone,Dajia,False,False,True,False,,,,IPO Cornerstone,2026-07-14,False,Prospectus Cornerstone Chapter / Col CJ
0501.HK,"OmniVision Integrated Circuits Group, Inc. - H shares",INV_PSBC_WEALTH_MANAGEMENT_CO,PSBC Wealth Management Co.,PSBC Wealth Management Co.,Cornerstone,PSBC,False,False,True,False,,,,IPO Cornerstone,2026-07-14,False,Prospectus Cornerstone Chapter / Col CJ
0501.HK,"OmniVision Integrated Circuits Group, Inc. - H shares",INV_LTD,Ltd.,Ltd.,Cornerstone,Ltd.,False,False,True,False,,,,IPO Cornerstone,2026-07-14,False,Prospectus Cornerstone Chapter / Col CJ
3986.HK,GigaDevice Semiconductor Inc. - H shares,INV_YUANFENG_ASSET_MANAGEMENT_AND_,Yuanfeng Asset Management and HTCI (in connection with the Yuanfeng Asset Management OTC Swaps),Yuanfeng Asset Management and HTCI (in connection with the Yuanfeng Asset Management OTC Swaps),Cornerstone,Yuanfeng,True,False,True,False,,,,IPO Cornerstone,2026-07-15,False,Prospectus Cornerstone Chapter / Col CJ
3986.HK,GigaDevice Semiconductor Inc. - H shares,INV_CPE,CPE,CPE,Cornerstone,CPE,False,False,True,False,,,,IPO Cornerstone,2026-07-15,False,Prospectus Cornerstone Chapter / Col CJ
3986.HK,GigaDevice Semiconductor Inc. - H shares,INV_SHANGHAI_GREENWOODS_AND_HTCI_I,Shanghai Greenwoods and HTCI (in connection with the Greenwoods OTC Swaps),Shanghai Greenwoods and HTCI (in connection with the Greenwoods OTC Swaps),Cornerstone,Shanghai,False,False,True,False,,,,IPO Cornerstone,2026-07-15,False,Prospectus Cornerstone Chapter / Col CJ
3986.HK,GigaDevice Semiconductor Inc. - H shares,INV_YUNFENG_CAPITAL_NEW_ALTERNATIV,Yunfeng Capital New Alternative Limited,Yunfeng Capital New Alternative Limited,Cornerstone,Yunfeng,True,False,True,False,,,,IPO Cornerstone,2026-07-15,False,Prospectus Cornerstone Chapter / Col CJ
3986.HK,GigaDevice Semiconductor Inc. - H shares,INV_NEW_GOLDEN_FUTURE_LIMITED,New Golden Future Limited,New Golden Future Limited,Cornerstone,New,False,False,True,False,,,,IPO Cornerstone,2026-07-15,False,Prospectus Cornerstone Chapter / Col CJ
3986.HK,GigaDevice Semiconductor Inc. - H shares,INV_DAMSIMF,DAMSIMF,DAMSIMF,Cornerstone,DAMSIMF,False,False,True,False,,,,IPO Cornerstone,2026-07-15,False,Prospectus Cornerstone Chapter / Col CJ
3986.HK,GigaDevice Semiconductor Inc. - H shares,INV_CLOUDALPHA_CAPITAL,CloudAlpha Capital,CloudAlpha Capital,Cornerstone,CloudAlpha,True,False,True,False,,,,IPO Cornerstone,2026-07-15,False,Prospectus Cornerstone Chapter / Col CJ
3986.HK,GigaDevice Semiconductor Inc. - H shares,INV_3W_FUND,3W Fund,3W Fund,Cornerstone,3W,True,False,True,False,,,,IPO Cornerstone,2026-07-15,False,Prospectus Cornerstone Chapter / Col CJ
3986.HK,GigaDevice Semiconductor Inc. - H shares,INV_HUAQIN_TELECOM_HONG_KONG_LIMIT,HUAQIN TELECOM HONG KONG LIMITED,HUAQIN TELECOM HONG KONG LIMITED,Cornerstone,HUAQIN,False,False,True,False,,,,IPO Cornerstone,2026-07-15,False,Prospectus Cornerstone Chapter / Col CJ
3986.HK,GigaDevice Semiconductor Inc. - H shares,INV_METAZONE,Metazone,Metazone,Cornerstone,Metazone,False,False,True,False,,,,IPO Cornerstone,2026-07-15,False,Prospectus Cornerstone Chapter / Col CJ
3986.HK,GigaDevice Semiconductor Inc. - H shares,INV_SKY_ROYAL_TRADING_LIMITED,Sky Royal Trading Limited,Sky Royal Trading Limited,Cornerstone,Sky,False,False,True,False,,,,IPO Cornerstone,2026-07-15,False,Prospectus Cornerstone Chapter / Col CJ
3986.HK,GigaDevice Semiconductor Inc. - H shares,INV_GREEN_BETTER,Green Better,Green Better,Cornerstone,Green,False,False,True,False,,,,IPO Cornerstone,2026-07-15,False,Prospectus Cornerstone Chapter / Col CJ
3986.HK,GigaDevice Semiconductor Inc. - H shares,INV_NEW_CHINA_ASSET_MANAGEMENT,New China Asset Management,New China Asset Management,Cornerstone,New,True,False,True,False,,,,IPO Cornerstone,2026-07-15,False,Prospectus Cornerstone Chapter / Col CJ
3986.HK,GigaDevice Semiconductor Inc. - H shares,INV_TAIKANG_LIFE,Taikang Life,Taikang Life,Cornerstone,Taikang,False,False,True,False,,,,IPO Cornerstone,2026-07-15,False,Prospectus Cornerstone Chapter / Col CJ
3986.HK,GigaDevice Semiconductor Inc. - H shares,INV_SUMMIT_RIDGE,Summit Ridge,Summit Ridge,Cornerstone,Summit,False,False,True,False,,,,IPO Cornerstone,2026-07-15,False,Prospectus Cornerstone Chapter / Col CJ
3986.HK,GigaDevice Semiconductor Inc. - H shares,INV_ICBC_WEALTH,ICBC Wealth,ICBC Wealth,Cornerstone,ICBC,False,False,True,False,,,,IPO Cornerstone,2026-07-15,False,Prospectus Cornerstone Chapter / Col CJ
3986.HK,GigaDevice Semiconductor Inc. - H shares,INV_GBAD_FUND_MANAGEMENT,GBAD Fund Management,GBAD Fund Management,Cornerstone,GBAD,True,False,True,False,,,,IPO Cornerstone,2026-07-15,False,Prospectus Cornerstone Chapter / Col CJ
3986.HK,GigaDevice Semiconductor Inc. - H shares,INV_WIND_SABRE,Wind Sabre,Wind Sabre,Cornerstone,Wind,False,False,True,False,,,,IPO Cornerstone,2026-07-15,False,Prospectus Cornerstone Chapter / Col CJ
3986.HK,GigaDevice Semiconductor Inc. - H shares,INV_TUS_ZHONGHAI_VENTURE_CAPITAL,Tus Zhonghai Venture Capital,Tus Zhonghai Venture Capital,Pre-IPO VC,Tus,True,True,False,False,,,,Pre-IPO Series,2026-07-15,False,Prospectus History Chapter / Pre-IPO Disclosure
3986.HK,GigaDevice Semiconductor Inc. - H shares,INV_INSIGHT_POWER,Insight Power,Insight Power,Pre-IPO VC,Insight,False,True,False,False,,,,Pre-IPO Series,2026-07-15,False,Prospectus History Chapter / Pre-IPO Disclosure
3986.HK,GigaDevice Semiconductor Inc. - H shares,INV_INFOGRID,InfoGrid,InfoGrid,Pre-IPO VC,InfoGrid,False,True,False,False,,,,Pre-IPO Series,2026-07-15,False,Prospectus History Chapter / Pre-IPO Disclosure
1641.HK,"Hongxing Coldchain (Hunan) Co., Ltd.- H shares",INV_FUHUIDA_HK_LIMITED,FUHUIDA (HK) LIMITED,FUHUIDA (HK) LIMITED,Cornerstone,FUHUIDA,False,False,True,False,,,,IPO Cornerstone,2026-07-15,False,Prospectus Cornerstone Chapter / Col CJ
9611.HK,"Shanghai Longcheer Technology Co., Ltd.- H shares",INV_QUALCOMM,Qualcomm,Qualcomm,Cornerstone,Qualcomm,False,False,True,False,,,,IPO Cornerstone,2026-07-24,False,Prospectus Cornerstone Chapter / Col CJ
9611.HK,"Shanghai Longcheer Technology Co., Ltd.- H shares",INV_JIANGXI_GUOKONG,Jiangxi Guokong,Jiangxi Guokong,Cornerstone,Jiangxi,False,False,True,False,,,,IPO Cornerstone,2026-07-24,False,Prospectus Cornerstone Chapter / Col CJ
9611.HK,"Shanghai Longcheer Technology Co., Ltd.- H shares",INV_OMNIVISION_HK,OmniVision HK,OmniVision HK,Cornerstone,OmniVision,False,False,True,False,,,,IPO Cornerstone,2026-07-24,False,Prospectus Cornerstone Chapter / Col CJ
9611.HK,"Shanghai Longcheer Technology Co., Ltd.- H shares",INV_HONG_KONG_YUTO,Hong Kong Yuto,Hong Kong Yuto,Cornerstone,Hong,False,False,True,False,,,,IPO Cornerstone,2026-07-24,False,Prospectus Cornerstone Chapter / Col CJ
9611.HK,"Shanghai Longcheer Technology Co., Ltd.- H shares",INV_QINGDAO_GUANLAN_AND_GUOTAI_JUN,Qingdao Guanlan and Guotai Junan Investments (Hong Kong) Limited (in connection with Guanlan OTC Swaps),Qingdao Guanlan and Guotai Junan Investments (Hong Kong) Limited (in connection with Guanlan OTC Swaps),Cornerstone,Qingdao,True,False,True,False,,,,IPO Cornerstone,2026-07-24,False,Prospectus Cornerstone Chapter / Col CJ
9611.HK,"Shanghai Longcheer Technology Co., Ltd.- H shares",INV_ENDLESS_GROWTH,Endless Growth,Endless Growth,Cornerstone,Endless,False,False,True,False,,,,IPO Cornerstone,2026-07-24,False,Prospectus Cornerstone Chapter / Col CJ
9611.HK,"Shanghai Longcheer Technology Co., Ltd.- H shares",INV_SUZHOU_INDUSTRIAL_PARK_SHUNWEI,Suzhou Industrial Park Shunwei Technology Venture Investment (Shunwei Capital),Suzhou Industrial Park Shunwei Technology Venture Investment (Shunwei Capital),Pre-IPO VC,Suzhou,True,True,False,False,,,,Pre-IPO Series,2026-07-24,False,Prospectus History Chapter / Pre-IPO Disclosure
1768.HK,"BUSY MING GROUP CO., LTD.- H shares",INV_TENCENT,Tencent,Tencent,Cornerstone,Tencent,False,False,True,False,,,,IPO Cornerstone,2026-07-30,False,Prospectus Cornerstone Chapter / Col CJ
1768.HK,"BUSY MING GROUP CO., LTD.- H shares",INV_TEMASEK,Temasek,Temasek,Cornerstone,Temasek,False,False,True,False,,,,IPO Cornerstone,2026-07-30,False,Prospectus Cornerstone Chapter / Col CJ
1768.HK,"BUSY MING GROUP CO., LTD.- H shares",INV_BLACKROCK,BlackRock,BlackRock,Cornerstone,BlackRock,False,False,True,False,,,,IPO Cornerstone,2026-07-30,False,Prospectus Cornerstone Chapter / Col CJ
1768.HK,"BUSY MING GROUP CO., LTD.- H shares",INV_FIL_INVESTMENT,FIL Investment,FIL Investment,Cornerstone,FIL,True,False,True,False,,,,IPO Cornerstone,2026-07-30,False,Prospectus Cornerstone Chapter / Col CJ
1768.HK,"BUSY MING GROUP CO., LTD.- H shares",INV_BOSERA_INTERNATIONAL,Bosera International,Bosera International,Cornerstone,Bosera,False,False,True,False,,,,IPO Cornerstone,2026-07-30,False,Prospectus Cornerstone Chapter / Col CJ
1768.HK,"BUSY MING GROUP CO., LTD.- H shares",INV_E_FUND,E Fund,E Fund,Cornerstone,E,True,False,True,False,,,,IPO Cornerstone,2026-07-30,False,Prospectus Cornerstone Chapter / Col CJ
1768.HK,"BUSY MING GROUP CO., LTD.- H shares",INV_SPRINGS_CAPITAL_HONG_KONG,Springs Capital (Hong Kong),Springs Capital (Hong Kong),Cornerstone,Springs,True,False,True,False,,,,IPO Cornerstone,2026-07-30,False,Prospectus Cornerstone Chapter / Col CJ
1768.HK,"BUSY MING GROUP CO., LTD.- H shares",INV_TAIKANG_LIFE,Taikang Life,Taikang Life,Cornerstone,Taikang,False,False,True,False,,,,IPO Cornerstone,2026-07-30,False,Prospectus Cornerstone Chapter / Col CJ
1768.HK,"BUSY MING GROUP CO., LTD.- H shares",INV_HONGSHAN,HongShan,HongShan,Pre-IPO VC,HongShan,False,True,False,False,,,,Pre-IPO Series,2026-07-30,True,Prospectus History Chapter / Pre-IPO Disclosure
1768.HK,"BUSY MING GROUP CO., LTD.- H shares",INV_GAOCHENG_CAPITAL,Gaocheng Capital,Gaocheng Capital,Pre-IPO VC,Gaocheng,True,True,False,False,,,,Pre-IPO Series,2026-07-30,True,Prospectus History Chapter / Pre-IPO Disclosure
1768.HK,"BUSY MING GROUP CO., LTD.- H shares",INV_BLACK_ANT_CAPITAL,Black Ant Capital,Black Ant Capital,Pre-IPO VC,Black,True,True,False,False,,,,Pre-IPO Series,2026-07-30,True,Prospectus History Chapter / Pre-IPO Disclosure
9980.HK,"Eastroc Beverage (Group) Co., Ltd. - H shares",INV_AL_RAYYAN_HOLDING_LLC,Al-Rayyan Holding LLC,Al-Rayyan Holding LLC,Cornerstone,Al-Rayyan,False,False,True,False,,,,IPO Cornerstone,2026-08-05,False,Prospectus Cornerstone Chapter / Col CJ
9980.HK,"Eastroc Beverage (Group) Co., Ltd. - H shares",INV_TAIBAI_INVESTMENTS_PTE_LTD,Taibai Investments Pte. Ltd.,Taibai Investments Pte. Ltd.,Cornerstone,Taibai,True,False,True,False,,,,IPO Cornerstone,2026-08-05,False,Prospectus Cornerstone Chapter / Col CJ
9980.HK,"Eastroc Beverage (Group) Co., Ltd. - H shares",INV_TRUE_LIGHT_INVESTMENTS_H_PTE_L,True Light Investments H Pte. Ltd.,True Light Investments H Pte. Ltd.,Cornerstone,True,True,False,True,False,,,,IPO Cornerstone,2026-08-05,False,Prospectus Cornerstone Chapter / Col CJ
9980.HK,"Eastroc Beverage (Group) Co., Ltd. - H shares",INV_BLACKROCK_FUNDS,BlackRock Funds,BlackRock Funds,Cornerstone,BlackRock,True,False,True,False,,,,IPO Cornerstone,2026-08-05,False,Prospectus Cornerstone Chapter / Col CJ
9980.HK,"Eastroc Beverage (Group) Co., Ltd. - H shares",INV_UBS_ASSET_MANAGEMENT_SINGAPORE,UBS Asset Management (Singapore) Ltd.,UBS Asset Management (Singapore) Ltd.,Cornerstone,UBS,True,False,True,False,,,,IPO Cornerstone,2026-08-05,False,Prospectus Cornerstone Chapter / Col CJ
9980.HK,"Eastroc Beverage (Group) Co., Ltd. - H shares",INV_HUANG_RIVER_INVESTMENT_LIMITED,Huang River Investment Limited,Huang River Investment Limited,Cornerstone,Huang,True,False,True,False,,,,IPO Cornerstone,2026-08-05,False,Prospectus Cornerstone Chapter / Col CJ
9980.HK,"Eastroc Beverage (Group) Co., Ltd. - H shares",INV_HSG_GROWTH_VII_HOLDCO,HSG Growth VII Holdco,HSG Growth VII Holdco,Cornerstone,HSG,False,False,True,False,,,,IPO Cornerstone,2026-08-05,False,Prospectus Cornerstone Chapter / Col CJ
9980.HK,"Eastroc Beverage (Group) Co., Ltd. - H shares",INV_LTD,Ltd.,Ltd.,Cornerstone,Ltd.,False,False,True,False,,,,IPO Cornerstone,2026-08-05,False,Prospectus Cornerstone Chapter / Col CJ
9980.HK,"Eastroc Beverage (Group) Co., Ltd. - H shares",INV_JPMORGAN_ASSET_MANAGEMENT_ASIA,JPMorgan Asset Management (Asia Pacific) Limited,JPMorgan Asset Management (Asia Pacific) Limited,Cornerstone,JPMorgan,True,False,True,False,,,,IPO Cornerstone,2026-08-05,False,Prospectus Cornerstone Chapter / Col CJ
9980.HK,"Eastroc Beverage (Group) Co., Ltd. - H shares",INV_AZURE_SKYLINES_LIMITED,Azure Skylines Limited,Azure Skylines Limited,Cornerstone,Azure,False,False,True,False,,,,IPO Cornerstone,2026-08-05,False,Prospectus Cornerstone Chapter / Col CJ
9980.HK,"Eastroc Beverage (Group) Co., Ltd. - H shares",INV_TAIKANG_LIFE_INSURANCE_CO,Taikang Life Insurance Co.,Taikang Life Insurance Co.,Cornerstone,Taikang,False,False,True,False,,,,IPO Cornerstone,2026-08-05,False,Prospectus Cornerstone Chapter / Col CJ
9980.HK,"Eastroc Beverage (Group) Co., Ltd. - H shares",INV_LTD,Ltd,Ltd,Cornerstone,Ltd,False,False,True,False,,,,IPO Cornerstone,2026-08-05,False,Prospectus Cornerstone Chapter / Col CJ
9980.HK,"Eastroc Beverage (Group) Co., Ltd. - H shares",INV_PACIFIC_CENTURY_PINES_INVESTME,Pacific Century Pines Investments 1 Limited,Pacific Century Pines Investments 1 Limited,Cornerstone,Pacific,True,False,True,False,,,,IPO Cornerstone,2026-08-05,False,Prospectus Cornerstone Chapter / Col CJ
9980.HK,"Eastroc Beverage (Group) Co., Ltd. - H shares",INV_FMR_PARTICIPATING_FUNDS,FMR Participating Funds,FMR Participating Funds,Cornerstone,FMR,True,False,True,False,,,,IPO Cornerstone,2026-08-05,False,Prospectus Cornerstone Chapter / Col CJ
9980.HK,"Eastroc Beverage (Group) Co., Ltd. - H shares",INV_VELMAR_COMPANY_LIMITED,Velmar Company Limited,Velmar Company Limited,Cornerstone,Velmar,False,False,True,False,,,,IPO Cornerstone,2026-08-05,False,Prospectus Cornerstone Chapter / Col CJ
9980.HK,"Eastroc Beverage (Group) Co., Ltd. - H shares",INV_PINPOINT_ASSET_MANAGEMENT_LIMI,Pinpoint Asset Management Limited,Pinpoint Asset Management Limited,Cornerstone,Pinpoint,True,False,True,False,,,,IPO Cornerstone,2026-08-05,False,Prospectus Cornerstone Chapter / Col CJ
9980.HK,"Eastroc Beverage (Group) Co., Ltd. - H shares",INV_AMAZING_MOUNTAIN_LIMITED,Amazing Mountain Limited,Amazing Mountain Limited,Cornerstone,Amazing,False,False,True,False,,,,IPO Cornerstone,2026-08-05,False,Prospectus Cornerstone Chapter / Col CJ
9980.HK,"Eastroc Beverage (Group) Co., Ltd. - H shares",INV_GREAT_CHINA_MOTIVATION_FUND_PH,Great China Motivation Fund Phase II L.P.,Great China Motivation Fund Phase II L.P.,Cornerstone,Great,True,False,True,False,,,,IPO Cornerstone,2026-08-05,False,Prospectus Cornerstone Chapter / Col CJ
2768.HK,"Qingdao Gon Technology Co., Ltd. - H shares",INV_NICE_FIRST,Nice First,Nice First,Cornerstone,Nice,False,False,True,False,,,,IPO Cornerstone,2026-08-06,False,Prospectus Cornerstone Chapter / Col CJ
2768.HK,"Qingdao Gon Technology Co., Ltd. - H shares",INV_SLD_INTERNATIONAL,SLD International,SLD International,Cornerstone,SLD,False,False,True,False,,,,IPO Cornerstone,2026-08-06,False,Prospectus Cornerstone Chapter / Col CJ
2768.HK,"Qingdao Gon Technology Co., Ltd. - H shares",INV_CHENG_A_INTERNATIONAL,Cheng A International,Cheng A International,Cornerstone,Cheng,False,False,True,False,,,,IPO Cornerstone,2026-08-06,False,Prospectus Cornerstone Chapter / Col CJ
2768.HK,"Qingdao Gon Technology Co., Ltd. - H shares",INV_SHENWAN_HONGYUAN_SECURITIES,Shenwan Hongyuan Securities,Shenwan Hongyuan Securities,Cornerstone,Shenwan,False,False,True,False,,,,IPO Cornerstone,2026-08-06,False,Prospectus Cornerstone Chapter / Col CJ
2768.HK,"Qingdao Gon Technology Co., Ltd. - H shares",INV_FIRST_SEAFRONT_FUND_SERIES_SPC,First Seafront Fund Series SPC,First Seafront Fund Series SPC,Cornerstone,First,True,False,True,False,,,,IPO Cornerstone,2026-08-06,False,Prospectus Cornerstone Chapter / Col CJ
2768.HK,"Qingdao Gon Technology Co., Ltd. - H shares",INV_NEW_HARVEST,New Harvest,New Harvest,Cornerstone,New,False,False,True,False,,,,IPO Cornerstone,2026-08-06,False,Prospectus Cornerstone Chapter / Col CJ
2768.HK,"Qingdao Gon Technology Co., Ltd. - H shares",INV_LUMINOUS_HORIZON,Luminous Horizon,Luminous Horizon,Cornerstone,Luminous,False,False,True,False,,,,IPO Cornerstone,2026-08-06,False,Prospectus Cornerstone Chapter / Col CJ
2768.HK,"Qingdao Gon Technology Co., Ltd. - H shares",INV_FULLGOAL_HK,Fullgoal HK,Fullgoal HK,Cornerstone,Fullgoal,False,False,True,False,,,,IPO Cornerstone,2026-08-06,False,Prospectus Cornerstone Chapter / Col CJ
2677.HK,Distinct Healthcare Holdings Limited,INV_HEALTH_VISION,Health Vision,Health Vision,Cornerstone,Health,False,False,True,False,,,,IPO Cornerstone,2026-08-08,False,Prospectus Cornerstone Chapter / Col CJ
2677.HK,Distinct Healthcare Holdings Limited,INV_KINGMED_DIAGNOSTICS,Kingmed Diagnostics,Kingmed Diagnostics,Cornerstone,Kingmed,False,False,True,False,,,,IPO Cornerstone,2026-08-08,False,Prospectus Cornerstone Chapter / Col CJ
2677.HK,Distinct Healthcare Holdings Limited,INV_MININGLAMP_TECHNOLOGY,Mininglamp Technology,Mininglamp Technology,Cornerstone,Mininglamp,False,False,True,False,,,,IPO Cornerstone,2026-08-08,False,Prospectus Cornerstone Chapter / Col CJ
2677.HK,Distinct Healthcare Holdings Limited,INV_GALAXY_DYNASTY,Galaxy Dynasty,Galaxy Dynasty,Cornerstone,Galaxy,False,False,True,False,,,,IPO Cornerstone,2026-08-08,False,Prospectus Cornerstone Chapter / Col CJ
2677.HK,Distinct Healthcare Holdings Limited,INV_MATRIX_PARTNERS,Matrix Partners,Matrix Partners,Pre-IPO VC,Matrix,False,True,False,False,,,,Pre-IPO Series,2026-08-08,True,Prospectus History Chapter / Pre-IPO Disclosure
2677.HK,Distinct Healthcare Holdings Limited,INV_WATERWOOD_DHC,Waterwood DHC,Waterwood DHC,Pre-IPO VC,Waterwood,False,True,False,False,,,,Pre-IPO Series,2026-08-08,True,Prospectus History Chapter / Pre-IPO Disclosure
2677.HK,Distinct Healthcare Holdings Limited,INV_TIANTU_CAPITAL,Tiantu Capital,Tiantu Capital,Pre-IPO VC,Tiantu,True,True,False,False,,,,Pre-IPO Series,2026-08-08,True,Prospectus History Chapter / Pre-IPO Disclosure
2677.HK,Distinct Healthcare Holdings Limited,INV_TENCENT,Tencent,Tencent,Pre-IPO VC,Tencent,False,True,False,False,,,,Pre-IPO Series,2026-08-08,True,Prospectus History Chapter / Pre-IPO Disclosure
2714.HK,"Muyuan Foods Co., Ltd. - H shares",INV_CHAROEN_POKPHAND_FOODS,Charoen Pokphand Foods,Charoen Pokphand Foods,Cornerstone,Charoen,False,False,True,False,,,,IPO Cornerstone,2026-08-08,False,Prospectus Cornerstone Chapter / Col CJ
2714.HK,"Muyuan Foods Co., Ltd. - H shares",INV_WILMAR,Wilmar,Wilmar,Cornerstone,Wilmar,False,False,True,False,,,,IPO Cornerstone,2026-08-08,False,Prospectus Cornerstone Chapter / Col CJ
2714.HK,"Muyuan Foods Co., Ltd. - H shares",INV_SINOCHEM_HK,Sinochem HK,Sinochem HK,Cornerstone,Sinochem,False,False,True,False,,,,IPO Cornerstone,2026-08-08,False,Prospectus Cornerstone Chapter / Col CJ
2714.HK,"Muyuan Foods Co., Ltd. - H shares",INV_HONG_KONG_HENAN_AGRI_INTERNATI,Hong Kong Henan Agri International,Hong Kong Henan Agri International,Cornerstone,Hong,False,False,True,False,,,,IPO Cornerstone,2026-08-08,False,Prospectus Cornerstone Chapter / Col CJ
2714.HK,"Muyuan Foods Co., Ltd. - H shares",INV_FIL_INVESTMENT,FIL Investment,FIL Investment,Cornerstone,FIL,True,False,True,False,,,,IPO Cornerstone,2026-08-08,False,Prospectus Cornerstone Chapter / Col CJ
2714.HK,"Muyuan Foods Co., Ltd. - H shares",INV_RBC_GAM,RBC GAM,RBC GAM,Cornerstone,RBC,False,False,True,False,,,,IPO Cornerstone,2026-08-08,False,Prospectus Cornerstone Chapter / Col CJ
2714.HK,"Muyuan Foods Co., Ltd. - H shares",INV_PERSEVERANCE_ASSET_MANAGEMENT,Perseverance Asset Management,Perseverance Asset Management,Cornerstone,Perseverance,True,False,True,False,,,,IPO Cornerstone,2026-08-08,False,Prospectus Cornerstone Chapter / Col CJ
2714.HK,"Muyuan Foods Co., Ltd. - H shares",INV_SHANGHAI_GAOYI_AND_HTCI_IN_CON,Shanghai Gaoyi and HTCI (in connection with Gaoyi OTC Swaps),Shanghai Gaoyi and HTCI (in connection with Gaoyi OTC Swaps),Cornerstone,Shanghai,False,False,True,False,,,,IPO Cornerstone,2026-08-08,False,Prospectus Cornerstone Chapter / Col CJ
2714.HK,"Muyuan Foods Co., Ltd. - H shares",INV_PING_AN_LIFE_INSURANCE,Ping An Life Insurance,Ping An Life Insurance,Cornerstone,Ping,False,False,True,False,,,,IPO Cornerstone,2026-08-08,False,Prospectus Cornerstone Chapter / Col CJ
2714.HK,"Muyuan Foods Co., Ltd. - H shares",INV_DAJIA_LIFE,Dajia Life,Dajia Life,Cornerstone,Dajia,False,False,True,False,,,,IPO Cornerstone,2026-08-08,False,Prospectus Cornerstone Chapter / Col CJ
2714.HK,"Muyuan Foods Co., Ltd. - H shares",INV_UBS_AM_SINGAPORE,UBS AM Singapore,UBS AM Singapore,Cornerstone,UBS,False,False,True,False,,,,IPO Cornerstone,2026-08-08,False,Prospectus Cornerstone Chapter / Col CJ
2714.HK,"Muyuan Foods Co., Ltd. - H shares",INV_MIDEA_DEVELOPMENT_HOLDING_BVI,Midea Development Holding BVI,Midea Development Holding BVI,Cornerstone,Midea,False,False,True,False,,,,IPO Cornerstone,2026-08-08,False,Prospectus Cornerstone Chapter / Col CJ
2714.HK,"Muyuan Foods Co., Ltd. - H shares",INV_MILLENNIUM,Millennium,Millennium,Cornerstone,Millennium,False,False,True,False,,,,IPO Cornerstone,2026-08-08,False,Prospectus Cornerstone Chapter / Col CJ
2714.HK,"Muyuan Foods Co., Ltd. - H shares",INV_JANE_STREET,Jane Street,Jane Street,Cornerstone,Jane,False,False,True,False,,,,IPO Cornerstone,2026-08-08,False,Prospectus Cornerstone Chapter / Col CJ
2714.HK,"Muyuan Foods Co., Ltd. - H shares",INV_HENAN_HONGBAO_GROUP,Henan Hongbao Group,Henan Hongbao Group,Pre-IPO PE,Henan,False,True,False,False,,,,Pre-IPO Series,2026-08-08,False,Prospectus History Chapter / Pre-IPO Disclosure
2714.HK,"Muyuan Foods Co., Ltd. - H shares",INV_BEIXIN_RUIFENG_FUND,Beixin Ruifeng Fund,Beixin Ruifeng Fund,Pre-IPO PE,Beixin,True,True,False,False,,,,Pre-IPO Series,2026-08-08,False,Prospectus History Chapter / Pre-IPO Disclosure
3200.HK,"Shenzhen Han's CNC Technology Co., Ltd. - H shares",INV_HONGXING_INTERNATIONAL,Hongxing International,Hongxing International,Cornerstone,Hongxing,False,False,True,False,,,,IPO Cornerstone,2026-08-08,False,Prospectus Cornerstone Chapter / Col CJ
3200.HK,"Shenzhen Han's CNC Technology Co., Ltd. - H shares",INV_GIC_PRIVATE_LIMITED,GIC Private Limited,GIC Private Limited,Cornerstone,GIC,False,False,True,False,,,,IPO Cornerstone,2026-08-08,False,Prospectus Cornerstone Chapter / Col CJ
3200.HK,"Shenzhen Han's CNC Technology Co., Ltd. - H shares",INV_SCHRODERS,Schroders,Schroders,Cornerstone,Schroders,False,False,True,False,,,,IPO Cornerstone,2026-08-08,False,Prospectus Cornerstone Chapter / Col CJ
3200.HK,"Shenzhen Han's CNC Technology Co., Ltd. - H shares",INV_HHLRA,HHLRA,HHLRA,Cornerstone,HHLRA,False,False,True,False,,,,IPO Cornerstone,2026-08-08,False,Prospectus Cornerstone Chapter / Col CJ
3200.HK,"Shenzhen Han's CNC Technology Co., Ltd. - H shares",INV_MSIP,MSIP,MSIP,Cornerstone,MSIP,False,False,True,False,,,,IPO Cornerstone,2026-08-08,False,Prospectus Cornerstone Chapter / Col CJ
3200.HK,"Shenzhen Han's CNC Technology Co., Ltd. - H shares",INV_FULLGOAL_FULLGOAL_HK,Fullgoal (Fullgoal HK,Fullgoal (Fullgoal HK,Cornerstone,Fullgoal,False,False,True,False,,,,IPO Cornerstone,2026-08-08,False,Prospectus Cornerstone Chapter / Col CJ
3200.HK,"Shenzhen Han's CNC Technology Co., Ltd. - H shares",INV_FULLGOAL_FUND,Fullgoal Fund),Fullgoal Fund),Cornerstone,Fullgoal,True,False,True,False,,,,IPO Cornerstone,2026-08-08,False,Prospectus Cornerstone Chapter / Col CJ
3200.HK,"Shenzhen Han's CNC Technology Co., Ltd. - H shares",INV_TIBET_LONGRISING_AND_CICC_FINA,Tibet Longrising and CICC Financial Trading Limited (in connection with Tibet Longrising OTC Swaps),Tibet Longrising and CICC Financial Trading Limited (in connection with Tibet Longrising OTC Swaps),Cornerstone,Tibet,False,False,True,False,,,,IPO Cornerstone,2026-08-08,False,Prospectus Cornerstone Chapter / Col CJ
3200.HK,"Shenzhen Han's CNC Technology Co., Ltd. - H shares",INV_ICBC_WEALTH,ICBC Wealth,ICBC Wealth,Cornerstone,ICBC,False,False,True,False,,,,IPO Cornerstone,2026-08-08,False,Prospectus Cornerstone Chapter / Col CJ
3200.HK,"Shenzhen Han's CNC Technology Co., Ltd. - H shares",INV_WIND_SABRE,Wind Sabre,Wind Sabre,Cornerstone,Wind,False,False,True,False,,,,IPO Cornerstone,2026-08-08,False,Prospectus Cornerstone Chapter / Col CJ
3200.HK,"Shenzhen Han's CNC Technology Co., Ltd. - H shares",INV_OMNIVISION_HK,OmniVision HK,OmniVision HK,Cornerstone,OmniVision,False,False,True,False,,,,IPO Cornerstone,2026-08-08,False,Prospectus Cornerstone Chapter / Col CJ
6809.HK,"Montage Technology Co., Ltd. - H shares",INV_JPMIMI,JPMIMI,JPMIMI,Cornerstone,JPMIMI,False,False,True,False,,,,IPO Cornerstone,2026-08-11,False,Prospectus Cornerstone Chapter / Col CJ
6809.HK,"Montage Technology Co., Ltd. - H shares",INV_UBS_AM,UBS AM,UBS AM,Cornerstone,UBS,False,False,True,False,,,,IPO Cornerstone,2026-08-11,False,Prospectus Cornerstone Chapter / Col CJ
6809.HK,"Montage Technology Co., Ltd. - H shares",INV_NEW_ALTERNATIVE,New Alternative,New Alternative,Cornerstone,New,False,False,True,False,,,,IPO Cornerstone,2026-08-11,False,Prospectus Cornerstone Chapter / Col CJ
6809.HK,"Montage Technology Co., Ltd. - H shares",INV_NEW_GOLDEN_FUTURE,New Golden Future,New Golden Future,Cornerstone,New,False,False,True,False,,,,IPO Cornerstone,2026-08-11,False,Prospectus Cornerstone Chapter / Col CJ
6809.HK,"Montage Technology Co., Ltd. - H shares",INV_ALISOFT_CHINA,Alisoft China,Alisoft China,Cornerstone,Alisoft,False,False,True,False,,,,IPO Cornerstone,2026-08-11,False,Prospectus Cornerstone Chapter / Col CJ
6809.HK,"Montage Technology Co., Ltd. - H shares",INV_ASPEX,Aspex,Aspex,Cornerstone,Aspex,False,False,True,False,,,,IPO Cornerstone,2026-08-11,False,Prospectus Cornerstone Chapter / Col CJ
6809.HK,"Montage Technology Co., Ltd. - H shares",INV_JANCHOR_FUND,Janchor Fund,Janchor Fund,Cornerstone,Janchor,True,False,True,False,,,,IPO Cornerstone,2026-08-11,False,Prospectus Cornerstone Chapter / Col CJ
6809.HK,"Montage Technology Co., Ltd. - H shares",INV_ABRDN_ASIA,abrdn Asia,abrdn Asia,Cornerstone,abrdn,False,False,True,False,,,,IPO Cornerstone,2026-08-11,False,Prospectus Cornerstone Chapter / Col CJ
6809.HK,"Montage Technology Co., Ltd. - H shares",INV_BARINGS,Barings,Barings,Cornerstone,Barings,False,False,True,False,,,,IPO Cornerstone,2026-08-11,False,Prospectus Cornerstone Chapter / Col CJ
6809.HK,"Montage Technology Co., Ltd. - H shares",INV_MIRAE_ASSET,Mirae Asset,Mirae Asset,Cornerstone,Mirae,True,False,True,False,,,,IPO Cornerstone,2026-08-11,False,Prospectus Cornerstone Chapter / Col CJ
6809.HK,"Montage Technology Co., Ltd. - H shares",INV_AGIC,AGIC,AGIC,Cornerstone,AGIC,False,False,True,False,,,,IPO Cornerstone,2026-08-11,False,Prospectus Cornerstone Chapter / Col CJ
6809.HK,"Montage Technology Co., Ltd. - H shares",INV_HEL_VED,Hel Ved,Hel Ved,Cornerstone,Hel,False,False,True,False,,,,IPO Cornerstone,2026-08-11,False,Prospectus Cornerstone Chapter / Col CJ
6809.HK,"Montage Technology Co., Ltd. - H shares",INV_HUAQIN_TELECOM,Huaqin Telecom,Huaqin Telecom,Cornerstone,Huaqin,False,False,True,False,,,,IPO Cornerstone,2026-08-11,False,Prospectus Cornerstone Chapter / Col CJ
6809.HK,"Montage Technology Co., Ltd. - H shares",INV_HUADENG_TECHNOLOGY,Huadeng Technology,Huadeng Technology,Cornerstone,Huadeng,False,False,True,False,,,,IPO Cornerstone,2026-08-11,False,Prospectus Cornerstone Chapter / Col CJ
6809.HK,"Montage Technology Co., Ltd. - H shares",INV_PSBC_WEALTH,PSBC Wealth,PSBC Wealth,Cornerstone,PSBC,False,False,True,False,,,,IPO Cornerstone,2026-08-11,False,Prospectus Cornerstone Chapter / Col CJ
6809.HK,"Montage Technology Co., Ltd. - H shares",INV_TAIKANG_LIFE,Taikang Life,Taikang Life,Cornerstone,Taikang,False,False,True,False,,,,IPO Cornerstone,2026-08-11,False,Prospectus Cornerstone Chapter / Col CJ
6809.HK,"Montage Technology Co., Ltd. - H shares",INV_MY_ASIAN,MY Asian,MY Asian,Cornerstone,MY,False,False,True,False,,,,IPO Cornerstone,2026-08-11,False,Prospectus Cornerstone Chapter / Col CJ
6809.HK,"Montage Technology Co., Ltd. - H shares",INV_QUBE,Qube,Qube,Cornerstone,Qube,False,False,True,False,,,,IPO Cornerstone,2026-08-11,False,Prospectus Cornerstone Chapter / Col CJ
6809.HK,"Montage Technology Co., Ltd. - H shares",INV_INTEL_CAPITAL,Intel Capital,Intel Capital,Pre-IPO Strategic,Intel,True,True,False,False,,,,Pre-IPO Series,2026-08-11,False,Prospectus History Chapter / Pre-IPO Disclosure
0600.HK,"Axera Semiconductor Co., Ltd. - H shares",INV_WILL_SEMICONDUCTOR_LIMITED,WILL semiconductor Limited,WILL semiconductor Limited,Cornerstone,WILL,False,False,True,False,,,,IPO Cornerstone,2026-08-12,False,Prospectus Cornerstone Chapter / Col CJ
0600.HK,"Axera Semiconductor Co., Ltd. - H shares",INV_XIN_MA_APPAREL_INTERNATIONAL_L,Xin Ma Apparel International Limited,Xin Ma Apparel International Limited,Cornerstone,Xin,False,False,True,False,,,,IPO Cornerstone,2026-08-12,False,Prospectus Cornerstone Chapter / Col CJ
0600.HK,"Axera Semiconductor Co., Ltd. - H shares",INV_JSC_INTERNATIONAL_INVESTMENT_F,JSC International Investment Fund SPC,JSC International Investment Fund SPC,Cornerstone,JSC,True,False,True,False,,,,IPO Cornerstone,2026-08-12,False,Prospectus Cornerstone Chapter / Col CJ
0600.HK,"Axera Semiconductor Co., Ltd. - H shares",INV_NGS_SUPER_PTY_LIMITED,NGS Super Pty Limited,NGS Super Pty Limited,Cornerstone,NGS,False,False,True,False,,,,IPO Cornerstone,2026-08-12,False,Prospectus Cornerstone Chapter / Col CJ
0600.HK,"Axera Semiconductor Co., Ltd. - H shares",INV_DESAY_SV_AUTOMOTIVE_SINGAPORE_,Desay SV Automotive Singapore Pte. Ltd.,Desay SV Automotive Singapore Pte. Ltd.,Cornerstone,Desay,False,False,True,False,,,,IPO Cornerstone,2026-08-12,False,Prospectus Cornerstone Chapter / Col CJ
0600.HK,"Axera Semiconductor Co., Ltd. - H shares",INV_FACTORIAL_MASTER_FUND,Factorial Master Fund,Factorial Master Fund,Cornerstone,Factorial,True,False,True,False,,,,IPO Cornerstone,2026-08-12,False,Prospectus Cornerstone Chapter / Col CJ
0600.HK,"Axera Semiconductor Co., Ltd. - H shares",INV_HEL_VED_MASTER_FUND,Hel Ved Master Fund,Hel Ved Master Fund,Cornerstone,Hel,True,False,True,False,,,,IPO Cornerstone,2026-08-12,False,Prospectus Cornerstone Chapter / Col CJ
0600.HK,"Axera Semiconductor Co., Ltd. - H shares",INV_VALLIANCE_ASSET_MANAGEMENT_LIM,Valliance Asset Management Limited,Valliance Asset Management Limited,Cornerstone,Valliance,True,False,True,False,,,,IPO Cornerstone,2026-08-12,False,Prospectus Cornerstone Chapter / Col CJ
0600.HK,"Axera Semiconductor Co., Ltd. - H shares",INV_ALPHAHILL_CAPITAL_LIMITED,Alphahill Capital Limited,Alphahill Capital Limited,Cornerstone,Alphahill,True,False,True,False,,,,IPO Cornerstone,2026-08-12,False,Prospectus Cornerstone Chapter / Col CJ
0600.HK,"Axera Semiconductor Co., Ltd. - H shares",INV_JOYSON_ELECTRONICS_HOLDINGS_HO,Joyson Electronics Holdings Hong Kong Limited,Joyson Electronics Holdings Hong Kong Limited,Cornerstone,Joyson,False,False,True,False,,,,IPO Cornerstone,2026-08-12,False,Prospectus Cornerstone Chapter / Col CJ
0600.HK,"Axera Semiconductor Co., Ltd. - H shares",INV_JUPITER_GLOBAL_MASTER_FUND_LTD,Jupiter Global Master Fund Ltd.,Jupiter Global Master Fund Ltd.,Cornerstone,Jupiter,True,False,True,False,,,,IPO Cornerstone,2026-08-12,False,Prospectus Cornerstone Chapter / Col CJ
0600.HK,"Axera Semiconductor Co., Ltd. - H shares",INV_GRANITE_ASIA_IX_VCC,GRANITE ASIA IX VCC,GRANITE ASIA IX VCC,Cornerstone,GRANITE,False,False,True,False,,,,IPO Cornerstone,2026-08-12,False,Prospectus Cornerstone Chapter / Col CJ
0600.HK,"Axera Semiconductor Co., Ltd. - H shares",INV_LONGHORN_AND_CICC_FINANCIAL_TR,Longhorn and CICC Financial Trading Limited,Longhorn and CICC Financial Trading Limited,Cornerstone,Longhorn,False,False,True,False,,,,IPO Cornerstone,2026-08-12,False,Prospectus Cornerstone Chapter / Col CJ
0600.HK,"Axera Semiconductor Co., Ltd. - H shares",INV_NONAVERSE_HONG_KONG_LIMITED,NonaVerse (Hong Kong) Limited,NonaVerse (Hong Kong) Limited,Cornerstone,NonaVerse,False,False,True,False,,,,IPO Cornerstone,2026-08-12,False,Prospectus Cornerstone Chapter / Col CJ
0600.HK,"Axera Semiconductor Co., Ltd. - H shares",INV_QINGDAO_GUANLAN_AND_GUOTAI_JUN,Qingdao Guanlan and Guotai Junan Investments (Hong Kong) Limited,Qingdao Guanlan and Guotai Junan Investments (Hong Kong) Limited,Cornerstone,Qingdao,True,False,True,False,,,,IPO Cornerstone,2026-08-12,False,Prospectus Cornerstone Chapter / Col CJ
0600.HK,"Axera Semiconductor Co., Ltd. - H shares",INV_JINYI_CAPITAL_MULTI_STRATEGY_F,Jinyi Capital Multi-Strategy Fund SPC Ltd.,Jinyi Capital Multi-Strategy Fund SPC Ltd.,Cornerstone,Jinyi,True,False,True,False,,,,IPO Cornerstone,2026-08-12,False,Prospectus Cornerstone Chapter / Col CJ
0600.HK,"Axera Semiconductor Co., Ltd. - H shares",INV_QIMING_VENTURE_PARTNERS,Qiming Venture Partners,Qiming Venture Partners,Pre-IPO VC,Qiming,False,True,False,False,,,,Pre-IPO Series,2026-08-12,True,Prospectus History Chapter / Pre-IPO Disclosure
0600.HK,"Axera Semiconductor Co., Ltd. - H shares",INV_MEITUAN,Meituan,Meituan,Pre-IPO VC,Meituan,False,True,False,False,,,,Pre-IPO Series,2026-08-12,True,Prospectus History Chapter / Pre-IPO Disclosure
0600.HK,"Axera Semiconductor Co., Ltd. - H shares",INV_TENCENT,Tencent,Tencent,Pre-IPO VC,Tencent,False,True,False,False,,,,Pre-IPO Series,2026-08-12,True,Prospectus History Chapter / Pre-IPO Disclosure
0600.HK,"Axera Semiconductor Co., Ltd. - H shares",INV_GGV_CAPITAL,GGV Capital,GGV Capital,Pre-IPO VC,GGV,True,True,False,False,,,,Pre-IPO Series,2026-08-12,True,Prospectus History Chapter / Pre-IPO Disclosure
0600.HK,"Axera Semiconductor Co., Ltd. - H shares",INV_WALDEN_INTERNATIONAL,Walden International,Walden International,Pre-IPO VC,Walden,False,True,False,False,,,,Pre-IPO Series,2026-08-12,True,Prospectus History Chapter / Pre-IPO Disclosure
0600.HK,"Axera Semiconductor Co., Ltd. - H shares",INV_BOYUAN_CAPITAL,Boyuan Capital,Boyuan Capital,Pre-IPO VC,Boyuan,True,True,False,False,,,,Pre-IPO Series,2026-08-12,True,Prospectus History Chapter / Pre-IPO Disclosure
2720.HK,Ridge Outdoor International Limited,INV_ORBIT_VENTURE_CAPITAL_MANAGEME,Orbit Venture Capital Management Co.,Orbit Venture Capital Management Co.,Cornerstone,Orbit,True,False,True,False,,,,IPO Cornerstone,2026-08-12,False,Prospectus Cornerstone Chapter / Col CJ
2720.HK,Ridge Outdoor International Limited,INV_LIMITED,Limited,Limited,Cornerstone,Limited,False,False,True,False,,,,IPO Cornerstone,2026-08-12,False,Prospectus Cornerstone Chapter / Col CJ
2720.HK,Ridge Outdoor International Limited,INV_HUANGSHAN_DEJUN_ENTERPRISE_MAN,Huangshan Dejun Enterprise Management Co.,Huangshan Dejun Enterprise Management Co.,Cornerstone,Huangshan,False,False,True,False,,,,IPO Cornerstone,2026-08-12,False,Prospectus Cornerstone Chapter / Col CJ
2720.HK,Ridge Outdoor International Limited,INV_LTD,Ltd.,Ltd.,Cornerstone,Ltd.,False,False,True,False,,,,IPO Cornerstone,2026-08-12,False,Prospectus Cornerstone Chapter / Col CJ
0470.HK,"WUXI LEAD INTELLIGENT EQUIPMENT CO., LTD. - H shares",INV_OAKTREE,Oaktree,Oaktree,Cornerstone,Oaktree,False,False,True,False,,,,IPO Cornerstone,2026-08-13,False,Prospectus Cornerstone Chapter / Col CJ
0470.HK,"WUXI LEAD INTELLIGENT EQUIPMENT CO., LTD. - H shares",INV_PINPOINT,Pinpoint,Pinpoint,Cornerstone,Pinpoint,False,False,True,False,,,,IPO Cornerstone,2026-08-13,False,Prospectus Cornerstone Chapter / Col CJ
0470.HK,"WUXI LEAD INTELLIGENT EQUIPMENT CO., LTD. - H shares",INV_AMF,AMF,AMF,Cornerstone,AMF,False,False,True,False,,,,IPO Cornerstone,2026-08-13,False,Prospectus Cornerstone Chapter / Col CJ
0470.HK,"WUXI LEAD INTELLIGENT EQUIPMENT CO., LTD. - H shares",INV_MY_ASIAN,MY Asian,MY Asian,Cornerstone,MY,False,False,True,False,,,,IPO Cornerstone,2026-08-13,False,Prospectus Cornerstone Chapter / Col CJ
0470.HK,"WUXI LEAD INTELLIGENT EQUIPMENT CO., LTD. - H shares",INV_MSIP,MSIP,MSIP,Cornerstone,MSIP,False,False,True,False,,,,IPO Cornerstone,2026-08-13,False,Prospectus Cornerstone Chapter / Col CJ
0470.HK,"WUXI LEAD INTELLIGENT EQUIPMENT CO., LTD. - H shares",INV_OVATA_CAPITAL,Ovata Capital,Ovata Capital,Cornerstone,Ovata,True,False,True,False,,,,IPO Cornerstone,2026-08-13,False,Prospectus Cornerstone Chapter / Col CJ
0470.HK,"WUXI LEAD INTELLIGENT EQUIPMENT CO., LTD. - H shares",INV_QRT,QRT,QRT,Cornerstone,QRT,False,False,True,False,,,,IPO Cornerstone,2026-08-13,False,Prospectus Cornerstone Chapter / Col CJ
0470.HK,"WUXI LEAD INTELLIGENT EQUIPMENT CO., LTD. - H shares",INV_WUXI_JINCHOU_AND_GTHT_IN_CONNE,Wuxi Jinchou and GTHT (in connection with the Wuxi Jinchou OTC Swaps),Wuxi Jinchou and GTHT (in connection with the Wuxi Jinchou OTC Swaps),Cornerstone,Wuxi,False,False,True,False,,,,IPO Cornerstone,2026-08-13,False,Prospectus Cornerstone Chapter / Col CJ
0470.HK,"WUXI LEAD INTELLIGENT EQUIPMENT CO., LTD. - H shares",INV_MILLENNIUM,Millennium,Millennium,Cornerstone,Millennium,False,False,True,False,,,,IPO Cornerstone,2026-08-13,False,Prospectus Cornerstone Chapter / Col CJ
0470.HK,"WUXI LEAD INTELLIGENT EQUIPMENT CO., LTD. - H shares",INV_ROME_GARDEN,Rome Garden,Rome Garden,Cornerstone,Rome,False,False,True,False,,,,IPO Cornerstone,2026-08-13,False,Prospectus Cornerstone Chapter / Col CJ
2706.HK,"Beijing Haizhi Technology Group Co., Ltd. - H Shares",INV_JSC_INTERNATIONAL_INVESTMENT_F,JSC International Investment Fund SPC (acting for and on behalf of Etown SP),JSC International Investment Fund SPC (acting for and on behalf of Etown SP),Cornerstone,JSC,True,False,True,False,,,,IPO Cornerstone,2026-08-15,False,Prospectus Cornerstone Chapter / Col CJ
2706.HK,"Beijing Haizhi Technology Group Co., Ltd. - H Shares",INV_JINGSHENG_HENGXING,JINGSHENG HENGXING,JINGSHENG HENGXING,Cornerstone,JINGSHENG,False,False,True,False,,,,IPO Cornerstone,2026-08-15,False,Prospectus Cornerstone Chapter / Col CJ
2706.HK,"Beijing Haizhi Technology Group Co., Ltd. - H Shares",INV_INFINI,Infini,Infini,Cornerstone,Infini,False,False,True,False,,,,IPO Cornerstone,2026-08-15,False,Prospectus Cornerstone Chapter / Col CJ
2706.HK,"Beijing Haizhi Technology Group Co., Ltd. - H Shares",INV_MEGA_PRIME,Mega Prime,Mega Prime,Cornerstone,Mega,False,False,True,False,,,,IPO Cornerstone,2026-08-15,False,Prospectus Cornerstone Chapter / Col CJ
2706.HK,"Beijing Haizhi Technology Group Co., Ltd. - H Shares",INV_LEGEND_CAPITAL,Legend Capital,Legend Capital,Pre-IPO VC,Legend,True,True,False,False,,,,Pre-IPO Series,2026-08-15,True,Prospectus History Chapter / Pre-IPO Disclosure
2706.HK,"Beijing Haizhi Technology Group Co., Ltd. - H Shares",INV_IDG_CAPITAL,IDG Capital,IDG Capital,Pre-IPO VC,IDG,True,True,False,False,,,,Pre-IPO Series,2026-08-15,True,Prospectus History Chapter / Pre-IPO Disclosure
2706.HK,"Beijing Haizhi Technology Group Co., Ltd. - H Shares",INV_BAIDU,Baidu,Baidu,Pre-IPO VC,Baidu,False,True,False,False,,,,Pre-IPO Series,2026-08-15,True,Prospectus History Chapter / Pre-IPO Disclosure
2706.HK,"Beijing Haizhi Technology Group Co., Ltd. - H Shares",INV_CICC_ALPHA,CICC Alpha,CICC Alpha,Pre-IPO VC,CICC,False,True,False,False,,,,Pre-IPO Series,2026-08-15,True,Prospectus History Chapter / Pre-IPO Disclosure
9981.HK,"Shenzhen Woer Heat-Shrinkable Material Co., Ltd. - H Shares",INV_HHLR_ADVISORS,HHLR Advisors,HHLR Advisors,Cornerstone,HHLR,False,False,True,False,,,,IPO Cornerstone,2026-08-15,False,Prospectus Cornerstone Chapter / Col CJ
9981.HK,"Shenzhen Woer Heat-Shrinkable Material Co., Ltd. - H Shares",INV_LTD,Ltd.,Ltd.,Cornerstone,Ltd.,False,False,True,False,,,,IPO Cornerstone,2026-08-15,False,Prospectus Cornerstone Chapter / Col CJ
9981.HK,"Shenzhen Woer Heat-Shrinkable Material Co., Ltd. - H Shares",INV_SHANGHAI_GREENWOODS_AND_HUATAI,Shanghai Greenwoods and Huatai Capital Investment Limited (in connection with Greenwoods OTC Swaps),Shanghai Greenwoods and Huatai Capital Investment Limited (in connection with Greenwoods OTC Swaps),Cornerstone,Shanghai,True,False,True,False,,,,IPO Cornerstone,2026-08-15,False,Prospectus Cornerstone Chapter / Col CJ
9981.HK,"Shenzhen Woer Heat-Shrinkable Material Co., Ltd. - H Shares",INV_JUMP_TRADING_PACIFIC_PTE_LTD,Jump Trading Pacific Pte. Ltd.,Jump Trading Pacific Pte. Ltd.,Cornerstone,Jump,False,False,True,False,,,,IPO Cornerstone,2026-08-15,False,Prospectus Cornerstone Chapter / Col CJ
9981.HK,"Shenzhen Woer Heat-Shrinkable Material Co., Ltd. - H Shares",INV_HUIZHOU_HUILIAN_INVESTMENT_PAR,Huizhou Huilian Investment Partnership (Limited Partnership),Huizhou Huilian Investment Partnership (Limited Partnership),Cornerstone,Huizhou,True,False,True,False,,,,IPO Cornerstone,2026-08-15,False,Prospectus Cornerstone Chapter / Col CJ
9981.HK,"Shenzhen Woer Heat-Shrinkable Material Co., Ltd. - H Shares",INV_JCC_AND_GUOTAI_JUNAN_INVESTMEN,JCC and Guotai Junan Investments (Hong Kong) Limited (in connection with JCC OTC Swaps),JCC and Guotai Junan Investments (Hong Kong) Limited (in connection with JCC OTC Swaps),Cornerstone,JCC,True,False,True,False,,,,IPO Cornerstone,2026-08-15,False,Prospectus Cornerstone Chapter / Col CJ
9981.HK,"Shenzhen Woer Heat-Shrinkable Material Co., Ltd. - H Shares",INV_SHEN_ZHEN_NEW_WORLD_INVESTMENT,Shen Zhen New World Investment (H.K) Limited,Shen Zhen New World Investment (H.K) Limited,Cornerstone,Shen,True,False,True,False,,,,IPO Cornerstone,2026-08-15,False,Prospectus Cornerstone Chapter / Col CJ
9981.HK,"Shenzhen Woer Heat-Shrinkable Material Co., Ltd. - H Shares",INV_BEST_CHEER_DEVELOPMENT_LIMITED,BEST CHEER DEVELOPMENT LIMITED,BEST CHEER DEVELOPMENT LIMITED,Cornerstone,BEST,False,False,True,False,,,,IPO Cornerstone,2026-08-15,False,Prospectus Cornerstone Chapter / Col CJ
9981.HK,"Shenzhen Woer Heat-Shrinkable Material Co., Ltd. - H Shares",INV_RIME_CAPITAL_LIMITED,RIME Capital Limited,RIME Capital Limited,Cornerstone,RIME,True,False,True,False,,,,IPO Cornerstone,2026-08-15,False,Prospectus Cornerstone Chapter / Col CJ
9981.HK,"Shenzhen Woer Heat-Shrinkable Material Co., Ltd. - H Shares",INV_SCV_ALPHA_LP,SCV Alpha LP,SCV Alpha LP,Cornerstone,SCV,False,False,True,False,,,,IPO Cornerstone,2026-08-15,False,Prospectus Cornerstone Chapter / Col CJ
9981.HK,"Shenzhen Woer Heat-Shrinkable Material Co., Ltd. - H Shares",INV_YIELD_ROYAL_INVESTMENT_HOLDING,Yield Royal Investment Holding (Singapore) PTE. LTD.,Yield Royal Investment Holding (Singapore) PTE. LTD.,Cornerstone,Yield,True,False,True,False,,,,IPO Cornerstone,2026-08-15,False,Prospectus Cornerstone Chapter / Col CJ
9981.HK,"Shenzhen Woer Heat-Shrinkable Material Co., Ltd. - H Shares",INV_GUOHUI_HK_HOLDINGS_CO,Guohui (HK) Holdings Co.,Guohui (HK) Holdings Co.,Cornerstone,Guohui,False,False,True,False,,,,IPO Cornerstone,2026-08-15,False,Prospectus Cornerstone Chapter / Col CJ
9981.HK,"Shenzhen Woer Heat-Shrinkable Material Co., Ltd. - H Shares",INV_LIMITED,Limited,Limited,Cornerstone,Limited,False,False,True,False,,,,IPO Cornerstone,2026-08-15,False,Prospectus Cornerstone Chapter / Col CJ
9981.HK,"Shenzhen Woer Heat-Shrinkable Material Co., Ltd. - H Shares",INV_PU_XIN_GUOTAI_JUNAN_INVESTMENT,Pu Xin Guotai Junan Investments (Hong Kong) Limited (in connection with Pu Xin OTC Swaps),Pu Xin Guotai Junan Investments (Hong Kong) Limited (in connection with Pu Xin OTC Swaps),Cornerstone,Pu,True,False,True,False,,,,IPO Cornerstone,2026-08-15,False,Prospectus Cornerstone Chapter / Col CJ
9981.HK,"Shenzhen Woer Heat-Shrinkable Material Co., Ltd. - H Shares",INV_CAPCHEM_HONGKONG_CO,CAPCHEM (HONGKONG) CO.,CAPCHEM (HONGKONG) CO.,Cornerstone,CAPCHEM,False,False,True,False,,,,IPO Cornerstone,2026-08-15,False,Prospectus Cornerstone Chapter / Col CJ
9981.HK,"Shenzhen Woer Heat-Shrinkable Material Co., Ltd. - H Shares",INV_LIMITED,LIMITED,LIMITED,Cornerstone,LIMITED,False,False,True,False,,,,IPO Cornerstone,2026-08-15,False,Prospectus Cornerstone Chapter / Col CJ
9981.HK,"Shenzhen Woer Heat-Shrinkable Material Co., Ltd. - H Shares",INV_ENHANCED_INVESTMENT_PRODUCTS_L,Enhanced Investment Products Limited,Enhanced Investment Products Limited,Cornerstone,Enhanced,True,False,True,False,,,,IPO Cornerstone,2026-08-15,False,Prospectus Cornerstone Chapter / Col CJ
9981.HK,"Shenzhen Woer Heat-Shrinkable Material Co., Ltd. - H Shares",INV_FACTORIAL_MASTER_FUND,Factorial Master Fund,Factorial Master Fund,Cornerstone,Factorial,True,False,True,False,,,,IPO Cornerstone,2026-08-15,False,Prospectus Cornerstone Chapter / Col CJ
9981.HK,"Shenzhen Woer Heat-Shrinkable Material Co., Ltd. - H Shares",INV_QIANHAI_STARLIGHT_CAPITAL_SPC,Qianhai Starlight Capital SPC,Qianhai Starlight Capital SPC,Cornerstone,Qianhai,True,False,True,False,,,,IPO Cornerstone,2026-08-15,False,Prospectus Cornerstone Chapter / Col CJ
9981.HK,"Shenzhen Woer Heat-Shrinkable Material Co., Ltd. - H Shares",INV_XUANYUAN_PRIVATE_FUND,Xuanyuan Private Fund,Xuanyuan Private Fund,Pre-IPO PE,Xuanyuan,True,True,False,False,,,,Pre-IPO Series,2026-08-15,False,Prospectus History Chapter / Pre-IPO Disclosure
2649.HK,"ALSCO Pooling Service Co., Ltd. - H Shares",INV_SUZHOU_INDUSTRIAL_PARK_FUND,Suzhou Industrial Park Fund,Suzhou Industrial Park Fund,Pre-IPO VC,Suzhou,True,True,False,False,,,,Pre-IPO Series,2026-09-08,False,Prospectus History Chapter / Pre-IPO Disclosure
2649.HK,"ALSCO Pooling Service Co., Ltd. - H Shares",INV_GREEN_PINE_CAPITAL,Green Pine Capital,Green Pine Capital,Pre-IPO VC,Green,True,True,False,False,,,,Pre-IPO Series,2026-09-08,False,Prospectus History Chapter / Pre-IPO Disclosure
2649.HK,"ALSCO Pooling Service Co., Ltd. - H Shares",INV_HENGXU_CAPITAL,Hengxu Capital,Hengxu Capital,Pre-IPO VC,Hengxu,True,True,False,False,,,,Pre-IPO Series,2026-09-08,False,Prospectus History Chapter / Pre-IPO Disclosure
2715.HK,"ESTUN AUTOMATION CO., LTD - H Shares",INV_HARVEST_ORIENTAL,Harvest Oriental,Harvest Oriental,Cornerstone,Harvest,False,False,True,False,,,,IPO Cornerstone,2026-09-08,False,Prospectus Cornerstone Chapter / Col CJ
2715.HK,"ESTUN AUTOMATION CO., LTD - H Shares",INV_HENGTONG_OPTIC_ELECTRIC_INTERN,Hengtong Optic-electric International,Hengtong Optic-electric International,Cornerstone,Hengtong,False,False,True,False,,,,IPO Cornerstone,2026-09-08,False,Prospectus Cornerstone Chapter / Col CJ
2715.HK,"ESTUN AUTOMATION CO., LTD - H Shares",INV_DREAM_EE_HK_FUND,Dream’ee HK Fund,Dream’ee HK Fund,Cornerstone,Dream’ee,True,False,True,False,,,,IPO Cornerstone,2026-09-08,False,Prospectus Cornerstone Chapter / Col CJ
2715.HK,"ESTUN AUTOMATION CO., LTD - H Shares",INV_DEEP_SOURCE,Deep Source,Deep Source,Cornerstone,Deep,False,False,True,False,,,,IPO Cornerstone,2026-09-08,False,Prospectus Cornerstone Chapter / Col CJ
2715.HK,"ESTUN AUTOMATION CO., LTD - H Shares",INV_HAITIAN_HUAYUAN,Haitian Huayuan,Haitian Huayuan,Cornerstone,Haitian,False,False,True,False,,,,IPO Cornerstone,2026-09-08,False,Prospectus Cornerstone Chapter / Col CJ
2715.HK,"ESTUN AUTOMATION CO., LTD - H Shares",INV_NEW_FORTUNE,New Fortune,New Fortune,Cornerstone,New,False,False,True,False,,,,IPO Cornerstone,2026-09-08,False,Prospectus Cornerstone Chapter / Col CJ
2715.HK,"ESTUN AUTOMATION CO., LTD - H Shares",INV_QIANHAI_HEZHONG_INVESTMENT,Qianhai Hezhong Investment,Qianhai Hezhong Investment,Cornerstone,Qianhai,True,False,True,False,,,,IPO Cornerstone,2026-09-08,False,Prospectus Cornerstone Chapter / Col CJ
2692.HK,"Shenzhen Zhaowei Machinery & Electronics Co., Ltd. - H Shares",INV_HHLRA,HHLRA,HHLRA,Cornerstone,HHLRA,False,False,True,False,,,,IPO Cornerstone,2026-09-08,False,Prospectus Cornerstone Chapter / Col CJ
2692.HK,"Shenzhen Zhaowei Machinery & Electronics Co., Ltd. - H Shares",INV_MIRAE_ASSET_SECURITIES_HK,Mirae Asset Securities HK,Mirae Asset Securities HK,Cornerstone,Mirae,True,False,True,False,,,,IPO Cornerstone,2026-09-08,False,Prospectus Cornerstone Chapter / Col CJ
2692.HK,"Shenzhen Zhaowei Machinery & Electronics Co., Ltd. - H Shares",INV_PERSEVERANCE_ASSET_MANAGEMENT,Perseverance Asset Management,Perseverance Asset Management,Cornerstone,Perseverance,True,False,True,False,,,,IPO Cornerstone,2026-09-08,False,Prospectus Cornerstone Chapter / Col CJ
2692.HK,"Shenzhen Zhaowei Machinery & Electronics Co., Ltd. - H Shares",INV_DA_CHENG_INTERNATIONAL,Da Cheng International,Da Cheng International,Cornerstone,Da,False,False,True,False,,,,IPO Cornerstone,2026-09-08,False,Prospectus Cornerstone Chapter / Col CJ
2692.HK,"Shenzhen Zhaowei Machinery & Electronics Co., Ltd. - H Shares",INV_GF_FUND_HK,GF Fund HK,GF Fund HK,Cornerstone,GF,True,False,True,False,,,,IPO Cornerstone,2026-09-08,False,Prospectus Cornerstone Chapter / Col CJ
2692.HK,"Shenzhen Zhaowei Machinery & Electronics Co., Ltd. - H Shares",INV_OAKWISE_GROWTH_FUND,Oakwise Growth Fund,Oakwise Growth Fund,Cornerstone,Oakwise,True,False,True,False,,,,IPO Cornerstone,2026-09-08,False,Prospectus Cornerstone Chapter / Col CJ
2692.HK,"Shenzhen Zhaowei Machinery & Electronics Co., Ltd. - H Shares",INV_JUMP_TRADING,Jump Trading,Jump Trading,Cornerstone,Jump,False,False,True,False,,,,IPO Cornerstone,2026-09-08,False,Prospectus Cornerstone Chapter / Col CJ
2692.HK,"Shenzhen Zhaowei Machinery & Electronics Co., Ltd. - H Shares",INV_VVC_TECHNOLOGY,VVC Technology,VVC Technology,Cornerstone,VVC,False,False,True,False,,,,IPO Cornerstone,2026-09-08,False,Prospectus Cornerstone Chapter / Col CJ
2692.HK,"Shenzhen Zhaowei Machinery & Electronics Co., Ltd. - H Shares",INV_FMF,FMF,FMF,Cornerstone,FMF,False,False,True,False,,,,IPO Cornerstone,2026-09-08,False,Prospectus Cornerstone Chapter / Col CJ
2692.HK,"Shenzhen Zhaowei Machinery & Electronics Co., Ltd. - H Shares",INV_TAIHU_GOLDEN_VALLEY,Taihu Golden Valley,Taihu Golden Valley,Cornerstone,Taihu,False,False,True,False,,,,IPO Cornerstone,2026-09-08,False,Prospectus Cornerstone Chapter / Col CJ
2692.HK,"Shenzhen Zhaowei Machinery & Electronics Co., Ltd. - H Shares",INV_TOPSTAR_WORLDWIDE,Topstar Worldwide,Topstar Worldwide,Cornerstone,Topstar,False,False,True,False,,,,IPO Cornerstone,2026-09-08,False,Prospectus Cornerstone Chapter / Col CJ
2692.HK,"Shenzhen Zhaowei Machinery & Electronics Co., Ltd. - H Shares",INV_VIRTUES_CAPITAL_AND_CHINA_SECU,Virtues Capital and China Securities (International) Investment Company Limited (in connection with the OTC Swaps),Virtues Capital and China Securities (International) Investment Company Limited (in connection with the OTC Swaps),Cornerstone,Virtues,True,False,True,False,,,,IPO Cornerstone,2026-09-08,False,Prospectus Cornerstone Chapter / Col CJ
2692.HK,"Shenzhen Zhaowei Machinery & Electronics Co., Ltd. - H Shares",INV_HENGBANG_AND_CHINA_GALAXY_INTE,Hengbang and China Galaxy International Investment Company Limited (in connection with the Hengbang OTC Swaps),Hengbang and China Galaxy International Investment Company Limited (in connection with the Hengbang OTC Swaps),Cornerstone,Hengbang,True,False,True,False,,,,IPO Cornerstone,2026-09-08,False,Prospectus Cornerstone Chapter / Col CJ
2692.HK,"Shenzhen Zhaowei Machinery & Electronics Co., Ltd. - H Shares",INV_W_INVESTMENT,W Investment,W Investment,Cornerstone,W,True,False,True,False,,,,IPO Cornerstone,2026-09-08,False,Prospectus Cornerstone Chapter / Col CJ
2692.HK,"Shenzhen Zhaowei Machinery & Electronics Co., Ltd. - H Shares",INV_BEINGBOOM_CAPITAL,BeingBoom Capital,BeingBoom Capital,Cornerstone,BeingBoom,True,False,True,False,,,,IPO Cornerstone,2026-09-08,False,Prospectus Cornerstone Chapter / Col CJ
2692.HK,"Shenzhen Zhaowei Machinery & Electronics Co., Ltd. - H Shares",INV_MR_HE_MAOLING,Mr. He Maoling,Mr. He Maoling,Cornerstone,Mr.,False,False,True,False,,,,IPO Cornerstone,2026-09-08,False,Prospectus Cornerstone Chapter / Col CJ
2692.HK,"Shenzhen Zhaowei Machinery & Electronics Co., Ltd. - H Shares",INV_MR_LUO_JIE,Mr. Luo Jie,Mr. Luo Jie,Cornerstone,Mr.,False,False,True,False,,,,IPO Cornerstone,2026-09-08,False,Prospectus Cornerstone Chapter / Col CJ
2692.HK,"Shenzhen Zhaowei Machinery & Electronics Co., Ltd. - H Shares",INV_BRIDGE_ZONE_GROUP,Bridge Zone Group,Bridge Zone Group,Cornerstone,Bridge,False,False,True,False,,,,IPO Cornerstone,2026-09-08,False,Prospectus Cornerstone Chapter / Col CJ
2692.HK,"Shenzhen Zhaowei Machinery & Electronics Co., Ltd. - H Shares",INV_CMBC_INTERNATIONAL,CMBC International,CMBC International,Cornerstone,CMBC,False,False,True,False,,,,IPO Cornerstone,2026-09-08,False,Prospectus Cornerstone Chapter / Col CJ
2692.HK,"Shenzhen Zhaowei Machinery & Electronics Co., Ltd. - H Shares",INV_RIME,RIME,RIME,Cornerstone,RIME,False,False,True,False,,,,IPO Cornerstone,2026-09-08,False,Prospectus Cornerstone Chapter / Col CJ
2692.HK,"Shenzhen Zhaowei Machinery & Electronics Co., Ltd. - H Shares",INV_MAIN_SOURCE_CAPITAL,Main Source Capital,Main Source Capital,Cornerstone,Main,True,False,True,False,,,,IPO Cornerstone,2026-09-08,False,Prospectus Cornerstone Chapter / Col CJ
3268.HK,"MeiG Smart Technology Co., Ltd. - H Shares",INV_BAOYUE_LAKE_SHENZHEN_INDUSTRIA,Baoyue Lake Shenzhen Industrial Investment Win-Win Enterprise Management Limited (Baoyue Win-Win),Baoyue Lake Shenzhen Industrial Investment Win-Win Enterprise Management Limited (Baoyue Win-Win),Cornerstone,Baoyue,True,False,True,False,,,,IPO Cornerstone,2026-09-09,False,Prospectus Cornerstone Chapter / Col CJ
3268.HK,"MeiG Smart Technology Co., Ltd. - H Shares",INV_MEIKO_ELEC_HONG_KONG_CO,Meiko Elec. Hong Kong Co.,Meiko Elec. Hong Kong Co.,Cornerstone,Meiko,False,False,True,False,,,,IPO Cornerstone,2026-09-09,False,Prospectus Cornerstone Chapter / Col CJ
3268.HK,"MeiG Smart Technology Co., Ltd. - H Shares",INV_LIMITED_MEIKO_HK,Limited (Meiko HK),Limited (Meiko HK),Cornerstone,Limited,False,False,True,False,,,,IPO Cornerstone,2026-09-09,False,Prospectus Cornerstone Chapter / Col CJ
3268.HK,"MeiG Smart Technology Co., Ltd. - H Shares",INV_STREAMAX_ELECTRONICS_LIMITED_S,Streamax Electronics Limited (Streamax Electronics),Streamax Electronics Limited (Streamax Electronics),Cornerstone,Streamax,False,False,True,False,,,,IPO Cornerstone,2026-09-09,False,Prospectus Cornerstone Chapter / Col CJ
3268.HK,"MeiG Smart Technology Co., Ltd. - H Shares",INV_HARVEST_INTERNATIONAL_PREMIUM_,Harvest International Premium Value (Secondary Market) Fund SPC on behalf of Harvest Oriental SP (Harvest),Harvest International Premium Value (Secondary Market) Fund SPC on behalf of Harvest Oriental SP (Harvest),Cornerstone,Harvest,True,False,True,False,,,,IPO Cornerstone,2026-09-09,False,Prospectus Cornerstone Chapter / Col CJ
3268.HK,"MeiG Smart Technology Co., Ltd. - H Shares",INV_JINYI_CAPITAL_MULTI_STRATEGY_F,Jinyi Capital Multi-Strategy Fund SPC Ltd. (JinYi Capital),Jinyi Capital Multi-Strategy Fund SPC Ltd. (JinYi Capital),Cornerstone,Jinyi,True,False,True,False,,,,IPO Cornerstone,2026-09-09,False,Prospectus Cornerstone Chapter / Col CJ
3268.HK,"MeiG Smart Technology Co., Ltd. - H Shares",INV_OPEN_WEALTH_MANAGEMENT_LIMITED,Open Wealth Management Limited (Open Wealth),Open Wealth Management Limited (Open Wealth),Cornerstone,Open,False,False,True,False,,,,IPO Cornerstone,2026-09-09,False,Prospectus Cornerstone Chapter / Col CJ
3268.HK,"MeiG Smart Technology Co., Ltd. - H Shares",INV_CHINA_WINNING_LIMITED_CHINA_WI,China Winning Limited (China Winning),China Winning Limited (China Winning),Cornerstone,China,False,False,True,False,,,,IPO Cornerstone,2026-09-09,False,Prospectus Cornerstone Chapter / Col CJ
3268.HK,"MeiG Smart Technology Co., Ltd. - H Shares",INV_CHAU_TSANG_CHEONG_MR_CHAU,Chau Tsang Cheong (Mr. Chau),Chau Tsang Cheong (Mr. Chau),Cornerstone,Chau,False,False,True,False,,,,IPO Cornerstone,2026-09-09,False,Prospectus Cornerstone Chapter / Col CJ
3268.HK,"MeiG Smart Technology Co., Ltd. - H Shares",INV_FENGHUANGSHAN_INVESTMENT,Fenghuangshan Investment,Fenghuangshan Investment,Pre-IPO VC,Fenghuangshan,False,True,False,False,,,,Pre-IPO Series,2026-09-09,False,Prospectus History Chapter / Pre-IPO Disclosure
1989.HK,Delton Technology (Guangzhou) Inc. - H Shares,INV_CPE,CPE,CPE,Cornerstone,CPE,False,False,True,False,,,,IPO Cornerstone,2026-09-19,False,Prospectus Cornerstone Chapter / Col CJ
1989.HK,Delton Technology (Guangzhou) Inc. - H Shares,INV_YUANFENG_ASSET_MANAGEMENT_AND_,Yuanfeng Asset Management and GTINV (in connection with the Yuanfeng OTC Swaps),Yuanfeng Asset Management and GTINV (in connection with the Yuanfeng OTC Swaps),Cornerstone,Yuanfeng,True,False,True,False,,,,IPO Cornerstone,2026-09-19,False,Prospectus Cornerstone Chapter / Col CJ
1989.HK,Delton Technology (Guangzhou) Inc. - H Shares,INV_SHANGHAI_GREENWOODS_AND_CITIC_,Shanghai Greenwoods and CITIC Securities International Capital Management Limited (in connection with CITICS Back-to-back TRS and CITICS Client TRS),Shanghai Greenwoods and CITIC Securities International Capital Management Limited (in connection with CITICS Back-to-back TRS and CITICS Client TRS),Cornerstone,Shanghai,True,False,True,False,,,,IPO Cornerstone,2026-09-19,False,Prospectus Cornerstone Chapter / Col CJ
1989.HK,Delton Technology (Guangzhou) Inc. - H Shares,INV_HK_GREENWOODS,HK Greenwoods,HK Greenwoods,Cornerstone,HK,False,False,True,False,,,,IPO Cornerstone,2026-09-19,False,Prospectus Cornerstone Chapter / Col CJ
1989.HK,Delton Technology (Guangzhou) Inc. - H Shares,INV_UBS_AM_SINGAPORE,UBS AM Singapore,UBS AM Singapore,Cornerstone,UBS,False,False,True,False,,,,IPO Cornerstone,2026-09-19,False,Prospectus Cornerstone Chapter / Col CJ
1989.HK,Delton Technology (Guangzhou) Inc. - H Shares,INV_VALUE_PARTNERS,Value Partners,Value Partners,Cornerstone,Value,False,False,True,False,,,,IPO Cornerstone,2026-09-19,False,Prospectus Cornerstone Chapter / Col CJ
1989.HK,Delton Technology (Guangzhou) Inc. - H Shares,INV_EASTSPRING,Eastspring,Eastspring,Cornerstone,Eastspring,False,False,True,False,,,,IPO Cornerstone,2026-09-19,False,Prospectus Cornerstone Chapter / Col CJ
1989.HK,Delton Technology (Guangzhou) Inc. - H Shares,INV_GBAHIL,GBAHIL,GBAHIL,Cornerstone,GBAHIL,False,False,True,False,,,,IPO Cornerstone,2026-09-19,False,Prospectus Cornerstone Chapter / Col CJ
1989.HK,Delton Technology (Guangzhou) Inc. - H Shares,INV_MY_ASIAN,MY Asian,MY Asian,Cornerstone,MY,False,False,True,False,,,,IPO Cornerstone,2026-09-19,False,Prospectus Cornerstone Chapter / Col CJ
1989.HK,Delton Technology (Guangzhou) Inc. - H Shares,INV_BARINGS,Barings,Barings,Cornerstone,Barings,False,False,True,False,,,,IPO Cornerstone,2026-09-19,False,Prospectus Cornerstone Chapter / Col CJ
1989.HK,Delton Technology (Guangzhou) Inc. - H Shares,INV_DAJIA_LIFE,Dajia Life,Dajia Life,Cornerstone,Dajia,False,False,True,False,,,,IPO Cornerstone,2026-09-19,False,Prospectus Cornerstone Chapter / Col CJ
1989.HK,Delton Technology (Guangzhou) Inc. - H Shares,INV_ICBC_WEALTH,ICBC Wealth,ICBC Wealth,Cornerstone,ICBC,False,False,True,False,,,,IPO Cornerstone,2026-09-19,False,Prospectus Cornerstone Chapter / Col CJ
1989.HK,Delton Technology (Guangzhou) Inc. - H Shares,INV_SHENZHEN_TALENT_INNOVATION_VEN,Shenzhen Talent Innovation Venture Fund No. 2,Shenzhen Talent Innovation Venture Fund No. 2,Pre-IPO VC,Shenzhen,True,True,False,False,,,,Pre-IPO Series,2026-09-19,False,Prospectus History Chapter / Pre-IPO Disclosure
2701.HK,Nsing Technologies Inc. - H Shares,INV_GUOHUA_LIFE_INSURANCE,Guohua Life Insurance,Guohua Life Insurance,Cornerstone,Guohua,False,False,True,False,,,,IPO Cornerstone,2026-09-22,False,Prospectus Cornerstone Chapter / Col CJ
2701.HK,Nsing Technologies Inc. - H Shares,INV_HARVEST_ORIENTAL_II,Harvest Oriental II,Harvest Oriental II,Cornerstone,Harvest,False,False,True,False,,,,IPO Cornerstone,2026-09-22,False,Prospectus Cornerstone Chapter / Col CJ
2701.HK,Nsing Technologies Inc. - H Shares,INV_MS_TAI,Ms. Tai,Ms. Tai,Cornerstone,Ms.,False,False,True,False,,,,IPO Cornerstone,2026-09-22,False,Prospectus Cornerstone Chapter / Col CJ
2701.HK,Nsing Technologies Inc. - H Shares,INV_MR_AN,Mr. An,Mr. An,Cornerstone,Mr.,False,False,True,False,,,,IPO Cornerstone,2026-09-22,False,Prospectus Cornerstone Chapter / Col CJ
2701.HK,Nsing Technologies Inc. - H Shares,INV_SUNWODA_TREASURY,Sunwoda Treasury,Sunwoda Treasury,Cornerstone,Sunwoda,False,False,True,False,,,,IPO Cornerstone,2026-09-22,False,Prospectus Cornerstone Chapter / Col CJ
3355.HK,FS.COM Ltd. - H Shares,INV_HAO_FUND,Hao Fund,Hao Fund,Cornerstone,Hao,True,False,True,False,,,,IPO Cornerstone,2026-09-22,False,Prospectus Cornerstone Chapter / Col CJ
3355.HK,FS.COM Ltd. - H Shares,INV_GREAT_HOLDING,Great Holding,Great Holding,Cornerstone,Great,False,False,True,False,,,,IPO Cornerstone,2026-09-22,False,Prospectus Cornerstone Chapter / Col CJ
3355.HK,FS.COM Ltd. - H Shares,INV_WT_ASSET_MANAGEMENT,WT Asset Management,WT Asset Management,Cornerstone,WT,True,False,True,False,,,,IPO Cornerstone,2026-09-22,False,Prospectus Cornerstone Chapter / Col CJ
3355.HK,FS.COM Ltd. - H Shares,INV_CAITONG_SEIII,Caitong SEIII,Caitong SEIII,Cornerstone,Caitong,False,False,True,False,,,,IPO Cornerstone,2026-09-22,False,Prospectus Cornerstone Chapter / Col CJ
3355.HK,FS.COM Ltd. - H Shares,INV_INTEWISE_ULTIMATE_CLIENTS_AND_,Intewise Ultimate Clients and CICC FT (in connection with the Intewise OTC Swaps),Intewise Ultimate Clients and CICC FT (in connection with the Intewise OTC Swaps),Cornerstone,Intewise,False,False,True,False,,,,IPO Cornerstone,2026-09-22,False,Prospectus Cornerstone Chapter / Col CJ
3355.HK,FS.COM Ltd. - H Shares,INV_FORESIGHT,Foresight,Foresight,Cornerstone,Foresight,False,False,True,False,,,,IPO Cornerstone,2026-09-22,False,Prospectus Cornerstone Chapter / Col CJ
3355.HK,FS.COM Ltd. - H Shares,INV_SCGC_CAPITAL,SCGC Capital,SCGC Capital,Cornerstone,SCGC,True,False,True,False,,,,IPO Cornerstone,2026-09-22,False,Prospectus Cornerstone Chapter / Col CJ
3355.HK,FS.COM Ltd. - H Shares,INV_AETHER,Aether,Aether,Cornerstone,Aether,False,False,True,False,,,,IPO Cornerstone,2026-09-22,False,Prospectus Cornerstone Chapter / Col CJ
3355.HK,FS.COM Ltd. - H Shares,INV_GF_FUND_HK,GF Fund HK,GF Fund HK,Cornerstone,GF,True,False,True,False,,,,IPO Cornerstone,2026-09-22,False,Prospectus Cornerstone Chapter / Col CJ
3355.HK,FS.COM Ltd. - H Shares,INV_KAIFENG_ULTIMATE_CLIENTS_AND_C,Kaifeng Ultimate Clients and CICC FT (in connection with the Kaifeng OTC Swaps),Kaifeng Ultimate Clients and CICC FT (in connection with the Kaifeng OTC Swaps),Cornerstone,Kaifeng,False,False,True,False,,,,IPO Cornerstone,2026-09-22,False,Prospectus Cornerstone Chapter / Col CJ
3355.HK,FS.COM Ltd. - H Shares,INV_WIDER_HUGE,Wider Huge,Wider Huge,Cornerstone,Wider,False,False,True,False,,,,IPO Cornerstone,2026-09-22,False,Prospectus Cornerstone Chapter / Col CJ
3355.HK,FS.COM Ltd. - H Shares,INV_FORTUNE_VENTURE_CAPITAL,Fortune Venture Capital (达晨财智),Fortune Venture Capital (达晨财智),Pre-IPO VC,Fortune,True,True,False,False,,,,Pre-IPO Series,2026-09-22,True,Prospectus History Chapter / Pre-IPO Disclosure
3355.HK,FS.COM Ltd. - H Shares,INV_HARVEST_CAPITAL,Harvest Capital,Harvest Capital,Pre-IPO VC,Harvest,True,True,False,False,,,,Pre-IPO Series,2026-09-22,True,Prospectus History Chapter / Pre-IPO Disclosure
3355.HK,FS.COM Ltd. - H Shares,INV_SHENZHEN_CHIYU,Shenzhen Chiyu,Shenzhen Chiyu,Pre-IPO VC,Shenzhen,False,True,False,False,,,,Pre-IPO Series,2026-09-22,True,Prospectus History Chapter / Pre-IPO Disclosure
2632.HK,"Jiangsu New Vision Automotive Electronics Co., Ltd. - H Shares",INV_YINGKE_NO_1_HONGKONG_LIMITED,Yingke No. 1 (Hongkong) Limited,Yingke No. 1 (Hongkong) Limited,Cornerstone,Yingke,False,False,True,False,,,,IPO Cornerstone,2026-09-23,False,Prospectus Cornerstone Chapter / Col CJ
2632.HK,"Jiangsu New Vision Automotive Electronics Co., Ltd. - H Shares",INV_HONGKONG_HIGH_TECH_INDUSTRIAL_,Hongkong High Tech Industrial (Beijing) Development Investment Co.,Hongkong High Tech Industrial (Beijing) Development Investment Co.,Cornerstone,Hongkong,True,False,True,False,,,,IPO Cornerstone,2026-09-23,False,Prospectus Cornerstone Chapter / Col CJ
2632.HK,"Jiangsu New Vision Automotive Electronics Co., Ltd. - H Shares",INV_LIMITED,Limited,Limited,Cornerstone,Limited,False,False,True,False,,,,IPO Cornerstone,2026-09-23,False,Prospectus Cornerstone Chapter / Col CJ
2632.HK,"Jiangsu New Vision Automotive Electronics Co., Ltd. - H Shares",INV_SHUNWEI_CAPITAL,Shunwei Capital,Shunwei Capital,Pre-IPO VC,Shunwei,True,True,False,False,,,,Pre-IPO Series,2026-09-23,True,Prospectus History Chapter / Pre-IPO Disclosure
2632.HK,"Jiangsu New Vision Automotive Electronics Co., Ltd. - H Shares",INV_CATHAY_CAPITAL,Cathay Capital,Cathay Capital,Pre-IPO VC,Cathay,True,True,False,False,,,,Pre-IPO Series,2026-09-23,True,Prospectus History Chapter / Pre-IPO Disclosure
2632.HK,"Jiangsu New Vision Automotive Electronics Co., Ltd. - H Shares",INV_SAIC_CAPITAL,SAIC Capital,SAIC Capital,Pre-IPO VC,SAIC,True,True,False,False,,,,Pre-IPO Series,2026-09-23,True,Prospectus History Chapter / Pre-IPO Disclosure
2632.HK,"Jiangsu New Vision Automotive Electronics Co., Ltd. - H Shares",INV_BAIDU_VENTURES,Baidu Ventures,Baidu Ventures,Pre-IPO VC,Baidu,False,True,False,False,,,,Pre-IPO Series,2026-09-23,True,Prospectus History Chapter / Pre-IPO Disclosure
2729.HK,"Zhejiang Galaxis Technology Group Co., Ltd. - H Shares",INV_BYTEDANCE,ByteDance,ByteDance,Pre-IPO VC,ByteDance,False,True,False,False,,,,Pre-IPO Series,2026-09-23,True,Prospectus History Chapter / Pre-IPO Disclosure
2729.HK,"Zhejiang Galaxis Technology Group Co., Ltd. - H Shares",INV_LEGEND_STAR,Legend Star,Legend Star,Pre-IPO VC,Legend,False,True,False,False,,,,Pre-IPO Series,2026-09-23,True,Prospectus History Chapter / Pre-IPO Disclosure
2729.HK,"Zhejiang Galaxis Technology Group Co., Ltd. - H Shares",INV_INFORE_CAPITAL,Infore Capital,Infore Capital,Pre-IPO VC,Infore,True,True,False,False,,,,Pre-IPO Series,2026-09-23,True,Prospectus History Chapter / Pre-IPO Disclosure
1021.HK,"Guangdong Huayan Robotics Co., Ltd. - H Shares",INV_HHLRA,HHLRA,HHLRA,Cornerstone,HHLRA,False,False,True,False,,,,IPO Cornerstone,2026-09-29,False,Prospectus Cornerstone Chapter / Col CJ
1021.HK,"Guangdong Huayan Robotics Co., Ltd. - H Shares",INV_GF_FUND,GF Fund,GF Fund,Cornerstone,GF,True,False,True,False,,,,IPO Cornerstone,2026-09-29,False,Prospectus Cornerstone Chapter / Col CJ
1021.HK,"Guangdong Huayan Robotics Co., Ltd. - H Shares",INV_MSIP,MSIP,MSIP,Cornerstone,MSIP,False,False,True,False,,,,IPO Cornerstone,2026-09-29,False,Prospectus Cornerstone Chapter / Col CJ
1021.HK,"Guangdong Huayan Robotics Co., Ltd. - H Shares",INV_SAMSON_GROUP,Samson Group,Samson Group,Cornerstone,Samson,False,False,True,False,,,,IPO Cornerstone,2026-09-29,False,Prospectus Cornerstone Chapter / Col CJ
1021.HK,"Guangdong Huayan Robotics Co., Ltd. - H Shares",INV_HAOJUN_INVESTMENT_AND_HTCI_IN_,Haojun Investment and HTCI (in connection with Haojun Investment OTC Swaps),Haojun Investment and HTCI (in connection with Haojun Investment OTC Swaps),Cornerstone,Haojun,True,False,True,False,,,,IPO Cornerstone,2026-09-29,False,Prospectus Cornerstone Chapter / Col CJ
1021.HK,"Guangdong Huayan Robotics Co., Ltd. - H Shares",INV_ETERNAL_SUMMER,Eternal Summer,Eternal Summer,Cornerstone,Eternal,False,False,True,False,,,,IPO Cornerstone,2026-09-29,False,Prospectus Cornerstone Chapter / Col CJ
1021.HK,"Guangdong Huayan Robotics Co., Ltd. - H Shares",INV_SHREWD_PIONEER,Shrewd Pioneer,Shrewd Pioneer,Cornerstone,Shrewd,False,False,True,False,,,,IPO Cornerstone,2026-09-29,False,Prospectus Cornerstone Chapter / Col CJ
1021.HK,"Guangdong Huayan Robotics Co., Ltd. - H Shares",INV_RICHFIRM,Richfirm,Richfirm,Cornerstone,Richfirm,False,False,True,False,,,,IPO Cornerstone,2026-09-29,False,Prospectus Cornerstone Chapter / Col CJ
1021.HK,"Guangdong Huayan Robotics Co., Ltd. - H Shares",INV_VVC_TECHNOLOGY,VVC Technology,VVC Technology,Cornerstone,VVC,False,False,True,False,,,,IPO Cornerstone,2026-09-29,False,Prospectus Cornerstone Chapter / Col CJ
1021.HK,"Guangdong Huayan Robotics Co., Ltd. - H Shares",INV_FOXCONN_INDUSTRIAL_FULIAN,Foxconn (Industrial Fulian),Foxconn (Industrial Fulian),Pre-IPO VC,Foxconn,True,True,False,False,,,,Pre-IPO Series,2026-09-29,True,Prospectus History Chapter / Pre-IPO Disclosure
1021.HK,"Guangdong Huayan Robotics Co., Ltd. - H Shares",INV_GUANGDONG_SEMICONDUCTOR_FUND,Guangdong Semiconductor Fund,Guangdong Semiconductor Fund,Pre-IPO VC,Guangdong,True,True,False,False,,,,Pre-IPO Series,2026-09-29,True,Prospectus History Chapter / Pre-IPO Disclosure
1021.HK,"Guangdong Huayan Robotics Co., Ltd. - H Shares",INV_YUECAI_VENTURE_CAPITAL,Yuecai Venture Capital,Yuecai Venture Capital,Pre-IPO VC,Yuecai,True,True,False,False,,,,Pre-IPO Series,2026-09-29,True,Prospectus History Chapter / Pre-IPO Disclosure
2526.HK,"Hangzhou Diagens Biotechnology Co., Ltd. - B - H Shares",INV_LILLY_ASIA_VENTURES,Lilly Asia Ventures,Lilly Asia Ventures,Pre-IPO VC,Lilly,True,True,False,False,,,,Pre-IPO Series,2026-09-29,True,Prospectus History Chapter / Pre-IPO Disclosure
2526.HK,"Hangzhou Diagens Biotechnology Co., Ltd. - B - H Shares",INV_CDH_INVESTMENTS,CDH Investments,CDH Investments,Pre-IPO VC,CDH,True,True,False,False,,,,Pre-IPO Series,2026-09-29,True,Prospectus History Chapter / Pre-IPO Disclosure
2526.HK,"Hangzhou Diagens Biotechnology Co., Ltd. - B - H Shares",INV_HANGZHOU_HIGH_TECH_VENTURE_FUN,Hangzhou High-Tech Venture Fund,Hangzhou High-Tech Venture Fund,Pre-IPO VC,Hangzhou,True,True,False,False,,,,Pre-IPO Series,2026-09-29,True,Prospectus History Chapter / Pre-IPO Disclosure
2726.HK,"Epiworld International Co., Ltd. - H Shares",INV_XIAMEN_ADVANCED_INTELLIGENT_MA,Xiamen Advanced Intelligent Manufacturing Industry Investment Limited,Xiamen Advanced Intelligent Manufacturing Industry Investment Limited,Cornerstone,Xiamen,True,False,True,False,,,,IPO Cornerstone,2026-09-29,False,Prospectus Cornerstone Chapter / Col CJ
2726.HK,"Epiworld International Co., Ltd. - H Shares",INV_HUAWEI_HUBBLE,Huawei Hubble,Huawei Hubble,Pre-IPO Strategic,Huawei,True,True,False,False,,,,Pre-IPO Series,2026-09-29,True,Prospectus History Chapter / Pre-IPO Disclosure
2726.HK,"Epiworld International Co., Ltd. - H Shares",INV_BYD,BYD,BYD,Pre-IPO Strategic,BYD,True,True,False,False,,,,Pre-IPO Series,2026-09-29,True,Prospectus History Chapter / Pre-IPO Disclosure
2726.HK,"Epiworld International Co., Ltd. - H Shares",INV_SAIC,SAIC,SAIC,Pre-IPO Strategic,SAIC,True,True,False,False,,,,Pre-IPO Series,2026-09-29,True,Prospectus History Chapter / Pre-IPO Disclosure
2726.HK,"Epiworld International Co., Ltd. - H Shares",INV_GUANGDONG_SEMICONDUCTOR_FUND,Guangdong Semiconductor Fund,Guangdong Semiconductor Fund,Pre-IPO Strategic,Guangdong,True,True,False,False,,,,Pre-IPO Series,2026-09-29,True,Prospectus History Chapter / Pre-IPO Disclosure
6636.HK,"Shandong Extreme Vision Technology Co., Ltd. - H Shares",INV_ZHENGJIN_INTERNATIONAL,Zhengjin International,Zhengjin International,Cornerstone,Zhengjin,False,False,True,False,,,,IPO Cornerstone,2026-09-29,False,Prospectus Cornerstone Chapter / Col CJ
6636.HK,"Shandong Extreme Vision Technology Co., Ltd. - H Shares",INV_GKI,GKI,GKI,Cornerstone,GKI,False,False,True,False,,,,IPO Cornerstone,2026-09-29,False,Prospectus Cornerstone Chapter / Col CJ
6636.HK,"Shandong Extreme Vision Technology Co., Ltd. - H Shares",INV_QUALCOMM_VENTURES,Qualcomm Ventures,Qualcomm Ventures,Pre-IPO VC,Qualcomm,True,True,False,False,,,,Pre-IPO Series,2026-09-29,True,Prospectus History Chapter / Pre-IPO Disclosure
6636.HK,"Shandong Extreme Vision Technology Co., Ltd. - H Shares",INV_CHINA_RESOURCES_CAPITAL,China Resources Capital,China Resources Capital,Pre-IPO VC,China,True,True,False,False,,,,Pre-IPO Series,2026-09-29,True,Prospectus History Chapter / Pre-IPO Disclosure
6636.HK,"Shandong Extreme Vision Technology Co., Ltd. - H Shares",INV_SHANDONG_DEVELOPMENT_FUND,Shandong Development Fund,Shandong Development Fund,Pre-IPO VC,Shandong,True,True,False,False,,,,Pre-IPO Series,2026-09-29,True,Prospectus History Chapter / Pre-IPO Disclosure
0664.HK,"Hangzhou Tongshifu Cultural and Creative (Group) Co., Ltd. - H Shares",INV_JIANTOU_INTERNATIONAL,Jiantou International,Jiantou International,Cornerstone,Jiantou,False,False,True,False,,,,IPO Cornerstone,2026-09-30,False,Prospectus Cornerstone Chapter / Col CJ
0664.HK,"Hangzhou Tongshifu Cultural and Creative (Group) Co., Ltd. - H Shares",INV_SHUNWEI_CAPITAL,Shunwei Capital,Shunwei Capital,Pre-IPO VC,Shunwei,True,True,False,False,,,,Pre-IPO Series,2026-09-30,True,Prospectus History Chapter / Pre-IPO Disclosure
0664.HK,"Hangzhou Tongshifu Cultural and Creative (Group) Co., Ltd. - H Shares",INV_XIAOMI,Xiaomi,Xiaomi,Pre-IPO VC,Xiaomi,False,True,False,False,,,,Pre-IPO Series,2026-09-30,True,Prospectus History Chapter / Pre-IPO Disclosure
0664.HK,"Hangzhou Tongshifu Cultural and Creative (Group) Co., Ltd. - H Shares",INV_TIANTU_CAPITAL,Tiantu Capital,Tiantu Capital,Pre-IPO VC,Tiantu,True,True,False,False,,,,Pre-IPO Series,2026-09-30,True,Prospectus History Chapter / Pre-IPO Disclosure
3625.HK,"Shanghai FourSemi Semiconductor Co., Ltd. - H Shares",INV_TENCENT,Tencent,Tencent,Pre-IPO VC,Tencent,True,True,False,False,,,,Pre-IPO Series,2026-09-30,True,Prospectus History Chapter / Pre-IPO Disclosure
3625.HK,"Shanghai FourSemi Semiconductor Co., Ltd. - H Shares",INV_DIDI,Didi,Didi,Pre-IPO VC,Didi,True,True,False,False,,,,Pre-IPO Series,2026-09-30,True,Prospectus History Chapter / Pre-IPO Disclosure
3625.HK,"Shanghai FourSemi Semiconductor Co., Ltd. - H Shares",INV_NIO_CAPITAL,NIO Capital,NIO Capital,Pre-IPO VC,NIO,True,True,False,False,,,,Pre-IPO Series,2026-09-30,True,Prospectus History Chapter / Pre-IPO Disclosure
3625.HK,"Shanghai FourSemi Semiconductor Co., Ltd. - H Shares",INV_NAVINFO,NavInfo,NavInfo,Pre-IPO VC,NavInfo,True,True,False,False,,,,Pre-IPO Series,2026-09-30,True,Prospectus History Chapter / Pre-IPO Disclosure
3625.HK,"Shanghai FourSemi Semiconductor Co., Ltd. - H Shares",INV_HEFEI_HIGH_TECH_FUND,Hefei High-Tech Fund,Hefei High-Tech Fund,Pre-IPO VC,Hefei,True,True,False,False,,,,Pre-IPO Series,2026-09-30,True,Prospectus History Chapter / Pre-IPO Disclosure
