stock_code,company_name,cohort_year,listing_date,prospectus_date,security_type,listing_route,fini_regime,pricing_reform_regime,is_ah,is_wvr,is_18a,is_18c,lead_sponsor,sponsors,auditor,valuer,offer_price_hkd,funds_raised_public_hkd,funds_raised_int_hkd,funds_raised_total_hkd
9600.HK,Newlink Technology Inc.,2021,2021-01-06,2020-10-21,Ordinary Shares,Main Board Conventional,PRE_FINI,PRE_2025_REFORM,False,False,False,False,Mont Avenir Capital Limited,Mont Avenir Capital Limited,Ernst & Young,,4.36,436000000.0,436000000.00000006,872000000.0
1855.HK,ZONBONG LANDSCAPE Environmental Limited,2021,2021-01-06,2020-10-22,Ordinary Shares,Main Board Conventional,PRE_FINI,PRE_2025_REFORM,False,False,False,False,China Tonghai Capital Limited,China Tonghai Capital Limited,KPMG,,2.0,41252000.0,96248000.0,137500000.0
1440.HK,Deyun Holding Ltd.,2021,2021-01-13,2020-12-28,Ordinary Shares,Main Board Conventional,PRE_FINI,PRE_2025_REFORM,False,False,False,False,Dakin Capital Limited,Dakin Capital Limited,PricewaterhouseCoopers,,0.4,25200000.0,100800000.0,126000000.0
2129.HK,Legion Consortium Limited,2021,2021-01-13,2020-12-30,Ordinary Shares,Main Board Conventional,PRE_FINI,PRE_2025_REFORM,False,False,False,False,Ample Capital Limited,Ample Capital Limited,Deloitte Touche Tohmatsu,Ravia Global Appraisal Advisory Limited,0.4,62500000.0,62500000.0,125000000.0
2153.HK,"Tat Hong Equipment Service Co., Ltd.",2021,2021-01-13,2020-12-30,Ordinary Shares,Main Board Conventional,PRE_FINI,PRE_2025_REFORM,False,False,False,False,Fortune Financial Capital Limited,Fortune Financial Capital Limited,PricewaterhouseCoopers,,1.73,64480560.0,580325040.0,644805600.0
1490.HK,Cheshi Holdings Limited,2021,2021-01-15,2020-12-31,Ordinary Shares,Main Board Conventional,PRE_FINI,PRE_2025_REFORM,False,False,False,False,ABCI Capital Limited,ABCI Capital Limited,PricewaterhouseCoopers,,1.23,125460000.0,163098000.0,288558000.0
2146.HK,"Roiserv Lifestyle Services Co., Ltd. - H Shares",2021,2021-01-15,2020-12-31,H Shares,Chapter 19A (A+H),PRE_FINI,PRE_2025_REFORM,True,False,False,False,Huatai Financial Holdings,"Huatai Financial Holdings
(Hong Kong) Limited",PricewaterhouseCoopers,,13.46,126524000.00000001,1138716000.0,1265240000.0
2125.HK,Strawbear Entertainment Group,2021,2021-01-15,2020-12-31,Ordinary Shares,Main Board Conventional,PRE_FINI,PRE_2025_REFORM,False,False,False,False,"China Merchants Securities (HK) Co., Limited","China Merchants Securities (HK) Co., Limited/ 
China Securities (International) Corporate Finance Company Limited",Ernst & Young,,5.88,487393200.0,633611160.0,1121004360.0
1643.HK,"Modern Chinese Medicine Group Co., Ltd.",2021,2021-01-15,2020-12-31,Ordinary Shares,Main Board Conventional,PRE_FINI,PRE_2025_REFORM,False,False,False,False,Soochow Securities International Capital Limited,Soochow Securities International Capital Limited,Mazars CPA Limited,,1.18,53100000.0,123900000.0,177000000.0
2158.HK,Yidu Tech Inc.,2021,2021-01-15,2020-12-31,Ordinary Shares,Main Board Conventional,PRE_FINI,PRE_2025_REFORM,False,False,False,False,Goldman Sachs (Asia) L.L.C.,"Goldman Sachs (Asia) L.L.C./
China International Capital Corporation Hong Kong Securities Limited",PricewaterhouseCoopers,,26.3,2057317500.0,2674512750.0,4731830250.0
9608.HK,Sundy Service Group Co. Ltd,2021,2021-01-18,2020-12-31,Ordinary Shares,Main Board Conventional,PRE_FINI,PRE_2025_REFORM,False,False,False,False,Cinda International Capital Limited,Cinda International Capital Limited,KPMG,AVISTA Valuation Advisory Limited,0.25,60000000.0,140000000.0,200000000.0
2159.HK,Mediwelcome Healthcare Management & Technology Inc.,2021,2021-01-19,2020-12-31,Ordinary Shares,Main Board Conventional,PRE_FINI,PRE_2025_REFORM,False,False,False,False,CEB International Capital     Corporation Limited,CEB International Capital     Corporation Limited,Moore Stephens CPA Limited,,3.0,75000000.0,75000000.0,150000000.0
6668.HK,E-Star Commercial Management Company Limited,2021,2021-01-26,2021-01-14,Ordinary Shares,Main Board Conventional,PRE_FINI,PRE_2025_REFORM,False,False,False,False,CCB International Capital Limited,"CCB International Capital Limited/
China Securities (International) Corporate Finance Company Limited",Deloitte Touche Tohmatsu,"Savills Valuation and Professional
Services Limited",3.86,482500000.0,562170400.0,1044670400.0
2160.HK,MicroPort CardioFlow Medtech Corporation - B,2021,2021-02-04,2021-01-26,Ordinary Shares,Chapter 18A (Biotech),PRE_FINI,PRE_2025_REFORM,False,False,True,False,J.P. Morgan Securities (Far East) Limited,"J.P. Morgan Securities (Far East) Limited/ 
Citigroup Global Markets Asia Limited/ 
China International Capital Corporation Hong Kong Securities Limited",KPMG,,12.2,1254282000.0,1630566600.0,2884848600.0
2161.HK,JBM (Healthcare) Limited,2021,2021-02-05,2021-01-26,Ordinary Shares,Main Board Conventional,PRE_FINI,PRE_2025_REFORM,False,False,False,False,"China Galaxy International Securities (Hong Kong) Co., Limited","China Galaxy International Securities (Hong Kong) Co., Limited",KPMG,,1.2,53623200.0,,53623200.0
1024.HK,Kuaishou Technology - W,2021,2021-02-05,2021-01-26,WVR Shares,Chapter 8A (WVR),PRE_FINI,PRE_2025_REFORM,False,True,False,False,Morgan Stanley Asia Limited,"Morgan Stanley Asia Limited/ 
Merrill Lynch Far East Limited/ 
China Renaissance Securities (Hong Kong) Limited",PricewaterhouseCoopers,,115.0,2520018000.0,45780131500.0,48300149500.0
2170.HK,Suzhou Basecare Medical Corporation Limited - B - H Shares,2021,2021-02-08,2021-01-27,H Shares,Chapter 18A (Biotech),PRE_FINI,PRE_2025_REFORM,True,False,True,False,CLSA Capital Markets Limited,CLSA Capital Markets Limited,KPMG,,27.36,912045600.0,1099625760.0,2011671360.0
6606.HK,New Horizon Health Limited - B,2021,2021-02-18,2021-02-05,Ordinary Shares,Chapter 18A (Biotech),PRE_FINI,PRE_2025_REFORM,False,False,True,False,Goldman Sachs (Asia) L.L.C.,"Goldman Sachs (Asia) L.L.C./
UBS Securities Hong Kong Limited",Deloitte Touche Tohmatsu,,26.66,1021051340.0,1327361410.0,2348412750.0
1473.HK,Pangaea Connectivity Technology Limited,2021,2021-02-19,2021-01-30,Ordinary Shares,Main Board Conventional,PRE_FINI,PRE_2025_REFORM,False,False,False,False,Honestum International Limited,Honestum International Limited,Ernst & Young,,0.56,56000000.00000001,84000000.00000001,140000000.00000003
6127.HK,"JOINN Laboratories (China) Co., Ltd.",2021,2021-02-26,2021-02-16,Ordinary Shares,Main Board Conventional,PRE_FINI,PRE_2025_REFORM,False,False,False,False,CLSA Capital Markets Limited,CLSA Capital Markets Limited,KPMG,,151.0,2355147000.0,4193058600.0,6548205600.0
6600.HK,SciClone Pharmaceuticals (Holdings) Limited,2021,2021-03-03,2021-02-19,Ordinary Shares,Main Board Conventional,PRE_FINI,PRE_2025_REFORM,False,False,False,False,Morgan Stanley Asia Limited,"Morgan Stanley Asia Limited/
China International Capital Corporation Hong Kong Securities Limited/
Credit Suisse (Hong Kong) Limited",PricewaterhouseCoopers,,18.8,1090268400.0,1090240200.0,2180508600.0
6601.HK,Cheerwin Group Limited,2021,2021-03-10,2021-02-26,Ordinary Shares,Main Board Conventional,PRE_FINI,PRE_2025_REFORM,False,False,False,False,Morgan Stanley Asia Limited,"Morgan Stanley Asia Limited/
China International Capital Corporation Hong Kong Securities Limited",Deloitte Touche Tohmatsu,,9.2,1533336400.0,1533331800.0,3066668200.0
1413.HK,Kwong Luen Engineering Holdings Limited,2021,2021-03-11,2021-02-26,Ordinary Shares,Main Board Conventional,PRE_FINI,PRE_2025_REFORM,False,False,False,False,Grande Capital Limited,Grande Capital Limited,Ernst & Young,,0.54,54000000.0,81000000.0,135000000.0
2518.HK,Autohome Inc. - S,2021,2021-03-15,2021-03-04,Ordinary Shares,Main Board Conventional,PRE_FINI,PRE_2025_REFORM,False,False,False,False,China International Capital Corporation Hong Kong Securities Limited,"China International Capital Corporation Hong Kong Securities Limited/
Goldman Sachs (Asia) L.L.C./
Credit Suisse (Hong Kong) Limited",PricewaterhouseCoopers,,176.3,534047960.00000006,5607397800.0,6141445760.0
1927.HK,Jiujiuwang Food International Limited,2021,2021-03-16,2021-02-26,Ordinary Shares,Main Board Conventional,PRE_FINI,PRE_2025_REFORM,False,False,False,False,Lego Corporate Finance Limited,Lego Corporate Finance Limited,HLB Hodgson Impey Cheng Limited,Colliers International (Hong Kong) Limited,0.75,74250000.0,74250000.0,148500000.0
9888.HK,"Baidu, Inc. - SW",2021,2021-03-23,2021-03-12,Ordinary Shares,Main Board Conventional,PRE_FINI,PRE_2025_REFORM,False,False,False,False,Merrill Lynch (Asia Pacific) Limited,"Merrill Lynch (Asia Pacific) Limited/
CLSA Capital Markets Limited/
Goldman Sachs (Asia) L.L.C.",Ernst & Young,,252.0,2872800000.0,21067200000.0,23940000000.0
2187.HK,Zhixin Group Holding Limited,2021,2021-03-26,2021-03-16,Ordinary Shares,Main Board Conventional,PRE_FINI,PRE_2025_REFORM,False,False,False,False,Kingsway Capital Limited,Kingsway Capital Limited,PricewaterhouseCoopers,Grant Sherman Appraisal Limited,1.5,56112000.0,224388000.0,280500000.0
9626.HK,Bilibili Inc. - SW,2021,2021-03-29,2021-03-18,Ordinary Shares,Main Board Conventional,PRE_FINI,PRE_2025_REFORM,False,False,False,False,Morgan Stanley Asia Limited,"Morgan Stanley Asia Limited/ 
Goldman Sachs (Asia) L.L.C./ 
J.P. Morgan Securities (Far East) Limited/ 
UBS Securities Hong Kong Limited",PricewaterhouseCoopers,,808.0,2424000000.0,20806000000.0,23230000000.0
6608.HK,Bairong Inc. - W,2021,2021-03-31,2021-03-19,WVR Shares,Chapter 8A (WVR),PRE_FINI,PRE_2025_REFORM,False,True,False,False,Morgan Stanley Asia Limited,"Morgan Stanley Asia Limited/ 
China International Capital Corporation Hong Kong Securities Limited/ 
CMBC Securities Company Limited",KPMG,,31.8,1968801600.0,1968453900.0,3937255500.0
6939.HK,"MEGAIN Holding (Cayman) Co., Ltd.",2021,2021-03-31,2021-03-18,Ordinary Shares,Main Board Conventional,PRE_FINI,PRE_2025_REFORM,False,False,False,False,CMBC International Capital Limited,CMBC International Capital Limited,BDO Limited,,1.26,47250000.0,133875000.0,181125000.0
2195.HK,Unity Enterprise Holdings Limited,2021,2021-03-31,2021-03-19,Ordinary Shares,Main Board Conventional,PRE_FINI,PRE_2025_REFORM,False,False,False,False,Grande Capital Limited,Grande Capital Limited,BDO Limited,,0.56,42000000.0,98000000.0,140000000.0
9959.HK,Linklogis Inc. - W,2021,2021-04-09,2021-03-26,WVR Shares,Chapter 8A (WVR),PRE_FINI,PRE_2025_REFORM,False,True,False,False,Goldman Sachs (Asia) L.L.C.,"Goldman Sachs (Asia) L.L.C./ 
China International Capital Corporation
Hong Kong Securities Limited",KPMG,,17.58,2229249480.0,6926590319.999999,9155839800.0
9961.HK,Trip.com Group Limited - S,2021,2021-04-19,2021-04-08,Ordinary Shares,Main Board Conventional,PRE_FINI,PRE_2025_REFORM,False,False,False,False,J.P. Morgan Securities (Far East) Limited,"J.P. Morgan Securities (Far East) Limited/ 
China International Capital Corporation
Hong Kong Securities Limited/ 
Goldman Sachs (Asia) L.L.C.",PricewaterhouseCoopers,,268.0,932626600.0,8817454600.0,9750081200.0
6622.HK,Zhaoke Ophthalmology Limited - B,2021,2021-04-29,2021-04-16,Ordinary Shares,Chapter 18A (Biotech),PRE_FINI,PRE_2025_REFORM,False,False,True,False,Goldman Sachs (Asia) L.L.C.,"Goldman Sachs (Asia) L.L.C./
Jefferies Hong Kong Limited",KPMG,,16.8,830373600.0,1245560400.0,2075934000.0
3658.HK,New Hope Service Holdings Limited,2021,2021-05-25,2021-05-11,Ordinary Shares,Main Board Conventional,PRE_FINI,PRE_2025_REFORM,False,False,False,False,ABCI Capital Limited,ABCI Capital Limited,KPMG,"Savills Valuation and Professional
Services Limited",3.8,76000000.0,737678800.0,813678800.0
2618.HK,"JD Logistics, Inc.",2021,2021-05-28,2021-05-17,Ordinary Shares,Main Board Conventional,PRE_FINI,PRE_2025_REFORM,False,False,False,False,Merrill Lynch (Asia Pacific) Limited,"Merrill Lynch (Asia Pacific) Limited/
 Goldman Sachs (Asia) L.L.C./
Haitong International Capital Limited",Deloitte Touche Tohmatsu,,40.36,2212716820.0,26060871744.0,28273588564.0
9982.HK,Central China Management Co. Limited,2021,2021-05-31,2021-05-18,Ordinary Shares,Main Board Conventional,PRE_FINI,PRE_2025_REFORM,False,False,False,False,ICBC International Capital Limited,"ICBC International Capital Limited/
CCB International Capital Limited",KPMG,,3.0,98454000.0,886062000.0,984516000.0
6699.HK,Angelalign Technology Inc.,2021,2021-06-16,2021-06-03,Ordinary Shares,Main Board Conventional,PRE_FINI,PRE_2025_REFORM,False,False,False,False,Goldman Sachs (Asia) L.L.C,"Goldman Sachs (Asia) L.L.C/ 
China International Capital Corporation
Hong Kong Securities Limited",PricewaterhouseCoopers,,173.0,1455760400.0,1892481600.0,3348242000.0
2171.HK,CARsgen Therapeutics Holdings Limited - B,2021,2021-06-18,2021-06-07,Ordinary Shares,Chapter 18A (Biotech),PRE_FINI,PRE_2025_REFORM,False,False,True,False,Goldman Sachs (Asia) L.L.C,"Goldman Sachs (Asia) L.L.C/ 
UBS Securities Hong Kong Limited",PricewaterhouseCoopers,,32.8,1553850800.0,1553850800.0,3107701600.0
9858.HK,China Youran Dairy Group Limited,2021,2021-06-18,2021-06-07,Ordinary Shares,Main Board Conventional,PRE_FINI,PRE_2025_REFORM,False,False,False,False,Huatai Financial Holdings (Hong Kong) Limited,"Huatai Financial Holdings (Hong Kong) Limited/ 
Credit Suisse (Hong Kong) Limited",Deloitte Touche Tohmatsu,,6.98,499377120.0,4494359180.0,4993736300.0
2155.HK,Morimatsu International Holdings Co. Limited,2021,2021-06-28,2021-06-15,Ordinary Shares,Main Board Conventional,PRE_FINI,PRE_2025_REFORM,False,False,False,False,Sinolink Securities (Hong Kong) Company Limited,Sinolink Securities (Hong Kong) Company Limited,KPMG,Cushman & Wakefield Limited,2.48,186000000.0,527000000.0,713000000.0
6626.HK,Yuexiu Services Group Limited,2021,2021-06-28,2021-06-16,Ordinary Shares,Main Board Conventional,PRE_FINI,PRE_2025_REFORM,False,False,False,False,ABCI Capital Limited,"ABCI Capital Limited/ 
China Securities (International) Corporate Finance Company Limited/ 
CCB International Capital Limited/ 
Yue Xiu Capital Limited",PricewaterhouseCoopers,,4.88,180394080.0,1835389960.0,2015784040.0
0013.HK,HUTCHMED (China) Limited,2021,2021-06-30,2021-06-18,Ordinary Shares,Main Board Conventional,PRE_FINI,PRE_2025_REFORM,False,False,False,False,Morgan Stanley Asia Limited,"Morgan Stanley Asia Limited/ 
Jefferies Hong Kong Limited/  
China International Capital Corporation
Hong Kong Securities Limited",PricewaterhouseCoopers,,40.1,521300000.0,4274660000.0,4795960000.0
2150.HK,Nayuki Holdings Limited,2021,2021-06-30,2021-06-18,Ordinary Shares,Main Board Conventional,PRE_FINI,PRE_2025_REFORM,False,False,False,False,J.P. Morgan Securities (Far East) Limited,"J.P. Morgan Securities (Far East) Limited/ 
CMB International Capital Limited/ 
Huatai Financial Holdings (Hong Kong)",KPMG,,19.8,2546963100.0,2546963100.0,5093926200.0
0606.HK,SCE Intelligent Commercial Management Holdings Limited,2021,2021-07-02,2021-06-21,Ordinary Shares,Main Board Conventional,PRE_FINI,PRE_2025_REFORM,False,False,False,False,Merrill Lynch Far East Limited,"Merrill Lynch Far East Limited/
UBS Securities Hong Kong Limited",Ernst & Young,,3.7,185000000.0,1942500000.0,2127500000.0
2190.HK,"Zylox-Tonbridge Medical Technology Co., Ltd. - B - H Shares",2021,2021-07-05,2021-06-22,H Shares,Chapter 18A (Biotech),PRE_FINI,PRE_2025_REFORM,True,False,True,False,Morgan Stanley Asia Limited,"Morgan Stanley Asia Limited/ 
CLSA Capital Markets Limited",PricewaterhouseCoopers,"Jones Lang LaSalle Corporate Appraisal
and Advisory Limited",42.7,1281000000.0,1665300000.0,2946300000.0
2219.HK,Chaoju Eye Care Holdings Limited,2021,2021-07-07,2021-06-24,Ordinary Shares,Main Board Conventional,PRE_FINI,PRE_2025_REFORM,False,False,False,False,Haitong International Capital Limited,Haitong International Capital Limited/ Huatai Financial Holdings (Hong Kong) Limited,Ernst & Young,,10.6,905929000.0,764896000.0,1670825000.0
9868.HK,XPeng Inc. - W,2021,2021-07-07,2021-06-25,WVR Shares,Chapter 8A (WVR),PRE_FINI,PRE_2025_REFORM,False,True,False,False,J.P. Morgan Securities (Far East) Limited,"J.P. Morgan Securities (Far East) Limited/ 
Merrill Lynch (Asia Pacific) Limited",PricewaterhouseCoopers,,165.0,701250000.0,15317494500.0,16018744500.0
2162.HK,Keymed Biosciences Inc. - B,2021,2021-07-08,2021-06-25,Ordinary Shares,Chapter 18A (Biotech),PRE_FINI,PRE_2025_REFORM,False,False,True,False,Morgan Stanley Asia Limited,"Morgan Stanley Asia Limited/ 
China International Capital Corporation
Hong Kong Securities Limited/ 
Huatai Financial Holdings (Hong Kong) Limited",Ernst & Young,,53.3,1552788900.0,2018524300.0,3571313200.0
1965.HK,Landsea Green Life Service Company Limited,2021,2021-07-08,2021-06-25,Ordinary Shares,Main Board Conventional,PRE_FINI,PRE_2025_REFORM,False,False,False,False,Haitong International Capital Limited,Haitong International Capital Limited,PricewaterhouseCoopers,,3.18,31800000.0,320432700.0,352232700.0
2209.HK,YesAsia Holdings Limited,2021,2021-07-09,2021-06-28,Ordinary Shares,Main Board Conventional,PRE_FINI,PRE_2025_REFORM,False,False,False,False,UOB Kay Hian (Hong Kong) Limited,UOB Kay Hian (Hong Kong) Limited,RSM Hong Kong,,3.28,64845599.99999999,66187119.99999999,131032719.99999999
2165.HK,Ling Yue Services Group Limited,2021,2021-07-12,2021-06-29,Ordinary Shares,Main Board Conventional,PRE_FINI,PRE_2025_REFORM,False,False,False,False,CCB International Capital Limited,CCB International Capital Limited,Ernst & Young,,4.19,29330000.0,287790150.0,317120150.0
2177.HK,UNQ Holdings Limited,2021,2021-07-12,2021-06-28,Ordinary Shares,Main Board Conventional,PRE_FINI,PRE_2025_REFORM,False,False,False,False,China International Capital Corporation,"China International Capital Corporation
Hong Kong Securities Limited",PricewaterhouseCoopers,,11.86,109197392.0,254793124.0,363990516.0
2137.HK,Brii Biosciences Limited - B,2021,2021-07-13,2021-06-30,Ordinary Shares,Chapter 18A (Biotech),PRE_FINI,PRE_2025_REFORM,False,False,True,False,Morgan Stanley Asia Limited,"Morgan Stanley Asia Limited/ 
UBS Securities Hong Kong Limited",Deloitte Touche Tohmatsu,,22.25,1241327500.0,1547331750.0,2788659250.0
6913.HK,South China Vocational Education Group Company Limited,2021,2021-07-13,2021-06-30,Ordinary Shares,Main Board Conventional,PRE_FINI,PRE_2025_REFORM,False,False,False,False,BNP Paribas Securities (Asia) Limited,BNP Paribas Securities (Asia) Limited,Ernst & Young,"Jones Lang LaSalle Corporate Appraisal
and Advisory Limited",1.59,53106000.0,477954000.0,531060000.0
6909.HK,BetterLife Holding Limited,2021,2021-07-15,2021-06-30,Ordinary Shares,Main Board Conventional,PRE_FINI,PRE_2025_REFORM,False,False,False,False,Macquarie Capital Limited,Macquarie Capital Limited,Ernst & Young,,4.4,198000000.00000003,561000000.0,759000000.0
2215.HK,Dexin Services Group Limited,2021,2021-07-15,2021-06-29,Ordinary Shares,Main Board Conventional,PRE_FINI,PRE_2025_REFORM,False,False,False,False,CCB International Capital Limited,CCB International Capital Limited,PricewaterhouseCoopers,,3.06,76500000.0,740064060.0,816564060.0
2192.HK,"Medlive Technology Co., Ltd.",2021,2021-07-15,2021-06-30,Ordinary Shares,Main Board Conventional,PRE_FINI,PRE_2025_REFORM,False,False,False,False,Goldman Sachs (Asia) L.L.C.,"Goldman Sachs (Asia) L.L.C./ 
Haitong International Capital Limited",Ernst & Young,,27.2,2109305600.0,2736252000.0,4845557600.0
2175.HK,China General Education Group Limited,2021,2021-07-16,2021-06-30,Ordinary Shares,Main Board Conventional,PRE_FINI,PRE_2025_REFORM,False,False,False,False,Guotai Junan Capital Limited,Guotai Junan Capital Limited,Ernst & Young,Vincorn Consulting and Appraisal Limited,3.69,46125000.0,435482730.0,481607730.0
6616.HK,Global New Material International Holdings Limited,2021,2021-07-16,2021-06-30,Ordinary Shares,Main Board Conventional,PRE_FINI,PRE_2025_REFORM,False,False,False,False,Essence Corporate Finance (Hong Kong) Limited,Essence Corporate Finance (Hong Kong) Limited,RSM Hong Kong,Jones Lang LaSalle Corporate Appraisal and Advisory Limited,3.25,94471000.0,944690500.0,1039161500.0
2205.HK,Kangqiao Service Group Limited,2021,2021-07-16,2021-06-29,Ordinary Shares,Main Board Conventional,PRE_FINI,PRE_2025_REFORM,False,False,False,False,CCB International Capital Limited,CCB International Capital Limited,PricewaterhouseCoopers,,3.68,193200000.0,450800000.0,644000000.0
9960.HK,"Kindstar Globalgene Technology, Inc.",2021,2021-07-16,2021-06-29,Ordinary Shares,Main Board Conventional,PRE_FINI,PRE_2025_REFORM,False,False,False,False,Goldman Sachs (Asia) L.L.C.,"Goldman Sachs (Asia) L.L.C./ 
China International Capital Corporation Hong Kong Securities Limited/
 Credit Suisse (Hong Kong) Limited",Ernst & Young,,9.78,1107120450.0,1107120450.0,2214240900.0
2207.HK,"Ronshine Service Holding Co., Ltd",2021,2021-07-16,2021-06-30,Ordinary Shares,Main Board Conventional,PRE_FINI,PRE_2025_REFORM,False,False,False,False,Haitong International Capital Limited,Haitong International Capital Limited,PricewaterhouseCoopers,,4.88,61000000.0,588547520.0,649547520.0
6611.HK,Sanxun Holdings Group Limited,2021,2021-07-19,2021-06-30,Ordinary Shares,Main Board Conventional,PRE_FINI,PRE_2025_REFORM,False,False,False,False,CCB International Capital Limited,CCB International Capital Limited,Ernst & Young,,4.75,78375000.0,779137750.0,857512750.0
2015.HK,Li Auto Inc. - W,2021,2021-08-12,2021-08-03,WVR Shares,Chapter 8A (WVR),PRE_FINI,PRE_2025_REFORM,False,True,False,False,Goldman Sachs (Asia) L.L.C.,"Goldman Sachs (Asia) L.L.C./ 
China International Capital Corporation Hong Kong Securities Limited",PricewaterhouseCoopers,,118.0,1180000000.0,12256624600.0,13436624600.0
6609.HK,"Shanghai HeartCare Medical Technology
Corporation Limited - B - H Shares",2021,2021-08-20,2021-08-10,H Shares,Chapter 18A (Biotech),PRE_FINI,PRE_2025_REFORM,True,False,True,False,Goldman Sachs (Asia) L.L.C.,"Goldman Sachs (Asia) L.L.C./ 
China International Capital Corporation Hong Kong Securities Limited",Ernst & Young,,171.0,564471000.0,564445350.0,1128916350.0
6669.HK,Acotec Scientific Holdings Limited - B,2021,2021-08-24,2021-08-12,Ordinary Shares,Chapter 18A (Biotech),PRE_FINI,PRE_2025_REFORM,False,False,True,False,Morgan Stanley Asia Limited,"Morgan Stanley Asia Limited/
 China International Capital Corporation Hong Kong Securities Limited",Deloitte Touche Tohmatsu,,23.8,816768400.0,816697000.0,1633465400.0
9869.HK,Helens International Holdings Co. Ltd.,2021,2021-09-10,2021-08-31,Ordinary Shares,Main Board Conventional,PRE_FINI,PRE_2025_REFORM,False,False,False,False,China International Capital Corporation Hong Kong Securities Limited,China International Capital Corporation Hong Kong Securities Limited,PricewaterhouseCoopers,,19.77,798609150.0,2262725925.0,3061335075.0
2216.HK,Broncus Holding Corporation - B,2021,2021-09-24,2021-09-13,Ordinary Shares,Chapter 18A (Biotech),PRE_FINI,PRE_2025_REFORM,False,False,True,False,Goldman Sachs (Asia) L.L.C.,"Goldman Sachs (Asia) L.L.C./ 
Haitong International Capital Limited",Ernst & Young,,18.7,167093850.0,1503844650.0,1670938500.0
9889.HK,"Dongguan Rural Commercial Bank Co., Ltd. - H Shares",2021,2021-09-29,2021-09-16,H Shares,Chapter 19A (A+H),PRE_FINI,PRE_2025_REFORM,True,False,False,False,"China Merchants Securities (HK) Co., Limited","China Merchants Securities (HK) Co., Limited/ 
 CMB International Capital Limited/
ABCI Capital Limited/ 
ICBC International Capital Limited",PricewaterhouseCoopers,,7.92,204494400.0,8888386320.0,9092880720.0
6628.HK,Transcenta Holding Ltd. - B,2021,2021-09-29,2021-09-14,Ordinary Shares,Chapter 18A (Biotech),PRE_FINI,PRE_2025_REFORM,False,False,True,False,Goldman Sachs (Asia) L.L.C.,"Goldman Sachs (Asia) L.L.C./ 
China International Capital Corporation
Hong Kong Securities Limited",Deloitte Touche Tohmatsu,,16.0,258112000.0,387168000.0,645280000.0
2217.HK,Tam Jai International Co. Ltd.,2021,2021-10-07,2021-09-23,Ordinary Shares,Main Board Conventional,PRE_FINI,PRE_2025_REFORM,False,False,False,False,Guotai Junan Capital Limited,Guotai Junan Capital Limited,KPMG,,3.33,334674990.0,780901650.0,1115576640.0
2256.HK,Abbisko Cayman Ltd. - B,2021,2021-10-13,2021-09-30,Ordinary Shares,Chapter 18A (Biotech),PRE_FINI,PRE_2025_REFORM,False,False,True,False,Morgan Stanley Asia Limited,"Morgan Stanley Asia Limited/ 
J.P. Morgan Securities (Far East) Limited",Ernst & Young,,12.46,175386960.0,1579579120.0,1754966080.0
2235.HK,"MicroTech Medical (Hangzhou) Co., Ltd. - B - H Shares",2021,2021-10-19,2021-10-06,H Shares,Chapter 18A (Biotech),PRE_FINI,PRE_2025_REFORM,True,False,True,False,Goldman Sachs (Asia) L.L.C.,"Goldman Sachs (Asia) L.L.C./ 
China International Capital Corporation
Hong Kong Securities Limited",Ernst & Young,,30.5,193766500.0,1811382800.0,2005149300.0
2252.HK,"Shanghai MicroPort MedBot (Group) Co., Ltd. - B - H Shares",2021,2021-11-02,2021-10-21,H Shares,Chapter 18A (Biotech),PRE_FINI,PRE_2025_REFORM,True,False,True,False,J.P. Morgan Securities (Far East) Limited,"J.P. Morgan Securities (Far East) Limited/ 
China International Capital Corporation
Hong Kong Securities Limited",KPMG,,43.2,781920000.0,1016496000.0000001,1798416000.0
2197.HK,"Clover Biopharmaceuticals, Ltd. - B",2021,2021-11-05,2021-10-25,Ordinary Shares,Chapter 18A (Biotech),PRE_FINI,PRE_2025_REFORM,False,False,True,False,Goldman Sachs (Asia) L.L.C.,"Goldman Sachs (Asia) L.L.C./ 
China International Capital Corporation
Hong Kong Securities Limited",Ernst & Young,,13.38,200700000.0,1806300000.0,2007000000.0
2251.HK,"Beijing Airdoc Technology Co., Ltd. - B - H Shares",2021,2021-11-05,2021-10-26,H Shares,Chapter 18A (Biotech),PRE_FINI,PRE_2025_REFORM,True,False,True,False,UBS Securities Hong Kong Limited,"UBS Securities Hong Kong Limited/
CLSA Capital Markets Limited",KPMG,,75.1,167232680.0,1505034040.0,1672266720.0
1948.HK,UJU Holding Ltd.,2021,2021-11-08,2021-10-26,Ordinary Shares,Main Board Conventional,PRE_FINI,PRE_2025_REFORM,False,False,False,False,CMBC International Capital Limited,CMBC International Capital Limited,PricewaterhouseCoopers,,6.7,80400000.0,723600000.0,804000000.0
2210.HK,"Beijing Capital Jiaye Property Services Co., Ltd. - H Shares",2021,2021-11-10,2021-10-29,H Shares,Chapter 19A (A+H),PRE_FINI,PRE_2025_REFORM,True,False,False,False,China International Capital Corporation Hong Kong Securities Limited,China International Capital Corporation Hong Kong Securities Limited,KPMG,Cushman & Wakefield Limited,8.28,30364415.999999996,273240000.0,303604416.0
9956.HK,ANE (Cayman) Inc.,2021,2021-11-11,2021-10-29,Ordinary Shares,Main Board Conventional,PRE_FINI,PRE_2025_REFORM,False,False,False,False,J.P. Morgan Securities (Far East) Limited,"J.P. Morgan Securities (Far East) Limited/ 
China International Capital Corporation
Hong Kong Securities Limited",Ernst & Young,,13.88,111345360.0,1002108240.0,1113453600.0
2265.HK,Hongcheng Environmental Technology Co. Ltd.,2021,2021-11-12,2021-10-29,Ordinary Shares,Main Board Conventional,PRE_FINI,PRE_2025_REFORM,False,False,False,False,First Shanghai Capital Limited,First Shanghai Capital Limited,PricewaterhouseCoopers,Cushman & Wakefield Limited,1.02,76500000.0,178500000.0,255000000.0
9899.HK,Cloud Village Inc.,2021,2021-12-02,2021-11-23,Ordinary Shares,Main Board Conventional,PRE_FINI,PRE_2025_REFORM,False,False,False,False,China International Capital Corporation Hong Kong Securities Limited,"China International Capital Corporation Hong Kong Securities Limited/
 Credit Suisse (Hong Kong) Limited/
Merrill Lynch (Asia Pacific) Limited",PricewaterhouseCoopers,,205.0,328000000.0,2952000000.0,3280000000.0
9898.HK,Weibo Corporation - SW,2021,2021-12-08,2021-11-29,Ordinary Shares,Main Board Conventional,PRE_FINI,PRE_2025_REFORM,False,False,False,False,Goldman Sachs (Asia) L.L.C.,"Goldman Sachs (Asia) L.L.C./
 Credit Suisse (Hong Kong) Limited/
CLSA Capital Markets Ltd./
 China International Capital Corporation Hong Kong Securities Ltd.",PricewaterhouseCoopers,,272.8,300080000.0,3097267536.0,3397347536.0
6821.HK,"Asymchem Laboratories (Tianjin) Co., Ltd. - H Shares",2021,2021-12-10,2021-11-30,H Shares,Chapter 19A (A+H),PRE_FINI,PRE_2025_REFORM,True,False,False,False,Goldman Sachs (Asia) L.L.C.,"Goldman Sachs (Asia) L.L.C./
CLSA Capital Markets Ltd.",Ernst & Young,,388.0,714540800.0,6921648400.0,7636189200.0
1228.HK,CANbridge Pharmaceuticals Inc. - B,2021,2021-12-10,2021-11-30,Ordinary Shares,Chapter 18A (Biotech),PRE_FINI,PRE_2025_REFORM,False,False,True,False,Morgan Stanley Asia Limited,"Morgan Stanley Asia Limited/ 
Jefferies Hong Kong Limited",Ernst & Young,,12.18,68524680.0,616612500.0,685137180.0
2273.HK,GUSHENGTANG HOLDINGS LIMITED,2021,2021-12-10,2021-11-30,Ordinary Shares,Main Board Conventional,PRE_FINI,PRE_2025_REFORM,False,False,False,False,Merrill Lynch (Asia Pacific) Limited,"Merrill Lynch (Asia Pacific) Limited/
Haitong International Capital Limited",Ernst & Young,,29.0,80846200.0,727615800.0,808462000.0
2279.HK,"Yonghe Medical Group Co., Ltd.",2021,2021-12-13,2021-12-01,Ordinary Shares,Main Board Conventional,PRE_FINI,PRE_2025_REFORM,False,False,False,False,Morgan Stanley Asia Limited,"Morgan Stanley Asia Limited/ 
China International Capital Corporation Hong Kong Securities Ltd.",PricewaterhouseCoopers,,15.8,745949600.0,858516700.0,1604466300.0
9699.HK,"Hangzhou SF Intra-city Industrial Co., Ltd. - H Shares",2021,2021-12-14,2021-11-30,H Shares,Chapter 19A (A+H),PRE_FINI,PRE_2025_REFORM,True,False,False,False,China International Capital Corporation Hong Kong Securities Ltd.,"China International Capital Corporation Hong Kong Securities Ltd./
Merrill Lynch (Asia Pacific) Limited",PricewaterhouseCoopers,,16.42,215400844.00000003,1938587892.0000002,2153988736.0000005
2276.HK,"Shanghai Conant Optical Co., Ltd. - H Shares",2021,2021-12-16,2021-11-30,H Shares,Chapter 19A (A+H),PRE_FINI,PRE_2025_REFORM,True,False,False,False,Guotai Junan Capital Limited,Guotai Junan Capital Limited,Ernst & Young,,4.46,54233600.0,488102400.0,542336000.0
6633.HK,Qingci Games Inc.,2021,2021-12-16,2021-12-06,Ordinary Shares,Main Board Conventional,PRE_FINI,PRE_2025_REFORM,False,False,False,False,China International Capital Corporation Hong Kong Securities Ltd.,"China International Capital Corporation Hong Kong Securities Ltd./
CLSA Capital Markets Ltd.",PricewaterhouseCoopers,,11.2,95200000.0,927701600.0,1022901600.0
2270.HK,"Desun Real Estate Investment Services Group Co., Ltd.",2021,2021-12-17,2021-11-30,Ordinary Shares,Main Board Conventional,PRE_FINI,PRE_2025_REFORM,False,False,False,False,Shenwan Hongyuan Capital (H.K.),"Shenwan Hongyuan Capital (H.K.)
Limited",Ernst & Young,,1.11,16650000.000000002,164644080.0,181294080.0
2185.HK,"Shanghai Bio-heart Biological Technology Co., Ltd. - B - H Shares",2021,2021-12-23,2021-12-13,H Shares,Chapter 18A (Biotech),PRE_FINI,PRE_2025_REFORM,True,False,True,False,Huatai Financial Holdings (Hong Kong) Ltd.,Huatai Financial Holdings (Hong Kong) Ltd.,Ernst & Young,,21.25,50872500.0,457788750.0,508661250.0
2285.HK,Chervon Holdings Ltd.,2021,2021-12-30,2021-12-17,Ordinary Shares,Main Board Conventional,PRE_FINI,PRE_2025_REFORM,False,False,False,False,China International Capital Corporation Hong Kong Securities Ltd.,"China International Capital Corporation Hong Kong Securities Ltd./
Citigroup Global Markets Asia Ltd.",KPMG,,43.6,313553760.0,3292314480.0,3605868240.0
0020.HK,SenseTime Group Inc. - W,2021,2021-12-30,2021-12-20,WVR Shares,Chapter 8A (WVR),PRE_FINI,PRE_2025_REFORM,False,True,False,False,China International Capital Corporation Hong Kong Securities Ltd.,"China International Capital Corporation Hong Kong Securities Ltd./
Haitong International Capital Limited/
HSBC Corporate Finance (Hong Kong) Ltd.",PricewaterhouseCoopers,,3.85,577500000.0,6063750000.0,6641250000.0
2257.HK,Sirnaomics Ltd. - B,2021,2021-12-30,2021-12-20,Ordinary Shares,Chapter 18A (Biotech),PRE_FINI,PRE_2025_REFORM,False,False,True,False,China International Capital Corporation Hong Kong Securities Ltd,China International Capital Corporation Hong Kong Securities Ltd,Deloitte Touche Tohmatsu,,65.9,49688600.00000001,511347755.0,561036355.0
2260.HK,Vanov Holdings Company Limited,2022,2022-01-11,2021-12-29,Ordinary Shares,Main Board Conventional,PRE_FINI,PRE_2025_REFORM,False,False,False,False,CMBC International Capital Limited,CMBC International Capital Limited,Grant Thornton Hong Kong Ltd.,,1.22,13932400.0,129590840.0,143523240.0
6680.HK,"JL MAG RARE-EARTH CO., LTD. - H Shares",2022,2022-01-14,2021-12-31,H Shares,Chapter 19A (A+H),PRE_FINI,PRE_2025_REFORM,True,False,False,False,CLSA Capital Markets Limited,"CLSA Capital Markets Limited/
BNP Paribas Securities (Asia) Limited",Ernst & Young,,33.8,848163679.9999999,3392587119.9999995,4240750799.9999995
2250.HK,Semk Holdings International Ltd.,2022,2022-01-17,2021-12-30,Ordinary Shares,Main Board Conventional,PRE_FINI,PRE_2025_REFORM,False,False,False,False,China Everbright Capital Limited,China Everbright Capital Limited,PricewaterhouseCoopers,,2.05,24599999.999999996,221399999.99999997,245999999.99999997
2121.HK,"Qingdao AInnovation Technology Group Co., Ltd - H Shares",2022,2022-01-27,2022-01-17,H Shares,Chapter 19A (A+H),PRE_FINI,PRE_2025_REFORM,True,False,False,False,UBS Securities Hong Kong Limited,"UBS Securities Hong Kong Limited/ 
China International Capital Corporation
Hong Kong Securities Limited/
China Renaissance Securities (Hong Kong) Limited",PricewaterhouseCoopers,,26.3,117681980.0,1059095740.0,1176777720.0
1406.HK,Clarity Medical Group Holding Ltd.,2022,2022-02-18,2022-01-31,Ordinary Shares,Main Board Conventional,PRE_FINI,PRE_2025_REFORM,False,False,False,False,China Everbright Capital Limited,China Everbright Capital Limited,PricewaterhouseCoopers,,1.6,21760000.0,195840000.0,217600000.0
9878.HK,"Huitongda Network Co., Ltd. - H Shares",2022,2022-02-18,2022-01-31,H Shares,Chapter 19A (A+H),PRE_FINI,PRE_2025_REFORM,True,False,False,False,China International Capital Corporation,"China International Capital Corporation
Hong Kong Securities Limited/ 
Citigroup Global Markets Asia Limited/ 
China Renaissance Securities
(Hong Kong) Limited",KPMG,,43.0,221910100.0,2096297300.0,2318207400.0
2157.HK,"Lepu Biopharma Co., Ltd. - B - H Shares",2022,2022-02-23,2022-02-10,H Shares,Chapter 18A (Biotech),PRE_FINI,PRE_2025_REFORM,True,False,True,False,China International Capital Corporation Hong Kong Securities Limited,"China International Capital Corporation Hong Kong Securities Limited/
Morgan Stanley Asia Limited",PricewaterhouseCoopers,AVISTA Valuation Advisory Limited,7.13,90465440.0,820570310.0,911035750.0
0816.HK,"Jinmao Property Services Co., Ltd.",2022,2022-03-10,2022-02-25,Ordinary Shares,Main Board Conventional,PRE_FINI,PRE_2025_REFORM,False,False,False,False,China International Capital Corporation Hong Kong Securities Limited,"China International Capital Corporation Hong Kong Securities Limited/
HSBC Corporate Finance (Hong Kong) Limited",Ernst & Young,,8.14,82555880.0,765542580.0,848098460.0
6639.HK,Arrail Group Ltd.,2022,2022-03-22,2022-03-09,Ordinary Shares,Main Board Conventional,PRE_FINI,PRE_2025_REFORM,False,False,False,False,Morgan Stanley Asia Limited,"Morgan Stanley Asia Limited/
UBS Securities Hong Kong Limited",PricewaterhouseCoopers,,14.62,68026860.0,612205190.0,680232050.0
9638.HK,Ferretti S.p.A.,2022,2022-03-31,2022-03-22,Ordinary Shares,Main Board Conventional,PRE_FINI,PRE_2025_REFORM,False,False,False,False,China International Capital Corporation Hong Kong Securities Limited,China International Capital Corporation Hong Kong Securities Limited,"Ernst & Young/
EY S.p.A",,22.88,191231040.0,1816436336.0,2007667376.0
2179.HK,"Jiangsu Recbio Technology Co., Ltd. - B - H Shares",2022,2022-03-31,2022-03-21,H Shares,Chapter 18A (Biotech),PRE_FINI,PRE_2025_REFORM,True,False,True,False,Morgan Stanley Asia Limited,"Morgan Stanley Asia Limited/
CMB International Capital Limited/
CLSA Capital Markets Limited",Ernst & Young,,24.8,76520400.0,784362000.0,860882400.0
2370.HK,Redco Healthy Living Company Limited,2022,2022-03-31,2022-03-22,Ordinary Shares,Main Board Conventional,PRE_FINI,PRE_2025_REFORM,False,False,False,False,ABCI Capital Limited,ABCI Capital Limited,PricewaterhouseCoopers,,4.1,20500000.0,184499999.99999997,204999999.99999997
2390.HK,Zhihu Inc. - W,2022,2022-04-22,2022-04-11,WVR Shares,Chapter 8A (WVR),PRE_FINI,PRE_2025_REFORM,False,True,False,False,Credit Suisse (Hong Kong) Limited,"Credit Suisse (Hong Kong) Limited/
J.P. Morgan Securities (Far East) Limited/
China International Capital Corporation
Hong Kong Securities Limited/
CMB International Capital Limited",PricewaterhouseCoopers,,32.06,83356000.0,750204000.0,833560000.0
2352.HK,DOWELL SERVICE GROUP CO. LIMITED,2022,2022-04-29,2022-04-19,Ordinary Shares,Main Board Conventional,PRE_FINI,PRE_2025_REFORM,False,False,False,False,Guotai Junan Capital Limited,Guotai Junan Capital Limited,PricewaterhouseCoopers,,11.9,19834920.0,182356397.3,202191317.3
2325.HK,Yunkang Group Limited,2022,2022-05-18,2022-05-05,Ordinary Shares,Main Board Conventional,PRE_FINI,PRE_2025_REFORM,False,False,False,False,CMB International Capital Limited,"CMB International Capital Limited/
SPDB International Capital Limited",PricewaterhouseCoopers,,7.89,109031910.0,1044884535.0,1153916445.0
2347.HK,Yoho Group Holdings Limited,2022,2022-06-10,2022-05-26,Ordinary Shares,Main Board Conventional,PRE_FINI,PRE_2025_REFORM,False,False,False,False,CMBC International Capital Limited,CMBC International Capital Limited,Deloitte Touche Tohmatsu,,2.1,11550000.0,103950000.0,115500000.0
6667.HK,Mega Genomics Ltd.,2022,2022-06-22,2022-06-10,Ordinary Shares,Main Board Conventional,PRE_FINI,PRE_2025_REFORM,False,False,False,False,China Securities (International),"China Securities (International)
Corporate Finance Company Limited",Ernst & Young,,18.0,21531600.0,193780800.0,215312400.0
2246.HK,GOGOX HOLDINGS LIMITED,2022,2022-06-24,2022-06-14,Ordinary Shares,Main Board Conventional,PRE_FINI,PRE_2025_REFORM,False,False,False,False,UBS Securities Hong Kong Limited,UBS Securities Hong Kong Limited/ China International Capital Corporation Hong Kong Securities Limited/ BOCOM International (Asia) Limited/ ABCI Capital Limited,PricewaterhouseCoopers,,21.5,67080000.0,603720000.0,670800000.0
2372.HK,WEIli Holdings Limited,2022,2022-06-30,2022-06-17,Ordinary Shares,Main Board Conventional,PRE_FINI,PRE_2025_REFORM,False,False,False,False,Grande Capital Limited,Grande Capital Limited,PricewaterhouseCoopers,,0.63,12600000.0,113400000.0,126000000.0
2167.HK,TI Cloud Inc.,2022,2022-06-30,2022-06-21,Ordinary Shares,Main Board Conventional,PRE_FINI,PRE_2025_REFORM,False,False,False,False,China International Capital Corporation Hong Kong Securities Limited,China International Capital Corporation Hong Kong Securities Limited,Ernst & Young,,12.85,55938620.0,503427020.0,559365640.0
2391.HK,Tuya Inc. - W,2022,2022-07-05,2022-06-22,WVR Shares,Chapter 8A (WVR),PRE_FINI,PRE_2025_REFORM,False,True,False,False,China International Capital Corporation,"China International Capital Corporation
Hong Kong Securities Limited/Merrill Lynch (Asia Pacific) Limited/ Morgan Stanley Asia Limited",PricewaterhouseCoopers,,19.3,14089000.0,126801000.0,140890000.0
9955.HK,ClouDr Group Limited,2022,2022-07-06,2022-06-23,Ordinary Shares,Main Board Conventional,PRE_FINI,PRE_2025_REFORM,False,False,False,False,Morgan Stanley Asia Limited,Morgan Stanley Asia Limited/ J.P. Morgan Securities (Far East) Limited,KPMG,,30.5,57950000.0,521550000.0,579500000.0
2297.HK,Rainmed Medical Limited - B,2022,2022-07-08,2022-06-27,Ordinary Shares,Chapter 18A (Biotech),PRE_FINI,PRE_2025_REFORM,False,False,True,False,Huatai Financial Holdings (Hong Kong) Limited,Huatai Financial Holdings (Hong Kong) Limited,PricewaterhouseCoopers,,6.24,14576640.0,133929120.0,148505760.0
2376.HK,"Lushang Life Services Co., Ltd. - H Shares",2022,2022-07-08,2022-06-27,H Shares,Chapter 19A (A+H),PRE_FINI,PRE_2025_REFORM,True,False,False,False,ABCI Capital Limited,ABCI Capital Limited,KPMG,Cushman & Wakefield Limited,5.92,19737280.0,177635520.0,197372800.0
2392.HK,Xuan Wu Cloud Technology Holdings Limited,2022,2022-07-08,2022-06-24,Ordinary Shares,Main Board Conventional,PRE_FINI,PRE_2025_REFORM,False,False,False,False,CMB International Capital Limited,CMB International Capital Limited,PricewaterhouseCoopers,,6.24,64381200.0,150215520.0,214596720.0
2361.HK,Sinohealth Holdings Limited,2022,2022-07-12,2022-06-28,Ordinary Shares,Main Board Conventional,PRE_FINI,PRE_2025_REFORM,False,False,False,False,BNP Paribas Securities (Asia) Limited,BNP Paribas Securities (Asia) Limited,Ernst & Young,,5.36,40200000.0,371287200.0,411487200.0
2385.HK,Readboy Education Holding Company Limited,2022,2022-07-12,2022-06-29,Ordinary Shares,Main Board Conventional,PRE_FINI,PRE_2025_REFORM,False,False,False,False,China Securities (International) Corporate Finance Company Limited,China Securities (International) Corporate Finance Company Limited/ Macquarie Capital Limited,Ernst & Young,Jones Lang LaSalle Corporate Appraisal and Advisory Limited,7.6,39520000.0,355680000.0,395200000.0
6661.HK,"Huzhou Gas Co., Ltd. - H shares",2022,2022-07-13,2022-06-29,H Shares,Chapter 19A (A+H),PRE_FINI,PRE_2025_REFORM,True,False,False,False,BOCOM International (Asia) Limited,BOCOM International (Asia) Limited,Ernst & Young,,6.08,30400000.0,290104160.0,320504160.0
9896.HK,MINISO Group Holding Limited,2022,2022-07-13,2022-06-30,Ordinary Shares,Main Board Conventional,PRE_FINI,PRE_2025_REFORM,False,False,False,False,Merrill Lynch (Asia Pacific) Limited,"Merrill Lynch (Asia Pacific) Limited/
Haitong International Capital Limited/
UBS Securities Hong Kong Limited",KPMG,Jones Lang LaSalle Corporate Appraisal and Advisory Limited,13.8,56718000.0,517171560.0,573889560.0
6686.HK,Noah Holdings Private Wealth and Asset Management Limited - S,2022,2022-07-13,2022-06-30,Ordinary Shares,Main Board Conventional,PRE_FINI,PRE_2025_REFORM,False,False,False,False,Goldman Sachs (Asia) L.L.C.,Goldman Sachs (Asia) L.L.C.,Deloitte Touche Tohmatsu,Savills Valuation and Professional Services Limited,292.0,32120000.0,304310720.0,336430720.0
9696.HK,Tianqi Lithium Corporation - H shares,2022,2022-07-13,2022-06-30,H Shares,Chapter 19A (A+H),PRE_FINI,PRE_2025_REFORM,True,False,False,False,Morgan Stanley Asia Limited,"Morgan Stanley Asia Limited/ 
China International Capital Corporation Hong Kong
Securities Limited/ 
CMB International Capital Limited",KPMG,,82.0,1345816800.0,12112203600.0,13458020400.0
1204.HK,BoardWare Intelligence Technology Ltd.,2022,2022-07-15,2022-06-29,Ordinary Shares,Main Board Conventional,PRE_FINI,PRE_2025_REFORM,False,False,False,False,China Tonghai Capital Limited,China Tonghai Capital Limited,PricewaterhouseCoopers,,1.08,13500000.0,121500000.00000001,135000000.0
2418.HK,"Deewin Tianxia Co., Ltd. - H shares",2022,2022-07-15,2022-06-30,H Shares,Chapter 19A (A+H),PRE_FINI,PRE_2025_REFORM,True,False,False,False,China Securities (International) Corporate Finance Company Limited,China Securities (International) Corporate Finance Company Limited,PricewaterhouseCoopers,,1.8,41220900.0,1051455600.0,1092676500.0
2172.HK,MicroPort NeuroTech Limited,2022,2022-07-15,2022-06-29,Ordinary Shares,Main Board Conventional,PRE_FINI,PRE_2025_REFORM,False,False,False,False,J.P. Morgan Securities (Far East) Limited,"J.P. Morgan Securities (Far East) Limited/ China International Capital Corporation
Hong Kong Securities Limited",KPMG,,24.64,101270400.0,236297600.0,337568000.0
2237.HK,China Graphite Group Limited,2022,2022-07-18,2022-06-30,Ordinary Shares,Main Board Conventional,PRE_FINI,PRE_2025_REFORM,False,False,False,False,Lego Corporate Finance Limited,Lego Corporate Finance Limited,PricewaterhouseCoopers,Roma Appraisals Limited,0.325,39000000.0,91000000.0,130000000.0
9857.HK,Linmon Media Limited,2022,2022-08-10,2022-07-29,Ordinary Shares,Main Board Conventional,PRE_FINI,PRE_2025_REFORM,False,False,False,False,Morgan Stanley Asia Limited,"Morgan Stanley Asia Limited/ 
China International Capital Corporation Hong Kong Securities Limited",Ernst & Young,,27.75,33913275.0,386202300.0,420115575.0
2321.HK,Swang Chai Chuan Ltd.,2022,2022-08-19,2022-08-08,Ordinary Shares,Main Board Conventional,PRE_FINI,PRE_2025_REFORM,False,False,False,False,Sunny Fortune Capital Limited,Sunny Fortune Capital Limited,Mazars CPA Limited and Mazars LLP,,0.56,40488000.00000001,114716000.00000001,155204000.00000003
2152.HK,"Suxin Joyful Life Services Co., Ltd. - H Shares",2022,2022-08-24,2022-08-11,H Shares,Chapter 19A (A+H),PRE_FINI,PRE_2025_REFORM,True,False,False,False,BOCOM International (Asia) Limited,BOCOM International (Asia) Limited,Ernst & Young,Cushman & Wakefield Limited,8.6,15204800.0,208799400.0,224004200.0
1880.HK,China Tourism Group Duty Free Corporation Ltd. - H Shares,2022,2022-08-25,2022-08-15,H Shares,Chapter 19A (A+H),PRE_FINI,PRE_2025_REFORM,True,False,False,False,China International Capital Corporation Hong Kong Securities Limited,China International Capital Corporation Hong Kong Securities Limited/ UBS Securities Hong Kong Limited,KPMG,Jones Lang LaSalle Corporate Appraisal and Advisory Limited,158.0,811835600.0,17576757400.0,18388593000.0
2315.HK,"Biocytogen Pharmaceuticals (Beijing) Co., Ltd.- B - H Shares",2022,2022-09-01,2022-08-19,H Shares,Chapter 18A (Biotech),PRE_FINI,PRE_2025_REFORM,True,False,True,False,Goldman Sachs (Asia) L.L.C.,"Goldman Sachs (Asia) L.L.C./ China International Capital Corporation Hong Kong
Securities Limited",KPMG,Asia-Pacific Consulting and Appraisal Limited,25.22,54878720.0,562216850.0,617095570.0
6689.HK,"Chongqing Hongjiu Fruit Co., Ltd. - H Shares",2022,2022-09-05,2022-08-24,H Shares,Chapter 19A (A+H),PRE_FINI,PRE_2025_REFORM,True,False,False,False,China International Capital Corporation Hong Kong Securities Limited,China International Capital Corporation Hong Kong Securities Limited,KPMG,,40.0,33840000.0,537956000.0,571796000.0
9886.HK,Dingdang Health Technology Group Ltd.,2022,2022-09-14,2022-09-01,Ordinary Shares,Main Board Conventional,PRE_FINI,PRE_2025_REFORM,False,False,False,False,China International Capital Corporation Hong Kong Securities Limited,China International Capital Corporation Hong Kong Securities Limited / CMB International Capital Limited,Deloitte Touche Tohmatsu,,12.0,40248000.0,362196000.0,402444000.0
2350.HK,MTT Group Holdings Ltd.,2022,2022-09-26,2022-09-13,Ordinary Shares,Main Board Conventional,PRE_FINI,PRE_2025_REFORM,False,False,False,False,Innovax Capital Limited,Innovax Capital Limited,Deloitte Touche Tohmatsu,,0.85,66406250.0,66406250.0,132812500.0
2602.HK,Onewo Inc. - H Shares,2022,2022-09-29,2022-09-19,H Shares,Chapter 19A (A+H),PRE_FINI,PRE_2025_REFORM,True,False,False,False,CLSA Capital Markets Limited,CLSA Capital Markets Limited/ Citigroup Global Markets Asia Limited/ Goldman Sachs (Asia) L.L.C.,Ernst & Young,,49.35,470369655.0,5848833690.0,6319203345.0
9863.HK,"Zhejiang Leapmotor Technology Co., Ltd. - H Shares",2022,2022-09-29,2022-09-20,H Shares,Chapter 19A (A+H),PRE_FINI,PRE_2025_REFORM,True,False,False,False,J.P. Morgan Securities (Far East) Limited,"J.P. Morgan Securities (Far East) Limited/ China International Capital Corporation Hong Kong
Securities Limited/ Citigroup Global Markets Asia Limited/ CCB International Capital Limited",PricewaterhouseCoopers,,48.0,103027200.0,6176289600.0,6279316800.0
6660.HK,"AIM Vaccine Co., Ltd. - H Shares",2022,2022-10-06,2022-09-23,H Shares,Chapter 19A (A+H),PRE_FINI,PRE_2025_REFORM,True,False,False,False,Goldman Sachs (Asia) L.L.C.,"Goldman Sachs (Asia) L.L.C./ 
China International Capital Corporation
Hong Kong Securities Limited/ 
China Securities (International) Corporate
Finance Company Limited/ 
Macquarie Capital Limited",Ernst & Young,,16.16,15701056.0,163070560.0,178771616.0
3931.HK,"CALB Co., Ltd. - H Shares",2022,2022-10-06,2022-09-23,H Shares,Chapter 19A (A+H),PRE_FINI,PRE_2025_REFORM,True,False,False,False,Huatai Financial Holdings (Hong Kong),"Huatai Financial Holdings (Hong Kong)
Limited",RSM Hong Kong,,38.0,107129600.0,9994991800.0,10102121400.0
1489.HK,GC Construction Holdings Limited,2022,2022-10-10,2022-09-23,Ordinary Shares,Main Board Conventional,PRE_FINI,PRE_2025_REFORM,False,False,False,False,Grande Capital Limited,Grande Capital Limited,PricewaterhouseCoopers,"N/A_x000D_
_x000D_
_x000D_",0.5,12500000.0,112500000.0,125000000.0
9877.HK,"Jenscare Scientific Co., Ltd. - B - H Shares_x000D_",2022,2022-10-10,2022-09-23,H Shares,Chapter 18A (Biotech),PRE_FINI,PRE_2025_REFORM,True,False,True,False,China International Capital Corporation Hong Kong Securities Limited,China International Capital Corporation Hong Kong Securities Limited/ Citigroup Global Markets Asia Limited,Ernst & Young_x000D_,"N/A_x000D_
_x000D_
_x000D_",27.8,22462400.0,202061520.0,224523920.0
2422.HK,"Rego Interactive Co., Ltd",2022,2022-10-17,2022-09-30,Ordinary Shares,Main Board Conventional,PRE_FINI,PRE_2025_REFORM,False,False,False,False,CMBC International Capital Limited,CMBC International Capital Limited,BDO Limited,,0.64,16000000.0,144000000.0,160000000.0
6610.HK,Flowing Cloud Technology Ltd,2022,2022-10-18,2022-09-29,Ordinary Shares,Main Board Conventional,PRE_FINI,PRE_2025_REFORM,False,False,False,False,Shenwan Hongyuan Capital (H.K.) Limited,Shenwan Hongyuan Capital (H.K.) Limited,Deloitte Touche Tohmatsu,,2.21,60001500.0,540013500.0,600015000.0
2367.HK,"Giant Biogene Holding Co., Ltd",2022,2022-11-04,2022-10-25,Ordinary Shares,Main Board Conventional,PRE_FINI,PRE_2025_REFORM,False,False,False,False,Goldman Sachs (Asia) L.L.C.,Goldman Sachs (Asia) L.L.C./ China International Capital Corporation Hong Kong Securities Limited,Ernst & Young_x000D_,,24.3,54947160.0,576852840.0,631800000.0
2291.HK,"LEPU ScienTech Medical Technology (Shanghai) Co., Ltd. - H Shares",2022,2022-11-08,2022-10-27,H Shares,Chapter 19A (A+H),PRE_FINI,PRE_2025_REFORM,True,False,False,False,China International Capital Corporation,"China International Capital Corporation
Hong Kong Securities Limited",PricewaterhouseCoopers,Jones Lang LaSalle Corporate Appraisal and Advisory Limited,29.15,65470900.0,589092350.0,654563250.0
6696.HK,Many Idea Cloud Holdings Limited,2022,2022-11-09,2022-10-28,Ordinary Shares,Main Board Conventional,PRE_FINI,PRE_2025_REFORM,False,False,False,False,Zhongtai International Capital Limited,Zhongtai International Capital Limited,BDO Limited,,1.96,31360000.0,282240000.0,313600000.0
2420.HK,Zibuyu Group Limited,2022,2022-11-11,2022-10-31,Ordinary Shares,Main Board Conventional,PRE_FINI,PRE_2025_REFORM,False,False,False,False,Huatai Financial Holdings,"Huatai Financial Holdings
(Hong Kong) Limited/ ABCI Capital Limited",PricewaterhouseCoopers,,7.86,22990500.0,206914500.0,229905000.0
1407.HK,JY GAS LIMITED,2022,2022-11-16,2022-10-31,Ordinary Shares,Main Board Conventional,PRE_FINI,PRE_2025_REFORM,False,False,False,False,China Industrial Securities International Capital Limited,China Industrial Securities International Capital Limited,PricewaterhouseCoopers,APAC Asset Valuation and Consulting Limited,1.42,15620000.0,140580000.0,156200000.0
2436.HK,LX Technology Group Limited,2022,2022-11-24,2022-11-14,Ordinary Shares,Main Board Conventional,PRE_FINI,PRE_2025_REFORM,False,False,False,False,Haitong International Capital Limited,Haitong International Capital Limited,Deloitte Touche Tohmatsu,,7.6,40476840.0,364291560.0,404768400.0
3660.HK,"360 DigiTech, Inc. - S",2022,2022-11-29,2022-11-18,Ordinary Shares,Main Board Conventional,PRE_FINI,PRE_2025_REFORM,False,False,False,False,Citigroup Global Markets Asia Limited,"Citigroup Global Markets Asia Limited/ 
China International Capital Corporation
Hong Kong Securities Limited",Deloitte Touche Tohmatsu,,50.03,28016800.0,290674300.0,318691100.0
2245.HK,"Lygend Resources & Technology Co., Ltd. - H Shares",2022,2022-12-01,2022-11-21,H Shares,Chapter 19A (A+H),PRE_FINI,PRE_2025_REFORM,True,False,False,False,China International Capital Corporation,"China International Capital Corporation
Hong Kong Securities Limited/ 
CMB International Capital Limited",Ernst & Young_x000D_,Jones Lang LaSalle Corporate Appraisal and Advisory Limited,15.8,367425840.0,3395543240.0,3762969080.0
6963.HK,Sunshine Insurance Group Company Limited - H Shares,2022,2022-12-09,2022-11-30,H Shares,Chapter 19A (A+H),PRE_FINI,PRE_2025_REFORM,True,False,False,False,Huatai Financial Holdings (Hong Kong) Limited,Huatai Financial Holdings (Hong Kong) Limited/ China International Capital Corporation Hong Kong Securities Limited/ UBS Securities Hong Kong Limited/ CCB International Capital Limited,Ernst & Young_x000D_,,5.83,84540830.0,6620848245.0,6705389075.0
2407.HK,Gaush Meditech Ltd,2022,2022-12-12,2022-11-30,Ordinary Shares,Main Board Conventional,PRE_FINI,PRE_2025_REFORM,False,False,False,False,Morgan Stanley Asia Limited,"Morgan Stanley Asia Limited/ 
Haitong International Capital Limited",Ernst & Young_x000D_,,51.4,67179800.0,606370940.0,673550740.0
3611.HK,Huafang Group Inc.,2022,2022-12-12,2022-11-30,Ordinary Shares,Main Board Conventional,PRE_FINI,PRE_2025_REFORM,False,False,False,False,Haitong International Capital Limited,Haitong International Capital Limited/ CCB International Capital Limited,KPMG,,2.8,38640000.0,90160000.0,128800000.0
2440.HK,Howkingtech International Holding Limited,2022,2022-12-12,2022-11-30,Ordinary Shares,Main Board Conventional,PRE_FINI,PRE_2025_REFORM,False,False,False,False,Ping An of China Capital (Hong Kong) Company Limited,Ping An of China Capital (Hong Kong) Company Limited,Ernst & Young_x000D_,,2.73,39312000.0,58968000.0,98280000.0
1947.HK,"Meihao Medical Group Co., Ltd",2022,2022-12-14,2022-11-30,Ordinary Shares,Main Board Conventional,PRE_FINI,PRE_2025_REFORM,False,False,False,False,Innovax Capital Limited,"Innovax Capital Limited/ 
Sinolink Securities (Hong Kong) Company Limited",Ernst & Young_x000D_,,0.84,37800000.0,88200000.0,126000000.0
1244.HK,3D Medicines Inc - B,2022,2022-12-15,2022-11-29,Ordinary Shares,Chapter 18A (Biotech),PRE_FINI,PRE_2025_REFORM,False,False,True,False,China International Capital Corporation,"China International Capital Corporation
Hong Kong Securities Limited/ 
China Securities (International)
Corporate Finance Company Limited",Ernst & Young_x000D_,,24.98,40842300.0,377947400.0,418789700.0
2457.HK,Buyang International Holding Inc,2022,2022-12-15,2022-11-29,Ordinary Shares,Main Board Conventional,PRE_FINI,PRE_2025_REFORM,False,False,False,False,Zhongtai International Capital Limited,Zhongtai International Capital Limited,KPMG,,0.5,50000000.0,75000000.0,125000000.0
9985.HK,WEILONG Delicious Global Holdings Ltd,2022,2022-12-15,2022-12-05,Ordinary Shares,Main Board Conventional,PRE_FINI,PRE_2025_REFORM,False,False,False,False,Morgan Stanley Asia Limited,Morgan Stanley Asia Limited/ China International Capital Corporation Hong Kong Securities Limited/ UBS Securities Hong Kong Limited,PricewaterhouseCoopers,,10.56,305386752.0,712565568.0,1017952320.0
2145.HK,"Shanghai Chicmax Cosmetic Co., Ltd. - H Shares",2022,2022-12-22,2022-12-12,H Shares,Chapter 19A (A+H),PRE_FINI,PRE_2025_REFORM,True,False,False,False,J.P. Morgan Securities (Far East) Limited,"J.P. Morgan Securities (Far East) Limited/China International Capital Corporation
Hong Kong Securities Limited/ CLSA Capital Markets Limited",Ernst & Young_x000D_,AVISTA Valuation Advisory Limited,25.2,44475480.0,912063600.0,956539080.0
0314.HK,"Sipai Health Technology Co., Ltd.",2022,2022-12-23,2022-12-12,Ordinary Shares,Main Board Conventional,PRE_FINI,PRE_2025_REFORM,False,False,False,False,Morgan Stanley Asia Limited,Morgan Stanley Asia Limited/Haitong International Capital Limited,Ernst & Young_x000D_,,18.6,18451200.0,166049640.0,184500840.0
6929.HK,OrbusNeich Medical Group Holdings Ltd.,2022,2022-12-23,2022-12-13,Ordinary Shares,Main Board Conventional,PRE_FINI,PRE_2025_REFORM,False,False,False,False,China International Capital Corporation,"China International Capital Corporation
Hong Kong Securities Limited/CCB International Capital Limited",PricewaterhouseCoopers,,8.8,48083200.00000001,432687200.00000006,480770400.00000006
2427.HK,"Guanze Medical Information Industry (Holding) Co., Ltd.",2022,2022-12-29,2022-12-15,Ordinary Shares,Main Board Conventional,PRE_FINI,PRE_2025_REFORM,False,False,False,False,Southwest Securities (HK) Capital Ltd.,Southwest Securities (HK) Capital Ltd.,Ernst & Young_x000D_,,0.53,10221050.0,91989450.0,102210500.0
6698.HK,STAR CM Holdings Limited,2022,2022-12-29,2022-12-15,Ordinary Shares,Main Board Conventional,PRE_FINI,PRE_2025_REFORM,False,False,False,False,China International Capital Corporation Hong Kong Securities Ltd.,China International Capital Corporation Hong Kong Securities Ltd./ China Securities (International) Corporate Finance Co. Ltd.,Ernst & Young_x000D_,,26.5,39050400.0,362117200.0,401167600.0
2425.HK,AustAsia Group Ltd.,2022,2022-12-30,2022-12-16,Ordinary Shares,Main Board Conventional,PRE_FINI,PRE_2025_REFORM,False,False,False,False,China International Capital Corporation,"China International Capital Corporation
Hong Kong Securities Limited/ DBS Asia Capital Ltd.",Ernst & Young_x000D_,,6.4,19609600.0,180364800.0,199974400.0
6922.HK,"Cryofocus Medtech (Shanghai) Co., Ltd. - B - H Shares",2022,2022-12-30,2022-12-16,H Shares,Chapter 18A (Biotech),PRE_FINI,PRE_2025_REFORM,True,False,True,False,Citigroup Global Markets Asia Ltd.,Citigroup Global Markets Asia Ltd./ Huatai Financial Holdings (Hong Kong) Ltd.,Ernst & Young_x000D_,,18.9,20997900.0,188981100.0,209979000.0
6955.HK,"Shandong Boan Biotechnology Co., Ltd. - B - H Shares",2022,2022-12-30,2022-12-19,H Shares,Chapter 18A (Biotech),PRE_FINI,PRE_2025_REFORM,True,False,True,False,UBS Securities Hong Kong Ltd.,UBS Securities Hong Kong Ltd. / Essence Corporate Finance (Hong Kong) Ltd.,Ernst & Young_x000D_,,19.8,21178080.0,190578960.0,211757040.0
2469.HK,Fenbi Ltd.,2023,2023-01-09,2022-12-23,Ordinary Shares,Main Board Conventional,PRE_FINI,PRE_2025_REFORM,False,False,False,False,Citigroup Global Markets Asia Limited,"Citigroup Global Markets Asia Limited/
China International Capital Corporation
Hong Kong Securities Limited/
Merrill Lynch (Asia Pacific) Limited",PricewaterhouseCoopers,,9.9,59400000.0,138600000.0,198000000.0
2402.HK,"Beijing SinoHytec Co., Ltd. - H Shares",2023,2023-01-12,2022-12-29,H Shares,Chapter 19A (A+H),PRE_FINI,PRE_2025_REFORM,True,False,False,False,Guotai Junan Capital Limited,"Guotai Junan Capital Limited/
Giraffe Capital Limited",Moore Stephens CPA Limited,,60.0,30501000.0,1067406000.0,1097907000.0
2147.HK,Zhengwei Group Holdings Company Limited,2023,2023-01-13,2022-12-30,Ordinary Shares,Main Board Conventional,PRE_FINI,PRE_2025_REFORM,False,False,False,False,Grand Moore Capital Limited,Grand Moore Capital Limited,BDO Limited,,0.68,40800000.0,95200000.0,136000000.0
2458.HK,Gala Technology Holding Limited,2023,2023-01-16,2022-12-30,Ordinary Shares,Main Board Conventional,PRE_FINI,PRE_2025_REFORM,False,False,False,False,UOB Kay Hian (Hong Kong) Limited,UOB Kay Hian (Hong Kong) Limited,PricewaterhouseCoopers,,6.5,24219000.0,56511000.0,80730000.0
2411.HK,Shenzhen Pagoda Industrial (Group) Corporation Limited - H Shares,2023,2023-01-16,2022-12-29,H Shares,Chapter 19A (A+H),PRE_FINI,PRE_2025_REFORM,True,False,False,False,Morgan Stanley Asia Limited,Morgan Stanley Asia Limited,PricewaterhouseCoopers,,5.6,44212000.0,451634400.0,495846400.0
2373.HK,Beauty Farm Medical and Health Industry Inc.,2023,2023-01-16,2022-12-30,Ordinary Shares,Main Board Conventional,PRE_FINI,PRE_2025_REFORM,False,False,False,False,Morgan Stanley Asia Limited,"Morgan Stanley Asia Limited/ 
Haitong International Capital Limited/
Huatai Financial Holdings (Hong Kong) Limited",PricewaterhouseCoopers,Jones Lang LaSalle Corporate Appraisal and Advisory Limited,19.32,234950520.0,665680260.0,900630780.0
2459.HK,SANERGY GROUP LIMITED,2023,2023-01-17,2022-12-30,Ordinary Shares,Main Board Conventional,PRE_FINI,PRE_2025_REFORM,False,False,False,False,Southwest Securities (HK) Capital Limited,Southwest Securities (HK) Capital Limited,Ernst & Young,,1.6,27584000.0,248256000.0,275840000.0
2455.HK,Runhua Living Service Group Holdings Limited,2023,2023-01-17,2022-12-30,Ordinary Shares,Main Board Conventional,PRE_FINI,PRE_2025_REFORM,False,False,False,False,Zhongtai International Capital Limited,Zhongtai International Capital Limited,Ernst & Young,AVISTA Valuation Advisory Limited,1.7,12750000.0,114750000.0,127500000.0
2306.HK,YH Entertainment Group,2023,2023-01-19,2022-12-30,Ordinary Shares,Main Board Conventional,PRE_FINI,PRE_2025_REFORM,False,False,False,False,China Securities (International),"China Securities (International) 
Corporate Finance Company Limited/
China Merchants Securities (HK) Co., Limited",PricewaterhouseCoopers,Jones Lang LaSalle Corporate Appraisal and Advisory Limited,4.08,146953440.0,350321040.0,497274480.0
2450.HK,"Huaibei GreenGold Industry Investment Co., Ltd. 
- H Shares",2023,2023-01-20,2022-12-30,H Shares,Chapter 19A (A+H),PRE_FINI,PRE_2025_REFORM,True,False,False,False,China Everbright Capital Limited,China Everbright Capital Limited,KPMG,Roma Appraisals Limited,1.91,25212000.0,100848000.0,126060000.0
2482.HK,"Logory Logistics Technology Co., Ltd. - H Shares",2023,2023-03-09,2023-02-27,H Shares,Chapter 19A (A+H),PRE_FINI,PRE_2025_REFORM,True,False,False,False,Haitong International Capital Limited,Haitong International Capital Limited,Ernst & Young,,2.9,37595600.0,87716300.0,125311900.0
9636.HK,JF Wealth Holdings Ltd,2023,2023-03-10,2023-02-28,Ordinary Shares,Main Board Conventional,PRE_FINI,PRE_2025_REFORM,False,False,False,False,China International Capital Corporation,"China International Capital Corporation
Hong Kong Securities Limited",KPMG,,17.0,101354000.0,917575000.0,1018929000.0
1405.HK,DPC Dash Ltd,2023,2023-03-28,2023-03-16,Ordinary Shares,Main Board Conventional,PRE_FINI,PRE_2025_REFORM,False,False,False,False,Merrill Lynch (Asia Pacific) Limited,Merrill Lynch (Asia Pacific) Limited,PricewaterhouseCoopers,,46.0,26473000.0,600240200.0,626713200.0
2409.HK,Seacon Shipping Group Holdings Limited,2023,2023-03-29,2023-03-14,Ordinary Shares,Main Board Conventional,PRE_FINI,PRE_2025_REFORM,False,False,False,False,Zhongtai International Capital Limited,Zhongtai International Capital Limited,PricewaterhouseCoopers,,3.27,40875000.0,367875000.0,408750000.0
2433.HK,Zhongtian Construction (Hunan) Group Limited,2023,2023-03-30,2023-03-20,Ordinary Shares,Main Board Conventional,PRE_FINI,PRE_2025_REFORM,False,False,False,False,Grande Capital Limited,Grande Capital Limited,BDO Limited,,1.18,14160000.0,127440000.0,141600000.0
2439.HK,China Treasures New Materials Group Ltd.,2023,2023-03-31,2023-03-21,Ordinary Shares,Main Board Conventional,PRE_FINI,PRE_2025_REFORM,False,False,False,False,Soochow Securities International Capital,"Soochow Securities International Capital
Limited",Mazars CPA Limited,,1.05,52500000.0,210000000.0,262500000.0
2405.HK,Powerwin Tech Group Limited,2023,2023-03-31,2023-03-21,Ordinary Shares,Main Board Conventional,PRE_FINI,PRE_2025_REFORM,False,False,False,False,GF Capital (Hong Kong) Limited,GF Capital (Hong Kong) Limited,KPMG,,0.7,14000000.0,125999999.99999999,140000000.0
9669.HK,Beisen Holding Limited,2023,2023-04-13,2023-03-30,Ordinary Shares,Main Board Conventional,PRE_FINI,PRE_2025_REFORM,False,False,False,False,Morgan Stanley Asia Limited,"Morgan Stanley Asia Limited/
China International Capital Corporation 
Hong Kong Securities Limited",PricewaterhouseCoopers,,29.7,71672040.0,167234760.0,238906800.0
2415.HK,MedSci Healthcare Holdings Limited,2023,2023-04-27,2023-04-17,Ordinary Shares,Main Board Conventional,PRE_FINI,PRE_2025_REFORM,False,False,False,False,China International Capital Corporation,"China International Capital Corporation
Hong Kong Securities Limited/
Macquarie Capital Limited",Ernst & Young,,9.1,60778900.0,547001000.0,607779900.0
6979.HK,ZJLD Group Inc,2023,2023-04-27,2023-04-17,Ordinary Shares,Main Board Conventional,PRE_FINI,PRE_2025_REFORM,False,False,False,False,Goldman Sachs (Asia) L.L.C.,"Goldman Sachs (Asia) L.L.C./ 
China Securities (International) 
Corporate Finance Company Limited",KPMG,,10.82,530937400.0,4778434436.0,5309371836.0
2480.HK,"Beijing Luzhu Biotechnology Co., Ltd. - B - H Shares",2023,2023-05-08,2023-04-25,H Shares,Chapter 18A (Biotech),PRE_FINI,PRE_2025_REFORM,True,False,True,False,China International Capital Corporation,"China International Capital Corporation 
Hong Kong Securities Limited",Deloitte Touche Tohmatsu,Savills Valuation and Professional Services (China) Limited,32.8,34072640.0,306588160.0,340660800.0
2442.HK,Easy Smart Group Holdings Limited,2023,2023-05-09,2023-04-25,Ordinary Shares,Main Board Conventional,PRE_FINI,PRE_2025_REFORM,False,False,False,False,Grande Capital Limited,Grande Capital Limited,Deloitte Touche Tohmatsu,,1.28,39168000.0,91392000.0,130560000.0
2486.HK,Plus Group Holdings Inc.,2023,2023-05-11,2023-04-28,Ordinary Shares,Main Board Conventional,PRE_FINI,PRE_2025_REFORM,False,False,False,False,Jefferies Hong Kong Limited,"Jefferies Hong Kong Limited/
Guotai Junan Capital Limited",PricewaterhouseCoopers,,10.6,26500000.0,238500000.0,265000000.0
2416.HK,Edianyun Limited,2023,2023-05-25,2023-05-15,Ordinary Shares,Main Board Conventional,PRE_FINI,PRE_2025_REFORM,False,False,False,False,China International Capital Corporation,"China International Capital Corporation
Hong Kong Securities Limited",Deloitte Touche Tohmatsu,,10.19,20976115.0,575903135.0,596879250.0
9930.HK,Horizon Construction Development Limited,2023,2023-05-25,2023-05-12,Ordinary Shares,Main Board Conventional,PRE_FINI,PRE_2025_REFORM,False,False,False,False,Huatai Financial Holdings (Hong Kong) Limited,"Huatai Financial Holdings (Hong Kong) Limited/
Citigroup Global Markets Asia Limited/
CMB International Capital Limited/
DBS Asia Capital Limited",Ernst & Young,,4.52,20276719.999999996,1628140159.9999998,1648416879.9999998
2487.HK,Cutia Therapeutics - B,2023,2023-06-12,2023-05-31,Ordinary Shares,Chapter 18A (Biotech),PRE_FINI,PRE_2025_REFORM,False,False,True,False,China International Capital Corporation,"China International Capital Corporation 
Hong Kong Securities Limited",Ernst & Young,,21.85,46505540.0,418501790.0,465007330.0
9885.HK,YSB Inc.,2023,2023-06-28,2023-06-15,Ordinary Shares,Main Board Conventional,PRE_FINI,PRE_2025_REFORM,False,False,False,False,China International Capital Corporation,"China International Capital Corporation 
Hong Kong Securities Limited",Deloitte Touche Tohmatsu,,20.0,31624000.0,313084000.0,344708000.0
2105.HK,"Laekna, Inc. - B",2023,2023-06-29,2023-06-16,Ordinary Shares,Chapter 18A (Biotech),PRE_FINI,PRE_2025_REFORM,False,False,True,False,China International Capital Corporation,"China International Capital Corporation
Hong Kong Securities Limited",KPMG,,12.41,79088930.0,711775550.0,790864480.0
9860.HK,ADICON Holdings Limited,2023,2023-06-30,2023-06-19,Ordinary Shares,Main Board Conventional,PRE_FINI,PRE_2025_REFORM,False,False,False,False,Morgan Stanley Asia Limited,"Morgan Stanley Asia Limited/
Jefferies Hong Kong Limited",Ernst & Young,,12.32,40902400.0,416108000.0,457010400.0
2481.HK,"Wise Living Technology Co., Ltd - H shares",2023,2023-07-10,2023-06-28,H Shares,Chapter 19A (A+H),PRE_FINI,PRE_2025_REFORM,True,False,False,False,Guotai Junan Capital Limited,Guotai Junan Capital Limited,PricewaterhouseCoopers,"Vincorn Consulting and
Appraisal Limited",3.6,27216000.0,244944000.0,272160000.0
6990.HK,"Sichuan Kelun-Biotech Biopharmaceutical Co., Ltd.  
- B - H Shares",2023,2023-07-11,2023-06-29,H Shares,Chapter 18A (Biotech),PRE_FINI,PRE_2025_REFORM,True,False,True,False,Goldman Sachs (Asia) L.L.C.,"Goldman Sachs (Asia) L.L.C./
CITIC Securities (Hong Kong) Limited",KPMG,Cushman & Wakefield Limited,60.6,136028820.0,1428238980.0,1564267800.0
3650.HK,Keep Inc.,2023,2023-07-12,2023-06-30,Ordinary Shares,Main Board Conventional,PRE_FINI,PRE_2025_REFORM,False,False,False,False,China International Capital Corporation,"China International Capital Corporation 
Hong Kong Securities Limited",PricewaterhouseCoopers,,28.92,31346388.0,282105924.0,313452312.0
6683.HK,Star Plus Legend Holdings Limited,2023,2023-07-13,2023-06-30,Ordinary Shares,Main Board Conventional,PRE_FINI,PRE_2025_REFORM,False,False,False,False,CMBC International Capital Limited,CMBC International Capital Limited,PricewaterhouseCoopers,"Jones Lang LaSalle Corporate Appraisal
and Advisory Limited",4.25,53822000.0,492419875.0,546241875.0
1284.HK,New Media Lab Limited,2023,2023-07-17,2023-06-30,Ordinary Shares,Main Board Conventional,PRE_FINI,PRE_2025_REFORM,False,False,False,False,Emperor Corporate Finance Limited,"Emperor Corporate Finance Limited/
Lego Corporate Finance Limited",Ernst & Young,Ravia Global Appraisal Advisory Limited,0.92,41400000.0,96600000.0,138000000.0
2271.HK,Zhong An Intelligent Living Service Limited,2023,2023-07-18,2023-06-30,Ordinary Shares,Main Board Conventional,PRE_FINI,PRE_2025_REFORM,False,False,False,False,"China Merchants Securities (HK) Co., Limited","China Merchants Securities (HK) Co., Limited/
Huatai Financial Holdings (Hong Kong) Limited",Ernst & Young,,1.18,14948240.0,147200280.0,162148520.0
1541.HK,"ImmuneOnco Biopharmaceuticals (Shanghai) Inc.  
- B - H Shares",2023,2023-09-05,2023-08-24,H Shares,Chapter 18A (Biotech),PRE_FINI,PRE_2025_REFORM,True,False,True,False,Morgan Stanley Asia Limited,"Morgan Stanley Asia Limited/
China International Capital Corporation 
Hong Kong Securities Limited",Deloitte Touche Tohmatsu,,18.6,31895280.000000004,304113720.0,336009000.0
2490.HK,"LC Logistics, Inc.",2023,2023-09-25,2023-09-13,Ordinary Shares,Main Board Conventional,PRE_FINI,PRE_2025_REFORM,False,False,False,False,CITIC Securities (Hong Kong) Limited,"CITIC Securities (Hong Kong) Limited/
ABCI Capital Limited",Ernst & Young,,5.13,14564070.0,143060310.0,157624380.0
2496.HK,"Wuhan YZY Biopharma Co., Ltd. - B - H Shares",2023,2023-09-25,2023-09-13,H Shares,Chapter 18A (Biotech),PRE_FINI,PRE_2025_REFORM,True,False,True,False,China Securities (International),"China Securities (International)
Corporate Finance Company Limited",Deloitte Touche Tohmatsu,,16.0,17603200.0,171984000.0,189587200.0
9690.HK,TUHU Car Inc. - W,2023,2023-09-26,2023-09-14,WVR Shares,Chapter 8A (WVR),PRE_FINI,PRE_2025_REFORM,False,True,False,False,Goldman Sachs (Asia) L.L.C.,"Goldman Sachs (Asia) L.L.C./
China International Capital Corporation 
Hong Kong Securities Limited/
UBS Securities Hong Kong Limited/
Merrill Lynch (Asia Pacific) Limited",Ernst & Young,,28.0,118846000.0,1196196400.0,1315042400.0
6682.HK,"Beijing Fourth Paradigm Technology Co., Ltd. 
- H Shares",2023,2023-09-28,2023-09-18,H Shares,Chapter 19A (A+H),PRE_FINI,PRE_2025_REFORM,True,False,False,False,China International Capital Corporation,"China International Capital Corporation
Hong Kong Securities Limited",PricewaterhouseCoopers,,55.6,102281760.0,1020515760.0,1122797520.0
9686.HK,Neusoft Xikang Holdings Inc.,2023,2023-09-28,2023-09-18,Ordinary Shares,Main Board Conventional,PRE_FINI,PRE_2025_REFORM,False,False,False,False,China International Capital Corporation,"China International Capital Corporation
Hong Kong Securities Limited",PricewaterhouseCoopers,,4.76,57098580.0,579815600.0,636914180.0
9890.HK,ZX Inc.,2023,2023-09-28,2023-09-18,Ordinary Shares,Main Board Conventional,PRE_FINI,PRE_2025_REFORM,False,False,False,False,China International Capital Corporation,"China International Capital Corporation
Hong Kong Securities Limited/
China Securities (International) 
Corporate Finance Company Limited",Ernst & Young,,14.0,132832000.0,132832000.0,265664000.0
1973.HK,"Tian Tu Capital Co., Ltd. - H Shares",2023,2023-10-06,2023-09-25,H Shares,Chapter 19A (A+H),PRE_FINI,PRE_2025_REFORM,True,False,False,False,Huatai Financial Holdings (Hong Kong) Limited,"Huatai Financial Holdings (Hong Kong) Limited/ 
BOCI Asia Limited",Deloitte Touche Tohmatsu,,6.5,29572400.0,1096604600.0,1126177000.0
2501.HK,Maiyue Technology Limited,2023,2023-10-11,2023-09-28,Ordinary Shares,Main Board Conventional,PRE_FINI,PRE_2025_REFORM,False,False,False,False,Quam Capital Limited,Quam Capital Limited,KPMG,,1.18,14750000.0,132750000.0,147500000.0
2451.HK,Luyuan Group Holding (Cayman) Limited,2023,2023-10-12,2023-09-28,Ordinary Shares,Main Board Conventional,PRE_FINI,PRE_2025_REFORM,False,False,False,False,China Securities (International),"China Securities (International)
Corporate Finance Company Limited",PricewaterhouseCoopers,,7.37,78615790.0,707520000.0,786135790.0
9676.HK,"Shiyue Daotian Group Co., Ltd. - H Shares",2023,2023-10-12,2023-09-28,H Shares,Chapter 19A (A+H),PRE_FINI,PRE_2025_REFORM,True,False,False,False,Morgan Stanley Asia Limited,"Morgan Stanley Asia Limited/
China International Capital Corporation 
Hong Kong Securities Limited/
China Securities (International) 
Corporate Finance Company Limited",KPMG,,15.36,82040832.0,738298368.0,820339200.0
1519.HK,J&T Global Express Limited - W,2023,2023-10-27,2023-10-16,WVR Shares,Chapter 8A (WVR),PRE_FINI,PRE_2025_REFORM,False,True,False,False,Morgan Stanley Asia Limited,"Morgan Stanley Asia Limited/
Merrill Lynch (Asia Pacific) Limited/
China International Capital Corporation
Hong Kong Securities Limited",PricewaterhouseCoopers,,12.0,391862400.0,3526742400.0,3918604800.0
2517.HK,"Guoquan Food (Shanghai) Co., Ltd. - H Shares",2023,2023-11-02,2023-10-20,H Shares,Chapter 19A (A+H),PRE_FINI,PRE_2025_REFORM,True,False,False,False,Huatai Financial Holdings (Hong Kong) Limited,"Huatai Financial Holdings (Hong Kong) Limited/
China International Capital Corporation
 Hong Kong Securities Limited",Ernst & Young,,5.98,41147184.0,421468008.00000006,462615192.00000006
2429.HK,Beijing UBOX Online Technology Corp. - H Shares,2023,2023-11-03,2023-10-24,H Shares,Chapter 19A (A+H),PRE_FINI,PRE_2025_REFORM,True,False,False,False,China Securities (International),"China Securities (International)
Corporate Finance Company Limited/
Huatai Financial Holdings (Hong Kong) Limited",PricewaterhouseCoopers,,10.35,23370300.0,210296475.0,233666775.0
2473.HK,XXF Group Holdings Limited,2023,2023-11-09,2023-10-30,Ordinary Shares,Main Board Conventional,PRE_FINI,PRE_2025_REFORM,False,False,False,False,Quam Capital Limited,Quam Capital Limited,PricewaterhouseCoopers,,1.1,11343750.0,102093750.00000001,113437500.00000001
2499.HK,"FOLANGSI CO., LTD - H Shares",2023,2023-11-10,2023-10-31,H Shares,Chapter 19A (A+H),PRE_FINI,PRE_2025_REFORM,True,False,False,False,Haitong International Capital Limited,Haitong International Capital Limited,Ernst & Young,,14.28,17330208.0,155971872.0,173302080.0
1111.HK,Huashi Group Holdings Limited,2023,2023-11-10,2023-10-31,Ordinary Shares,Main Board Conventional,PRE_FINI,PRE_2025_REFORM,False,False,False,False,Rainbow Capital (HK) Limited,Rainbow Capital (HK) Limited,BDO Limited,,1.04,13000000.0,117000000.0,130000000.0
2268.HK,WuXi XDC Cayman Inc.,2023,2023-11-17,2023-11-07,Ordinary Shares,Main Board Conventional,PRE_FINI,PRE_2025_REFORM,False,False,False,False,Morgan Stanley Asia Limited,"Morgan Stanley Asia Limited/
Goldman Sachs (Asia) L.L.C./
J.P. Morgan Securities (Far East) Limited",Deloitte Touche Tohmatsu,,20.6,1102800400.0,2967852300.0,4070652700.0
2520.HK,"Shanxi Installation Group Co., Ltd. - H Shares",2023,2023-11-22,2023-11-10,H Shares,Chapter 19A (A+H),POST_FINI,PRE_2025_REFORM,True,False,False,False,Huatai Financial Holdings (Hong Kong) Limited,"Huatai Financial Holdings (Hong Kong) Limited/
Shanxi Securities International Capital Limited","Grant Thornton 
Hong Kong Limited",,2.18,43700280.0,770499200.0,814199480.0
2483.HK,K Cash Corporation Limited,2023,2023-12-05,2023-11-27,Ordinary Shares,Main Board Conventional,POST_FINI,PRE_2025_REFORM,False,False,False,False,DBS Asia Capital Limited,"DBS Asia Capital Limited/ 
Ping An of China Capital (Hong Kong)
 Company Limited",PricewaterhouseCoopers,,1.8,67500000.0,157500000.0,225000000.0
2521.HK,Shenghui Cleanness Group Holdings Limited,2023,2023-12-05,2023-11-27,Ordinary Shares,Main Board Conventional,POST_FINI,PRE_2025_REFORM,False,False,False,False,Cinda International Capital Limited,Cinda International Capital Limited,PricewaterhouseCoopers,Roma Appraisals Limited,0.32,39780000.0,92820000.0,132600000.0
9663.HK,"Sino-Synergy Hydrogen Energy Technology (Jiaxing) Co., Ltd. - H Shares",2023,2023-12-05,2023-11-27,H Shares,Chapter 19A (A+H),POST_FINI,PRE_2025_REFORM,True,False,False,False,Huatai Financial Holdings (Hong Kong) Limited,Huatai Financial Holdings (Hong Kong) Limited,PricewaterhouseCoopers,,19.66,156336320.0,1407026880.0,1563363200.0
2419.HK,"DEKON FOOD AND AGRICULTURE GROUP 
- H Shares",2023,2023-12-06,2023-11-27,H Shares,Chapter 19A (A+H),POST_FINI,PRE_2025_REFORM,True,False,False,False,China International Capital Corporation,"China International Capital Corporation
Hong Kong Securities Limited/
Citigroup Global Markets Asia Limited",KPMG,Jones Lang LaSalle Corporate Appraisal and Advisory Limited,36.95,99439840.00000001,894958560.0,994398400.0
1497.HK,"XIAMEN YAN PALACE BIRD’S NEST INDUSTRY CO., LTD.  - H Shares",2023,2023-12-12,2023-11-30,H Shares,Chapter 19A (A+H),POST_FINI,PRE_2025_REFORM,True,False,False,False,China International Capital Corporation,"China International Capital Corporation
Hong Kong Securities Limited/
GF Capital (Hong Kong) Limited",KPMG,,9.7,124159999.99999999,186240000.0,310400000.0
0666.HK,"REPT BATTERO Energy Co., Ltd. - H Shares",2023,2023-12-18,2023-12-08,H Shares,Chapter 19A (A+H),POST_FINI,PRE_2025_REFORM,True,False,False,False,Morgan Stanley Asia Limited,"Morgan Stanley Asia Limited/
CITIC Securities (Hong Kong) Limited",Ernst & Young,,18.3,212411760.0,1911672900.0,2124084660.0
2502.HK,"Henan Jinyuan Hydrogenated Chemicals Co., Ltd. 
- H Shares",2023,2023-12-20,2023-12-12,H Shares,Chapter 19A (A+H),POST_FINI,PRE_2025_REFORM,True,False,False,False,Haitong International Capital Limited,Haitong International Capital Limited,Deloitte Touche Tohmatsu,Jones Lang LaSalle Corporate Appraisal and Advisory Limited,1.2,86008800.0,200683200.0,286692000.0
1274.HK,"iMotion Automotive Technology (Suzhou) Co., Ltd.  
- H shares",2023,2023-12-20,2023-12-12,H Shares,Chapter 19A (A+H),POST_FINI,PRE_2025_REFORM,True,False,False,False,Citigroup Global Markets Asia Limited,"Citigroup Global Markets Asia Limited/
Huatai Financial Holdings (Hong Kong) Limited/
CCB International Capital Limited",PricewaterhouseCoopers,,29.65,65573940.0,590165460.0,655739400.0
2516.HK,FAR International Holdings Group Company Limited,2023,2023-12-22,2023-12-12,Ordinary Shares,Main Board Conventional,POST_FINI,PRE_2025_REFORM,False,False,False,False,Grand Moore Capital Limited,Grand Moore Capital Limited,"SHINEWING (HK) 
CPA Limited",,0.9,12600000.0,113400000.0,126000000.0
2511.HK,"HighTide Therapeutics, Inc. -B",2023,2023-12-22,2023-12-14,Ordinary Shares,Chapter 18A (Biotech),POST_FINI,PRE_2025_REFORM,False,False,True,False,UBS Securities Hong Kong Limited,"UBS Securities Hong Kong Limited/
Huatai Financial Holdings (Hong Kong) Limited",Ernst & Young,,11.5,83472750.0,194758250.0,278231000.0
2489.HK,PERSISTENCE RESOURCES GROUP LTD,2023,2023-12-22,2023-12-14,Ordinary Shares,Main Board Conventional,POST_FINI,PRE_2025_REFORM,False,False,False,False,Innovax Capital Limited,Innovax Capital Limited,Ernst & Young,,0.55,27500000.000000004,247500000.00000003,275000000.00000006
6911.HK,"PU’ER LANCANG ANCIENT TEA CO., LTD. 
 - H shares",2023,2023-12-22,2023-12-14,H Shares,Chapter 19A (A+H),POST_FINI,PRE_2025_REFORM,True,False,False,False,China Securities (International),"China Securities (International) 
Corporate Finance Company Limited/
China Merchants Securities (HK) Co., Limited",PricewaterhouseCoopers,,10.7,22470000.0,202230000.0,224700000.0
2149.HK,"BaTeLab Co., Ltd. - H shares",2023,2023-12-28,2023-12-18,H Shares,Chapter 19A (A+H),POST_FINI,PRE_2025_REFORM,True,False,False,False,China International Capital Corporation,"China International Capital Corporation
Hong Kong Securities Limited",KPMG,,27.47,41205000.0,370845000.0,412050000.0
9880.HK,UBTECH ROBOTICS CORP LTD - H shares,2023,2023-12-29,2023-12-19,H Shares,Chapter 19A (A+H),POST_FINI,PRE_2025_REFORM,True,False,False,False,Guotai Junan Capital Limited,Guotai Junan Capital Limited,PricewaterhouseCoopers,International Valuation Limited,90.0,101538000.0,940135500.0,1041673500.0
2498.HK,"ROBOSENSE TECHNOLOGY CO., LTD",2024,2024-01-05,2023-12-27,Ordinary Shares,Main Board Conventional,POST_FINI,PRE_2025_REFORM,False,False,False,False,J.P. Morgan Securities (Far East) Limited,"J.P. Morgan Securities (Far East) Limited/
China Renaissance Securities (Hong Kong) Limited",PricewaterhouseCoopers,,43.0,57577000.0,1001835500.0,1059412500.0
6959.HK,Changjiu Holdings Limited,2024,2024-01-09,2023-12-29,Ordinary Shares,Main Board Conventional,POST_FINI,PRE_2025_REFORM,False,False,False,False,CITIC Securities (Hong Kong) Limited,"CITIC Securities (Hong Kong) Limited/
ICBC International Capital Limited",KPMG,,5.95,30071300.0,270641700.0,300713000.0
2453.HK,"Concord Healthcare Group Co., Ltd.- H shares",2024,2024-01-09,2023-12-29,H Shares,Chapter 19A (A+H),POST_FINI,PRE_2025_REFORM,True,False,False,False,China International Capital Corporation,"China International Capital Corporation 
Hong Kong Securities Limited/
Haitong International Capital Limited",BDO Limited,Asia-Pacific Consulting and Appraisal Limited,14.28,56294616.0,506625840.0,562920456.0
2503.HK,Zhongshen Jianye Holding Limited,2024,2024-01-09,2023-12-28,Ordinary Shares,Main Board Conventional,POST_FINI,PRE_2025_REFORM,False,False,False,False,Kingsway Capital Limited,Kingsway Capital Limited,PricewaterhouseCoopers,,1.0,51480000.0,77220000.0,128700000.0
2477.HK,"WellCell Holdings Co., Limited",2024,2024-01-12,2023-12-28,Ordinary Shares,Main Board Conventional,POST_FINI,PRE_2025_REFORM,False,False,False,False,Halcyon Capital Limited,"Halcyon Capital Limited/
Eddid Capital Limited",PricewaterhouseCoopers,,1.0,25000000.0,100000000.0,125000000.0
2540.HK,Lesi Group Limited,2024,2024-03-08,2024-02-29,Ordinary Shares,Main Board Conventional,POST_FINI,PRE_2025_REFORM,False,False,False,False,China Sunrise Capital Limited,China Sunrise Capital Limited,KPMG,,1.1,41250000.0,96250000.00000001,137500000.0
2535.HK,WK Group (Holdings) Limited,2024,2024-03-08,2024-02-29,Ordinary Shares,Main Board Conventional,POST_FINI,PRE_2025_REFORM,False,False,False,False,Grande Capital Limited,Grande Capital Limited,PricewaterhouseCoopers,,0.25,25000000.0,100000000.0,125000000.0
2509.HK,"Qyuns Therapeutics Co., Ltd. - B - H Shares",2024,2024-03-20,2024-03-12,H Shares,Chapter 18A (Biotech),POST_FINI,PRE_2025_REFORM,True,False,True,False,China International Capital Corporation,"China International Capital Corporation
 Hong Kong Securities Limited",KPMG,Asia-Pacific Consulting and Appraisal Limited,19.8,42387840.0,196130880.0,238518720.0
9879.HK,MIGAO GROUP HOLDINGS LIMITED,2024,2024-03-21,2024-03-13,Ordinary Shares,Main Board Conventional,POST_FINI,PRE_2025_REFORM,False,False,False,False,GF Capital (Hong Kong) Limited,GF Capital (Hong Kong) Limited,Deloitte Touche Tohmatsu,,4.08,91800000.0,862675200.0,954475200.0
2536.HK,Palasino Holdings Limited,2024,2024-03-26,2024-03-18,Ordinary Shares,Main Board Conventional,POST_FINI,PRE_2025_REFORM,False,False,False,False,Guotai Junan Capital Limited,Guotai Junan Capital Limited,Deloitte Touche Tohmatsu,Roma Appraisals Limited,2.6,111430800.0,288571400.0,400002200.0
2497.HK,"Fujing Holdings Co., Limited",2024,2024-03-28,2024-03-20,Ordinary Shares,Main Board Conventional,POST_FINI,PRE_2025_REFORM,False,False,False,False,Grande Capital Limited,Grande Capital Limited,"McMillan Woods (Hong Kong) CPA Limited/
Crowe (HK) CPA Limited",BMI Appraisals Limited,1.08,15789600.000000002,92210400.0,108000000.0
2598.HK,"Lianlian DigiTech Co., Ltd.- H shares",2024,2024-03-28,2024-03-20,H Shares,Chapter 19A (A+H),POST_FINI,PRE_2025_REFORM,True,False,False,False,China International Capital Corporation,"China International Capital Corporation 
Hong Kong Securities Limited/
J.P. Morgan Securities (Far East) Limited",PricewaterhouseCoopers,,10.22,197143800.0,460002200.0,657146000.0
2555.HK,"Sichuan Baicha Baidao Industrial Co., Ltd. 
- H shares",2024,2024-04-23,2024-04-15,H Shares,Chapter 19A (A+H),POST_FINI,PRE_2025_REFORM,True,False,False,False,China International Capital Corporation,"China International Capital Corporation
Hong Kong Securities Limited",Deloitte Touche Tohmatsu,,17.5,128373000.0,2457486500.0,2585859500.0
2515.HK,"Tianjin Construction Development Group Co., Ltd. 
- H shares",2024,2024-04-23,2024-04-15,H Shares,Chapter 19A (A+H),POST_FINI,PRE_2025_REFORM,True,False,False,False,China Everbright Capital Limited,China Everbright Capital Limited,KPMG,King Kee Appraisal and Advisory Limited,2.5,67440000.0,67435000.0,134875000.0
2438.HK,Mobvoi Inc.,2024,2024-04-24,2024-04-16,Ordinary Shares,Main Board Conventional,POST_FINI,PRE_2025_REFORM,False,False,False,False,China International Capital Corporation Hong,"China International Capital Corporation Hong
Kong Securities Limited/
CMB International Capital Limited",KPMG,,3.8,160679200.0,200301800.0,360981000.0
2556.HK,Marketingforce Management Ltd,2024,2024-05-16,2024-05-07,Ordinary Shares,Main Board Conventional,POST_FINI,PRE_2025_REFORM,False,False,False,False,China International Capital Corporation,"China International Capital Corporation
Hong Kong Securities Limited/
CCB International Capital Limited",Ernst & Young,,43.6,25942000.0,233464920.0,259406920.0
2529.HK,"Hollwin Urban Operation Service Group Co., Ltd
- H shares",2024,2024-05-17,2024-05-08,H Shares,Chapter 19A (A+H),POST_FINI,PRE_2025_REFORM,True,False,False,False,China International Capital Corporation,"China International Capital Corporation
Hong Kong Securities Limited",KPMG,,3.2,38400000.0,89600000.0,128000000.0
2898.HK,"Sunho Biologics, Inc. - B",2024,2024-05-24,2024-05-16,Ordinary Shares,Chapter 18A (Biotech),POST_FINI,PRE_2025_REFORM,False,False,True,False,China International Capital Corporation,"China International Capital Corporation
Hong Kong Securities Limited",Deloitte Touche Tohmatsu,,13.5,46105200.0,414944100.0,461049300.0
0917.HK,Qunabox Group Limited,2024,2024-05-27,2024-05-17,Ordinary Shares,Main Board Conventional,POST_FINI,PRE_2025_REFORM,False,False,False,False,Haitong International Capital Limited,Haitong International Capital Limited,Ernst & Young,,25.0,49260000.0,443340000.0,492600000.0
2505.HK,EDA GROUP HOLDINGS LIMITED,2024,2024-05-28,2024-05-20,Ordinary Shares,Main Board Conventional,POST_FINI,PRE_2025_REFORM,False,False,False,False,CMB International Capital Limited,CMB International Capital Limited,Ernst & Young,,2.28,33842040.0,188742959.99999997,222584999.99999997
2443.HK,Autostreets Development Limited,2024,2024-05-31,2024-05-23,Ordinary Shares,Main Board Conventional,POST_FINI,PRE_2025_REFORM,False,False,False,False,CITIC Securities (Hong Kong) Limited,"CITIC Securities (Hong Kong) Limited/
Haitong International Capital Limited",Ernst & Young,,10.2,30599999.999999996,122399999.99999999,152999999.99999997
2550.HK,Easou Technology Holdings Limited,2024,2024-06-07,2024-05-30,Ordinary Shares,Main Board Conventional,POST_FINI,PRE_2025_REFORM,False,False,False,False,BOCI Asia Limited,BOCI Asia Limited,Ernst & Young,,5.8,11310000.0,74544500.0,85854500.0
2522.HK,"Jiangxi Rimag Group Co., Ltd. - H shares",2024,2024-06-07,2024-05-30,H Shares,Chapter 19A (A+H),POST_FINI,PRE_2025_REFORM,True,False,False,False,CITIC Securities (Hong Kong) Limited,CITIC Securities (Hong Kong) Limited,PricewaterhouseCoopers,,14.98,133441840.0,133441840.0,266883680.0
2228.HK,QuantumPharm Inc. - P,2024,2024-06-13,2024-06-04,Ordinary Shares,Chapter 18C (Specialist Tech),POST_FINI,PRE_2025_REFORM,False,False,False,True,CITIC Securities (Hong Kong) Limited,CITIC Securities (Hong Kong) Limited,PricewaterhouseCoopers,,5.28,197868000.0,837904320.0,1035772320.0
2512.HK,Cloud Factory Technology Holdings Limited,2024,2024-06-14,2024-06-05,Ordinary Shares,Main Board Conventional,POST_FINI,PRE_2025_REFORM,False,False,False,False,SPDB International Capital Limited,SPDB International Capital Limited,Ernst & Young,,4.6,158700000.0,370300000.0,529000000.0
2881.HK,Wuhan Youji Holdings Ltd.,2024,2024-06-18,2024-06-07,Ordinary Shares,Main Board Conventional,POST_FINI,PRE_2025_REFORM,False,False,False,False,BOCOM International (Asia) Limited,BOCOM International (Asia) Limited,Ernst & Young,,5.5,17891500.0,82758500.0,100650000.0
2559.HK,Dida Inc.,2024,2024-06-28,2024-06-20,Ordinary Shares,Main Board Conventional,POST_FINI,PRE_2025_REFORM,False,False,False,False,China International Capital Corporation,"China International Capital Corporation
Hong Kong Securities Limited/
Haitong International Capital Limited/
Nomura International (Hong Kong) Limited",Deloitte Touche Tohmatsu,,6.0,117273000.0,117273000.0,234546000.0
6181.HK,"Laopu Gold Co., Ltd. - H shares",2024,2024-06-28,2024-06-20,H Shares,Chapter 19A (A+H),POST_FINI,PRE_2025_REFORM,True,False,False,False,China Securities (International),"China Securities (International)
Corporate Finance Company Limited",Ernst & Young,,40.5,452972250.0,588857850.0,1041830100.0
2479.HK,"Tianju Dihe (Suzhou) Technology Co., Ltd. 
- H shares",2024,2024-06-28,2024-06-20,H Shares,Chapter 19A (A+H),POST_FINI,PRE_2025_REFORM,True,False,False,False,CITIC Securities (Hong Kong) Limited,CITIC Securities (Hong Kong) Limited,BDO Limited,"Ravia Global Appraisal 
Advisory Limited",83.33,73905377.0,327595229.0,401500606.0
1354.HK,"Xi’an Kingfar Property Services Co., Ltd. - H shares",2024,2024-07-03,2024-06-24,H Shares,Chapter 19A (A+H),POST_FINI,PRE_2025_REFORM,True,False,False,False,CEB International Capital Corporation Limited,CEB International Capital Corporation Limited,KPMG,APAC Asset Valuation and Consulting Limited,7.5,22515750.0,102485250.0,125001000.0
2545.HK,Zhonggan Communication (Group) Holdings Limited,2024,2024-07-03,2024-06-21,Ordinary Shares,Main Board Conventional,POST_FINI,PRE_2025_REFORM,False,False,False,False,Zhongtai International Capital Limited,Zhongtai International Capital Limited,KPMG,HG Appraisal & Consulting Limited,1.25,100000000.0,100000000.0,200000000.0
6657.HK,"BAIWANG CO., LTD. - H shares",2024,2024-07-09,2024-06-28,H Shares,Chapter 19A (A+H),POST_FINI,PRE_2025_REFORM,True,False,False,False,Haitong International Capital Limited,Haitong International Capital Limited,Deloitte Touche Tohmatsu,,36.0,33343200.0,300088800.0,333432000.0
6086.HK,Fangzhou Inc.,2024,2024-07-09,2024-06-28,Ordinary Shares,Main Board Conventional,POST_FINI,PRE_2025_REFORM,False,False,False,False,Citigroup Global Markets Asia Limited,"Citigroup Global Markets Asia Limited/
ABCI Capital Limited",KPMG,,8.18,58405200.0,136278800.0,194684000.0
9680.HK,Chenqi Technology Limited,2024,2024-07-10,2024-06-28,Ordinary Shares,Main Board Conventional,POST_FINI,PRE_2025_REFORM,False,False,False,False,China International Capital Corporation,"China International Capital Corporation
Hong Kong Securities Limited/
Huatai Financial Holdings (Hong Kong) Limited/
ABCI Capital Limited",KPMG,,35.0,63150500.0,987017500.0,1050168000.0
1334.HK,RUICHANG INTERNATIONAL HOLDINGS LIMITED,2024,2024-07-10,2024-06-28,Ordinary Shares,Main Board Conventional,POST_FINI,PRE_2025_REFORM,False,False,False,False,First Shanghai Capital Limited,First Shanghai Capital Limited,ZHONGHUI ANDA CPA Limited,Jones Lang LaSalle Corporate Appraisal and Advisory Limited,1.05,16458750.0,114791250.0,131250000.0
2495.HK,"Shanghai Voicecomm Information Technology Co., Ltd. . - H shares",2024,2024-07-10,2024-06-28,H Shares,Chapter 19A (A+H),POST_FINI,PRE_2025_REFORM,True,False,False,False,China International Capital Corporation,"China International Capital Corporation 
Hong Kong Securities Limited",KPMG,,152.1,66403818.0,612719640.0,679123458.0
2507.HK,Cirrus Aircraft Limited,2024,2024-07-12,2024-06-28,Ordinary Shares,Main Board Conventional,POST_FINI,PRE_2025_REFORM,False,False,False,False,China International Capital Corporation,"China International Capital Corporation 
Hong Kong Securities Limited",PricewaterhouseCoopers,,27.5,150909000.0,1362292250.0,1513201250.0
2531.HK,GL-Carlink Technology Holding Limited,2024,2024-07-15,2024-06-28,Ordinary Shares,Main Board Conventional,POST_FINI,PRE_2025_REFORM,False,False,False,False,CCB International Capital Limited,CCB International Capital Limited,Deloitte Touche Tohmatsu,,4.7,29892000.0,269028000.0,298920000.0
1471.HK,"Zhongmiao Holdings (Qingdao) Co., Ltd. - H shares",2024,2024-08-06,2024-07-29,H Shares,Chapter 19A (A+H),POST_FINI,PRE_2025_REFORM,True,False,False,False,CITIC Securities (Hong Kong) Limited,"CITIC Securities (Hong Kong) Limited/
Ping An of China Capital 
(Hong Kong) Company Limited",KPMG,,7.0,30499000.0,216601000.0,247100000.0
2533.HK,Black Sesame International Holding Limited,2024,2024-08-08,2024-07-31,Ordinary Shares,Main Board Conventional,POST_FINI,PRE_2025_REFORM,False,False,False,False,China International Capital Corporation,"China International Capital Corporation
Hong Kong Securities Limited/
Huatai Financial Holdings (Hong Kong) Limited",PricewaterhouseCoopers,,28.0,51800000.0,984200000.0,1036000000.0
2410.HK,"TYK Medicines, Inc - B - H Shares",2024,2024-08-20,2024-08-12,H Shares,Chapter 18A (Biotech),POST_FINI,PRE_2025_REFORM,True,False,True,False,CITIC Securities (Hong Kong) Limited,CITIC Securities (Hong Kong) Limited,Ernst & Young,AVISTA Valuation Advisory Limited,12.1,57934800.0,521413200.0,579348000.0
0300.HK,"Midea Group Co., Ltd. - H Shares",2024,2024-09-17,2024-09-09,H Shares,Chapter 19A (A+H),POST_FINI,PRE_2025_REFORM,True,False,False,False,China International Capital Corporation,"China International Capital Corporation
Hong Kong Securities Limited/
Merrill Lynch (Asia Pacific) Limited",PricewaterhouseCoopers,,54.8,1550719440.0,34115778360.0,35666497800.0
2549.HK,Carote Ltd,2024,2024-10-02,2024-09-23,Ordinary Shares,Main Board Conventional,POST_FINI,PRE_2025_REFORM,False,False,False,False,BNP Paribas Securities (Asia) Limited,"BNP Paribas Securities (Asia) Limited/
CMB International Capital Limited",PricewaterhouseCoopers,,5.78,375309850.0,487898470.0,863208320.0
2576.HK,"Zhejiang Taimei Medical Technology Co., Ltd. 
- H Shares",2024,2024-10-08,2024-09-27,H Shares,Chapter 19A (A+H),POST_FINI,PRE_2025_REFORM,True,False,False,False,Morgan Stanley Asia Limited,"Morgan Stanley Asia Limited/
China International Capital Corporation
Hong Kong Securities Limited",PricewaterhouseCoopers,,13.0,167564800.0,167562200.0,335127000.0
9639.HK,Wing Lee Development Construction Holdings Limited,2024,2024-10-09,2024-09-27,Ordinary Shares,Main Board Conventional,POST_FINI,PRE_2025_REFORM,False,False,False,False,Alliance Capital Partners Limited,Alliance Capital Partners Limited,PricewaterhouseCoopers,,0.73,91250000.0,91250000.0,182500000.0
2567.HK,Qiniu Limited,2024,2024-10-16,2024-09-30,Ordinary Shares,Main Board Conventional,POST_FINI,PRE_2025_REFORM,False,False,False,False,Shenwan Hongyuan Capital (H.K.) Limited,"Shenwan Hongyuan Capital (H.K.) Limited/
BOCOM International (Asia) Limited",Ernst & Young,,2.75,131793750.0,307518750.0,439312500.0
2460.HK,China Resources Beverage (Holdings) Company Limited,2024,2024-10-23,2024-10-15,Ordinary Shares,Main Board Conventional,POST_FINI,PRE_2025_REFORM,False,False,False,False,UBS Securities Hong Kong Limited,"UBS Securities Hong Kong Limited/
BOCI Asia Limited/
CITIC Securities (Hong Kong) Limited/
Merrill Lynch (Asia Pacific) Limited",Deloitte Touche Tohmatsu,,14.5,2017393700.0,3756457000.0,5773850700.0
9660.HK,Horizon Robotics - W,2024,2024-10-24,2024-10-16,WVR Shares,Chapter 8A (WVR),POST_FINI,PRE_2025_REFORM,False,True,False,False,Goldman Sachs (Asia) L.L.C.,"Goldman Sachs (Asia) L.L.C./
Morgan Stanley Asia Limited/
China Securities (International)
Corporate Finance Company Limited",PricewaterhouseCoopers,,3.99,811032138.0,5275849320.0,6086881458.0
2465.HK,"Jiangsu Lopal Tech. Co., Ltd.  - H shares",2024,2024-10-30,2024-10-22,H Shares,Chapter 19A (A+H),POST_FINI,PRE_2025_REFORM,True,False,False,False,Guotai Junan Capital Limited,"Guotai Junan Capital Limited/
Halcyon Capital Limited",Moore CPA Limited,,5.5,55000000.0,495000000.0,550000000.0
2563.HK,"Beijing Biostar Pharmaceuticals Co., Ltd. 
- B - H Shares",2024,2024-10-31,2024-10-23,H Shares,Chapter 18A (Biotech),POST_FINI,PRE_2025_REFORM,True,False,True,False,CCB International Capital Limited,"CCB International Capital Limited/
China Securities (International)
Corporate Finance Company Limited",KPMG,Asia-Pacific Consulting and Appraisal Limited,16.0,28009600.0,205398400.0,233408000.0
2510.HK,T.S. Lines Limited,2024,2024-11-01,2024-10-24,Ordinary Shares,Main Board Conventional,POST_FINI,PRE_2025_REFORM,False,False,False,False,J.P. Morgan Securities (Far East) Limited,"J.P. Morgan Securities (Far East) Limited/
China Merchants Securities (HK) Co., Limited",KPMG,,4.18,104892920.0,1002936659.9999999,1107829580.0
2551.HK,"APT Electronics Co., Ltd. - H shares",2024,2024-11-08,2024-10-31,H Shares,Chapter 19A (A+H),POST_FINI,PRE_2025_REFORM,True,False,False,False,CITIC Securities (Hong Kong) Limited,CITIC Securities (Hong Kong) Limited,Ernst & Young,,3.61,69745200.0,69745200.0,139490400.0
2519.HK,"AuGroup (SHENZHEN) Cross-Border Business Co., Ltd. - H shares",2024,2024-11-08,2024-10-31,H Shares,Chapter 18A (Biotech),POST_FINI,PRE_2025_REFORM,True,False,True,False,Huatai Financial Holdings (Hong Kong) Limited,Huatai Financial Holdings (Hong Kong) Limited,Deloitte Touche Tohmatsu,,15.6,139908600.0,326448720.0,466357320.0
2582.HK,"Jiangsu Guofu Hydrogen Energy Equipment Co., Ltd. - H shares",2024,2024-11-15,2024-11-07,H Shares,Chapter 19A (A+H),POST_FINI,PRE_2025_REFORM,True,False,False,False,Haitong International Capital Limited,"Haitong International Capital Limited/
CITIC Securities (Hong Kong) Limited",Deloitte Touche Tohmatsu,AVISTA Valuation Advisory Limited,65.0,47144500.0,342855500.0,390000000.0
6936.HK,"S.F. Holding Co., Ltd. - H shares",2024,2024-11-27,2024-11-19,H Shares,Chapter 19A (A+H),POST_FINI,PRE_2025_REFORM,True,False,False,False,Goldman Sachs (Asia) L.L.C,"Goldman Sachs (Asia) L.L.C/
Huatai Financial Holdings (Hong Kong) Limited/
J.P. Morgan Securities (Far East) Limited",PricewaterhouseCoopers,,34.3,1078735000.0,4752265000.0,5831000000.0
2566.HK,"Hangzhou Jiuyuan Gene Engineering Co., Ltd. 
- H shares",2024,2024-11-28,2024-11-20,H Shares,Chapter 19A (A+H),POST_FINI,PRE_2025_REFORM,True,False,False,False,Huatai Financial Holdings (Hong Kong) Limited,Huatai Financial Holdings (Hong Kong) Limited,Ernst & Young,,12.42,281926548.0,281926548.0,563853096.0
2585.HK,"Mokingran Jewellery Group Co., Ltd. - H shares",2024,2024-11-29,2024-11-21,H Shares,Chapter 19A (A+H),POST_FINI,PRE_2025_REFORM,True,False,False,False,CITIC Securities (Hong Kong) Limited,CITIC Securities (Hong Kong) Limited,Deloitte Touche Tohmatsu,"Cushman & 
Wakefield Limited",12.0,105496800.0,421984800.0,527481600.0
2586.HK,Dmall Inc.,2024,2024-12-06,2024-11-28,Ordinary Shares,Main Board Conventional,POST_FINI,PRE_2025_REFORM,False,False,False,False,UBS Securities Hong Kong Limited,"UBS Securities Hong Kong Limited/
CMB International Capital Limited/
China Merchants Securities (HK) Co., Limited",KPMG,,30.21,77863254.0,700769286.0,778632540.0
2570.HK,Shanghai REFIRE Group Limited - H shares,2024,2024-12-06,2024-11-28,H Shares,Chapter 19A (A+H),POST_FINI,PRE_2025_REFORM,True,False,False,False,China International Capital Corporation,"China International Capital Corporation
Hong Kong Securities Limited",Ernst & Young,,147.0,70971600.0,642140100.0,713111700.0
1318.HK,"Mao Geping Cosmetics Co., Ltd.  - H shares",2024,2024-12-10,2024-12-02,H Shares,Chapter 19A (A+H),POST_FINI,PRE_2025_REFORM,True,False,False,False,China International Capital Corporation,"China International Capital Corporation
Hong Kong Securities Limited",Ernst & Young,Jones Lang LaSalle Corporate Appraisal and Advisory Limited,29.8,1168508660.0,1519060960.0,2687569620.0
2593.HK,Herbs Generation Group Holdings Limited,2024,2024-12-19,2024-12-11,Ordinary Shares,Main Board Conventional,POST_FINI,PRE_2025_REFORM,False,False,False,False,ABCI Capital Limited,ABCI Capital Limited,KPMG,,3.75,62502000.0,62499000.0,125001000.0
0999.HK,Xiaocaiyuan International Holding Ltd.,2024,2024-12-20,2024-12-12,Ordinary Shares,Main Board Conventional,POST_FINI,PRE_2025_REFORM,False,False,False,False,Huatai Financial Holdings (Hong Kong) Limited,"Huatai Financial Holdings (Hong Kong) Limited/
UBS Securities Hong Kong Limited",KPMG,,8.5,86006400.0,774030400.0,860036800.0
2432.HK,Shenzhen Dobot Corp Ltd  - H shares,2024,2024-12-23,2024-12-13,H Shares,Chapter 19A (A+H),POST_FINI,PRE_2025_REFORM,True,False,False,False,Guotai Junan Securities (Hong Kong) Limited,"Guotai Junan Securities (Hong Kong) Limited/
ABCI Capital Limited",Ernst & Young,,18.8,37600000.0,793273520.0,830873520.0
2431.HK,"Minieye Technology Co., Ltd  - H shares",2024,2024-12-27,2024-12-17,H Shares,Chapter 19A (A+H),POST_FINI,PRE_2025_REFORM,True,False,False,False,CITIC Securities (Hong Kong) Limited,"CITIC Securities (Hong Kong) Limited/
China International Capital Corporation
Hong Kong Securities Limited",PricewaterhouseCoopers,,17.0,66623000.0,612465800.0,679088800.0
2587.HK,HealthyWay Inc.,2024,2024-12-30,2024-12-18,Ordinary Shares,Main Board Conventional,POST_FINI,PRE_2025_REFORM,False,False,False,False,CCB International Capital Limited,CCB International Capital Limited,KPMG,,7.8,25740000.0,169260000.0,195000000.0
2577.HK,"InnoScience (Suzhou) Technology Holding Co., Ltd. - H shares",2024,2024-12-30,2024-12-18,H Shares,Chapter 19A (A+H),POST_FINI,PRE_2025_REFORM,True,False,False,False,China International Capital Corporation,"China International Capital Corporation
Hong Kong Securities Limited/
CMB International Capital Limited",KPMG,Jones Lang LaSalle Corporate Appraisal and Advisory Limited,30.86,139993304.0,1311303120.0,1451296424.0
2506.HK,"Xunfei Healthcare Technology Co., Ltd.  - H shares",2024,2024-12-30,2024-12-18,H Shares,Chapter 19A (A+H),POST_FINI,PRE_2025_REFORM,True,False,False,False,Huatai Financial Holdings (Hong Kong) Limited,"Huatai Financial Holdings (Hong Kong) Limited/
GF Capital (Hong Kong) Limited/
CCB International Capital Limited",Deloitte Touche Tohmatsu,,82.8,58258080.0,524285460.0,582543540.0
6681.HK,BrainAurora Medical Technology Limited - B,2025,2025-01-08,2024-12-30,Ordinary Shares,Chapter 18A (Biotech),POST_FINI,POST_2025_REFORM,False,False,True,False,China International Capital Corporation,"China International Capital Corporation
Hong Kong Securities Limited/
SPDB International Capital Limited",Deloitte Touche Tohmatsu,,3.22,58320640.0,524860000.00000006,583180640.0
2560.HK,"Anhui Conch Material Technology Co., Ltd. 
- H shares",2025,2025-01-09,2024-12-31,H Shares,Chapter 19A (A+H),POST_FINI,POST_2025_REFORM,True,False,False,False,China Securities (International),"China Securities (International)
Corporate Finance Company Limited",KPMG,,3.0,130479000.0,304443000.0,434922000.0
2613.HK,"ContiOcean Environment Tech Group Co., Ltd.
- H shares",2025,2025-01-09,2024-12-31,H Shares,Chapter 19A (A+H),POST_FINI,POST_2025_REFORM,True,False,False,False,CITIC Securities (Hong Kong) Limited,"CITIC Securities (Hong Kong) Limited/
China Galaxy International Securities 
(Hong Kong) Co., Limited",Deloitte Touche Tohmatsu,,31.8,60235560.0,257764440.0,318000000.0
0325.HK,Bloks Group Limited,2025,2025-01-10,2024-12-31,Ordinary Shares,Main Board Conventional,POST_FINI,POST_2025_REFORM,False,False,False,False,Goldman Sachs (Asia) L.L.C.,"Goldman Sachs (Asia) L.L.C./
Huatai Financial Holdings (Hong Kong) Limited",Ernst & Young,,60.35,727839105.0,1197265545.0,1925104650.0
2530.HK,Numans Health Food Holdings Company Limited,2025,2025-01-10,2024-12-30,Ordinary Shares,Main Board Conventional,POST_FINI,POST_2025_REFORM,False,False,False,False,"Caitong International Capital Co., Limited","Caitong International Capital Co., Limited",Forvis Mazars CPA Limited,,0.8,80000000.0,120000000.0,200000000.0
0805.HK,New Gonow Recreational Vehicles Inc.,2025,2025-01-13,2024-12-31,Ordinary Shares,Main Board Conventional,POST_FINI,POST_2025_REFORM,False,False,False,False,Huatai Financial Holdings (Hong Kong) Limited,Huatai Financial Holdings (Hong Kong) Limited,KPMG,,1.27,30480000.0,274320000.0,304800000.0
2596.HK,"Yibin City Commercial Bank Co., Ltd - H Shares",2025,2025-01-13,2024-12-30,H Shares,Chapter 19A (A+H),POST_FINI,POST_2025_REFORM,True,False,False,False,CCB International Capital Limited,"CCB International Capital Limited/
ICBC International Capital Limited",PricewaterhouseCoopers,,2.59,37653420.0,1745302580.0,1782956000.0
2571.HK,"Beijing Saimo Technology Co., Ltd. - H shares",2025,2025-01-15,2024-12-31,H Shares,Chapter 19A (A+H),POST_FINI,POST_2025_REFORM,True,False,False,False,CEB International Capital Corporation Limited,CEB International Capital Corporation Limited,PricewaterhouseCoopers,,12.99,43300866.0,389700000.0,433000866.0
1364.HK,Guming Holdings Limited,2025,2025-02-12,2025-02-04,Ordinary Shares,Main Board Conventional,POST_FINI,POST_2025_REFORM,False,False,False,False,Goldman Sachs (Asia) L.L.C.,"Goldman Sachs (Asia) L.L.C./
UBS Securities Hong Kong Limited",Ernst & Young,,9.94,788301640.0,1242169992.0,2030471632.0
2097.HK,MIXUE Group - H shares,2025,2025-03-03,2025-02-21,H Shares,Chapter 19A (A+H),POST_FINI,POST_2025_REFORM,True,False,False,False,Merrill Lynch (Asia Pacific) Limited,"Merrill Lynch (Asia Pacific) Limited/
Goldman Sachs (Asia) L.L.C./
UBS Securities Hong Kong Limited",Ernst & Young,,202.5,1727325000.0,2245482000.0,3972807000.0
6693.HK,"Chifeng Jilong Gold Mining Co., Ltd. - H shares",2025,2025-03-10,2025-02-28,H Shares,Chapter 19A (A+H),POST_FINI,POST_2025_REFORM,True,False,False,False,CITIC Securities (Hong Kong) Limited,CITIC Securities (Hong Kong) Limited,Ernst & Young,,13.72,282154544.0,2962622712.0,3244777256.0
2561.HK,VISEN Pharmaceuticals -B,2025,2025-03-21,2025-03-13,Ordinary Shares,Chapter 18A (Biotech),POST_FINI,POST_2025_REFORM,False,False,True,False,Morgan Stanley Asia Limited,"Morgan Stanley Asia Limited/
Jefferies Hong Kong Limited",Ernst & Young,,68.8,313315200.0,469972800.0,783288000.0
2610.HK,Nanshan Aluminium International Holdings Limited,2025,2025-03-25,2025-03-17,Ordinary Shares,Main Board Conventional,POST_FINI,POST_2025_REFORM,False,False,False,False,Huatai Financial Holdings (Hong Kong) Limited,Huatai Financial Holdings (Hong Kong) Limited,KPMG,Jones Lang LaSalle Corporate Appraisal and Advisory Limited,26.6,234707760.0,2144268560.0,2378976320.0
2569.HK,Soft International Group Ltd,2025,2025-03-27,2025-03-19,Ordinary Shares,Main Board Conventional,POST_FINI,POST_2025_REFORM,False,False,False,False,Sunny Fortune Capital Limited,Sunny Fortune Capital Limited,Forvis Mazars CPA Limited,BonVision International Appraisals Limited,0.51,63750000.0,63750000.0,127500000.0
2625.HK,Jiangsu Horizon Chain Supermarket Company Limited - H shares,2025,2025-03-31,2025-03-21,H Shares,Chapter 19A (A+H),POST_FINI,POST_2025_REFORM,True,False,False,False,Red Solar Capital Limited,Red Solar Capital Limited,KPMG,,2.5,22230000.0,111675000.0,133905000.0
3677.HK,"Jiangsu Zenergy Battery Technologies Group Co., Ltd.- H shares",2025,2025-04-14,2025-04-03,H Shares,Chapter 19A (A+H),POST_FINI,POST_2025_REFORM,True,False,False,False,China International Capital Corporation,"China International Capital Corporation 
Hong Kong Securities Limited/
CMB International Capital Limited",Ernst & Young,,8.27,100500348.0,904500651.0,1005000999.0
9606.HK,"Duality Biotherapeutics, Inc. - B",2025,2025-04-15,2025-04-07,Ordinary Shares,Chapter 18A (Biotech),POST_FINI,POST_2025_REFORM,False,False,True,False,Morgan Stanley Asia Limited,"Morgan Stanley Asia Limited/
Jefferies Hong Kong Limited/
CITIC Securities (Hong Kong) Limited",PricewaterhouseCoopers,,94.6,712886680.0,1172689980.0,1885576660.0
1333.HK,"Breton Technology Co., Ltd.- H shares",2025,2025-05-07,2025-04-25,H Shares,Chapter 19A (A+H),POST_FINI,POST_2025_REFORM,True,False,False,False,China International Capital Corporation,"China International Capital Corporation 
Hong Kong Securities Limited/
CMB International Capital Limited",KPMG,,18.0,46800000.0,187200000.0,234000000.0
2589.HK,"Auntea Jenny (Shanghai) Industrial Co., Ltd.
- H shares",2025,2025-05-08,2025-04-28,H Shares,Chapter 19A (A+H),POST_FINI,POST_2025_REFORM,True,False,False,False,CITIC Securities (Hong Kong) Limited,"CITIC Securities (Hong Kong) Limited/
Haitong International Capital Limited/
Orient Capital (Hong Kong) Limited",Ernst & Young,,113.12,136385390.4,177298632.0,313684022.4
2865.HK,"Hainan Drinda New Energy Technology Co., Ltd. 
- H shares",2025,2025-05-08,2025-04-28,H Shares,Chapter 19A (A+H),POST_FINI,POST_2025_REFORM,True,False,False,False,Huatai Financial Holdings (Hong Kong) Limited,"Huatai Financial Holdings (Hong Kong) Limited/
CMB International Capital Limited/
Deutsche Securities Asia Limited",Deloitte Touche Tohmatsu,,22.15,140504095.0,1264521350.0,1405025445.0
6831.HK,Green Tea Group Limited,2025,2025-05-16,2025-05-08,Ordinary Shares,Main Board Conventional,POST_FINI,POST_2025_REFORM,False,False,False,False,Citigroup Global Markets Asia Limited,"Citigroup Global Markets Asia Limited/
CMB International Capital Limited",KPMG,,7.19,605268580.0,605268580.0,1210537160.0
3750.HK,"Contemporary Amperex Technology Co., Limited
- H shares",2025,2025-05-20,2025-05-12,H Shares,Chapter 19A (A+H),POST_FINI,POST_2025_REFORM,True,False,False,False,China International Capital Corporation,"China International Capital Corporation
Hong Kong Securities Limited/
China Securities (International)
Corporate Finance Company Limited/
J.P. Morgan Securities (Far East) Limited/
Merrill Lynch (Asia Pacific) Limited","Grant Thornton 
Hong Kong Limited",,263.0,2674289200.0,38331434700.0,41005723900.0
2629.HK,Mirxes Holding Company Limited - B,2025,2025-05-23,2025-05-15,Ordinary Shares,Chapter 18A (Biotech),POST_FINI,POST_2025_REFORM,False,False,True,False,China International Capital Corporation,"China International Capital Corporation
Hong Kong Securities Limited/
CCB International Capital Limited",KPMG,,23.3,136857210.0,949388790.0,1086246000.0
1276.HK,"Jiangsu Hengrui Pharmaceuticals Co., Ltd. 
- H shares",2025,2025-05-23,2025-05-15,H Shares,Chapter 19A (A+H),POST_FINI,POST_2025_REFORM,True,False,False,False,Morgan Stanley Asia Limited,"Morgan Stanley Asia Limited/
Citigroup Global Markets Asia Limited/
Huatai Financial Holdings (Hong Kong)",Ernst & Young,,44.05,2126372789.9999998,9247231490.0,11373604280.0
2565.HK,"PegBio Co., Ltd. - B - H shares",2025,2025-05-27,2025-05-19,H Shares,Chapter 18A (Biotech),POST_FINI,POST_2025_REFORM,True,False,True,False,China International Capital Corporation,"China International Capital Corporation
Hong Kong Securities Limited",KPMG,,15.6,150415200.0,150407400.0,300822600.0
2603.HK,"Xiamen Jihong Co., Ltd - H shares",2025,2025-05-27,2025-05-19,H Shares,Chapter 19A (A+H),POST_FINI,POST_2025_REFORM,True,False,False,False,China International Capital Corporation,"China International Capital Corporation
Hong Kong Securities Limited/
CMB International Capital Limited",Ernst & Young,,7.68,156464640.0,365084160.0,521548800.0
2621.HK,Shouhui Group Ltd.,2025,2025-05-30,2025-05-22,Ordinary Shares,Main Board Conventional,POST_FINI,POST_2025_REFORM,False,False,False,False,China International Capital Corporation,"China International Capital Corporation
Hong Kong Securities Limited/
Huatai Financial Holdings (Hong Kong)
Limited",KPMG,,8.08,98407936.0,98407936.0,196815872.0
2605.HK,MetaLight Inc.,2025,2025-06-10,2025-06-02,Ordinary Shares,Main Board Conventional,POST_FINI,POST_2025_REFORM,False,False,False,False,China International Capital Corporation,"China International Capital Corporation
Hong Kong Securities Limited",Ernst & Young,,9.75,121173000.0,121173000.0,242346000.0
2573.HK,"Newtrend Group Holding Co., Ltd. - H shares",2025,2025-06-10,2025-05-30,H Shares,Chapter 19A (A+H),POST_FINI,POST_2025_REFORM,True,False,False,False,CMBC International Capital Limited,CMBC International Capital Limited,"Confucius International 
CPA Limited",,18.9,31419359.999999996,168644700.0,200064060.0
9881.HK,"Rongta Technology (Xiamen) Group Co., Ltd.
- H shares",2025,2025-06-10,2025-05-30,H Shares,Chapter 19A (A+H),POST_FINI,POST_2025_REFORM,True,False,False,False,Yue Xiu Capital Limited,Yue Xiu Capital Limited,PricewaterhouseCoopers,Peak Vision Appraisals Limited,10.0,24290000.0,159710000.0,184000000.0
3288.HK,"Foshan Haitian Flavouring and Food Company Ltd. 
- H shares",2025,2025-06-19,2025-06-11,H Shares,Chapter 19A (A+H),POST_FINI,POST_2025_REFORM,True,False,False,False,China International Capital Corporation,"China International Capital Corporation
Hong Kong Securities Limited/
Goldman Sachs (Asia) L.L.C./
Morgan Stanley Asia Limited",KPMG,,36.3,2006660369.9999998,8564785349.999999,10571445719.999998
2609.HK,Bayzed Health Group Inc,2025,2025-06-23,2025-06-13,Ordinary Shares,Main Board Conventional,POST_FINI,POST_2025_REFORM,False,False,False,False,CMB International Capital Limited,CMB International Capital Limited,KPMG,,4.22,68526048.0,493180428.0,561706476.0
2617.HK,"TransThera Sciences (Nanjing), Inc. - B - H shares",2025,2025-06-23,2025-06-13,H Shares,Chapter 18A (Biotech),POST_FINI,POST_2025_REFORM,True,False,True,False,CITIC Securities (Hong Kong) Limited,"CITIC Securities (Hong Kong) Limited/
Huatai Financial Holdings (Hong Kong) Limited",Ernst & Young,,13.15,40199550.0,160745600.0,200945150.0
2050.HK,"Zhejiang Sanhua Intelligent Controls Co., Ltd.
- H shares",2025,2025-06-23,2025-06-13,H Shares,Chapter 19A (A+H),POST_FINI,POST_2025_REFORM,True,False,False,False,China International Capital Corporation,"China International Capital Corporation 
Hong Kong Securities Limited/
Huatai Financial Holdings (Hong Kong) Limited",Confucius International CPA Limited,,22.53,2474032818.0,8262332274.0,10736365092.0
2643.HK,CaoCao Inc.,2025,2025-06-25,2025-06-17,Ordinary Shares,Main Board Conventional,POST_FINI,POST_2025_REFORM,False,False,False,False,Huatai Financial Holdings (Hong Kong) Limited,"Huatai Financial Holdings (Hong Kong) Limited/
ABCI Capital Limited/
GF Capital (Hong Kong) Limited",PricewaterhouseCoopers,,41.94,555855984.0,1296994500.0,1852850484.0
2619.HK,"X.J. Electrics (Hu Bei) Co., Ltd - H Shares",2025,2025-06-25,2025-06-17,H Shares,Chapter 19A (A+H),POST_FINI,POST_2025_REFORM,True,False,False,False,Sinolink Securities (Hong Kong),"Sinolink Securities (Hong Kong) 
Company Limited",Deloitte Touche Tohmatsu,AVISTA Group,2.86,97554600.0,97554600.0,195109200.0
6883.HK,Eternal Beauty Holdings Limited,2025,2025-06-26,2025-06-18,Ordinary Shares,Main Board Conventional,POST_FINI,POST_2025_REFORM,False,False,False,False,BNP Paribas Securities (Asia) Limited,"BNP Paribas Securities (Asia) Limited/
CITIC Securities (Hong Kong) Limited",PricewaterhouseCoopers,,2.88,288057600.0,672134400.0,960192000.0
2508.HK,SAINT BELLA Inc.,2025,2025-06-26,2025-06-18,Ordinary Shares,Main Board Conventional,POST_FINI,POST_2025_REFORM,False,False,False,False,UBS Securities Hong Kong Limited,"UBS Securities Hong Kong Limited/
CITIC Securities (Hong Kong) Limited",Ernst & Young,,6.58,313931800.0,490121170.0,804052970.0
6168.HK,"Zhou Liu Fu Jewellery Co., Ltd. - H shares",2025,2025-06-26,2025-06-18,H Shares,Chapter 19A (A+H),POST_FINI,POST_2025_REFORM,True,False,False,False,China International Capital Corporation,"China International Capital Corporation
Hong Kong Securities Limited/
China Securities (International) 
Corporate Finance Company Limited",Ernst & Young,,24.0,561696000.0,923988000.0,1485684000.0
6603.HK,IFBH Limited,2025,2025-06-30,2025-06-20,Ordinary Shares,Main Board Conventional,POST_FINI,POST_2025_REFORM,False,False,False,False,CITIC Securities (Hong Kong) Limited,CITIC Securities (Hong Kong) Limited,Ernst & Young LLP,,27.8,579168520.0,752918520.0,1332087040.0
3880.HK,Medtide Inc. - H shares,2025,2025-06-30,2025-06-20,H Shares,Chapter 19A (A+H),POST_FINI,POST_2025_REFORM,True,False,False,False,Morgan Stanley Asia Limited,"Morgan Stanley Asia Limited/
CITIC Securities (Hong Kong) Limited",Ernst & Young,,30.6,257040000.0,257040000.0,514080000.0
9678.HK,"Unisound AI Technology Co., Ltd. - H shares",2025,2025-06-30,2025-06-20,H Shares,Chapter 19A (A+H),POST_FINI,POST_2025_REFORM,True,False,False,False,China International Capital Corporation,"China International Capital Corporation 
Hong Kong Securities Limited/
Haitong International Capital Limited",PricewaterhouseCoopers,,205.0,128002000.0,239997600.0,367999600.0
2592.HK,Cloudbreak Pharma Inc. - B,2025,2025-07-03,2025-06-24,Ordinary Shares,Chapter 18A (Biotech),POST_FINI,POST_2025_REFORM,False,False,True,False,CCB International Capital Limited,"CCB International Capital Limited/
Huatai Financial Holdings (Hong Kong) Limited",PricewaterhouseCoopers,,10.1,122366550.0,489511650.0,611878200.0
2648.HK,"Anjoy Foods Group Co., Ltd. - H shares",2025,2025-07-04,2025-06-25,H Shares,Chapter 19A (A+H),POST_FINI,POST_2025_REFORM,True,False,False,False,Goldman Sachs (Asia) L.L.C.,"Goldman Sachs (Asia) L.L.C./
China International Capital Corporation
Hong Kong Securities Limited",Ernst & Young,,60.0,719910000.0,1679772000.0,2399682000.0
1828.HK,FWD Group Holdings Limited,2025,2025-07-07,2025-06-26,Ordinary Shares,Main Board Conventional,POST_FINI,POST_2025_REFORM,False,False,False,False,Morgan Stanley Asia Limited,"Morgan Stanley Asia Limited/
Goldman Sachs (Asia) L.L.C.",Ernst & Young,,38.0,1041302600.0,2619750400.0,3661053000.0
2590.HK,"Beijing Geekplus Technology Co., Ltd.  
- W - H shares",2025,2025-07-09,2025-06-30,H Shares,Chapter 19A (A+H),POST_FINI,POST_2025_REFORM,True,True,False,False,Morgan Stanley Asia Limited,"Morgan Stanley Asia Limited/
China International Capital Corporation
Hong Kong Securities Limited",KPMG,,16.8,1178966880.0,1812703200.0,2991670080.0
2597.HK,"Beijing Xunzhong Communication Technology Co., Ltd. - H shares",2025,2025-07-09,2025-06-30,H Shares,Chapter 19A (A+H),POST_FINI,POST_2025_REFORM,True,False,False,False,DBS Asia Capital Limited,DBS Asia Capital Limited,Ernst & Young,,13.55,41246200.0,371215800.0,412462000.0
1304.HK,"Fortior Technology (Shenzhen) Co., Ltd.- H shares",2025,2025-07-09,2025-06-30,H Shares,Chapter 19A (A+H),POST_FINI,POST_2025_REFORM,True,False,False,False,China International Capital Corporation,"China International Capital Corporation
Hong Kong Securities Limited",Ernst & Young,,120.5,982050900.0,1615447100.0,2597498000.0
6613.HK,"Lens Technology Co., Ltd. - H shares",2025,2025-07-09,2025-06-30,H Shares,Chapter 19A (A+H),POST_FINI,POST_2025_REFORM,True,False,False,False,CITIC Securities (Hong Kong) Limited,CITIC Securities (Hong Kong) Limited,Deloitte Touche Tohmatsu,,18.18,2145523608.0,3337477128.0,5483000736.0
2651.HK,"Wuhan Dazhong Dental Medical Co., Ltd. - H shares",2025,2025-07-09,2025-06-30,H Shares,Chapter 19A (A+H),POST_FINI,POST_2025_REFORM,True,False,False,False,Haitong International Capital Limited,Haitong International Capital Limited,Ernst & Young,,20.0,38990000.0,178246000.0,217236000.0
9887.HK,"Nanjing Leads Biolabs Co., Ltd. - B - H shares",2025,2025-07-25,2025-07-17,H Shares,Chapter 18A (Biotech),POST_FINI,POST_2025_REFORM,True,False,True,False,Morgan Stanley Asia Limited,"Morgan Stanley Asia Limited/
CITIC Securities (Hong Kong) Limited",Ernst & Young,,35.0,560952000.0,922761000.0,1483713000.0
2627.HK,"Ab&B Bio-Tech CO., LTD. JS  - B - H shares",2025,2025-08-11,2025-07-31,H Shares,Chapter 18A (Biotech),POST_FINI,POST_2025_REFORM,True,False,True,False,CITIC Securities (Hong Kong) Limited,"CITIC Securities (Hong Kong) Limited/
CMB International Capital Limited",Deloitte Touche Tohmatsu,,12.9,51548400.0,379861140.0,431409540.0
2591.HK,"Guangzhou Innogen Pharmaceutical Group Co., Ltd. 
 - B - H shares",2025,2025-08-15,2025-08-07,H Shares,Chapter 18A (Biotech),POST_FINI,POST_2025_REFORM,True,False,True,False,CITIC Securities (Hong Kong) Limited,"CITIC Securities (Hong Kong) Limited/
China International Capital Corporation
Hong Kong Securities Limited",Ernst & Young,,18.68,68290344.0,614583208.0,682873552.0
2631.HK,"SICC CO., LTD. - H shares",2025,2025-08-20,2025-08-11,H Shares,Chapter 19A (A+H),POST_FINI,POST_2025_REFORM,True,False,False,False,China International Capital Corporation,"China International Capital Corporation 
Hong Kong Securities Limited/
CITIC Securities (Hong Kong) Limited",BDO Limited,Asia-Pacific Consulting and Appraisal Limited,42.8,715230800.0,1634810200.0,2350041000.0
6960.HK,"SHUANGDENG GROUP CO., LTD.  - H shares",2025,2025-08-26,2025-08-18,H Shares,Chapter 19A (A+H),POST_FINI,POST_2025_REFORM,True,False,False,False,China International Capital Corporation,"China International Capital Corporation 
Hong Kong Securities Limited/
Huatai Financial Holdings (Hong Kong) Limited/
CCB International Capital Limited",Ernst & Young,,14.51,84970560.0,892140095.0,977110655.0
3858.HK,Jiaxin International Resources Investment Limited,2025,2025-08-28,2025-08-20,Ordinary Shares,Main Board Conventional,POST_FINI,POST_2025_REFORM,False,False,False,False,China International Capital Corporation,"China International Capital Corporation 
Hong Kong Securities Limited",PricewaterhouseCoopers,,10.92,119914704.0,1259062896.0,1378977600.0
2580.HK,"AUX ELECTRIC CO., LTD.",2025,2025-09-02,2025-08-25,Ordinary Shares,Main Board Conventional,POST_FINI,POST_2025_REFORM,False,False,False,False,China International Capital Corporation,"China International Capital Corporation
Hong Kong Securities Limited",Ernst & Young,"Jones Lang LaSalle Corporate Appraisal
and Advisory Limited",17.42,1452521408.0000002,2697535776.0000005,4150057184.000001
2543.HK,"DAHON TECH (SHENZHEN) CO., LTD. - H shares",2025,2025-09-09,2025-09-01,H Shares,Chapter 19A (A+H),POST_FINI,POST_2025_REFORM,True,False,False,False,China Securities (International),"China Securities (International)
Corporate Finance Company Limited",Deloitte Touche Tohmatsu,,49.5,39204000.0,408325500.0,447529500.0
2525.HK,Hesai Group - W,2025,2025-09-16,2025-09-08,WVR Shares,Chapter 8A (WVR),POST_FINI,POST_2025_REFORM,False,True,False,False,China International Capital Corporation,"China International Capital Corporation
Hong Kong Securities Limited/
Guotai Junan Capital Limited/
CMB International Capital Limited",Deloitte Touche Tohmatsu,,212.8,416024000.0,4368252000.0,4784276000.0
2656.HK,160 Health International Limited,2025,2025-09-17,2025-09-09,Ordinary Shares,Main Board Conventional,POST_FINI,POST_2025_REFORM,False,False,False,False,Shenwan Hongyuan Capital (H.K.) Limited,"Shenwan Hongyuan Capital (H.K.) Limited/
Zero2IPO Capital Limited",PricewaterhouseCoopers,,11.89,40006877.5,360038117.5,400044995.0
2595.HK,GenFleet Therapeutics (Shanghai) Inc - B - H shares,2025,2025-09-19,2025-09-11,H Shares,Chapter 18A (Biotech),POST_FINI,POST_2025_REFORM,True,False,True,False,CITIC Securities (Hong Kong) Limited,CITIC Securities (Hong Kong) Limited,Ernst & Young,,20.39,158226400.0,1934317740.0,2092544140.0
6090.HK,BUTONG GROUP,2025,2025-09-23,2025-09-15,Ordinary Shares,Main Board Conventional,POST_FINI,POST_2025_REFORM,False,False,False,False,CITIC Securities (Hong Kong) Limited,"CITIC Securities (Hong Kong) Limited/
Haitong International Capital Limited",KPMG,,71.2,78184720.0,703655360.0,781840080.0
9973.HK,"Chery Automobile Co., Ltd. - H shares",2025,2025-09-25,2025-09-17,H Shares,Chapter 19A (A+H),POST_FINI,POST_2025_REFORM,True,False,False,False,China International Capital Corporation,"China International Capital Corporation
Hong Kong Securities Limited/
Huatai Financial Holdings (Hong Kong) Limited/
GF Capital (Hong Kong) Limited",Ernst & Young,,30.75,914495775.0,9502770900.0,10417266675.0
2889.HK,PATEO CONNECT Technology (Shanghai) Corporation  - H shares,2025,2025-09-30,2025-09-22,H Shares,Chapter 19A (A+H),POST_FINI,POST_2025_REFORM,True,False,False,False,China International Capital Corporation,"China International Capital Corporation
Hong Kong Securities Limited /
Guotai Junan Capital Limited/
CMB International Capital Limited/ 
Huatai Financial Holdings
(Hong Kong) Limited/
CITIC Securities (Hong Kong) Limited",Deloitte Touche Tohmatsu,,102.23,106697451.0,960266836.0,1066964287.0
2583.HK,"Shenzhen Hiphine Precision Technology Co., Ltd. - H shares",2025,2025-09-30,2025-09-19,H Shares,Chapter 19A (A+H),POST_FINI,POST_2025_REFORM,True,False,False,False,Ping An of China Capital,"Ping An of China Capital 
(Hong Kong) Company Limited",Deloitte Touche Tohmatsu,,29.6,31376000.0,282384000.0,313760000.0
2259.HK,Zijin Gold International Company Limited,2025,2025-09-30,2025-09-19,Ordinary Shares,Main Board Conventional,POST_FINI,POST_2025_REFORM,False,False,False,False,Morgan Stanley Asia Limited,"Morgan Stanley Asia Limited/
CITIC Securities (Hong Kong) Limited",Ernst & Young,,71.59,2498426569.0,26233453918.0,28731880487.0
2652.HK,"CF PharmTech, Inc. - H shares",2025,2025-10-08,2025-09-26,H Shares,Chapter 19A (A+H),POST_FINI,POST_2025_REFORM,True,False,False,False,CITIC Securities (Hong Kong) Limited,"CITIC Securities (Hong Kong) Limited/
CMB International Capital Limited",Ernst & Young,Cushman & Wakefield Limited,14.75,60770000.0,546900500.0,607670500.0
2650.HK,"Shanghai Zhida Technology Development Co., Ltd.
-  H shares",2025,2025-10-10,2025-09-30,H Shares,Chapter 19A (A+H),POST_FINI,POST_2025_REFORM,True,False,False,False,Shenwan Hongyuan Capital (H.K.) Limited,Shenwan Hongyuan Capital (H.K.) Limited,PricewaterhouseCoopers,,66.92,40011468.0,360096520.0,400107988.0
2575.HK,"Xuanzhu Biopharmaceutical Co., Ltd. - B - H shares",2025,2025-10-15,2025-10-06,H Shares,Chapter 18A (Biotech),POST_FINI,POST_2025_REFORM,True,False,True,False,China International Capital Corporation,"China International Capital Corporation
Hong Kong Securities Limited",Ernst & Young,,11.6,78108600.0,702960000.0,781068600.0
2670.HK,"Beijing Yunji Technology Co., Ltd. -  H shares",2025,2025-10-16,2025-10-08,H Shares,Chapter 19A (A+H),POST_FINI,POST_2025_REFORM,True,False,False,False,CITIC Securities (Hong Kong) Limited,"CITIC Securities (Hong Kong) Limited/
CCB International Capital Limited",KPMG,,95.6,131927999.99999999,626658000.0,758586000.0
2637.HK,"Fujian Haixi Pharmaceuticals Co., Ltd. - H shares",2025,2025-10-20,2025-10-09,H Shares,Chapter 19A (A+H),POST_FINI,POST_2025_REFORM,True,False,False,False,Huatai Financial Holdings (Hong Kong) Limited,"Huatai Financial Holdings (Hong Kong) Limited/
CMB International Capital Limited",Deloitte Touche Tohmatsu,,86.4,99360000.0,894240000.0,993600000.0
6687.HK,JST Group Corporation Limited,2025,2025-10-21,2025-10-13,Ordinary Shares,Main Board Conventional,POST_FINI,POST_2025_REFORM,False,False,False,False,China International Capital Corporation,"China International Capital Corporation
Hong Kong Securities Limited/
J.P. Morgan Securities (Far East) Limited",PricewaterhouseCoopers,,30.6,208591020.0,2190176640.0,2398767660.0
0638.HK,Fibocom Wireless Inc. - H  shares,2025,2025-10-22,2025-10-14,Ordinary Shares,Main Board Conventional,POST_FINI,POST_2025_REFORM,False,False,False,False,CITIC Securities (Hong Kong) Limited,CITIC Securities (Hong Kong) Limited,"Grant Thornton 
Hong Kong Limited",,21.5,290426300.0,2613798000.0,2904224300.0
6980.HK,"Bama Tea Co., Ltd. - H shares",2025,2025-10-28,2025-10-20,H Shares,Chapter 19A (A+H),POST_FINI,POST_2025_REFORM,True,False,False,False,Huatai Financial Holdings (Hong Kong) Limited,"Huatai Financial Holdings (Hong Kong) Limited/
ABCI Capital Limited/
TFI Capital Limited",KPMG,,50.0,45000000.0,405000000.0,450000000.0
6166.HK,"CIG SHANGHAI CO., LTD. - H shares",2025,2025-10-28,2025-10-20,H Shares,Chapter 19A (A+H),POST_FINI,POST_2025_REFORM,True,False,False,False,Guotai Junan Capital Limited,Guotai Junan Capital Limited,"Grant Thornton 
Hong Kong Limited",,68.88,461568323.99999994,4846462236.0,5308030560.0
1384.HK,"Deepexi Technology Co., Ltd. - H shares",2025,2025-10-28,2025-10-20,H Shares,Chapter 19A (A+H),POST_FINI,POST_2025_REFORM,True,False,False,False,CITIC Securities (Hong Kong) Limited,"CITIC Securities (Hong Kong) Limited/
CMBC International Capital Limited/
Guotai Junan Capital Limited/
SPDB International Capital Limited/
BOCOM International (Asia) Limited",Ernst & Young,,26.66,142001824.0,568007296.0,710009120.0
6031.HK,"SANY HEAVY INDUSTRY CO., LTD. - H shares",2025,2025-10-28,2025-10-20,H Shares,Chapter 19A (A+H),POST_FINI,POST_2025_REFORM,True,False,False,False,CITIC Securities (Hong Kong) Limited,CITIC Securities (Hong Kong) Limited,Ernst & Young,,21.3,1236307380.0,14112779340.0,15349086720.0
2718.HK,Mininglamp Technology - W,2025,2025-11-03,2025-10-23,WVR Shares,Chapter 8A (WVR),POST_FINI,POST_2025_REFORM,False,True,False,False,China International Capital Corporation,"China International Capital Corporation
Hong Kong Securities Limited",Ernst & Young,,141.0,101790720.0,1068763080.0,1170553800.0
9927.HK,"Seres Group Co., Ltd. - H shares",2025,2025-11-05,2025-10-27,H Shares,Chapter 19A (A+H),POST_FINI,POST_2025_REFORM,True,False,False,False,China International Capital Corporation,"China International Capital Corporation/
China Galaxy International Securities
(Hong Kong) Co., Limited",Deloitte Touche Tohmatsu,,131.5,1428339850.0,12855058650.0,14283398500.0
0699.HK,NINGBO JOYSON ELECTRONIC CORP.-  H shares,2025,2025-11-06,2025-10-28,H Shares,Chapter 19A (A+H),POST_FINI,POST_2025_REFORM,True,False,False,False,China International Capital Corporation,"China International Capital Corporation
Hong Kong Securities Limited/
UBS Securities Hong Kong Limited",KPMG,,22.0,341220000.0,3070980000.0,3412200000.0
2026.HK,Pony AI Inc. - W,2025,2025-11-06,2025-10-28,WVR Shares,Chapter 8A (WVR),POST_FINI,POST_2025_REFORM,False,True,False,False,Goldman Sachs (Asia) L.L.C.,"Goldman Sachs (Asia) L.L.C./
Merrill Lynch (Asia Pacific) Limited/
Deutsche Securities Asia Limited/
Huatai Financial Holdings
(Hong Kong) Limited",Deloitte Touche Tohmatsu,,139.0,583188400.0,6123422600.0,6706611000.0
2630.HK,"Vigonvita Life Sciences Co., Ltd. - B - H shares",2025,2025-11-06,2025-10-28,H Shares,Chapter 18A (Biotech),POST_FINI,POST_2025_REFORM,True,False,True,False,CITIC Securities (Hong Kong) Limited,CITIC Securities (Hong Kong) Limited,Deloitte Touche Tohmatsu,AVISTA Valuation Advisory Limited,33.37,58724525.99999999,528514059.99999994,587238585.9999999
0800.HK,WeRide Inc. - W,2025,2025-11-06,2025-10-28,WVR Shares,Chapter 8A (WVR),POST_FINI,POST_2025_REFORM,False,True,False,False,China International Capital Corporation,"China International Capital Corporation/
Morgan Stanley Asia Limited",KPMG,,27.1,478315000.0,1913260000.0,2391575000.0
2698.HK,Softcare Limited,2025,2025-11-10,2025-10-31,Ordinary Shares,Main Board Conventional,POST_FINI,POST_2025_REFORM,False,False,False,False,China International Capital Corporation,"China International Capital Corporation
Hong Kong Securities Limited/
CITIC Securities (Hong Kong) Limited/
GF Capital (Hong Kong) Limited",Deloitte Touche Tohmatsu,,26.2,238116080.0,2500218840.0,2738334920.0
2579.HK,"CNGR Advanced Material Co., Ltd. - H shares",2025,2025-11-17,2025-11-07,H Shares,Chapter 19A (A+H),POST_FINI,POST_2025_REFORM,True,False,False,False,Morgan Stanley Asia Limited,"Morgan Stanley Asia Limited/
Huatai Financial Holdings 
(Hong Kong) Limited",Ernst & Young,,34.0,354368400.0,3189295200.0,3543663600.0
2788.HK,Chuangxin Industries Holdings Limited,2025,2025-11-24,2025-11-14,Ordinary Shares,Main Board Conventional,POST_FINI,POST_2025_REFORM,False,False,False,False,China International Capital Corporation,"China International Capital Corporation
Hong Kong Securities Limited/
Huatai Financial Holdings 
(Hong Kong) Limited",Deloitte Touche Tohmatsu,,10.99,549500000.0,5769750000.0,6319250000.0
2685.HK,Quantgroup Holding Limited,2025,2025-11-27,2025-11-19,Ordinary Shares,Main Board Conventional,POST_FINI,POST_2025_REFORM,False,False,False,False,China International Capital Corporation,"China International Capital Corporation
Hong Kong Securities Limited /
CITIC Securities (Hong Kong) Limited",KPMG,,9.8,13083000.000000002,134872500.0,147955500.0
9609.HK,"Hebei Haiwei Electronic New Material Technology Co., Ltd.- H shares",2025,2025-11-28,2025-11-20,H Shares,Chapter 19A (A+H),POST_FINI,POST_2025_REFORM,True,False,False,False,China International Capital Corporation,"China International Capital Corporation 
Hong Kong Securities Limited",Deloitte Touche Tohmatsu,,14.28,50631168.0,480793320.0,531424488.0
2693.HK,"ANHUI JINYAN KAOLIN NEW MATERIALS CO., LTD. 
- H shares",2025,2025-12-03,2025-11-25,H Shares,Chapter 19A (A+H),POST_FINI,POST_2025_REFORM,True,False,False,False,Guoyuan Capital (Hong Kong) Limited,"Guoyuan Capital (Hong Kong) Limited /
CMBC International Capital Limited",Ernst & Young,Asia-Pacific Consulting and Appraisal Limited,7.3,17739000.0,159651000.0,177390000.0
2539.HK,"Lemo Services Co., Ltd - H shares",2025,2025-12-03,2025-11-25,H Shares,Chapter 19A (A+H),POST_FINI,POST_2025_REFORM,True,False,False,False,China Securities (International),"China Securities (International) 
Corporate Finance Company Limited/
Shenwan Hongyuan Capital (H.K.) Limited",KPMG,,40.0,22224000.0,200000000.0,222224000.0
2658.HK,"Guangdong Tianyu Semiconductor Co., Ltd. 
- H shares",2025,2025-12-05,2025-11-27,H Shares,Chapter 19A (A+H),POST_FINI,POST_2025_REFORM,True,False,False,False,CITIC Securities (Hong Kong) Limited,CITIC Securities (Hong Kong) Limited,KPMG,Jones Lang LaSalle Corporate Appraisal and Advisory Limited,58.0,174408900.0,1569680100.0,1744089000.0
2408.HK,"Guangzhou Xiao Noodles Catering Management Co., Ltd.- H shares",2025,2025-12-05,2025-11-27,H Shares,Chapter 19A (A+H),POST_FINI,POST_2025_REFORM,True,False,False,False,CMB International Capital Limited,CMB International Capital Limited,KPMG,,7.04,68544960.0,616901120.0,685446080.0
2687.HK,"SHANGHAI ABLE DIGITAL SCIENCE&TECH CO., LTD. - H shares",2025,2025-12-08,2025-11-28,H Shares,Chapter 19A (A+H),POST_FINI,POST_2025_REFORM,True,False,False,False,ABCI Capital Limited,ABCI Capital Limited,PricewaterhouseCoopers,,67.5,45002250.0,405000000.0,450002250.0
2676.HK,"Suzhou Novosense Microelectronics Co., Ltd. 
- H shares",2025,2025-12-08,2025-11-28,H Shares,Chapter 19A (A+H),POST_FINI,POST_2025_REFORM,True,False,False,False,China International Capital Corporation,"China International Capital Corporation
Hong Kong Securities Limited /
CITIC Securities (Hong Kong) Limited /
CCB International Capital Limited",KPMG,,116.0,221200400.0,2109819600.0,2331020000.0
2659.HK,"Shanghai Bao Pharmaceuticals Co., Ltd. 
- B - H shares",2025,2025-12-10,2025-12-02,H Shares,Chapter 18A (Biotech),POST_FINI,POST_2025_REFORM,True,False,True,False,CITIC Securities (Hong Kong) Limited,"CITIC Securities (Hong Kong) Limited /
Haitong International Capital Limited",Ernst & Young,AVISTA Valuation Advisory Limited,26.38,100011856.0,900098790.0,1000110646.0
7618.HK,"JINGDONG Industrials, Inc.",2025,2025-12-11,2025-12-03,Ordinary Shares,Main Board Conventional,POST_FINI,POST_2025_REFORM,False,False,False,False,Merrill Lynch (Asia Pacific) Limited,"Merrill Lynch (Asia Pacific) Limited /
UBS Securities Hong Kong Limited /
Haitong International Capital Limited /
Goldman Sachs (Asia) L.L.C.",Deloitte Touche Tohmatsu,,14.1,297806100.0,2736037320.0,3033843420.0
2655.HK,"Guoxia Technology Co., Ltd. - H shares",2025,2025-12-16,2025-12-08,H Shares,Chapter 19A (A+H),POST_FINI,POST_2025_REFORM,True,False,False,False,China Everbright Capital Limited,China Everbright Capital Limited,Ernst & Young,,20.1,68044530.0,831840510.0,899885040.0
3887.HK,HashKey Holdings Limited,2025,2025-12-17,2025-12-09,Ordinary Shares,Main Board Conventional,POST_FINI,POST_2025_REFORM,False,False,False,False,J.P. Morgan Securities (Far East) Limited,"J.P. Morgan Securities (Far East) Limited /
Guotai Junan Capital Limited",KPMG,,6.68,160702096.0,1452266736.0,1612968832.0
3881.HK,CiDi Inc. - H shares,2025,2025-12-19,2025-12-11,H Shares,Chapter 19A (A+H),POST_FINI,POST_2025_REFORM,True,False,False,False,China International Capital Corporation,"China International Capital Corporation 
Hong Kong Securities Limited/
China Securities (International) 
Corporate Finance Company Limited/
Ping An of China Capital 
(Hong Kong) Company Limited",BDO Limited,AVISTA Valuation Advisory Limited,263.0,142230400.0,1280068340.0,1422298740.0
2546.HK,"Xizang Zhihui Mining Co., Ltd. - H shares",2025,2025-12-19,2025-12-11,H Shares,Chapter 19A (A+H),POST_FINI,POST_2025_REFORM,True,False,False,False,Sinolink Securities (Hong Kong) Company Limited,Sinolink Securities (Hong Kong) Company Limited / Maxa Capital Limited,Deloitte Touche Tohmatsu,,4.51,55003960.0,494999560.0,550003520.0
2396.HK,B&K CORPORATION LIMITED - B - H shares,2025,2025-12-22,2025-12-12,H Shares,Chapter 18A (Biotech),POST_FINI,POST_2025_REFORM,True,False,True,False,Huatai Financial Holdings (Hong Kong) Limited,"Huatai Financial Holdings (Hong Kong) Limited / 
CITIC Securities (Hong Kong) Limited",Ernst & Young,,38.2,67423000.0,606761160.0,674184160.0
2581.HK,BenQ BM Holding Cayman Corp.,2025,2025-12-22,2025-12-12,Ordinary Shares,Main Board Conventional,POST_FINI,POST_2025_REFORM,False,False,False,False,China International Capital Corporation,"China International Capital Corporation 
Hong Kong Securities Limited / 
Citigroup Global Markets Asia Limited",KPMG,Cushman & Wakefield Limited,9.34,62578000.0,563202000.0,625780000.0
2695.HK,"Impression Dahongpao Co., Ltd. - H shares",2025,2025-12-22,2025-12-12,H Shares,Chapter 19A (A+H),POST_FINI,POST_2025_REFORM,True,False,False,False,China Industrial Securities International,"China Industrial Securities International 
Capital Limited /
 Halcyon Capital Limited",Grant Thornton Hong Kong Limited,,3.6,12996000.0,116964000.0,129960000.0
2691.HK,"Nanhua Futures Co., Ltd. - H shares",2025,2025-12-22,2025-12-12,H Shares,Chapter 19A (A+H),POST_FINI,POST_2025_REFORM,True,False,False,False,CITIC Securities (Hong Kong) Limited,CITIC Securities (Hong Kong) Limited,Confucius International CPA Limited,,12.0,193782000.0,1098126000.0,1291908000.0
3378.HK,"Hanx Biopharmaceuticals (Wuhan) Co., Ltd.
- B - H shares",2025,2025-12-23,2025-12-15,H Shares,Chapter 18A (Biotech),POST_FINI,POST_2025_REFORM,True,False,True,False,ICBC International Capital Limited,ICBC International Capital Limited,Ernst & Young,,32.0,58627200.0,527644800.0,586272000.0
2635.HK,"Nuobikan Artificial Intelligence Technology (Chengdu) Co., Ltd. - H shares",2025,2025-12-23,2025-12-15,H Shares,Chapter 19A (A+H),POST_FINI,POST_2025_REFORM,True,False,False,False,China International Capital Corporation,"China International Capital Corporation
Hong Kong Securities Limited",Ernst & Young,,80.0,30296000.0,272632000.0,302928000.0
2661.HK,QingSong Health Corporation,2025,2025-12-23,2025-12-15,Ordinary Shares,Main Board Conventional,POST_FINI,POST_2025_REFORM,False,False,False,False,China International Capital Corporation,"China International Capital Corporation
Hong Kong Securities Limited /
China Merchants Securities (HK) Co., Limited",Deloitte Touche Tohmatsu,,22.68,60192720.0,541734480.0,601927200.0
6651.HK,"Beijing 51WORLD Digital Twin Technology Co., Ltd.- H shares",2025,2025-12-30,2025-12-18,H Shares,Chapter 19A (A+H),POST_FINI,POST_2025_REFORM,True,False,False,False,China International Capital Corporation,"China International Capital Corporation
Hong Kong Securities Limited /
Huatai Financial Holdings (Hong Kong) Limited",KPMG,,30.5,146253600.0,584990000.0,731243600.0
3696.HK,InSilico Medicine Cayman TopCo,2025,2025-12-30,2025-12-18,Ordinary Shares,Main Board Conventional,POST_FINI,POST_2025_REFORM,False,False,False,False,Morgan Stanley Asia Limited,"Morgan Stanley Asia Limited / 
China International Capital Corporation
Hong Kong Securities Limited /
GF Capital (Hong Kong) Limited",Deloitte Touche Tohmatsu,,24.05,227741475.0,2391159225.0,2618900700.0
6600.HK,"OneRobotics (Shenzhen) Co., Ltd.- H shares",2025,2025-12-30,2025-12-18,H Shares,Chapter 19A (A+H),POST_FINI,POST_2025_REFORM,True,False,False,False,Guotai Junan Capital Limited,"Guotai Junan Capital Limited / 
Huatai Financial Holdings (Hong Kong) Limited",Ernst & Young,,73.8,164005740.0,1707274440.0,1871280180.0
2657.HK,"SHANGHAI FOREST CABIN COSMETICS GROUP CO., LTD. - H shares",2025,2025-12-30,2025-12-18,H Shares,Chapter 19A (A+H),POST_FINI,POST_2025_REFORM,True,False,False,False,CITIC Securities (Hong Kong) Limited,"CITIC Securities (Hong Kong) Limited / 
Huatai Financial Holdings (Hong Kong) Limited",Ernst & Young,,77.77,108617470.5,1140477607.5,1249095078.0
3317.HK,"Shenzhen Xunce Technology Co., Ltd.- H shares",2025,2025-12-30,2025-12-18,H Shares,Chapter 19A (A+H),POST_FINI,POST_2025_REFORM,True,False,False,False,Guotai Junan Capital Limited,Guotai Junan Capital Limited,BDO Limited,,48.0,108000000.0,981331200.0,1089331200.0
2671.HK,"USAS Building System (Shanghai) Co., Ltd.
- H shares",2025,2025-12-30,2025-12-18,H Shares,Chapter 19A (A+H),POST_FINI,POST_2025_REFORM,True,False,False,False,Shenwan Hongyuan Capital (H.K.) Limited,Shenwan Hongyuan Capital (H.K.) Limited,BDO Limited,,7.1,17466000.0,157194000.0,174660000.0
6082.HK,"Shanghai Biren Technology Co., Ltd.- H shares",2026,2026-01-02,2025-12-22,H Shares,Chapter 19A (A+H),POST_FINI,POST_2025_REFORM,True,False,False,False,China International Capital Corporation,"China International Capital Corporation
Hong Kong Securities Limited / 
Ping An of China Capital 
(Hong Kong) Company Limited / 
BOCI Asia Limited",PricewaterhouseCoopers,AVISTA Valuation Advisory Limited,19.6,970956560.0000001,5449482080.0,6420438640.0
2513.HK,Knowledge Atlas Technology Joint Stock Company Limited - H shares,2026,2026-01-08,2025-12-30,H Shares,Chapter 19A (A+H),POST_FINI,POST_2025_REFORM,True,False,False,False,China International Capital Corporation,"China International Capital Corporation
 Hong Kong Securities Limited",KPMG,,116.2,869629180.0,4130735700.0,5000364880.0
9903.HK,"Shanghai Iluvatar CoreX Semiconductor Co., Ltd.  
- H shares",2026,2026-01-08,2025-12-30,H Shares,Chapter 19A (A+H),POST_FINI,POST_2025_REFORM,True,False,False,False,Huatai Financial Holdings (Hong Kong) Limited,Huatai Financial Holdings (Hong Kong) Limited,Ernst & Young,,144.6,367746720.0,3309691560.0,3677438280.0
2675.HK,"Shenzhen Edge Medical Co., Ltd.- B - H shares",2026,2026-01-08,2025-12-30,H Shares,Chapter 18A (Biotech),POST_FINI,POST_2025_REFORM,True,False,True,False,Morgan Stanley Asia Limited,"Morgan Stanley Asia Limited /
GF Capital (Hong Kong) Limited",KPMG,,43.24,119874252.0,1258638568.0,1378512820.0
0100.HK,MiniMax Group Inc. - W - P,2026,2026-01-09,2025-12-31,WVR Shares,Chapter 18C (Specialist Tech),POST_FINI,POST_2025_REFORM,False,True,False,True,China International Capital Corporation,"China International Capital Corporation
Hong Kong Securities Limited/
UBS Securities Hong Kong Limited",Ernst & Young,,165.0,837846900.0,4702397700.0,5540244600.0
6938.HK,"Suzhou Ribo Life Science Co., Ltd. - B - H shares",2026,2026-01-09,2025-12-31,H Shares,Chapter 18A (Biotech),POST_FINI,POST_2025_REFORM,True,False,True,False,China International Capital Corporation,"China International Capital Corporation
Hong Kong Securities Limited / 
Citigroup Global Markets Asia Limited",Ernst & Young,Asia-Pacific Consulting and Appraisal Limited,57.97,159347936.0,1947965910.0,2107313846.0
3636.HK,"Yunnan Jinxun Resources Co., Ltd. - H shares",2026,2026-01-09,2025-12-31,H Shares,Chapter 19A (A+H),POST_FINI,POST_2025_REFORM,True,False,False,False,Huatai Financial Holdings (Hong Kong) Limited,Huatai Financial Holdings (Hong Kong) Limited,KPMG,,30.0,110298000.0,1158114000.0,1268412000.0
0501.HK,"OmniVision Integrated Circuits Group, Inc.  
- H shares",2026,2026-01-12,2025-12-31,H Shares,Chapter 19A (A+H),POST_FINI,POST_2025_REFORM,True,False,False,False,UBS Securities Hong Kong Limited,"UBS Securities Hong Kong Limited / 
China International Capital Corporation
Hong Kong Securities Limited /
Ping An of China Capital 
(Hong Kong) Company Limited / 
GF Capital (Hong Kong) Limited",BDO Limited,,104.8,479984000.0,4837683280.0,5317667280.0
3986.HK,GigaDevice Semiconductor Inc. - H shares,2026,2026-01-13,2025-12-31,H Shares,Chapter 19A (A+H),POST_FINI,POST_2025_REFORM,True,False,False,False,China International Capital Corporation,"China International Capital Corporation
Hong Kong Securities Limited / 
Huatai Financial Holdings
(Hong Kong) Limited",KPMG,,162.0,468439200.0,4918563000.0,5387002200.0
1641.HK,"Hongxing Coldchain (Hunan) Co., Ltd.- H shares",2026,2026-01-13,2025-12-31,H Shares,Chapter 19A (A+H),POST_FINI,POST_2025_REFORM,True,False,False,False,CCB International Capital Limited,"CCB International Capital Limited /
ABCI Capital Limited",Ernst & Young,Jones Lang LaSalle Corporate Appraisal and Advisory Limited,12.26,28522890.0,256681490.0,285204380.0
9611.HK,"Shanghai Longcheer Technology Co., Ltd.- H shares",2026,2026-01-22,2026-01-14,H Shares,Chapter 19A (A+H),POST_FINI,POST_2025_REFORM,True,False,False,False,Citigroup Global Markets Asia Limited,"Citigroup Global Markets Asia Limited / 
Haitong International Capital Limited / 
Guotai Junan Capital Limited",Ernst & Young,,31.0,162006000.0,1458026100.0,1620032100.0
1768.HK,"BUSY MING GROUP CO., LTD.- H shares",2026,2026-01-28,2026-01-20,H Shares,Chapter 19A (A+H),POST_FINI,POST_2025_REFORM,True,False,False,False,Goldman Sachs (Asia) L.L.C,"Goldman Sachs (Asia) L.L.C / 
Huatai Financial Holdings (Hong Kong) Limited",Ernst & Young,,236.6,333653320.0,3886770160.0,4220423480.0
9980.HK,"Eastroc Beverage (Group) Co., Ltd. - H shares",2026,2026-02-03,2026-01-26,H Shares,Chapter 19A (A+H),POST_FINI,POST_2025_REFORM,True,False,False,False,Huatai Financial Holdings (Hong Kong) Limited,"Huatai Financial Holdings (Hong Kong) Limited / 
Morgan Stanley Asia Limited / 
UBS Securities Hong Kong Limited",Deloitte Touche Tohmatsu,,248.0,1014072000.0,10085341600.0,11099413600.0
2768.HK,"Qingdao Gon Technology Co., Ltd. - H shares",2026,2026-02-04,2026-01-27,H Shares,Chapter 19A (A+H),POST_FINI,POST_2025_REFORM,True,False,False,False,"China Merchants Securities (HK) Co., Limited","China Merchants Securities (HK) Co., Limited",SHINEWING (HK) CPA Limited,,36.0,108000000.0,972000000.0,1080000000.0
2677.HK,Distinct Healthcare Holdings Limited,2026,2026-02-06,2026-01-29,Ordinary Shares,Main Board Conventional,POST_FINI,POST_2025_REFORM,False,False,False,False,Haitong International Capital Limited,"Haitong International Capital Limited / 
SPDB International Capital Limited",PricewaterhouseCoopers,,59.9,28452500.0,267818890.0,296271390.0
2714.HK,"Muyuan Foods Co., Ltd. - H shares",2026,2026-02-06,2026-01-29,H Shares,Chapter 19A (A+H),POST_FINI,POST_2025_REFORM,True,False,False,False,Morgan Stanley Asia Limited,"Morgan Stanley Asia Limited / 
CITIC Securities (Hong Kong) Limited / 
Goldman Sachs (Asia) L.L.C.",KPMG Huazhen LLP,Jones Lang LaSalle Corporate Appraisal and Advisory Limited,39.0,1068412800.0,11030288100.0,12098700900.0
3200.HK,"Shenzhen Han’s CNC Technology Co., Ltd. - H shares",2026,2026-02-06,2026-01-29,H Shares,Chapter 19A (A+H),POST_FINI,POST_2025_REFORM,True,False,False,False,China International Capital Corporation Hong Kong Securities Limited,China International Capital Corporation Hong Kong Securities Limited,Ernst & Young,,95.8,483330160.0,5074937940.0,5558268100.0
6809.HK,"Montage Technology Co., Ltd. - H shares",2026,2026-02-09,2026-01-30,H Shares,Chapter 19A (A+H),POST_FINI,POST_2025_REFORM,True,False,False,False,China International Capital Corporation,"China International Capital Corporation
Hong Kong Securities Limited / 
Morgan Stanley Asia Limited / 
UBS Securities Hong Kong Limited",Ernst & Young,Savills Valuation and Professional Services (China) Limited,106.89,704298210.0,7395131205.0,8099429415.0
0600.HK,"Axera Semiconductor Co., Ltd. - H shares",2026,2026-02-10,2026-01-30,H Shares,Chapter 19A (A+H),POST_FINI,POST_2025_REFORM,True,False,False,False,China International Capital Corporation Hong Kong Securities Limited,"China International Capital Corporation Hong Kong Securities Limited / 
Guotai Junan Capital Limited / 
BOCOM International (Asia) Limited",KPMG,,28.2,295863120.0,2695911540.0,2991774660.0
2720.HK,Ridge Outdoor International Limited,2026,2026-02-10,2026-01-30,Ordinary Shares,Main Board Conventional,POST_FINI,POST_2025_REFORM,False,False,False,False,China International Capital Corporation Hong Kong Securities Limited,China International Capital Corporation Hong Kong Securities Limited,KPMG,,12.25,34551125.0,310960125.0,345511250.0
0470.HK,"WUXI LEAD INTELLIGENT EQUIPMENT CO., LTD. - H shares",2026,2026-02-11,2026-02-03,H Shares,Chapter 19A (A+H),POST_FINI,POST_2025_REFORM,True,False,False,False,CITIC Securities (Hong Kong) Limited,"CITIC Securities (Hong Kong) Limited / 
J.P. Morgan Securities (Far East) Limited",Deloitte Touche Tohmatsu,,45.8,428761280.0,4520313440.0,4949074720.0
2706.HK,"Beijing Haizhi Technology Group Co., Ltd. - H Shares",2026,2026-02-13,2026-02-05,H Shares,Chapter 19A (A+H),POST_FINI,POST_2025_REFORM,True,False,False,False,CMB International Capital Limited,"CMB International Capital Limited /
BOCI Asia Limited /
Shenwan Hongyuan Capital (H.K.) Limited",KPMG,,27.06,75854592.0,682642620.0,758497212.0
9981.HK,"Shenzhen Woer Heat-Shrinkable Material Co., Ltd. - H Shares",2026,2026-02-13,2026-02-05,H Shares,Chapter 19A (A+H),POST_FINI,POST_2025_REFORM,True,False,False,False,China Securities (International) Corporate Finance Company Limited,"China Securities (International) Corporate Finance Company Limited / 
China Merchants Securities (HK) Co., Limited",Moore CPA Limited,,20.09,281239910.0,2531135082.0,2812374992.0
2649.HK,"ALSCO Pooling Service Co., Ltd. - H Shares",2026,2026-03-09,2026-02-27,H Shares,Chapter 19A (A+H),POST_FINI,POST_2025_REFORM,True,False,False,False,China Securities (International) Corporate Finance Company Limited,China Securities (International) Corporate Finance Company Limited,Ernst & Young,,11.0,22374000.0,201322000.0,223696000.0
2715.HK,"ESTUN AUTOMATION CO., LTD - H Shares",2026,2026-03-09,2026-02-27,H Shares,Chapter 19A (A+H),POST_FINI,POST_2025_REFORM,True,False,False,False,Huatai Financial Holdings (Hong Kong) Limited,Huatai Financial Holdings (Hong Kong) Limited,KPMG,,15.36,148654080.0,1337886720.0,1486540800.0
2692.HK,"Shenzhen Zhaowei Machinery & Electronics Co., Ltd. - H Shares",2026,2026-03-09,2026-02-27,H Shares,Chapter 19A (A+H),POST_FINI,POST_2025_REFORM,True,False,False,False,"China Merchants Securities (HK) Co., Limited","China Merchants Securities (HK) Co., Limited /
Deutsche Securities Asia Limited",Ernst & Young,,71.28,190666872.0,1715951952.0,1906618824.0
3268.HK,"MeiG Smart Technology Co., Ltd. - H Shares",2026,2026-03-10,2026-02-27,H Shares,Chapter 19A (A+H),POST_FINI,POST_2025_REFORM,True,False,False,False,China International Capital Corporation Hong Kong Securities Ltd.,China International Capital Corporation Hong Kong Securities Ltd.,Ernst & Young,,28.86,101010000.0,1060605000.0,1161615000.0
1989.HK,Delton Technology (Guangzhou) Inc. - H Shares,2026,2026-03-20,2026-03-12,H Shares,Chapter 19A (A+H),POST_FINI,POST_2025_REFORM,True,False,False,False,CITIC Securities (Hong Kong) Limited,"CITIC Securities (Hong Kong) Limited /
HSBC Corporate Finance (Hong Kong) Limited",Ernst & Young,,71.88,330648000.0,2975832000.0,3306480000.0
2701.HK,Nsing Technologies Inc. - H Shares,2026,2026-03-23,2026-03-13,H Shares,Chapter 19A (A+H),POST_FINI,POST_2025_REFORM,True,False,False,False,CITIC Securities (Hong Kong) Limited,CITIC Securities (Hong Kong) Limited,Deloitte Touche Tohmatsu,Jones Lang LaSalle Corporate Appraisal and Advisory Limited,10.8,102600000.0,923400000.0,1026000000.0
3355.HK,FS.COM Ltd. - H Shares,2026,2026-03-23,2026-03-13,H Shares,Chapter 19A (A+H),POST_FINI,POST_2025_REFORM,True,False,False,False,China International Capital Corporation Hong Kong Securities Limited,"China International Capital Corporation Hong Kong Securities Limited / 
China Securities (International) Corporate Finance Company Limited / 
China Merchants Securities (HK) Co., Limited",Deloitte Touche Tohmatsu,Jones Lang LaSalle Corporate Appraisal and Advisory Limited,41.6,166400000.0,1733709120.0,1900109120.0
2632.HK,"Jiangsu New Vision Automotive Electronics Co., Ltd. - H Shares",2026,2026-03-24,2026-03-16,H Shares,Chapter 19A (A+H),POST_FINI,POST_2025_REFORM,True,False,False,False,Haitong International Capital Limited.,"Haitong International Capital Limited. /
CITIC Securities (Hong Kong) Limited",Ernst & Young,,44.2,71721130.0,645490170.0,717211300.0
2729.HK,"Zhejiang Galaxis Technology Group Co., Ltd. - H Shares",2026,2026-03-24,2026-03-16,H Shares,Chapter 19A (A+H),POST_FINI,POST_2025_REFORM,True,False,False,False,Guotai Junan Capital Limited,"Guotai Junan Capital Limited /
CITIC Securities (Hong Kong) Limited",KPMG,,16.66,61305468.0,551749212.0,613054680.0
1021.HK,"Guangdong Huayan Robotics Co., Ltd. - H Shares",2026,2026-03-30,2026-03-20,H Shares,Chapter 19A (A+H),POST_FINI,POST_2025_REFORM,True,False,False,False,China International Capital Corporation Hong Kong Securities Limited,"China International Capital Corporation Hong Kong Securities Limited / 
Deutsche Securities Asia Limited",Ernst & Young,,17.0,274669000.0,1533648200.0,1808317200.0
2526.HK,"Hangzhou Diagens Biotechnology Co., Ltd. - B - H Shares",2026,2026-03-30,2026-03-20,H Shares,Chapter 18A (Biotech),POST_FINI,POST_2025_REFORM,True,False,True,False,Huatai Financial Holdings (Hong Kong) Limited,Huatai Financial Holdings (Hong Kong) Limited,Ernst & Young,,99.0,79195050.0,712725750.0,791920800.0
2726.HK,"Epiworld International Co., Ltd. - H Shares",2026,2026-03-30,2026-03-20,H Shares,Chapter 19A (A+H),POST_FINI,POST_2025_REFORM,True,False,False,False,China International Capital Corporation Hong Kong Securities Limited,China International Capital Corporation Hong Kong Securities Limited,BDO Limited,,76.26,163901805.0,1475081928.0,1638983733.0
6636.HK,"Shandong Extreme Vision Technology Co., Ltd. - H Shares",2026,2026-03-30,2026-03-20,H Shares,Chapter 19A (A+H),POST_FINI,POST_2025_REFORM,True,False,False,False,CITIC Securities (Hong Kong) Limited,CITIC Securities (Hong Kong) Limited,Ernst & Young,,40.0,99840000.0,399360000.0,499200000.0
0664.HK,"Hangzhou Tongshifu Cultural and Creative (Group) Co., Ltd. - H Shares",2026,2026-03-31,2026-03-23,H Shares,Chapter 19A (A+H),POST_FINI,POST_2025_REFORM,True,False,False,False,CMB International Capital Limited,CMB International Capital Limited,Deloitte Touche Tohmatsu,Cushman & Wakefield Limited,60.0,66660000.0,377748000.0,444408000.0
3625.HK,"Shanghai FourSemi Semiconductor Co., Ltd. - H Shares",2026,2026-03-31,2026-03-23,H Shares,Chapter 19A (A+H),POST_FINI,POST_2025_REFORM,True,False,False,False,Guotai Junan Capital Limited,"Guotai Junan Capital Limited /
Orient Capital (Hong Kong) Limited",Ernst & Young,,40.0,96000000.0,384000000.0,480000000.0
6656.HK,"Sigenergy Technology Co., Ltd. - H Shares",2026,2026-04-16,2026-04-08,H Shares,Chapter 19A (A+H),POST_FINI,POST_2025_REFORM,True,False,False,False,CITIC Securities (Hong Kong) Limited,"CITIC Securities (Hong Kong) Limited /
BNP Paribas Securities (Asia) Limited",Ernst & Young,,324.2,440069080.0,4620660500.0,5060729580.0
3277.HK,Gpixel Changchun Microelectronics Inc. - H Shares,2026,2026-04-17,2026-04-09,H Shares,Chapter 19A (A+H),POST_FINI,POST_2025_REFORM,True,False,False,False,CITIC Securities (Hong Kong) Limited,"CITIC Securities (Hong Kong) Limited/
Guotai Junan Capital Limited",Ernst & Young,,39.88,260396460.00000003,2734124944.0,2994521404.0
0068.HK,Manycore Tech Inc.,2026,2026-04-17,2026-04-09,Ordinary Shares,Main Board Conventional,POST_FINI,POST_2025_REFORM,False,False,False,False,J.P. Morgan Securities (Far East) Limited,"J.P. Morgan Securities (Far East) Limited/ 
CCB International Capital Limited",KPMG,,7.62,122392440.0,1285109190.0,1407501630.0
2476.HK,"Victory Giant Technology (HuiZhou) Co., Ltd. - H Shares",2026,2026-04-21,2026-04-13,H Shares,Chapter 19A (A+H),POST_FINI,POST_2025_REFORM,True,False,False,False,J.P. Morgan Securities (Far East) Limited,"J.P. Morgan Securities (Far East) Limited /
China Securities (International) Corporate Finance Company Limited /
GF Capital (Hong Kong) Limited",BDO Limited,,209.88,1749307824.0,21385239876.0,23134547700.0
3296.HK,"Huaqin Co., Ltd. - H Shares",2026,2026-04-23,2026-04-15,H Shares,Chapter 19A (A+H),POST_FINI,POST_2025_REFORM,True,False,False,False,China International Capital Corporation Hong Kong Securities Limited,"China International Capital Corporation Hong Kong Securities Limited / 
Merrill Lynch (Asia Pacific) Limited",BDO Limited,,77.7,454925730.0,4776646350.0,5231572080.0
1879.HK,"Shanghai Xizhi Technology Co., Ltd. - P - H Shares",2026,2026-04-28,2026-04-20,H Shares,Chapter 18C (Specialist Tech),POST_FINI,POST_2025_REFORM,True,False,False,True,China International Capital Corporation Hong Kong Securities Limited,"China International Capital Corporation Hong Kong Securities Limited / 
Haitong International Capital Limited",PricewaterhouseCoopers,,183.2,505458876.0,2400916608.0,2906375484.0
2493.HK,"Mabwell (Shanghai) Bioscience Co., Ltd. - B - H Shares",2026,2026-04-28,2026-04-20,H Shares,Chapter 18A (Biotech),POST_FINI,POST_2025_REFORM,True,False,True,False,CITIC Securities (Hong Kong) Limited,"CITIC Securities (Hong Kong) Limited / 
Haitong International Capital Limited",Ernst & Young,,27.64,130272848.0,1172405880.0,1302678728.0
6810.HK,"Shanghai Sunmi Technology Co., Ltd. - W - H Shares",2026,2026-04-29,2026-04-21,H Shares,Chapter 19A (A+H),POST_FINI,POST_2025_REFORM,True,True,False,False,Deutsche Securities Asia Limited,"Deutsche Securities Asia Limited / 
CITIC Securities (Hong Kong) Limited / 
ABCI Capital Limited",Deloitte Touche Tohmatsu,,24.86,105970722.0,953731526.0,1059702248.0
1609.HK,"Star Sports Medicine Co., Ltd. - H Shares",2026,2026-05-05,2026-04-24,H Shares,Chapter 19A (A+H),POST_FINI,POST_2025_REFORM,True,False,False,False,CITIC Securities (Hong Kong) Limited,"CITIC Securities (Hong Kong) Limited / 
CCB International Capital Limited",Ernst & Young,,98.5,82956700.0,746595525.0,829552225.0
1187.HK,"Cofoe Medical Technology Co., Ltd. - H Shares",2026,2026-05-06,2026-04-27,H Shares,Chapter 19A (A+H),POST_FINI,POST_2025_REFORM,True,False,False,False,Huatai Financial Holdings (Hong Kong) Limited,"Huatai Financial Holdings (Hong Kong) Limited /
BNP Paribas Securities (Asia) Limited",Ernst & Young,,39.33,106191000.0,955719000.0,1061910000.0
1236.HK,"SHENZHEN LDROBOT CO., LTD - H Shares",2026,2026-05-11,2026-04-30,H Shares,Chapter 19A (A+H),POST_FINI,POST_2025_REFORM,True,False,False,False,Haitong International Capital Limited,"Haitong International Capital Limited /
Guotai Junan Capital Limited",Ernst & Young,,26.36,87868424.0,790800000.0,878668424.0
7630.HK,"IMPACT Therapeutics, Inc - B - H Shares",2026,2026-05-13,2026-05-05,H Shares,Chapter 18A (Biotech),POST_FINI,POST_2025_REFORM,True,False,True,False,Goldman Sachs (Asia) L.L.C.,"Goldman Sachs (Asia) L.L.C. /
China International Capital Corporation Hong Kong Securities Limited",Ernst & Young,,20.1,84375780.0,885919560.0,970295340.0
7666.HK,"Metis TechBio Co., Ltd. - P - H Shares",2026,2026-05-13,2026-05-05,H Shares,Chapter 18C (Specialist Tech),POST_FINI,POST_2025_REFORM,True,False,False,True,Jefferies Hong Kong Limited,"Jefferies Hong Kong Limited / 
Deutsche Securities Asia Limited /
CITIC Securities (Hong Kong) Limited",PricewaterhouseCoopers,Jones Lang LaSalle Corporate Appraisal and Advisory Limited,10.5,422583000.0,2007253500.0,2429836500.0
6871.HK,"Robotphoenix Intelligent Technology Co., Ltd. - H Shares",2026,2026-05-18,2026-05-08,H Shares,Chapter 19A (A+H),POST_FINI,POST_2025_REFORM,True,False,False,False,ABCI Capital Limited,ABCI Capital Limited,Ernst & Young,,30.5,150060000.0,600240000.0,750300000.0
1511.HK,"UISEE Technologies (Beijing) Co., Ltd. - H Shares",2026,2026-05-20,2026-05-12,H Shares,Chapter 19A (A+H),POST_FINI,POST_2025_REFORM,True,False,False,False,CITIC Securities (Hong Kong) Limited,CITIC Securities (Hong Kong) Limited,Ernst & Young,,60.3,174402675.0,697607685.0,872010360.0
7688.HK,"Shanghai Top Numerical Control Technology Co., Ltd. - H Shares",2026,2026-05-20,2026-05-12,H Shares,Chapter 19A (A+H),POST_FINI,POST_2025_REFORM,True,False,False,False,Guotai Junan Capital Limited,"Guotai Junan Capital Limited /
CCB International Capital Limited",Ernst & Young,,26.39,172405870.0,1810261635.0,1982667505.0
6872.HK,TenNor Therapeutics (Suzhou) Limited - B - H Shares,2026,2026-05-22,2026-05-14,H Shares,Chapter 18A (Biotech),POST_FINI,POST_2025_REFORM,True,False,True,False,CITIC Securities (Hong Kong) Limited,"CITIC Securities (Hong Kong) Limited /
ABCI Capital Limited",PricewaterhouseCoopers,,75.7,62687170.0,607712030.0,670399200.0
0901.HK,"Shenzhen SDMC Technology Co., Ltd. - H Shares",2026,2026-05-27,2026-05-18,H Shares,Chapter 19A (A+H),POST_FINI,POST_2025_REFORM,True,False,False,False,China Securities (International) Corporate Finance Company Limited,China Securities (International) Corporate Finance Company Limited,Ernst & Young,,32.8,63002240.0,566997200.0,629999440.0
2723.HK,"Beijing DeepZero Technology Co., Ltd. - H Shares",2026,2026-05-27,2026-05-18,H Shares,Chapter 19A (A+H),POST_FINI,POST_2025_REFORM,True,False,False,False,ICBC International Capital Limited,ICBC International Capital Limited,KPMG,,55.5,50327400.0,452946600.0,503274000.0
3310.HK,"Viewtrix Technology Co., Ltd - H Shares",2026,2026-05-27,2026-05-18,H Shares,Chapter 19A (A+H),POST_FINI,POST_2025_REFORM,True,False,False,False,China International Capital Corporation Hong Kong Securities Limited,"China International Capital Corporation Hong Kong Securities Limited /
CITIC Securities (Hong Kong) Limited",Ernst & Young,,20.81,110001660.0,1154996620.0,1264998280.0
3388.HK,"Shenzhen Creality 3D Technology Co., Ltd. - H Shares",2026,2026-05-29,2026-05-20,H Shares,Chapter 19A (A+H),POST_FINI,POST_2025_REFORM,True,False,False,False,China International Capital Corporation Hong Kong Securities Limited,China International Capital Corporation Hong Kong Securities Limited,PricewaterhouseCoopers,Asia-Pacific Consulting and Appraisal Limited,18.8,138044640.0,1449457440.0,1587502080.0
2553.HK,"Beijing Shougang LanzaTech Technology Co., Ltd. - H Shares",2026,2026-06-03,2026-05-26,H Shares,Chapter 19A (A+H),POST_FINI,POST_2025_REFORM,True,False,False,False,Yue Xiu Capital Limited,Yue Xiu Capital Limited,Ernst & Young,,14.6,87600000.0,496400000.0,584000000.0
1081.HK,"Dajin Heavy Industry Co., Ltd. - H Shares",2026,2026-06-05,2026-05-28,H Shares,Chapter 19A (A+H),POST_FINI,POST_2025_REFORM,True,False,False,False,Huatai Financial Holdings (Hong Kong) Limited,"Huatai Financial Holdings (Hong Kong) Limited /
China Merchants Securities (HK) Co., Limited",BDO Limited,,66.4,577454240.0,6217689360.0,6795143600.0
1779.HK,"LongBio Pharma (Suzhou) Co., Ltd. - B - H Shares",2026,2026-06-05,2026-05-28,H Shares,Chapter 18A (Biotech),POST_FINI,POST_2025_REFORM,True,False,True,False,Sinolink Securities (Hong Kong) Company Limited,Sinolink Securities (Hong Kong) Company Limited,Ernst & Young,,96.06,136342761.0,1431558165.0,1567900926.0
2290.HK,Lung Fung Group Holdings Limited,2026,2026-06-05,2026-05-28,Ordinary Shares,Main Board Conventional,POST_FINI,POST_2025_REFORM,False,False,False,False,DBS Asia Capital Limited,DBS Asia Capital Limited,Deloitte Touche Tohmatsu,AVISTA Valuation Advisory Limited,5.18,64750000.0,582750000.0,647500000.0
6658.HK,"Liuliumei Co., Ltd. - H Shares",2026,2026-06-15,2026-06-05,H Shares,Chapter 19A (A+H),POST_FINI,POST_2025_REFORM,True,False,False,False,CITIC Securities (Hong Kong) Limited,"CITIC Securities (Hong Kong) Limited / 
Guoyuan Capital (Hong Kong) Limited",Ernst & Young,,43.58,49964470.0,449641008.0,499605478.0
6675.HK,"SENASIC Electronics Technology Co., Ltd. - H Shares",2026,2026-06-17,2026-06-09,H Shares,Chapter 19A (A+H),POST_FINI,POST_2025_REFORM,True,False,False,False,China International Capital Corporation Hong Kong Securities Limited,"China International Capital Corporation Hong Kong Securities Limited /
Guotai Junan Capital Limited",KPMG,,18.36,98057088.0,934927920.0,1032985008.0
1392.HK,"Shenzhen HQVT Technology Co., Ltd. - H Shares",2026,2026-06-22,2026-06-11,H Shares,Chapter 19A (A+H),POST_FINI,POST_2025_REFORM,True,False,False,False,CMBC International Capital Limited,"CMBC International Capital Limited / 
SPDB International Capital Limited",Confucius International CPA Limited,,7.2,61318800.0,551851200.0,613170000.0
6067.HK,"Shenzhen Senior Technology Material Co., Ltd. - H Shares",2026,2026-06-23,2026-06-12,H Shares,Chapter 19A (A+H),POST_FINI,POST_2025_REFORM,True,False,False,False,China Securities (International) Corporate Finance Company Limited,China Securities (International) Corporate Finance Company Limited,Rongcheng (Hong Kong) CPA Limited,Knight Frank Petty Limited,8.98,134273450.0,1208447580.0,1342721030.0
6132.HK,"HJ Science Co., Ltd. - B - H Shares",2026,2026-06-23,2026-06-12,H Shares,Chapter 18A (Biotech),POST_FINI,POST_2025_REFORM,True,False,True,False,CITIC Securities (Hong Kong) Limited,CITIC Securities (Hong Kong) Limited,Deloitte Touche Tohmatsu,,81.8,111248000.0,1001232000.0,1112480000.0
2335.HK,"Shaanxi Micot Pharmaceutical Technology Co., Ltd. - B - H Shares",2026,2026-06-24,2026-06-15,H Shares,Chapter 18A (Biotech),POST_FINI,POST_2025_REFORM,True,False,True,False,CCB International Capital Limited,"CCB International Capital Limited / 
China Merchants Securities (HK) Co., Limited",Deloitte Touche Tohmatsu,,18.2,105661920.0,950928160.0,1056590080.0
6106.HK,"Shanghai Seer Intelligent Technology Co., Ltd. - H Shares",2026,2026-06-24,2026-06-15,H Shares,Chapter 19A (A+H),POST_FINI,POST_2025_REFORM,True,False,False,False,China International Capital Corporation Hong Kong Securities Limited,China International Capital Corporation Hong Kong Securities Limited,Ernst & Young,,101.6,213309200.0,853216480.0,1066525680.0
1688.HK,LINGYI iTECH (GUANGDONG) COMPANY - H Shares,2026,2026-06-26,2026-06-17,H Shares,Chapter 19A (A+H),POST_FINI,POST_2025_REFORM,True,False,False,False,Guotai Junan Capital Limited,Guotai Junan Capital Limited,Rongcheng (Hong Kong) CPA Limited,,10.18,826425838.0,7437819101.0,8264244939.0
1956.HK,"Beijing Zhongke WengeAI Science and Technology Co., Ltd. - H Shares",2026,2026-06-26,2026-06-17,H Shares,Chapter 19A (A+H),POST_FINI,POST_2025_REFORM,True,False,False,False,China International Capital Corporation Hong Kong Securities Limited,China International Capital Corporation Hong Kong Securities Limited,Ernst & Young,,60.7,180096900.0,801397820.0,981494720.0
2272.HK,KEYTOP PARKING INC. - H Shares,2026,2026-06-26,2026-06-17,H Shares,Chapter 19A (A+H),POST_FINI,POST_2025_REFORM,True,False,False,False,China International Capital Corporation Hong Kong Securities Limited,"China International Capital Corporation Hong Kong Securities Limited /
CMBC International Capital Limited",KPMG,,39.55,39994542.0,359946132.0,399940674.0
9630.HK,"Circuit Fabology Microelectronics Equipment Co., Ltd. - H Shares",2026,2026-06-26,2026-06-17,H Shares,Chapter 19A (A+H),POST_FINI,POST_2025_REFORM,True,False,False,False,China International Capital Corporation Hong Kong Securities Limited,China International Capital Corporation Hong Kong Securities Limited,Ernst & Young,,252.73,324480047.0,3406926765.0,3731406812.0
3661.HK,SG Micro Corp - H Shares,2026,2026-06-26,2026-06-17,H Shares,Chapter 19A (A+H),POST_FINI,POST_2025_REFORM,True,False,False,False,China International Capital Corporation Hong Kong Securities Limited,"China International Capital Corporation Hong Kong Securities Limited / 
Huatai Financial Holdings (Hong Kong) Limited",Ernst & Young,,85.2,460097040.0,4830933720.0,5291030760.0
6228.HK,PT MERDEKA GOLD RESOURCES Tbk- DRS,2026,2026-06-26,2026-06-17,Ordinary Shares,Main Board Conventional,POST_FINI,POST_2025_REFORM,False,False,False,False,UBS Securities Hong Kong Limited,"UBS Securities Hong Kong Limited  /
CITIC Securities (Hong Kong) Limited",BDO Limited,,26.6,238519540.0,2227502620.0,2466022160.0
1191.HK,"Crealights Technology Co., Ltd. - H Shares",2026,2026-06-29,2026-06-18,H Shares,Chapter 19A (A+H),POST_FINI,POST_2025_REFORM,True,False,False,False,Huatai Financial Holdings (Hong Kong) Limited,Huatai Financial Holdings (Hong Kong) Limited,Ernst & Young,,114.0,153119100.0,1607747700.0,1760866800.0
2672.HK,"Baige Online Digital Technology Co., Ltd. - H Shares",2026,2026-06-29,2026-06-18,H Shares,Chapter 19A (A+H),POST_FINI,POST_2025_REFORM,True,False,False,False,CMBC International Capital Limited,"CMBC International Capital Limited / 
BOCI Asia Limited",RSM Hong Kong,,15.6,52019760.0,468152880.0,520172640.0
9637.HK,Alebund Pharmaceuticals (Jiangsu) Limited - B - H Shares,2026,2026-06-29,2026-06-18,H Shares,Chapter 18A (Biotech),POST_FINI,POST_2025_REFORM,True,False,True,False,Jefferies Hong Kong Limited,"Jefferies Hong Kong Limited /
Merrill Lynch (Asia Pacific) Limited /
Huatai Financial Holdings (Hong Kong) Limited",Ernst & Young,AVISTA Valuation Advisory Limited,22.6,128268560.0,1346804060.0,1475072620.0
2697.HK,"Guangdong True Health Medical Technology Development Co., Ltd. - B - H Shares",2026,2026-06-30,2026-06-22,H Shares,Chapter 18A (Biotech),POST_FINI,POST_2025_REFORM,True,False,True,False,China International Capital Corporation Hong Kong Securities Limited,"China International Capital Corporation Hong Kong Securities Limited /
DBS Asia Capital Limited",Ernst & Young,,126.2,44987776.0,404877364.0,449865140.0
6915.HK,Jiangxi Institute of Biological Products Inc. - H Shares,2026,2026-06-30,2026-06-22,H Shares,Chapter 19A (A+H),POST_FINI,POST_2025_REFORM,True,False,False,False,China International Capital Corporation Hong Kong Securities Limited,"China International Capital Corporation Hong Kong Securities Limited /
China Merchants Securities (HK) Co., Limited",Deloitte Touche Tohmatsu,Jones Lang LaSalle Corporate Appraisal and Advisory Limited,11.2,40583200.0,365243200.0,405826400.0
3952.HK,"Zhejiang Laifual Drive Co., Ltd. - H Shares",2026,2026-06-30,2026-06-22,H Shares,Chapter 19A (A+H),POST_FINI,POST_2025_REFORM,True,False,False,False,CMB International Capital Limited,CMB International Capital Limited,KPMG,,85.5,229858200.0,982386450.0,1212244650.0
6715.HK,"Hangzhou Qiandaohu Xunlong Sci-tech Co., Ltd. - H Shares",2026,2026-06-30,2026-06-22,H Shares,Chapter 19A (A+H),POST_FINI,POST_2025_REFORM,True,False,False,False,CITIC Securities (Hong Kong) Limited,"CITIC Securities (Hong Kong) Limited /
China Securities (International) Corporate Finance Company Limited",PricewaterhouseCoopers,,75.5,123314150.0,1109819800.0,1233133950.0
0668.HK,"Anker Innovations Technology Co., Ltd. - H Shares",2026,2026-07-02,2026-06-23,H Shares,Chapter 19A (A+H),POST_FINI,POST_2025_REFORM,True,False,False,False,China International Capital Corporation Hong Kong Securities Limited,"China International Capital Corporation Hong Kong Securities Limited /
Goldman Sachs (Asia) L.L.C. /
J.P. Morgan Securities (Far East) Limited",KPMG,,99.32,463158956.0,4510399296.0,4973558252.0
2667.HK,"Beijing Tong Ren Tang Healthcare Investment Co., Ltd. - H Shares",2026,2026-07-07,2026-06-26,H Shares,Chapter 19A (A+H),POST_FINI,POST_2025_REFORM,True,False,False,False,China International Capital Corporation Hong Kong Securities Limited,China International Capital Corporation Hong Kong Securities Limited,Ernst & Young,Jones Lang LaSalle Corporate Appraisal and Advisory Limited,5.5,59485250.0,535359000.0,594844250.0
7656.HK,"Reconova Technologies Co., Ltd. - H Shares",2026,2026-07-08,2026-06-29,H Shares,Chapter 19A (A+H),POST_FINI,POST_2025_REFORM,True,False,False,False,Huatai Financial Holdings (Hong Kong) Limited,"Huatai Financial Holdings (Hong Kong) Limited /
CCB International Capital Limited /
ABCI Capital Limited",Ernst & Young,,21.66,121672884.0,486691536.0,608364420.0
9971.HK,"BASiC Semiconductor Co., Ltd. - H Shares",2026,2026-07-08,2026-06-29,H Shares,Chapter 19A (A+H),POST_FINI,POST_2025_REFORM,True,False,False,False,Sinolink Securities (Hong Kong) Company Limited,"Sinolink Securities (Hong Kong) Company Limited /
BOCI Asia Limited",Ernst & Young,,31.62,173195388.0,692756256.0,865951644.0
6880.HK,MOMENTA GLOBAL LIMITED - W,2026,2026-07-08,2026-06-29,WVR Shares,Chapter 8A (WVR),POST_FINI,POST_2025_REFORM,False,True,False,False,China International Capital Corporation Hong Kong Securities Limited,"China International Capital Corporation Hong Kong Securities Limited /
Deutsche Securities Asia Limited",Deloitte Touche Tohmatsu,,295.6,589379104.0,5304382376.0,5893761480.0
7687.HK,"EACON Group Co., Ltd - H Shares",2026,2026-07-08,2026-06-29,H Shares,Chapter 19A (A+H),POST_FINI,POST_2025_REFORM,True,False,False,False,Haitong International Capital Limited,Haitong International Capital Limited,Deloitte Touche Tohmatsu,,87.92,229752544.0,2311403612.0,2541156156.0
1770.HK,DKE Holding Company Limited - H Shares,2026,2026-07-09,2026-06-29,H Shares,Chapter 19A (A+H),POST_FINI,POST_2025_REFORM,True,False,False,False,CITIC Securities (Hong Kong) Limited,CITIC Securities (Hong Kong) Limited,Confucius International CPA Limited,,78.64,40255816.0,362270888.0,402526704.0
0537.HK,"RIGOL Technologies Co., Ltd. - H Shares",2026,2026-07-09,2026-06-30,H Shares,Chapter 19A (A+H),POST_FINI,POST_2025_REFORM,True,False,False,False,CITIC Securities (Hong Kong) Limited,CITIC Securities (Hong Kong) Limited,Deloitte Touche Tohmatsu,,45.98,114044194.0,1026360962.0,1140405156.0
1377.HK,"Guangdong Dtech Technology Co., Ltd. - H Shares",2026,2026-07-09,2026-06-30,H Shares,Chapter 19A (A+H),POST_FINI,POST_2025_REFORM,True,False,False,False,CITIC Securities (Hong Kong) Limited,"CITIC Securities (Hong Kong) Limited /
HSBC Corporate Finance (Hong Kong) Limited",Rongcheng (Hong Kong) CPA Limited,,380.0,480016000.0,4320144000.0,4800160000.0
2475.HK,"Luxshare Precision Industry Co., Ltd. - H Shares",2026,2026-07-09,2026-06-30,H Shares,Chapter 19A (A+H),POST_FINI,POST_2025_REFORM,True,False,False,False,CITIC Securities (Hong Kong) Limited,"CITIC Securities (Hong Kong) Limited /
Goldman Sachs (Asia) L.L.C. /
China International Capital Corporation Hong Kong Securities Limited",BDO Limited,,63.28,2426617144.0,22633193072.0,25059810216.0
3752.HK,Rokae (Shandong) Robotics Group Inc. - H Shares,2026,2026-07-09,2026-06-30,H Shares,Chapter 19A (A+H),POST_FINI,POST_2025_REFORM,True,False,False,False,China International Capital Corporation Hong Kong Securities Limited,"China International Capital Corporation Hong Kong Securities Limited /
Guotai Junan Capital Limited",Deloitte Touche Tohmatsu,,38.0,87521600.0,918969200.0,1006490800.0
6951.HK,"Chaozhou Three-Circle (Group) Co., Ltd. - H Shares",2026,2026-07-09,2026-06-30,H Shares,Chapter 19A (A+H),POST_FINI,POST_2025_REFORM,True,False,False,False,"China Galaxy International Securities (Hong Kong) Co., Limited","China Galaxy International Securities (Hong Kong) Co., Limited",SHINEWING (HK) CPA Limited,,100.3,715790950.0,7330395410.0,8046186360.0
2797.HK,"Jiangxi Qiyunshan Food Co., Ltd. - H Shares",2026,2026-07-09,2026-06-30,H Shares,Chapter 19A (A+H),POST_FINI,POST_2025_REFORM,True,False,False,False,Zhongtai International Capital Limited,Zhongtai International Capital Limited,Ernst & Young,King Kee Appraisal and Advisory Limited,8.0,20000000.0,180000000.0,200000000.0
2249.HK,NEXCHIP SEMICONDUCTOR (CHINA) LIMITED - H Shares,2026,2026-07-10,2026-06-30,H Shares,Chapter 19A (A+H),POST_FINI,POST_2025_REFORM,True,False,False,False,China International Capital Corporation Hong Kong Securities Limited,China International Capital Corporation Hong Kong Securities Limited,Rongcheng (Hong Kong) CPA Limited,,32.3,698219410.0,6635621560.0,7333840970.0
6745.HK,"Befar Group Co., Ltd - H Shares",2026,2026-07-10,2026-06-30,H Shares,Chapter 19A (A+H),POST_FINI,POST_2025_REFORM,True,False,False,False,Huatai Financial Holdings (Hong Kong) Limited,"Huatai Financial Holdings (Hong Kong) Limited /
CCB International Capital Limited",KPMG,,3.48,122541240.0,1102857240.0,1225398480.0
3308.HK,"ZHONGJI INNOLIGHT CO., LTD. - H Shares",2026,2026-07-30,2026-07-22,H Shares,Chapter 19A (A+H),POST_FINI,POST_2025_REFORM,True,False,False,False,Goldman Sachs (Asia) L.L.C.,"Goldman Sachs (Asia) L.L.C. /
China International Capital Corporation Hong Kong Securities Limited /
Morgan Stanley Asia Limited /
GF Capital (Hong Kong) Limited",PricewaterhouseCoopers,,980.0,5341000000.0,56080500000.0,61421500000.0
2261.HK,"NASN Intelligent Tech (Zhejiang) Co., Ltd. - H Shares",2026,2026-08-07,2026-07-30,H Shares,Chapter 19A (A+H),POST_FINI,POST_2025_REFORM,True,False,False,False,Haitong International Capital Limited,"Haitong International Capital Limited /
BOCI Asia Limited",Ernst & Young,,10.42,60013990.0,540120700.0,600134690.0
3223.HK,"Ingenic Semiconductor Co., Ltd. - H Shares",2026,2026-08-25,2026-08-17,H Shares,Chapter 19A (A+H),POST_FINI,POST_2025_REFORM,True,False,False,False,Guotai Junan Capital Limited,Guotai Junan Capital Limited,SHINEWING (HK) CPA Limited,,100.0,312880000.0,2815850000.0,3128730000.0
9615.HK,"Mech-Mind Robotics Technologies Co., Ltd. - H Shares",2026,2026-09-01,2026-08-24,H Shares,Chapter 19A (A+H),POST_FINI,POST_2025_REFORM,True,False,False,False,China Securities (International),"China Securities (International)
Corporate Finance Company Limited /
CITIC Securities (Hong Kong) Limited",KPMG,,101.7,470680821.0,1882717182.0,2353398003.0
0625.HK,SHEIN Global Holdings Limited - W,2026,2026-09-01,2026-08-24,WVR Shares,Chapter 8A (WVR),POST_FINI,POST_2025_REFORM,False,True,False,False,Goldman Sachs (Asia) L.L.C.,"Goldman Sachs (Asia) L.L.C. /
Morgan Stanley Asia Limited /
J.P. Morgan Securities (Far East) Limited",Deloitte Touche Tohmatsu,,48.56,1359646008.0,12236789792.0,13596435800.0
2041.HK,"Medcaptain Medical Technology Co., Ltd. - H Shares",2026,2026-09-07,2026-08-28,H Shares,Chapter 19A (A+H),POST_FINI,POST_2025_REFORM,True,False,False,False,Morgan Stanley Asia Limited,"Morgan Stanley Asia Limited /
Huatai Financial Holdings (Hong Kong) Limited",Ernst & Young,,15.42,60000762.0,540000690.0,600001452.0
9976.HK,"Shenzhen Longsys Electronics Co., Ltd. - H Shares",2026,2026-09-08,2026-08-31,H Shares,Chapter 19A (A+H),POST_FINI,POST_2025_REFORM,True,False,False,False,CITIC Securities (Hong Kong) Limited,"CITIC Securities (Hong Kong) Limited /
Citigroup Global Markets Asia Limited",Ernst & Young,,236.0,615440800.0,6462069400.0,7077510200.0
