stock_code,company_name,cohort_year,listing_date,prospectus_date,security_type,listing_route,inclusion_status,exclusion_reason,funds_raised_total_hkd,offer_price_hkd,prospectus_source,allotment_source,data_completion_status
9600.HK,Newlink Technology Inc.,2021,2021-01-06,2020-10-21,Ordinary Shares,Main Board Conventional,INCLUDED,,872000000.0,4.36,HKEXnews (Official Prospectus),HKEXnews (Allotment Results Announcement),COMPLETE
1855.HK,ZONBONG LANDSCAPE Environmental Limited,2021,2021-01-06,2020-10-22,Ordinary Shares,Main Board Conventional,INCLUDED,,137500000.0,2.0,HKEXnews (Official Prospectus),HKEXnews (Allotment Results Announcement),COMPLETE
1440.HK,Deyun Holding Ltd.,2021,2021-01-13,2020-12-28,Ordinary Shares,Main Board Conventional,INCLUDED,,126000000.0,0.4,HKEXnews (Official Prospectus),HKEXnews (Allotment Results Announcement),COMPLETE
2129.HK,Legion Consortium Limited,2021,2021-01-13,2020-12-30,Ordinary Shares,Main Board Conventional,INCLUDED,,125000000.0,0.4,HKEXnews (Official Prospectus),HKEXnews (Allotment Results Announcement),COMPLETE
2153.HK,"Tat Hong Equipment Service Co., Ltd.",2021,2021-01-13,2020-12-30,Ordinary Shares,Main Board Conventional,INCLUDED,,644805600.0,1.73,HKEXnews (Official Prospectus),HKEXnews (Allotment Results Announcement),COMPLETE
1490.HK,Cheshi Holdings Limited,2021,2021-01-15,2020-12-31,Ordinary Shares,Main Board Conventional,INCLUDED,,288558000.0,1.23,HKEXnews (Official Prospectus),HKEXnews (Allotment Results Announcement),COMPLETE
2146.HK,"Roiserv Lifestyle Services Co., Ltd. - H Shares",2021,2021-01-15,2020-12-31,H Shares,Chapter 19A (A+H),INCLUDED,,1265240000.0,13.46,HKEXnews (Official Prospectus),HKEXnews (Allotment Results Announcement),COMPLETE
2125.HK,Strawbear Entertainment Group,2021,2021-01-15,2020-12-31,Ordinary Shares,Main Board Conventional,INCLUDED,,1121004360.0,5.88,HKEXnews (Official Prospectus),HKEXnews (Allotment Results Announcement),COMPLETE
1643.HK,"Modern Chinese Medicine Group Co., Ltd.",2021,2021-01-15,2020-12-31,Ordinary Shares,Main Board Conventional,INCLUDED,,177000000.0,1.18,HKEXnews (Official Prospectus),HKEXnews (Allotment Results Announcement),COMPLETE
2158.HK,Yidu Tech Inc.,2021,2021-01-15,2020-12-31,Ordinary Shares,Main Board Conventional,INCLUDED,,4731830250.0,26.3,HKEXnews (Official Prospectus),HKEXnews (Allotment Results Announcement),COMPLETE
9608.HK,Sundy Service Group Co. Ltd,2021,2021-01-18,2020-12-31,Ordinary Shares,Main Board Conventional,INCLUDED,,200000000.0,0.25,HKEXnews (Official Prospectus),HKEXnews (Allotment Results Announcement),COMPLETE
2159.HK,Mediwelcome Healthcare Management & Technology Inc.,2021,2021-01-19,2020-12-31,Ordinary Shares,Main Board Conventional,INCLUDED,,150000000.0,3.0,HKEXnews (Official Prospectus),HKEXnews (Allotment Results Announcement),COMPLETE
6668.HK,E-Star Commercial Management Company Limited,2021,2021-01-26,2021-01-14,Ordinary Shares,Main Board Conventional,INCLUDED,,1044670400.0,3.86,HKEXnews (Official Prospectus),HKEXnews (Allotment Results Announcement),COMPLETE
2160.HK,MicroPort CardioFlow Medtech Corporation - B,2021,2021-02-04,2021-01-26,Ordinary Shares,Chapter 18A (Biotech),INCLUDED,,2884848600.0,12.2,HKEXnews (Official Prospectus),HKEXnews (Allotment Results Announcement),COMPLETE
2161.HK,JBM (Healthcare) Limited,2021,2021-02-05,2021-01-26,Ordinary Shares,Main Board Conventional,INCLUDED,,53623200.0,1.2,HKEXnews (Official Prospectus),HKEXnews (Allotment Results Announcement),COMPLETE
1024.HK,Kuaishou Technology - W,2021,2021-02-05,2021-01-26,WVR Shares,Chapter 8A (WVR),INCLUDED,,48300149500.0,115.0,HKEXnews (Official Prospectus),HKEXnews (Allotment Results Announcement),COMPLETE
2170.HK,Suzhou Basecare Medical Corporation Limited - B - H Shares,2021,2021-02-08,2021-01-27,H Shares,Chapter 18A (Biotech),INCLUDED,,2011671360.0,27.36,HKEXnews (Official Prospectus),HKEXnews (Allotment Results Announcement),COMPLETE
6606.HK,New Horizon Health Limited - B,2021,2021-02-18,2021-02-05,Ordinary Shares,Chapter 18A (Biotech),INCLUDED,,2348412750.0,26.66,HKEXnews (Official Prospectus),HKEXnews (Allotment Results Announcement),COMPLETE
1473.HK,Pangaea Connectivity Technology Limited,2021,2021-02-19,2021-01-30,Ordinary Shares,Main Board Conventional,INCLUDED,,140000000.00000003,0.56,HKEXnews (Official Prospectus),HKEXnews (Allotment Results Announcement),COMPLETE
6127.HK,"JOINN Laboratories (China) Co., Ltd.",2021,2021-02-26,2021-02-16,Ordinary Shares,Main Board Conventional,INCLUDED,,6548205600.0,151.0,HKEXnews (Official Prospectus),HKEXnews (Allotment Results Announcement),COMPLETE
6600.HK,SciClone Pharmaceuticals (Holdings) Limited,2021,2021-03-03,2021-02-19,Ordinary Shares,Main Board Conventional,INCLUDED,,2180508600.0,18.8,HKEXnews (Official Prospectus),HKEXnews (Allotment Results Announcement),COMPLETE
6601.HK,Cheerwin Group Limited,2021,2021-03-10,2021-02-26,Ordinary Shares,Main Board Conventional,INCLUDED,,3066668200.0,9.2,HKEXnews (Official Prospectus),HKEXnews (Allotment Results Announcement),COMPLETE
1413.HK,Kwong Luen Engineering Holdings Limited,2021,2021-03-11,2021-02-26,Ordinary Shares,Main Board Conventional,INCLUDED,,135000000.0,0.54,HKEXnews (Official Prospectus),HKEXnews (Allotment Results Announcement),COMPLETE
2518.HK,Autohome Inc. - S,2021,2021-03-15,2021-03-04,Ordinary Shares,Main Board Conventional,INCLUDED,,6141445760.0,176.3,HKEXnews (Official Prospectus),HKEXnews (Allotment Results Announcement),COMPLETE
1927.HK,Jiujiuwang Food International Limited,2021,2021-03-16,2021-02-26,Ordinary Shares,Main Board Conventional,INCLUDED,,148500000.0,0.75,HKEXnews (Official Prospectus),HKEXnews (Allotment Results Announcement),COMPLETE
9888.HK,"Baidu, Inc. - SW",2021,2021-03-23,2021-03-12,Ordinary Shares,Main Board Conventional,INCLUDED,,23940000000.0,252.0,HKEXnews (Official Prospectus),HKEXnews (Allotment Results Announcement),COMPLETE
2187.HK,Zhixin Group Holding Limited,2021,2021-03-26,2021-03-16,Ordinary Shares,Main Board Conventional,INCLUDED,,280500000.0,1.5,HKEXnews (Official Prospectus),HKEXnews (Allotment Results Announcement),COMPLETE
9626.HK,Bilibili Inc. - SW,2021,2021-03-29,2021-03-18,Ordinary Shares,Main Board Conventional,INCLUDED,,23230000000.0,808.0,HKEXnews (Official Prospectus),HKEXnews (Allotment Results Announcement),COMPLETE
6608.HK,Bairong Inc. - W,2021,2021-03-31,2021-03-19,WVR Shares,Chapter 8A (WVR),INCLUDED,,3937255500.0,31.8,HKEXnews (Official Prospectus),HKEXnews (Allotment Results Announcement),COMPLETE
6939.HK,"MEGAIN Holding (Cayman) Co., Ltd.",2021,2021-03-31,2021-03-18,Ordinary Shares,Main Board Conventional,INCLUDED,,181125000.0,1.26,HKEXnews (Official Prospectus),HKEXnews (Allotment Results Announcement),COMPLETE
2195.HK,Unity Enterprise Holdings Limited,2021,2021-03-31,2021-03-19,Ordinary Shares,Main Board Conventional,INCLUDED,,140000000.0,0.56,HKEXnews (Official Prospectus),HKEXnews (Allotment Results Announcement),COMPLETE
9959.HK,Linklogis Inc. - W,2021,2021-04-09,2021-03-26,WVR Shares,Chapter 8A (WVR),INCLUDED,,9155839800.0,17.58,HKEXnews (Official Prospectus),HKEXnews (Allotment Results Announcement),COMPLETE
9961.HK,Trip.com Group Limited - S,2021,2021-04-19,2021-04-08,Ordinary Shares,Main Board Conventional,INCLUDED,,9750081200.0,268.0,HKEXnews (Official Prospectus),HKEXnews (Allotment Results Announcement),COMPLETE
6622.HK,Zhaoke Ophthalmology Limited - B,2021,2021-04-29,2021-04-16,Ordinary Shares,Chapter 18A (Biotech),INCLUDED,,2075934000.0,16.8,HKEXnews (Official Prospectus),HKEXnews (Allotment Results Announcement),COMPLETE
2176.HK,CCID Consulting Co. Limited - H Shares,2021,2021-05-14,,GEM Transfer,Transfer from GEM,EXCLUDED,Transfer of listing from GEM to Main Board under Chapter 9A (No IPO capital raising),,,,,EXCLUDED_NON_IPO
3658.HK,New Hope Service Holdings Limited,2021,2021-05-25,2021-05-11,Ordinary Shares,Main Board Conventional,INCLUDED,,813678800.0,3.8,HKEXnews (Official Prospectus),HKEXnews (Allotment Results Announcement),COMPLETE
2618.HK,"JD Logistics, Inc.",2021,2021-05-28,2021-05-17,Ordinary Shares,Main Board Conventional,INCLUDED,,28273588564.0,40.36,HKEXnews (Official Prospectus),HKEXnews (Allotment Results Announcement),COMPLETE
9982.HK,Central China Management Co. Limited,2021,2021-05-31,2021-05-18,Ordinary Shares,Main Board Conventional,INCLUDED,,984516000.0,3.0,HKEXnews (Official Prospectus),HKEXnews (Allotment Results Announcement),COMPLETE
6699.HK,Angelalign Technology Inc.,2021,2021-06-16,2021-06-03,Ordinary Shares,Main Board Conventional,INCLUDED,,3348242000.0,173.0,HKEXnews (Official Prospectus),HKEXnews (Allotment Results Announcement),COMPLETE
2171.HK,CARsgen Therapeutics Holdings Limited - B,2021,2021-06-18,2021-06-07,Ordinary Shares,Chapter 18A (Biotech),INCLUDED,,3107701600.0,32.8,HKEXnews (Official Prospectus),HKEXnews (Allotment Results Announcement),COMPLETE
9858.HK,China Youran Dairy Group Limited,2021,2021-06-18,2021-06-07,Ordinary Shares,Main Board Conventional,INCLUDED,,4993736300.0,6.98,HKEXnews (Official Prospectus),HKEXnews (Allotment Results Announcement),COMPLETE
2155.HK,Morimatsu International Holdings Co. Limited,2021,2021-06-28,2021-06-15,Ordinary Shares,Main Board Conventional,INCLUDED,,713000000.0,2.48,HKEXnews (Official Prospectus),HKEXnews (Allotment Results Announcement),COMPLETE
6626.HK,Yuexiu Services Group Limited,2021,2021-06-28,2021-06-16,Ordinary Shares,Main Board Conventional,INCLUDED,,2015784040.0,4.88,HKEXnews (Official Prospectus),HKEXnews (Allotment Results Announcement),COMPLETE
0013.HK,HUTCHMED (China) Limited,2021,2021-06-30,2021-06-18,Ordinary Shares,Main Board Conventional,INCLUDED,,4795960000.0,40.1,HKEXnews (Official Prospectus),HKEXnews (Allotment Results Announcement),COMPLETE
2150.HK,Nayuki Holdings Limited,2021,2021-06-30,2021-06-18,Ordinary Shares,Main Board Conventional,INCLUDED,,5093926200.0,19.8,HKEXnews (Official Prospectus),HKEXnews (Allotment Results Announcement),COMPLETE
0606.HK,SCE Intelligent Commercial Management Holdings Limited,2021,2021-07-02,2021-06-21,Ordinary Shares,Main Board Conventional,INCLUDED,,2127500000.0,3.7,HKEXnews (Official Prospectus),HKEXnews (Allotment Results Announcement),COMPLETE
2190.HK,"Zylox-Tonbridge Medical Technology Co., Ltd. - B - H Shares",2021,2021-07-05,2021-06-22,H Shares,Chapter 18A (Biotech),INCLUDED,,2946300000.0,42.7,HKEXnews (Official Prospectus),HKEXnews (Allotment Results Announcement),COMPLETE
2219.HK,Chaoju Eye Care Holdings Limited,2021,2021-07-07,2021-06-24,Ordinary Shares,Main Board Conventional,INCLUDED,,1670825000.0,10.6,HKEXnews (Official Prospectus),HKEXnews (Allotment Results Announcement),COMPLETE
9868.HK,XPeng Inc. - W,2021,2021-07-07,2021-06-25,WVR Shares,Chapter 8A (WVR),INCLUDED,,16018744500.0,165.0,HKEXnews (Official Prospectus),HKEXnews (Allotment Results Announcement),COMPLETE
2162.HK,Keymed Biosciences Inc. - B,2021,2021-07-08,2021-06-25,Ordinary Shares,Chapter 18A (Biotech),INCLUDED,,3571313200.0,53.3,HKEXnews (Official Prospectus),HKEXnews (Allotment Results Announcement),COMPLETE
1965.HK,Landsea Green Life Service Company Limited,2021,2021-07-08,2021-06-25,Ordinary Shares,Main Board Conventional,INCLUDED,,352232700.0,3.18,HKEXnews (Official Prospectus),HKEXnews (Allotment Results Announcement),COMPLETE
2209.HK,YesAsia Holdings Limited,2021,2021-07-09,2021-06-28,Ordinary Shares,Main Board Conventional,INCLUDED,,131032719.99999999,3.28,HKEXnews (Official Prospectus),HKEXnews (Allotment Results Announcement),COMPLETE
2165.HK,Ling Yue Services Group Limited,2021,2021-07-12,2021-06-29,Ordinary Shares,Main Board Conventional,INCLUDED,,317120150.0,4.19,HKEXnews (Official Prospectus),HKEXnews (Allotment Results Announcement),COMPLETE
2177.HK,UNQ Holdings Limited,2021,2021-07-12,2021-06-28,Ordinary Shares,Main Board Conventional,INCLUDED,,363990516.0,11.86,HKEXnews (Official Prospectus),HKEXnews (Allotment Results Announcement),COMPLETE
2137.HK,Brii Biosciences Limited - B,2021,2021-07-13,2021-06-30,Ordinary Shares,Chapter 18A (Biotech),INCLUDED,,2788659250.0,22.25,HKEXnews (Official Prospectus),HKEXnews (Allotment Results Announcement),COMPLETE
6913.HK,South China Vocational Education Group Company Limited,2021,2021-07-13,2021-06-30,Ordinary Shares,Main Board Conventional,INCLUDED,,531060000.0,1.59,HKEXnews (Official Prospectus),HKEXnews (Allotment Results Announcement),COMPLETE
6909.HK,BetterLife Holding Limited,2021,2021-07-15,2021-06-30,Ordinary Shares,Main Board Conventional,INCLUDED,,759000000.0,4.4,HKEXnews (Official Prospectus),HKEXnews (Allotment Results Announcement),COMPLETE
2215.HK,Dexin Services Group Limited,2021,2021-07-15,2021-06-29,Ordinary Shares,Main Board Conventional,INCLUDED,,816564060.0,3.06,HKEXnews (Official Prospectus),HKEXnews (Allotment Results Announcement),COMPLETE
2192.HK,"Medlive Technology Co., Ltd.",2021,2021-07-15,2021-06-30,Ordinary Shares,Main Board Conventional,INCLUDED,,4845557600.0,27.2,HKEXnews (Official Prospectus),HKEXnews (Allotment Results Announcement),COMPLETE
2175.HK,China General Education Group Limited,2021,2021-07-16,2021-06-30,Ordinary Shares,Main Board Conventional,INCLUDED,,481607730.0,3.69,HKEXnews (Official Prospectus),HKEXnews (Allotment Results Announcement),COMPLETE
6616.HK,Global New Material International Holdings Limited,2021,2021-07-16,2021-06-30,Ordinary Shares,Main Board Conventional,INCLUDED,,1039161500.0,3.25,HKEXnews (Official Prospectus),HKEXnews (Allotment Results Announcement),COMPLETE
2205.HK,Kangqiao Service Group Limited,2021,2021-07-16,2021-06-29,Ordinary Shares,Main Board Conventional,INCLUDED,,644000000.0,3.68,HKEXnews (Official Prospectus),HKEXnews (Allotment Results Announcement),COMPLETE
9960.HK,"Kindstar Globalgene Technology, Inc.",2021,2021-07-16,2021-06-29,Ordinary Shares,Main Board Conventional,INCLUDED,,2214240900.0,9.78,HKEXnews (Official Prospectus),HKEXnews (Allotment Results Announcement),COMPLETE
2207.HK,"Ronshine Service Holding Co., Ltd",2021,2021-07-16,2021-06-30,Ordinary Shares,Main Board Conventional,INCLUDED,,649547520.0,4.88,HKEXnews (Official Prospectus),HKEXnews (Allotment Results Announcement),COMPLETE
6611.HK,Sanxun Holdings Group Limited,2021,2021-07-19,2021-06-30,Ordinary Shares,Main Board Conventional,INCLUDED,,857512750.0,4.75,HKEXnews (Official Prospectus),HKEXnews (Allotment Results Announcement),COMPLETE
2015.HK,Li Auto Inc. - W,2021,2021-08-12,2021-08-03,WVR Shares,Chapter 8A (WVR),INCLUDED,,13436624600.0,118.0,HKEXnews (Official Prospectus),HKEXnews (Allotment Results Announcement),COMPLETE
6609.HK,"Shanghai HeartCare Medical Technology
Corporation Limited - B - H Shares",2021,2021-08-20,2021-08-10,H Shares,Chapter 18A (Biotech),INCLUDED,,1128916350.0,171.0,HKEXnews (Official Prospectus),HKEXnews (Allotment Results Announcement),COMPLETE
6669.HK,Acotec Scientific Holdings Limited - B,2021,2021-08-24,2021-08-12,Ordinary Shares,Chapter 18A (Biotech),INCLUDED,,1633465400.0,23.8,HKEXnews (Official Prospectus),HKEXnews (Allotment Results Announcement),COMPLETE
9869.HK,Helens International Holdings Co. Ltd.,2021,2021-09-10,2021-08-31,Ordinary Shares,Main Board Conventional,INCLUDED,,3061335075.0,19.77,HKEXnews (Official Prospectus),HKEXnews (Allotment Results Announcement),COMPLETE
2216.HK,Broncus Holding Corporation - B,2021,2021-09-24,2021-09-13,Ordinary Shares,Chapter 18A (Biotech),INCLUDED,,1670938500.0,18.7,HKEXnews (Official Prospectus),HKEXnews (Allotment Results Announcement),COMPLETE
9889.HK,"Dongguan Rural Commercial Bank Co., Ltd. - H Shares",2021,2021-09-29,2021-09-16,H Shares,Chapter 19A (A+H),INCLUDED,,9092880720.0,7.92,HKEXnews (Official Prospectus),HKEXnews (Allotment Results Announcement),COMPLETE
6628.HK,Transcenta Holding Ltd. - B,2021,2021-09-29,2021-09-14,Ordinary Shares,Chapter 18A (Biotech),INCLUDED,,645280000.0,16.0,HKEXnews (Official Prospectus),HKEXnews (Allotment Results Announcement),COMPLETE
2217.HK,Tam Jai International Co. Ltd.,2021,2021-10-07,2021-09-23,Ordinary Shares,Main Board Conventional,INCLUDED,,1115576640.0,3.33,HKEXnews (Official Prospectus),HKEXnews (Allotment Results Announcement),COMPLETE
2256.HK,Abbisko Cayman Ltd. - B,2021,2021-10-13,2021-09-30,Ordinary Shares,Chapter 18A (Biotech),INCLUDED,,1754966080.0,12.46,HKEXnews (Official Prospectus),HKEXnews (Allotment Results Announcement),COMPLETE
2235.HK,"MicroTech Medical (Hangzhou) Co., Ltd. - B - H Shares",2021,2021-10-19,2021-10-06,H Shares,Chapter 18A (Biotech),INCLUDED,,2005149300.0,30.5,HKEXnews (Official Prospectus),HKEXnews (Allotment Results Announcement),COMPLETE
2252.HK,"Shanghai MicroPort MedBot (Group) Co., Ltd. - B - H Shares",2021,2021-11-02,2021-10-21,H Shares,Chapter 18A (Biotech),INCLUDED,,1798416000.0,43.2,HKEXnews (Official Prospectus),HKEXnews (Allotment Results Announcement),COMPLETE
2197.HK,"Clover Biopharmaceuticals, Ltd. - B",2021,2021-11-05,2021-10-25,Ordinary Shares,Chapter 18A (Biotech),INCLUDED,,2007000000.0,13.38,HKEXnews (Official Prospectus),HKEXnews (Allotment Results Announcement),COMPLETE
2251.HK,"Beijing Airdoc Technology Co., Ltd. - B - H Shares",2021,2021-11-05,2021-10-26,H Shares,Chapter 18A (Biotech),INCLUDED,,1672266720.0,75.1,HKEXnews (Official Prospectus),HKEXnews (Allotment Results Announcement),COMPLETE
1948.HK,UJU Holding Ltd.,2021,2021-11-08,2021-10-26,Ordinary Shares,Main Board Conventional,INCLUDED,,804000000.0,6.7,HKEXnews (Official Prospectus),HKEXnews (Allotment Results Announcement),COMPLETE
2210.HK,"Beijing Capital Jiaye Property Services Co., Ltd. - H Shares",2021,2021-11-10,2021-10-29,H Shares,Chapter 19A (A+H),INCLUDED,,303604416.0,8.28,HKEXnews (Official Prospectus),HKEXnews (Allotment Results Announcement),COMPLETE
9956.HK,ANE (Cayman) Inc.,2021,2021-11-11,2021-10-29,Ordinary Shares,Main Board Conventional,INCLUDED,,1113453600.0,13.88,HKEXnews (Official Prospectus),HKEXnews (Allotment Results Announcement),COMPLETE
2265.HK,Hongcheng Environmental Technology Co. Ltd.,2021,2021-11-12,2021-10-29,Ordinary Shares,Main Board Conventional,INCLUDED,,255000000.0,1.02,HKEXnews (Official Prospectus),HKEXnews (Allotment Results Announcement),COMPLETE
9899.HK,Cloud Village Inc.,2021,2021-12-02,2021-11-23,Ordinary Shares,Main Board Conventional,INCLUDED,,3280000000.0,205.0,HKEXnews (Official Prospectus),HKEXnews (Allotment Results Announcement),COMPLETE
9898.HK,Weibo Corporation - SW,2021,2021-12-08,2021-11-29,Ordinary Shares,Main Board Conventional,INCLUDED,,3397347536.0,272.8,HKEXnews (Official Prospectus),HKEXnews (Allotment Results Announcement),COMPLETE
6821.HK,"Asymchem Laboratories (Tianjin) Co., Ltd. - H Shares",2021,2021-12-10,2021-11-30,H Shares,Chapter 19A (A+H),INCLUDED,,7636189200.0,388.0,HKEXnews (Official Prospectus),HKEXnews (Allotment Results Announcement),COMPLETE
1228.HK,CANbridge Pharmaceuticals Inc. - B,2021,2021-12-10,2021-11-30,Ordinary Shares,Chapter 18A (Biotech),INCLUDED,,685137180.0,12.18,HKEXnews (Official Prospectus),HKEXnews (Allotment Results Announcement),COMPLETE
2273.HK,GUSHENGTANG HOLDINGS LIMITED,2021,2021-12-10,2021-11-30,Ordinary Shares,Main Board Conventional,INCLUDED,,808462000.0,29.0,HKEXnews (Official Prospectus),HKEXnews (Allotment Results Announcement),COMPLETE
2279.HK,"Yonghe Medical Group Co., Ltd.",2021,2021-12-13,2021-12-01,Ordinary Shares,Main Board Conventional,INCLUDED,,1604466300.0,15.8,HKEXnews (Official Prospectus),HKEXnews (Allotment Results Announcement),COMPLETE
9699.HK,"Hangzhou SF Intra-city Industrial Co., Ltd. - H Shares",2021,2021-12-14,2021-11-30,H Shares,Chapter 19A (A+H),INCLUDED,,2153988736.0000005,16.42,HKEXnews (Official Prospectus),HKEXnews (Allotment Results Announcement),COMPLETE
2276.HK,"Shanghai Conant Optical Co., Ltd. - H Shares",2021,2021-12-16,2021-11-30,H Shares,Chapter 19A (A+H),INCLUDED,,542336000.0,4.46,HKEXnews (Official Prospectus),HKEXnews (Allotment Results Announcement),COMPLETE
6633.HK,Qingci Games Inc.,2021,2021-12-16,2021-12-06,Ordinary Shares,Main Board Conventional,INCLUDED,,1022901600.0,11.2,HKEXnews (Official Prospectus),HKEXnews (Allotment Results Announcement),COMPLETE
2270.HK,"Desun Real Estate Investment Services Group Co., Ltd.",2021,2021-12-17,2021-11-30,Ordinary Shares,Main Board Conventional,INCLUDED,,181294080.0,1.11,HKEXnews (Official Prospectus),HKEXnews (Allotment Results Announcement),COMPLETE
2185.HK,"Shanghai Bio-heart Biological Technology Co., Ltd. - B - H Shares",2021,2021-12-23,2021-12-13,H Shares,Chapter 18A (Biotech),INCLUDED,,508661250.0,21.25,HKEXnews (Official Prospectus),HKEXnews (Allotment Results Announcement),COMPLETE
2285.HK,Chervon Holdings Ltd.,2021,2021-12-30,2021-12-17,Ordinary Shares,Main Board Conventional,INCLUDED,,3605868240.0,43.6,HKEXnews (Official Prospectus),HKEXnews (Allotment Results Announcement),COMPLETE
0020.HK,SenseTime Group Inc. - W,2021,2021-12-30,2021-12-20,WVR Shares,Chapter 8A (WVR),INCLUDED,,6641250000.0,3.85,HKEXnews (Official Prospectus),HKEXnews (Allotment Results Announcement),COMPLETE
2257.HK,Sirnaomics Ltd. - B,2021,2021-12-30,2021-12-20,Ordinary Shares,Chapter 18A (Biotech),INCLUDED,,561036355.0,65.9,HKEXnews (Official Prospectus),HKEXnews (Allotment Results Announcement),COMPLETE
2295.HK,Maxicity Holdings Ltd.,2021,2021-12-31,,GEM Transfer,Transfer from GEM,EXCLUDED,Transfer of listing from GEM to Main Board under Chapter 9A (No IPO capital raising),,,,,EXCLUDED_NON_IPO
2260.HK,Vanov Holdings Company Limited,2022,2022-01-11,2021-12-29,Ordinary Shares,Main Board Conventional,INCLUDED,,143523240.0,1.22,HKEXnews (Official Prospectus),HKEXnews (Allotment Results Announcement),COMPLETE
6680.HK,"JL MAG RARE-EARTH CO., LTD. - H Shares",2022,2022-01-14,2021-12-31,H Shares,Chapter 19A (A+H),INCLUDED,,4240750799.9999995,33.8,HKEXnews (Official Prospectus),HKEXnews (Allotment Results Announcement),COMPLETE
2250.HK,Semk Holdings International Ltd.,2022,2022-01-17,2021-12-30,Ordinary Shares,Main Board Conventional,INCLUDED,,245999999.99999997,2.05,HKEXnews (Official Prospectus),HKEXnews (Allotment Results Announcement),COMPLETE
2121.HK,"Qingdao AInnovation Technology Group Co., Ltd - H Shares",2022,2022-01-27,2022-01-17,H Shares,Chapter 19A (A+H),INCLUDED,,1176777720.0,26.3,HKEXnews (Official Prospectus),HKEXnews (Allotment Results Announcement),COMPLETE
1406.HK,Clarity Medical Group Holding Ltd.,2022,2022-02-18,2022-01-31,Ordinary Shares,Main Board Conventional,INCLUDED,,217600000.0,1.6,HKEXnews (Official Prospectus),HKEXnews (Allotment Results Announcement),COMPLETE
9878.HK,"Huitongda Network Co., Ltd. - H Shares",2022,2022-02-18,2022-01-31,H Shares,Chapter 19A (A+H),INCLUDED,,2318207400.0,43.0,HKEXnews (Official Prospectus),HKEXnews (Allotment Results Announcement),COMPLETE
2157.HK,"Lepu Biopharma Co., Ltd. - B - H Shares",2022,2022-02-23,2022-02-10,H Shares,Chapter 18A (Biotech),INCLUDED,,911035750.0,7.13,HKEXnews (Official Prospectus),HKEXnews (Allotment Results Announcement),COMPLETE
6663.HK,IWS Group Holdings Ltd.,2022,2022-03-07,2022-02-28,GEM Transfer,Transfer from GEM,EXCLUDED,Transfer of listing from GEM to Main Board under Chapter 9A (No IPO capital raising),,,,,EXCLUDED_NON_IPO
0816.HK,"Jinmao Property Services Co., Ltd.",2022,2022-03-10,2022-02-25,Ordinary Shares,Main Board Conventional,INCLUDED,,848098460.0,8.14,HKEXnews (Official Prospectus),HKEXnews (Allotment Results Announcement),COMPLETE
9866.HK,NIO Inc. - SW,2022,2022-03-10,2022-02-28,Ordinary Shares,Introduction,EXCLUDED,Listing by Introduction without primary or secondary public capital raising,,,,,EXCLUDED_NON_IPO
7836.HK,Aquila Acquisition Corporation - Z,2022,2022-03-18,2022-03-14,SPAC,SPAC,EXCLUDED,Special Purpose Acquisition Company (SPAC) offering or De-SPAC business combination under Chapter 18B,1000650000.0,10.0,,,EXCLUDED_NON_IPO
6639.HK,Arrail Group Ltd.,2022,2022-03-22,2022-03-09,Ordinary Shares,Main Board Conventional,INCLUDED,,680232050.0,14.62,HKEXnews (Official Prospectus),HKEXnews (Allotment Results Announcement),COMPLETE
6655.HK,"Huaxin Cement Co., Ltd. - H Shares",2022,2022-03-28,2022-03-22,Ordinary Shares,Introduction,EXCLUDED,Listing by Introduction without primary or secondary public capital raising,,,,,EXCLUDED_NON_IPO
0587.HK,China Conch Environment Protection Holdings Limited,2022,2022-03-30,2022-03-22,Ordinary Shares,Introduction,EXCLUDED,Listing by Introduction without primary or secondary public capital raising,,,,,EXCLUDED_NON_IPO
9638.HK,Ferretti S.p.A.,2022,2022-03-31,2022-03-22,Ordinary Shares,Main Board Conventional,INCLUDED,,2007667376.0,22.88,HKEXnews (Official Prospectus),HKEXnews (Allotment Results Announcement),COMPLETE
2179.HK,"Jiangsu Recbio Technology Co., Ltd. - B - H Shares",2022,2022-03-31,2022-03-21,H Shares,Chapter 18A (Biotech),INCLUDED,,860882400.0,24.8,HKEXnews (Official Prospectus),HKEXnews (Allotment Results Announcement),COMPLETE
2370.HK,Redco Healthy Living Company Limited,2022,2022-03-31,2022-03-22,Ordinary Shares,Main Board Conventional,INCLUDED,,204999999.99999997,4.1,HKEXnews (Official Prospectus),HKEXnews (Allotment Results Announcement),COMPLETE
2390.HK,Zhihu Inc. - W,2022,2022-04-22,2022-04-11,WVR Shares,Chapter 8A (WVR),INCLUDED,,833560000.0,32.06,HKEXnews (Official Prospectus),HKEXnews (Allotment Results Announcement),COMPLETE
2352.HK,DOWELL SERVICE GROUP CO. LIMITED,2022,2022-04-29,2022-04-19,Ordinary Shares,Main Board Conventional,INCLUDED,,202191317.3,11.9,HKEXnews (Official Prospectus),HKEXnews (Allotment Results Announcement),COMPLETE
2423.HK,KE Holdings Inc. - W,2022,2022-05-11,2022-05-05,Ordinary Shares,Introduction,EXCLUDED,Listing by Introduction without primary or secondary public capital raising,,,,,EXCLUDED_NON_IPO
2325.HK,Yunkang Group Limited,2022,2022-05-18,2022-05-05,Ordinary Shares,Main Board Conventional,INCLUDED,,1153916445.0,7.89,HKEXnews (Official Prospectus),HKEXnews (Allotment Results Announcement),COMPLETE
2347.HK,Yoho Group Holdings Limited,2022,2022-06-10,2022-05-26,Ordinary Shares,Main Board Conventional,INCLUDED,,115500000.0,2.1,HKEXnews (Official Prospectus),HKEXnews (Allotment Results Announcement),COMPLETE
7827.HK,Vision Deal HK Acquisition Corp. - Z,2022,2022-06-10,2022-06-06,SPAC,SPAC,EXCLUDED,Special Purpose Acquisition Company (SPAC) offering or De-SPAC business combination under Chapter 18B,1001000000.0,10.0,,,EXCLUDED_NON_IPO
6667.HK,Mega Genomics Ltd.,2022,2022-06-22,2022-06-10,Ordinary Shares,Main Board Conventional,INCLUDED,,215312400.0,18.0,HKEXnews (Official Prospectus),HKEXnews (Allotment Results Announcement),COMPLETE
2246.HK,GOGOX HOLDINGS LIMITED,2022,2022-06-24,2022-06-14,Ordinary Shares,Main Board Conventional,INCLUDED,,670800000.0,21.5,HKEXnews (Official Prospectus),HKEXnews (Allotment Results Announcement),COMPLETE
2372.HK,WEIli Holdings Limited,2022,2022-06-30,2022-06-17,Ordinary Shares,Main Board Conventional,INCLUDED,,126000000.0,0.63,HKEXnews (Official Prospectus),HKEXnews (Allotment Results Announcement),COMPLETE
2167.HK,TI Cloud Inc.,2022,2022-06-30,2022-06-21,Ordinary Shares,Main Board Conventional,INCLUDED,,559365640.0,12.85,HKEXnews (Official Prospectus),HKEXnews (Allotment Results Announcement),COMPLETE
6638.HK,"OneConnect Financial Technology Co., Ltd.",2022,2022-07-04,2022-06-28,Ordinary Shares,Introduction,EXCLUDED,Listing by Introduction without primary or secondary public capital raising,,,,,EXCLUDED_NON_IPO
2391.HK,Tuya Inc. - W,2022,2022-07-05,2022-06-22,WVR Shares,Chapter 8A (WVR),INCLUDED,,140890000.0,19.3,HKEXnews (Official Prospectus),HKEXnews (Allotment Results Announcement),COMPLETE
9955.HK,ClouDr Group Limited,2022,2022-07-06,2022-06-23,Ordinary Shares,Main Board Conventional,INCLUDED,,579500000.0,30.5,HKEXnews (Official Prospectus),HKEXnews (Allotment Results Announcement),COMPLETE
2297.HK,Rainmed Medical Limited - B,2022,2022-07-08,2022-06-27,Ordinary Shares,Chapter 18A (Biotech),INCLUDED,,148505760.0,6.24,HKEXnews (Official Prospectus),HKEXnews (Allotment Results Announcement),COMPLETE
2376.HK,"Lushang Life Services Co., Ltd. - H Shares",2022,2022-07-08,2022-06-27,H Shares,Chapter 19A (A+H),INCLUDED,,197372800.0,5.92,HKEXnews (Official Prospectus),HKEXnews (Allotment Results Announcement),COMPLETE
2392.HK,Xuan Wu Cloud Technology Holdings Limited,2022,2022-07-08,2022-06-24,Ordinary Shares,Main Board Conventional,INCLUDED,,214596720.0,6.24,HKEXnews (Official Prospectus),HKEXnews (Allotment Results Announcement),COMPLETE
2361.HK,Sinohealth Holdings Limited,2022,2022-07-12,2022-06-28,Ordinary Shares,Main Board Conventional,INCLUDED,,411487200.0,5.36,HKEXnews (Official Prospectus),HKEXnews (Allotment Results Announcement),COMPLETE
2385.HK,Readboy Education Holding Company Limited,2022,2022-07-12,2022-06-29,Ordinary Shares,Main Board Conventional,INCLUDED,,395200000.0,7.6,HKEXnews (Official Prospectus),HKEXnews (Allotment Results Announcement),COMPLETE
6661.HK,"Huzhou Gas Co., Ltd. - H shares",2022,2022-07-13,2022-06-29,H Shares,Chapter 19A (A+H),INCLUDED,,320504160.0,6.08,HKEXnews (Official Prospectus),HKEXnews (Allotment Results Announcement),COMPLETE
9896.HK,MINISO Group Holding Limited,2022,2022-07-13,2022-06-30,Ordinary Shares,Main Board Conventional,INCLUDED,,573889560.0,13.8,HKEXnews (Official Prospectus),HKEXnews (Allotment Results Announcement),COMPLETE
6686.HK,Noah Holdings Private Wealth and Asset Management Limited - S,2022,2022-07-13,2022-06-30,Ordinary Shares,Main Board Conventional,INCLUDED,,336430720.0,292.0,HKEXnews (Official Prospectus),HKEXnews (Allotment Results Announcement),COMPLETE
9696.HK,Tianqi Lithium Corporation - H shares,2022,2022-07-13,2022-06-30,H Shares,Chapter 19A (A+H),INCLUDED,,13458020400.0,82.0,HKEXnews (Official Prospectus),HKEXnews (Allotment Results Announcement),COMPLETE
1204.HK,BoardWare Intelligence Technology Ltd.,2022,2022-07-15,2022-06-29,Ordinary Shares,Main Board Conventional,INCLUDED,,135000000.0,1.08,HKEXnews (Official Prospectus),HKEXnews (Allotment Results Announcement),COMPLETE
2418.HK,"Deewin Tianxia Co., Ltd. - H shares",2022,2022-07-15,2022-06-30,H Shares,Chapter 19A (A+H),INCLUDED,,1092676500.0,1.8,HKEXnews (Official Prospectus),HKEXnews (Allotment Results Announcement),COMPLETE
2172.HK,MicroPort NeuroTech Limited,2022,2022-07-15,2022-06-29,Ordinary Shares,Main Board Conventional,INCLUDED,,337568000.0,24.64,HKEXnews (Official Prospectus),HKEXnews (Allotment Results Announcement),COMPLETE
2237.HK,China Graphite Group Limited,2022,2022-07-18,2022-06-30,Ordinary Shares,Main Board Conventional,INCLUDED,,130000000.0,0.325,HKEXnews (Official Prospectus),HKEXnews (Allotment Results Announcement),COMPLETE
9857.HK,Linmon Media Limited,2022,2022-08-10,2022-07-29,Ordinary Shares,Main Board Conventional,INCLUDED,,420115575.0,27.75,HKEXnews (Official Prospectus),HKEXnews (Allotment Results Announcement),COMPLETE
7841.HK,HK Acquisition Corporation - Z,2022,2022-08-15,2022-08-09,SPAC,SPAC,EXCLUDED,Special Purpose Acquisition Company (SPAC) offering or De-SPAC business combination under Chapter 18B,1000500000.0,10.0,,,EXCLUDED_NON_IPO
2321.HK,Swang Chai Chuan Ltd.,2022,2022-08-19,2022-08-08,Ordinary Shares,Main Board Conventional,INCLUDED,,155204000.00000003,0.56,HKEXnews (Official Prospectus),HKEXnews (Allotment Results Announcement),COMPLETE
2152.HK,"Suxin Joyful Life Services Co., Ltd. - H Shares",2022,2022-08-24,2022-08-11,H Shares,Chapter 19A (A+H),INCLUDED,,224004200.0,8.6,HKEXnews (Official Prospectus),HKEXnews (Allotment Results Announcement),COMPLETE
1880.HK,China Tourism Group Duty Free Corporation Ltd. - H Shares,2022,2022-08-25,2022-08-15,H Shares,Chapter 19A (A+H),INCLUDED,,18388593000.0,158.0,HKEXnews (Official Prospectus),HKEXnews (Allotment Results Announcement),COMPLETE
2315.HK,"Biocytogen Pharmaceuticals (Beijing) Co., Ltd.- B - H Shares",2022,2022-09-01,2022-08-19,H Shares,Chapter 18A (Biotech),INCLUDED,,617095570.0,25.22,HKEXnews (Official Prospectus),HKEXnews (Allotment Results Announcement),COMPLETE
6689.HK,"Chongqing Hongjiu Fruit Co., Ltd. - H Shares",2022,2022-09-05,2022-08-24,H Shares,Chapter 19A (A+H),INCLUDED,,571796000.0,40.0,HKEXnews (Official Prospectus),HKEXnews (Allotment Results Announcement),COMPLETE
9886.HK,Dingdang Health Technology Group Ltd.,2022,2022-09-14,2022-09-01,Ordinary Shares,Main Board Conventional,INCLUDED,,402444000.0,12.0,HKEXnews (Official Prospectus),HKEXnews (Allotment Results Announcement),COMPLETE
7801.HK,Interra Acquisition Corporation - Z,2022,2022-09-16,2022-09-09,SPAC,SPAC,EXCLUDED,Special Purpose Acquisition Company (SPAC) offering or De-SPAC business combination under Chapter 18B,1001000000.0,10.0,,,EXCLUDED_NON_IPO
1698.HK,Tencent Music Entertainment Group - SW,2022,2022-09-21,2022-09-15,Ordinary Shares,Introduction,EXCLUDED,Listing by Introduction without primary or secondary public capital raising,,,,,EXCLUDED_NON_IPO
2350.HK,MTT Group Holdings Ltd.,2022,2022-09-26,2022-09-13,Ordinary Shares,Main Board Conventional,INCLUDED,,132812500.0,0.85,HKEXnews (Official Prospectus),HKEXnews (Allotment Results Announcement),COMPLETE
2602.HK,Onewo Inc. - H Shares,2022,2022-09-29,2022-09-19,H Shares,Chapter 19A (A+H),INCLUDED,,6319203345.0,49.35,HKEXnews (Official Prospectus),HKEXnews (Allotment Results Announcement),COMPLETE
9863.HK,"Zhejiang Leapmotor Technology Co., Ltd. - H Shares",2022,2022-09-29,2022-09-20,H Shares,Chapter 19A (A+H),INCLUDED,,6279316800.0,48.0,HKEXnews (Official Prospectus),HKEXnews (Allotment Results Announcement),COMPLETE
6660.HK,"AIM Vaccine Co., Ltd. - H Shares",2022,2022-10-06,2022-09-23,H Shares,Chapter 19A (A+H),INCLUDED,,178771616.0,16.16,HKEXnews (Official Prospectus),HKEXnews (Allotment Results Announcement),COMPLETE
3931.HK,"CALB Co., Ltd. - H Shares",2022,2022-10-06,2022-09-23,H Shares,Chapter 19A (A+H),INCLUDED,,10102121400.0,38.0,HKEXnews (Official Prospectus),HKEXnews (Allotment Results Announcement),COMPLETE
1489.HK,GC Construction Holdings Limited,2022,2022-10-10,2022-09-23,Ordinary Shares,Main Board Conventional,INCLUDED,,125000000.0,0.5,HKEXnews (Official Prospectus),HKEXnews (Allotment Results Announcement),COMPLETE
9877.HK,"Jenscare Scientific Co., Ltd. - B - H Shares_x000D_",2022,2022-10-10,2022-09-23,H Shares,Chapter 18A (Biotech),INCLUDED,,224523920.0,27.8,HKEXnews (Official Prospectus),HKEXnews (Allotment Results Announcement),COMPLETE
2422.HK,"Rego Interactive Co., Ltd",2022,2022-10-17,2022-09-30,Ordinary Shares,Main Board Conventional,INCLUDED,,160000000.0,0.64,HKEXnews (Official Prospectus),HKEXnews (Allotment Results Announcement),COMPLETE
6610.HK,Flowing Cloud Technology Ltd,2022,2022-10-18,2022-09-29,Ordinary Shares,Main Board Conventional,INCLUDED,,600015000.0,2.21,HKEXnews (Official Prospectus),HKEXnews (Allotment Results Announcement),COMPLETE
2367.HK,"Giant Biogene Holding Co., Ltd",2022,2022-11-04,2022-10-25,Ordinary Shares,Main Board Conventional,INCLUDED,,631800000.0,24.3,HKEXnews (Official Prospectus),HKEXnews (Allotment Results Announcement),COMPLETE
2291.HK,"LEPU ScienTech Medical Technology (Shanghai) Co., Ltd. - H Shares",2022,2022-11-08,2022-10-27,H Shares,Chapter 19A (A+H),INCLUDED,,654563250.0,29.15,HKEXnews (Official Prospectus),HKEXnews (Allotment Results Announcement),COMPLETE
6696.HK,Many Idea Cloud Holdings Limited,2022,2022-11-09,2022-10-28,Ordinary Shares,Main Board Conventional,INCLUDED,,313600000.0,1.96,HKEXnews (Official Prospectus),HKEXnews (Allotment Results Announcement),COMPLETE
2420.HK,Zibuyu Group Limited,2022,2022-11-11,2022-10-31,Ordinary Shares,Main Board Conventional,INCLUDED,,229905000.0,7.86,HKEXnews (Official Prospectus),HKEXnews (Allotment Results Announcement),COMPLETE
1407.HK,JY GAS LIMITED,2022,2022-11-16,2022-10-31,Ordinary Shares,Main Board Conventional,INCLUDED,,156200000.0,1.42,HKEXnews (Official Prospectus),HKEXnews (Allotment Results Announcement),COMPLETE
2436.HK,LX Technology Group Limited,2022,2022-11-24,2022-11-14,Ordinary Shares,Main Board Conventional,INCLUDED,,404768400.0,7.6,HKEXnews (Official Prospectus),HKEXnews (Allotment Results Announcement),COMPLETE
3660.HK,"360 DigiTech, Inc. - S",2022,2022-11-29,2022-11-18,Ordinary Shares,Main Board Conventional,INCLUDED,,318691100.0,50.03,HKEXnews (Official Prospectus),HKEXnews (Allotment Results Announcement),COMPLETE
2245.HK,"Lygend Resources & Technology Co., Ltd. - H Shares",2022,2022-12-01,2022-11-21,H Shares,Chapter 19A (A+H),INCLUDED,,3762969080.0,15.8,HKEXnews (Official Prospectus),HKEXnews (Allotment Results Announcement),COMPLETE
6963.HK,Sunshine Insurance Group Company Limited - H Shares,2022,2022-12-09,2022-11-30,H Shares,Chapter 19A (A+H),INCLUDED,,6705389075.0,5.83,HKEXnews (Official Prospectus),HKEXnews (Allotment Results Announcement),COMPLETE
2407.HK,Gaush Meditech Ltd,2022,2022-12-12,2022-11-30,Ordinary Shares,Main Board Conventional,INCLUDED,,673550740.0,51.4,HKEXnews (Official Prospectus),HKEXnews (Allotment Results Announcement),COMPLETE
3611.HK,Huafang Group Inc.,2022,2022-12-12,2022-11-30,Ordinary Shares,Main Board Conventional,INCLUDED,,128800000.0,2.8,HKEXnews (Official Prospectus),HKEXnews (Allotment Results Announcement),COMPLETE
2440.HK,Howkingtech International Holding Limited,2022,2022-12-12,2022-11-30,Ordinary Shares,Main Board Conventional,INCLUDED,,98280000.0,2.73,HKEXnews (Official Prospectus),HKEXnews (Allotment Results Announcement),COMPLETE
1947.HK,"Meihao Medical Group Co., Ltd",2022,2022-12-14,2022-11-30,Ordinary Shares,Main Board Conventional,INCLUDED,,126000000.0,0.84,HKEXnews (Official Prospectus),HKEXnews (Allotment Results Announcement),COMPLETE
1244.HK,3D Medicines Inc - B,2022,2022-12-15,2022-11-29,Ordinary Shares,Chapter 18A (Biotech),INCLUDED,,418789700.0,24.98,HKEXnews (Official Prospectus),HKEXnews (Allotment Results Announcement),COMPLETE
2457.HK,Buyang International Holding Inc,2022,2022-12-15,2022-11-29,Ordinary Shares,Main Board Conventional,INCLUDED,,125000000.0,0.5,HKEXnews (Official Prospectus),HKEXnews (Allotment Results Announcement),COMPLETE
9985.HK,WEILONG Delicious Global Holdings Ltd,2022,2022-12-15,2022-12-05,Ordinary Shares,Main Board Conventional,INCLUDED,,1017952320.0,10.56,HKEXnews (Official Prospectus),HKEXnews (Allotment Results Announcement),COMPLETE
2076.HK,KANZHUN LIMITED - W,2022,2022-12-22,2022-12-16,Ordinary Shares,Introduction,EXCLUDED,Listing by Introduction without primary or secondary public capital raising,,,,,EXCLUDED_NON_IPO
2145.HK,"Shanghai Chicmax Cosmetic Co., Ltd. - H Shares",2022,2022-12-22,2022-12-12,H Shares,Chapter 19A (A+H),INCLUDED,,956539080.0,25.2,HKEXnews (Official Prospectus),HKEXnews (Allotment Results Announcement),COMPLETE
0314.HK,"Sipai Health Technology Co., Ltd.",2022,2022-12-23,2022-12-12,Ordinary Shares,Main Board Conventional,INCLUDED,,184500840.0,18.6,HKEXnews (Official Prospectus),HKEXnews (Allotment Results Announcement),COMPLETE
7855.HK,TechStar Acquisition Corporation - Z,2022,2022-12-23,2022-12-19,SPAC,SPAC,EXCLUDED,Special Purpose Acquisition Company (SPAC) offering or De-SPAC business combination under Chapter 18B,1001000000.0,10.0,,,EXCLUDED_NON_IPO
6929.HK,OrbusNeich Medical Group Holdings Ltd.,2022,2022-12-23,2022-12-13,Ordinary Shares,Main Board Conventional,INCLUDED,,480770400.00000006,8.8,HKEXnews (Official Prospectus),HKEXnews (Allotment Results Announcement),COMPLETE
2427.HK,"Guanze Medical Information Industry (Holding) Co., Ltd.",2022,2022-12-29,2022-12-15,Ordinary Shares,Main Board Conventional,INCLUDED,,102210500.0,0.53,HKEXnews (Official Prospectus),HKEXnews (Allotment Results Announcement),COMPLETE
6698.HK,STAR CM Holdings Limited,2022,2022-12-29,2022-12-15,Ordinary Shares,Main Board Conventional,INCLUDED,,401167600.0,26.5,HKEXnews (Official Prospectus),HKEXnews (Allotment Results Announcement),COMPLETE
2425.HK,AustAsia Group Ltd.,2022,2022-12-30,2022-12-16,Ordinary Shares,Main Board Conventional,INCLUDED,,199974400.0,6.4,HKEXnews (Official Prospectus),HKEXnews (Allotment Results Announcement),COMPLETE
6922.HK,"Cryofocus Medtech (Shanghai) Co., Ltd. - B - H Shares",2022,2022-12-30,2022-12-16,H Shares,Chapter 18A (Biotech),INCLUDED,,209979000.0,18.9,HKEXnews (Official Prospectus),HKEXnews (Allotment Results Announcement),COMPLETE
3896.HK,Kingsoft Cloud Holdings Ltd.,2022,2022-12-30,2022-12-23,Ordinary Shares,Introduction,EXCLUDED,Listing by Introduction without primary or secondary public capital raising,,,,,EXCLUDED_NON_IPO
9658.HK,SUPER HI INTERNATIONAL HOLDING LTD.,2022,2022-12-30,2022-12-19,Ordinary Shares,Introduction,EXCLUDED,Listing by Introduction without primary or secondary public capital raising,,,,,EXCLUDED_NON_IPO
6955.HK,"Shandong Boan Biotechnology Co., Ltd. - B - H Shares",2022,2022-12-30,2022-12-19,H Shares,Chapter 18A (Biotech),INCLUDED,,211757040.0,19.8,HKEXnews (Official Prospectus),HKEXnews (Allotment Results Announcement),COMPLETE
0000.HK,,2022,,,Ordinary Shares,Introduction,EXCLUDED,Listing by Introduction without primary or secondary public capital raising,,,,,EXCLUDED_NON_IPO
2469.HK,Fenbi Ltd.,2023,2023-01-09,2022-12-23,Ordinary Shares,Main Board Conventional,INCLUDED,,198000000.0,9.9,HKEXnews (Official Prospectus),HKEXnews (Allotment Results Announcement),COMPLETE
2402.HK,"Beijing SinoHytec Co., Ltd. - H Shares",2023,2023-01-12,2022-12-29,H Shares,Chapter 19A (A+H),INCLUDED,,1097907000.0,60.0,HKEXnews (Official Prospectus),HKEXnews (Allotment Results Announcement),COMPLETE
2147.HK,Zhengwei Group Holdings Company Limited,2023,2023-01-13,2022-12-30,Ordinary Shares,Main Board Conventional,INCLUDED,,136000000.0,0.68,HKEXnews (Official Prospectus),HKEXnews (Allotment Results Announcement),COMPLETE
2458.HK,Gala Technology Holding Limited,2023,2023-01-16,2022-12-30,Ordinary Shares,Main Board Conventional,INCLUDED,,80730000.0,6.5,HKEXnews (Official Prospectus),HKEXnews (Allotment Results Announcement),COMPLETE
2411.HK,Shenzhen Pagoda Industrial (Group) Corporation Limited - H Shares,2023,2023-01-16,2022-12-29,H Shares,Chapter 19A (A+H),INCLUDED,,495846400.0,5.6,HKEXnews (Official Prospectus),HKEXnews (Allotment Results Announcement),COMPLETE
2373.HK,Beauty Farm Medical and Health Industry Inc.,2023,2023-01-16,2022-12-30,Ordinary Shares,Main Board Conventional,INCLUDED,,900630780.0,19.32,HKEXnews (Official Prospectus),HKEXnews (Allotment Results Announcement),COMPLETE
2459.HK,SANERGY GROUP LIMITED,2023,2023-01-17,2022-12-30,Ordinary Shares,Main Board Conventional,INCLUDED,,275840000.0,1.6,HKEXnews (Official Prospectus),HKEXnews (Allotment Results Announcement),COMPLETE
2455.HK,Runhua Living Service Group Holdings Limited,2023,2023-01-17,2022-12-30,Ordinary Shares,Main Board Conventional,INCLUDED,,127500000.0,1.7,HKEXnews (Official Prospectus),HKEXnews (Allotment Results Announcement),COMPLETE
2306.HK,YH Entertainment Group,2023,2023-01-19,2022-12-30,Ordinary Shares,Main Board Conventional,INCLUDED,,497274480.0,4.08,HKEXnews (Official Prospectus),HKEXnews (Allotment Results Announcement),COMPLETE
2450.HK,"Huaibei GreenGold Industry Investment Co., Ltd. 
- H Shares",2023,2023-01-20,2022-12-30,H Shares,Chapter 19A (A+H),INCLUDED,,126060000.0,1.91,HKEXnews (Official Prospectus),HKEXnews (Allotment Results Announcement),COMPLETE
2482.HK,"Logory Logistics Technology Co., Ltd. - H Shares",2023,2023-03-09,2023-02-27,H Shares,Chapter 19A (A+H),INCLUDED,,125311900.0,2.9,HKEXnews (Official Prospectus),HKEXnews (Allotment Results Announcement),COMPLETE
9636.HK,JF Wealth Holdings Ltd,2023,2023-03-10,2023-02-28,Ordinary Shares,Main Board Conventional,INCLUDED,,1018929000.0,17.0,HKEXnews (Official Prospectus),HKEXnews (Allotment Results Announcement),COMPLETE
2421.HK,KRP Development Holdings Limited,2023,2023-03-23,2023-03-03,Ordinary Shares,Introduction,EXCLUDED,Listing by Introduction without primary or secondary public capital raising,,,,,EXCLUDED_NON_IPO
1405.HK,DPC Dash Ltd,2023,2023-03-28,2023-03-16,Ordinary Shares,Main Board Conventional,INCLUDED,,626713200.0,46.0,HKEXnews (Official Prospectus),HKEXnews (Allotment Results Announcement),COMPLETE
2409.HK,Seacon Shipping Group Holdings Limited,2023,2023-03-29,2023-03-14,Ordinary Shares,Main Board Conventional,INCLUDED,,408750000.0,3.27,HKEXnews (Official Prospectus),HKEXnews (Allotment Results Announcement),COMPLETE
2433.HK,Zhongtian Construction (Hunan) Group Limited,2023,2023-03-30,2023-03-20,Ordinary Shares,Main Board Conventional,INCLUDED,,141600000.0,1.18,HKEXnews (Official Prospectus),HKEXnews (Allotment Results Announcement),COMPLETE
2439.HK,China Treasures New Materials Group Ltd.,2023,2023-03-31,2023-03-21,Ordinary Shares,Main Board Conventional,INCLUDED,,262500000.0,1.05,HKEXnews (Official Prospectus),HKEXnews (Allotment Results Announcement),COMPLETE
2405.HK,Powerwin Tech Group Limited,2023,2023-03-31,2023-03-21,Ordinary Shares,Main Board Conventional,INCLUDED,,140000000.0,0.7,HKEXnews (Official Prospectus),HKEXnews (Allotment Results Announcement),COMPLETE
9669.HK,Beisen Holding Limited,2023,2023-04-13,2023-03-30,Ordinary Shares,Main Board Conventional,INCLUDED,,238906800.0,29.7,HKEXnews (Official Prospectus),HKEXnews (Allotment Results Announcement),COMPLETE
6623.HK,Lufax Holding Ltd,2023,2023-04-14,2023-04-11,Ordinary Shares,Introduction,EXCLUDED,Listing by Introduction without primary or secondary public capital raising,,,,,EXCLUDED_NON_IPO
2415.HK,MedSci Healthcare Holdings Limited,2023,2023-04-27,2023-04-17,Ordinary Shares,Main Board Conventional,INCLUDED,,607779900.0,9.1,HKEXnews (Official Prospectus),HKEXnews (Allotment Results Announcement),COMPLETE
6979.HK,ZJLD Group Inc,2023,2023-04-27,2023-04-17,Ordinary Shares,Main Board Conventional,INCLUDED,,5309371836.0,10.82,HKEXnews (Official Prospectus),HKEXnews (Allotment Results Announcement),COMPLETE
2480.HK,"Beijing Luzhu Biotechnology Co., Ltd. - B - H Shares",2023,2023-05-08,2023-04-25,H Shares,Chapter 18A (Biotech),INCLUDED,,340660800.0,32.8,HKEXnews (Official Prospectus),HKEXnews (Allotment Results Announcement),COMPLETE
2442.HK,Easy Smart Group Holdings Limited,2023,2023-05-09,2023-04-25,Ordinary Shares,Main Board Conventional,INCLUDED,,130560000.0,1.28,HKEXnews (Official Prospectus),HKEXnews (Allotment Results Announcement),COMPLETE
2486.HK,Plus Group Holdings Inc.,2023,2023-05-11,2023-04-28,Ordinary Shares,Main Board Conventional,INCLUDED,,265000000.0,10.6,HKEXnews (Official Prospectus),HKEXnews (Allotment Results Announcement),COMPLETE
9689.HK,JTF International Holdings Limited,2023,2023-05-17,,GEM Transfer,Transfer from GEM,EXCLUDED,Transfer of listing from GEM to Main Board under Chapter 9A (No IPO capital raising),,,,,EXCLUDED_NON_IPO
2416.HK,Edianyun Limited,2023,2023-05-25,2023-05-15,Ordinary Shares,Main Board Conventional,INCLUDED,,596879250.0,10.19,HKEXnews (Official Prospectus),HKEXnews (Allotment Results Announcement),COMPLETE
9930.HK,Horizon Construction Development Limited,2023,2023-05-25,2023-05-12,Ordinary Shares,Main Board Conventional,INCLUDED,,1648416879.9999998,4.52,HKEXnews (Official Prospectus),HKEXnews (Allotment Results Announcement),COMPLETE
2487.HK,Cutia Therapeutics - B,2023,2023-06-12,2023-05-31,Ordinary Shares,Chapter 18A (Biotech),INCLUDED,,465007330.0,21.85,HKEXnews (Official Prospectus),HKEXnews (Allotment Results Announcement),COMPLETE
0933.HK,VIVA Goods Company Limited,2023,2023-06-27,,GEM Transfer,Transfer from GEM,EXCLUDED,Transfer of listing from GEM to Main Board under Chapter 9A (No IPO capital raising),,,,,EXCLUDED_NON_IPO
9885.HK,YSB Inc.,2023,2023-06-28,2023-06-15,Ordinary Shares,Main Board Conventional,INCLUDED,,344708000.0,20.0,HKEXnews (Official Prospectus),HKEXnews (Allotment Results Announcement),COMPLETE
2105.HK,"Laekna, Inc. - B",2023,2023-06-29,2023-06-16,Ordinary Shares,Chapter 18A (Biotech),INCLUDED,,790864480.0,12.41,HKEXnews (Official Prospectus),HKEXnews (Allotment Results Announcement),COMPLETE
9860.HK,ADICON Holdings Limited,2023,2023-06-30,2023-06-19,Ordinary Shares,Main Board Conventional,INCLUDED,,457010400.0,12.32,HKEXnews (Official Prospectus),HKEXnews (Allotment Results Announcement),COMPLETE
2481.HK,"Wise Living Technology Co., Ltd - H shares",2023,2023-07-10,2023-06-28,H Shares,Chapter 19A (A+H),INCLUDED,,272160000.0,3.6,HKEXnews (Official Prospectus),HKEXnews (Allotment Results Announcement),COMPLETE
6990.HK,"Sichuan Kelun-Biotech Biopharmaceutical Co., Ltd.  
- B - H Shares",2023,2023-07-11,2023-06-29,H Shares,Chapter 18A (Biotech),INCLUDED,,1564267800.0,60.6,HKEXnews (Official Prospectus),HKEXnews (Allotment Results Announcement),COMPLETE
3650.HK,Keep Inc.,2023,2023-07-12,2023-06-30,Ordinary Shares,Main Board Conventional,INCLUDED,,313452312.0,28.92,HKEXnews (Official Prospectus),HKEXnews (Allotment Results Announcement),COMPLETE
6683.HK,Star Plus Legend Holdings Limited,2023,2023-07-13,2023-06-30,Ordinary Shares,Main Board Conventional,INCLUDED,,546241875.0,4.25,HKEXnews (Official Prospectus),HKEXnews (Allotment Results Announcement),COMPLETE
1284.HK,New Media Lab Limited,2023,2023-07-17,2023-06-30,Ordinary Shares,Main Board Conventional,INCLUDED,,138000000.0,0.92,HKEXnews (Official Prospectus),HKEXnews (Allotment Results Announcement),COMPLETE
2271.HK,Zhong An Intelligent Living Service Limited,2023,2023-07-18,2023-06-30,Ordinary Shares,Main Board Conventional,INCLUDED,,162148520.0,1.18,HKEXnews (Official Prospectus),HKEXnews (Allotment Results Announcement),COMPLETE
1541.HK,"ImmuneOnco Biopharmaceuticals (Shanghai) Inc.  
- B - H Shares",2023,2023-09-05,2023-08-24,H Shares,Chapter 18A (Biotech),INCLUDED,,336009000.0,18.6,HKEXnews (Official Prospectus),HKEXnews (Allotment Results Announcement),COMPLETE
2490.HK,"LC Logistics, Inc.",2023,2023-09-25,2023-09-13,Ordinary Shares,Main Board Conventional,INCLUDED,,157624380.0,5.13,HKEXnews (Official Prospectus),HKEXnews (Allotment Results Announcement),COMPLETE
2496.HK,"Wuhan YZY Biopharma Co., Ltd. - B - H Shares",2023,2023-09-25,2023-09-13,H Shares,Chapter 18A (Biotech),INCLUDED,,189587200.0,16.0,HKEXnews (Official Prospectus),HKEXnews (Allotment Results Announcement),COMPLETE
9690.HK,TUHU Car Inc. - W,2023,2023-09-26,2023-09-14,WVR Shares,Chapter 8A (WVR),INCLUDED,,1315042400.0,28.0,HKEXnews (Official Prospectus),HKEXnews (Allotment Results Announcement),COMPLETE
6682.HK,"Beijing Fourth Paradigm Technology Co., Ltd. 
- H Shares",2023,2023-09-28,2023-09-18,H Shares,Chapter 19A (A+H),INCLUDED,,1122797520.0,55.6,HKEXnews (Official Prospectus),HKEXnews (Allotment Results Announcement),COMPLETE
9686.HK,Neusoft Xikang Holdings Inc.,2023,2023-09-28,2023-09-18,Ordinary Shares,Main Board Conventional,INCLUDED,,636914180.0,4.76,HKEXnews (Official Prospectus),HKEXnews (Allotment Results Announcement),COMPLETE
9890.HK,ZX Inc.,2023,2023-09-28,2023-09-18,Ordinary Shares,Main Board Conventional,INCLUDED,,265664000.0,14.0,HKEXnews (Official Prospectus),HKEXnews (Allotment Results Announcement),COMPLETE
9882.HK,Best Linking Group Holdings Limited,2023,2023-09-29,2023-09-22,GEM Transfer,Transfer from GEM,EXCLUDED,Transfer of listing from GEM to Main Board under Chapter 9A (No IPO capital raising),,,,,EXCLUDED_NON_IPO
1973.HK,"Tian Tu Capital Co., Ltd. - H Shares",2023,2023-10-06,2023-09-25,H Shares,Chapter 19A (A+H),INCLUDED,,1126177000.0,6.5,HKEXnews (Official Prospectus),HKEXnews (Allotment Results Announcement),COMPLETE
2501.HK,Maiyue Technology Limited,2023,2023-10-11,2023-09-28,Ordinary Shares,Main Board Conventional,INCLUDED,,147500000.0,1.18,HKEXnews (Official Prospectus),HKEXnews (Allotment Results Announcement),COMPLETE
2451.HK,Luyuan Group Holding (Cayman) Limited,2023,2023-10-12,2023-09-28,Ordinary Shares,Main Board Conventional,INCLUDED,,786135790.0,7.37,HKEXnews (Official Prospectus),HKEXnews (Allotment Results Announcement),COMPLETE
9676.HK,"Shiyue Daotian Group Co., Ltd. - H Shares",2023,2023-10-12,2023-09-28,H Shares,Chapter 19A (A+H),INCLUDED,,820339200.0,15.36,HKEXnews (Official Prospectus),HKEXnews (Allotment Results Announcement),COMPLETE
1519.HK,J&T Global Express Limited - W,2023,2023-10-27,2023-10-16,WVR Shares,Chapter 8A (WVR),INCLUDED,,3918604800.0,12.0,HKEXnews (Official Prospectus),HKEXnews (Allotment Results Announcement),COMPLETE
2517.HK,"Guoquan Food (Shanghai) Co., Ltd. - H Shares",2023,2023-11-02,2023-10-20,H Shares,Chapter 19A (A+H),INCLUDED,,462615192.00000006,5.98,HKEXnews (Official Prospectus),HKEXnews (Allotment Results Announcement),COMPLETE
2429.HK,Beijing UBOX Online Technology Corp. - H Shares,2023,2023-11-03,2023-10-24,H Shares,Chapter 19A (A+H),INCLUDED,,233666775.0,10.35,HKEXnews (Official Prospectus),HKEXnews (Allotment Results Announcement),COMPLETE
2473.HK,XXF Group Holdings Limited,2023,2023-11-09,2023-10-30,Ordinary Shares,Main Board Conventional,INCLUDED,,113437500.00000001,1.1,HKEXnews (Official Prospectus),HKEXnews (Allotment Results Announcement),COMPLETE
2499.HK,"FOLANGSI CO., LTD - H Shares",2023,2023-11-10,2023-10-31,H Shares,Chapter 19A (A+H),INCLUDED,,173302080.0,14.28,HKEXnews (Official Prospectus),HKEXnews (Allotment Results Announcement),COMPLETE
1111.HK,Huashi Group Holdings Limited,2023,2023-11-10,2023-10-31,Ordinary Shares,Main Board Conventional,INCLUDED,,130000000.0,1.04,HKEXnews (Official Prospectus),HKEXnews (Allotment Results Announcement),COMPLETE
2268.HK,WuXi XDC Cayman Inc.,2023,2023-11-17,2023-11-07,Ordinary Shares,Main Board Conventional,INCLUDED,,4070652700.0,20.6,HKEXnews (Official Prospectus),HKEXnews (Allotment Results Announcement),COMPLETE
2520.HK,"Shanxi Installation Group Co., Ltd. - H Shares",2023,2023-11-22,2023-11-10,H Shares,Chapter 19A (A+H),INCLUDED,,814199480.0,2.18,HKEXnews (Official Prospectus),HKEXnews (Allotment Results Announcement),COMPLETE
2483.HK,K Cash Corporation Limited,2023,2023-12-05,2023-11-27,Ordinary Shares,Main Board Conventional,INCLUDED,,225000000.0,1.8,HKEXnews (Official Prospectus),HKEXnews (Allotment Results Announcement),COMPLETE
2521.HK,Shenghui Cleanness Group Holdings Limited,2023,2023-12-05,2023-11-27,Ordinary Shares,Main Board Conventional,INCLUDED,,132600000.0,0.32,HKEXnews (Official Prospectus),HKEXnews (Allotment Results Announcement),COMPLETE
9663.HK,"Sino-Synergy Hydrogen Energy Technology (Jiaxing) Co., Ltd. - H Shares",2023,2023-12-05,2023-11-27,H Shares,Chapter 19A (A+H),INCLUDED,,1563363200.0,19.66,HKEXnews (Official Prospectus),HKEXnews (Allotment Results Announcement),COMPLETE
2419.HK,"DEKON FOOD AND AGRICULTURE GROUP 
- H Shares",2023,2023-12-06,2023-11-27,H Shares,Chapter 19A (A+H),INCLUDED,,994398400.0,36.95,HKEXnews (Official Prospectus),HKEXnews (Allotment Results Announcement),COMPLETE
1497.HK,"XIAMEN YAN PALACE BIRD’S NEST INDUSTRY CO., LTD.  - H Shares",2023,2023-12-12,2023-11-30,H Shares,Chapter 19A (A+H),INCLUDED,,310400000.0,9.7,HKEXnews (Official Prospectus),HKEXnews (Allotment Results Announcement),COMPLETE
0666.HK,"REPT BATTERO Energy Co., Ltd. - H Shares",2023,2023-12-18,2023-12-08,H Shares,Chapter 19A (A+H),INCLUDED,,2124084660.0,18.3,HKEXnews (Official Prospectus),HKEXnews (Allotment Results Announcement),COMPLETE
2502.HK,"Henan Jinyuan Hydrogenated Chemicals Co., Ltd. 
- H Shares",2023,2023-12-20,2023-12-12,H Shares,Chapter 19A (A+H),INCLUDED,,286692000.0,1.2,HKEXnews (Official Prospectus),HKEXnews (Allotment Results Announcement),COMPLETE
1274.HK,"iMotion Automotive Technology (Suzhou) Co., Ltd.  
- H shares",2023,2023-12-20,2023-12-12,H Shares,Chapter 19A (A+H),INCLUDED,,655739400.0,29.65,HKEXnews (Official Prospectus),HKEXnews (Allotment Results Announcement),COMPLETE
2516.HK,FAR International Holdings Group Company Limited,2023,2023-12-22,2023-12-12,Ordinary Shares,Main Board Conventional,INCLUDED,,126000000.0,0.9,HKEXnews (Official Prospectus),HKEXnews (Allotment Results Announcement),COMPLETE
2511.HK,"HighTide Therapeutics, Inc. -B",2023,2023-12-22,2023-12-14,Ordinary Shares,Chapter 18A (Biotech),INCLUDED,,278231000.0,11.5,HKEXnews (Official Prospectus),HKEXnews (Allotment Results Announcement),COMPLETE
2489.HK,PERSISTENCE RESOURCES GROUP LTD,2023,2023-12-22,2023-12-14,Ordinary Shares,Main Board Conventional,INCLUDED,,275000000.00000006,0.55,HKEXnews (Official Prospectus),HKEXnews (Allotment Results Announcement),COMPLETE
6911.HK,"PU’ER LANCANG ANCIENT TEA CO., LTD. 
 - H shares",2023,2023-12-22,2023-12-14,H Shares,Chapter 19A (A+H),INCLUDED,,224700000.0,10.7,HKEXnews (Official Prospectus),HKEXnews (Allotment Results Announcement),COMPLETE
2149.HK,"BaTeLab Co., Ltd. - H shares",2023,2023-12-28,2023-12-18,H Shares,Chapter 19A (A+H),INCLUDED,,412050000.0,27.47,HKEXnews (Official Prospectus),HKEXnews (Allotment Results Announcement),COMPLETE
9880.HK,UBTECH ROBOTICS CORP LTD - H shares,2023,2023-12-29,2023-12-19,H Shares,Chapter 19A (A+H),INCLUDED,,1041673500.0,90.0,HKEXnews (Official Prospectus),HKEXnews (Allotment Results Announcement),COMPLETE
2498.HK,"ROBOSENSE TECHNOLOGY CO., LTD",2024,2024-01-05,2023-12-27,Ordinary Shares,Main Board Conventional,INCLUDED,,1059412500.0,43.0,HKEXnews (Official Prospectus),HKEXnews (Allotment Results Announcement),COMPLETE
6959.HK,Changjiu Holdings Limited,2024,2024-01-09,2023-12-29,Ordinary Shares,Main Board Conventional,INCLUDED,,300713000.0,5.95,HKEXnews (Official Prospectus),HKEXnews (Allotment Results Announcement),COMPLETE
2453.HK,"Concord Healthcare Group Co., Ltd.- H shares",2024,2024-01-09,2023-12-29,H Shares,Chapter 19A (A+H),INCLUDED,,562920456.0,14.28,HKEXnews (Official Prospectus),HKEXnews (Allotment Results Announcement),COMPLETE
2503.HK,Zhongshen Jianye Holding Limited,2024,2024-01-09,2023-12-28,Ordinary Shares,Main Board Conventional,INCLUDED,,128700000.0,1.0,HKEXnews (Official Prospectus),HKEXnews (Allotment Results Announcement),COMPLETE
2477.HK,"WellCell Holdings Co., Limited",2024,2024-01-12,2023-12-28,Ordinary Shares,Main Board Conventional,INCLUDED,,125000000.0,1.0,HKEXnews (Official Prospectus),HKEXnews (Allotment Results Announcement),COMPLETE
2540.HK,Lesi Group Limited,2024,2024-03-08,2024-02-29,Ordinary Shares,Main Board Conventional,INCLUDED,,137500000.0,1.1,HKEXnews (Official Prospectus),HKEXnews (Allotment Results Announcement),COMPLETE
2535.HK,WK Group (Holdings) Limited,2024,2024-03-08,2024-02-29,Ordinary Shares,Main Board Conventional,INCLUDED,,125000000.0,0.25,HKEXnews (Official Prospectus),HKEXnews (Allotment Results Announcement),COMPLETE
2509.HK,"Qyuns Therapeutics Co., Ltd. - B - H Shares",2024,2024-03-20,2024-03-12,H Shares,Chapter 18A (Biotech),INCLUDED,,238518720.0,19.8,HKEXnews (Official Prospectus),HKEXnews (Allotment Results Announcement),COMPLETE
9879.HK,MIGAO GROUP HOLDINGS LIMITED,2024,2024-03-21,2024-03-13,Ordinary Shares,Main Board Conventional,INCLUDED,,954475200.0,4.08,HKEXnews (Official Prospectus),HKEXnews (Allotment Results Announcement),COMPLETE
2536.HK,Palasino Holdings Limited,2024,2024-03-26,2024-03-18,Ordinary Shares,Main Board Conventional,INCLUDED,,400002200.0,2.6,HKEXnews (Official Prospectus),HKEXnews (Allotment Results Announcement),COMPLETE
2497.HK,"Fujing Holdings Co., Limited",2024,2024-03-28,2024-03-20,Ordinary Shares,Main Board Conventional,INCLUDED,,108000000.0,1.08,HKEXnews (Official Prospectus),HKEXnews (Allotment Results Announcement),COMPLETE
2598.HK,"Lianlian DigiTech Co., Ltd.- H shares",2024,2024-03-28,2024-03-20,H Shares,Chapter 19A (A+H),INCLUDED,,657146000.0,10.22,HKEXnews (Official Prospectus),HKEXnews (Allotment Results Announcement),COMPLETE
2555.HK,"Sichuan Baicha Baidao Industrial Co., Ltd. 
- H shares",2024,2024-04-23,2024-04-15,H Shares,Chapter 19A (A+H),INCLUDED,,2585859500.0,17.5,HKEXnews (Official Prospectus),HKEXnews (Allotment Results Announcement),COMPLETE
2515.HK,"Tianjin Construction Development Group Co., Ltd. 
- H shares",2024,2024-04-23,2024-04-15,H Shares,Chapter 19A (A+H),INCLUDED,,134875000.0,2.5,HKEXnews (Official Prospectus),HKEXnews (Allotment Results Announcement),COMPLETE
2438.HK,Mobvoi Inc.,2024,2024-04-24,2024-04-16,Ordinary Shares,Main Board Conventional,INCLUDED,,360981000.0,3.8,HKEXnews (Official Prospectus),HKEXnews (Allotment Results Announcement),COMPLETE
2556.HK,Marketingforce Management Ltd,2024,2024-05-16,2024-05-07,Ordinary Shares,Main Board Conventional,INCLUDED,,259406920.0,43.6,HKEXnews (Official Prospectus),HKEXnews (Allotment Results Announcement),COMPLETE
2529.HK,"Hollwin Urban Operation Service Group Co., Ltd
- H shares",2024,2024-05-17,2024-05-08,H Shares,Chapter 19A (A+H),INCLUDED,,128000000.0,3.2,HKEXnews (Official Prospectus),HKEXnews (Allotment Results Announcement),COMPLETE
2898.HK,"Sunho Biologics, Inc. - B",2024,2024-05-24,2024-05-16,Ordinary Shares,Chapter 18A (Biotech),INCLUDED,,461049300.0,13.5,HKEXnews (Official Prospectus),HKEXnews (Allotment Results Announcement),COMPLETE
0917.HK,Qunabox Group Limited,2024,2024-05-27,2024-05-17,Ordinary Shares,Main Board Conventional,INCLUDED,,492600000.0,25.0,HKEXnews (Official Prospectus),HKEXnews (Allotment Results Announcement),COMPLETE
2505.HK,EDA GROUP HOLDINGS LIMITED,2024,2024-05-28,2024-05-20,Ordinary Shares,Main Board Conventional,INCLUDED,,222584999.99999997,2.28,HKEXnews (Official Prospectus),HKEXnews (Allotment Results Announcement),COMPLETE
2443.HK,Autostreets Development Limited,2024,2024-05-31,2024-05-23,Ordinary Shares,Main Board Conventional,INCLUDED,,152999999.99999997,10.2,HKEXnews (Official Prospectus),HKEXnews (Allotment Results Announcement),COMPLETE
2550.HK,Easou Technology Holdings Limited,2024,2024-06-07,2024-05-30,Ordinary Shares,Main Board Conventional,INCLUDED,,85854500.0,5.8,HKEXnews (Official Prospectus),HKEXnews (Allotment Results Announcement),COMPLETE
2522.HK,"Jiangxi Rimag Group Co., Ltd. - H shares",2024,2024-06-07,2024-05-30,H Shares,Chapter 19A (A+H),INCLUDED,,266883680.0,14.98,HKEXnews (Official Prospectus),HKEXnews (Allotment Results Announcement),COMPLETE
2228.HK,QuantumPharm Inc. - P,2024,2024-06-13,2024-06-04,Ordinary Shares,Chapter 18C (Specialist Tech),INCLUDED,,1035772320.0,5.28,HKEXnews (Official Prospectus),HKEXnews (Allotment Results Announcement),COMPLETE
2512.HK,Cloud Factory Technology Holdings Limited,2024,2024-06-14,2024-06-05,Ordinary Shares,Main Board Conventional,INCLUDED,,529000000.0,4.6,HKEXnews (Official Prospectus),HKEXnews (Allotment Results Announcement),COMPLETE
2881.HK,Wuhan Youji Holdings Ltd.,2024,2024-06-18,2024-06-07,Ordinary Shares,Main Board Conventional,INCLUDED,,100650000.0,5.5,HKEXnews (Official Prospectus),HKEXnews (Allotment Results Announcement),COMPLETE
2559.HK,Dida Inc.,2024,2024-06-28,2024-06-20,Ordinary Shares,Main Board Conventional,INCLUDED,,234546000.0,6.0,HKEXnews (Official Prospectus),HKEXnews (Allotment Results Announcement),COMPLETE
6181.HK,"Laopu Gold Co., Ltd. - H shares",2024,2024-06-28,2024-06-20,H Shares,Chapter 19A (A+H),INCLUDED,,1041830100.0,40.5,HKEXnews (Official Prospectus),HKEXnews (Allotment Results Announcement),COMPLETE
2479.HK,"Tianju Dihe (Suzhou) Technology Co., Ltd. 
- H shares",2024,2024-06-28,2024-06-20,H Shares,Chapter 19A (A+H),INCLUDED,,401500606.0,83.33,HKEXnews (Official Prospectus),HKEXnews (Allotment Results Announcement),COMPLETE
1354.HK,"Xi’an Kingfar Property Services Co., Ltd. - H shares",2024,2024-07-03,2024-06-24,H Shares,Chapter 19A (A+H),INCLUDED,,125001000.0,7.5,HKEXnews (Official Prospectus),HKEXnews (Allotment Results Announcement),COMPLETE
2545.HK,Zhonggan Communication (Group) Holdings Limited,2024,2024-07-03,2024-06-21,Ordinary Shares,Main Board Conventional,INCLUDED,,200000000.0,1.25,HKEXnews (Official Prospectus),HKEXnews (Allotment Results Announcement),COMPLETE
6657.HK,"BAIWANG CO., LTD. - H shares",2024,2024-07-09,2024-06-28,H Shares,Chapter 19A (A+H),INCLUDED,,333432000.0,36.0,HKEXnews (Official Prospectus),HKEXnews (Allotment Results Announcement),COMPLETE
6086.HK,Fangzhou Inc.,2024,2024-07-09,2024-06-28,Ordinary Shares,Main Board Conventional,INCLUDED,,194684000.0,8.18,HKEXnews (Official Prospectus),HKEXnews (Allotment Results Announcement),COMPLETE
9680.HK,Chenqi Technology Limited,2024,2024-07-10,2024-06-28,Ordinary Shares,Main Board Conventional,INCLUDED,,1050168000.0,35.0,HKEXnews (Official Prospectus),HKEXnews (Allotment Results Announcement),COMPLETE
1334.HK,RUICHANG INTERNATIONAL HOLDINGS LIMITED,2024,2024-07-10,2024-06-28,Ordinary Shares,Main Board Conventional,INCLUDED,,131250000.0,1.05,HKEXnews (Official Prospectus),HKEXnews (Allotment Results Announcement),COMPLETE
2495.HK,"Shanghai Voicecomm Information Technology Co., Ltd. . - H shares",2024,2024-07-10,2024-06-28,H Shares,Chapter 19A (A+H),INCLUDED,,679123458.0,152.1,HKEXnews (Official Prospectus),HKEXnews (Allotment Results Announcement),COMPLETE
2507.HK,Cirrus Aircraft Limited,2024,2024-07-12,2024-06-28,Ordinary Shares,Main Board Conventional,INCLUDED,,1513201250.0,27.5,HKEXnews (Official Prospectus),HKEXnews (Allotment Results Announcement),COMPLETE
2531.HK,GL-Carlink Technology Holding Limited,2024,2024-07-15,2024-06-28,Ordinary Shares,Main Board Conventional,INCLUDED,,298920000.0,4.7,HKEXnews (Official Prospectus),HKEXnews (Allotment Results Announcement),COMPLETE
1471.HK,"Zhongmiao Holdings (Qingdao) Co., Ltd. - H shares",2024,2024-08-06,2024-07-29,H Shares,Chapter 19A (A+H),INCLUDED,,247100000.0,7.0,HKEXnews (Official Prospectus),HKEXnews (Allotment Results Announcement),COMPLETE
2533.HK,Black Sesame International Holding Limited,2024,2024-08-08,2024-07-31,Ordinary Shares,Main Board Conventional,INCLUDED,,1036000000.0,28.0,HKEXnews (Official Prospectus),HKEXnews (Allotment Results Announcement),COMPLETE
2410.HK,"TYK Medicines, Inc - B - H Shares",2024,2024-08-20,2024-08-12,H Shares,Chapter 18A (Biotech),INCLUDED,,579348000.0,12.1,HKEXnews (Official Prospectus),HKEXnews (Allotment Results Announcement),COMPLETE
0300.HK,"Midea Group Co., Ltd. - H Shares",2024,2024-09-17,2024-09-09,H Shares,Chapter 19A (A+H),INCLUDED,,35666497800.0,54.8,HKEXnews (Official Prospectus),HKEXnews (Allotment Results Announcement),COMPLETE
2549.HK,Carote Ltd,2024,2024-10-02,2024-09-23,Ordinary Shares,Main Board Conventional,INCLUDED,,863208320.0,5.78,HKEXnews (Official Prospectus),HKEXnews (Allotment Results Announcement),COMPLETE
2576.HK,"Zhejiang Taimei Medical Technology Co., Ltd. 
- H Shares",2024,2024-10-08,2024-09-27,H Shares,Chapter 19A (A+H),INCLUDED,,335127000.0,13.0,HKEXnews (Official Prospectus),HKEXnews (Allotment Results Announcement),COMPLETE
9639.HK,Wing Lee Development Construction Holdings Limited,2024,2024-10-09,2024-09-27,Ordinary Shares,Main Board Conventional,INCLUDED,,182500000.0,0.73,HKEXnews (Official Prospectus),HKEXnews (Allotment Results Announcement),COMPLETE
2567.HK,Qiniu Limited,2024,2024-10-16,2024-09-30,Ordinary Shares,Main Board Conventional,INCLUDED,,439312500.0,2.75,HKEXnews (Official Prospectus),HKEXnews (Allotment Results Announcement),COMPLETE
2460.HK,China Resources Beverage (Holdings) Company Limited,2024,2024-10-23,2024-10-15,Ordinary Shares,Main Board Conventional,INCLUDED,,5773850700.0,14.5,HKEXnews (Official Prospectus),HKEXnews (Allotment Results Announcement),COMPLETE
9660.HK,Horizon Robotics - W,2024,2024-10-24,2024-10-16,WVR Shares,Chapter 8A (WVR),INCLUDED,,6086881458.0,3.99,HKEXnews (Official Prospectus),HKEXnews (Allotment Results Announcement),COMPLETE
2465.HK,"Jiangsu Lopal Tech. Co., Ltd.  - H shares",2024,2024-10-30,2024-10-22,H Shares,Chapter 19A (A+H),INCLUDED,,550000000.0,5.5,HKEXnews (Official Prospectus),HKEXnews (Allotment Results Announcement),COMPLETE
2562.HK,Synagistics Limited,2024,2024-10-30,,SPAC,De-SPAC,EXCLUDED,Special Purpose Acquisition Company (SPAC) offering or De-SPAC business combination under Chapter 18B,,,,,EXCLUDED_NON_IPO
2563.HK,"Beijing Biostar Pharmaceuticals Co., Ltd. 
- B - H Shares",2024,2024-10-31,2024-10-23,H Shares,Chapter 18A (Biotech),INCLUDED,,233408000.0,16.0,HKEXnews (Official Prospectus),HKEXnews (Allotment Results Announcement),COMPLETE
2510.HK,T.S. Lines Limited,2024,2024-11-01,2024-10-24,Ordinary Shares,Main Board Conventional,INCLUDED,,1107829580.0,4.18,HKEXnews (Official Prospectus),HKEXnews (Allotment Results Announcement),COMPLETE
2551.HK,"APT Electronics Co., Ltd. - H shares",2024,2024-11-08,2024-10-31,H Shares,Chapter 19A (A+H),INCLUDED,,139490400.0,3.61,HKEXnews (Official Prospectus),HKEXnews (Allotment Results Announcement),COMPLETE
2519.HK,"AuGroup (SHENZHEN) Cross-Border Business Co., Ltd. - H shares",2024,2024-11-08,2024-10-31,H Shares,Chapter 18A (Biotech),INCLUDED,,466357320.0,15.6,HKEXnews (Official Prospectus),HKEXnews (Allotment Results Announcement),COMPLETE
2582.HK,"Jiangsu Guofu Hydrogen Energy Equipment Co., Ltd. - H shares",2024,2024-11-15,2024-11-07,H Shares,Chapter 19A (A+H),INCLUDED,,390000000.0,65.0,HKEXnews (Official Prospectus),HKEXnews (Allotment Results Announcement),COMPLETE
6936.HK,"S.F. Holding Co., Ltd. - H shares",2024,2024-11-27,2024-11-19,H Shares,Chapter 19A (A+H),INCLUDED,,5831000000.0,34.3,HKEXnews (Official Prospectus),HKEXnews (Allotment Results Announcement),COMPLETE
2566.HK,"Hangzhou Jiuyuan Gene Engineering Co., Ltd. 
- H shares",2024,2024-11-28,2024-11-20,H Shares,Chapter 19A (A+H),INCLUDED,,563853096.0,12.42,HKEXnews (Official Prospectus),HKEXnews (Allotment Results Announcement),COMPLETE
2585.HK,"Mokingran Jewellery Group Co., Ltd. - H shares",2024,2024-11-29,2024-11-21,H Shares,Chapter 19A (A+H),INCLUDED,,527481600.0,12.0,HKEXnews (Official Prospectus),HKEXnews (Allotment Results Announcement),COMPLETE
2586.HK,Dmall Inc.,2024,2024-12-06,2024-11-28,Ordinary Shares,Main Board Conventional,INCLUDED,,778632540.0,30.21,HKEXnews (Official Prospectus),HKEXnews (Allotment Results Announcement),COMPLETE
2570.HK,Shanghai REFIRE Group Limited - H shares,2024,2024-12-06,2024-11-28,H Shares,Chapter 19A (A+H),INCLUDED,,713111700.0,147.0,HKEXnews (Official Prospectus),HKEXnews (Allotment Results Announcement),COMPLETE
1318.HK,"Mao Geping Cosmetics Co., Ltd.  - H shares",2024,2024-12-10,2024-12-02,H Shares,Chapter 19A (A+H),INCLUDED,,2687569620.0,29.8,HKEXnews (Official Prospectus),HKEXnews (Allotment Results Announcement),COMPLETE
2593.HK,Herbs Generation Group Holdings Limited,2024,2024-12-19,2024-12-11,Ordinary Shares,Main Board Conventional,INCLUDED,,125001000.0,3.75,HKEXnews (Official Prospectus),HKEXnews (Allotment Results Announcement),COMPLETE
0999.HK,Xiaocaiyuan International Holding Ltd.,2024,2024-12-20,2024-12-12,Ordinary Shares,Main Board Conventional,INCLUDED,,860036800.0,8.5,HKEXnews (Official Prospectus),HKEXnews (Allotment Results Announcement),COMPLETE
2432.HK,Shenzhen Dobot Corp Ltd  - H shares,2024,2024-12-23,2024-12-13,H Shares,Chapter 19A (A+H),INCLUDED,,830873520.0,18.8,HKEXnews (Official Prospectus),HKEXnews (Allotment Results Announcement),COMPLETE
2431.HK,"Minieye Technology Co., Ltd  - H shares",2024,2024-12-27,2024-12-17,H Shares,Chapter 19A (A+H),INCLUDED,,679088800.0,17.0,HKEXnews (Official Prospectus),HKEXnews (Allotment Results Announcement),COMPLETE
2587.HK,HealthyWay Inc.,2024,2024-12-30,2024-12-18,Ordinary Shares,Main Board Conventional,INCLUDED,,195000000.0,7.8,HKEXnews (Official Prospectus),HKEXnews (Allotment Results Announcement),COMPLETE
2577.HK,"InnoScience (Suzhou) Technology Holding Co., Ltd. - H shares",2024,2024-12-30,2024-12-18,H Shares,Chapter 19A (A+H),INCLUDED,,1451296424.0,30.86,HKEXnews (Official Prospectus),HKEXnews (Allotment Results Announcement),COMPLETE
2506.HK,"Xunfei Healthcare Technology Co., Ltd.  - H shares",2024,2024-12-30,2024-12-18,H Shares,Chapter 19A (A+H),INCLUDED,,582543540.0,82.8,HKEXnews (Official Prospectus),HKEXnews (Allotment Results Announcement),COMPLETE
6681.HK,BrainAurora Medical Technology Limited - B,2025,2025-01-08,2024-12-30,Ordinary Shares,Chapter 18A (Biotech),INCLUDED,,583180640.0,3.22,HKEXnews (Official Prospectus),HKEXnews (Allotment Results Announcement),COMPLETE
2560.HK,"Anhui Conch Material Technology Co., Ltd. 
- H shares",2025,2025-01-09,2024-12-31,H Shares,Chapter 19A (A+H),INCLUDED,,434922000.0,3.0,HKEXnews (Official Prospectus),HKEXnews (Allotment Results Announcement),COMPLETE
2613.HK,"ContiOcean Environment Tech Group Co., Ltd.
- H shares",2025,2025-01-09,2024-12-31,H Shares,Chapter 19A (A+H),INCLUDED,,318000000.0,31.8,HKEXnews (Official Prospectus),HKEXnews (Allotment Results Announcement),COMPLETE
0325.HK,Bloks Group Limited,2025,2025-01-10,2024-12-31,Ordinary Shares,Main Board Conventional,INCLUDED,,1925104650.0,60.35,HKEXnews (Official Prospectus),HKEXnews (Allotment Results Announcement),COMPLETE
2530.HK,Numans Health Food Holdings Company Limited,2025,2025-01-10,2024-12-30,Ordinary Shares,Main Board Conventional,INCLUDED,,200000000.0,0.8,HKEXnews (Official Prospectus),HKEXnews (Allotment Results Announcement),COMPLETE
0805.HK,New Gonow Recreational Vehicles Inc.,2025,2025-01-13,2024-12-31,Ordinary Shares,Main Board Conventional,INCLUDED,,304800000.0,1.27,HKEXnews (Official Prospectus),HKEXnews (Allotment Results Announcement),COMPLETE
2596.HK,"Yibin City Commercial Bank Co., Ltd - H Shares",2025,2025-01-13,2024-12-30,H Shares,Chapter 19A (A+H),INCLUDED,,1782956000.0,2.59,HKEXnews (Official Prospectus),HKEXnews (Allotment Results Announcement),COMPLETE
2571.HK,"Beijing Saimo Technology Co., Ltd. - H shares",2025,2025-01-15,2024-12-31,H Shares,Chapter 19A (A+H),INCLUDED,,433000866.0,12.99,HKEXnews (Official Prospectus),HKEXnews (Allotment Results Announcement),COMPLETE
1364.HK,Guming Holdings Limited,2025,2025-02-12,2025-02-04,Ordinary Shares,Main Board Conventional,INCLUDED,,2030471632.0,9.94,HKEXnews (Official Prospectus),HKEXnews (Allotment Results Announcement),COMPLETE
9893.HK,Pizu Group Holdings Ltd.,2025,2025-02-18,,GEM Transfer,Transfer from GEM,EXCLUDED,Transfer of listing from GEM to Main Board under Chapter 9A (No IPO capital raising),,,,,EXCLUDED_NON_IPO
2097.HK,MIXUE Group - H shares,2025,2025-03-03,2025-02-21,H Shares,Chapter 19A (A+H),INCLUDED,,3972807000.0,202.5,HKEXnews (Official Prospectus),HKEXnews (Allotment Results Announcement),COMPLETE
6676.HK,ZG Group - W,2025,2025-03-10,,SPAC,De-SPAC,EXCLUDED,Special Purpose Acquisition Company (SPAC) offering or De-SPAC business combination under Chapter 18B,,,,,EXCLUDED_NON_IPO
6693.HK,"Chifeng Jilong Gold Mining Co., Ltd. - H shares",2025,2025-03-10,2025-02-28,H Shares,Chapter 19A (A+H),INCLUDED,,3244777256.0,13.72,HKEXnews (Official Prospectus),HKEXnews (Allotment Results Announcement),COMPLETE
2561.HK,VISEN Pharmaceuticals -B,2025,2025-03-21,2025-03-13,Ordinary Shares,Chapter 18A (Biotech),INCLUDED,,783288000.0,68.8,HKEXnews (Official Prospectus),HKEXnews (Allotment Results Announcement),COMPLETE
2610.HK,Nanshan Aluminium International Holdings Limited,2025,2025-03-25,2025-03-17,Ordinary Shares,Main Board Conventional,INCLUDED,,2378976320.0,26.6,HKEXnews (Official Prospectus),HKEXnews (Allotment Results Announcement),COMPLETE
2569.HK,Soft International Group Ltd,2025,2025-03-27,2025-03-19,Ordinary Shares,Main Board Conventional,INCLUDED,,127500000.0,0.51,HKEXnews (Official Prospectus),HKEXnews (Allotment Results Announcement),COMPLETE
2625.HK,Jiangsu Horizon Chain Supermarket Company Limited - H shares,2025,2025-03-31,2025-03-21,H Shares,Chapter 19A (A+H),INCLUDED,,133905000.0,2.5,HKEXnews (Official Prospectus),HKEXnews (Allotment Results Announcement),COMPLETE
3677.HK,"Jiangsu Zenergy Battery Technologies Group Co., Ltd.- H shares",2025,2025-04-14,2025-04-03,H Shares,Chapter 19A (A+H),INCLUDED,,1005000999.0,8.27,HKEXnews (Official Prospectus),HKEXnews (Allotment Results Announcement),COMPLETE
9606.HK,"Duality Biotherapeutics, Inc. - B",2025,2025-04-15,2025-04-07,Ordinary Shares,Chapter 18A (Biotech),INCLUDED,,1885576660.0,94.6,HKEXnews (Official Prospectus),HKEXnews (Allotment Results Announcement),COMPLETE
1333.HK,"Breton Technology Co., Ltd.- H shares",2025,2025-05-07,2025-04-25,H Shares,Chapter 19A (A+H),INCLUDED,,234000000.0,18.0,HKEXnews (Official Prospectus),HKEXnews (Allotment Results Announcement),COMPLETE
2589.HK,"Auntea Jenny (Shanghai) Industrial Co., Ltd.
- H shares",2025,2025-05-08,2025-04-28,H Shares,Chapter 19A (A+H),INCLUDED,,313684022.4,113.12,HKEXnews (Official Prospectus),HKEXnews (Allotment Results Announcement),COMPLETE
2865.HK,"Hainan Drinda New Energy Technology Co., Ltd. 
- H shares",2025,2025-05-08,2025-04-28,H Shares,Chapter 19A (A+H),INCLUDED,,1405025445.0,22.15,HKEXnews (Official Prospectus),HKEXnews (Allotment Results Announcement),COMPLETE
6831.HK,Green Tea Group Limited,2025,2025-05-16,2025-05-08,Ordinary Shares,Main Board Conventional,INCLUDED,,1210537160.0,7.19,HKEXnews (Official Prospectus),HKEXnews (Allotment Results Announcement),COMPLETE
3750.HK,"Contemporary Amperex Technology Co., Limited
- H shares",2025,2025-05-20,2025-05-12,H Shares,Chapter 19A (A+H),INCLUDED,,41005723900.0,263.0,HKEXnews (Official Prospectus),HKEXnews (Allotment Results Announcement),COMPLETE
2629.HK,Mirxes Holding Company Limited - B,2025,2025-05-23,2025-05-15,Ordinary Shares,Chapter 18A (Biotech),INCLUDED,,1086246000.0,23.3,HKEXnews (Official Prospectus),HKEXnews (Allotment Results Announcement),COMPLETE
1276.HK,"Jiangsu Hengrui Pharmaceuticals Co., Ltd. 
- H shares",2025,2025-05-23,2025-05-15,H Shares,Chapter 19A (A+H),INCLUDED,,11373604280.0,44.05,HKEXnews (Official Prospectus),HKEXnews (Allotment Results Announcement),COMPLETE
2565.HK,"PegBio Co., Ltd. - B - H shares",2025,2025-05-27,2025-05-19,H Shares,Chapter 18A (Biotech),INCLUDED,,300822600.0,15.6,HKEXnews (Official Prospectus),HKEXnews (Allotment Results Announcement),COMPLETE
2603.HK,"Xiamen Jihong Co., Ltd - H shares",2025,2025-05-27,2025-05-19,H Shares,Chapter 19A (A+H),INCLUDED,,521548800.0,7.68,HKEXnews (Official Prospectus),HKEXnews (Allotment Results Announcement),COMPLETE
2621.HK,Shouhui Group Ltd.,2025,2025-05-30,2025-05-22,Ordinary Shares,Main Board Conventional,INCLUDED,,196815872.0,8.08,HKEXnews (Official Prospectus),HKEXnews (Allotment Results Announcement),COMPLETE
2605.HK,MetaLight Inc.,2025,2025-06-10,2025-06-02,Ordinary Shares,Main Board Conventional,INCLUDED,,242346000.0,9.75,HKEXnews (Official Prospectus),HKEXnews (Allotment Results Announcement),COMPLETE
2573.HK,"Newtrend Group Holding Co., Ltd. - H shares",2025,2025-06-10,2025-05-30,H Shares,Chapter 19A (A+H),INCLUDED,,200064060.0,18.9,HKEXnews (Official Prospectus),HKEXnews (Allotment Results Announcement),COMPLETE
9881.HK,"Rongta Technology (Xiamen) Group Co., Ltd.
- H shares",2025,2025-06-10,2025-05-30,H Shares,Chapter 19A (A+H),INCLUDED,,184000000.0,10.0,HKEXnews (Official Prospectus),HKEXnews (Allotment Results Announcement),COMPLETE
3288.HK,"Foshan Haitian Flavouring and Food Company Ltd. 
- H shares",2025,2025-06-19,2025-06-11,H Shares,Chapter 19A (A+H),INCLUDED,,10571445719.999998,36.3,HKEXnews (Official Prospectus),HKEXnews (Allotment Results Announcement),COMPLETE
2609.HK,Bayzed Health Group Inc,2025,2025-06-23,2025-06-13,Ordinary Shares,Main Board Conventional,INCLUDED,,561706476.0,4.22,HKEXnews (Official Prospectus),HKEXnews (Allotment Results Announcement),COMPLETE
2617.HK,"TransThera Sciences (Nanjing), Inc. - B - H shares",2025,2025-06-23,2025-06-13,H Shares,Chapter 18A (Biotech),INCLUDED,,200945150.0,13.15,HKEXnews (Official Prospectus),HKEXnews (Allotment Results Announcement),COMPLETE
2050.HK,"Zhejiang Sanhua Intelligent Controls Co., Ltd.
- H shares",2025,2025-06-23,2025-06-13,H Shares,Chapter 19A (A+H),INCLUDED,,10736365092.0,22.53,HKEXnews (Official Prospectus),HKEXnews (Allotment Results Announcement),COMPLETE
2643.HK,CaoCao Inc.,2025,2025-06-25,2025-06-17,Ordinary Shares,Main Board Conventional,INCLUDED,,1852850484.0,41.94,HKEXnews (Official Prospectus),HKEXnews (Allotment Results Announcement),COMPLETE
2619.HK,"X.J. Electrics (Hu Bei) Co., Ltd - H Shares",2025,2025-06-25,2025-06-17,H Shares,Chapter 19A (A+H),INCLUDED,,195109200.0,2.86,HKEXnews (Official Prospectus),HKEXnews (Allotment Results Announcement),COMPLETE
6883.HK,Eternal Beauty Holdings Limited,2025,2025-06-26,2025-06-18,Ordinary Shares,Main Board Conventional,INCLUDED,,960192000.0,2.88,HKEXnews (Official Prospectus),HKEXnews (Allotment Results Announcement),COMPLETE
2508.HK,SAINT BELLA Inc.,2025,2025-06-26,2025-06-18,Ordinary Shares,Main Board Conventional,INCLUDED,,804052970.0,6.58,HKEXnews (Official Prospectus),HKEXnews (Allotment Results Announcement),COMPLETE
6168.HK,"Zhou Liu Fu Jewellery Co., Ltd. - H shares",2025,2025-06-26,2025-06-18,H Shares,Chapter 19A (A+H),INCLUDED,,1485684000.0,24.0,HKEXnews (Official Prospectus),HKEXnews (Allotment Results Announcement),COMPLETE
6603.HK,IFBH Limited,2025,2025-06-30,2025-06-20,Ordinary Shares,Main Board Conventional,INCLUDED,,1332087040.0,27.8,HKEXnews (Official Prospectus),HKEXnews (Allotment Results Announcement),COMPLETE
3880.HK,Medtide Inc. - H shares,2025,2025-06-30,2025-06-20,H Shares,Chapter 19A (A+H),INCLUDED,,514080000.0,30.6,HKEXnews (Official Prospectus),HKEXnews (Allotment Results Announcement),COMPLETE
9678.HK,"Unisound AI Technology Co., Ltd. - H shares",2025,2025-06-30,2025-06-20,H Shares,Chapter 19A (A+H),INCLUDED,,367999600.0,205.0,HKEXnews (Official Prospectus),HKEXnews (Allotment Results Announcement),COMPLETE
2592.HK,Cloudbreak Pharma Inc. - B,2025,2025-07-03,2025-06-24,Ordinary Shares,Chapter 18A (Biotech),INCLUDED,,611878200.0,10.1,HKEXnews (Official Prospectus),HKEXnews (Allotment Results Announcement),COMPLETE
2648.HK,"Anjoy Foods Group Co., Ltd. - H shares",2025,2025-07-04,2025-06-25,H Shares,Chapter 19A (A+H),INCLUDED,,2399682000.0,60.0,HKEXnews (Official Prospectus),HKEXnews (Allotment Results Announcement),COMPLETE
1828.HK,FWD Group Holdings Limited,2025,2025-07-07,2025-06-26,Ordinary Shares,Main Board Conventional,INCLUDED,,3661053000.0,38.0,HKEXnews (Official Prospectus),HKEXnews (Allotment Results Announcement),COMPLETE
2590.HK,"Beijing Geekplus Technology Co., Ltd.  
- W - H shares",2025,2025-07-09,2025-06-30,H Shares,Chapter 19A (A+H),INCLUDED,,2991670080.0,16.8,HKEXnews (Official Prospectus),HKEXnews (Allotment Results Announcement),COMPLETE
2597.HK,"Beijing Xunzhong Communication Technology Co., Ltd. - H shares",2025,2025-07-09,2025-06-30,H Shares,Chapter 19A (A+H),INCLUDED,,412462000.0,13.55,HKEXnews (Official Prospectus),HKEXnews (Allotment Results Announcement),COMPLETE
1304.HK,"Fortior Technology (Shenzhen) Co., Ltd.- H shares",2025,2025-07-09,2025-06-30,H Shares,Chapter 19A (A+H),INCLUDED,,2597498000.0,120.5,HKEXnews (Official Prospectus),HKEXnews (Allotment Results Announcement),COMPLETE
6613.HK,"Lens Technology Co., Ltd. - H shares",2025,2025-07-09,2025-06-30,H Shares,Chapter 19A (A+H),INCLUDED,,5483000736.0,18.18,HKEXnews (Official Prospectus),HKEXnews (Allotment Results Announcement),COMPLETE
2651.HK,"Wuhan Dazhong Dental Medical Co., Ltd. - H shares",2025,2025-07-09,2025-06-30,H Shares,Chapter 19A (A+H),INCLUDED,,217236000.0,20.0,HKEXnews (Official Prospectus),HKEXnews (Allotment Results Announcement),COMPLETE
9887.HK,"Nanjing Leads Biolabs Co., Ltd. - B - H shares",2025,2025-07-25,2025-07-17,H Shares,Chapter 18A (Biotech),INCLUDED,,1483713000.0,35.0,HKEXnews (Official Prospectus),HKEXnews (Allotment Results Announcement),COMPLETE
6887.HK,"Sunshine Lake Pharma Co., Ltd. - H shares",2025,2025-08-07,2025-06-30,Ordinary Shares,Introduction,EXCLUDED,Listing by Introduction without primary or secondary public capital raising,,,,,EXCLUDED_NON_IPO
2627.HK,"Ab&B Bio-Tech CO., LTD. JS  - B - H shares",2025,2025-08-11,2025-07-31,H Shares,Chapter 18A (Biotech),INCLUDED,,431409540.0,12.9,HKEXnews (Official Prospectus),HKEXnews (Allotment Results Announcement),COMPLETE
2591.HK,"Guangzhou Innogen Pharmaceutical Group Co., Ltd. 
 - B - H shares",2025,2025-08-15,2025-08-07,H Shares,Chapter 18A (Biotech),INCLUDED,,682873552.0,18.68,HKEXnews (Official Prospectus),HKEXnews (Allotment Results Announcement),COMPLETE
2631.HK,"SICC CO., LTD. - H shares",2025,2025-08-20,2025-08-11,H Shares,Chapter 19A (A+H),INCLUDED,,2350041000.0,42.8,HKEXnews (Official Prospectus),HKEXnews (Allotment Results Announcement),COMPLETE
6960.HK,"SHUANGDENG GROUP CO., LTD.  - H shares",2025,2025-08-26,2025-08-18,H Shares,Chapter 19A (A+H),INCLUDED,,977110655.0,14.51,HKEXnews (Official Prospectus),HKEXnews (Allotment Results Announcement),COMPLETE
3858.HK,Jiaxin International Resources Investment Limited,2025,2025-08-28,2025-08-20,Ordinary Shares,Main Board Conventional,INCLUDED,,1378977600.0,10.92,HKEXnews (Official Prospectus),HKEXnews (Allotment Results Announcement),COMPLETE
2580.HK,"AUX ELECTRIC CO., LTD.",2025,2025-09-02,2025-08-25,Ordinary Shares,Main Board Conventional,INCLUDED,,4150057184.000001,17.42,HKEXnews (Official Prospectus),HKEXnews (Allotment Results Announcement),COMPLETE
2543.HK,"DAHON TECH (SHENZHEN) CO., LTD. - H shares",2025,2025-09-09,2025-09-01,H Shares,Chapter 19A (A+H),INCLUDED,,447529500.0,49.5,HKEXnews (Official Prospectus),HKEXnews (Allotment Results Announcement),COMPLETE
2525.HK,Hesai Group - W,2025,2025-09-16,2025-09-08,WVR Shares,Chapter 8A (WVR),INCLUDED,,4784276000.0,212.8,HKEXnews (Official Prospectus),HKEXnews (Allotment Results Announcement),COMPLETE
2656.HK,160 Health International Limited,2025,2025-09-17,2025-09-09,Ordinary Shares,Main Board Conventional,INCLUDED,,400044995.0,11.89,HKEXnews (Official Prospectus),HKEXnews (Allotment Results Announcement),COMPLETE
2595.HK,GenFleet Therapeutics (Shanghai) Inc - B - H shares,2025,2025-09-19,2025-09-11,H Shares,Chapter 18A (Biotech),INCLUDED,,2092544140.0,20.39,HKEXnews (Official Prospectus),HKEXnews (Allotment Results Announcement),COMPLETE
6090.HK,BUTONG GROUP,2025,2025-09-23,2025-09-15,Ordinary Shares,Main Board Conventional,INCLUDED,,781840080.0,71.2,HKEXnews (Official Prospectus),HKEXnews (Allotment Results Announcement),COMPLETE
9973.HK,"Chery Automobile Co., Ltd. - H shares",2025,2025-09-25,2025-09-17,H Shares,Chapter 19A (A+H),INCLUDED,,10417266675.0,30.75,HKEXnews (Official Prospectus),HKEXnews (Allotment Results Announcement),COMPLETE
2889.HK,PATEO CONNECT Technology (Shanghai) Corporation  - H shares,2025,2025-09-30,2025-09-22,H Shares,Chapter 19A (A+H),INCLUDED,,1066964287.0,102.23,HKEXnews (Official Prospectus),HKEXnews (Allotment Results Announcement),COMPLETE
2583.HK,"Shenzhen Hiphine Precision Technology Co., Ltd. - H shares",2025,2025-09-30,2025-09-19,H Shares,Chapter 19A (A+H),INCLUDED,,313760000.0,29.6,HKEXnews (Official Prospectus),HKEXnews (Allotment Results Announcement),COMPLETE
2259.HK,Zijin Gold International Company Limited,2025,2025-09-30,2025-09-19,Ordinary Shares,Main Board Conventional,INCLUDED,,28731880487.0,71.59,HKEXnews (Official Prospectus),HKEXnews (Allotment Results Announcement),COMPLETE
2652.HK,"CF PharmTech, Inc. - H shares",2025,2025-10-08,2025-09-26,H Shares,Chapter 19A (A+H),INCLUDED,,607670500.0,14.75,HKEXnews (Official Prospectus),HKEXnews (Allotment Results Announcement),COMPLETE
2650.HK,"Shanghai Zhida Technology Development Co., Ltd.
-  H shares",2025,2025-10-10,2025-09-30,H Shares,Chapter 19A (A+H),INCLUDED,,400107988.0,66.92,HKEXnews (Official Prospectus),HKEXnews (Allotment Results Announcement),COMPLETE
2575.HK,"Xuanzhu Biopharmaceutical Co., Ltd. - B - H shares",2025,2025-10-15,2025-10-06,H Shares,Chapter 18A (Biotech),INCLUDED,,781068600.0,11.6,HKEXnews (Official Prospectus),HKEXnews (Allotment Results Announcement),COMPLETE
2670.HK,"Beijing Yunji Technology Co., Ltd. -  H shares",2025,2025-10-16,2025-10-08,H Shares,Chapter 19A (A+H),INCLUDED,,758586000.0,95.6,HKEXnews (Official Prospectus),HKEXnews (Allotment Results Announcement),COMPLETE
2637.HK,"Fujian Haixi Pharmaceuticals Co., Ltd. - H shares",2025,2025-10-20,2025-10-09,H Shares,Chapter 19A (A+H),INCLUDED,,993600000.0,86.4,HKEXnews (Official Prospectus),HKEXnews (Allotment Results Announcement),COMPLETE
6687.HK,JST Group Corporation Limited,2025,2025-10-21,2025-10-13,Ordinary Shares,Main Board Conventional,INCLUDED,,2398767660.0,30.6,HKEXnews (Official Prospectus),HKEXnews (Allotment Results Announcement),COMPLETE
0638.HK,Fibocom Wireless Inc. - H  shares,2025,2025-10-22,2025-10-14,Ordinary Shares,Main Board Conventional,INCLUDED,,2904224300.0,21.5,HKEXnews (Official Prospectus),HKEXnews (Allotment Results Announcement),COMPLETE
6980.HK,"Bama Tea Co., Ltd. - H shares",2025,2025-10-28,2025-10-20,H Shares,Chapter 19A (A+H),INCLUDED,,450000000.0,50.0,HKEXnews (Official Prospectus),HKEXnews (Allotment Results Announcement),COMPLETE
6166.HK,"CIG SHANGHAI CO., LTD. - H shares",2025,2025-10-28,2025-10-20,H Shares,Chapter 19A (A+H),INCLUDED,,5308030560.0,68.88,HKEXnews (Official Prospectus),HKEXnews (Allotment Results Announcement),COMPLETE
1384.HK,"Deepexi Technology Co., Ltd. - H shares",2025,2025-10-28,2025-10-20,H Shares,Chapter 19A (A+H),INCLUDED,,710009120.0,26.66,HKEXnews (Official Prospectus),HKEXnews (Allotment Results Announcement),COMPLETE
6031.HK,"SANY HEAVY INDUSTRY CO., LTD. - H shares",2025,2025-10-28,2025-10-20,H Shares,Chapter 19A (A+H),INCLUDED,,15349086720.0,21.3,HKEXnews (Official Prospectus),HKEXnews (Allotment Results Announcement),COMPLETE
2718.HK,Mininglamp Technology - W,2025,2025-11-03,2025-10-23,WVR Shares,Chapter 8A (WVR),INCLUDED,,1170553800.0,141.0,HKEXnews (Official Prospectus),HKEXnews (Allotment Results Announcement),COMPLETE
9876.HK,Ocean One Holding Ltd.,2025,2025-11-03,,GEM Transfer,Transfer from GEM,EXCLUDED,Transfer of listing from GEM to Main Board under Chapter 9A (No IPO capital raising),,,,,EXCLUDED_NON_IPO
9927.HK,"Seres Group Co., Ltd. - H shares",2025,2025-11-05,2025-10-27,H Shares,Chapter 19A (A+H),INCLUDED,,14283398500.0,131.5,HKEXnews (Official Prospectus),HKEXnews (Allotment Results Announcement),COMPLETE
0699.HK,NINGBO JOYSON ELECTRONIC CORP.-  H shares,2025,2025-11-06,2025-10-28,H Shares,Chapter 19A (A+H),INCLUDED,,3412200000.0,22.0,HKEXnews (Official Prospectus),HKEXnews (Allotment Results Announcement),COMPLETE
2026.HK,Pony AI Inc. - W,2025,2025-11-06,2025-10-28,WVR Shares,Chapter 8A (WVR),INCLUDED,,6706611000.0,139.0,HKEXnews (Official Prospectus),HKEXnews (Allotment Results Announcement),COMPLETE
2630.HK,"Vigonvita Life Sciences Co., Ltd. - B - H shares",2025,2025-11-06,2025-10-28,H Shares,Chapter 18A (Biotech),INCLUDED,,587238585.9999999,33.37,HKEXnews (Official Prospectus),HKEXnews (Allotment Results Announcement),COMPLETE
0800.HK,WeRide Inc. - W,2025,2025-11-06,2025-10-28,WVR Shares,Chapter 8A (WVR),INCLUDED,,2391575000.0,27.1,HKEXnews (Official Prospectus),HKEXnews (Allotment Results Announcement),COMPLETE
2698.HK,Softcare Limited,2025,2025-11-10,2025-10-31,Ordinary Shares,Main Board Conventional,INCLUDED,,2738334920.0,26.2,HKEXnews (Official Prospectus),HKEXnews (Allotment Results Announcement),COMPLETE
2579.HK,"CNGR Advanced Material Co., Ltd. - H shares",2025,2025-11-17,2025-11-07,H Shares,Chapter 19A (A+H),INCLUDED,,3543663600.0,34.0,HKEXnews (Official Prospectus),HKEXnews (Allotment Results Announcement),COMPLETE
2788.HK,Chuangxin Industries Holdings Limited,2025,2025-11-24,2025-11-14,Ordinary Shares,Main Board Conventional,INCLUDED,,6319250000.0,10.99,HKEXnews (Official Prospectus),HKEXnews (Allotment Results Announcement),COMPLETE
2685.HK,Quantgroup Holding Limited,2025,2025-11-27,2025-11-19,Ordinary Shares,Main Board Conventional,INCLUDED,,147955500.0,9.8,HKEXnews (Official Prospectus),HKEXnews (Allotment Results Announcement),COMPLETE
9609.HK,"Hebei Haiwei Electronic New Material Technology Co., Ltd.- H shares",2025,2025-11-28,2025-11-20,H Shares,Chapter 19A (A+H),INCLUDED,,531424488.0,14.28,HKEXnews (Official Prospectus),HKEXnews (Allotment Results Announcement),COMPLETE
2693.HK,"ANHUI JINYAN KAOLIN NEW MATERIALS CO., LTD. 
- H shares",2025,2025-12-03,2025-11-25,H Shares,Chapter 19A (A+H),INCLUDED,,177390000.0,7.3,HKEXnews (Official Prospectus),HKEXnews (Allotment Results Announcement),COMPLETE
2539.HK,"Lemo Services Co., Ltd - H shares",2025,2025-12-03,2025-11-25,H Shares,Chapter 19A (A+H),INCLUDED,,222224000.0,40.0,HKEXnews (Official Prospectus),HKEXnews (Allotment Results Announcement),COMPLETE
2658.HK,"Guangdong Tianyu Semiconductor Co., Ltd. 
- H shares",2025,2025-12-05,2025-11-27,H Shares,Chapter 19A (A+H),INCLUDED,,1744089000.0,58.0,HKEXnews (Official Prospectus),HKEXnews (Allotment Results Announcement),COMPLETE
2408.HK,"Guangzhou Xiao Noodles Catering Management Co., Ltd.- H shares",2025,2025-12-05,2025-11-27,H Shares,Chapter 19A (A+H),INCLUDED,,685446080.0,7.04,HKEXnews (Official Prospectus),HKEXnews (Allotment Results Announcement),COMPLETE
2687.HK,"SHANGHAI ABLE DIGITAL SCIENCE&TECH CO., LTD. - H shares",2025,2025-12-08,2025-11-28,H Shares,Chapter 19A (A+H),INCLUDED,,450002250.0,67.5,HKEXnews (Official Prospectus),HKEXnews (Allotment Results Announcement),COMPLETE
2676.HK,"Suzhou Novosense Microelectronics Co., Ltd. 
- H shares",2025,2025-12-08,2025-11-28,H Shares,Chapter 19A (A+H),INCLUDED,,2331020000.0,116.0,HKEXnews (Official Prospectus),HKEXnews (Allotment Results Announcement),COMPLETE
2659.HK,"Shanghai Bao Pharmaceuticals Co., Ltd. 
- B - H shares",2025,2025-12-10,2025-12-02,H Shares,Chapter 18A (Biotech),INCLUDED,,1000110646.0,26.38,HKEXnews (Official Prospectus),HKEXnews (Allotment Results Announcement),COMPLETE
2665.HK,Seyond Holdings Ltd.,2025,2025-12-10,,SPAC,De-SPAC,EXCLUDED,Special Purpose Acquisition Company (SPAC) offering or De-SPAC business combination under Chapter 18B,,,,,EXCLUDED_NON_IPO
7618.HK,"JINGDONG Industrials, Inc.",2025,2025-12-11,2025-12-03,Ordinary Shares,Main Board Conventional,INCLUDED,,3033843420.0,14.1,HKEXnews (Official Prospectus),HKEXnews (Allotment Results Announcement),COMPLETE
2655.HK,"Guoxia Technology Co., Ltd. - H shares",2025,2025-12-16,2025-12-08,H Shares,Chapter 19A (A+H),INCLUDED,,899885040.0,20.1,HKEXnews (Official Prospectus),HKEXnews (Allotment Results Announcement),COMPLETE
3887.HK,HashKey Holdings Limited,2025,2025-12-17,2025-12-09,Ordinary Shares,Main Board Conventional,INCLUDED,,1612968832.0,6.68,HKEXnews (Official Prospectus),HKEXnews (Allotment Results Announcement),COMPLETE
3881.HK,CiDi Inc. - H shares,2025,2025-12-19,2025-12-11,H Shares,Chapter 19A (A+H),INCLUDED,,1422298740.0,263.0,HKEXnews (Official Prospectus),HKEXnews (Allotment Results Announcement),COMPLETE
2546.HK,"Xizang Zhihui Mining Co., Ltd. - H shares",2025,2025-12-19,2025-12-11,H Shares,Chapter 19A (A+H),INCLUDED,,550003520.0,4.51,HKEXnews (Official Prospectus),HKEXnews (Allotment Results Announcement),COMPLETE
2396.HK,B&K CORPORATION LIMITED - B - H shares,2025,2025-12-22,2025-12-12,H Shares,Chapter 18A (Biotech),INCLUDED,,674184160.0,38.2,HKEXnews (Official Prospectus),HKEXnews (Allotment Results Announcement),COMPLETE
2581.HK,BenQ BM Holding Cayman Corp.,2025,2025-12-22,2025-12-12,Ordinary Shares,Main Board Conventional,INCLUDED,,625780000.0,9.34,HKEXnews (Official Prospectus),HKEXnews (Allotment Results Announcement),COMPLETE
2695.HK,"Impression Dahongpao Co., Ltd. - H shares",2025,2025-12-22,2025-12-12,H Shares,Chapter 19A (A+H),INCLUDED,,129960000.0,3.6,HKEXnews (Official Prospectus),HKEXnews (Allotment Results Announcement),COMPLETE
2691.HK,"Nanhua Futures Co., Ltd. - H shares",2025,2025-12-22,2025-12-12,H Shares,Chapter 19A (A+H),INCLUDED,,1291908000.0,12.0,HKEXnews (Official Prospectus),HKEXnews (Allotment Results Announcement),COMPLETE
3378.HK,"Hanx Biopharmaceuticals (Wuhan) Co., Ltd.
- B - H shares",2025,2025-12-23,2025-12-15,H Shares,Chapter 18A (Biotech),INCLUDED,,586272000.0,32.0,HKEXnews (Official Prospectus),HKEXnews (Allotment Results Announcement),COMPLETE
2635.HK,"Nuobikan Artificial Intelligence Technology (Chengdu) Co., Ltd. - H shares",2025,2025-12-23,2025-12-15,H Shares,Chapter 19A (A+H),INCLUDED,,302928000.0,80.0,HKEXnews (Official Prospectus),HKEXnews (Allotment Results Announcement),COMPLETE
2661.HK,QingSong Health Corporation,2025,2025-12-23,2025-12-15,Ordinary Shares,Main Board Conventional,INCLUDED,,601927200.0,22.68,HKEXnews (Official Prospectus),HKEXnews (Allotment Results Announcement),COMPLETE
6651.HK,"Beijing 51WORLD Digital Twin Technology Co., Ltd.- H shares",2025,2025-12-30,2025-12-18,H Shares,Chapter 19A (A+H),INCLUDED,,731243600.0,30.5,HKEXnews (Official Prospectus),HKEXnews (Allotment Results Announcement),COMPLETE
3696.HK,InSilico Medicine Cayman TopCo,2025,2025-12-30,2025-12-18,Ordinary Shares,Main Board Conventional,INCLUDED,,2618900700.0,24.05,HKEXnews (Official Prospectus),HKEXnews (Allotment Results Announcement),COMPLETE
6600.HK,"OneRobotics (Shenzhen) Co., Ltd.- H shares",2025,2025-12-30,2025-12-18,H Shares,Chapter 19A (A+H),INCLUDED,,1871280180.0,73.8,HKEXnews (Official Prospectus),HKEXnews (Allotment Results Announcement),COMPLETE
2657.HK,"SHANGHAI FOREST CABIN COSMETICS GROUP CO., LTD. - H shares",2025,2025-12-30,2025-12-18,H Shares,Chapter 19A (A+H),INCLUDED,,1249095078.0,77.77,HKEXnews (Official Prospectus),HKEXnews (Allotment Results Announcement),COMPLETE
3317.HK,"Shenzhen Xunce Technology Co., Ltd.- H shares",2025,2025-12-30,2025-12-18,H Shares,Chapter 19A (A+H),INCLUDED,,1089331200.0,48.0,HKEXnews (Official Prospectus),HKEXnews (Allotment Results Announcement),COMPLETE
2671.HK,"USAS Building System (Shanghai) Co., Ltd.
- H shares",2025,2025-12-30,2025-12-18,H Shares,Chapter 19A (A+H),INCLUDED,,174660000.0,7.1,HKEXnews (Official Prospectus),HKEXnews (Allotment Results Announcement),COMPLETE
6082.HK,"Shanghai Biren Technology Co., Ltd.- H shares",2026,2026-01-02,2025-12-22,H Shares,Chapter 19A (A+H),INCLUDED,,6420438640.0,19.6,HKEXnews (Official Prospectus),HKEXnews (Allotment Results Announcement),COMPLETE
2513.HK,Knowledge Atlas Technology Joint Stock Company Limited - H shares,2026,2026-01-08,2025-12-30,H Shares,Chapter 19A (A+H),INCLUDED,,5000364880.0,116.2,HKEXnews (Official Prospectus),HKEXnews (Allotment Results Announcement),COMPLETE
9903.HK,"Shanghai Iluvatar CoreX Semiconductor Co., Ltd.  
- H shares",2026,2026-01-08,2025-12-30,H Shares,Chapter 19A (A+H),INCLUDED,,3677438280.0,144.6,HKEXnews (Official Prospectus),HKEXnews (Allotment Results Announcement),COMPLETE
2675.HK,"Shenzhen Edge Medical Co., Ltd.- B - H shares",2026,2026-01-08,2025-12-30,H Shares,Chapter 18A (Biotech),INCLUDED,,1378512820.0,43.24,HKEXnews (Official Prospectus),HKEXnews (Allotment Results Announcement),COMPLETE
0100.HK,MiniMax Group Inc. - W - P,2026,2026-01-09,2025-12-31,WVR Shares,Chapter 18C (Specialist Tech),INCLUDED,,5540244600.0,165.0,HKEXnews (Official Prospectus),HKEXnews (Allotment Results Announcement),COMPLETE
6938.HK,"Suzhou Ribo Life Science Co., Ltd. - B - H shares",2026,2026-01-09,2025-12-31,H Shares,Chapter 18A (Biotech),INCLUDED,,2107313846.0,57.97,HKEXnews (Official Prospectus),HKEXnews (Allotment Results Announcement),COMPLETE
3636.HK,"Yunnan Jinxun Resources Co., Ltd. - H shares",2026,2026-01-09,2025-12-31,H Shares,Chapter 19A (A+H),INCLUDED,,1268412000.0,30.0,HKEXnews (Official Prospectus),HKEXnews (Allotment Results Announcement),COMPLETE
0501.HK,"OmniVision Integrated Circuits Group, Inc.  
- H shares",2026,2026-01-12,2025-12-31,H Shares,Chapter 19A (A+H),INCLUDED,,5317667280.0,104.8,HKEXnews (Official Prospectus),HKEXnews (Allotment Results Announcement),COMPLETE
3986.HK,GigaDevice Semiconductor Inc. - H shares,2026,2026-01-13,2025-12-31,H Shares,Chapter 19A (A+H),INCLUDED,,5387002200.0,162.0,HKEXnews (Official Prospectus),HKEXnews (Allotment Results Announcement),COMPLETE
1641.HK,"Hongxing Coldchain (Hunan) Co., Ltd.- H shares",2026,2026-01-13,2025-12-31,H Shares,Chapter 19A (A+H),INCLUDED,,285204380.0,12.26,HKEXnews (Official Prospectus),HKEXnews (Allotment Results Announcement),COMPLETE
9611.HK,"Shanghai Longcheer Technology Co., Ltd.- H shares",2026,2026-01-22,2026-01-14,H Shares,Chapter 19A (A+H),INCLUDED,,1620032100.0,31.0,HKEXnews (Official Prospectus),HKEXnews (Allotment Results Announcement),COMPLETE
1768.HK,"BUSY MING GROUP CO., LTD.- H shares",2026,2026-01-28,2026-01-20,H Shares,Chapter 19A (A+H),INCLUDED,,4220423480.0,236.6,HKEXnews (Official Prospectus),HKEXnews (Allotment Results Announcement),COMPLETE
9980.HK,"Eastroc Beverage (Group) Co., Ltd. - H shares",2026,2026-02-03,2026-01-26,H Shares,Chapter 19A (A+H),INCLUDED,,11099413600.0,248.0,HKEXnews (Official Prospectus),HKEXnews (Allotment Results Announcement),COMPLETE
2768.HK,"Qingdao Gon Technology Co., Ltd. - H shares",2026,2026-02-04,2026-01-27,H Shares,Chapter 19A (A+H),INCLUDED,,1080000000.0,36.0,HKEXnews (Official Prospectus),HKEXnews (Allotment Results Announcement),COMPLETE
2677.HK,Distinct Healthcare Holdings Limited,2026,2026-02-06,2026-01-29,Ordinary Shares,Main Board Conventional,INCLUDED,,296271390.0,59.9,HKEXnews (Official Prospectus),HKEXnews (Allotment Results Announcement),COMPLETE
2714.HK,"Muyuan Foods Co., Ltd. - H shares",2026,2026-02-06,2026-01-29,H Shares,Chapter 19A (A+H),INCLUDED,,12098700900.0,39.0,HKEXnews (Official Prospectus),HKEXnews (Allotment Results Announcement),COMPLETE
3200.HK,"Shenzhen Han’s CNC Technology Co., Ltd. - H shares",2026,2026-02-06,2026-01-29,H Shares,Chapter 19A (A+H),INCLUDED,,5558268100.0,95.8,HKEXnews (Official Prospectus),HKEXnews (Allotment Results Announcement),COMPLETE
6809.HK,"Montage Technology Co., Ltd. - H shares",2026,2026-02-09,2026-01-30,H Shares,Chapter 19A (A+H),INCLUDED,,8099429415.0,106.89,HKEXnews (Official Prospectus),HKEXnews (Allotment Results Announcement),COMPLETE
0600.HK,"Axera Semiconductor Co., Ltd. - H shares",2026,2026-02-10,2026-01-30,H Shares,Chapter 19A (A+H),INCLUDED,,2991774660.0,28.2,HKEXnews (Official Prospectus),HKEXnews (Allotment Results Announcement),COMPLETE
2720.HK,Ridge Outdoor International Limited,2026,2026-02-10,2026-01-30,Ordinary Shares,Main Board Conventional,INCLUDED,,345511250.0,12.25,HKEXnews (Official Prospectus),HKEXnews (Allotment Results Announcement),COMPLETE
0470.HK,"WUXI LEAD INTELLIGENT EQUIPMENT CO., LTD. - H shares",2026,2026-02-11,2026-02-03,H Shares,Chapter 19A (A+H),INCLUDED,,4949074720.0,45.8,HKEXnews (Official Prospectus),HKEXnews (Allotment Results Announcement),COMPLETE
2706.HK,"Beijing Haizhi Technology Group Co., Ltd. - H Shares",2026,2026-02-13,2026-02-05,H Shares,Chapter 19A (A+H),INCLUDED,,758497212.0,27.06,HKEXnews (Official Prospectus),HKEXnews (Allotment Results Announcement),COMPLETE
9981.HK,"Shenzhen Woer Heat-Shrinkable Material Co., Ltd. - H Shares",2026,2026-02-13,2026-02-05,H Shares,Chapter 19A (A+H),INCLUDED,,2812374992.0,20.09,HKEXnews (Official Prospectus),HKEXnews (Allotment Results Announcement),COMPLETE
2649.HK,"ALSCO Pooling Service Co., Ltd. - H Shares",2026,2026-03-09,2026-02-27,H Shares,Chapter 19A (A+H),INCLUDED,,223696000.0,11.0,HKEXnews (Official Prospectus),HKEXnews (Allotment Results Announcement),COMPLETE
2715.HK,"ESTUN AUTOMATION CO., LTD - H Shares",2026,2026-03-09,2026-02-27,H Shares,Chapter 19A (A+H),INCLUDED,,1486540800.0,15.36,HKEXnews (Official Prospectus),HKEXnews (Allotment Results Announcement),COMPLETE
2692.HK,"Shenzhen Zhaowei Machinery & Electronics Co., Ltd. - H Shares",2026,2026-03-09,2026-02-27,H Shares,Chapter 19A (A+H),INCLUDED,,1906618824.0,71.28,HKEXnews (Official Prospectus),HKEXnews (Allotment Results Announcement),COMPLETE
3268.HK,"MeiG Smart Technology Co., Ltd. - H Shares",2026,2026-03-10,2026-02-27,H Shares,Chapter 19A (A+H),INCLUDED,,1161615000.0,28.86,HKEXnews (Official Prospectus),HKEXnews (Allotment Results Announcement),COMPLETE
7489.HK,"VOYAH Automotive Technology Co., Ltd. - H Shares",2026,2026-03-19,2026-02-12,Ordinary Shares,Introduction,EXCLUDED,Listing by Introduction without primary or secondary public capital raising,,,,,EXCLUDED_NON_IPO
1989.HK,Delton Technology (Guangzhou) Inc. - H Shares,2026,2026-03-20,2026-03-12,H Shares,Chapter 19A (A+H),INCLUDED,,3306480000.0,71.88,HKEXnews (Official Prospectus),HKEXnews (Allotment Results Announcement),COMPLETE
2701.HK,Nsing Technologies Inc. - H Shares,2026,2026-03-23,2026-03-13,H Shares,Chapter 19A (A+H),INCLUDED,,1026000000.0,10.8,HKEXnews (Official Prospectus),HKEXnews (Allotment Results Announcement),COMPLETE
3355.HK,FS.COM Ltd. - H Shares,2026,2026-03-23,2026-03-13,H Shares,Chapter 19A (A+H),INCLUDED,,1900109120.0,41.6,HKEXnews (Official Prospectus),HKEXnews (Allotment Results Announcement),COMPLETE
2632.HK,"Jiangsu New Vision Automotive Electronics Co., Ltd. - H Shares",2026,2026-03-24,2026-03-16,H Shares,Chapter 19A (A+H),INCLUDED,,717211300.0,44.2,HKEXnews (Official Prospectus),HKEXnews (Allotment Results Announcement),COMPLETE
2729.HK,"Zhejiang Galaxis Technology Group Co., Ltd. - H Shares",2026,2026-03-24,2026-03-16,H Shares,Chapter 19A (A+H),INCLUDED,,613054680.0,16.66,HKEXnews (Official Prospectus),HKEXnews (Allotment Results Announcement),COMPLETE
1021.HK,"Guangdong Huayan Robotics Co., Ltd. - H Shares",2026,2026-03-30,2026-03-20,H Shares,Chapter 19A (A+H),INCLUDED,,1808317200.0,17.0,HKEXnews (Official Prospectus),HKEXnews (Allotment Results Announcement),COMPLETE
2526.HK,"Hangzhou Diagens Biotechnology Co., Ltd. - B - H Shares",2026,2026-03-30,2026-03-20,H Shares,Chapter 18A (Biotech),INCLUDED,,791920800.0,99.0,HKEXnews (Official Prospectus),HKEXnews (Allotment Results Announcement),COMPLETE
2726.HK,"Epiworld International Co., Ltd. - H Shares",2026,2026-03-30,2026-03-20,H Shares,Chapter 19A (A+H),INCLUDED,,1638983733.0,76.26,HKEXnews (Official Prospectus),HKEXnews (Allotment Results Announcement),COMPLETE
6636.HK,"Shandong Extreme Vision Technology Co., Ltd. - H Shares",2026,2026-03-30,2026-03-20,H Shares,Chapter 19A (A+H),INCLUDED,,499200000.0,40.0,HKEXnews (Official Prospectus),HKEXnews (Allotment Results Announcement),COMPLETE
0664.HK,"Hangzhou Tongshifu Cultural and Creative (Group) Co., Ltd. - H Shares",2026,2026-03-31,2026-03-23,H Shares,Chapter 19A (A+H),INCLUDED,,444408000.0,60.0,HKEXnews (Official Prospectus),HKEXnews (Allotment Results Announcement),COMPLETE
3625.HK,"Shanghai FourSemi Semiconductor Co., Ltd. - H Shares",2026,2026-03-31,2026-03-23,H Shares,Chapter 19A (A+H),INCLUDED,,480000000.0,40.0,HKEXnews (Official Prospectus),HKEXnews (Allotment Results Announcement),COMPLETE
6656.HK,"Sigenergy Technology Co., Ltd. - H Shares",2026,2026-04-16,2026-04-08,H Shares,Chapter 19A (A+H),INCLUDED,,5060729580.0,324.2,HKEXnews (Official Prospectus),HKEXnews (Allotment Results Announcement),COMPLETE
3277.HK,Gpixel Changchun Microelectronics Inc. - H Shares,2026,2026-04-17,2026-04-09,H Shares,Chapter 19A (A+H),INCLUDED,,2994521404.0,39.88,HKEXnews (Official Prospectus),HKEXnews (Allotment Results Announcement),COMPLETE
0068.HK,Manycore Tech Inc.,2026,2026-04-17,2026-04-09,Ordinary Shares,Main Board Conventional,INCLUDED,,1407501630.0,7.62,HKEXnews (Official Prospectus),HKEXnews (Allotment Results Announcement),COMPLETE
6051.HK,Youzan Technology Limited,2026,2026-04-17,,GEM Transfer,Transfer from GEM,EXCLUDED,Transfer of listing from GEM to Main Board under Chapter 9A (No IPO capital raising),,,,,EXCLUDED_NON_IPO
2476.HK,"Victory Giant Technology (HuiZhou) Co., Ltd. - H Shares",2026,2026-04-21,2026-04-13,H Shares,Chapter 19A (A+H),INCLUDED,,23134547700.0,209.88,HKEXnews (Official Prospectus),HKEXnews (Allotment Results Announcement),COMPLETE
3296.HK,"Huaqin Co., Ltd. - H Shares",2026,2026-04-23,2026-04-15,H Shares,Chapter 19A (A+H),INCLUDED,,5231572080.0,77.7,HKEXnews (Official Prospectus),HKEXnews (Allotment Results Announcement),COMPLETE
1879.HK,"Shanghai Xizhi Technology Co., Ltd. - P - H Shares",2026,2026-04-28,2026-04-20,H Shares,Chapter 18C (Specialist Tech),INCLUDED,,2906375484.0,183.2,HKEXnews (Official Prospectus),HKEXnews (Allotment Results Announcement),COMPLETE
2493.HK,"Mabwell (Shanghai) Bioscience Co., Ltd. - B - H Shares",2026,2026-04-28,2026-04-20,H Shares,Chapter 18A (Biotech),INCLUDED,,1302678728.0,27.64,HKEXnews (Official Prospectus),HKEXnews (Allotment Results Announcement),COMPLETE
6810.HK,"Shanghai Sunmi Technology Co., Ltd. - W - H Shares",2026,2026-04-29,2026-04-21,H Shares,Chapter 19A (A+H),INCLUDED,,1059702248.0,24.86,HKEXnews (Official Prospectus),HKEXnews (Allotment Results Announcement),COMPLETE
1609.HK,"Star Sports Medicine Co., Ltd. - H Shares",2026,2026-05-05,2026-04-24,H Shares,Chapter 19A (A+H),INCLUDED,,829552225.0,98.5,HKEXnews (Official Prospectus),HKEXnews (Allotment Results Announcement),COMPLETE
1187.HK,"Cofoe Medical Technology Co., Ltd. - H Shares",2026,2026-05-06,2026-04-27,H Shares,Chapter 19A (A+H),INCLUDED,,1061910000.0,39.33,HKEXnews (Official Prospectus),HKEXnews (Allotment Results Announcement),COMPLETE
1236.HK,"SHENZHEN LDROBOT CO., LTD - H Shares",2026,2026-05-11,2026-04-30,H Shares,Chapter 19A (A+H),INCLUDED,,878668424.0,26.36,HKEXnews (Official Prospectus),HKEXnews (Allotment Results Announcement),COMPLETE
7630.HK,"IMPACT Therapeutics, Inc - B - H Shares",2026,2026-05-13,2026-05-05,H Shares,Chapter 18A (Biotech),INCLUDED,,970295340.0,20.1,HKEXnews (Official Prospectus),HKEXnews (Allotment Results Announcement),COMPLETE
7666.HK,"Metis TechBio Co., Ltd. - P - H Shares",2026,2026-05-13,2026-05-05,H Shares,Chapter 18C (Specialist Tech),INCLUDED,,2429836500.0,10.5,HKEXnews (Official Prospectus),HKEXnews (Allotment Results Announcement),COMPLETE
6871.HK,"Robotphoenix Intelligent Technology Co., Ltd. - H Shares",2026,2026-05-18,2026-05-08,H Shares,Chapter 19A (A+H),INCLUDED,,750300000.0,30.5,HKEXnews (Official Prospectus),HKEXnews (Allotment Results Announcement),COMPLETE
1511.HK,"UISEE Technologies (Beijing) Co., Ltd. - H Shares",2026,2026-05-20,2026-05-12,H Shares,Chapter 19A (A+H),INCLUDED,,872010360.0,60.3,HKEXnews (Official Prospectus),HKEXnews (Allotment Results Announcement),COMPLETE
7688.HK,"Shanghai Top Numerical Control Technology Co., Ltd. - H Shares",2026,2026-05-20,2026-05-12,H Shares,Chapter 19A (A+H),INCLUDED,,1982667505.0,26.39,HKEXnews (Official Prospectus),HKEXnews (Allotment Results Announcement),COMPLETE
6872.HK,TenNor Therapeutics (Suzhou) Limited - B - H Shares,2026,2026-05-22,2026-05-14,H Shares,Chapter 18A (Biotech),INCLUDED,,670399200.0,75.7,HKEXnews (Official Prospectus),HKEXnews (Allotment Results Announcement),COMPLETE
0901.HK,"Shenzhen SDMC Technology Co., Ltd. - H Shares",2026,2026-05-27,2026-05-18,H Shares,Chapter 19A (A+H),INCLUDED,,629999440.0,32.8,HKEXnews (Official Prospectus),HKEXnews (Allotment Results Announcement),COMPLETE
2723.HK,"Beijing DeepZero Technology Co., Ltd. - H Shares",2026,2026-05-27,2026-05-18,H Shares,Chapter 19A (A+H),INCLUDED,,503274000.0,55.5,HKEXnews (Official Prospectus),HKEXnews (Allotment Results Announcement),COMPLETE
3310.HK,"Viewtrix Technology Co., Ltd - H Shares",2026,2026-05-27,2026-05-18,H Shares,Chapter 19A (A+H),INCLUDED,,1264998280.0,20.81,HKEXnews (Official Prospectus),HKEXnews (Allotment Results Announcement),COMPLETE
3388.HK,"Shenzhen Creality 3D Technology Co., Ltd. - H Shares",2026,2026-05-29,2026-05-20,H Shares,Chapter 19A (A+H),INCLUDED,,1587502080.0,18.8,HKEXnews (Official Prospectus),HKEXnews (Allotment Results Announcement),COMPLETE
2553.HK,"Beijing Shougang LanzaTech Technology Co., Ltd. - H Shares",2026,2026-06-03,2026-05-26,H Shares,Chapter 19A (A+H),INCLUDED,,584000000.0,14.6,HKEXnews (Official Prospectus),HKEXnews (Allotment Results Announcement),COMPLETE
1081.HK,"Dajin Heavy Industry Co., Ltd. - H Shares",2026,2026-06-05,2026-05-28,H Shares,Chapter 19A (A+H),INCLUDED,,6795143600.0,66.4,HKEXnews (Official Prospectus),HKEXnews (Allotment Results Announcement),COMPLETE
1779.HK,"LongBio Pharma (Suzhou) Co., Ltd. - B - H Shares",2026,2026-06-05,2026-05-28,H Shares,Chapter 18A (Biotech),INCLUDED,,1567900926.0,96.06,HKEXnews (Official Prospectus),HKEXnews (Allotment Results Announcement),COMPLETE
2290.HK,Lung Fung Group Holdings Limited,2026,2026-06-05,2026-05-28,Ordinary Shares,Main Board Conventional,INCLUDED,,647500000.0,5.18,HKEXnews (Official Prospectus),HKEXnews (Allotment Results Announcement),COMPLETE
6658.HK,"Liuliumei Co., Ltd. - H Shares",2026,2026-06-15,2026-06-05,H Shares,Chapter 19A (A+H),INCLUDED,,499605478.0,43.58,HKEXnews (Official Prospectus),HKEXnews (Allotment Results Announcement),COMPLETE
6675.HK,"SENASIC Electronics Technology Co., Ltd. - H Shares",2026,2026-06-17,2026-06-09,H Shares,Chapter 19A (A+H),INCLUDED,,1032985008.0,18.36,HKEXnews (Official Prospectus),HKEXnews (Allotment Results Announcement),COMPLETE
1392.HK,"Shenzhen HQVT Technology Co., Ltd. - H Shares",2026,2026-06-22,2026-06-11,H Shares,Chapter 19A (A+H),INCLUDED,,613170000.0,7.2,HKEXnews (Official Prospectus),HKEXnews (Allotment Results Announcement),COMPLETE
6067.HK,"Shenzhen Senior Technology Material Co., Ltd. - H Shares",2026,2026-06-23,2026-06-12,H Shares,Chapter 19A (A+H),INCLUDED,,1342721030.0,8.98,HKEXnews (Official Prospectus),HKEXnews (Allotment Results Announcement),COMPLETE
6132.HK,"HJ Science Co., Ltd. - B - H Shares",2026,2026-06-23,2026-06-12,H Shares,Chapter 18A (Biotech),INCLUDED,,1112480000.0,81.8,HKEXnews (Official Prospectus),HKEXnews (Allotment Results Announcement),COMPLETE
2335.HK,"Shaanxi Micot Pharmaceutical Technology Co., Ltd. - B - H Shares",2026,2026-06-24,2026-06-15,H Shares,Chapter 18A (Biotech),INCLUDED,,1056590080.0,18.2,HKEXnews (Official Prospectus),HKEXnews (Allotment Results Announcement),COMPLETE
6106.HK,"Shanghai Seer Intelligent Technology Co., Ltd. - H Shares",2026,2026-06-24,2026-06-15,H Shares,Chapter 19A (A+H),INCLUDED,,1066525680.0,101.6,HKEXnews (Official Prospectus),HKEXnews (Allotment Results Announcement),COMPLETE
1688.HK,LINGYI iTECH (GUANGDONG) COMPANY - H Shares,2026,2026-06-26,2026-06-17,H Shares,Chapter 19A (A+H),INCLUDED,,8264244939.0,10.18,HKEXnews (Official Prospectus),HKEXnews (Allotment Results Announcement),COMPLETE
1956.HK,"Beijing Zhongke WengeAI Science and Technology Co., Ltd. - H Shares",2026,2026-06-26,2026-06-17,H Shares,Chapter 19A (A+H),INCLUDED,,981494720.0,60.7,HKEXnews (Official Prospectus),HKEXnews (Allotment Results Announcement),COMPLETE
2272.HK,KEYTOP PARKING INC. - H Shares,2026,2026-06-26,2026-06-17,H Shares,Chapter 19A (A+H),INCLUDED,,399940674.0,39.55,HKEXnews (Official Prospectus),HKEXnews (Allotment Results Announcement),COMPLETE
9630.HK,"Circuit Fabology Microelectronics Equipment Co., Ltd. - H Shares",2026,2026-06-26,2026-06-17,H Shares,Chapter 19A (A+H),INCLUDED,,3731406812.0,252.73,HKEXnews (Official Prospectus),HKEXnews (Allotment Results Announcement),COMPLETE
3661.HK,SG Micro Corp - H Shares,2026,2026-06-26,2026-06-17,H Shares,Chapter 19A (A+H),INCLUDED,,5291030760.0,85.2,HKEXnews (Official Prospectus),HKEXnews (Allotment Results Announcement),COMPLETE
6228.HK,PT MERDEKA GOLD RESOURCES Tbk- DRS,2026,2026-06-26,2026-06-17,Ordinary Shares,Main Board Conventional,INCLUDED,,2466022160.0,26.6,HKEXnews (Official Prospectus),HKEXnews (Allotment Results Announcement),COMPLETE
1191.HK,"Crealights Technology Co., Ltd. - H Shares",2026,2026-06-29,2026-06-18,H Shares,Chapter 19A (A+H),INCLUDED,,1760866800.0,114.0,HKEXnews (Official Prospectus),HKEXnews (Allotment Results Announcement),COMPLETE
2672.HK,"Baige Online Digital Technology Co., Ltd. - H Shares",2026,2026-06-29,2026-06-18,H Shares,Chapter 19A (A+H),INCLUDED,,520172640.0,15.6,HKEXnews (Official Prospectus),HKEXnews (Allotment Results Announcement),COMPLETE
9637.HK,Alebund Pharmaceuticals (Jiangsu) Limited - B - H Shares,2026,2026-06-29,2026-06-18,H Shares,Chapter 18A (Biotech),INCLUDED,,1475072620.0,22.6,HKEXnews (Official Prospectus),HKEXnews (Allotment Results Announcement),COMPLETE
2697.HK,"Guangdong True Health Medical Technology Development Co., Ltd. - B - H Shares",2026,2026-06-30,2026-06-22,H Shares,Chapter 18A (Biotech),INCLUDED,,449865140.0,126.2,HKEXnews (Official Prospectus),HKEXnews (Allotment Results Announcement),COMPLETE
6915.HK,Jiangxi Institute of Biological Products Inc. - H Shares,2026,2026-06-30,2026-06-22,H Shares,Chapter 19A (A+H),INCLUDED,,405826400.0,11.2,HKEXnews (Official Prospectus),HKEXnews (Allotment Results Announcement),COMPLETE
3952.HK,"Zhejiang Laifual Drive Co., Ltd. - H Shares",2026,2026-06-30,2026-06-22,H Shares,Chapter 19A (A+H),INCLUDED,,1212244650.0,85.5,HKEXnews (Official Prospectus),HKEXnews (Allotment Results Announcement),COMPLETE
6715.HK,"Hangzhou Qiandaohu Xunlong Sci-tech Co., Ltd. - H Shares",2026,2026-06-30,2026-06-22,H Shares,Chapter 19A (A+H),INCLUDED,,1233133950.0,75.5,HKEXnews (Official Prospectus),HKEXnews (Allotment Results Announcement),COMPLETE
3774.HK,Fameglow Holdings Limited,2026,2026-06-30,,GEM Transfer,Transfer from GEM,EXCLUDED,Transfer of listing from GEM to Main Board under Chapter 9A (No IPO capital raising),,,,,EXCLUDED_NON_IPO
0668.HK,"Anker Innovations Technology Co., Ltd. - H Shares",2026,2026-07-02,2026-06-23,H Shares,Chapter 19A (A+H),INCLUDED,,4973558252.0,99.32,HKEXnews (Official Prospectus),HKEXnews (Allotment Results Announcement),COMPLETE
2667.HK,"Beijing Tong Ren Tang Healthcare Investment Co., Ltd. - H Shares",2026,2026-07-07,2026-06-26,H Shares,Chapter 19A (A+H),INCLUDED,,594844250.0,5.5,HKEXnews (Official Prospectus),HKEXnews (Allotment Results Announcement),COMPLETE
7656.HK,"Reconova Technologies Co., Ltd. - H Shares",2026,2026-07-08,2026-06-29,H Shares,Chapter 19A (A+H),INCLUDED,,608364420.0,21.66,HKEXnews (Official Prospectus),HKEXnews (Allotment Results Announcement),COMPLETE
9971.HK,"BASiC Semiconductor Co., Ltd. - H Shares",2026,2026-07-08,2026-06-29,H Shares,Chapter 19A (A+H),INCLUDED,,865951644.0,31.62,HKEXnews (Official Prospectus),HKEXnews (Allotment Results Announcement),COMPLETE
6880.HK,MOMENTA GLOBAL LIMITED - W,2026,2026-07-08,2026-06-29,WVR Shares,Chapter 8A (WVR),INCLUDED,,5893761480.0,295.6,HKEXnews (Official Prospectus),HKEXnews (Allotment Results Announcement),COMPLETE
7687.HK,"EACON Group Co., Ltd - H Shares",2026,2026-07-08,2026-06-29,H Shares,Chapter 19A (A+H),INCLUDED,,2541156156.0,87.92,HKEXnews (Official Prospectus),HKEXnews (Allotment Results Announcement),COMPLETE
1770.HK,DKE Holding Company Limited - H Shares,2026,2026-07-09,2026-06-29,H Shares,Chapter 19A (A+H),INCLUDED,,402526704.0,78.64,HKEXnews (Official Prospectus),HKEXnews (Allotment Results Announcement),COMPLETE
0537.HK,"RIGOL Technologies Co., Ltd. - H Shares",2026,2026-07-09,2026-06-30,H Shares,Chapter 19A (A+H),INCLUDED,,1140405156.0,45.98,HKEXnews (Official Prospectus),HKEXnews (Allotment Results Announcement),COMPLETE
1377.HK,"Guangdong Dtech Technology Co., Ltd. - H Shares",2026,2026-07-09,2026-06-30,H Shares,Chapter 19A (A+H),INCLUDED,,4800160000.0,380.0,HKEXnews (Official Prospectus),HKEXnews (Allotment Results Announcement),COMPLETE
2475.HK,"Luxshare Precision Industry Co., Ltd. - H Shares",2026,2026-07-09,2026-06-30,H Shares,Chapter 19A (A+H),INCLUDED,,25059810216.0,63.28,HKEXnews (Official Prospectus),HKEXnews (Allotment Results Announcement),COMPLETE
3752.HK,Rokae (Shandong) Robotics Group Inc. - H Shares,2026,2026-07-09,2026-06-30,H Shares,Chapter 19A (A+H),INCLUDED,,1006490800.0,38.0,HKEXnews (Official Prospectus),HKEXnews (Allotment Results Announcement),COMPLETE
6951.HK,"Chaozhou Three-Circle (Group) Co., Ltd. - H Shares",2026,2026-07-09,2026-06-30,H Shares,Chapter 19A (A+H),INCLUDED,,8046186360.0,100.3,HKEXnews (Official Prospectus),HKEXnews (Allotment Results Announcement),COMPLETE
2797.HK,"Jiangxi Qiyunshan Food Co., Ltd. - H Shares",2026,2026-07-09,2026-06-30,H Shares,Chapter 19A (A+H),INCLUDED,,200000000.0,8.0,HKEXnews (Official Prospectus),HKEXnews (Allotment Results Announcement),COMPLETE
2249.HK,NEXCHIP SEMICONDUCTOR (CHINA) LIMITED - H Shares,2026,2026-07-10,2026-06-30,H Shares,Chapter 19A (A+H),INCLUDED,,7333840970.0,32.3,HKEXnews (Official Prospectus),HKEXnews (Allotment Results Announcement),COMPLETE
6745.HK,"Befar Group Co., Ltd - H Shares",2026,2026-07-10,2026-06-30,H Shares,Chapter 19A (A+H),INCLUDED,,1225398480.0,3.48,HKEXnews (Official Prospectus),HKEXnews (Allotment Results Announcement),COMPLETE
3308.HK,"ZHONGJI INNOLIGHT CO., LTD. - H Shares",2026,2026-07-30,2026-07-22,H Shares,Chapter 19A (A+H),INCLUDED,,61421500000.0,980.0,HKEXnews (Official Prospectus),HKEXnews (Allotment Results Announcement),COMPLETE
2261.HK,"NASN Intelligent Tech (Zhejiang) Co., Ltd. - H Shares",2026,2026-08-07,2026-07-30,H Shares,Chapter 19A (A+H),INCLUDED,,600134690.0,10.42,HKEXnews (Official Prospectus),HKEXnews (Allotment Results Announcement),COMPLETE
3223.HK,"Ingenic Semiconductor Co., Ltd. - H Shares",2026,2026-08-25,2026-08-17,H Shares,Chapter 19A (A+H),INCLUDED,,3128730000.0,100.0,HKEXnews (Official Prospectus),HKEXnews (Allotment Results Announcement),COMPLETE
9615.HK,"Mech-Mind Robotics Technologies Co., Ltd. - H Shares",2026,2026-09-01,2026-08-24,H Shares,Chapter 19A (A+H),INCLUDED,,2353398003.0,101.7,HKEXnews (Official Prospectus),HKEXnews (Allotment Results Announcement),COMPLETE
0625.HK,SHEIN Global Holdings Limited - W,2026,2026-09-01,2026-08-24,WVR Shares,Chapter 8A (WVR),INCLUDED,,13596435800.0,48.56,HKEXnews (Official Prospectus),HKEXnews (Allotment Results Announcement),COMPLETE
2041.HK,"Medcaptain Medical Technology Co., Ltd. - H Shares",2026,2026-09-07,2026-08-28,H Shares,Chapter 19A (A+H),INCLUDED,,600001452.0,15.42,HKEXnews (Official Prospectus),HKEXnews (Allotment Results Announcement),COMPLETE
9976.HK,"Shenzhen Longsys Electronics Co., Ltd. - H Shares",2026,2026-09-08,2026-08-31,H Shares,Chapter 19A (A+H),INCLUDED,,7077510200.0,236.0,HKEXnews (Official Prospectus),HKEXnews (Allotment Results Announcement),COMPLETE
