date,h,a,fx,a_hkd,gap,event_day,code,hot,month
2026-01-12,121.8,133.55,1.1170159578323364,149.17748116850854,-0.18352288129589323,0,0501.HK,0.0,2026-01
2026-01-13,114.9,128.38,1.1178920269012451,143.51497841358184,-0.19938670325489727,1,0501.HK,0.0,2026-01
2026-01-14,114.8,127.71,1.1178979873657227,142.76675196647642,-0.19589121123273434,2,0501.HK,0.0,2026-01
2026-01-15,111.6,128.47,1.1180720329284668,143.63871407032013,-0.22305068851170018,3,0501.HK,0.0,2026-01
2026-01-16,113.2,130.83,1.1190400123596191,146.404004817009,-0.22679710748699,4,0501.HK,0.0,2026-01
2026-01-19,116.5,128.92,1.1189160346984863,144.25065519332884,-0.1923780183607251,5,0501.HK,0.0,2026-01
2026-01-20,114.4,128.99,1.1186879873275757,144.299563485384,-0.20720480896265847,6,0501.HK,0.0,2026-01
2026-01-21,114.1,130.42,1.1202499866485596,146.10300325870512,-0.21904411644459687,7,0501.HK,0.0,2026-01
2026-01-22,111.6,128.84,1.1194219589233398,144.2263251876831,-0.22621615814745444,8,0501.HK,0.0,2026-01
2026-01-23,113.4,129.4,1.1179779767990112,144.66635019779207,-0.2161273174794539,9,0501.HK,0.0,2026-01
2026-01-26,108.8,124.62,1.1179169416427612,139.3148092675209,-0.21903492836087857,10,0501.HK,0.0,2026-01
2026-01-27,106.3,124.86,1.1211910247802734,139.99191135406494,-0.2406704146559724,11,0501.HK,0.0,2026-01
2026-01-28,106.3,128.08,1.1215330362319946,143.6459512805939,-0.259986104360459,12,0501.HK,0.0,2026-01
2026-01-29,105.1,122.88,1.1216219663619995,137.8249072265625,-0.2374382677636625,13,0501.HK,0.0,2026-01
2026-01-30,104.8,121.2,1.1233439445495605,136.14928607940675,-0.23025670557774958,14,0501.HK,0.0,2026-01
2026-02-02,104.6,117.95,1.1235729455947876,132.5254289329052,-0.21071751404813988,15,0501.HK,0.0,2026-01
2026-02-03,104.8,118.43,1.1242749691009521,133.14788459062578,-0.2129052570214217,16,0501.HK,0.0,2026-01
2026-02-04,105.2,117.29,1.1260110139846802,132.06983183026315,-0.2034517001944578,17,0501.HK,0.0,2026-01
2026-02-05,105.0,117.63,1.125892996788025,132.43879321217537,-0.20718093654188374,18,0501.HK,0.0,2026-01
2026-02-06,104.8,115.95,1.126062035560608,130.5668930232525,-0.19734629833508954,19,0501.HK,0.0,2026-01
2026-02-09,104.3,117.01,1.1257539987564087,131.7244753944874,-0.20819574579710265,20,0501.HK,0.0,2026-01
2026-02-10,104.7,117.83,1.1290030479431152,133.03042913913725,-0.2129620217153949,21,0501.HK,0.0,2026-01
2026-02-11,103.9,117.29,1.1309620141983032,132.650534645319,-0.21673892775624448,22,0501.HK,0.0,2026-01
2026-02-12,100.4,117.05,1.1306719779968262,132.3451550245285,-0.24137759344955145,23,0501.HK,0.0,2026-01
2026-02-13,101.2,115.82,1.1324909925460815,131.16510675668715,-0.22845334020329644,24,0501.HK,0.0,2026-01
2026-02-24,103.7,117.28,1.1316310167312622,132.71768564224243,-0.21864219151969944,28,0501.HK,0.0,2026-01
2026-02-25,102.7,117.84,1.1362340450286865,133.89381986618042,-0.23297430678545838,29,0501.HK,0.0,2026-01
2026-02-26,109.8,122.6,1.138198971748352,139.54319393634796,-0.21314686225338364,30,0501.HK,0.0,2026-01
2026-02-27,111.0,123.0,1.1433969736099243,140.6378277540207,-0.2107386627576333,31,0501.HK,0.0,2026-01
2026-03-02,104.4,118.93,1.140552043914795,135.64585458278657,-0.23034876133068094,32,0501.HK,0.0,2026-01
2026-03-03,98.7,116.35,1.1363999843597412,132.22013818025587,-0.2535176459622045,33,0501.HK,0.0,2026-01
2026-03-04,97.2,113.52,1.1309289932250977,128.38305931091307,-0.2428907636123171,34,0501.HK,0.0,2026-01
2026-03-05,99.3,114.17,1.1331690549850464,129.37391100764276,-0.23245730745409832,35,0501.HK,0.0,2026-01
2026-03-06,100.3,115.05,1.1334420442581177,130.40250719189643,-0.23084300938783708,36,0501.HK,0.0,2026-01
2026-03-09,96.1,112.2,1.1332310438156128,127.14852311611176,-0.24419098511870496,37,0501.HK,0.0,2026-01
2026-03-10,100.3,114.08,1.1315950155258179,129.0923593711853,-0.22303689785696212,38,0501.HK,0.0,2026-01
2026-03-11,98.65,114.3,1.1375850439071655,130.02597051858902,-0.24130541301442066,39,0501.HK,0.0,2026-01
2026-03-12,96.5,112.82,1.1396000385284424,128.56967634677886,-0.2494342154232414,40,0501.HK,0.0,2026-01
2026-03-13,94.3,111.73,1.1393100023269653,127.29510655999184,-0.2592016885145687,41,0501.HK,0.0,2026-01
2026-03-16,97.5,110.3,1.134883999824524,125.17770518064499,-0.2211073061349309,42,0501.HK,0.0,2026-01
2026-03-17,94.1,108.92,1.1253759860992432,122.57595240592957,-0.23231271588759084,43,0501.HK,0.0,2026-01
2026-03-18,95.05,108.28,1.1378190517425537,123.20304692268371,-0.22850933987331667,44,0501.HK,0.0,2026-01
2026-03-19,91.0,105.84,1.1400790214538574,120.66596363067627,-0.2458519597247426,45,0501.HK,0.0,2026-01
2026-03-20,89.15,103.55,1.1349090337753296,117.51983044743538,-0.2414046237083768,46,0501.HK,0.0,2026-01
2026-03-23,84.55,98.62,1.137529969215393,112.18320556402207,-0.24632212482332771,47,0501.HK,0.0,2026-01
2026-03-24,86.6,99.98,1.1384819746017456,113.82542782068253,-0.2391858158756296,48,0501.HK,0.0,2026-01
2026-03-25,90.1,102.35,1.1355489492416382,116.22343495488167,-0.22476908349011437,49,0501.HK,0.0,2026-01
2026-03-26,86.15,100.0,1.132627010345459,113.2627010345459,-0.2393789022060876,50,0501.HK,0.0,2026-01
2026-03-27,86.6,101.02,1.1321159601211548,114.36635429143905,-0.24278429144188884,51,0501.HK,0.0,2026-01
2026-03-30,85.8,100.32,1.1335409879684448,113.71683191299438,-0.24549428121910544,52,0501.HK,0.0,2026-01
2026-03-31,80.0,94.96,1.1366699934005737,107.93818257331847,-0.2588350285992733,53,0501.HK,0.0,2026-01
2026-04-01,81.5,96.05,1.140197992324829,109.51601716279983,-0.2558166183230799,54,0501.HK,0.0,2026-01
2026-04-02,76.65,91.35,1.1380009651184082,103.95638816356659,-0.26267157455107315,55,0501.HK,0.0,2026-01
2026-04-08,81.8,95.45,1.146731972694397,109.45556679368019,-0.2526647808220659,56,0501.HK,0.0,2026-01
2026-04-09,80.3,94.24,1.1465580463409424,108.05163028717041,-0.25683675677465023,57,0501.HK,0.0,2026-01
2026-04-10,80.2,95.35,1.1465580463409424,109.32430971860884,-0.26640286861698237,58,0501.HK,0.0,2026-01
2026-04-13,79.65,94.83,1.1462260484695435,108.6966161763668,-0.26722649883816907,59,0501.HK,0.0,2026-01
2026-04-14,80.5,94.66,1.149266004562378,108.78951999187468,-0.260039018409012,60,0501.HK,0.0,2026-01
2026-04-15,78.65,92.31,1.148550033569336,106.0226535987854,-0.25817740520219323,61,0501.HK,0.0,2026-01
2026-04-16,80.1,93.71,1.1466050148010254,107.44835593700408,-0.25452558765104005,62,0501.HK,0.0,2026-01
2026-04-17,78.55,93.04,1.1466050148010254,106.68013057708741,-0.26368669052912797,63,0501.HK,0.0,2026-01
2026-04-20,81.15,93.78,1.148368000984192,107.69395113229751,-0.24647578488126387,64,0501.HK,0.0,2026-01
2026-04-21,83.45,92.85,1.1478389501571655,106.57684652209281,-0.21699691140043942,65,0501.HK,0.0,2026-01
2026-04-22,84.75,94.2,1.1475130319595337,108.09572761058807,-0.21597271350714642,66,0501.HK,0.0,2026-01
2026-04-23,81.75,92.44,1.1473690271377563,106.0627928686142,-0.22923017781298471,67,0501.HK,0.0,2026-01
2026-04-24,87.75,95.12,1.1473690271377563,109.13774186134339,-0.19597017032399244,68,0501.HK,0.0,2026-01
2026-04-27,95.85,104.63,1.1485220193862915,120.16985888838768,-0.20237902510125838,69,0501.HK,0.0,2026-01
2026-04-28,93.15,103.89,1.1459360122680664,119.05129231452942,-0.2175641424042596,70,0501.HK,0.0,2026-01
2026-04-29,90.7,101.59,1.145792007446289,116.4010100364685,-0.22079713937547762,71,0501.HK,0.0,2026-01
2026-04-30,85.7,98.3,1.1469759941101074,112.74774022102356,-0.23989607390800805,72,0501.HK,0.0,2026-01
2026-05-06,88.0,100.9,1.1501250267028809,116.04761519432068,-0.2416905780214027,75,0501.HK,0.0,2026-01
2026-05-07,89.8,100.26,1.1517200469970703,115.47145191192628,-0.22231860331596687,76,0501.HK,0.0,2026-01
2026-05-08,87.6,99.18,1.1517200469970703,114.22759426116944,-0.23310999792474174,77,0501.HK,0.0,2026-01
2026-05-11,90.7,101.38,1.1520789861679077,116.79776761770248,-0.22344406190300303,78,0501.HK,0.0,2026-01
2026-05-12,91.95,103.31,1.1525379419326782,119.06869478106499,-0.22775671498649508,79,0501.HK,0.0,2026-01
2026-05-13,94.8,103.51,1.152662992477417,119.31214635133743,-0.20544552336823052,80,0501.HK,0.0,2026-01
2026-05-14,90.0,100.5,1.1543200016021729,116.00916016101837,-0.22419919362331542,81,0501.HK,0.0,2026-01
2026-05-15,91.8,101.39,1.1543200016021729,117.03650496244431,-0.21562934548107382,82,0501.HK,0.0,2026-01
2026-05-18,89.25,99.79,1.1515320539474487,114.91138366341592,-0.2233145476568278,83,0501.HK,0.0,2026-01
2026-05-19,90.0,102.62,1.1492929458618164,117.94044210433961,-0.23690297921404468,84,0501.HK,0.0,2026-01
2026-05-20,90.0,101.3,1.151231050491333,116.61970541477203,-0.22826078423106833,85,0501.HK,0.0,2026-01
2026-05-21,94.5,102.66,1.151487946510315,118.21175258874892,-0.20058709958594878,86,0501.HK,0.0,2026-01
2026-05-22,97.9,104.25,1.151487946510315,120.04261842370033,-0.18445630988776107,87,0501.HK,0.0,2026-01
2026-05-26,95.55,106.07,1.1545629501342773,122.46449212074279,-0.21977384345992046,88,0501.HK,0.0,2026-01
2026-05-27,94.9,104.96,1.155385971069336,121.2693115234375,-0.21744422551901055,89,0501.HK,0.0,2026-01
2026-05-28,91.7,101.9,1.155282974243164,117.72333507537843,-0.22105502752462491,90,0501.HK,0.0,2026-01
2026-05-29,83.95,95.0,1.155282974243164,109.75188255310059,-0.2350928471829813,91,0501.HK,0.0,2026-01
2026-06-01,81.5,92.23,1.1584069728851318,106.83987510919572,-0.2371761955290297,92,0501.HK,0.0,2026-01
2026-06-02,82.3,92.65,1.1587949991226196,107.36235666871072,-0.23343709514542355,93,0501.HK,0.0,2026-01
2026-06-03,85.75,100.91,1.157420039176941,116.79525615334511,-0.26580922184531675,94,0501.HK,0.0,2026-01
2026-06-04,84.4,98.86,1.156491994857788,114.33079861164093,-0.26179121439805486,95,0501.HK,0.0,2026-01
2026-06-05,80.7,95.39,1.156491994857788,110.3177713894844,-0.2684768828851414,96,0501.HK,0.0,2026-01
2026-06-08,78.7,92.02,1.1580270528793335,106.56164940595626,-0.2614603805522452,97,0501.HK,0.0,2026-01
2026-06-09,78.15,93.32,1.1571120023727417,107.98169206142424,-0.2762662030194414,98,0501.HK,0.0,2026-01
2026-06-10,75.9,90.18,1.1569290161132812,104.33185867309571,-0.2725136792797068,99,0501.HK,0.0,2026-01
2026-06-11,73.6,85.17,1.1563459634780884,98.48598570942879,-0.2526855524688756,100,0501.HK,0.0,2026-01
2026-06-12,73.2,86.01,1.1563459634780884,99.45731631875039,-0.26400588001588954,101,0501.HK,0.0,2026-01
2026-06-15,75.15,88.72,1.1586040258407593,102.79134917259216,-0.26890734867367927,102,0501.HK,0.0,2026-01
2026-06-16,71.55,88.2,1.158974051475525,102.2215113401413,-0.30004948017332755,103,0501.HK,0.0,2026-01
2026-06-17,71.9,90.12,1.1593559980392456,104.48116254329682,-0.3118376724588534,104,0501.HK,0.0,2026-01
2026-06-18,71.2,89.97,1.1576859951019287,104.15700897932052,-0.31641662238845447,105,0501.HK,0.0,2026-01
2026-06-22,71.55,90.56,1.156896948814392,104.76858768463136,-0.3170662926623018,106,0501.HK,0.0,2026-01
2026-06-23,68.8,87.7,1.1545089483261108,101.25043476819992,-0.3204967449521683,107,0501.HK,0.0,2026-01
2026-06-24,74.05,90.3,1.1541520357131958,104.21992882490157,-0.28948329906835424,108,0501.HK,0.0,2026-01
2026-06-25,72.0,89.71,1.154500961303711,103.5702812385559,-0.304819885212432,109,0501.HK,0.0,2026-01
2026-06-26,71.3,86.72,1.154500961303711,100.1183233642578,-0.2878426485370602,110,0501.HK,0.0,2026-01
2026-06-29,73.1,88.3,1.153959035873413,101.89458286762238,-0.2825918911217412,111,0501.HK,0.0,2026-01
2026-06-30,78.35,94.85,1.1542860269546509,109.48402965664863,-0.28437051279796366,112,0501.HK,0.0,2026-01
2026-07-02,80.0,101.27,1.1552209854125977,116.98922919273376,-0.31617636467880217,113,0501.HK,0.0,2026-01
2026-07-03,80.4,102.3,1.1552209854125977,118.17910680770873,-0.3196766994455269,114,0501.HK,0.0,2026-01
2026-07-06,77.5,97.0,1.1538079977035522,111.91937577724457,-0.30753723864355853,115,0501.HK,0.0,2026-01
2026-07-07,77.85,99.46,1.1541539430618286,114.79215117692947,-0.3218177444901301,116,0501.HK,0.0,2026-01
2026-07-08,78.35,100.95,1.1521199941635132,116.30651341080666,-0.32634899196694445,117,0501.HK,0.0,2026-01
2026-07-09,82.0,107.14,1.1535500288009644,123.59135008573533,-0.33652314710441633,118,0501.HK,0.0,2026-01
2026-07-10,78.65,103.21,1.1535500288009644,119.05789847254752,-0.33939704119558944,119,0501.HK,0.0,2026-01
2026-07-13,77.55,102.49,1.1558259725570679,118.46060392737388,-0.34535197838815224,120,0501.HK,0.0,2026-01
2026-07-14,78.9,106.15,1.1575560569763184,122.8745754480362,-0.35788180986743745,121,0501.HK,0.0,2026-01
2026-07-15,85.0,111.12,1.1579129695892334,128.66728918075563,-0.33938143454169245,122,0501.HK,0.0,2026-01
2026-07-16,88.35,109.85,1.157472014427185,127.14830078482628,-0.30514211000337976,123,0501.HK,0.0,2026-01
2026-07-17,84.9,104.12,1.157472014427185,120.51598614215851,-0.2955291433299688,124,0501.HK,0.0,2026-01
2026-07-20,83.55,101.16,1.1575069427490234,117.09340232849121,-0.28646705673808415,125,0501.HK,0.0,2026-01
2026-07-21,84.55,102.42,1.1589380502700806,118.69843510866166,-0.28769069345691634,126,0501.HK,0.0,2026-01
2026-07-22,81.4,101.98,1.157410979270935,118.03277166604997,-0.3103610221887785,127,0501.HK,0.0,2026-01
2026-07-23,79.5,96.66,1.15762197971344,111.8957405591011,-0.2895171916038244,128,0501.HK,0.0,2026-01
2026-07-24,80.9,96.9,1.15762197971344,112.17356983423234,-0.27879624300490513,129,0501.HK,0.0,2026-01
2026-07-27,79.95,95.31,1.1586990356445312,110.43560508728028,-0.2760486988158092,130,0501.HK,0.0,2026-01
2026-07-28,76.3,91.8,1.1579099893569946,106.2961370229721,-0.2821940463978434,131,0501.HK,0.0,2026-01
2026-07-29,78.85,91.69,1.1589430570602417,106.26348890185356,-0.2579765560603139,132,0501.HK,0.0,2026-01
2026-07-30,77.05,88.5,1.1609450578689575,102.74363762140274,-0.2500752184391265,133,0501.HK,0.0,2026-01
2026-07-31,76.55,88.7,1.1609450578689575,102.97582663297653,-0.2566216508964061,134,0501.HK,0.0,2026-01
2026-08-03,76.8,88.22,1.1610649824142456,102.42915274858474,-0.2502134603367483,135,0501.HK,0.0,2026-01
2026-08-04,76.55,87.95,1.1611469984054565,102.1228785097599,-0.2504128250489521,136,0501.HK,0.0,2026-01
2026-08-05,77.9,90.83,1.1619360446929932,105.53865093946457,-0.2618817911109902,137,0501.HK,0.0,2026-01
2026-08-06,77.4,89.65,1.162284016609192,104.19876208901405,-0.2571888720340134,138,0501.HK,0.0,2026-01
2026-08-07,77.85,89.76,1.162284016609192,104.32661333084107,-0.25378580292718134,139,0501.HK,0.0,2026-01
2026-08-10,77.8,89.14,1.1625880002975464,103.63309434652328,-0.24927456339520115,140,0501.HK,0.0,2026-01
2026-08-11,80.0,93.26,1.163135051727295,108.47397492408753,-0.2624959115217659,141,0501.HK,0.0,2026-01
2026-08-12,79.1,91.52,1.1633410453796387,106.46897247314453,-0.25706054860300276,142,0501.HK,0.0,2026-01
2026-08-13,78.75,90.02,1.1635710000991821,104.74466142892837,-0.2481717070283943,143,0501.HK,0.0,2026-01
2026-08-14,77.6,91.08,1.1635710000991821,105.9780466890335,-0.2677728791539431,144,0501.HK,0.0,2026-01
2026-08-17,80.0,92.14,1.1637330055236816,107.22635912895203,-0.25391479623223245,145,0501.HK,0.0,2026-01
2026-08-18,78.25,90.54,1.163092017173767,105.30635123491288,-0.25692990895256385,146,0501.HK,0.0,2026-01
2026-08-19,75.35,86.9,1.1649320125579834,101.23259189128876,-0.255674495809447,147,0501.HK,0.0,2026-01
2026-08-20,73.85,85.99,1.1665550470352173,100.31206849455833,-0.26379745619535133,148,0501.HK,0.0,2026-01
2026-08-21,76.5,85.82,1.1665550470352173,100.11375413656233,-0.23586923035921203,149,0501.HK,0.0,2026-01
2026-08-24,72.65,82.5,1.1652530431747437,96.13337606191635,-0.24427911536979074,150,0501.HK,0.0,2026-01
2026-08-25,74.9,85.55,1.1662189960479736,99.77003511190414,-0.2492735928579095,151,0501.HK,0.0,2026-01
2026-08-26,74.35,84.0,1.165971040725708,97.94156742095947,-0.2408739010634915,152,0501.HK,0.0,2026-01
2026-08-27,75.6,84.54,1.1657999753952026,98.55672991991044,-0.23292909513704074,153,0501.HK,0.0,2026-01
2026-08-28,73.3,82.0,1.1657999753952026,95.59559798240662,-0.23322829139590606,154,0501.HK,0.0,2026-01
2026-08-31,72.55,83.27,1.1652239561080933,97.02819882512092,-0.25227922523058766,155,0501.HK,0.0,2026-01
2026-09-01,72.55,82.85,1.1664259433746338,96.63838940858841,-0.24926315055544213,156,0501.HK,0.0,2026-01
2026-09-02,71.2,80.61,1.1670570373535156,94.0764677810669,-0.24316886380454472,157,0501.HK,0.0,2026-01
2026-09-03,71.15,79.3,1.166767954826355,92.52469881772994,-0.23101614045604468,158,0501.HK,0.0,2026-01
2026-09-04,72.45,80.25,1.166767954826355,93.63312837481499,-0.22623540132097864,159,0501.HK,0.0,2026-01
2026-09-07,73.05,81.08,1.1681150197982788,94.71076580524445,-0.22870436767226543,160,0501.HK,0.0,2026-01
2026-09-08,71.7,80.47,1.168408989906311,94.02187141776085,-0.2374114775761017,161,0501.HK,0.0,2026-01
2026-09-09,71.25,80.01,1.1684629917144775,93.48872396707536,-0.23787600283117927,162,0501.HK,0.0,2026-01
2026-09-10,69.6,78.93,1.169165015220642,92.28219465136529,-0.24579166909777994,163,0501.HK,0.0,2026-01
2026-09-11,69.0,76.88,1.169165015220642,89.88540637016295,-0.23235592087277657,164,0501.HK,0.0,2026-01
2026-09-14,68.35,77.91,1.1691210269927979,91.08621921300887,-0.24961206436551386,165,0501.HK,0.0,2026-01
2026-09-15,67.0,77.52,1.1687699556350708,90.60304696083068,-0.2605105209213847,166,0501.HK,0.0,2026-01
2026-09-16,69.0,78.4,1.1693899631500244,91.68017311096192,-0.24738362004957992,167,0501.HK,0.0,2026-01
2026-09-17,69.5,78.62,1.16942298412323,91.94003501176834,-0.24407250887924958,168,0501.HK,0.0,2026-01
2026-09-18,72.0,81.27,1.16942298412323,95.0390059196949,-0.24241631840259537,169,0501.HK,0.0,2026-01
2026-09-21,71.95,80.78,1.1717050075531006,94.65033051013947,-0.23983361059375996,170,0501.HK,0.0,2026-01
2026-09-22,72.2,82.88,1.170611023902893,97.02024166107178,-0.255825395155974,171,0501.HK,0.0,2026-01
2026-09-23,72.7,82.77,1.16852605342865,96.71890144228935,-0.24833720280229865,172,0501.HK,0.0,2026-01
2026-09-24,70.9,81.4,1.1684240102767944,95.10971443653108,-0.2545451280130462,173,0501.HK,0.0,2026-01
2026-09-28,70.2,80.75,1.1688159704208374,94.38188961148262,-0.25621323869468937,175,0501.HK,0.0,2026-01
2026-09-29,70.5,80.36,1.1688159704208374,93.92605138301849,-0.24940951991572635,176,0501.HK,0.0,2026-01
2026-09-30,72.3,82.21,1.1686999797821045,96.0788253378868,-0.24749288154036253,177,0501.HK,0.0,2026-01
2026-01-13,222.8,263.5,1.1178920269012451,294.5645490884781,-0.24362928027337816,0,3986.HK,0.0,2026-01
2026-01-14,225.0,253.0,1.1178979873657227,282.82819080352783,-0.2044640268681679,1,3986.HK,0.0,2026-01
2026-01-15,233.0,254.96,1.1180720329284668,285.0636455154419,-0.18263867151948576,2,3986.HK,0.0,2026-01
2026-01-16,272.0,280.46,1.1190400123596191,313.8459618663788,-0.1333328031927805,3,3986.HK,0.0,2026-01
2026-01-19,290.0,288.45,1.1189160346984863,322.75133020877837,-0.10147543059727282,4,3986.HK,0.0,2026-01
2026-01-20,306.0,292.0,1.1186879873275757,326.6568922996521,-0.06323727674695112,5,3986.HK,0.0,2026-01
2026-01-21,324.8,307.65,1.1202499866485596,344.64490839242933,-0.05758073863616442,6,3986.HK,0.0,2026-01
2026-01-22,298.0,301.47,1.1194219589233398,337.4721379566193,-0.11696413871563316,7,3986.HK,0.0,2026-01
2026-01-23,315.8,297.25,1.1179779767990112,332.3189536035061,-0.04970812956764137,8,3986.HK,0.0,2026-01
2026-01-26,307.0,292.6,1.1179169416427612,327.10249712467197,-0.061456263102174,9,3986.HK,0.0,2026-01
2026-01-27,321.0,307.26,1.1211910247802734,344.4971542739868,-0.06820710703258503,10,3986.HK,0.0,2026-01
2026-01-28,344.2,323.68,1.1215330362319946,363.017813167572,-0.05183716193807153,11,3986.HK,0.0,2026-01
2026-01-29,331.8,307.5,1.1216219663619995,344.89875465631485,-0.03797855016718599,12,3986.HK,0.0,2026-01
2026-01-30,335.0,314.88,1.1233439445495605,353.71854125976563,-0.05291931034516795,13,3986.HK,0.0,2026-01
2026-02-02,304.0,283.39,1.1235729455947876,318.4093370521068,-0.04525412849230859,14,3986.HK,0.0,2026-01
2026-02-03,316.6,292.57,1.1242749691009521,328.92912770986555,-0.03748262671568736,15,3986.HK,0.0,2026-01
2026-02-04,304.4,282.33,1.1260110139846802,317.90668957829473,-0.042486333320671754,16,3986.HK,0.0,2026-01
2026-02-05,290.8,277.74,1.125892996788025,312.70552092790604,-0.07005159634823432,17,3986.HK,0.0,2026-01
2026-02-06,281.8,276.17,1.126062035560608,310.9845523607731,-0.09384566577093545,18,3986.HK,0.0,2026-01
2026-02-09,314.0,292.98,1.1257539987564087,329.82340655565264,-0.047975389984890815,19,3986.HK,0.0,2026-01
2026-02-10,302.0,289.9,1.1290030479431152,327.2979835987091,-0.07729342943256945,20,3986.HK,0.0,2026-01
2026-02-11,296.0,284.59,1.1309620141983032,321.86047962069506,-0.08034686225277188,21,3986.HK,0.0,2026-01
2026-02-12,358.0,303.24,1.1306719779968262,342.8649706077576,0.04414282790514967,22,3986.HK,0.0,2026-01
2026-02-13,370.0,308.7,1.1324909925460815,349.59996939897536,0.05835249538521392,23,3986.HK,0.0,2026-01
2026-02-24,432.2,323.05,1.1316310167312622,365.5733999550343,0.18225231937870978,27,3986.HK,0.0,2026-01
2026-02-25,412.6,311.32,1.1362340450286865,353.7323828983307,0.1664185128297655,28,3986.HK,0.0,2026-01
2026-02-26,425.6,309.4,1.138198971748352,352.1587618589401,0.20854582107622632,29,3986.HK,0.0,2026-01
2026-02-27,392.0,300.0,1.1433969736099243,343.0190920829773,0.1427935326269656,30,3986.HK,0.0,2026-01
2026-03-02,375.0,293.15,1.140552043914795,334.3528316736221,0.12156968470377882,31,3986.HK,0.0,2026-01
2026-03-03,346.0,272.89,1.1363999843597412,310.1121917319298,0.115725241460654,32,3986.HK,0.0,2026-01
2026-03-04,367.2,279.07,1.1309289932250977,315.608354139328,0.1634673011155352,33,3986.HK,0.0,2026-01
2026-03-05,373.6,282.8,1.1331690549850464,320.46020874977114,0.1658233683911836,34,3986.HK,0.0,2026-01
2026-03-06,391.6,284.99,1.1334420442581177,323.019648193121,0.21231015571497824,35,3986.HK,0.0,2026-01
2026-03-09,365.8,276.09,1.1332310438156128,312.87375888705253,0.16916164941801282,36,3986.HK,0.0,2026-01
2026-03-10,378.0,285.44,1.1315950155258179,323.00248123168944,0.17026964795623623,37,3986.HK,0.0,2026-01
2026-03-11,371.8,281.53,1.1375850439071655,320.26431741118427,0.16091609269929874,38,3986.HK,0.0,2026-01
2026-03-12,360.0,274.78,1.1396000385284424,313.13929858684537,0.14964810109951232,39,3986.HK,0.0,2026-01
2026-03-13,364.0,278.33,1.1393100023269653,317.10415294766426,0.1478878362721272,40,3986.HK,0.0,2026-01
2026-03-16,431.0,306.16,1.134883999824524,347.4560853862763,0.24044452846708864,41,3986.HK,0.0,2026-01
2026-03-17,403.4,296.0,1.1253759860992432,333.111291885376,0.2110066810308262,42,3986.HK,0.0,2026-01
2026-03-18,449.8,311.25,1.1378190517425537,354.14617985486984,0.27009699831953404,43,3986.HK,0.0,2026-01
2026-03-19,433.8,303.68,1.1400790214538574,346.2191972351074,0.25296345050854896,44,3986.HK,0.0,2026-01
2026-03-20,420.0,290.2,1.1349090337753296,329.35060160160066,0.27523677794295787,45,3986.HK,0.0,2026-01
2026-03-23,388.2,273.35,1.137529969215393,310.9438170850277,0.24845704809060898,46,3986.HK,0.0,2026-01
2026-03-24,401.6,273.71,1.1384819746017456,311.61390126824375,0.2887743401867504,47,3986.HK,0.0,2026-01
2026-03-25,407.6,278.4,1.1355489492416382,316.13682746887207,0.28931514643017575,48,3986.HK,0.0,2026-01
2026-03-26,376.8,262.0,1.132627010345459,296.74827671051025,0.2697630603852954,49,3986.HK,0.0,2026-01
2026-03-27,365.8,258.66,1.1321159601211548,292.8331142449379,0.24917566424550452,50,3986.HK,0.0,2026-01
2026-03-30,374.2,255.85,1.1335409879684448,290.0164617717266,0.29027158566790145,51,3986.HK,0.0,2026-01
2026-03-31,343.0,238.1,1.1366699934005737,270.6411254286766,0.26736097278900983,52,3986.HK,0.0,2026-01
2026-04-01,366.0,255.0,1.140197992324829,290.7504880428314,0.25881130058871404,53,3986.HK,0.0,2026-01
2026-04-02,346.0,246.99,1.1380009651184082,281.07485837459564,0.23098879067610167,54,3986.HK,0.0,2026-01
2026-04-08,366.0,255.96,1.146731972694397,293.51751573085784,0.2469443231987738,55,3986.HK,0.0,2026-01
2026-04-09,350.0,250.49,1.1465580463409424,287.2013250279427,0.21865733024019796,56,3986.HK,0.0,2026-01
2026-04-10,392.2,265.09,1.1465580463409424,303.9410725045204,0.2903817071125423,57,3986.HK,0.0,2026-01
2026-04-13,391.6,262.14,1.1462260484695435,300.4716963458061,0.30328415209303583,58,3986.HK,0.0,2026-01
2026-04-14,427.0,280.01,1.149266004562378,321.80597393751145,0.32688649242700274,59,3986.HK,0.0,2026-01
2026-04-15,407.6,274.0,1.148550033569336,314.70270919799805,0.29519062939987206,60,3986.HK,0.0,2026-01
2026-04-16,462.4,286.73,1.1466050148010254,328.76605589389806,0.40647123299501864,61,3986.HK,0.0,2026-01
2026-04-17,430.8,288.96,1.1466050148010254,331.3229850769043,0.3002418166068552,62,3986.HK,0.0,2026-01
2026-04-20,423.0,290.54,1.148368000984192,333.64683900594713,0.26780760537179904,63,3986.HK,0.0,2026-01
2026-04-21,441.0,306.27,1.1478389501571655,351.54863526463504,0.2544494723127817,64,3986.HK,0.0,2026-01
2026-04-22,450.0,313.98,1.1475130319595337,360.2961417746544,0.24897257512529913,65,3986.HK,0.0,2026-01
2026-04-23,451.6,304.8,1.1473690271377563,349.71807947158817,0.291325860768628,66,3986.HK,0.0,2026-01
2026-04-24,449.4,297.7,1.1473690271377563,341.57175937891003,0.31568254008222807,67,3986.HK,0.0,2026-01
2026-04-27,452.0,303.42,1.1485220193862915,348.4845511221886,0.29704458503101905,68,3986.HK,0.0,2026-01
2026-04-28,445.2,307.5,1.1459360122680664,352.3753237724304,0.26342558620114165,69,3986.HK,0.0,2026-01
2026-04-29,477.0,308.89,1.145792007446289,353.92369318008423,0.3477481423016566,70,3986.HK,0.0,2026-01
2026-04-30,468.4,312.99,1.1469759941101074,358.99201639652256,0.30476439198199734,71,3986.HK,0.0,2026-01
2026-05-06,533.5,344.29,1.1501250267028809,395.97654544353486,0.3473020211397233,74,3986.HK,0.0,2026-01
2026-05-07,518.5,350.16,1.1517200469970703,403.28629165649414,0.28568714267540996,75,3986.HK,0.0,2026-01
2026-05-08,490.0,334.1,1.1517200469970703,384.7896677017212,0.2734229661796299,76,3986.HK,0.0,2026-01
2026-05-11,529.0,362.13,1.1520789861679077,417.20236326098444,0.2679698069425356,77,3986.HK,0.0,2026-01
2026-05-12,505.0,353.55,1.1525379419326782,407.4797893702984,0.2393252700469024,78,3986.HK,0.0,2026-01
2026-05-13,548.0,365.0,1.152662992477417,420.7219922542572,0.30252283001365954,79,3986.HK,0.0,2026-01
2026-05-14,524.5,356.19,1.1543200016021729,411.1572413706779,0.2756676697495841,80,3986.HK,0.0,2026-01
2026-05-15,544.0,375.34,1.1543200016021729,433.2624694013595,0.255589944708682,81,3986.HK,0.0,2026-01
2026-05-18,588.0,400.0,1.1515320539474487,460.6128215789795,0.27656020947123783,82,3986.HK,0.0,2026-01
2026-05-19,602.0,404.56,1.1492929458618164,464.95795417785644,0.29474072782443894,83,3986.HK,0.0,2026-01
2026-05-20,704.5,445.02,1.151231050491333,512.320842089653,0.3751148540560778,84,3986.HK,0.0,2026-01
2026-05-21,689.0,431.9,1.151487946510315,497.327644097805,0.38540458825671187,85,3986.HK,0.0,2026-01
2026-05-22,778.0,468.74,1.151487946510315,539.7484600472451,0.4414121717584898,86,3986.HK,0.0,2026-01
2026-05-26,825.0,526.22,1.1545629501342773,607.5541156196595,0.3579037303673964,87,3986.HK,0.0,2026-01
2026-05-27,842.5,514.18,1.155385971069336,594.0763586044311,0.41816786309953646,88,3986.HK,0.0,2026-01
2026-05-28,790.0,483.0,1.155282974243164,558.0016765594482,0.41576635552605756,89,3986.HK,0.0,2026-01
2026-05-29,740.0,467.01,1.155282974243164,539.5287018013,0.3715674393769888,90,3986.HK,0.0,2026-01
2026-06-01,708.5,468.0,1.1584069728851318,542.1344633102417,0.30687135378544284,91,3986.HK,0.0,2026-01
2026-06-02,711.0,474.69,1.1587949991226196,550.0683981335163,0.2925665288399666,92,3986.HK,0.0,2026-01
2026-06-03,735.5,492.23,1.157420039176941,569.7168658840657,0.2909921472285679,93,3986.HK,0.0,2026-01
2026-06-04,786.0,529.31,1.156491994857788,612.1427777981758,0.2840141687649629,94,3986.HK,0.0,2026-01
2026-06-05,723.0,488.0,1.156491994857788,564.3680934906006,0.2810788000580713,95,3986.HK,0.0,2026-01
2026-06-08,695.0,474.01,1.1580270528793335,548.9164033353329,0.2661308639658644,96,3986.HK,0.0,2026-01
2026-06-09,707.0,500.5,1.1571120023727417,579.1345571875572,0.2207871059074662,97,3986.HK,0.0,2026-01
2026-06-10,654.0,480.84,1.1569290161132812,556.2977481079101,0.1756294218777561,98,3986.HK,0.0,2026-01
2026-06-11,687.0,483.5,1.1563459634780884,559.0932733416557,0.2287752916322101,99,3986.HK,0.0,2026-01
2026-06-12,653.5,481.47,1.1563459634780884,556.7458910357952,0.17378504362950764,100,3986.HK,0.0,2026-01
2026-06-15,723.0,518.0,1.1586040258407593,600.1568853855133,0.2046850042144861,101,3986.HK,0.0,2026-01
2026-06-16,736.0,532.76,1.158974051475525,617.4550156641006,0.1919896694148624,102,3986.HK,0.0,2026-01
2026-06-17,843.0,586.04,1.1593559980392456,679.4289890909195,0.24074776545513554,103,3986.HK,0.0,2026-01
2026-06-18,939.0,629.0,1.1576859951019287,728.1844909191132,0.28950837556948783,104,3986.HK,0.0,2026-01
2026-06-22,1044.0,689.7,1.156896948814392,797.9118255972862,0.30841524903895445,105,3986.HK,0.0,2026-01
2026-06-23,936.5,640.99,1.1545089483261108,740.0286907875538,0.2654914757471867,106,3986.HK,0.0,2026-01
2026-06-24,986.5,705.09,1.1541520357131958,813.7810588610173,0.212242518129782,107,3986.HK,0.0,2026-01
2026-06-25,1108.0,775.21,1.154500961303711,894.9806902122498,0.23801553722598356,108,3986.HK,0.0,2026-01
2026-06-26,1083.0,770.0,1.154500961303711,888.9657402038574,0.21826967117050722,109,3986.HK,0.0,2026-01
2026-06-29,1241.0,840.0,1.153959035873413,969.325590133667,0.2802715750327709,110,3986.HK,0.0,2026-01
2026-06-30,1188.0,815.0,1.1542860269546509,940.7431119680405,0.262831462581423,111,3986.HK,0.0,2026-01
2026-07-02,969.5,694.81,1.1552209854125977,802.6590928745269,0.20786023432186296,112,3986.HK,0.0,2026-01
2026-07-03,917.5,677.77,1.1552209854125977,782.9741272830963,0.17181394381919812,113,3986.HK,0.0,2026-01
2026-07-06,876.5,654.29,1.1538079977035522,754.9250348174571,0.16104243411657437,114,3986.HK,0.0,2026-01
2026-07-07,770.0,620.0,1.1541539430618286,715.5754446983337,0.07605704710089678,115,3986.HK,0.0,2026-01
2026-07-08,772.5,603.17,1.1521199941635132,694.9242168796062,0.11163200423310848,116,3986.HK,0.0,2026-01
2026-07-09,940.5,663.49,1.1535500288009644,765.3689086091518,0.228819186957961,117,3986.HK,0.0,2026-01
2026-07-10,742.5,612.0,1.1535500288009644,705.9726176261902,0.051740508713541855,118,3986.HK,0.0,2026-01
2026-07-13,629.0,550.8,1.1558259725570679,636.6289456844329,-0.011983347185433257,119,3986.HK,0.0,2026-01
2026-07-14,689.0,583.99,1.1575560569763184,676.0011617136001,0.019229017674243343,120,3986.HK,0.0,2026-01
2026-07-15,657.0,571.79,1.1579129695892334,662.0830568814278,-0.007677370427465968,121,3986.HK,0.0,2026-01
2026-07-16,600.0,514.61,1.157472014427185,595.6466733443738,0.007308572095574117,122,3986.HK,0.0,2026-01
2026-07-17,533.5,463.15,1.157472014427185,536.0831634819507,-0.00481858722287154,123,3986.HK,0.0,2026-01
2026-07-20,533.5,432.3,1.1575069427490234,500.3902513504028,0.06616785311113471,124,3986.HK,0.0,2026-01
2026-07-21,614.0,475.53,1.1589380502700806,551.1098110449313,0.11411553141437603,125,3986.HK,0.0,2026-01
2026-07-22,584.0,470.0,1.157410979270935,543.9831602573395,0.07356264433577309,126,3986.HK,0.0,2026-01
2026-07-23,559.5,451.96,1.15762197971344,523.1988299512863,0.06938312544027214,127,3986.HK,0.0,2026-01
2026-07-24,568.0,457.0,1.15762197971344,529.033244729042,0.07365653417662954,128,3986.HK,0.0,2026-01
2026-07-27,546.0,434.03,1.1586990356445312,502.9101424407959,0.08568102713155512,129,3986.HK,0.0,2026-01
2026-07-28,451.2,390.63,1.1579099893569946,452.3143791425228,-0.002463726987046888,130,3986.HK,0.0,2026-01
2026-07-29,436.6,364.03,1.1589430570602417,421.89004106163975,0.03486680771450379,131,3986.HK,0.0,2026-01
2026-07-30,428.2,371.1,1.1609450578689575,430.82671097517016,-0.0060969083584084816,132,3986.HK,0.0,2026-01
2026-07-31,459.0,378.6,1.1609450578689575,439.53379890918734,0.044288291683421965,133,3986.HK,0.0,2026-01
2026-08-03,424.6,340.74,1.1610649824142456,395.62128210783004,0.0732486324744066,134,3986.HK,0.0,2026-01
2026-08-04,459.8,356.02,1.1611469984054565,413.3915543723106,0.11226268446184262,135,3986.HK,0.0,2026-01
2026-08-05,486.0,385.44,1.1619360446929932,447.8566290664673,0.08516870904208895,136,3986.HK,0.0,2026-01
2026-08-06,494.4,385.0,1.162284016609192,447.4793463945389,0.10485546200850027,137,3986.HK,0.0,2026-01
2026-08-07,528.0,417.05,1.162284016609192,484.7305491268635,0.08926495545015056,138,3986.HK,0.0,2026-01
2026-08-10,501.0,403.03,1.1625880002975464,468.5578417599201,0.06923832096849769,139,3986.HK,0.0,2026-01
2026-08-11,490.0,402.29,1.163135051727295,467.9175999593735,0.04719292465712721,140,3986.HK,0.0,2026-01
2026-08-12,515.0,413.17,1.1633410453796387,480.6576197195053,0.07144873787819206,141,3986.HK,0.0,2026-01
2026-08-13,501.0,404.5,1.1635710000991821,470.66446954011917,0.06445256105590746,142,3986.HK,0.0,2026-01
2026-08-14,511.0,417.48,1.1635710000991821,485.7676211214066,0.05194331153719922,143,3986.HK,0.0,2026-01
2026-08-17,554.0,444.0,1.1637330055236816,516.6974544525146,0.07219417325562527,144,3986.HK,0.0,2026-01
2026-08-18,517.5,436.74,1.163092017173767,507.96880758047104,0.01876334191646012,145,3986.HK,0.0,2026-01
2026-08-19,496.8,403.71,1.1649320125579834,470.29470278978346,0.056358910812704055,146,3986.HK,0.0,2026-01
2026-08-20,490.2,403.5,1.1665550470352173,470.7049614787102,0.0414166837333656,147,3986.HK,0.0,2026-01
2026-08-21,503.0,409.06,1.1665550470352173,477.191007540226,0.05408524480126209,148,3986.HK,0.0,2026-01
2026-08-24,471.0,381.66,1.1652530431747437,444.7304764580727,0.0590684131907111,149,3986.HK,0.0,2026-01
2026-08-25,494.2,395.51,1.1662189960479736,461.25127512693405,0.07143335238260007,150,3986.HK,0.0,2026-01
2026-08-26,482.0,392.5,1.165971040725708,457.6436334848404,0.05322125062615224,151,3986.HK,0.0,2026-01
2026-08-27,516.0,411.2,1.1657999753952026,479.3769498825073,0.07639718623615255,152,3986.HK,0.0,2026-01
2026-08-28,486.0,396.82,1.1657999753952026,462.6127462363243,0.050554711157328125,153,3986.HK,0.0,2026-01
2026-08-31,486.2,406.0,1.1652239561080933,473.08092617988586,0.027731140898134,154,3986.HK,0.0,2026-01
2026-09-01,475.4,393.0,1.1664259433746338,458.4053957462311,0.03707330762567418,155,3986.HK,0.0,2026-01
2026-09-02,472.2,388.86,1.1670570373535156,453.8217995452881,0.040496513109608445,156,3986.HK,0.0,2026-01
2026-09-03,466.8,383.2,1.166767954826355,447.1054802894592,0.044048933817117275,157,3986.HK,0.0,2026-01
2026-09-04,464.8,371.88,1.166767954826355,433.8976670408249,0.07122032522075661,158,3986.HK,0.0,2026-01
2026-09-07,491.6,385.44,1.1681150197982788,450.2382532310486,0.09186635402950949,159,3986.HK,0.0,2026-01
2026-09-08,485.6,385.96,1.168408989906311,450.9591337442398,0.07681597657894801,160,3986.HK,0.0,2026-01
2026-09-09,480.4,381.87,1.1684629917144775,446.20096264600755,0.07664492060077466,161,3986.HK,0.0,2026-01
2026-09-10,476.4,380.64,1.169165015220642,445.03097139358516,0.07048729329598058,162,3986.HK,0.0,2026-01
2026-09-11,452.2,371.32,1.169165015220642,434.1343534517288,0.041613031552638624,163,3986.HK,0.0,2026-01
2026-09-14,420.0,356.88,1.1691210269927979,417.23591211318967,0.006624760253284512,164,3986.HK,0.0,2026-01
2026-09-15,436.8,363.11,1.1687699556350708,424.39205859065055,0.02923697830386973,165,3986.HK,0.0,2026-01
2026-09-16,450.0,373.14,1.1693899631500244,436.3461708498001,0.031291277573511245,166,3986.HK,0.0,2026-01
2026-09-17,466.6,369.88,1.16942298412323,432.5461733675003,0.07872876638205017,167,3986.HK,0.0,2026-01
2026-09-18,512.0,388.18,1.16942298412323,453.9466139769554,0.12788593247661417,168,3986.HK,0.0,2026-01
2026-09-21,513.5,391.71,1.1717050075531006,458.968568508625,0.11881299773657639,169,3986.HK,0.0,2026-01
2026-09-22,516.0,402.1,1.170611023902893,470.70269271135334,0.09623337191407177,170,3986.HK,0.0,2026-01
2026-09-23,516.0,398.72,1.16852605342865,465.91470802307134,0.10749884284496236,171,3986.HK,0.0,2026-01
2026-09-24,489.6,383.77,1.1684240102767944,448.4060824239254,0.09186743710833456,172,3986.HK,0.0,2026-01
2026-09-28,448.2,358.51,1.1688159704208374,419.0322135555744,0.06960750391224324,174,3986.HK,0.0,2026-01
2026-09-29,466.0,367.57,1.1688159704208374,429.6216862475872,0.08467522687262186,175,3986.HK,0.0,2026-01
2026-09-30,449.6,353.9,1.1686999797821045,413.60292284488673,0.0870329370680325,176,3986.HK,0.0,2026-01
2026-01-22,32.1,48.16,1.1194219589233398,53.91136154174804,-0.404578198694865,0,9611.HK,0.0,2026-01
2026-01-23,31.1,49.42,1.1179779767990112,55.250471613407136,-0.43710887723077385,1,9611.HK,0.0,2026-01
2026-01-26,31.0,46.95,1.1179169416427612,52.486200410127644,-0.4093685624456387,2,9611.HK,0.0,2026-01
2026-01-27,31.0,48.22,1.1211910247802734,54.06383121490478,-0.42660371447272394,3,9611.HK,0.0,2026-01
2026-01-28,31.0,47.43,1.1215330362319946,53.194311908483506,-0.41723092398802,4,9611.HK,0.0,2026-01
2026-01-29,30.5,46.41,1.1216219663619995,52.054475458860395,-0.4140753560353383,5,9611.HK,0.0,2026-01
2026-01-30,30.0,45.32,1.1233439445495605,50.909947566986084,-0.4107242015811011,6,9611.HK,0.0,2026-01
2026-02-02,29.84,43.57,1.1235729455947876,48.9540732395649,-0.39044908778125575,7,9611.HK,0.0,2026-01
2026-02-03,30.4,44.88,1.1242749691009521,50.45746061325074,-0.39751228796447613,8,9611.HK,0.0,2026-01
2026-02-04,30.14,45.08,1.1260110139846802,50.76057651042938,-0.40623211807282433,9,9611.HK,0.0,2026-01
2026-02-05,30.0,44.53,1.125892996788025,50.13601514697075,-0.40162775378025595,10,9611.HK,0.0,2026-01
2026-02-06,28.4,44.52,1.126062035560608,50.132281823158266,-0.4334987563466378,11,9611.HK,0.0,2026-01
2026-02-09,29.06,46.15,1.1257539987564087,51.95354704260826,-0.4406541679210614,12,9611.HK,0.0,2026-01
2026-02-10,29.0,45.7,1.1290030479431152,51.59543929100037,-0.43793481752449426,13,9611.HK,0.0,2026-01
2026-02-11,28.1,45.43,1.1309620141983032,51.37960430502891,-0.453090377396121,14,9611.HK,0.0,2026-01
2026-02-12,28.12,46.08,1.1306719779968262,52.10136474609375,-0.4602828517633356,15,9611.HK,0.0,2026-01
2026-02-13,30.36,46.83,1.1324909925460815,53.034553180932996,-0.42754302282092127,16,9611.HK,0.0,2026-01
2026-02-24,29.16,45.38,1.1316310167312622,51.35341553926468,-0.43217019367086995,20,9611.HK,0.0,2026-01
2026-02-25,29.86,45.6,1.1362340450286865,51.812272453308104,-0.42368866320408805,21,9611.HK,0.0,2026-01
2026-02-26,30.2,46.77,1.138198971748352,53.23356590867043,-0.4326887653588285,22,9611.HK,0.0,2026-01
2026-02-27,29.24,47.0,1.1433969736099243,53.73965775966644,-0.45589530676271484,23,9611.HK,0.0,2026-01
2026-03-02,27.02,45.19,1.140552043914795,51.54154686450958,-0.47576272650432616,24,9611.HK,0.0,2026-01
2026-03-03,24.8,42.64,1.1363999843597412,48.45609533309936,-0.4881964832387221,25,9611.HK,0.0,2026-01
2026-03-04,24.3,41.84,1.1309289932250977,47.31806907653809,-0.4864541078230775,26,9611.HK,0.0,2026-01
2026-03-05,24.66,42.32,1.1331690549850464,47.95571440696716,-0.4857755680433088,27,9611.HK,0.0,2026-01
2026-03-06,25.8,42.91,1.1334420442581177,48.635998119115825,-0.4695287236254003,28,9611.HK,0.0,2026-01
2026-03-09,24.76,42.2,1.1332310438156128,47.822350049018866,-0.48225045455481574,29,9611.HK,0.0,2026-01
2026-03-10,25.2,43.13,1.1315950155258179,48.80569301962853,-0.4836667929320225,30,9611.HK,0.0,2026-01
2026-03-11,24.56,42.77,1.1375850439071655,48.65451232790947,-0.49521639772120885,31,9611.HK,0.0,2026-01
2026-03-12,24.42,41.98,1.1396000385284424,47.84040961742401,-0.48955286555268196,32,9611.HK,0.0,2026-01
2026-03-13,23.76,41.47,1.1393100023269653,47.24718579649925,-0.4971129052566665,33,9611.HK,0.0,2026-01
2026-03-16,24.78,41.82,1.134883999824524,47.46084887266159,-0.47788544476974615,34,9611.HK,0.0,2026-01
2026-03-17,23.8,40.6,1.1253759860992432,45.690265035629274,-0.47910129255234657,35,9611.HK,0.0,2026-01
2026-03-18,24.14,40.98,1.1378190517425537,46.62782474040985,-0.48228337619449035,36,9611.HK,0.0,2026-01
2026-03-19,23.9,39.96,1.1400790214538574,45.55755769729614,-0.4753889100288957,37,9611.HK,0.0,2026-01
2026-03-20,23.6,39.18,1.1349090337753296,44.46573594331741,-0.4692542583780904,38,9611.HK,0.0,2026-01
2026-03-23,21.7,36.98,1.137529969215393,42.065858261585234,-0.4841422261003395,39,9611.HK,0.0,2026-01
2026-03-24,22.16,37.66,1.1384819746017456,42.87523116350174,-0.48315147467090336,40,9611.HK,0.0,2026-01
2026-03-25,23.78,38.52,1.1355489492416382,43.7413455247879,-0.4563495997962832,41,9611.HK,0.0,2026-01
2026-03-26,22.62,37.86,1.132627010345459,42.88125861167908,-0.47249682653113056,42,9611.HK,0.0,2026-01
2026-03-27,22.76,38.17,1.1321159601211548,43.21286619782448,-0.4733050130068476,43,9611.HK,0.0,2026-01
2026-03-30,22.38,37.83,1.1335409879684448,42.88185557484626,-0.4781009426950332,44,9611.HK,0.0,2026-01
2026-03-31,23.14,37.7,1.1366699934005737,42.85245875120163,-0.4600076477676761,45,9611.HK,0.0,2026-01
2026-04-01,23.78,38.17,1.140197992324829,43.52135736703873,-0.4536016007163879,46,9611.HK,0.0,2026-01
2026-04-02,23.2,37.22,1.1380009651184082,42.356395921707154,-0.45226690101576206,47,9611.HK,0.0,2026-01
2026-04-08,24.5,38.72,1.146731972694397,44.40146198272705,-0.4482163670752344,48,9611.HK,0.0,2026-01
2026-04-09,23.82,38.36,1.1465580463409424,43.98196665763855,-0.45841439548581275,49,9611.HK,0.0,2026-01
2026-04-10,24.12,38.55,1.1465580463409424,44.19981268644332,-0.4542963299163951,50,9611.HK,0.0,2026-01
2026-04-13,23.74,38.34,1.1462260484695435,43.9463066983223,-0.45979533245039916,51,9611.HK,0.0,2026-01
2026-04-14,25.6,39.29,1.149266004562378,45.15466131925583,-0.4330596387601938,52,9611.HK,0.0,2026-01
2026-04-15,24.52,38.75,1.148550033569336,44.50631380081177,-0.44906693217192994,53,9611.HK,0.0,2026-01
2026-04-16,25.0,39.03,1.1466050148010254,44.751993727684024,-0.4413656707201683,54,9611.HK,0.0,2026-01
2026-04-17,24.94,38.95,1.1466050148010254,44.66026532649994,-0.4415617592580351,55,9611.HK,0.0,2026-01
2026-04-20,24.82,39.01,1.148368000984192,44.79783571839332,-0.4459553770404743,56,9611.HK,0.0,2026-01
2026-04-21,23.86,38.76,1.1478389501571655,44.49023770809173,-0.46370257321281017,57,9611.HK,0.0,2026-01
2026-04-22,22.8,38.29,1.1475130319595337,43.93827399373055,-0.48109022208625485,58,9611.HK,0.0,2026-01
2026-04-23,21.62,37.49,1.1473690271377563,43.01486482739449,-0.4973830538174546,59,9611.HK,0.0,2026-01
2026-04-24,20.78,36.52,1.1473690271377563,41.90191687107087,-0.5040799669394949,60,9611.HK,0.0,2026-01
2026-04-27,22.38,38.24,1.1485220193862915,43.91948202133179,-0.49043114877516125,61,9611.HK,0.0,2026-01
2026-04-28,21.2,36.63,1.1459360122680664,41.975636129379275,-0.49494511686121057,62,9611.HK,0.0,2026-01
2026-04-29,21.98,36.1,1.145792007446289,41.363091468811035,-0.46860838444405073,63,9611.HK,0.0,2026-01
2026-04-30,21.84,36.81,1.1469759941101074,42.220186343193056,-0.4827118994106204,64,9611.HK,0.0,2026-01
2026-05-06,21.68,36.8,1.1501250267028809,42.32460098266601,-0.48776835465314805,67,9611.HK,0.0,2026-01
2026-05-07,22.8,37.49,1.1517200469970703,43.17798456192017,-0.47195312075524853,68,9611.HK,0.0,2026-01
2026-05-08,24.04,39.44,1.1517200469970703,45.42383865356445,-0.47076247378944147,69,9611.HK,0.0,2026-01
2026-05-11,25.68,40.23,1.1520789861679077,46.348137613534924,-0.44593242960207446,70,9611.HK,0.0,2026-01
2026-05-12,25.2,39.46,1.1525379419326782,45.47914718866348,-0.44589990011330805,71,9611.HK,0.0,2026-01
2026-05-13,26.56,40.14,1.152662992477417,46.26789251804352,-0.4259518090295089,72,9611.HK,0.0,2026-01
2026-05-14,26.58,39.48,1.1543200016021729,45.57255366325378,-0.41675421139649504,73,9611.HK,0.0,2026-01
2026-05-15,26.38,39.29,1.1543200016021729,45.35323286294937,-0.4183435593286948,74,9611.HK,0.0,2026-01
2026-05-18,26.12,38.93,1.1515320539474487,44.82914286017418,-0.41734330987611223,75,9611.HK,0.0,2026-01
2026-05-19,25.24,38.86,1.1492929458618164,44.66152387619019,-0.4348603045885797,76,9611.HK,0.0,2026-01
2026-05-20,26.64,38.19,1.151231050491333,43.96551381826401,-0.39407054105817596,77,9611.HK,0.0,2026-01
2026-05-21,25.16,36.83,1.151487946510315,42.409301069974894,-0.4067339153152685,78,9611.HK,0.0,2026-01
2026-05-22,26.22,37.65,1.151487946510315,43.353521186113355,-0.3952048349789272,79,9611.HK,0.0,2026-01
2026-05-26,25.86,37.25,1.1545629501342773,43.00746989250183,-0.398709106472953,80,9611.HK,0.0,2026-01
2026-05-27,25.52,36.45,1.155385971069336,42.113818645477295,-0.39402313015515034,81,9611.HK,0.0,2026-01
2026-05-28,25.16,36.9,1.155282974243164,42.62994174957275,-0.4098044949767692,82,9611.HK,0.0,2026-01
2026-05-29,23.3,34.46,1.155282974243164,39.811051292419435,-0.4147353751384949,83,9611.HK,0.0,2026-01
2026-06-01,26.42,37.91,1.1584069728851318,43.915208342075346,-0.39838609453466056,84,9611.HK,0.0,2026-01
2026-06-02,26.56,39.67,1.1587949991226196,45.969397615194325,-0.42222431926710546,85,9611.HK,0.0,2026-01
2026-06-03,27.2,40.05,1.157420039176941,46.35467256903648,-0.4132198871755428,86,9611.HK,0.0,2026-01
2026-06-04,25.36,38.48,1.156491994857788,44.50181196212768,-0.43013556343319037,87,9611.HK,0.0,2026-01
2026-06-05,26.4,38.7,1.156491994857788,44.7562402009964,-0.4101381197026407,88,9611.HK,0.0,2026-01
2026-06-08,25.22,37.16,1.1580270528793335,43.03228528499603,-0.4139284067073844,89,9611.HK,0.0,2026-01
2026-06-09,25.32,36.5,1.1571120023727417,42.23458808660507,-0.4004913710042699,90,9611.HK,0.0,2026-01
2026-06-10,24.9,34.97,1.1569290161132812,40.45780769348144,-0.38454401215585676,91,9611.HK,0.0,2026-01
2026-06-11,25.3,35.39,1.1563459634780884,40.92308364748955,-0.38176701888025866,92,9611.HK,0.0,2026-01
2026-06-12,24.92,35.65,1.1563459634780884,41.22373359799385,-0.39549386178808577,93,9611.HK,0.0,2026-01
2026-06-15,25.66,37.26,1.1586040258407593,43.16958600282669,-0.405600044477614,94,9611.HK,0.0,2026-01
2026-06-16,25.2,38.21,1.158974051475525,44.28439850687981,-0.43095083483893204,95,9611.HK,0.0,2026-01
2026-06-17,25.06,37.89,1.1593559980392456,43.92799876570702,-0.4295210183905891,96,9611.HK,0.0,2026-01
2026-06-18,23.98,37.88,1.1576859951019287,43.85314549446106,-0.453174915285636,97,9611.HK,0.0,2026-01
2026-06-22,22.84,36.87,1.156896948814392,42.65479050278663,-0.4645384555690676,98,9611.HK,0.0,2026-01
2026-06-23,23.84,38.5,1.1545089483261108,44.44859451055527,-0.4636500824713663,99,9611.HK,0.0,2026-01
2026-06-24,24.2,40.61,1.1541520357131958,46.87011417031288,-0.48367951671583365,100,9611.HK,0.0,2026-01
2026-06-25,26.46,41.94,1.154500961303711,48.419770317077635,-0.4535290062979178,101,9611.HK,0.0,2026-01
2026-06-26,25.26,42.55,1.154500961303711,49.124015903472895,-0.48579122583065915,102,9611.HK,0.0,2026-01
2026-06-29,24.58,41.31,1.153959035873413,47.6700477719307,-0.4843722389874904,103,9611.HK,0.0,2026-01
2026-06-30,25.0,42.49,1.1542860269546509,49.04561328530312,-0.4902704171610097,104,9611.HK,0.0,2026-01
2026-07-02,23.18,39.66,1.1552209854125977,45.81606428146362,-0.4940639192053381,105,9611.HK,0.0,2026-01
2026-07-03,23.12,39.0,1.1552209854125977,45.05361843109131,-0.48683367052167803,106,9611.HK,0.0,2026-01
2026-07-06,22.24,39.29,1.1538079977035522,45.333116229772564,-0.509409415243467,107,9611.HK,0.0,2026-01
2026-07-07,21.7,38.1,1.1541539430618286,43.97326523065567,-0.5065183382181047,108,9611.HK,0.0,2026-01
2026-07-08,22.44,39.85,1.1521199941635132,45.911981767416,-0.5112386976959945,109,9611.HK,0.0,2026-01
2026-07-09,23.18,42.38,1.1535500288009644,48.887450220584874,-0.525849683397076,110,9611.HK,0.0,2026-01
2026-07-10,23.1,42.47,1.1535500288009644,48.991269723176956,-0.5284874196867003,111,9611.HK,0.0,2026-01
2026-07-13,22.06,40.31,1.1558259725570679,46.59134495377541,-0.5265215026119905,112,9611.HK,0.0,2026-01
2026-07-14,23.0,39.8,1.1575560569763184,46.07073106765747,-0.50076763561179,113,9611.HK,0.0,2026-01
2026-07-15,22.96,39.93,1.1579129695892334,46.23546487569809,-0.5034115032318395,114,9611.HK,0.0,2026-01
2026-07-16,22.7,41.49,1.157472014427185,48.02351387858391,-0.5273148887565459,115,9611.HK,0.0,2026-01
2026-07-17,21.34,39.7,1.157472014427185,45.95163897275925,-0.5355987190652625,116,9611.HK,0.0,2026-01
2026-07-20,21.2,38.04,1.1575069427490234,44.03156410217285,-0.5185272103710294,117,9611.HK,0.0,2026-01
2026-07-21,21.92,38.81,1.1589380502700806,44.97838573098183,-0.512654808665106,118,9611.HK,0.0,2026-01
2026-07-22,21.74,38.28,1.157410979270935,44.30569228649139,-0.509318128708522,119,9611.HK,0.0,2026-01
2026-07-23,21.6,37.19,1.15762197971344,43.05196142554283,-0.4982806988397822,120,9611.HK,0.0,2026-01
2026-07-24,21.14,36.67,1.15762197971344,42.449997996091845,-0.5020023322039673,121,9611.HK,0.0,2026-01
2026-07-27,21.58,37.1,1.1586990356445312,42.98773422241211,-0.49799633801706544,122,9611.HK,0.0,2026-01
2026-07-28,22.28,37.97,1.1579099893569946,43.96584229588508,-0.4932429623420347,123,9611.HK,0.0,2026-01
2026-07-29,22.14,37.56,1.1589430570602417,43.529901223182684,-0.49138409741649225,124,9611.HK,0.0,2026-01
2026-07-30,21.04,34.91,1.1609450578689575,40.528591970205305,-0.48086032656975586,125,9611.HK,0.0,2026-01
2026-07-31,21.4,36.43,1.1609450578689575,42.29322845816612,-0.49400883356143943,126,9611.HK,0.0,2026-01
2026-08-03,21.36,35.72,1.1610649824142456,41.473241171836854,-0.4849691175208922,127,9611.HK,0.0,2026-01
2026-08-04,21.54,35.8,1.1611469984054565,41.56906254291534,-0.48182617835650265,128,9611.HK,0.0,2026-01
2026-08-05,22.2,36.83,1.1619360446929932,42.794104526042936,-0.48123695434519753,129,9611.HK,0.0,2026-01
2026-08-06,21.84,36.58,1.162284016609192,42.516349327564235,-0.4863152564738038,130,9611.HK,0.0,2026-01
2026-08-07,22.2,37.04,1.162284016609192,43.05099997520447,-0.48433253553259514,131,9611.HK,0.0,2026-01
2026-08-10,23.24,39.22,1.1625880002975464,45.596701371669766,-0.49031400735406006,132,9611.HK,0.0,2026-01
2026-08-11,22.8,39.94,1.163135051727295,46.45561396598816,-0.5092089404588924,133,9611.HK,0.0,2026-01
2026-08-12,23.12,39.57,1.1633410453796387,46.0334051656723,-0.49775603354146647,134,9611.HK,0.0,2026-01
2026-08-13,25.78,40.9,1.1635710000991821,47.590053904056546,-0.4582901702113321,135,9611.HK,0.0,2026-01
2026-08-14,23.06,39.8,1.1635710000991821,46.31012580394744,-0.5020527454919075,136,9611.HK,0.0,2026-01
2026-08-17,24.12,40.3,1.1637330055236816,46.89844012260437,-0.4856971801845812,137,9611.HK,0.0,2026-01
2026-08-18,22.6,38.24,1.163092017173767,44.47663873672486,-0.49186807632252727,138,9611.HK,0.0,2026-01
2026-08-19,21.5,36.27,1.1649320125579834,42.25208409547806,-0.49114936078854887,139,9611.HK,0.0,2026-01
2026-08-20,22.88,36.6,1.1665550470352173,42.695914721488954,-0.46411734824633133,140,9611.HK,0.0,2026-01
2026-08-21,23.2,37.29,1.1665550470352173,43.500837703943255,-0.4666769371685693,141,9611.HK,0.0,2026-01
2026-08-24,22.28,36.18,1.1652530431747437,42.158855102062226,-0.47152265055437514,142,9611.HK,0.0,2026-01
2026-08-25,22.28,36.92,1.1662189960479736,43.05680533409119,-0.4825440525110368,143,9611.HK,0.0,2026-01
2026-08-26,22.4,36.97,1.165971040725708,43.10594937562942,-0.4803501529497882,144,9611.HK,0.0,2026-01
2026-08-27,23.16,38.1,1.1657999753952026,44.416979062557225,-0.47857777613868624,145,9611.HK,0.0,2026-01
2026-08-28,22.58,36.85,1.1657999753952026,42.95972909331322,-0.4743914713485792,146,9611.HK,0.0,2026-01
2026-08-31,23.1,37.35,1.1652239561080933,43.52111476063728,-0.46922315462165454,147,9611.HK,0.0,2026-01
2026-09-01,22.26,37.39,1.1664259433746338,43.61266602277756,-0.4895978157268742,148,9611.HK,0.0,2026-01
2026-09-02,21.6,37.15,1.1670570373535156,43.3561689376831,-0.501801000198006,149,9611.HK,0.0,2026-01
2026-09-03,22.02,37.13,1.166767954826355,43.32209416270256,-0.49171432208931043,150,9611.HK,0.0,2026-01
2026-09-04,22.8,37.31,1.166767954826355,43.53211239457131,-0.47624871053022266,151,9611.HK,0.0,2026-01
2026-09-07,22.52,37.85,1.1681150197982788,44.21315349936486,-0.4906493154729732,152,9611.HK,0.0,2026-01
2026-09-08,21.92,37.0,1.168408989906311,43.23113262653351,-0.49295799882544833,153,9611.HK,0.0,2026-01
2026-09-09,21.78,36.46,1.1684629917144775,42.60216067790985,-0.48875832461489666,154,9611.HK,0.0,2026-01
2026-09-10,21.28,35.81,1.169165015220642,41.8677991950512,-0.49173349425743607,155,9611.HK,0.0,2026-01
2026-09-11,20.58,35.11,1.169165015220642,41.049383684396744,-0.498652643405639,156,9611.HK,0.0,2026-01
2026-09-14,20.36,34.97,1.1691210269927979,40.88416231393814,-0.502007651675453,157,9611.HK,0.0,2026-01
2026-09-15,20.28,35.07,1.1687699556350708,40.98876234412193,-0.5052302426275066,158,9611.HK,0.0,2026-01
2026-09-16,20.54,35.44,1.1693899631500244,41.443180294036864,-0.504381665348317,159,9611.HK,0.0,2026-01
2026-09-17,20.42,35.14,1.16942298412323,41.093523662090305,-0.503084715540276,160,9611.HK,0.0,2026-01
2026-09-18,20.76,35.47,1.16942298412323,41.47943324685097,-0.49951100159797723,161,9611.HK,0.0,2026-01
2026-09-21,21.3,37.03,1.1717050075531006,43.38823642969132,-0.5090835269482388,162,9611.HK,0.0,2026-01
2026-09-22,21.84,39.3,1.170611023902893,46.00501323938369,-0.5252691291195337,163,9611.HK,0.0,2026-01
2026-09-23,21.46,38.43,1.16852605342865,44.906456233263015,-0.5221177131295389,164,9611.HK,0.0,2026-01
2026-09-24,21.32,37.33,1.1684240102767944,43.617268303632734,-0.5112027683259492,165,9611.HK,0.0,2026-01
2026-09-28,21.2,35.72,1.1688159704208374,41.75010646343231,-0.49221686372061213,167,9611.HK,0.0,2026-01
2026-09-29,21.2,35.42,1.1688159704208374,41.39946167230606,-0.48791604664314703,168,9611.HK,0.0,2026-01
2026-09-30,21.08,35.21,1.1686999797821045,41.1499262881279,-0.4877269073971159,169,9611.HK,0.0,2026-01
2026-02-03,251.8,253.96,1.1242749691009521,285.5208711528778,-0.11810299897418874,0,9980.HK,0.0,2026-02
2026-02-04,275.8,268.65,1.1260110139846802,302.50285890698433,-0.08827307947920948,1,9980.HK,0.0,2026-02
2026-02-05,275.8,274.51,1.125892996788025,309.0688865482807,-0.10764230240006267,2,9980.HK,0.0,2026-02
2026-02-06,268.4,275.79,1.126062035560608,310.5566487872601,-0.13574543952571627,3,9980.HK,0.0,2026-02
2026-02-09,258.0,274.0,1.1257539987564087,308.456595659256,-0.1635776195721037,4,9980.HK,0.0,2026-02
2026-02-10,250.0,270.73,1.1290030479431152,305.6549951696396,-0.18208436324998023,5,9980.HK,0.0,2026-02
2026-02-11,260.0,269.18,1.1309620141983032,304.43235498189927,-0.14595148726731455,6,9980.HK,0.0,2026-02
2026-02-12,262.8,267.9,1.1306719779968262,302.9070229053497,-0.1324070420047081,7,9980.HK,0.0,2026-02
2026-02-13,257.2,264.8,1.1324909925460815,299.8836148262024,-0.14233393461973476,8,9980.HK,0.0,2026-02
2026-02-24,249.0,260.9,1.1316310167312622,295.2425322651863,-0.156625577996504,12,9980.HK,0.0,2026-02
2026-02-25,252.0,260.49,1.1362340450286865,295.9776063895226,-0.14858423556424627,13,9980.HK,0.0,2026-02
2026-02-26,248.0,253.76,1.138198971748352,288.8293710708618,-0.14136156208588857,14,9980.HK,0.0,2026-02
2026-02-27,248.0,241.56,1.1433969736099243,276.1989729452133,-0.1020965887183326,15,9980.HK,0.0,2026-02
2026-03-02,233.8,237.29,1.140552043914795,270.64159450054166,-0.13612687498583265,16,9980.HK,0.0,2026-02
2026-03-03,229.0,234.98,1.1363999843597412,267.03126832485196,-0.14242252813099676,17,9980.HK,0.0,2026-02
2026-03-04,210.4,230.4,1.1309289932250977,260.5660400390625,-0.19252716137353088,18,9980.HK,0.0,2026-02
2026-03-05,223.6,234.31,1.1331690549850464,265.5128412735462,-0.15785617400841734,19,9980.HK,0.0,2026-02
2026-03-06,219.0,235.0,1.1334420442581177,266.35888040065765,-0.17780101917165414,20,9980.HK,0.0,2026-02
2026-03-09,213.6,235.84,1.1332310438156128,267.2612093734741,-0.20078188488059745,21,9980.HK,0.0,2026-02
2026-03-10,235.0,239.08,1.1315950155258179,270.54173631191253,-0.13137247064510527,22,9980.HK,0.0,2026-02
2026-03-11,229.0,237.53,1.1375850439071655,270.21057547926904,-0.15251281488955182,23,9980.HK,0.0,2026-02
2026-03-12,221.8,226.62,1.1396000385284424,258.2561607313156,-0.14116279212112903,24,9980.HK,0.0,2026-02
2026-03-13,214.4,227.2,1.1393100023269653,258.8512325286865,-0.1717250178585119,25,9980.HK,0.0,2026-02
2026-03-16,223.0,238.95,1.134883999824524,271.18053175807,-0.17766958212565787,26,9980.HK,0.0,2026-02
2026-03-17,218.2,237.5,1.1253759860992432,267.27679669857025,-0.18361787220129755,27,9980.HK,0.0,2026-02
2026-03-18,216.4,234.3,1.1378190517425537,266.59100382328035,-0.18826968316061898,28,9980.HK,0.0,2026-02
2026-03-19,214.0,229.95,1.1400790214538574,262.1611709833145,-0.18370825398235557,29,9980.HK,0.0,2026-02
2026-03-20,210.0,228.09,1.1349090337753296,258.86140151381494,-0.1887550682646184,30,9980.HK,0.0,2026-02
2026-03-23,208.4,219.46,1.137529969215393,249.64232704401016,-0.1652056665724776,31,9980.HK,0.0,2026-02
2026-03-24,228.8,224.5,1.1384819746017456,255.5892032980919,-0.10481351697335906,32,9980.HK,0.0,2026-02
2026-03-25,237.0,228.9,1.1355489492416382,259.927154481411,-0.0882060765338415,33,9980.HK,0.0,2026-02
2026-03-26,215.2,218.75,1.132627010345459,247.76215851306915,-0.13142506793002273,34,9980.HK,0.0,2026-02
2026-03-27,212.6,225.0,1.1321159601211548,254.72609102725983,-0.16537799821515597,35,9980.HK,0.0,2026-02
2026-03-30,215.2,227.99,1.1335409879684448,258.43600984692574,-0.1672987052869872,36,9980.HK,0.0,2026-02
2026-03-31,201.8,205.27,1.1366699934005737,233.3242495453358,-0.13510918649375314,37,9980.HK,0.0,2026-02
2026-04-01,216.6,210.4,1.140197992324829,239.89765758514406,-0.09711498569707921,38,9980.HK,0.0,2026-02
2026-04-02,203.6,206.88,1.1380009651184082,235.4296396636963,-0.13519809871502975,39,9980.HK,0.0,2026-02
2026-04-08,206.8,206.33,1.146731972694397,236.60520792603495,-0.12597021083049165,40,9980.HK,0.0,2026-02
2026-04-09,205.0,201.61,1.1465580463409424,231.1575677227974,-0.11315903684436324,41,9980.HK,0.0,2026-02
2026-04-10,199.0,200.12,1.1465580463409424,229.4491962337494,-0.13270561297904726,42,9980.HK,0.0,2026-02
2026-04-13,200.0,193.95,1.1462260484695435,222.31054210066793,-0.10035755340187669,43,9980.HK,0.0,2026-02
2026-04-14,201.0,191.23,1.149266004562378,219.7741380524635,-0.08542469199893676,44,9980.HK,0.0,2026-02
2026-04-15,206.0,193.5,1.148550033569336,222.2444314956665,-0.07309263672589816,45,9980.HK,0.0,2026-02
2026-04-16,207.0,194.26,1.1466050148010254,222.73949017524717,-0.07066322259633273,46,9980.HK,0.0,2026-02
2026-04-17,208.6,199.8,1.1466050148010254,229.09168195724487,-0.08944751630514991,47,9980.HK,0.0,2026-02
2026-04-20,215.0,203.71,1.148368000984192,233.93404548048974,-0.0809375370805907,48,9980.HK,0.0,2026-02
2026-04-21,210.0,201.33,1.1478389501571655,231.09441583514214,-0.09128050869991788,49,9980.HK,0.0,2026-02
2026-04-22,205.6,201.4,1.1475130319595337,231.10912463665008,-0.11037696878803704,50,9980.HK,0.0,2026-02
2026-04-23,205.6,204.18,1.1473690271377563,234.2698079609871,-0.12237944022970937,51,9980.HK,0.0,2026-02
2026-04-24,205.2,199.96,1.1473690271377563,229.42791066646578,-0.10560140915761318,52,9980.HK,0.0,2026-02
2026-04-27,207.0,197.75,1.1485220193862915,227.12022933363914,-0.08858845111538949,53,9980.HK,0.0,2026-02
2026-04-28,206.2,196.58,1.1459360122680664,225.2681012916565,-0.08464625564970196,54,9980.HK,0.0,2026-02
2026-04-29,224.0,208.33,1.145792007446289,238.70284891128543,-0.061594777684240265,55,9980.HK,0.0,2026-02
2026-04-30,202.2,203.84,1.1469759941101074,233.7995866394043,-0.13515672586770333,56,9980.HK,0.0,2026-02
2026-05-06,166.6,200.65,1.1501250267028809,230.77258660793305,-0.2780771648452245,59,9980.HK,0.0,2026-02
2026-05-07,172.6,201.45,1.1517200469970703,232.0140034675598,-0.2560793856387512,60,9980.HK,0.0,2026-02
2026-05-08,168.5,199.98,1.1517200469970703,230.3209749984741,-0.26841226683276964,61,9980.HK,0.0,2026-02
2026-05-11,167.5,197.75,1.1520789861679077,227.82361951470375,-0.2647821136509091,62,9980.HK,0.0,2026-02
2026-05-12,167.0,194.72,1.1525379419326782,224.4221880531311,-0.25586680421962826,63,9980.HK,0.0,2026-02
2026-05-13,169.3,192.83,1.152662992477417,222.26800483942034,-0.2383069253610639,64,9980.HK,0.0,2026-02
2026-05-14,173.4,193.5,1.1543200016021729,223.36092031002045,-0.2236779837792381,65,9980.HK,0.0,2026-02
2026-05-15,169.1,186.09,1.1543200016021729,214.80740909814836,-0.21278320561682318,66,9980.HK,0.0,2026-02
2026-05-18,165.6,142.2,1.1515320539474487,163.7478580713272,0.011310938356616784,67,9980.HK,0.0,2026-02
2026-05-19,158.4,145.61,1.1492929458618164,167.3485458469391,-0.05347250435700612,68,9980.HK,0.0,2026-02
2026-05-20,155.3,149.0,1.151231050491333,171.53342652320862,-0.0946371028215437,69,9980.HK,0.0,2026-02
2026-05-21,155.0,147.23,1.151487946510315,169.53357036471365,-0.0857267993203229,70,9980.HK,0.0,2026-02
2026-05-22,150.3,144.58,1.151487946510315,166.48212730646134,-0.09720038762282968,71,9980.HK,0.0,2026-02
2026-05-26,136.9,141.62,1.1545629501342773,163.50920499801637,-0.16273826906772115,72,9980.HK,0.0,2026-02
2026-05-27,129.9,139.1,1.155385971069336,160.71418857574463,-0.19173284480244812,73,9980.HK,0.0,2026-02
2026-05-28,129.0,141.01,1.155282974243164,162.90645219802855,-0.20813449523050187,74,9980.HK,0.0,2026-02
2026-05-29,132.3,142.44,1.155282974243164,164.55850685119628,-0.19603062441716468,75,9980.HK,0.0,2026-02
2026-06-01,144.4,152.3,1.1584069728851318,176.4253819704056,-0.18152366520469077,76,9980.HK,0.0,2026-02
2026-06-02,144.4,149.6,1.1587949991226196,173.3557318687439,-0.16703071514628487,77,9980.HK,0.0,2026-02
2026-06-03,139.2,143.96,1.157420039176941,166.6221888399124,-0.16457705321743887,78,9980.HK,0.0,2026-02
2026-06-04,138.2,139.43,1.156491994857788,161.2496788430214,-0.14294402946042806,79,9980.HK,0.0,2026-02
2026-06-05,129.8,134.39,1.156491994857788,155.42095918893813,-0.16484880367899346,80,9980.HK,0.0,2026-02
2026-06-08,131.7,136.23,1.1580270528793335,157.7580254137516,-0.16517717780385044,81,9980.HK,0.0,2026-02
2026-06-09,128.8,133.2,1.1571120023727417,154.1273187160492,-0.1643272518268486,82,9980.HK,0.0,2026-02
2026-06-10,128.6,131.88,1.1569290161132812,152.57579864501952,-0.1571402467359928,83,9980.HK,0.0,2026-02
2026-06-11,131.6,133.12,1.1563459634780884,153.93277465820313,-0.14508134936040418,84,9980.HK,0.0,2026-02
2026-06-12,128.1,131.84,1.1563459634780884,152.45265182495118,-0.15973911593819523,85,9980.HK,0.0,2026-02
2026-06-15,125.2,128.26,1.1586040258407593,148.60255235433578,-0.1574841884177971,86,9980.HK,0.0,2026-02
2026-06-16,120.3,124.78,1.158974051475525,144.616782143116,-0.16814633670282875,87,9980.HK,0.0,2026-02
2026-06-17,118.3,125.39,1.1593559980392456,145.37164859414102,-0.1862237159442388,88,9980.HK,0.0,2026-02
2026-06-18,115.0,120.6,1.1576859951019287,139.61693100929259,-0.17631766313251895,89,9980.HK,0.0,2026-02
2026-06-22,108.9,120.63,1.156896948814392,139.5564789354801,-0.2196707682031246,90,9980.HK,0.0,2026-02
2026-06-23,109.8,116.15,1.1545089483261108,134.09621434807778,-0.18118493848760964,91,9980.HK,0.0,2026-02
2026-06-24,106.3,114.05,1.1541520357131958,131.63103967309,-0.1924397143409371,92,9980.HK,0.0,2026-02
2026-06-25,106.1,112.73,1.154500961303711,130.14689336776735,-0.18476732517783556,93,9980.HK,0.0,2026-02
2026-06-26,104.4,110.9,1.154500961303711,128.03415660858155,-0.18459259024788588,94,9980.HK,0.0,2026-02
2026-06-29,110.0,121.99,1.153959035873413,140.77146278619765,-0.2185916248730969,95,9980.HK,0.0,2026-02
2026-06-30,107.2,123.43,1.1542860269546509,142.47352430701255,-0.2475795027783726,96,9980.HK,0.0,2026-02
2026-07-02,107.1,124.08,1.1552209854125977,143.33981986999513,-0.25282451103164183,97,9980.HK,0.0,2026-02
2026-07-03,112.8,126.35,1.1552209854125977,145.9621715068817,-0.22719702758956417,98,9980.HK,0.0,2026-02
2026-07-06,112.0,127.9,1.1538079977035522,147.57204290628434,-0.24104865803663345,99,9980.HK,0.0,2026-02
2026-07-07,111.0,124.45,1.1541539430618286,143.63445821404457,-0.22720493828446509,100,9980.HK,0.0,2026-02
2026-07-08,114.5,127.81,1.1521199941635132,147.25245645403862,-0.22242383755588846,101,9980.HK,0.0,2026-02
2026-07-09,107.3,121.44,1.1535500288009644,140.0871154975891,-0.23404804489784348,102,9980.HK,0.0,2026-02
2026-07-10,108.1,121.51,1.1535500288009644,140.16786399960517,-0.22878185544509333,103,9980.HK,0.0,2026-02
2026-07-13,107.0,120.6,1.1558259725570679,139.39261229038237,-0.23238399624007444,104,9980.HK,0.0,2026-02
2026-07-14,106.0,119.18,1.1575560569763184,137.95753087043764,-0.23164759958229786,105,9980.HK,0.0,2026-02
2026-07-15,112.4,127.45,1.1579129695892334,147.5760079741478,-0.23835858183878977,106,9980.HK,0.0,2026-02
2026-07-16,114.9,129.65,1.157472014427185,150.06624667048456,-0.23433815032172156,107,9980.HK,0.0,2026-02
2026-07-17,109.8,124.43,1.157472014427185,144.02424275517464,-0.23762834714814007,108,9980.HK,0.0,2026-02
2026-07-20,112.6,126.57,1.1575069427490234,146.5056537437439,-0.23142897818161334,109,9980.HK,0.0,2026-02
2026-07-21,112.6,130.8,1.1589380502700806,151.58909697532656,-0.2572025149122211,110,9980.HK,0.0,2026-02
2026-07-22,112.4,130.8,1.157410979270935,151.38935608863832,-0.25754357569108155,111,9980.HK,0.0,2026-02
2026-07-23,109.8,128.17,1.15762197971344,148.3724091398716,-0.2599702287202814,112,9980.HK,0.0,2026-02
2026-07-24,108.6,125.82,1.15762197971344,145.651997487545,-0.25438715655590927,113,9980.HK,0.0,2026-02
2026-07-27,109.9,128.38,1.1586990356445312,148.7537821960449,-0.2611952558277739,114,9980.HK,0.0,2026-02
2026-07-28,117.7,135.16,1.1579099893569946,156.5031141614914,-0.24793828780589944,115,9980.HK,0.0,2026-02
2026-07-29,125.2,142.56,1.1589430570602417,165.21892221450807,-0.24221754795464923,116,9980.HK,0.0,2026-02
2026-07-30,124.0,138.2,1.1609450578689575,160.44260699748992,-0.22713796340930847,117,9980.HK,0.0,2026-02
2026-07-31,125.0,135.9,1.1609450578689575,157.77243336439133,-0.20771964192692705,118,9980.HK,0.0,2026-02
2026-08-03,119.3,129.64,1.1610649824142456,150.52046432018278,-0.2074167420436036,119,9980.HK,0.0,2026-02
2026-08-04,119.3,126.45,1.1611469984054565,146.82703794837,-0.1874793521207555,120,9980.HK,0.0,2026-02
2026-08-05,115.4,122.54,1.1619360446929932,142.38364291667938,-0.18951364330852083,121,9980.HK,0.0,2026-02
2026-08-06,114.5,120.89,1.162284016609192,140.5085147678852,-0.18510276626900724,122,9980.HK,0.0,2026-02
2026-08-07,118.9,122.8,1.162284016609192,142.72847723960876,-0.16694970548593568,123,9980.HK,0.0,2026-02
2026-08-10,125.3,130.83,1.1625880002975464,152.101388078928,-0.17620738651655377,124,9980.HK,0.0,2026-02
2026-08-11,118.5,126.37,1.163135051727295,146.98537648677828,-0.19379735023735922,125,9980.HK,0.0,2026-02
2026-08-12,119.9,127.9,1.1633410453796387,148.79131970405578,-0.19417342195445453,126,9980.HK,0.0,2026-02
2026-08-13,118.3,125.97,1.1635710000991821,146.57503888249397,-0.19290487042040938,127,9980.HK,0.0,2026-02
2026-08-14,117.2,122.93,1.1635710000991821,143.03778304219247,-0.18063607036310814,128,9980.HK,0.0,2026-02
2026-08-17,117.8,123.47,1.1637330055236816,143.68611419200897,-0.18015738220477684,129,9980.HK,0.0,2026-02
2026-08-18,114.6,122.57,1.163092017173767,142.56018854498862,-0.1961290093002721,130,9980.HK,0.0,2026-02
2026-08-19,117.2,122.75,1.1649320125579834,142.99540454149246,-0.18039324147656433,131,9980.HK,0.0,2026-02
2026-08-20,116.4,123.07,1.1665550470352173,143.56792963862418,-0.18923397242691142,132,9980.HK,0.0,2026-02
2026-08-21,115.3,120.03,1.1665550470352173,140.02160229563714,-0.17655563063362711,133,9980.HK,0.0,2026-02
2026-08-24,118.2,120.99,1.1652530431747437,140.98396569371224,-0.16160678685411933,134,9980.HK,0.0,2026-02
2026-08-25,119.1,123.7,1.1662189960479736,144.26128981113433,-0.17441470157431205,135,9980.HK,0.0,2026-02
2026-08-26,112.8,121.3,1.165971040725708,141.4322872400284,-0.20244519691204454,136,9980.HK,0.0,2026-02
2026-08-27,112.4,120.38,1.1657999753952026,140.33900103807449,-0.19908222825737887,137,9980.HK,0.0,2026-02
2026-08-28,112.0,120.81,1.1657999753952026,140.84029502749442,-0.20477303758746246,138,9980.HK,0.0,2026-02
2026-08-31,109.0,119.98,1.1652239561080933,139.80357025384905,-0.22033464666114966,139,9980.HK,0.0,2026-02
2026-09-01,110.4,122.73,1.1664259433746338,143.1554560303688,-0.22881039213357057,140,9980.HK,0.0,2026-02
2026-09-02,106.2,120.12,1.1670570373535156,140.18689132690432,-0.24243986727439215,141,9980.HK,0.0,2026-02
2026-09-03,102.6,118.92,1.166767954826355,138.75204518795013,-0.2605514400813297,142,9980.HK,0.0,2026-02
2026-09-04,103.2,120.41,1.166767954826355,140.4905294406414,-0.26543091259683105,143,9980.HK,0.0,2026-02
2026-09-07,104.6,121.98,1.1681150197982788,142.48667011499404,-0.26589624197419703,144,9980.HK,0.0,2026-02
2026-09-08,101.7,120.2,1.168408989906311,140.4427605867386,-0.27586157111181775,145,9980.HK,0.0,2026-02
2026-09-09,102.2,117.25,1.1684629917144775,137.0022857785225,-0.2540270447369306,146,9980.HK,0.0,2026-02
2026-09-10,100.3,113.43,1.169165015220642,132.61838767647745,-0.24369462065334535,147,9980.HK,0.0,2026-02
2026-09-11,101.2,112.77,1.169165015220642,131.8467387664318,-0.23244214497199578,148,9980.HK,0.0,2026-02
2026-09-14,100.0,112.63,1.1691210269927979,131.67810127019882,-0.24057228168255917,149,9980.HK,0.0,2026-02
2026-09-15,100.5,111.53,1.1687699556350708,130.35291315197944,-0.22901607973405014,150,9980.HK,0.0,2026-02
2026-09-16,99.65,111.55,1.1693899631500244,130.44545038938523,-0.23607914494111903,151,9980.HK,0.0,2026-02
2026-09-17,96.2,110.84,1.16942298412323,129.6188435602188,-0.2578239601766926,152,9980.HK,0.0,2026-02
2026-09-18,95.0,111.54,1.16942298412323,130.43743964910507,-0.27168150298286087,153,9980.HK,0.0,2026-02
2026-09-21,95.75,113.18,1.1717050075531006,132.61357275485994,-0.27797737432957437,154,9980.HK,0.0,2026-02
2026-09-22,97.85,115.45,1.170611023902893,135.14704270958902,-0.27597379832968183,155,9980.HK,0.0,2026-02
2026-09-23,96.35,114.45,1.16852605342865,133.737806814909,-0.2795604900763262,156,9980.HK,0.0,2026-02
2026-09-24,96.85,110.83,1.1684240102767944,129.49643305897712,-0.2521029520875592,157,9980.HK,0.0,2026-02
2026-09-28,96.35,111.12,1.1688159704208374,129.87883063316346,-0.2581547005752157,159,9980.HK,0.0,2026-02
2026-09-29,94.2,110.19,1.1688159704208374,128.79183178067208,-0.2685871557412177,160,9980.HK,0.0,2026-02
2026-09-30,95.6,112.25,1.1686999797821045,131.18657273054123,-0.27126688341524463,161,9980.HK,0.0,2026-02
2026-02-04,40.16,55.18,1.1260110139846802,62.13328775167465,-0.3536475944986899,0,2768.HK,0.0,2026-02
2026-02-05,40.38,51.71,1.125892996788025,58.21992686390877,-0.3064230380366203,1,2768.HK,0.0,2026-02
2026-02-06,41.36,51.08,1.126062035560608,57.51924877643585,-0.28093636687160417,2,2768.HK,0.0,2026-02
2026-02-09,41.22,50.29,1.1257539987564087,56.614168597459795,-0.2719137095682884,3,2768.HK,0.0,2026-02
2026-02-10,44.44,50.69,1.1290030479431152,57.22916450023651,-0.22347285010920714,4,2768.HK,0.0,2026-02
2026-02-11,45.8,50.74,1.1309620141983032,57.38501260042191,-0.20188220016765734,5,2768.HK,0.0,2026-02
2026-02-12,47.04,51.55,1.1306719779968262,58.28614046573639,-0.19294707757065255,6,2768.HK,0.0,2026-02
2026-02-13,51.55,53.3,1.1324909925460815,60.36176990270614,-0.14598262968281672,7,2768.HK,0.0,2026-02
2026-02-24,50.7,52.88,1.1316310167312622,59.84064816474915,-0.1527498188118508,11,2768.HK,0.0,2026-02
2026-02-25,53.0,53.29,1.1362340450286865,60.549912259578704,-0.12468907018745257,12,2768.HK,0.0,2026-02
2026-02-26,51.75,55.98,1.138198971748352,63.716378438472745,-0.187806945902112,13,2768.HK,0.0,2026-02
2026-02-27,54.6,55.95,1.1433969736099243,63.97306067347527,-0.14651574545285995,14,2768.HK,0.0,2026-02
2026-03-02,50.8,54.88,1.140552043914795,62.59349617004395,-0.18841408279871885,15,2768.HK,0.0,2026-02
2026-03-03,47.4,55.01,1.1363999843597412,62.51336313962936,-0.24176211901881317,16,2768.HK,0.0,2026-02
2026-03-04,47.42,53.16,1.1309289932250977,60.12018527984619,-0.21124660911688198,17,2768.HK,0.0,2026-02
2026-03-05,46.8,53.19,1.1331690549850464,60.273262034654614,-0.2235363008378085,18,2768.HK,0.0,2026-02
2026-03-06,47.52,53.7,1.1334420442581177,60.865837776660925,-0.21926647630534046,19,2768.HK,0.0,2026-02
2026-03-09,48.96,52.3,1.1332310438156128,59.26798359155654,-0.17392161782647586,20,2768.HK,0.0,2026-02
2026-03-10,47.96,53.12,1.1315950155258179,60.11032722473144,-0.2021337727759429,21,2768.HK,0.0,2026-02
2026-03-11,47.18,52.67,1.1375850439071655,59.91660426259041,-0.21257219796320548,22,2768.HK,0.0,2026-02
2026-03-12,49.28,52.74,1.1396000385284424,60.10250603199005,-0.18006746717399247,23,2768.HK,0.0,2026-02
2026-03-13,49.88,53.86,1.1393100023269653,61.36323672533035,-0.18713544685934314,24,2768.HK,0.0,2026-02
2026-03-16,50.5,54.26,1.134883999824524,61.578805830478665,-0.17991264496063297,25,2768.HK,0.0,2026-02
2026-03-17,47.48,50.65,1.1253759860992432,57.000293695926665,-0.1670218358297162,26,2768.HK,0.0,2026-02
2026-03-18,49.86,51.78,1.1378190517425537,58.916270499229434,-0.15371425282847595,27,2768.HK,0.0,2026-02
2026-03-19,48.38,50.95,1.1400790214538574,58.08702614307404,-0.16711177671868893,28,2768.HK,0.0,2026-02
2026-03-20,48.88,49.2,1.1349090337753296,55.83752446174622,-0.1246030250949387,29,2768.HK,0.0,2026-02
2026-03-23,48.68,47.42,1.137529969215393,53.94167114019394,-0.0975437176671613,30,2768.HK,0.0,2026-02
2026-03-24,51.8,48.89,1.1384819746017456,55.66038373827934,-0.0693560388737392,31,2768.HK,0.0,2026-02
2026-03-25,55.6,49.55,1.1355489492416382,56.26645043492317,-0.011844543769363503,32,2768.HK,0.0,2026-02
2026-03-26,55.05,49.26,1.132627010345459,55.79320652961731,-0.013320735190632704,33,2768.HK,0.0,2026-02
2026-03-27,56.0,49.68,1.1321159601211548,56.24352089881897,-0.004329759142516321,34,2768.HK,0.0,2026-02
2026-03-30,55.95,49.37,1.1335409879684448,55.96291857600212,-0.00023084171324216918,35,2768.HK,0.0,2026-02
2026-03-31,54.85,47.02,1.1366699934005737,53.44622308969498,0.026265221921278892,36,2768.HK,0.0,2026-02
2026-04-01,51.3,46.92,1.140197992324829,53.49808979988099,-0.04108725765916743,37,2768.HK,0.0,2026-02
2026-04-02,50.0,46.0,1.1380009651184082,52.34804439544678,-0.04485448162512462,38,2768.HK,0.0,2026-02
2026-04-08,49.4,48.56,1.146731972694397,55.68530459403992,-0.11287187238826102,39,2768.HK,0.0,2026-02
2026-04-09,50.15,48.0,1.1465580463409424,55.034786224365234,-0.0887581575124321,40,2768.HK,0.0,2026-02
2026-04-10,49.56,48.27,1.1465580463409424,55.344356896877294,-0.10451574869060698,41,2768.HK,0.0,2026-02
2026-04-13,50.7,48.45,1.1462260484695435,55.534652048349386,-0.0870564930188138,42,2768.HK,0.0,2026-02
2026-04-14,49.52,50.07,1.149266004562378,57.54374884843826,-0.13943736737715207,43,2768.HK,0.0,2026-02
2026-04-15,47.6,49.64,1.148550033569336,57.01402366638184,-0.16511768615855105,44,2768.HK,0.0,2026-02
2026-04-16,47.56,50.5,1.1466050148010254,57.90355324745178,-0.17863417126144976,45,2768.HK,0.0,2026-02
2026-04-17,47.08,50.44,1.1466050148010254,57.834756946563715,-0.1859566377446792,46,2768.HK,0.0,2026-02
2026-04-20,52.95,51.5,1.148368000984192,59.14095205068588,-0.10468130518730934,47,2768.HK,0.0,2026-02
2026-04-21,51.8,51.5,1.1478389501571655,59.113705933094025,-0.12372267679126414,48,2768.HK,0.0,2026-02
2026-04-22,52.0,52.26,1.1475130319595337,59.96903105020523,-0.13288577305065463,49,2768.HK,0.0,2026-02
2026-04-23,51.8,52.27,1.1473690271377563,59.97297904849053,-0.13627769002240753,50,2768.HK,0.0,2026-02
2026-04-24,50.5,51.22,1.1473690271377563,58.76824156999588,-0.14069234248140627,51,2768.HK,0.0,2026-02
2026-04-27,49.5,52.98,1.1485220193862915,60.84869658708572,-0.18650681483117126,52,2768.HK,0.0,2026-02
2026-04-28,50.1,54.21,1.1459360122680664,62.12119122505188,-0.1935119238377393,53,2768.HK,0.0,2026-02
2026-04-29,48.3,54.33,1.145792007446289,62.250879764556885,-0.22410735104983925,54,2768.HK,0.0,2026-02
2026-04-30,48.8,52.8,1.1469759941101074,60.56033248901367,-0.1941920066430799,55,2768.HK,0.0,2026-02
2026-05-06,47.06,54.81,1.1501250267028809,63.0383527135849,-0.25347034028923043,58,2768.HK,0.0,2026-02
2026-05-07,47.12,56.64,1.1517200469970703,65.23342346191406,-0.2776709009069471,59,2768.HK,0.0,2026-02
2026-05-08,50.0,57.82,1.1517200469970703,66.59245311737061,-0.24916416711854805,60,2768.HK,0.0,2026-02
2026-05-11,51.1,60.54,1.1520789861679077,69.74686182260513,-0.26735054933412983,61,2768.HK,0.0,2026-02
2026-05-12,52.5,61.0,1.1525379419326782,70.30481445789337,-0.2532517096472383,62,2768.HK,0.0,2026-02
2026-05-13,51.75,61.76,1.152662992477417,71.18846641540527,-0.27305640076548643,63,2768.HK,0.0,2026-02
2026-05-14,55.65,61.23,1.1543200016021729,70.67901369810104,-0.21263756965110048,64,2768.HK,0.0,2026-02
2026-05-15,60.1,62.32,1.1543200016021729,71.93722249984741,-0.1645493402233109,65,2768.HK,0.0,2026-02
2026-05-18,59.8,62.67,1.1515320539474487,72.1665138208866,-0.1713608315842945,66,2768.HK,0.0,2026-02
2026-05-19,60.3,64.0,1.1492929458618164,73.55474853515625,-0.18020248589145826,67,2768.HK,0.0,2026-02
2026-05-20,60.55,65.25,1.151231050491333,75.11782604455948,-0.19393300913577993,68,2768.HK,0.0,2026-02
2026-05-21,59.25,63.64,1.151487946510315,73.28069291591645,-0.19146506886903358,69,2768.HK,0.0,2026-02
2026-05-22,57.35,64.14,1.151487946510315,73.8564368891716,-0.2234935448340276,70,2768.HK,0.0,2026-02
2026-05-26,53.1,61.95,1.1545629501342773,71.52517476081849,-0.25760405091539607,71,2768.HK,0.0,2026-02
2026-05-27,54.45,63.92,1.155385971069336,73.85227127075196,-0.2627173265886532,72,2768.HK,0.0,2026-02
2026-05-28,59.0,68.05,1.155282974243164,78.61700639724731,-0.24952624497203157,73,2768.HK,0.0,2026-02
2026-05-29,57.85,63.26,1.155282974243164,73.08320095062255,-0.20843642249488514,74,2768.HK,0.0,2026-02
2026-06-01,53.95,63.49,1.1584069728851318,73.54725870847702,-0.26645804415574015,75,2768.HK,0.0,2026-02
2026-06-02,55.25,65.41,1.1587949991226196,75.79678089261054,-0.27107722320980066,76,2768.HK,0.0,2026-02
2026-06-03,52.1,63.6,1.157420039176941,73.61191449165345,-0.2922341395439809,77,2768.HK,0.0,2026-02
2026-06-04,51.7,64.08,1.156491994857788,74.10800703048706,-0.3023695809451291,78,2768.HK,0.0,2026-02
2026-06-05,51.7,64.47,1.156491994857788,74.5590389084816,-0.30658977426654066,79,2768.HK,0.0,2026-02
2026-06-08,52.0,61.46,1.1580270528793335,71.17234266996384,-0.2693791148461796,80,2768.HK,0.0,2026-02
2026-06-09,55.7,63.16,1.1571120023727417,73.08319406986236,-0.23785487609155742,81,2768.HK,0.0,2026-02
2026-06-10,61.5,65.43,1.1569290161132812,75.697865524292,-0.187559654766432,82,2768.HK,0.0,2026-02
2026-06-11,70.05,66.99,1.1563459634780884,77.46361609339714,-0.09570449286099181,83,2768.HK,0.0,2026-02
2026-06-12,72.6,69.94,1.1563459634780884,80.8748366856575,-0.10231657985066422,84,2768.HK,0.0,2026-02
2026-06-15,82.85,75.81,1.1586040258407593,87.83377119898796,-0.056740945207706006,85,2768.HK,0.0,2026-02
2026-06-16,81.25,77.67,1.158974051475525,90.01751457810403,-0.09739787439361991,86,2768.HK,0.0,2026-02
2026-06-17,53.9,78.36,1.1593559980392456,90.84713600635529,-0.4066956607610681,87,2768.HK,0.0,2026-02
2026-06-18,52.1,54.5,1.1576859951019287,63.093886733055115,-0.17424646510634723,88,2768.HK,0.0,2026-02
2026-06-22,49.86,52.95,1.156896948814392,61.25769343972206,-0.18606142020246752,89,2768.HK,0.0,2026-02
2026-06-23,50.3,55.65,1.1545089483261108,64.24842297434806,-0.21710140620754437,90,2768.HK,0.0,2026-02
2026-06-24,49.56,54.45,1.1541520357131958,62.84357834458351,-0.21137527006732615,91,2768.HK,0.0,2026-02
2026-06-25,47.58,53.13,1.154500961303711,61.338636074066166,-0.22430619515981198,92,2768.HK,0.0,2026-02
2026-06-26,45.6,51.1,1.154500961303711,58.99499912261963,-0.22705312860126425,93,2768.HK,0.0,2026-02
2026-06-29,42.96,51.42,1.153959035873413,59.3365736246109,-0.2759945953100741,94,2768.HK,0.0,2026-02
2026-06-30,44.98,52.06,1.1542860269546509,60.092130563259126,-0.25148268869166746,95,2768.HK,0.0,2026-02
2026-07-02,44.88,52.74,1.1552209854125977,60.9263547706604,-0.26337296611724514,96,2768.HK,0.0,2026-02
2026-07-03,45.6,54.6,1.1552209854125977,63.075065803527835,-0.27705188382935364,97,2768.HK,0.0,2026-02
2026-07-06,51.0,54.6,1.1538079977035522,62.997916674613954,-0.19044941972579088,98,2768.HK,0.0,2026-02
2026-07-07,56.25,58.0,1.1541539430618286,66.94092869758606,-0.15970690735235615,99,2768.HK,0.0,2026-02
2026-07-08,54.45,60.01,1.1521199941635132,69.13872084975242,-0.21245288702510057,100,2768.HK,0.0,2026-02
2026-07-09,53.95,59.55,1.1535500288009644,68.69390421509742,-0.21463191506673784,101,2768.HK,0.0,2026-02
2026-07-10,52.7,56.85,1.1535500288009644,65.57931913733482,-0.1963929986885533,102,2768.HK,0.0,2026-02
2026-07-13,44.86,52.23,1.1558259725570679,60.36879054665565,-0.2569007993405099,103,2768.HK,0.0,2026-02
2026-07-14,48.0,56.61,1.1575560569763184,65.52924838542938,-0.26750266205292017,104,2768.HK,0.0,2026-02
2026-07-15,45.86,59.0,1.1579129695892334,68.31686520576477,-0.32871627142326487,105,2768.HK,0.0,2026-02
2026-07-16,43.96,55.59,1.157472014427185,64.34386928200722,-0.3167958270067426,106,2768.HK,0.0,2026-02
2026-07-17,35.52,50.75,1.157472014427185,58.74170473217964,-0.3953188767342398,107,2768.HK,0.0,2026-02
2026-07-20,27.38,45.68,1.1575069427490234,52.87491714477539,-0.48217412946423055,108,2768.HK,0.0,2026-02
2026-07-21,30.48,46.9,1.1589380502700806,54.35419455766678,-0.43923371051589377,109,2768.HK,0.0,2026-02
2026-07-22,32.6,50.1,1.157410979270935,57.986290061473845,-0.4377981421912095,110,2768.HK,0.0,2026-02
2026-07-23,31.16,49.41,1.15762197971344,57.19810201764106,-0.455226678843476,111,2768.HK,0.0,2026-02
2026-07-24,29.84,46.5,1.15762197971344,53.82942205667496,-0.4456563184241028,112,2768.HK,0.0,2026-02
2026-07-27,33.1,49.06,1.1586990356445312,56.8457746887207,-0.4177227739220576,113,2768.HK,0.0,2026-02
2026-07-28,30.02,47.48,1.1579099893569946,54.977566294670105,-0.4539590959865689,114,2768.HK,0.0,2026-02
2026-07-29,31.76,47.76,1.1589430570602417,55.35112040519714,-0.42620854343143655,115,2768.HK,0.0,2026-02
2026-07-30,29.5,44.09,1.1609450578689575,51.18606760144234,-0.4236712960702467,116,2768.HK,0.0,2026-02
2026-07-31,29.8,46.95,1.1609450578689575,54.50637046694756,-0.4532749154877117,117,2768.HK,0.0,2026-02
2026-08-03,32.08,50.9,1.1610649824142456,59.0982076048851,-0.45717473845436485,118,2768.HK,0.0,2026-02
2026-08-04,31.14,53.6,1.1611469984054565,62.23747911453247,-0.49965839807401835,119,2768.HK,0.0,2026-02
2026-08-05,33.26,57.1,1.1619360446929932,66.34654815196991,-0.49869283442122125,120,2768.HK,0.0,2026-02
2026-08-06,33.74,57.8,1.162284016609192,67.18001616001129,-0.4977673134278935,121,2768.HK,0.0,2026-02
2026-08-07,34.38,58.5,1.162284016609192,67.99361497163773,-0.49436428678867894,122,2768.HK,0.0,2026-02
2026-08-10,34.8,59.26,1.1625880002975464,68.89496489763259,-0.4948832610379077,123,2768.HK,0.0,2026-02
2026-08-11,36.18,58.86,1.163135051727295,68.46212914466858,-0.47153264948060003,124,2768.HK,0.0,2026-02
2026-08-12,35.66,60.65,1.1633410453796387,70.55663440227508,-0.4945904052525194,125,2768.HK,0.0,2026-02
2026-08-13,36.02,59.99,1.1635710000991821,69.80262429594994,-0.48397355596142044,126,2768.HK,0.0,2026-02
2026-08-14,38.66,59.64,1.1635710000991821,69.39537444591522,-0.4429023503557792,127,2768.HK,0.0,2026-02
2026-08-17,41.18,64.2,1.1637330055236816,74.71165895462036,-0.44881427375327576,128,2768.HK,0.0,2026-02
2026-08-18,41.8,66.58,1.163092017173767,77.43866650342942,-0.46021797782185647,129,2768.HK,0.0,2026-02
2026-08-19,36.24,63.2,1.1649320125579834,73.62370319366455,-0.5077672213163203,130,2768.HK,0.0,2026-02
2026-08-20,37.26,65.5,1.1665550470352173,76.40935558080673,-0.5123633785839787,131,2768.HK,0.0,2026-02
2026-08-21,37.68,65.21,1.1665550470352173,76.07105461716651,-0.5046736213974221,132,2768.HK,0.0,2026-02
2026-08-24,34.04,60.05,1.1652530431747437,69.97344524264335,-0.513529741433179,133,2768.HK,0.0,2026-02
2026-08-25,34.92,61.53,1.1662189960479736,71.75745482683182,-0.5133606663688052,134,2768.HK,0.0,2026-02
2026-08-26,35.28,61.68,1.165971040725708,71.91709379196168,-0.5094351267578151,135,2768.HK,0.0,2026-02
2026-08-27,36.32,64.88,1.1657999753952026,75.63710240364074,-0.5198123824710165,136,2768.HK,0.0,2026-02
2026-08-28,37.0,64.97,1.1657999753952026,75.74202440142632,-0.511499721688146,137,2768.HK,0.0,2026-02
2026-08-31,38.4,66.63,1.1652239561080933,77.63887219548225,-0.505402398127127,138,2768.HK,0.0,2026-02
2026-09-01,38.14,63.93,1.1664259433746338,74.56961055994034,-0.48853159197683604,139,2768.HK,0.0,2026-02
2026-09-02,38.32,62.5,1.1670570373535156,72.94106483459473,-0.4746443572369474,140,2768.HK,0.0,2026-02
2026-09-03,38.22,62.01,1.166767954826355,72.35128087878228,-0.4717439755623125,141,2768.HK,0.0,2026-02
2026-09-04,37.86,60.17,1.166767954826355,70.20442784190178,-0.46071777573261385,142,2768.HK,0.0,2026-02
2026-09-07,38.16,61.28,1.1681150197982788,71.58208841323852,-0.46690574631317106,143,2768.HK,0.0,2026-02
2026-09-08,36.8,60.71,1.168408989906311,70.93410977721214,-0.4812086862641908,144,2768.HK,0.0,2026-02
2026-09-09,36.62,61.08,1.1684629917144775,71.36971953392029,-0.4868972410267718,145,2768.HK,0.0,2026-02
2026-09-10,37.5,61.86,1.169165015220642,72.32454784154892,-0.4815038445569507,146,2768.HK,0.0,2026-02
2026-09-11,36.64,60.94,1.169165015220642,71.24891602754593,-0.48574656229388236,147,2768.HK,0.0,2026-02
2026-09-14,37.46,62.53,1.1691210269927979,73.10513781785966,-0.48758731440557534,148,2768.HK,0.0,2026-02
2026-09-15,37.08,61.77,1.1687699556350708,72.19492015957833,-0.48639045630857347,149,2768.HK,0.0,2026-02
2026-09-16,39.0,64.4,1.1693899631500244,75.30871362686158,-0.48213164026095856,150,2768.HK,0.0,2026-02
2026-09-17,39.62,65.22,1.16942298412323,76.26976702451705,-0.4805281103420169,151,2768.HK,0.0,2026-02
2026-09-18,41.6,67.89,1.16942298412323,79.39212639212609,-0.47601856896320915,152,2768.HK,0.0,2026-02
2026-09-21,43.32,68.05,1.1717050075531006,79.73452576398849,-0.45669708843286105,153,2768.HK,0.0,2026-02
2026-09-22,46.78,74.86,1.170611023902893,87.63194124937057,-0.4661763812023735,154,2768.HK,0.0,2026-02
2026-09-23,46.92,79.02,1.16852605342865,92.33692874193191,-0.49186094188670193,155,2768.HK,0.0,2026-02
2026-09-24,43.78,78.01,1.1684240102767944,91.14875704169275,-0.5196862642902043,156,2768.HK,0.0,2026-02
2026-09-28,38.44,70.21,1.1688159704208374,82.06256928324699,-0.5315769377470918,158,2768.HK,0.0,2026-02
2026-09-29,38.28,71.02,1.1688159704208374,83.00931021928787,-0.5388469088723334,159,2768.HK,0.0,2026-02
2026-09-30,39.22,69.81,1.1686999797821045,81.58694558858872,-0.5192858401910125,160,2768.HK,0.0,2026-02
2026-02-06,40.52,46.41,1.126062035560608,52.26053907036781,-0.22465399858503943,0,2714.HK,0.0,2026-02
2026-02-09,40.04,46.65,1.1257539987564087,52.51642404198646,-0.23757185051312069,1,2714.HK,0.0,2026-02
2026-02-10,40.16,45.92,1.1290030479431152,51.84381996154785,-0.2253657228617345,2,2714.HK,0.0,2026-02
2026-02-11,40.26,46.03,1.1309620141983032,52.0581815135479,-0.22663453026067537,3,2714.HK,0.0,2026-02
2026-02-12,39.2,45.24,1.1306719779968262,51.15160028457642,-0.23365056455878164,4,2714.HK,0.0,2026-02
2026-02-13,39.2,45.35,1.1324909925460815,51.3584665119648,-0.2367373353940052,5,2714.HK,0.0,2026-02
2026-02-24,39.1,44.56,1.1316310167312622,50.42547810554505,-0.22459832868296858,9,2714.HK,0.0,2026-02
2026-02-25,39.28,44.79,1.1362340450286865,50.89192287683487,-0.22816828723365878,10,2714.HK,0.0,2026-02
2026-02-26,39.88,45.13,1.138198971748352,51.36691959500313,-0.2236248481624067,11,2714.HK,0.0,2026-02
2026-02-27,40.84,46.9,1.1433969736099243,53.625318062305446,-0.23841943552578304,12,2714.HK,0.0,2026-02
2026-03-02,40.88,46.81,1.140552043914795,53.389241175651556,-0.23430265911620518,13,2714.HK,0.0,2026-02
2026-03-03,39.58,46.53,1.1363999843597412,52.87669127225876,-0.25146602316311617,14,2714.HK,0.0,2026-02
2026-03-04,41.5,47.13,1.1309289932250977,53.300683450698855,-0.22139835151671272,15,2714.HK,0.0,2026-02
2026-03-05,42.36,46.8,1.1331690549850464,53.032311773300165,-0.20124168486038518,16,2714.HK,0.0,2026-02
2026-03-06,44.72,49.34,1.1334420442581177,55.92403046369553,-0.2003437586811434,17,2714.HK,0.0,2026-02
2026-03-09,46.06,49.41,1.1332310438156128,55.992945874929426,-0.1773963794853104,18,2714.HK,0.0,2026-02
2026-03-10,45.02,48.33,1.1315950155258179,54.68998710036278,-0.17681458001840766,19,2714.HK,0.0,2026-02
2026-03-11,45.76,49.31,1.1375850439071655,56.094318515062334,-0.18423110911468488,20,2714.HK,0.0,2026-02
2026-03-12,46.68,50.59,1.1396000385284424,57.652365949153904,-0.190319439081319,21,2714.HK,0.0,2026-02
2026-03-13,45.8,49.79,1.1393100023269653,56.726245015859604,-0.1926135779444741,22,2714.HK,0.0,2026-02
2026-03-16,46.48,49.74,1.134883999824524,56.449130151271824,-0.17660378688841882,23,2714.HK,0.0,2026-02
2026-03-17,47.4,50.24,1.1253759860992432,56.53888954162598,-0.16163899955795202,24,2714.HK,0.0,2026-02
2026-03-18,45.64,49.69,1.1378190517425537,56.53822868108749,-0.19275858008500069,25,2714.HK,0.0,2026-02
2026-03-19,44.78,48.8,1.1400790214538574,55.63585624694824,-0.19512337868519292,26,2714.HK,0.0,2026-02
2026-03-20,44.7,49.45,1.1349090337753296,56.12125172019005,-0.20351028122348824,27,2714.HK,0.0,2026-02
2026-03-23,41.36,45.2,1.137529969215393,51.41635460853577,-0.19558668997638906,28,2714.HK,0.0,2026-02
2026-03-24,42.52,43.5,1.1384819746017456,49.523965895175934,-0.14142578787007398,29,2714.HK,0.0,2026-02
2026-03-25,42.5,44.52,1.1355489492416382,50.55463922023773,-0.15932542184997622,30,2714.HK,0.0,2026-02
2026-03-26,40.66,44.0,1.132627010345459,49.835588455200195,-0.1841171889331379,31,2714.HK,0.0,2026-02
2026-03-27,41.38,45.2,1.1321159601211548,51.1716413974762,-0.19134898021776425,32,2714.HK,0.0,2026-02
2026-03-30,38.88,43.23,1.1335409879684448,49.00297690987587,-0.20657881517062937,33,2714.HK,0.0,2026-02
2026-03-31,37.82,41.71,1.1366699934005737,47.410505424737934,-0.2022865046221124,34,2714.HK,0.0,2026-02
2026-04-01,38.54,42.2,1.140197992324829,48.11635527610779,-0.19902495151919652,35,2714.HK,0.0,2026-02
2026-04-02,40.2,43.65,1.1380009651184082,49.673742127418514,-0.1907193161150883,36,2714.HK,0.0,2026-02
2026-04-08,40.4,44.34,1.146731972694397,50.846095669269566,-0.20544538438539328,37,2714.HK,0.0,2026-02
2026-04-09,39.66,43.8,1.1465580463409424,50.21924242973327,-0.21026287771082486,38,2714.HK,0.0,2026-02
2026-04-10,40.1,43.01,1.1465580463409424,49.31346157312393,-0.18683461430631565,39,2714.HK,0.0,2026-02
2026-04-13,40.88,44.17,1.1462260484695435,50.62880456089974,-0.1925545081589516,40,2714.HK,0.0,2026-02
2026-04-14,42.5,45.78,1.149266004562378,52.61339768886566,-0.19222095764793978,41,2714.HK,0.0,2026-02
2026-04-15,43.0,46.05,1.148550033569336,52.890729045867914,-0.1870030764236672,42,2714.HK,0.0,2026-02
2026-04-16,43.04,46.44,1.1466050148010254,53.24833688735961,-0.19171184461505553,43,2714.HK,0.0,2026-02
2026-04-17,41.72,45.53,1.1466050148010254,52.20492632389069,-0.20084170330669437,44,2714.HK,0.0,2026-02
2026-04-20,40.44,45.32,1.148368000984192,52.044037804603576,-0.2229657477417546,45,2714.HK,0.0,2026-02
2026-04-21,42.64,45.48,1.1478389501571655,52.203715453147886,-0.18319990004794173,46,2714.HK,0.0,2026-02
2026-04-22,40.02,44.72,1.1475130319595337,51.316782789230345,-0.22013817264478153,47,2714.HK,0.0,2026-02
2026-04-23,39.58,43.49,1.1473690271377563,49.89907899022103,-0.2067989870563205,48,2714.HK,0.0,2026-02
2026-04-24,39.12,43.14,1.1473690271377563,49.49749983072281,-0.20965705068362983,49,2714.HK,0.0,2026-02
2026-04-27,39.0,42.26,1.1485220193862915,48.53654053926468,-0.19648166996059158,50,2714.HK,0.0,2026-02
2026-04-28,40.8,43.3,1.1459360122680664,49.61902933120727,-0.17773482170197663,51,2714.HK,0.0,2026-02
2026-04-29,41.82,44.62,1.145792007446289,51.12523937225342,-0.18200871989077738,52,2714.HK,0.0,2026-02
2026-04-30,41.46,44.7,1.1469759941101074,51.269826936721806,-0.19133723522861268,53,2714.HK,0.0,2026-02
2026-05-06,41.34,44.64,1.1501250267028809,51.341581192016605,-0.1948046974753439,56,2714.HK,0.0,2026-02
2026-05-07,43.94,44.07,1.1517200469970703,50.756302471160886,-0.13429470113655007,57,2714.HK,0.0,2026-02
2026-05-08,41.78,43.51,1.1517200469970703,50.111339244842526,-0.16625656728382066,58,2714.HK,0.0,2026-02
2026-05-11,41.3,44.32,1.1520789861679077,51.06014066696167,-0.19114989773768776,59,2714.HK,0.0,2026-02
2026-05-12,40.24,42.93,1.1525379419326782,49.478453847169874,-0.18671670452164513,60,2714.HK,0.0,2026-02
2026-05-13,39.36,42.38,1.152662992477417,48.84985762119293,-0.19426581945810772,61,2714.HK,0.0,2026-02
2026-05-14,39.2,42.63,1.1543200016021729,49.20866166830063,-0.20339227544463034,62,2714.HK,0.0,2026-02
2026-05-15,39.26,42.5,1.1543200016021729,49.058600068092346,-0.1997325658394673,63,2714.HK,0.0,2026-02
2026-05-18,37.32,40.43,1.1515320539474487,46.55644094109535,-0.19839233314207982,64,2714.HK,0.0,2026-02
2026-05-19,36.42,40.3,1.1492929458618164,46.3165057182312,-0.21367125098851558,65,2714.HK,0.0,2026-02
2026-05-20,34.78,39.54,1.151231050491333,45.51967573642731,-0.2359348031961669,66,2714.HK,0.0,2026-02
2026-05-21,35.24,39.49,1.151487946510315,45.47225900769234,-0.2250220075048699,67,2714.HK,0.0,2026-02
2026-05-22,35.24,38.84,1.151487946510315,44.723791842460635,-0.21205249939153747,68,2714.HK,0.0,2026-02
2026-05-26,35.66,38.71,1.1545629501342773,44.69313179969787,-0.20211454055584754,69,2714.HK,0.0,2026-02
2026-05-27,34.6,37.76,1.155385971069336,43.62737426757812,-0.20691995379347994,70,2714.HK,0.0,2026-02
2026-05-28,34.56,37.05,1.155282974243164,42.80323419570922,-0.19258437710614773,71,2714.HK,0.0,2026-02
2026-05-29,35.3,38.07,1.155282974243164,43.981622829437256,-0.1973920531105683,72,2714.HK,0.0,2026-02
2026-06-01,35.76,37.82,1.1584069728851318,43.81095171451569,-0.1837657343528606,73,2714.HK,0.0,2026-02
2026-06-02,35.26,36.76,1.1587949991226196,42.597304167747495,-0.1722480873168244,74,2714.HK,0.0,2026-02
2026-06-03,34.7,36.2,1.157420039176941,41.898605418205264,-0.17181014371130865,75,2714.HK,0.0,2026-02
2026-06-04,32.6,35.13,1.156491994857788,40.6275637793541,-0.1975891004184086,76,2714.HK,0.0,2026-02
2026-06-05,32.34,35.06,1.156491994857788,40.54660933971405,-0.20239939845416244,77,2714.HK,0.0,2026-02
2026-06-08,31.56,34.15,1.1580270528793335,39.54662385582924,-0.20195463170118377,78,2714.HK,0.0,2026-02
2026-06-09,31.96,34.23,1.1571120023727417,39.60794384121895,-0.1930911604974539,79,2714.HK,0.0,2026-02
2026-06-10,32.22,34.43,1.1569290161132812,39.83306602478027,-0.19112427901091422,80,2714.HK,0.0,2026-02
2026-06-11,31.68,34.16,1.1563459634780884,39.500778112411496,-0.19799048236860273,81,2714.HK,0.0,2026-02
2026-06-12,32.26,34.86,1.1563459634780884,40.31022028684616,-0.1997066805778055,82,2714.HK,0.0,2026-02
2026-06-15,32.18,35.28,1.1586040258407593,40.87555003166199,-0.21273230635248852,83,2714.HK,0.0,2026-02
2026-06-16,31.32,35.05,1.158974051475525,40.622040504217146,-0.22898998643978663,84,2714.HK,0.0,2026-02
2026-06-17,30.8,34.66,1.1593559980392456,40.18327889204025,-0.23351202666288506,85,2714.HK,0.0,2026-02
2026-06-18,29.62,33.63,1.1576859951019287,38.93298001527786,-0.23920542459434946,86,2714.HK,0.0,2026-02
2026-06-22,29.62,33.95,1.156896948814392,39.27665141224861,-0.2458623906323424,87,2714.HK,0.0,2026-02
2026-06-23,29.48,33.02,1.1545089483261108,38.121885473728184,-0.22669092481492725,88,2714.HK,0.0,2026-02
2026-06-24,28.48,32.53,1.1541520357131958,37.54456572175026,-0.24143482678503825,89,2714.HK,0.0,2026-02
2026-06-25,27.96,32.36,1.154500961303711,37.35965110778808,-0.25159900665744195,90,2714.HK,0.0,2026-02
2026-06-26,29.06,33.56,1.154500961303711,38.74505226135254,-0.24996874945535175,91,2714.HK,0.0,2026-02
2026-06-29,30.26,35.99,1.153959035873413,41.53098570108414,-0.2713873872921325,92,2714.HK,0.0,2026-02
2026-06-30,29.04,34.99,1.1542860269546509,40.38846808314324,-0.2809828800582733,93,2714.HK,0.0,2026-02
2026-07-02,31.94,37.35,1.1552209854125977,43.147503805160525,-0.2597486022776614,94,2714.HK,0.0,2026-02
2026-07-03,31.62,36.9,1.1552209854125977,42.62765436172485,-0.258228010115625,95,2714.HK,0.0,2026-02
2026-07-06,32.82,38.68,1.1538079977035522,44.6292933511734,-0.2646085668049887,96,2714.HK,0.0,2026-02
2026-07-07,32.28,38.49,1.1541539430618286,44.423385268449785,-0.2733556930672326,97,2714.HK,0.0,2026-02
2026-07-08,31.06,36.8,1.1521199941635132,42.39801578521728,-0.2674185471946179,98,2714.HK,0.0,2026-02
2026-07-09,31.3,37.11,1.1535500288009644,42.80824156880379,-0.26883238243521634,99,2714.HK,0.0,2026-02
2026-07-10,32.4,38.14,1.1535500288009644,43.99639809846878,-0.26357607894434376,100,2714.HK,0.0,2026-02
2026-07-13,32.16,38.55,1.1558259725570679,44.55709124207496,-0.2782293658875217,101,2714.HK,0.0,2026-02
2026-07-14,31.88,38.08,1.1575560569763184,44.0797346496582,-0.27676515629280896,102,2714.HK,0.0,2026-02
2026-07-15,32.94,39.65,1.1579129695892334,45.9112492442131,-0.28252878015180716,103,2714.HK,0.0,2026-02
2026-07-16,34.1,40.9,1.157472014427185,47.340605390071865,-0.27968812990398817,104,2714.HK,0.0,2026-02
2026-07-17,33.66,39.83,1.157472014427185,46.10211033463478,-0.2698815790497012,105,2714.HK,0.0,2026-02
2026-07-20,33.88,40.61,1.1575069427490234,47.006356945037844,-0.27924642108270226,106,2714.HK,0.0,2026-02
2026-07-21,33.9,39.42,1.1589380502700806,45.68533794164658,-0.25796762096189096,107,2714.HK,0.0,2026-02
2026-07-22,33.5,39.44,1.157410979270935,45.648289022445674,-0.2661280254441136,108,2714.HK,0.0,2026-02
2026-07-23,33.36,39.7,1.15762197971344,45.95759259462357,-0.2741134137669631,109,2714.HK,0.0,2026-02
2026-07-24,32.44,38.68,1.15762197971344,44.77681817531586,-0.27551797287188184,110,2714.HK,0.0,2026-02
2026-07-27,32.5,39.33,1.1586990356445312,45.57163307189941,-0.28683705609750687,111,2714.HK,0.0,2026-02
2026-07-28,32.98,39.3,1.1579099893569946,45.505862581729886,-0.275258216657976,112,2714.HK,0.0,2026-02
2026-07-29,32.24,38.88,1.1589430570602417,45.0597060585022,-0.28450487541703084,113,2714.HK,0.0,2026-02
2026-07-30,33.58,39.92,1.1609450578689575,46.34492671012879,-0.2754330973478266,114,2714.HK,0.0,2026-02
2026-07-31,33.12,39.26,1.1609450578689575,45.57870297193527,-0.273344833432549,115,2714.HK,0.0,2026-02
2026-08-03,32.8,38.93,1.1610649824142456,45.20025976538658,-0.27434045356709313,116,2714.HK,0.0,2026-02
2026-08-04,31.62,38.02,1.1611469984054565,44.14680887937546,-0.2837534398828937,117,2714.HK,0.0,2026-02
2026-08-05,31.4,38.36,1.1619360446929932,44.57186667442322,-0.2955197450139925,118,2714.HK,0.0,2026-02
2026-08-06,31.52,38.37,1.162284016609192,44.59683771729469,-0.2932234298806232,119,2714.HK,0.0,2026-02
2026-08-07,32.04,38.47,1.162284016609192,44.71306611895561,-0.28343093460063573,120,2714.HK,0.0,2026-02
2026-08-10,33.7,40.24,1.1625880002975464,46.78254113197327,-0.27964579980953785,121,2714.HK,0.0,2026-02
2026-08-11,34.44,40.11,1.163135051727295,46.6533469247818,-0.26178929765688885,122,2714.HK,0.0,2026-02
2026-08-12,34.48,39.93,1.1633410453796387,46.452207942008975,-0.2577317305768352,123,2714.HK,0.0,2026-02
2026-08-13,34.66,40.15,1.1635710000991821,46.71737565398216,-0.2580918873373059,124,2714.HK,0.0,2026-02
2026-08-14,34.0,39.29,1.1635710000991821,45.716704593896864,-0.25628935195519387,125,2714.HK,0.0,2026-02
2026-08-17,33.32,39.29,1.1637330055236816,45.72306978702545,-0.27126502758449944,126,2714.HK,0.0,2026-02
2026-08-18,34.84,39.93,1.163092017173767,46.44226424574852,-0.24982124438109465,127,2714.HK,0.0,2026-02
2026-08-19,34.1,38.84,1.1649320125579834,45.24595936775208,-0.24634154128901242,128,2714.HK,0.0,2026-02
2026-08-20,35.5,39.82,1.1665550470352173,46.452221972942354,-0.23577390935834763,129,2714.HK,0.0,2026-02
2026-08-21,33.7,39.07,1.1665550470352173,45.57730568766594,-0.26059692446629545,130,2714.HK,0.0,2026-02
2026-08-24,32.82,38.83,1.1652530431747437,45.246775666475294,-0.2746444466689959,131,2714.HK,0.0,2026-02
2026-08-25,33.36,39.93,1.1662189960479736,46.56712451219558,-0.28361477438308946,132,2714.HK,0.0,2026-02
2026-08-26,33.62,39.99,1.165971040725708,46.62718191862106,-0.2789613565178064,133,2714.HK,0.0,2026-02
2026-08-27,34.1,40.8,1.1657999753952026,47.564638996124266,-0.2830808617557554,134,2714.HK,0.0,2026-02
2026-08-28,35.48,41.68,1.1657999753952026,48.590542974472044,-0.26981676210862504,135,2714.HK,0.0,2026-02
2026-08-31,35.54,42.31,1.1652239561080933,49.30062558293343,-0.27911665258253826,136,2714.HK,0.0,2026-02
2026-09-01,36.18,42.4,1.1664259433746338,49.45645999908447,-0.2684474383999632,137,2714.HK,0.0,2026-02
2026-09-02,36.48,42.03,1.1670570373535156,49.05140727996827,-0.2562904507145958,138,2714.HK,0.0,2026-02
2026-09-03,35.82,42.08,1.166767954826355,49.097595539093014,-0.27043270435760924,139,2714.HK,0.0,2026-02
2026-09-04,39.12,43.97,1.166767954826355,51.302786973714824,-0.23746832662242545,140,2714.HK,0.0,2026-02
2026-09-07,39.88,43.91,1.1681150197982788,51.291930519342415,-0.22248978355452853,141,2714.HK,0.0,2026-02
2026-09-08,39.52,43.23,1.168408989906311,50.51032063364982,-0.21758564380064727,142,2714.HK,0.0,2026-02
2026-09-09,39.42,43.25,1.1684629917144775,50.536024391651154,-0.21996238377405053,143,2714.HK,0.0,2026-02
2026-09-10,37.94,42.22,1.169165015220642,49.36214694261551,-0.23139485719480535,144,2714.HK,0.0,2026-02
2026-09-11,38.08,42.18,1.169165015220642,49.315380342006684,-0.2278271051361318,145,2714.HK,0.0,2026-02
2026-09-14,38.2,42.59,1.1691210269927979,49.79286453962327,-0.2328218038228771,146,2714.HK,0.0,2026-02
2026-09-15,38.4,42.37,1.1687699556350708,49.520783020257944,-0.22456799634425528,147,2714.HK,0.0,2026-02
2026-09-16,37.28,41.08,1.1693899631500244,48.038539686203,-0.22395642657915615,148,2714.HK,0.0,2026-02
2026-09-17,37.52,41.28,1.16942298412323,48.273780784606934,-0.22276649166116258,149,2714.HK,0.0,2026-02
2026-09-18,37.2,41.35,1.16942298412323,48.35564039349556,-0.23069987911888212,150,2714.HK,0.0,2026-02
2026-09-21,38.42,42.38,1.1717050075531006,49.6568582201004,-0.22629015654381213,151,2714.HK,0.0,2026-02
2026-09-22,37.7,41.86,1.170611023902893,49.001777460575106,-0.23064015319991338,152,2714.HK,0.0,2026-02
2026-09-23,37.82,41.4,1.16852605342865,48.37697861194611,-0.2182231903449049,153,2714.HK,0.0,2026-02
2026-09-24,36.3,40.48,1.1684240102767944,47.297803936004634,-0.2325225067718789,154,2714.HK,0.0,2026-02
2026-09-28,37.12,41.71,1.1688159704208374,48.75131412625313,-0.2385846276088287,156,2714.HK,0.0,2026-02
2026-09-29,37.66,42.29,1.1688159704208374,49.429227389097214,-0.23810259659638533,157,2714.HK,0.0,2026-02
2026-09-30,37.84,42.45,1.1686999797821045,49.61131414175034,-0.237270758603917,158,2714.HK,0.0,2026-02
2026-02-06,110.0,147.16,1.126062035560608,165.71128915309905,-0.3361948931652322,0,3200.HK,0.0,2026-02
2026-02-09,120.8,149.62,1.1257539987564087,168.4353132939339,-0.28281072633982773,1,3200.HK,0.0,2026-02
2026-02-10,118.8,148.7,1.1290030479431152,167.88275322914123,-0.2923632850013411,2,3200.HK,0.0,2026-02
2026-02-11,122.2,150.7,1.1309620141983032,170.43597553968428,-0.28301522250185396,3,3200.HK,0.0,2026-02
2026-02-12,118.8,151.7,1.1306719779968262,171.52293906211852,-0.3073812712772165,4,3200.HK,0.0,2026-02
2026-02-13,112.6,149.0,1.1324909925460815,168.74115788936615,-0.33270577606309115,5,3200.HK,0.0,2026-02
2026-02-24,120.7,153.92,1.1316310167312622,174.18064609527588,-0.30704126603148696,9,3200.HK,0.0,2026-02
2026-02-25,126.5,162.3,1.1362340450286865,184.41078550815584,-0.31403144533319416,10,3200.HK,0.0,2026-02
2026-02-26,128.6,165.91,1.138198971748352,188.83859140276908,-0.3189951320611565,11,3200.HK,0.0,2026-02
2026-02-27,125.8,156.41,1.1433969736099243,178.83872064232827,-0.2965729147011962,12,3200.HK,0.0,2026-02
2026-03-02,125.6,153.38,1.140552043914795,174.93787249565125,-0.282030824954029,13,3200.HK,0.0,2026-02
2026-03-03,113.5,144.11,1.1363999843597412,163.76660174608233,-0.3069404946438343,14,3200.HK,0.0,2026-02
2026-03-04,109.8,144.46,1.1309289932250977,163.3740023612976,-0.32792244535222936,15,3200.HK,0.0,2026-02
2026-03-05,118.8,147.64,1.1331690549850464,167.30107927799224,-0.2899029670777047,16,3200.HK,0.0,2026-02
2026-03-06,120.0,147.3,1.1334420442581177,166.95601311922076,-0.2812478103779956,17,3200.HK,0.0,2026-02
2026-03-09,112.7,142.88,1.1332310438156128,161.91605154037475,-0.3039602996254045,18,3200.HK,0.0,2026-02
2026-03-10,118.6,149.93,1.1315950155258179,169.66004067778587,-0.3009550184816815,19,3200.HK,0.0,2026-02
2026-03-11,115.5,151.6,1.1375850439071655,172.4578926563263,-0.33027130146969763,20,3200.HK,0.0,2026-02
2026-03-12,116.8,147.7,1.1396000385284424,168.31892569065093,-0.3060792212120951,21,3200.HK,0.0,2026-02
2026-03-13,109.0,149.42,1.1393100023269653,170.23570054769513,-0.35971127296262195,22,3200.HK,0.0,2026-02
2026-03-16,113.2,155.26,1.134883999824524,176.2020898127556,-0.35755586031758146,23,3200.HK,0.0,2026-02
2026-03-17,110.1,149.48,1.1253759860992432,168.22120240211487,-0.34550461875300553,24,3200.HK,0.0,2026-02
2026-03-18,117.0,157.99,1.1378190517425537,179.76403198480608,-0.3491467747569825,25,3200.HK,0.0,2026-02
2026-03-19,112.8,152.81,1.1400790214538574,174.21547526836395,-0.35252594623846534,26,3200.HK,0.0,2026-02
2026-03-20,112.5,159.15,1.1349090337753296,180.6207727253437,-0.3771480527820008,27,3200.HK,0.0,2026-02
2026-03-23,102.4,144.9,1.137529969215393,164.82809253931046,-0.3787466782970976,28,3200.HK,0.0,2026-02
2026-03-24,105.3,159.5,1.1384819746017456,181.58787494897842,-0.4201154673483204,29,3200.HK,0.0,2026-02
2026-03-25,109.6,162.0,1.1355489492416382,183.95892977714539,-0.4042148422325925,30,3200.HK,0.0,2026-02
2026-03-26,103.2,164.15,1.132627010345459,185.9207237482071,-0.4449247081257923,31,3200.HK,0.0,2026-02
2026-03-27,99.1,168.69,1.1321159601211548,190.9766413128376,-0.4810883712335011,32,3200.HK,0.0,2026-02
2026-03-30,103.9,176.17,1.1335409879684448,199.69591585040092,-0.47970893867536546,33,3200.HK,0.0,2026-02
2026-03-31,98.0,162.2,1.1366699934005737,184.36787292957305,-0.4684540292036934,34,3200.HK,0.0,2026-02
2026-04-01,104.3,159.76,1.140197992324829,182.1580312538147,-0.42742024997695083,35,3200.HK,0.0,2026-02
2026-04-02,107.0,157.05,1.1380009651184082,178.723051571846,-0.401308342382536,36,3200.HK,0.0,2026-02
2026-04-08,119.8,174.73,1.146731972694397,200.36847758889198,-0.40210156087625304,37,3200.HK,0.0,2026-02
2026-04-09,119.8,182.89,1.1465580463409424,209.69400109529494,-0.4286913341619287,38,3200.HK,0.0,2026-02
2026-04-10,119.8,181.82,1.1465580463409424,208.46718398571014,-0.4253292162846505,39,3200.HK,0.0,2026-02
2026-04-13,125.0,183.25,1.1462260484695435,210.04592338204384,-0.40489204461901085,40,3200.HK,0.0,2026-02
2026-04-14,135.0,192.44,1.149266004562378,221.164749917984,-0.38959531276994663,41,3200.HK,0.0,2026-02
2026-04-15,130.0,188.77,1.148550033569336,216.81178983688355,-0.400401610549849,42,3200.HK,0.0,2026-02
2026-04-16,145.0,196.26,1.1466050148010254,225.03270020484922,-0.3556492017915386,43,3200.HK,0.0,2026-02
2026-04-17,147.1,202.79,1.1466050148010254,232.52003095149993,-0.3673663322766254,44,3200.HK,0.0,2026-02
2026-04-20,148.8,206.12,1.148368000984192,236.70161236286165,-0.3713604292146062,45,3200.HK,0.0,2026-02
2026-04-21,141.8,200.6,1.1478389501571655,230.2564934015274,-0.38416503306716565,46,3200.HK,0.0,2026-02
2026-04-22,140.4,198.32,1.1475130319595337,227.5747844982147,-0.38305994528536436,47,3200.HK,0.0,2026-02
2026-04-23,132.5,191.1,1.1473690271377563,219.26222108602522,-0.3957007306424438,48,3200.HK,0.0,2026-02
2026-04-24,139.1,186.56,1.1473690271377563,214.05316570281983,-0.35016144450244135,49,3200.HK,0.0,2026-02
2026-04-27,140.6,188.26,1.1485220193862915,216.22075536966324,-0.3497386513166959,50,3200.HK,0.0,2026-02
2026-04-28,137.7,185.1,1.1459360122680664,212.1127558708191,-0.35081697734453066,51,3200.HK,0.0,2026-02
2026-04-29,139.1,185.11,1.145792007446289,212.0975584983826,-0.3441697255507977,52,3200.HK,0.0,2026-02
2026-04-30,140.3,182.59,1.1469759941101074,209.42634676456453,-0.3300747390789174,53,3200.HK,0.0,2026-02
2026-05-06,141.3,184.74,1.1501250267028809,212.4740974330902,-0.3349777610209804,56,3200.HK,0.0,2026-02
2026-05-07,142.6,193.95,1.1517200469970703,223.37610311508178,-0.36161479222093207,57,3200.HK,0.0,2026-02
2026-05-08,142.6,187.78,1.1517200469970703,216.26999042510985,-0.340638986852965,58,3200.HK,0.0,2026-02
2026-05-11,140.6,201.91,1.1520789861679077,232.61626809716225,-0.39557107871203434,59,3200.HK,0.0,2026-02
2026-05-12,142.0,210.2,1.1525379419326782,242.26347539424896,-0.4138612939118642,60,3200.HK,0.0,2026-02
2026-05-13,185.0,233.97,1.152662992477417,269.68856034994127,-0.31402355457736686,61,3200.HK,0.0,2026-02
2026-05-14,162.3,218.39,1.1543200016021729,252.09194514989852,-0.3561872835584119,62,3200.HK,0.0,2026-02
2026-05-15,162.3,221.95,1.1543200016021729,256.20132435560225,-0.36651381327470856,63,3200.HK,0.0,2026-02
2026-05-18,156.8,216.55,1.1515320539474487,249.36426628232005,-0.3712010051092186,64,3200.HK,0.0,2026-02
2026-05-19,159.5,218.31,1.1492929458618164,250.90214301109313,-0.3642939909327597,65,3200.HK,0.0,2026-02
2026-05-20,164.5,224.0,1.151231050491333,257.8757553100586,-0.36209590621571863,66,3200.HK,0.0,2026-02
2026-05-21,179.2,249.46,1.151487946510315,287.2501831364632,-0.37615357440914876,67,3200.HK,0.0,2026-02
2026-05-22,188.0,274.0,1.151487946510315,315.5076973438263,-0.4041349812295516,68,3200.HK,0.0,2026-02
2026-05-26,192.4,285.36,1.1545629501342773,329.4660834503174,-0.41602486670220973,69,3200.HK,0.0,2026-02
2026-05-27,191.3,303.0,1.155385971069336,350.0819492340088,-0.4535565160712487,70,3200.HK,0.0,2026-02
2026-05-28,187.2,294.99,1.155282974243164,340.796924571991,-0.4506992683836404,71,3200.HK,0.0,2026-02
2026-05-29,180.0,279.0,1.155282974243164,322.3239498138428,-0.44155561476595684,72,3200.HK,0.0,2026-02
2026-06-01,180.3,275.8,1.1584069728851318,319.48864312171935,-0.43566069129002183,73,3200.HK,0.0,2026-02
2026-06-02,174.0,279.1,1.1587949991226196,323.4196842551232,-0.46199935108852697,74,3200.HK,0.0,2026-02
2026-06-03,173.0,285.99,1.157420039176941,331.01055700421335,-0.4773580590126075,75,3200.HK,0.0,2026-02
2026-06-04,176.0,298.8,1.156491994857788,345.5598080635071,-0.4906815089801917,76,3200.HK,0.0,2026-02
2026-06-05,166.9,277.2,1.156491994857788,320.57958097457885,-0.4793804412226905,77,3200.HK,0.0,2026-02
2026-06-08,165.0,277.67,1.1580270528793335,321.54937177300457,-0.4868595168132359,78,3200.HK,0.0,2026-02
2026-06-09,162.6,288.68,1.1571120023727417,334.03509284496306,-0.513224797385381,79,3200.HK,0.0,2026-02
2026-06-10,155.8,270.81,1.1569290161132812,313.3079468536377,-0.5027256679423384,80,3200.HK,0.0,2026-02
2026-06-11,151.5,263.09,1.1563459634780884,304.22305953145025,-0.5020101361371718,81,3200.HK,0.0,2026-02
2026-06-12,154.2,277.0,1.1563459634780884,320.3078318834305,-0.518588106031332,82,3200.HK,0.0,2026-02
2026-06-15,171.2,304.4,1.1586040258407593,352.6790654659271,-0.5145728318922862,83,3200.HK,0.0,2026-02
2026-06-16,174.2,326.0,1.158974051475525,377.8255407810211,-0.5389406453573709,84,3200.HK,0.0,2026-02
2026-06-17,182.0,328.08,1.1593559980392456,380.3615158367157,-0.5215078486590892,85,3200.HK,0.0,2026-02
2026-06-18,192.4,337.0,1.1576859951019287,390.14018034935,-0.5068439251047766,86,3200.HK,0.0,2026-02
2026-06-22,193.0,338.96,1.156896948814392,392.1417897701263,-0.5078310829530903,87,3200.HK,0.0,2026-02
2026-06-23,180.7,346.44,1.1545089483261108,399.9680800580978,-0.5482139475386331,88,3200.HK,0.0,2026-02
2026-06-24,184.3,357.46,1.1541520357131958,412.56318668603893,-0.553280549628262,89,3200.HK,0.0,2026-02
2026-06-25,195.5,387.54,1.154500961303711,447.41530254364017,-0.5630457901449822,90,3200.HK,0.0,2026-02
2026-06-26,180.0,370.78,1.154500961303711,428.0658664321899,-0.5795039639571125,91,3200.HK,0.0,2026-02
2026-06-29,173.4,343.45,1.153959035873413,396.3272308707237,-0.5624827503801761,92,3200.HK,0.0,2026-02
2026-06-30,181.7,360.65,1.1542860269546509,416.2932556211948,-0.5635288404351726,93,3200.HK,0.0,2026-02
2026-07-02,163.3,348.6,1.1552209854125977,402.7100355148316,-0.5944973166828722,94,3200.HK,0.0,2026-02
2026-07-03,160.0,343.0,1.1552209854125977,396.240797996521,-0.5962051338252029,95,3200.HK,0.0,2026-02
2026-07-06,148.8,342.9,1.1538079977035522,395.64076241254804,-0.6239012403761339,96,3200.HK,0.0,2026-02
2026-07-07,136.3,336.63,1.1541539430618286,388.52284185290335,-0.6491840753815863,97,3200.HK,0.0,2026-02
2026-07-08,133.3,314.0,1.1521199941635132,361.76567816734314,-0.6315294455922957,98,3200.HK,0.0,2026-02
2026-07-09,145.0,328.0,1.1535500288009644,378.3644094467163,-0.6167715663002393,99,3200.HK,0.0,2026-02
2026-07-10,137.0,336.0,1.1535500288009644,387.592809677124,-0.6465362705925197,100,3200.HK,0.0,2026-02
2026-07-13,121.1,303.01,1.1558259725570679,350.22682794451714,-0.6542240903966825,101,3200.HK,0.0,2026-02
2026-07-14,126.9,327.0,1.1575560569763184,378.5208306312561,-0.6647476446979947,102,3200.HK,0.0,2026-02
2026-07-15,126.7,312.0,1.1579129695892334,361.2688465118408,-0.6492916529522915,103,3200.HK,0.0,2026-02
2026-07-16,116.3,287.88,1.157472014427185,333.21304351329803,-0.6509740471928476,104,3200.HK,0.0,2026-02
2026-07-17,109.2,256.3,1.157472014427185,296.66007729768756,-0.6319019364023768,105,3200.HK,0.0,2026-02
2026-07-20,110.0,225.5,1.1575069427490234,261.0178155899048,-0.578572827485365,106,3200.HK,0.0,2026-02
2026-07-21,119.7,259.46,1.1589380502700806,300.69806652307506,-0.6019262731414523,107,3200.HK,0.0,2026-02
2026-07-22,115.6,250.05,1.157410979270935,289.4106153666973,-0.6005675194272706,108,3200.HK,0.0,2026-02
2026-07-23,113.0,249.58,1.15762197971344,288.91929369688035,-0.608887317443902,109,3200.HK,0.0,2026-02
2026-07-24,107.0,260.34,1.15762197971344,301.37530619859695,-0.6449609579840947,110,3200.HK,0.0,2026-02
2026-07-27,111.7,265.17,1.1586990356445312,307.2522232818604,-0.6364550309615462,111,3200.HK,0.0,2026-02
2026-07-28,97.7,236.32,1.1579099893569946,273.637288684845,-0.6429580176387306,112,3200.HK,0.0,2026-02
2026-07-29,94.65,230.56,1.1589430570602417,267.2059112358093,-0.6457787944800691,113,3200.HK,0.0,2026-02
2026-07-30,84.25,211.4,1.1609450578689575,245.42378523349763,-0.6567162391377671,114,3200.HK,0.0,2026-02
2026-07-31,94.3,233.0,1.1609450578689575,270.5001984834671,-0.65138657742699,115,3200.HK,0.0,2026-02
2026-08-03,90.05,223.27,1.1610649824142456,259.23097862362863,-0.6526263933496101,116,3200.HK,0.0,2026-02
2026-08-04,104.4,247.49,1.1611469984054565,287.3722706353665,-0.6367081633548827,117,3200.HK,0.0,2026-02
2026-08-05,108.6,261.39,1.1619360446929932,303.71846272230147,-0.6424320107951551,118,3200.HK,0.0,2026-02
2026-08-06,102.5,269.31,1.162284016609192,313.01470851302145,-0.672539349710028,119,3200.HK,0.0,2026-02
2026-08-07,109.6,283.8,1.162284016609192,329.85620391368866,-0.6677340043945987,120,3200.HK,0.0,2026-02
2026-08-10,107.4,276.01,1.1625880002975464,320.88591396212576,-0.6653016061880596,121,3200.HK,0.0,2026-02
2026-08-11,104.7,272.76,1.163135051727295,317.2567167091369,-0.6699833463384491,122,3200.HK,0.0,2026-02
2026-08-12,108.1,281.16,1.1633410453796387,327.0849683189392,-0.6695048367536348,123,3200.HK,0.0,2026-02
2026-08-13,111.3,287.06,1.1635710000991821,334.0146912884712,-0.6667811239959025,124,3200.HK,0.0,2026-02
2026-08-14,109.6,290.09,1.1635710000991821,337.5403114187717,-0.6752980420640069,125,3200.HK,0.0,2026-02
2026-08-17,113.9,300.88,1.1637330055236816,350.14398670196533,-0.674705251765614,126,3200.HK,0.0,2026-02
2026-08-18,114.3,309.0,1.163092017173767,359.39543330669403,-0.6819659088365186,127,3200.HK,0.0,2026-02
2026-08-19,105.6,294.01,1.1649320125579834,342.5016610121727,-0.6916803273656331,128,3200.HK,0.0,2026-02
2026-08-20,104.8,286.93,1.1665550470352173,334.7196396458149,-0.6869021485835292,129,3200.HK,0.0,2026-02
2026-08-21,104.5,282.01,1.1665550470352173,328.98018881440163,-0.6823516930408384,130,3200.HK,0.0,2026-02
2026-08-24,93.95,267.0,1.1652530431747437,311.12256252765656,-0.6980289721300796,131,3200.HK,0.0,2026-02
2026-08-25,100.8,269.06,1.1662189960479736,313.7828830766678,-0.6787587678089785,132,3200.HK,0.0,2026-02
2026-08-26,100.5,268.6,1.165971040725708,313.1798215389252,-0.6790980992767798,133,3200.HK,0.0,2026-02
2026-08-27,106.6,282.4,1.1657999753952026,329.2219130516052,-0.6762062433453797,134,3200.HK,0.0,2026-02
2026-08-28,102.1,268.36,1.1657999753952026,312.8540813970566,-0.6736497745400339,135,3200.HK,0.0,2026-02
2026-08-31,114.0,280.0,1.1652239561080933,326.2627077102661,-0.6505883225206468,136,3200.HK,0.0,2026-02
2026-09-01,105.1,268.0,1.1664259433746338,312.60215282440186,-0.663789903395074,137,3200.HK,0.0,2026-02
2026-09-02,102.6,260.6,1.1670570373535156,304.1350639343262,-0.6626498810339243,138,3200.HK,0.0,2026-02
2026-09-03,105.1,269.17,1.166767954826355,314.05893040061,-0.6653494302297482,139,3200.HK,0.0,2026-02
2026-09-04,100.8,254.4,1.166767954826355,296.8257677078247,-0.6604068414329152,140,3200.HK,0.0,2026-02
2026-09-07,108.8,267.9,1.1681150197982788,312.9380138039589,-0.6523273133951757,141,3200.HK,0.0,2026-02
2026-09-08,106.0,264.27,1.168408989906311,308.7754437625408,-0.6567084522384568,142,3200.HK,0.0,2026-02
2026-09-09,107.0,263.04,1.1684629917144775,307.3525053405762,-0.6518655350427884,143,3200.HK,0.0,2026-02
2026-09-10,105.7,260.89,1.169165015220642,305.0234608209133,-0.6534692783449236,144,3200.HK,0.0,2026-02
2026-09-11,103.6,259.21,1.169165015220642,303.0592635953426,-0.6581526703030235,145,3200.HK,0.0,2026-02
2026-09-14,99.35,256.08,1.1691210269927979,299.38851259231564,-0.6681569404926126,146,3200.HK,0.0,2026-02
2026-09-15,104.2,258.4,1.1687699556350708,302.0101565361023,-0.6549784908060072,147,3200.HK,0.0,2026-02
2026-09-16,110.0,265.15,1.1693899631500244,310.06374872922896,-0.645234244729266,148,3200.HK,0.0,2026-02
2026-09-17,107.1,258.88,1.16942298412323,302.74022212982175,-0.6462313489547711,149,3200.HK,0.0,2026-02
2026-09-18,113.8,271.17,1.16942298412323,317.11243060469627,-0.6411367419971625,150,3200.HK,0.0,2026-02
2026-09-21,111.6,261.96,1.1717050075531006,306.9398437786102,-0.6364108399022483,151,3200.HK,0.0,2026-02
2026-09-22,109.3,258.93,1.170611023902893,303.1063124191761,-0.6394004495398127,152,3200.HK,0.0,2026-02
2026-09-23,108.8,256.98,1.16852605342865,300.28782521009447,-0.637680948523708,153,3200.HK,0.0,2026-02
2026-09-24,103.9,243.52,1.1684240102767944,284.534614982605,-0.634842319601951,154,3200.HK,0.0,2026-02
2026-09-28,93.8,233.38,1.1688159704208374,272.77827117681505,-0.6561309682207099,156,3200.HK,0.0,2026-02
2026-09-29,96.05,230.9,1.1688159704208374,269.87960757017134,-0.6441005644525177,157,3200.HK,0.0,2026-02
2026-09-30,96.6,224.79,1.1686999797821045,262.71206845521925,-0.6322970597886104,158,3200.HK,0.0,2026-02
2026-02-09,175.0,173.45,1.1257539987564087,195.26203108429908,-0.10376841299756578,0,6809.HK,0.0,2026-02
2026-02-10,178.0,177.5,1.1290030479431152,200.39804100990295,-0.11176776428067037,1,6809.HK,0.0,2026-02
2026-02-11,172.7,169.9,1.1309620141983032,192.1504462122917,-0.101225090004748,2,6809.HK,0.0,2026-02
2026-02-12,182.3,168.11,1.1306719779968262,190.07726622104647,-0.04091634089477092,3,6809.HK,0.0,2026-02
2026-02-13,185.0,164.6,1.1324909925460815,186.40801737308502,-0.007553416386951617,4,6809.HK,0.0,2026-02
2026-02-24,206.8,174.61,1.1316310167312622,197.59409183144572,0.04658999711594225,8,6809.HK,0.0,2026-02
2026-02-25,192.1,167.74,1.1362340450286865,190.59189871311187,0.007912725026986589,9,6809.HK,0.0,2026-02
2026-02-26,188.0,165.12,1.138198971748352,187.9394142150879,0.0003223687014515253,10,6809.HK,0.0,2026-02
2026-02-27,179.2,163.55,1.1433969736099243,187.00257503390313,-0.04172442562616341,11,6809.HK,0.0,2026-02
2026-03-02,177.0,159.44,1.140552043914795,181.8496178817749,-0.02666828744687133,12,6809.HK,0.0,2026-02
2026-03-03,166.0,147.89,1.1363999843597412,168.0621936869621,-0.0122704199065925,13,6809.HK,0.0,2026-02
2026-03-04,167.2,150.31,1.1309289932250977,169.98993697166443,-0.016412365469195334,14,6809.HK,0.0,2026-02
2026-03-05,173.8,152.63,1.1331690549850464,172.95559286236764,0.004882219323802506,15,6809.HK,0.0,2026-02
2026-03-06,170.0,151.61,1.1334420442581177,171.84114832997324,-0.010714245964172808,16,6809.HK,0.0,2026-02
2026-03-09,165.9,148.18,1.1332310438156128,167.92217607259752,-0.012042340802701834,17,6809.HK,0.0,2026-02
2026-03-10,183.9,152.98,1.1315950155258179,173.1114054751396,0.06232168524799908,18,6809.HK,0.0,2026-02
2026-03-11,178.9,149.8,1.1375850439071655,170.4102395772934,0.04981954396499688,19,6809.HK,0.0,2026-02
2026-03-12,185.5,147.85,1.1396000385284424,168.4898656964302,0.10095642389683612,20,6809.HK,0.0,2026-02
2026-03-13,175.5,146.5,1.1393100023269653,166.90891534090042,0.05147169425643239,21,6809.HK,0.0,2026-02
2026-03-16,189.5,152.5,1.134883999824524,173.0698099732399,0.09493388840780814,22,6809.HK,0.0,2026-02
2026-03-17,179.3,146.59,1.1253759860992432,164.96886580228806,0.08687175078773679,23,6809.HK,0.0,2026-02
2026-03-18,194.7,153.62,1.1378190517425537,174.7917627286911,0.11389688484468286,24,6809.HK,0.0,2026-02
2026-03-19,195.4,149.68,1.1400790214538574,170.6470279312134,0.1450536371413651,25,6809.HK,0.0,2026-02
2026-03-20,188.7,144.9,1.1349090337753296,164.44831899404525,0.1474729638728196,26,6809.HK,0.0,2026-02
2026-03-23,172.9,136.8,1.137529969215393,155.61409978866578,0.11108183792348902,27,6809.HK,0.0,2026-02
2026-03-24,174.0,137.57,1.1384819746017456,156.62096524596214,0.11096237803633313,28,6809.HK,0.0,2026-02
2026-03-25,182.0,142.0,1.1355489492416382,161.24795079231262,0.12869651431673712,29,6809.HK,0.0,2026-02
2026-03-26,181.0,136.99,1.132627010345459,155.15857414722444,0.16654848753801743,30,6809.HK,0.0,2026-02
2026-03-27,177.3,135.1,1.1321159601211548,152.94886621236802,0.1592109467082985,31,6809.HK,0.0,2026-02
2026-03-30,165.1,132.0,1.1335409879684448,149.62741041183472,0.1034074541929082,32,6809.HK,0.0,2026-02
2026-03-31,154.0,125.28,1.1366699934005737,142.4020167732239,0.08144535793510554,33,6809.HK,0.0,2026-02
2026-04-01,171.0,129.97,1.140197992324829,148.19153306245803,0.1539120789574997,34,6809.HK,0.0,2026-02
2026-04-02,175.0,129.0,1.1380009651184082,146.80212450027466,0.19208084076244125,35,6809.HK,0.0,2026-02
2026-04-08,200.0,139.21,1.146731972694397,159.63655791878702,0.2528458556576203,36,6809.HK,0.0,2026-02
2026-04-09,194.8,139.17,1.1465580463409424,159.56648330926893,0.22080775335784075,37,6809.HK,0.0,2026-02
2026-04-10,199.4,143.53,1.1465580463409424,164.56547639131546,0.21167576804415855,38,6809.HK,0.0,2026-02
2026-04-13,213.0,152.3,1.1462260484695435,174.5702271819115,0.2201393298184955,39,6809.HK,0.0,2026-02
2026-04-14,209.8,153.36,1.149266004562378,176.2514344596863,0.19034492197558395,40,6809.HK,0.0,2026-02
2026-04-15,202.4,147.18,1.148550033569336,169.04359394073487,0.19732428352747622,41,6809.HK,0.0,2026-02
2026-04-16,218.6,151.0,1.1466050148010254,173.13735723495483,0.26258136020495226,42,6809.HK,0.0,2026-02
2026-04-17,209.4,150.78,1.1466050148010254,172.8851041316986,0.21120903418310388,43,6809.HK,0.0,2026-02
2026-04-20,205.0,154.66,1.148368000984192,177.60659503221513,0.15423641764437934,44,6809.HK,0.0,2026-02
2026-04-21,207.2,158.4,1.1478389501571655,181.81768970489503,0.13960308447600744,45,6809.HK,0.0,2026-02
2026-04-22,224.4,163.35,1.1475130319595337,187.44625377058983,0.19714315696400542,46,6809.HK,0.0,2026-02
2026-04-23,229.6,159.7,1.1473690271377563,183.23483363389968,0.2530368568387886,47,6809.HK,0.0,2026-02
2026-04-24,227.8,163.5,1.1473690271377563,187.59483593702316,0.2143191408343137,48,6809.HK,0.0,2026-02
2026-04-27,259.2,178.09,1.1485220193862915,204.54028643250464,0.26723201830233223,49,6809.HK,0.0,2026-02
2026-04-28,264.8,173.61,1.1459360122680664,198.94595108985902,0.3310147733561881,50,6809.HK,0.0,2026-02
2026-04-29,254.8,169.9,1.145792007446289,194.6700620651245,0.30888127993075676,51,6809.HK,0.0,2026-02
2026-04-30,261.8,173.3,1.1469759941101074,198.77093977928163,0.31709393883586223,52,6809.HK,0.0,2026-02
2026-05-06,321.6,198.98,1.1501250267028809,228.85187781333923,0.4052757751994933,55,6809.HK,0.0,2026-02
2026-05-07,357.6,209.91,1.1517200469970703,241.75755506515503,0.47916783781017647,56,6809.HK,0.0,2026-02
2026-05-08,375.6,210.27,1.1517200469970703,242.172174282074,0.5509626616413568,57,6809.HK,0.0,2026-02
2026-05-11,418.6,249.22,1.1520789861679077,287.12112493276595,0.4579212870457441,58,6809.HK,0.0,2026-02
2026-05-12,413.0,240.7,1.1525379419326782,277.4158826231956,0.4887395634840548,59,6809.HK,0.0,2026-02
2026-05-13,501.0,258.8,1.152662992477417,298.30918245315553,0.6794655661619591,60,6809.HK,0.0,2026-02
2026-05-14,482.4,265.08,1.1543200016021729,305.987146024704,0.5765368129583235,61,6809.HK,0.0,2026-02
2026-05-15,448.6,247.98,1.1543200016021729,286.2482739973068,0.5671710216293593,62,6809.HK,0.0,2026-02
2026-05-18,440.8,247.99,1.1515320539474487,285.56843405842784,0.5435879720158829,63,6809.HK,0.0,2026-02
2026-05-19,423.6,247.11,1.1492929458618164,284.00177985191345,0.4915399481682017,64,6809.HK,0.0,2026-02
2026-05-20,446.8,257.3,1.151231050491333,296.21174929142,0.5083804105299947,65,6809.HK,0.0,2026-02
2026-05-21,446.2,262.17,1.151487946510315,301.88559493660927,0.47804336306173956,66,6809.HK,0.0,2026-02
2026-05-22,471.8,271.83,1.151487946510315,313.0089684998989,0.5073050534657519,67,6809.HK,0.0,2026-02
2026-05-26,462.0,272.29,1.1545629501342773,314.3759456920624,0.4695780842359307,68,6809.HK,0.0,2026-02
2026-05-27,469.0,265.5,1.155385971069336,306.7549753189087,0.5289075572854787,69,6809.HK,0.0,2026-02
2026-05-28,458.8,260.98,1.155282974243164,301.505750617981,0.5216956859350808,70,6809.HK,0.0,2026-02
2026-05-29,400.0,253.0,1.155282974243164,292.2865924835205,0.36851983733243765,71,6809.HK,0.0,2026-02
2026-06-01,372.4,232.3,1.1584069728851318,269.0979398012161,0.3838827613288067,72,6809.HK,0.0,2026-02
2026-06-02,380.2,237.0,1.1587949991226196,274.63441479206085,0.3843858581520747,73,6809.HK,0.0,2026-02
2026-06-03,403.0,253.9,1.157420039176941,293.86894794702533,0.37135959010084774,74,6809.HK,0.0,2026-02
2026-06-04,406.2,259.67,1.156491994857788,300.30627630472185,0.35261908275212805,75,6809.HK,0.0,2026-02
2026-06-05,368.8,239.39,1.156491994857788,276.8526186490059,0.3321167117713455,76,6809.HK,0.0,2026-02
2026-06-08,347.4,224.31,1.1580270528793335,259.7570482313633,0.3374035559973483,77,6809.HK,0.0,2026-02
2026-06-09,360.4,236.4,1.1571120023727417,273.5412773609161,0.3175342437422364,78,6809.HK,0.0,2026-02
2026-06-10,345.2,231.0,1.1569290161132812,267.25060272216797,0.29167154903993886,79,6809.HK,0.0,2026-02
2026-06-11,365.0,228.7,1.1563459634780884,264.4563218474388,0.38019011022381033,80,6809.HK,0.0,2026-02
2026-06-12,355.0,224.88,1.1563459634780884,260.0390802669525,0.365179417015173,81,6809.HK,0.0,2026-02
2026-06-15,384.6,240.1,1.1586040258407593,278.1808266043663,0.382553947713244,82,6809.HK,0.0,2026-02
2026-06-16,378.4,244.17,1.158974051475525,282.9866941487789,0.3371653431912174,83,6809.HK,0.0,2026-02
2026-06-17,420.6,262.5,1.1593559980392456,304.33094948530197,0.3820480654739107,84,6809.HK,0.0,2026-02
2026-06-18,446.4,269.9,1.1576859951019287,312.45945007801055,0.428665383263489,85,6809.HK,0.0,2026-02
2026-06-22,466.2,280.05,1.156896948814392,323.9889905154705,0.43893778383725324,86,6809.HK,0.0,2026-02
2026-06-23,408.2,258.0,1.1545089483261108,297.8633086681366,0.3704272668735935,87,6809.HK,0.0,2026-02
2026-06-24,430.2,266.49,1.1541520357131958,307.56997599720955,0.39870609478443697,88,6809.HK,0.0,2026-02
2026-06-25,459.0,279.16,1.154500961303711,322.29048835754395,0.424181031029351,89,6809.HK,0.0,2026-02
2026-06-26,419.8,261.82,1.154500961303711,302.2714416885376,0.38881793680186494,90,6809.HK,0.0,2026-02
2026-06-29,447.6,296.06,1.153959035873413,341.64111216068267,0.31014677118098755,91,6809.HK,0.0,2026-02
2026-06-30,464.6,309.9,1.1542860269546509,357.7132397532463,0.29880571465703976,92,6809.HK,0.0,2026-02
2026-07-02,388.4,269.15,1.1552209854125977,310.9277282238006,0.2491648854181192,93,6809.HK,0.0,2026-02
2026-07-03,382.6,266.8,1.1552209854125977,308.2129589080811,0.24134949210264556,94,6809.HK,0.0,2026-02
2026-07-06,372.0,268.68,1.1538079977035522,310.00513282299045,0.19998013133675419,95,6809.HK,0.0,2026-02
2026-07-07,333.6,253.2,1.1541539430618286,292.231778383255,0.14155962724386395,96,6809.HK,0.0,2026-02
2026-07-08,321.4,247.15,1.1521199941635132,284.7464565575123,0.12872344009339587,97,6809.HK,0.0,2026-02
2026-07-09,383.8,285.8,1.1535500288009644,329.68459823131565,0.16414294771124105,98,6809.HK,0.0,2026-02
2026-07-10,350.4,268.06,1.1535500288009644,309.22062072038653,0.13317151742234556,99,6809.HK,0.0,2026-02
2026-07-13,332.2,252.79,1.1558259725570679,292.1812476027012,0.13696550591677603,100,6809.HK,0.0,2026-02
2026-07-14,358.8,270.0,1.1575560569763184,312.54013538360596,0.14801255704204386,101,6809.HK,0.0,2026-02
2026-07-15,361.6,252.68,1.1579129695892334,292.5814491558075,0.23589517053570375,102,6809.HK,0.0,2026-02
2026-07-16,278.6,211.13,1.157472014427185,244.37706640601158,0.14004151083936,103,6809.HK,0.0,2026-02
2026-07-17,255.0,183.6,1.157472014427185,212.51186184883116,0.1999330191807951,104,6809.HK,0.0,2026-02
2026-07-20,264.0,189.94,1.1575069427490234,219.85686870574952,0.20078122441255375,105,6809.HK,0.0,2026-02
2026-07-21,309.0,219.6,1.1589380502700806,254.5027958393097,0.21413204511552486,106,6809.HK,0.0,2026-02
2026-07-22,319.4,223.0,1.157410979270935,258.1026483774185,0.23749214511331762,107,6809.HK,0.0,2026-02
2026-07-23,311.8,225.5,1.15762197971344,261.0437564253807,0.19443576919690853,108,6809.HK,0.0,2026-02
2026-07-24,332.6,233.66,1.15762197971344,270.4899517798424,0.22962053788493542,109,6809.HK,0.0,2026-02
2026-07-27,322.0,227.45,1.1586990356445312,263.54609565734864,0.22179764870677743,110,6809.HK,0.0,2026-02
2026-07-28,277.6,206.04,1.1579099893569946,238.57577420711516,0.16357161963564115,111,6809.HK,0.0,2026-02
2026-07-29,269.6,207.5,1.1589430570602417,240.48068434000015,0.12108796072299066,112,6809.HK,0.0,2026-02
2026-07-30,251.4,196.78,1.1609450578689575,228.45076848745347,0.10045591732735581,113,6809.HK,0.0,2026-02
2026-07-31,269.0,204.9,1.1609450578689575,237.8776423573494,0.13083347108299215,114,6809.HK,0.0,2026-02
2026-08-03,248.8,189.94,1.1610649824142456,220.5326827597618,0.12817745146206438,115,6809.HK,0.0,2026-02
2026-08-04,262.6,203.25,1.1611469984054565,236.00312742590904,0.11269711916186709,116,6809.HK,0.0,2026-02
2026-08-05,270.4,212.0,1.1619360446929932,246.33044147491455,0.09771248076757333,117,6809.HK,0.0,2026-02
2026-08-06,261.0,208.36,1.162284016609192,242.17349770069123,0.07773972989636113,118,6809.HK,0.0,2026-02
2026-08-07,269.2,215.52,1.162284016609192,250.49545125961305,0.07467021315689104,119,6809.HK,0.0,2026-02
2026-08-10,257.6,206.92,1.1625880002975464,240.56270902156828,0.07082266011937954,120,6809.HK,0.0,2026-02
2026-08-11,263.0,206.7,1.163135051727295,240.42001519203185,0.09391890600261688,121,6809.HK,0.0,2026-02
2026-08-12,283.0,215.43,1.1633410453796387,250.61856140613557,0.12920606682993951,122,6809.HK,0.0,2026-02
2026-08-13,286.8,210.22,1.1635710000991821,244.60589564085006,0.1724983130459894,123,6809.HK,0.0,2026-02
2026-08-14,283.8,211.91,1.1635710000991821,246.57233063101768,0.15098072550845765,124,6809.HK,0.0,2026-02
2026-08-17,311.0,224.37,1.1637330055236816,261.10677444934845,0.19108361188970302,125,6809.HK,0.0,2026-02
2026-08-18,290.8,218.0,1.163092017173767,253.55405974388123,0.14689546005984466,126,6809.HK,0.0,2026-02
2026-08-19,270.4,200.0,1.1649320125579834,232.98640251159668,0.16058275111802311,127,6809.HK,0.0,2026-02
2026-08-20,268.6,199.11,1.1665550470352173,232.27277541518214,0.15639897753787046,128,6809.HK,0.0,2026-02
2026-08-21,272.0,200.55,1.1665550470352173,233.95261468291284,0.1626285962593519,129,6809.HK,0.0,2026-02
2026-08-24,250.0,191.83,1.1652530431747437,223.5304912722111,0.11841565138223076,130,6809.HK,0.0,2026-02
2026-08-25,262.4,194.42,1.1662189960479736,226.736297211647,0.15729154628940023,131,6809.HK,0.0,2026-02
2026-08-26,268.2,201.0,1.165971040725708,234.3601791858673,0.14439236619329798,132,6809.HK,0.0,2026-02
2026-08-27,301.2,221.22,1.1657999753952026,257.8982705569267,0.16790236456244534,133,6809.HK,0.0,2026-02
2026-08-28,285.0,213.0,1.1657999753952026,248.31539475917816,0.1477339142681806,134,6809.HK,0.0,2026-02
2026-08-31,269.0,204.95,1.1652239561080933,238.8126498043537,0.1264059932351873,135,6809.HK,0.0,2026-02
2026-09-01,263.6,198.35,1.1664259433746338,231.3605858683586,0.1393470456976853,136,6809.HK,0.0,2026-02
2026-09-02,261.8,193.1,1.1670570373535156,225.35871391296385,0.16170347023328424,137,6809.HK,0.0,2026-02
2026-09-03,258.4,190.01,1.166767954826355,221.6975790965557,0.16555174419590446,138,6809.HK,0.0,2026-02
2026-09-04,261.6,187.7,1.166767954826355,219.00234512090682,0.1945077567803024,139,6809.HK,0.0,2026-02
2026-09-07,279.0,197.82,1.1681150197982788,231.0765132164955,0.20739228801935838,140,6809.HK,0.0,2026-02
2026-09-08,276.0,195.65,1.168408989906311,228.59921887516975,0.2073532068835029,141,6809.HK,0.0,2026-02
2026-09-09,271.4,195.3,1.1684629917144775,228.20082228183747,0.1893033394279786,142,6809.HK,0.0,2026-02
2026-09-10,270.4,195.33,1.169165015220642,228.37300242304804,0.18402787164438683,143,6809.HK,0.0,2026-02
2026-09-11,258.0,191.96,1.169165015220642,224.43291632175448,0.14956399546188948,144,6809.HK,0.0,2026-02
2026-09-14,243.0,184.65,1.1691210269927979,215.87819763422013,0.12563474525451857,145,6809.HK,0.0,2026-02
2026-09-15,256.2,187.83,1.1687699556350708,219.53006076693535,0.16703835048811544,146,6809.HK,0.0,2026-02
2026-09-16,270.2,199.89,1.1693899631500244,233.74935973405837,0.15593899511601772,147,6809.HK,0.0,2026-02
2026-09-17,267.6,194.33,1.16942298412323,227.25396850466728,0.17753719224711406,148,6809.HK,0.0,2026-02
2026-09-18,283.0,202.53,1.16942298412323,236.84323697447778,0.19488317933476007,149,6809.HK,0.0,2026-02
2026-09-21,286.4,210.1,1.1717050075531006,246.17522208690642,0.16339897074975784,150,6809.HK,0.0,2026-02
2026-09-22,309.6,221.83,1.170611023902893,259.6766434323788,0.1922520096830409,151,6809.HK,0.0,2026-02
2026-09-23,306.6,223.37,1.16852605342865,261.01366455435755,0.1746511452703996,152,6809.HK,0.0,2026-02
2026-09-24,300.0,214.5,1.1684240102767944,250.6269502043724,0.19699816701821815,153,6809.HK,0.0,2026-02
2026-09-28,285.2,208.6,1.1688159704208374,243.81501142978667,0.1697392967214051,155,6809.HK,0.0,2026-02
2026-09-29,294.0,212.6,1.1688159704208374,248.49027531147001,0.18314489221554386,156,6809.HK,0.0,2026-02
2026-09-30,287.4,202.31,1.1686999797821045,236.43969290971756,0.2155319458553906,157,6809.HK,0.0,2026-02
2026-02-11,45.8,55.35,1.1309620141983032,62.59874748587608,-0.2683559681392399,0,0470.HK,0.0,2026-02
2026-02-12,43.8,55.2,1.1306719779968262,62.413093185424806,-0.2982241743751852,1,0470.HK,0.0,2026-02
2026-02-13,45.4,54.8,1.1324909925460815,62.060506391525266,-0.2684558563930822,2,0470.HK,0.0,2026-02
2026-02-24,45.78,54.31,1.1316310167312622,61.45888051867485,-0.25511171675036737,6,0470.HK,0.0,2026-02
2026-02-25,45.8,55.45,1.1362340450286865,63.00417779684067,-0.2730640792157655,7,0470.HK,0.0,2026-02
2026-02-26,45.8,55.08,1.138198971748352,62.69199936389923,-0.26944425979858566,8,0470.HK,0.0,2026-02
2026-02-27,45.8,54.8,1.1433969736099243,62.65815415382385,-0.26904964535721243,9,0470.HK,0.0,2026-02
2026-03-02,44.58,53.28,1.140552043914795,60.76861289978027,-0.2663976044093448,10,0470.HK,0.0,2026-02
2026-03-03,42.0,50.15,1.1363999843597412,56.99045921564102,-0.2630345398502578,11,0470.HK,0.0,2026-02
2026-03-04,38.32,49.82,1.1309289932250977,56.34288244247436,-0.319878601540764,12,0470.HK,0.0,2026-02
2026-03-05,40.66,50.5,1.1331690549850464,57.22503727674484,-0.28947184772698364,13,0470.HK,0.0,2026-02
2026-03-06,40.3,50.14,1.1334420442581177,56.83078409910202,-0.29087728352076747,14,0470.HK,0.0,2026-02
2026-03-09,40.28,49.65,1.1332310438156128,56.26492132544517,-0.2841010162084092,15,0470.HK,0.0,2026-02
2026-03-10,41.5,50.87,1.1315950155258179,57.56423843979835,-0.2790662896825883,16,0470.HK,0.0,2026-02
2026-03-11,43.4,52.15,1.1375850439071655,59.32506003975868,-0.26843731854777675,17,0470.HK,0.0,2026-02
2026-03-12,45.62,52.5,1.1396000385284424,59.829002022743225,-0.23749354898719288,18,0470.HK,0.0,2026-02
2026-03-13,45.72,51.9,1.1393100023269653,59.1301891207695,-0.22679090529171275,19,0470.HK,0.0,2026-02
2026-03-16,43.66,51.35,1.134883999824524,58.2762933909893,-0.2508102787685066,20,0470.HK,0.0,2026-02
2026-03-17,41.66,49.84,1.1253759860992432,56.08873914718628,-0.2572484132567653,21,0470.HK,0.0,2026-02
2026-03-18,42.24,49.5,1.1378190517425537,56.32204306125641,-0.25002720597228045,22,0470.HK,0.0,2026-02
2026-03-19,42.3,48.17,1.1400790214538574,54.917606463432314,-0.22975521469301352,23,0470.HK,0.0,2026-02
2026-03-20,42.42,49.01,1.1349090337753296,55.6218917453289,-0.23735064254511962,24,0470.HK,0.0,2026-02
2026-03-23,41.5,47.19,1.137529969215393,53.680039247274394,-0.22690071427048808,25,0470.HK,0.0,2026-02
2026-03-24,42.5,47.26,1.1384819746017456,53.80465811967849,-0.21010556547972803,26,0470.HK,0.0,2026-02
2026-03-25,43.6,48.19,1.1355489492416382,54.722103863954544,-0.20324700767363357,27,0470.HK,0.0,2026-02
2026-03-26,42.74,48.16,1.132627010345459,54.5473168182373,-0.2164600846927387,28,0470.HK,0.0,2026-02
2026-03-27,44.74,49.6,1.1321159601211548,56.152951622009276,-0.20324758169143053,29,0470.HK,0.0,2026-02
2026-03-30,44.6,49.52,1.1335409879684448,56.13294972419739,-0.20545775308198078,30,0470.HK,0.0,2026-02
2026-03-31,41.32,47.7,1.1366699934005737,54.21915868520737,-0.2379077617212576,31,0470.HK,0.0,2026-02
2026-04-01,42.24,48.4,1.140197992324829,55.185582828521724,-0.2345826965123764,32,0470.HK,0.0,2026-02
2026-04-02,42.4,47.19,1.1380009651184082,53.70226554393768,-0.21046161515644968,33,0470.HK,0.0,2026-02
2026-04-08,47.7,50.91,1.146731972694397,58.380124729871746,-0.18294110845581957,34,0470.HK,0.0,2026-02
2026-04-09,47.7,50.28,1.1465580463409424,57.64893857002259,-0.17257800085838915,35,0470.HK,0.0,2026-02
2026-04-10,48.08,52.31,1.1465580463409424,59.976451404094696,-0.1983520386016454,36,0470.HK,0.0,2026-02
2026-04-13,48.1,53.21,1.1462260484695435,60.99068803906441,-0.2113550191597765,37,0470.HK,0.0,2026-02
2026-04-14,49.6,54.18,1.149266004562378,62.26723212718964,-0.20343335803517038,38,0470.HK,0.0,2026-02
2026-04-15,48.84,52.86,1.148550033569336,60.712354774475095,-0.1955508861182652,39,0470.HK,0.0,2026-02
2026-04-16,51.0,53.66,1.1466050148010254,61.52682509422302,-0.17109326018532722,40,0470.HK,0.0,2026-02
2026-04-17,51.6,56.0,1.1466050148010254,64.20988082885742,-0.19638536415395813,41,0470.HK,0.0,2026-02
2026-04-20,53.3,56.7,1.148368000984192,65.11246565580369,-0.18141634688273867,42,0470.HK,0.0,2026-02
2026-04-21,56.7,58.58,1.1478389501571655,67.24040570020675,-0.15675702117565204,43,0470.HK,0.0,2026-02
2026-04-22,57.95,58.8,1.1475130319595337,67.47376627922058,-0.14114769049365405,44,0470.HK,0.0,2026-02
2026-04-23,57.9,57.08,1.1473690271377563,65.49182406902312,-0.1159201805254646,45,0470.HK,0.0,2026-02
2026-04-24,57.15,56.96,1.1473690271377563,65.3541397857666,-0.12553358995558805,46,0470.HK,0.0,2026-02
2026-04-27,58.0,57.43,1.1485220193862915,65.95961957335471,-0.12067412797162513,47,0470.HK,0.0,2026-02
2026-04-28,57.6,55.36,1.1459360122680664,63.439017639160156,-0.09204142586778952,48,0470.HK,0.0,2026-02
2026-04-29,56.55,55.81,1.145792007446289,63.94665193557739,-0.11566910403736386,49,0470.HK,0.0,2026-02
2026-04-30,59.4,55.22,1.1469759941101074,63.33601439476013,-0.062144964951974635,50,0470.HK,0.0,2026-02
2026-05-06,58.0,57.01,1.1501250267028809,65.56862777233124,-0.11543062634483048,53,0470.HK,0.0,2026-02
2026-05-07,57.25,56.31,1.1517200469970703,64.85335584640504,-0.11723920446634073,54,0470.HK,0.0,2026-02
2026-05-08,54.5,54.75,1.1517200469970703,63.0566725730896,-0.13569813033143285,55,0470.HK,0.0,2026-02
2026-05-11,59.05,56.55,1.1520789861679077,65.15006666779517,-0.09363101190517342,56,0470.HK,0.0,2026-02
2026-05-12,53.15,54.06,1.1525379419326782,62.30620114088059,-0.146954893304721,57,0470.HK,0.0,2026-02
2026-05-13,54.35,54.77,1.152662992477417,63.131352097988135,-0.1390965313772834,58,0470.HK,0.0,2026-02
2026-05-14,52.5,52.4,1.1543200016021729,60.486368083953856,-0.13203583446883338,59,0470.HK,0.0,2026-02
2026-05-15,52.35,52.2,1.1543200016021729,60.255504083633426,-0.13119970040680007,60,0470.HK,0.0,2026-02
2026-05-18,52.7,52.91,1.1515320539474487,60.92756097435951,-0.13503841024954133,61,0470.HK,0.0,2026-02
2026-05-19,50.75,50.95,1.1492929458618164,58.55647559165955,-0.13331532529549062,62,0470.HK,0.0,2026-02
2026-05-20,52.9,51.66,1.151231050491333,59.47259606838226,-0.11051469925451074,63,0470.HK,0.0,2026-02
2026-05-21,51.2,50.1,1.151487946510315,57.68954612016678,-0.11249085071061427,64,0470.HK,0.0,2026-02
2026-05-22,52.5,51.25,1.151487946510315,59.01375725865364,-0.11037692838475355,65,0470.HK,0.0,2026-02
2026-05-26,48.94,49.35,1.1545629501342773,56.97768158912659,-0.14106719271393575,66,0470.HK,0.0,2026-02
2026-05-27,51.0,49.44,1.155385971069336,57.12228240966797,-0.107178532639161,67,0470.HK,0.0,2026-02
2026-05-28,52.15,51.41,1.155282974243164,59.39309770584106,-0.12195184264869097,68,0470.HK,0.0,2026-02
2026-05-29,52.7,50.81,1.155282974243164,58.69992792129517,-0.1022135483597163,69,0470.HK,0.0,2026-02
2026-06-01,48.6,49.19,1.1584069728851318,56.982038996219636,-0.1470996676123809,70,0470.HK,0.0,2026-02
2026-06-02,46.9,48.19,1.1587949991226196,55.84233100771904,-0.16013534618536873,71,0470.HK,0.0,2026-02
2026-06-03,45.98,47.7,1.157420039176941,55.208935868740085,-0.16716380642948803,72,0470.HK,0.0,2026-02
2026-06-04,43.86,46.88,1.156491994857788,54.21634471893311,-0.19101886659128697,73,0470.HK,0.0,2026-02
2026-06-05,43.26,46.98,1.156491994857788,54.33199391841888,-0.20378405281874645,74,0470.HK,0.0,2026-02
2026-06-08,41.24,43.81,1.1580270528793335,50.7331651866436,-0.1871195134724778,75,0470.HK,0.0,2026-02
2026-06-09,42.68,44.96,1.1571120023727417,52.023755626678465,-0.1796055573866886,76,0470.HK,0.0,2026-02
2026-06-10,40.16,42.8,1.1569290161132812,49.516561889648436,-0.18895822998576262,77,0470.HK,0.0,2026-02
2026-06-11,39.38,41.77,1.1563459634780884,48.300570894479755,-0.18468872581171247,78,0470.HK,0.0,2026-02
2026-06-12,39.82,41.19,1.1563459634780884,47.62989023566246,-0.16397035972623075,79,0470.HK,0.0,2026-02
2026-06-15,39.1,42.6,1.1586040258407593,49.356531500816345,-0.2078049487867012,80,0470.HK,0.0,2026-02
2026-06-16,43.48,49.4,1.158974051475525,57.253318142890926,-0.24056803325382714,81,0470.HK,0.0,2026-02
2026-06-17,40.82,48.13,1.1593559980392456,55.79980418562889,-0.2684562142152984,82,0470.HK,0.0,2026-02
2026-06-18,37.86,46.73,1.1576859951019287,54.098666551113126,-0.3001675935167575,83,0470.HK,0.0,2026-02
2026-06-22,38.0,47.35,1.156896948814392,54.779070526361465,-0.30630440358214606,84,0470.HK,0.0,2026-02
2026-06-23,34.7,44.31,1.1545089483261108,51.15629150032997,-0.32168656127514283,85,0470.HK,0.0,2026-02
2026-06-24,34.94,45.28,1.1541520357131958,52.260004177093506,-0.33141987739612877,86,0470.HK,0.0,2026-02
2026-06-25,33.52,43.95,1.154500961303711,50.7403172492981,-0.33938134767055106,87,0470.HK,0.0,2026-02
2026-06-26,31.04,40.83,1.154500961303711,47.13827425003051,-0.34151174403717366,88,0470.HK,0.0,2026-02
2026-06-29,31.48,40.02,1.153959035873413,46.181440615654,-0.3183408836897714,89,0470.HK,0.0,2026-02
2026-06-30,33.52,40.72,1.1542860269546509,47.00252701759338,-0.286846854266937,90,0470.HK,0.0,2026-02
2026-07-02,31.68,38.52,1.1552209854125977,44.499112358093264,-0.28807568687966856,91,0470.HK,0.0,2026-02
2026-07-03,32.74,39.29,1.1552209854125977,45.38863251686096,-0.27867401627846455,92,0470.HK,0.0,2026-02
2026-07-06,31.58,37.88,1.1538079977035522,43.70624695301056,-0.27744882707608665,93,0470.HK,0.0,2026-02
2026-07-07,31.46,37.25,1.1541539430618286,42.992234379053116,-0.2682399402035244,94,0470.HK,0.0,2026-02
2026-07-08,30.8,36.95,1.1521199941635132,42.570833784341815,-0.2764999587269372,95,0470.HK,0.0,2026-02
2026-07-09,29.8,37.05,1.1535500288009644,42.73902856707573,-0.3027450319037758,96,0470.HK,0.0,2026-02
2026-07-10,28.96,36.25,1.1535500288009644,41.81618854403496,-0.30744525007334467,97,0470.HK,0.0,2026-02
2026-07-13,27.9,33.98,1.1558259725570679,39.274966547489164,-0.28962383796648616,98,0470.HK,0.0,2026-02
2026-07-14,28.96,34.47,1.1575560569763184,39.90095728397369,-0.2742028770414525,99,0470.HK,0.0,2026-02
2026-07-15,28.24,33.73,1.1579129695892334,39.05640446424484,-0.27694317007974945,100,0470.HK,0.0,2026-02
2026-07-16,28.2,32.74,1.157472014427185,37.89563375234604,-0.25585094619893534,101,0470.HK,0.0,2026-02
2026-07-17,26.44,31.06,1.157472014427185,35.95108076810837,-0.26455618481838505,102,0470.HK,0.0,2026-02
2026-07-20,27.7,31.27,1.1575069427490234,36.19524209976196,-0.2347060444117829,103,0470.HK,0.0,2026-02
2026-07-21,29.44,32.76,1.1589380502700806,37.96681052684784,-0.2245859056508892,104,0470.HK,0.0,2026-02
2026-07-22,29.24,31.89,1.157410979270935,36.90983612895012,-0.20779924630806768,105,0470.HK,0.0,2026-02
2026-07-23,29.84,33.09,1.15762197971344,38.30571130871773,-0.221003892617733,106,0470.HK,0.0,2026-02
2026-07-24,28.82,32.02,1.15762197971344,37.06705579042435,-0.2224901766423768,107,0470.HK,0.0,2026-02
2026-07-27,29.7,33.51,1.1586990356445312,38.82800468444824,-0.23508817305011487,108,0470.HK,0.0,2026-02
2026-07-28,28.8,33.03,1.1579099893569946,38.24576694846154,-0.2469754878020951,109,0470.HK,0.0,2026-02
2026-07-29,28.78,33.41,1.1589430570602417,38.72028753638267,-0.2567203956593167,110,0470.HK,0.0,2026-02
2026-07-30,28.2,33.38,1.1609450578689575,38.7523460316658,-0.2723021213488117,111,0470.HK,0.0,2026-02
2026-07-31,28.6,33.85,1.1609450578689575,39.29799020886421,-0.27222741295434316,112,0470.HK,0.0,2026-02
2026-08-03,29.1,33.92,1.1610649824142456,39.38332420349121,-0.2611085887610174,113,0470.HK,0.0,2026-02
2026-08-04,30.76,34.33,1.1611469984054565,39.86217645525932,-0.22834118115641433,114,0470.HK,0.0,2026-02
2026-08-05,32.54,35.18,1.1619360446929932,40.8769100522995,-0.20395157172185807,115,0470.HK,0.0,2026-02
2026-08-06,31.58,34.5,1.162284016609192,40.09879857301712,-0.2124452321808341,116,0470.HK,0.0,2026-02
2026-08-07,31.14,34.9,1.162284016609192,40.5637121796608,-0.23231878132657635,117,0470.HK,0.0,2026-02
2026-08-10,31.46,35.05,1.1625880002975464,40.748709410429,-0.22795100862879591,118,0470.HK,0.0,2026-02
2026-08-11,31.38,34.9,1.163135051727295,40.59341330528259,-0.22696818412369402,119,0470.HK,0.0,2026-02
2026-08-12,31.42,35.39,1.1633410453796387,41.17063959598541,-0.236834785460467,120,0470.HK,0.0,2026-02
2026-08-13,31.28,34.63,1.1635710000991821,40.29446373343468,-0.22371469671539146,121,0470.HK,0.0,2026-02
2026-08-14,31.86,34.78,1.1635710000991821,40.46899938344956,-0.21273072017121197,122,0470.HK,0.0,2026-02
2026-08-17,32.08,35.38,1.1637330055236816,41.172873735427856,-0.22084622496495188,123,0470.HK,0.0,2026-02
2026-08-18,32.38,35.24,1.163092017173767,40.98736268520356,-0.21000040308304135,124,0470.HK,0.0,2026-02
2026-08-19,30.4,33.52,1.1649320125579834,39.04852106094361,-0.22148139867949757,125,0470.HK,0.0,2026-02
2026-08-20,30.6,33.33,1.1665550470352173,38.88127971768379,-0.21298886707983888,126,0470.HK,0.0,2026-02
2026-08-21,31.34,33.91,1.1665550470352173,39.55788164496421,-0.20774321837353393,127,0470.HK,0.0,2026-02
2026-08-24,31.36,33.84,1.1652530431747437,39.43216298103333,-0.20471012419267998,128,0470.HK,0.0,2026-02
2026-08-25,30.2,33.4,1.1662189960479736,38.951714468002315,-0.22468111063998453,129,0470.HK,0.0,2026-02
2026-08-26,29.98,33.6,1.165971040725708,39.17662696838379,-0.23474779939083645,130,0470.HK,0.0,2026-02
2026-08-27,30.22,33.77,1.1657999753952026,39.369065169096,-0.23239223816464527,131,0470.HK,0.0,2026-02
2026-08-28,30.1,33.44,1.1657999753952026,38.98435117721557,-0.22789531976122857,132,0470.HK,0.0,2026-02
2026-08-31,31.6,33.62,1.1652239561080933,39.17482940435409,-0.1933596015484419,133,0470.HK,0.0,2026-02
2026-09-01,30.06,32.81,1.1664259433746338,38.27043520212174,-0.21453728338230516,134,0470.HK,0.0,2026-02
2026-09-02,28.5,31.93,1.1670570373535156,37.264131202697754,-0.23518946825904452,135,0470.HK,0.0,2026-02
2026-09-03,28.7,32.09,1.166767954826355,37.44158367037774,-0.2334725941972835,136,0470.HK,0.0,2026-02
2026-09-04,28.5,31.57,1.166767954826355,36.834864333868026,-0.22627650419237433,137,0470.HK,0.0,2026-02
2026-09-07,28.42,31.49,1.1681150197982788,36.783941973447796,-0.22738025140114781,138,0470.HK,0.0,2026-02
2026-09-08,27.66,30.88,1.168408989906311,36.080469608306885,-0.2333802663801311,139,0470.HK,0.0,2026-02
2026-09-09,27.9,30.83,1.1684629917144775,36.023714034557344,-0.22551017440245924,140,0470.HK,0.0,2026-02
2026-09-10,26.6,30.07,1.169165015220642,35.15679200768471,-0.24338944252405992,141,0470.HK,0.0,2026-02
2026-09-11,26.48,29.67,1.169165015220642,34.689126001596456,-0.23664839526999493,142,0470.HK,0.0,2026-02
2026-09-14,26.94,29.88,1.1691210269927979,34.9333362865448,-0.2288168590877928,143,0470.HK,0.0,2026-02
2026-09-15,28.06,31.54,1.1687699556350708,36.863004400730134,-0.23880322680795318,144,0470.HK,0.0,2026-02
2026-09-16,27.4,31.7,1.1693899631500244,37.069661831855775,-0.26085109369803217,145,0470.HK,0.0,2026-02
2026-09-17,27.4,31.87,1.16942298412323,37.26951050400734,-0.2648145996697795,146,0470.HK,0.0,2026-02
2026-09-18,28.16,32.53,1.16942298412323,38.04132967352867,-0.2597524786417933,147,0470.HK,0.0,2026-02
2026-09-21,27.82,32.43,1.1717050075531006,37.99839339494705,-0.26786378279615775,148,0470.HK,0.0,2026-02
2026-09-22,27.46,32.3,1.170611023902893,37.81073607206344,-0.27375124494630265,149,0470.HK,0.0,2026-02
2026-09-23,27.36,32.41,1.16852605342865,37.87192939162254,-0.2775651930199212,150,0470.HK,0.0,2026-02
2026-09-24,26.9,32.11,1.1684240102767944,37.51809496998787,-0.2830126363953629,151,0470.HK,0.0,2026-02
2026-09-28,25.5,31.2,1.1688159704208374,36.46705827713013,-0.3007387706950847,153,0470.HK,0.0,2026-02
2026-09-29,27.46,33.76,1.1688159704208374,39.45922716140747,-0.3040917935955709,154,0470.HK,0.0,2026-02
2026-09-30,28.48,34.94,1.1686999797821045,40.834377293586726,-0.3025484435519249,155,0470.HK,0.0,2026-02
2026-02-13,20.68,27.36,1.1324909925460815,30.98495355606079,-0.33257928037284723,0,9981.HK,0.0,2026-02
2026-02-24,21.0,27.45,1.1316310167312622,31.063271409273145,-0.32396045080651137,4,9981.HK,0.0,2026-02
2026-02-25,20.7,27.9,1.1362340450286865,31.700929856300352,-0.34702230837288794,5,9981.HK,0.0,2026-02
2026-02-26,21.2,28.73,1.138198971748352,32.70045645833015,-0.35169100691255073,6,9981.HK,0.0,2026-02
2026-02-27,22.0,28.53,1.1433969736099243,32.621115657091146,-0.32559020263865,7,9981.HK,0.0,2026-02
2026-03-02,21.04,27.82,1.140552043914795,31.730157861709596,-0.3369084360784085,8,9981.HK,0.0,2026-02
2026-03-03,19.1,25.56,1.1363999843597412,29.046383600234982,-0.3424310488054876,9,9981.HK,0.0,2026-02
2026-03-04,18.86,25.64,1.1309289932250977,28.997019386291505,-0.3495883232427618,10,9981.HK,0.0,2026-02
2026-03-05,19.57,26.69,1.1331690549850464,30.24428207755089,-0.35293554167298213,11,9981.HK,0.0,2026-02
2026-03-06,18.83,26.25,1.1334420442581177,29.75285366177559,-0.36711953031276856,12,9981.HK,0.0,2026-02
2026-03-09,18.01,25.49,1.1332310438156128,28.88605930685997,-0.37651585463154824,13,9981.HK,0.0,2026-02
2026-03-10,19.2,26.38,1.1315950155258179,29.851476509571075,-0.35681573426212154,14,9981.HK,0.0,2026-02
2026-03-11,18.96,26.28,1.1375850439071655,29.89573495388031,-0.36579582240579467,15,9981.HK,0.0,2026-02
2026-03-12,18.54,25.78,1.1396000385284424,29.378888993263246,-0.3689346113717462,16,9981.HK,0.0,2026-02
2026-03-13,18.25,25.58,1.1393100023269653,29.14354985952377,-0.37378939463559846,17,9981.HK,0.0,2026-02
2026-03-16,20.02,26.64,1.134883999824524,30.23330975532532,-0.3378164626360942,18,9981.HK,0.0,2026-02
2026-03-17,20.6,27.51,1.1253759860992432,30.959093377590182,-0.33460583781463826,19,9981.HK,0.0,2026-02
2026-03-18,21.3,26.5,1.1378190517425537,30.152204871177673,-0.29358399854995165,20,9981.HK,0.0,2026-02
2026-03-19,20.3,25.2,1.1400790214538574,28.729991340637206,-0.2934212976497972,21,9981.HK,0.0,2026-02
2026-03-20,19.15,24.61,1.1349090337753296,27.93011132121086,-0.3143600546462203,22,9981.HK,0.0,2026-02
2026-03-23,18.89,23.13,1.137529969215393,26.311068187952042,-0.28205119362467324,23,9981.HK,0.0,2026-02
2026-03-24,19.64,23.7,1.1384819746017456,26.98202279806137,-0.2721079458352872,24,9981.HK,0.0,2026-02
2026-03-25,20.32,24.62,1.1355489492416382,27.957215130329132,-0.2731751032685644,25,9981.HK,0.0,2026-02
2026-03-26,19.03,23.69,1.132627010345459,26.831933875083926,-0.2907704644549972,26,9981.HK,0.0,2026-02
2026-03-27,18.93,23.8,1.1321159601211548,26.944359850883483,-0.2974410932468562,27,9981.HK,0.0,2026-02
2026-03-30,18.36,23.71,1.1335409879684448,26.87625682473183,-0.3168691563065834,28,9981.HK,0.0,2026-02
2026-03-31,18.0,23.47,1.1366699934005737,26.677644745111465,-0.32527776825956856,29,9981.HK,0.0,2026-02
2026-04-01,18.7,23.85,1.140197992324829,27.193722116947175,-0.3123412852576688,30,9981.HK,0.0,2026-02
2026-04-02,18.37,23.18,1.1380009651184082,26.3788623714447,-0.3036090889239541,31,9981.HK,0.0,2026-02
2026-04-08,19.9,24.43,1.146731972694397,28.01466209292412,-0.289657682323918,32,9981.HK,0.0,2026-02
2026-04-09,18.97,24.3,1.1465580463409424,27.8613605260849,-0.31912872731970365,33,9981.HK,0.0,2026-02
2026-04-10,19.25,24.63,1.1465580463409424,28.23972468137741,-0.3183361304972514,34,9981.HK,0.0,2026-02
2026-04-13,19.3,25.13,1.1462260484695435,28.804660598039625,-0.3299695396753429,35,9981.HK,0.0,2026-02
2026-04-14,19.77,25.64,1.149266004562378,29.46718035697937,-0.3290840942195058,36,9981.HK,0.0,2026-02
2026-04-15,19.26,25.2,1.148550033569336,28.943460845947264,-0.3345647190392287,37,9981.HK,0.0,2026-02
2026-04-16,19.72,25.57,1.1466050148010254,29.31869022846222,-0.32739150874973033,38,9981.HK,0.0,2026-02
2026-04-17,20.02,25.62,1.1466050148010254,29.37602047920227,-0.3184917605101132,39,9981.HK,0.0,2026-02
2026-04-20,21.44,26.2,1.148368000984192,30.087241625785826,-0.2874055964763096,40,9981.HK,0.0,2026-02
2026-04-21,20.72,26.0,1.1478389501571655,29.843812704086304,-0.3057187362269247,41,9981.HK,0.0,2026-02
2026-04-22,20.8,26.27,1.1475130319595337,30.14516734957695,-0.3100054891454467,42,9981.HK,0.0,2026-02
2026-04-23,20.58,26.06,1.1473690271377563,29.900436847209928,-0.31171574164073257,43,9981.HK,0.0,2026-02
2026-04-24,17.66,23.62,1.1473690271377563,27.100856420993807,-0.3483600766830528,44,9981.HK,0.0,2026-02
2026-04-27,17.5,23.7,1.1485220193862915,27.219971859455107,-0.35708971007179,45,9981.HK,0.0,2026-02
2026-04-28,16.47,22.86,1.1459360122680664,26.196097240447997,-0.37128039154742676,46,9981.HK,0.0,2026-02
2026-04-29,16.72,22.9,1.145792007446289,26.23863697052002,-0.3627717774065218,47,9981.HK,0.0,2026-02
2026-04-30,16.52,22.74,1.1469759941101074,26.08223410606384,-0.36661867488723765,48,9981.HK,0.0,2026-02
2026-05-06,15.99,23.37,1.1501250267028809,26.878421874046328,-0.40509900190829784,51,9981.HK,0.0,2026-02
2026-05-07,16.26,23.78,1.1517200469970703,27.387902717590332,-0.40630722375259687,52,9981.HK,0.0,2026-02
2026-05-08,16.51,23.58,1.1517200469970703,27.157558708190916,-0.3920661213549925,53,9981.HK,0.0,2026-02
2026-05-11,16.34,23.5,1.1520789861679077,27.07385617494583,-0.39646573083589587,54,9981.HK,0.0,2026-02
2026-05-12,16.24,23.85,1.1525379419326782,27.488029915094376,-0.40919738336423295,55,9981.HK,0.0,2026-02
2026-05-13,16.07,23.8,1.152662992477417,27.433379220962525,-0.4142172617319957,56,9981.HK,0.0,2026-02
2026-05-14,15.36,22.84,1.1543200016021729,26.364668836593626,-0.41740212648980324,57,9981.HK,0.0,2026-02
2026-05-15,15.09,22.49,1.1543200016021729,25.960656836032864,-0.4187358164584115,58,9981.HK,0.0,2026-02
2026-05-18,14.68,21.73,1.1515320539474487,25.02279153227806,-0.4133348399172976,59,9981.HK,0.0,2026-02
2026-05-19,14.71,21.89,1.1492929458618164,25.158022584915162,-0.41529585839468286,60,9981.HK,0.0,2026-02
2026-05-20,14.45,21.44,1.151231050491333,24.68239372253418,-0.4145624544183636,61,9981.HK,0.0,2026-02
2026-05-21,13.78,20.46,1.151487946510315,23.559443385601046,-0.41509653795887225,62,9981.HK,0.0,2026-02
2026-05-22,14.45,20.99,1.151487946510315,24.16973199725151,-0.4021447982276677,63,9981.HK,0.0,2026-02
2026-05-26,14.7,21.52,1.1545629501342773,24.84619468688965,-0.4083601056319258,64,9981.HK,0.0,2026-02
2026-05-27,15.65,22.0,1.155385971069336,25.41849136352539,-0.3843064965508858,65,9981.HK,0.0,2026-02
2026-05-28,15.5,22.17,1.155282974243164,25.61262353897095,-0.3948296637235956,66,9981.HK,0.0,2026-02
2026-05-29,15.29,21.99,1.155282974243164,25.404672603607175,-0.39814221428584784,67,9981.HK,0.0,2026-02
2026-06-01,15.81,22.36,1.1584069728851318,25.901979913711546,-0.3896219496475336,68,9981.HK,0.0,2026-02
2026-06-02,15.08,21.46,1.1587949991226196,24.86774068117142,-0.39359187497809944,69,9981.HK,0.0,2026-02
2026-06-03,14.98,21.64,1.157420039176941,25.046569647789003,-0.40191410597728827,70,9981.HK,0.0,2026-02
2026-06-04,14.42,20.96,1.156491994857788,24.24007221221924,-0.4051172837376703,71,9981.HK,0.0,2026-02
2026-06-05,13.96,20.56,1.156491994857788,23.77747541427612,-0.41288973043713706,72,9981.HK,0.0,2026-02
2026-06-08,12.95,19.05,1.1580270528793335,22.060415357351303,-0.412975694689964,73,9981.HK,0.0,2026-02
2026-06-09,13.05,19.48,1.1571120023727417,22.540541806221007,-0.4210431979767981,74,9981.HK,0.0,2026-02
2026-06-10,12.78,19.35,1.1569290161132812,22.386576461791993,-0.4291221785603483,75,9981.HK,0.0,2026-02
2026-06-11,12.58,18.66,1.1563459634780884,21.57741567850113,-0.4169830072591034,76,9981.HK,0.0,2026-02
2026-06-12,13.2,19.19,1.1563459634780884,22.190279039144517,-0.40514492960116977,77,9981.HK,0.0,2026-02
2026-06-15,13.7,20.53,1.1586040258407593,23.786140650510788,-0.42403434835042053,78,9981.HK,0.0,2026-02
2026-06-16,13.71,20.84,1.158974051475525,24.153019232749937,-0.43236910185497124,79,9981.HK,0.0,2026-02
2026-06-17,13.17,20.63,1.1593559980392456,23.917514239549636,-0.4493574930867068,80,9981.HK,0.0,2026-02
2026-06-18,12.8,20.47,1.1576859951019287,23.69783231973648,-0.45986620939419587,81,9981.HK,0.0,2026-02
2026-06-22,12.43,20.44,1.156896948814392,23.646973633766176,-0.47435134015412217,82,9981.HK,0.0,2026-02
2026-06-23,12.43,19.71,1.1545089483261108,22.755371371507646,-0.4537553443068042,83,9981.HK,0.0,2026-02
2026-06-24,11.7,19.56,1.1541520357131958,22.575213818550107,-0.4817324835087019,84,9981.HK,0.0,2026-02
2026-06-25,11.17,19.16,1.154500961303711,22.120238418579103,-0.4950325675234062,85,9981.HK,0.0,2026-02
2026-06-26,10.95,17.77,1.154500961303711,20.515482082366944,-0.46625675399499755,86,9981.HK,0.0,2026-02
2026-06-29,10.87,17.54,1.153959035873413,20.240441489219666,-0.4629563784075803,87,9981.HK,0.0,2026-02
2026-06-30,11.4,18.96,1.1542860269546509,21.88526307106018,-0.4791015322509553,88,9981.HK,0.0,2026-02
2026-07-02,11.08,17.61,1.1552209854125977,20.343441553115845,-0.4553527252962287,89,9981.HK,0.0,2026-02
2026-07-03,11.89,18.28,1.1552209854125977,21.117439613342288,-0.4369582573595837,90,9981.HK,0.0,2026-02
2026-07-06,11.87,18.52,1.1538079977035522,21.368524117469786,-0.4445100684190113,91,9981.HK,0.0,2026-02
2026-07-07,11.32,17.64,1.1541539430618286,20.359275555610658,-0.44398807466995516,92,9981.HK,0.0,2026-02
2026-07-08,11.48,17.47,1.1521199941635132,20.127536298036574,-0.42963709864878663,93,9981.HK,0.0,2026-02
2026-07-09,11.23,17.31,1.1535500288009644,19.96795099854469,-0.43759878012428677,94,9981.HK,0.0,2026-02
2026-07-10,11.31,17.62,1.1535500288009644,20.325551507472994,-0.44355753417850885,95,9981.HK,0.0,2026-02
2026-07-13,10.53,16.33,1.1558259725570679,18.874638131856916,-0.4421085095015783,96,9981.HK,0.0,2026-02
2026-07-14,10.86,16.42,1.1575560569763184,19.00707045555115,-0.42863367474769065,97,9981.HK,0.0,2026-02
2026-07-15,10.9,16.03,1.1579129695892334,18.561344902515412,-0.4127580702127438,98,9981.HK,0.0,2026-02
2026-07-16,11.0,15.98,1.157472014427185,18.49640279054642,-0.40528976771515046,99,9981.HK,0.0,2026-02
2026-07-17,10.32,15.24,1.157472014427185,17.6398734998703,-0.4149617909631903,100,9981.HK,0.0,2026-02
2026-07-20,10.38,15.32,1.1575069427490234,17.733006362915038,-0.41465086136168927,101,9981.HK,0.0,2026-02
2026-07-21,10.54,15.71,1.1589380502700806,18.206916769742968,-0.4210991276943814,102,9981.HK,0.0,2026-02
2026-07-22,10.32,15.63,1.157410979270935,18.090333606004716,-0.4295295916171227,103,9981.HK,0.0,2026-02
2026-07-23,10.49,16.1,1.15762197971344,18.637713873386385,-0.43716272976058856,104,9981.HK,0.0,2026-02
2026-07-24,10.14,15.48,1.15762197971344,17.91998824596405,-0.4341514145644745,105,9981.HK,0.0,2026-02
2026-07-27,10.38,15.96,1.1586990356445312,18.49283660888672,-0.4387015783716004,106,9981.HK,0.0,2026-02
2026-07-28,10.08,15.54,1.1579099893569946,17.993921234607697,-0.43981081896628826,107,9981.HK,0.0,2026-02
2026-07-29,10.52,16.48,1.1589430570602417,19.099381580352784,-0.4491968257850951,108,9981.HK,0.0,2026-02
2026-07-30,10.85,17.09,1.1609450578689575,19.840551038980482,-0.4531401885621452,109,9981.HK,0.0,2026-02
2026-07-31,10.99,16.7,1.1609450578689575,19.38778246641159,-0.43314816849014826,110,9981.HK,0.0,2026-02
2026-08-03,11.23,17.13,1.1610649824142456,19.889043148756027,-0.43536750782792744,111,9981.HK,0.0,2026-02
2026-08-04,11.45,17.53,1.1611469984054565,20.354906882047654,-0.437482074157828,112,9981.HK,0.0,2026-02
2026-08-05,11.57,17.52,1.1619360446929932,20.35711950302124,-0.4316484707827709,113,9981.HK,0.0,2026-02
2026-08-06,11.35,17.23,1.162284016609192,20.026153606176376,-0.4332411394018528,114,9981.HK,0.0,2026-02
2026-08-07,11.34,17.23,1.162284016609192,20.026153606176376,-0.4337404864155956,115,9981.HK,0.0,2026-02
2026-08-10,11.38,17.23,1.1625880002975464,20.031391245126724,-0.43189168137442524,116,9981.HK,0.0,2026-02
2026-08-11,11.11,17.07,1.163135051727295,19.854715332984924,-0.4404351906500117,117,9981.HK,0.0,2026-02
2026-08-12,11.2,17.41,1.1633410453796387,20.253767600059508,-0.4470164652246186,118,9981.HK,0.0,2026-02
2026-08-13,10.65,17.04,1.1635710000991821,19.82724984169006,-0.4628604529102861,119,9981.HK,0.0,2026-02
2026-08-14,10.53,16.95,1.1635710000991821,19.722528451681136,-0.4660927970874632,120,9981.HK,0.0,2026-02
2026-08-17,10.74,17.28,1.1637330055236816,20.10930633544922,-0.4659189222719611,121,9981.HK,0.0,2026-02
2026-08-18,10.63,17.05,1.163092017173767,19.83071889281273,-0.46396295275746946,122,9981.HK,0.0,2026-02
2026-08-19,9.935,16.1,1.1649320125579834,18.755405402183534,-0.4702860435720919,123,9981.HK,0.0,2026-02
2026-08-20,9.94,16.28,1.1665550470352173,18.991516165733337,-0.47660840170650076,124,9981.HK,0.0,2026-02
2026-08-21,10.04,16.29,1.1665550470352173,19.003181716203688,-0.47166742128035,125,9981.HK,0.0,2026-02
2026-08-24,9.655,15.87,1.1652530431747437,18.492565795183182,-0.4778983021104152,126,9981.HK,0.0,2026-02
2026-08-25,10.2,17.05,1.1662189960479736,19.884033882617953,-0.48702561762799323,127,9981.HK,0.0,2026-02
2026-08-26,10.08,17.2,1.165971040725708,20.054701900482176,-0.49737472788076464,128,9981.HK,0.0,2026-02
2026-08-27,10.13,17.23,1.1657999753952026,20.08673357605934,-0.495687043309342,129,9981.HK,0.0,2026-02
2026-08-28,10.13,17.16,1.1657999753952026,20.00512757778168,-0.49362982262354094,130,9981.HK,0.0,2026-02
2026-08-31,10.07,17.12,1.1652239561080933,19.948634128570557,-0.49520353448271004,131,9981.HK,0.0,2026-02
2026-09-01,9.9,16.9,1.1664259433746338,19.71259844303131,-0.49778310410925086,132,9981.HK,0.0,2026-02
2026-09-02,9.755,16.67,1.1670570373535156,19.45484081268311,-0.4985823788575815,133,9981.HK,0.0,2026-02
2026-09-03,9.85,17.03,1.166767954826355,19.870058270692827,-0.5042792594862102,134,9981.HK,0.0,2026-02
2026-09-04,9.9,17.17,1.166767954826355,20.03340578436852,-0.5058254144822105,135,9981.HK,0.0,2026-02
2026-09-07,10.03,17.19,1.1681150197982788,20.079897190332414,-0.5004954505031529,136,9981.HK,0.0,2026-02
2026-09-08,9.915,16.93,1.168408989906311,19.781164199113846,-0.49876559841487134,137,9981.HK,0.0,2026-02
2026-09-09,10.2,17.57,1.1684629917144775,20.52989476442337,-0.5031635516380841,138,9981.HK,0.0,2026-02
2026-09-10,9.97,17.17,1.169165015220642,20.074563311338427,-0.5033515875103102,139,9981.HK,0.0,2026-02
2026-09-11,10.1,17.93,1.169165015220642,20.963128722906113,-0.5182016895710861,140,9981.HK,0.0,2026-02
2026-09-14,9.5,17.58,1.1691210269927979,20.553147654533383,-0.5377836932969926,141,9981.HK,0.0,2026-02
2026-09-15,9.0,16.93,1.1687699556350708,19.787275348901748,-0.5451622398078406,142,9981.HK,0.0,2026-02
2026-09-16,8.98,17.07,1.1693899631500244,19.961486670970917,-0.5501337075730333,143,9981.HK,0.0,2026-02
2026-09-17,8.83,16.76,1.16942298412323,19.599529213905335,-0.5494789745390745,144,9981.HK,0.0,2026-02
2026-09-18,8.905,17.14,1.16942298412323,20.043909947872162,-0.5557254037181831,145,9981.HK,0.0,2026-02
2026-09-21,8.995,17.18,1.1717050075531006,20.129892029762267,-0.5531520990425188,146,9981.HK,0.0,2026-02
2026-09-22,8.91,16.84,1.170611023902893,19.713089642524718,-0.5480160562563714,147,9981.HK,0.0,2026-02
2026-09-23,8.795,16.57,1.16852605342865,19.36247670531273,-0.5457709189864743,148,9981.HK,0.0,2026-02
2026-09-24,8.45,16.09,1.1684240102767944,18.799942325353623,-0.550530536011043,149,9981.HK,0.0,2026-02
2026-09-28,8.035,15.68,1.1688159704208374,18.32703441619873,-0.561576640413896,151,9981.HK,0.0,2026-02
2026-09-29,8.105,15.66,1.1688159704208374,18.303658096790315,-0.5571923406162578,152,9981.HK,0.0,2026-02
2026-09-30,8.125,15.71,1.1686999797821045,18.360276682376863,-0.5574685425193624,153,9981.HK,0.0,2026-02
2026-03-09,73.0,113.07,1.1332310438156128,128.13443412423132,-0.43028585173893485,0,2692.HK,0.0,2026-03
2026-03-10,92.0,124.38,1.1315950155258179,140.7477880311012,-0.34634851966788527,1,2692.HK,0.0,2026-03
2026-03-11,83.0,123.4,1.1375850439071655,140.37799441814423,-0.4087392376274609,2,2692.HK,0.0,2026-03
2026-03-12,78.75,119.0,1.1396000385284424,135.61240458488464,-0.41930090952183097,3,2692.HK,0.0,2026-03
2026-03-13,76.85,114.22,1.1393100023269653,130.13198846578598,-0.4094457411583684,4,2692.HK,0.0,2026-03
2026-03-16,79.4,111.9,1.134883999824524,126.99351958036424,-0.37477124610477486,5,2692.HK,0.0,2026-03
2026-03-17,76.35,108.0,1.1253759860992432,121.54060649871826,-0.37181488393506446,6,2692.HK,0.0,2026-03
2026-03-18,75.9,108.28,1.1378190517425537,123.20304692268371,-0.3839438074317173,7,2692.HK,0.0,2026-03
2026-03-19,71.0,103.66,1.1400790214538574,118.18059136390686,-0.39922453272065894,8,2692.HK,0.0,2026-03
2026-03-20,70.55,103.53,1.1349090337753296,117.49713226675988,-0.3995598135976064,9,2692.HK,0.0,2026-03
2026-03-23,65.4,97.8,1.137529969215393,111.25043098926544,-0.41213710887726396,10,2692.HK,0.0,2026-03
2026-03-24,67.25,97.4,1.1384819746017456,110.88814432621002,-0.3935330020298258,11,2692.HK,0.0,2026-03
2026-03-25,70.55,99.16,1.1355489492416382,112.60103380680084,-0.3734515784193543,12,2692.HK,0.0,2026-03
2026-03-26,66.2,97.9,1.132627010345459,110.88418431282044,-0.40298068286059485,13,2692.HK,0.0,2026-03
2026-03-27,66.55,99.46,1.1321159601211548,112.60025339365005,-0.40897113466218005,14,2692.HK,0.0,2026-03
2026-03-30,62.4,97.39,1.1335409879684448,110.39555681824685,-0.4347598599214081,15,2692.HK,0.0,2026-03
2026-03-31,58.95,96.0,1.1366699934005737,109.12031936645508,-0.45977064269734946,16,2692.HK,0.0,2026-03
2026-04-01,62.9,98.55,1.140197992324829,112.3665121436119,-0.4402246826028594,17,2692.HK,0.0,2026-03
2026-04-02,57.15,95.75,1.1380009651184082,108.96359241008759,-0.47551288704841577,18,2692.HK,0.0,2026-03
2026-04-08,66.7,99.12,1.146731972694397,113.66407313346863,-0.41318309153255184,19,2692.HK,0.0,2026-03
2026-04-09,65.0,97.47,1.1465580463409424,111.75501277685166,-0.41837060920220526,20,2692.HK,0.0,2026-03
2026-04-10,65.95,99.8,1.1465580463409424,114.42649302482604,-0.42364745910991564,21,2692.HK,0.0,2026-03
2026-04-13,64.6,99.63,1.1462260484695435,114.1985012090206,-0.43431832015237337,22,2692.HK,0.0,2026-03
2026-04-14,68.1,101.08,1.149266004562378,116.16780774116516,-0.41377907249713797,23,2692.HK,0.0,2026-03
2026-04-15,65.05,99.91,1.148550033569336,114.75163385391235,-0.43312353981108764,24,2692.HK,0.0,2026-03
2026-04-16,68.8,101.89,1.1466050148010254,116.82758495807647,-0.41109798662114905,25,2692.HK,0.0,2026-03
2026-04-17,68.15,101.71,1.1466050148010254,116.62119605541228,-0.4156293855225195,26,2692.HK,0.0,2026-03
2026-04-20,68.4,101.55,1.148368000984192,116.61677049994468,-0.4134634349179439,27,2692.HK,0.0,2026-03
2026-04-21,66.1,100.28,1.1478389501571655,115.10528992176056,-0.42574316050175,28,2692.HK,0.0,2026-03
2026-04-22,66.05,100.68,1.1475130319595337,115.53161205768586,-0.4282950023494807,29,2692.HK,0.0,2026-03
2026-04-23,62.1,97.54,1.1473690271377563,111.91437490701676,-0.4451114966098383,30,2692.HK,0.0,2026-03
2026-04-24,61.9,96.3,1.1473690271377563,110.49163731336593,-0.4397766065820432,31,2692.HK,0.0,2026-03
2026-04-27,66.85,100.18,1.1485220193862915,115.05893590211869,-0.41899340997843326,32,2692.HK,0.0,2026-03
2026-04-28,60.65,92.75,1.1459360122680664,106.28556513786316,-0.4293674788168008,33,2692.HK,0.0,2026-03
2026-04-29,62.45,93.9,1.145792007446289,107.58986949920654,-0.4195550167438342,34,2692.HK,0.0,2026-03
2026-04-30,66.1,96.59,1.1469759941101074,110.78641127109528,-0.40335642935257876,35,2692.HK,0.0,2026-03
2026-05-06,65.95,97.53,1.1501250267028809,112.17169385433198,-0.4120620119578138,38,2692.HK,0.0,2026-03
2026-05-07,69.45,100.6,1.1517200469970703,115.86303672790527,-0.400585363880134,39,2692.HK,0.0,2026-03
2026-05-08,70.25,103.35,1.1517200469970703,119.03026685714721,-0.4098139754293778,40,2692.HK,0.0,2026-03
2026-05-11,67.5,102.45,1.1520789861679077,118.03049213290215,-0.4281138815892159,41,2692.HK,0.0,2026-03
2026-05-12,66.7,101.23,1.1525379419326782,116.67141586184502,-0.4283089863331909,42,2692.HK,0.0,2026-03
2026-05-13,68.55,102.24,1.152662992477417,117.84826435089111,-0.41831981677817853,43,2692.HK,0.0,2026-03
2026-05-14,63.85,99.52,1.1543200016021729,114.87792655944824,-0.44419261461027304,44,2692.HK,0.0,2026-03
2026-05-15,70.0,105.99,1.1543200016021729,122.3463769698143,-0.42785391988133303,45,2692.HK,0.0,2026-03
2026-05-18,73.8,111.89,1.1515320539474487,128.84492151618005,-0.4272184023121752,46,2692.HK,0.0,2026-03
2026-05-19,76.45,111.97,1.1492929458618164,128.6863311481476,-0.4059198104576588,47,2692.HK,0.0,2026-03
2026-05-20,73.2,109.6,1.151231050491333,126.17492313385009,-0.4198530248174015,48,2692.HK,0.0,2026-03
2026-05-21,76.7,111.47,1.151487946510315,128.3563613975048,-0.4024448873050477,49,2692.HK,0.0,2026-03
2026-05-22,76.95,111.68,1.151487946510315,128.598173866272,-0.40162447345465757,50,2692.HK,0.0,2026-03
2026-05-26,75.85,114.4,1.1545629501342773,132.08200149536134,-0.4257355344311329,51,2692.HK,0.0,2026-03
2026-05-27,71.7,106.09,1.155385971069336,122.57489767074586,-0.41505152064171646,52,2692.HK,0.0,2026-03
2026-05-28,68.4,102.77,1.155282974243164,118.72843126296996,-0.42389536126775074,53,2692.HK,0.0,2026-03
2026-05-29,63.0,96.83,1.155282974243164,111.86605039596557,-0.43682645648967966,54,2692.HK,0.0,2026-03
2026-06-01,63.95,95.89,1.1584069728851318,111.0796446299553,-0.42428695902800584,55,2692.HK,0.0,2026-03
2026-06-02,64.6,97.25,1.1587949991226196,112.69281366467476,-0.4267602529454828,56,2692.HK,0.0,2026-03
2026-06-03,62.95,96.61,1.157420039176941,111.81834998488426,-0.43703336698753237,57,2692.HK,0.0,2026-03
2026-06-04,64.4,98.58,1.156491994857788,114.00698085308075,-0.4351223098961684,58,2692.HK,0.0,2026-03
2026-06-05,67.6,105.07,1.156491994857788,121.51261389970779,-0.4436791553525905,59,2692.HK,0.0,2026-03
2026-06-08,70.45,107.98,1.1580270528793335,125.04376116991044,-0.436597241310808,60,2692.HK,0.0,2026-03
2026-06-09,68.45,106.87,1.1571120023727417,123.66055969357491,-0.4464686220924772,61,2692.HK,0.0,2026-03
2026-06-10,63.6,101.5,1.1569290161132812,117.42829513549805,-0.4583928862578368,62,2692.HK,0.0,2026-03
2026-06-11,61.95,97.61,1.1563459634780884,112.8709294950962,-0.45114299778410627,63,2692.HK,0.0,2026-03
2026-06-12,62.8,97.23,1.1563459634780884,112.43151802897454,-0.44143776495292086,64,2692.HK,0.0,2026-03
2026-06-15,65.3,99.15,1.1586040258407593,114.87558916211128,-0.4315589545499585,65,2692.HK,0.0,2026-03
2026-06-16,63.0,97.93,1.158974051475525,113.49832886099816,-0.4449257479627181,66,2692.HK,0.0,2026-03
2026-06-17,60.65,96.75,1.1593559980392456,112.16769281029701,-0.4592917222379356,67,2692.HK,0.0,2026-03
2026-06-18,61.55,98.23,1.1576859951019287,113.71949529886246,-0.45875595175442463,68,2692.HK,0.0,2026-03
2026-06-22,58.3,94.35,1.156896948814392,109.1532271206379,-0.4658884438151709,69,2692.HK,0.0,2026-03
2026-06-23,56.6,92.96,1.1545089483261108,107.32315183639525,-0.4726207809636289,70,2692.HK,0.0,2026-03
2026-06-24,56.1,91.16,1.1541520357131958,105.21249957561493,-0.46679339217027516,71,2692.HK,0.0,2026-03
2026-06-25,51.05,87.66,1.154500961303711,101.20355426788329,-0.49557107584510407,72,2692.HK,0.0,2026-03
2026-06-26,44.22,81.55,1.154500961303711,94.14955339431762,-0.5303217231971609,73,2692.HK,0.0,2026-03
2026-06-29,46.0,82.27,1.153959035873413,94.93620988130569,-0.5154641199863397,74,2692.HK,0.0,2026-03
2026-06-30,49.36,87.35,1.1542860269546509,100.82688445448875,-0.5104480291436544,75,2692.HK,0.0,2026-03
2026-07-02,48.66,91.64,1.1552209854125977,105.86445110321046,-0.5403556199185325,76,2692.HK,0.0,2026-03
2026-07-03,61.3,100.8,1.1552209854125977,116.44627532958984,-0.4735769793709904,77,2692.HK,0.0,2026-03
2026-07-06,56.85,95.38,1.1538079977035522,110.0502068209648,-0.4834175996371689,78,2692.HK,0.0,2026-03
2026-07-07,54.65,90.9,1.1541539430618286,104.91259342432022,-0.479090181490725,79,2692.HK,0.0,2026-03
2026-07-08,51.65,85.06,1.1521199941635132,97.99932670354843,-0.47295556268214833,80,2692.HK,0.0,2026-03
2026-07-09,52.0,86.9,1.1535500288009644,100.2434975028038,-0.4812631113699364,81,2692.HK,0.0,2026-03
2026-07-10,50.15,86.73,1.1535500288009644,100.04739399790765,-0.4987375683063887,82,2692.HK,0.0,2026-03
2026-07-13,48.0,80.05,1.1558259725570679,92.52386910319328,-0.4812149506365231,83,2692.HK,0.0,2026-03
2026-07-14,49.28,81.9,1.1575560569763184,94.80384106636048,-0.4801898378199133,84,2692.HK,0.0,2026-03
2026-07-15,49.36,81.99,1.1579129695892334,94.93728437662124,-0.4800778184871366,85,2692.HK,0.0,2026-03
2026-07-16,50.0,82.99,1.157472014427185,96.05860247731208,-0.47948441148923215,86,2692.HK,0.0,2026-03
2026-07-17,46.6,79.94,1.157472014427185,92.52831283330917,-0.49637036953272407,87,2692.HK,0.0,2026-03
2026-07-20,45.4,74.81,1.1575069427490234,86.59309438705445,-0.47570876960383535,88,2692.HK,0.0,2026-03
2026-07-21,47.26,78.29,1.1589380502700806,90.73325995564461,-0.4791325692132822,89,2692.HK,0.0,2026-03
2026-07-22,46.0,77.02,1.157410979270935,89.14379362344741,-0.4839797799686566,90,2692.HK,0.0,2026-03
2026-07-23,46.0,76.66,1.15762197971344,88.7433009648323,-0.48165101478218464,91,2692.HK,0.0,2026-03
2026-07-24,43.52,73.62,1.15762197971344,85.22413014650346,-0.4893465040336874,92,2692.HK,0.0,2026-03
2026-07-27,45.2,75.81,1.1586990356445312,87.84097389221192,-0.4854337560571208,93,2692.HK,0.0,2026-03
2026-07-28,43.58,74.41,1.1579099893569946,86.16008230805397,-0.49419732627244395,94,2692.HK,0.0,2026-03
2026-07-29,42.94,75.35,1.1589430570602417,87.32635934948921,-0.5082813446035277,95,2692.HK,0.0,2026-03
2026-07-30,40.12,72.73,1.1609450578689575,84.43553405880928,-0.524844599525403,96,2692.HK,0.0,2026-03
2026-07-31,43.88,77.54,1.1609450578689575,90.01967978715898,-0.5125510321326499,97,2692.HK,0.0,2026-03
2026-08-03,44.54,79.99,1.1610649824142456,92.8735879433155,-0.5204233950002604,98,2692.HK,0.0,2026-03
2026-08-04,45.12,79.9,1.1611469984054565,92.77564517259599,-0.5136654677414465,99,2692.HK,0.0,2026-03
2026-08-05,46.64,81.17,1.1619360446929932,94.31434874773025,-0.5054835174152392,100,2692.HK,0.0,2026-03
2026-08-06,45.88,80.25,1.162284016609192,93.27329233288765,-0.5081121417237358,101,2692.HK,0.0,2026-03
2026-08-07,47.42,81.15,1.162284016609192,94.31934794783592,-0.49723995095655227,102,2692.HK,0.0,2026-03
2026-08-10,46.0,79.55,1.1625880002975464,92.48387542366982,-0.5026159988508979,103,2692.HK,0.0,2026-03
2026-08-11,47.58,81.04,1.163135051727295,94.26046459197998,-0.49522845865488896,104,2692.HK,0.0,2026-03
2026-08-12,47.02,81.52,1.1633410453796387,94.83556201934815,-0.5041944287691669,105,2692.HK,0.0,2026-03
2026-08-13,46.5,81.33,1.1635710000991821,94.63322943806648,-0.5086292597630062,106,2692.HK,0.0,2026-03
2026-08-14,46.94,81.98,1.1635710000991821,95.38955058813096,-0.5079125573966107,107,2692.HK,0.0,2026-03
2026-08-17,46.38,81.95,1.1637330055236816,95.36791980266571,-0.5136729405866354,108,2692.HK,0.0,2026-03
2026-08-18,47.46,81.8,1.163092017173767,95.14092700481415,-0.5011610513570199,109,2692.HK,0.0,2026-03
2026-08-19,45.56,73.62,1.1649320125579834,85.76229476451874,-0.4687642147974693,110,2692.HK,0.0,2026-03
2026-08-20,43.98,68.04,1.1665550470352173,79.3724054002762,-0.44590314759634386,111,2692.HK,0.0,2026-03
2026-08-21,42.8,68.31,1.1665550470352173,79.68737526297569,-0.46290112004873984,112,2692.HK,0.0,2026-03
2026-08-24,41.1,66.16,1.1652530431747437,77.09314133644104,-0.46687864461721573,113,2692.HK,0.0,2026-03
2026-08-25,42.42,72.78,1.1662189960479736,84.87741853237152,-0.5002204268992774,114,2692.HK,0.0,2026-03
2026-08-26,41.0,70.96,1.165971040725708,82.73730504989624,-0.5044556989706855,115,2692.HK,0.0,2026-03
2026-08-27,41.1,71.55,1.1657999753952026,83.41298823952674,-0.5072709794069692,116,2692.HK,0.0,2026-03
2026-08-28,40.76,70.43,1.1657999753952026,82.10729226708413,-0.503576370934105,117,2692.HK,0.0,2026-03
2026-08-31,41.3,75.1,1.1652239561080933,87.5083191037178,-0.5280448713561753,118,2692.HK,0.0,2026-03
2026-09-01,39.8,73.63,1.1664259433746338,85.88394221067428,-0.5365839180696882,119,2692.HK,0.0,2026-03
2026-09-02,38.5,72.07,1.1670570373535156,84.10980068206786,-0.5422649954251031,120,2692.HK,0.0,2026-03
2026-09-03,39.26,75.78,1.166767954826355,88.41767561674118,-0.5559711366969431,121,2692.HK,0.0,2026-03
2026-09-04,38.9,72.48,1.166767954826355,84.56734136581422,-0.5400115532575431,122,2692.HK,0.0,2026-03
2026-09-07,39.72,73.02,1.1681150197982788,85.29575874567031,-0.5343262011604273,123,2692.HK,0.0,2026-03
2026-09-08,38.74,71.43,1.168408989906311,83.45945414900781,-0.5358225093249,124,2692.HK,0.0,2026-03
2026-09-09,38.66,70.4,1.1684629917144775,82.25979461669922,-0.5300255710564127,125,2692.HK,0.0,2026-03
2026-09-10,38.0,69.12,1.169165015220642,80.81268585205079,-0.5297767968067644,126,2692.HK,0.0,2026-03
2026-09-11,37.46,67.68,1.169165015220642,79.12908823013306,-0.526596339754931,127,2692.HK,0.0,2026-03
2026-09-14,37.3,67.83,1.1691210269927979,79.30147926092148,-0.5296430741566147,128,2692.HK,0.0,2026-03
2026-09-15,37.38,66.87,1.1687699556350708,78.15564693331719,-0.5217236186159036,129,2692.HK,0.0,2026-03
2026-09-16,37.28,66.9,1.1693899631500244,78.23218853473664,-0.5234698057379931,130,2692.HK,0.0,2026-03
2026-09-17,36.8,68.43,1.16942298412323,80.02361480355263,-0.5401357450505189,131,2692.HK,0.0,2026-03
2026-09-18,38.24,68.98,1.16942298412323,80.6667974448204,-0.5259511817590401,132,2692.HK,0.0,2026-03
2026-09-21,38.6,69.8,1.1717050075531006,81.78500952720641,-0.5280308674762774,133,2692.HK,0.0,2026-03
2026-09-22,38.6,72.1,1.170611023902893,84.40105482339858,-0.5426597442322618,134,2692.HK,0.0,2026-03
2026-09-23,38.06,70.75,1.16852605342865,82.67321828007698,-0.5396332598174433,135,2692.HK,0.0,2026-03
2026-09-24,38.66,69.87,1.1684240102767944,81.63778559803963,-0.5264447741104783,136,2692.HK,0.0,2026-03
2026-09-28,36.4,68.91,1.1688159704208374,80.5431085216999,-0.5480681008209024,138,2692.HK,0.0,2026-03
2026-09-29,35.82,69.09,1.1688159704208374,80.75349539637565,-0.5564278694788528,139,2692.HK,0.0,2026-03
2026-09-30,36.14,70.25,1.1686999797821045,82.10117357969284,-0.5598114079950377,140,2692.HK,0.0,2026-03
2026-03-09,12.9,21.88,1.1332310438156128,24.795095238685608,-0.4797358156594912,0,2715.HK,0.0,2026-03
2026-03-10,13.33,22.34,1.1315950155258179,25.27983264684677,-0.47270220550045094,1,2715.HK,0.0,2026-03
2026-03-11,14.06,22.35,1.1375850439071655,25.42502573132515,-0.44700154294525485,2,2715.HK,0.0,2026-03
2026-03-12,13.61,22.01,1.1396000385284424,25.08259684801102,-0.4573927060873988,3,2715.HK,0.0,2026-03
2026-03-13,12.9,21.94,1.1393100023269653,24.99646145105362,-0.4839269540106743,4,2715.HK,0.0,2026-03
2026-03-16,12.84,21.94,1.134883999824524,24.899354956150056,-0.4843239906169311,5,2715.HK,0.0,2026-03
2026-03-17,12.68,21.82,1.1253759860992432,24.555704016685485,-0.48362303148042507,6,2715.HK,0.0,2026-03
2026-03-18,12.57,21.71,1.1378190517425537,24.70205161333084,-0.4911353843493548,7,2715.HK,0.0,2026-03
2026-03-19,12.31,21.0,1.1400790214538574,23.941659450531006,-0.4858334684178721,8,2715.HK,0.0,2026-03
2026-03-20,12.39,20.42,1.1349090337753296,23.174842469692233,-0.46536853416788115,9,2715.HK,0.0,2026-03
2026-03-23,13.0,19.78,1.137529969215393,22.500342791080477,-0.4222310246245038,10,2715.HK,0.0,2026-03
2026-03-24,12.15,20.01,1.1384819746017456,22.781024311780932,-0.46666138301266924,11,2715.HK,0.0,2026-03
2026-03-25,11.73,20.28,1.1355489492416382,23.028932690620422,-0.4906407449452672,12,2715.HK,0.0,2026-03
2026-03-26,11.45,20.09,1.132627010345459,22.75447663784027,-0.49680231357381066,13,2715.HK,0.0,2026-03
2026-03-27,12.03,20.13,1.1321159601211548,22.789494277238845,-0.4721251883147297,14,2715.HK,0.0,2026-03
2026-03-30,12.09,20.13,1.1335409879684448,22.818180087804794,-0.47015932237025704,15,2715.HK,0.0,2026-03
2026-03-31,11.25,20.03,1.1366699934005737,22.767499967813492,-0.5058746012559934,16,2715.HK,0.0,2026-03
2026-04-01,11.43,20.25,1.140197992324829,23.08900934457779,-0.504959271772125,17,2715.HK,0.0,2026-03
2026-04-02,11.86,19.78,1.1380009651184082,22.509659090042117,-0.47311507684065024,18,2715.HK,0.0,2026-03
2026-04-08,12.87,20.5,1.146731972694397,23.508005440235138,-0.45252692608398226,19,2715.HK,0.0,2026-03
2026-04-09,12.57,20.04,1.1465580463409424,22.977023248672484,-0.45293174559823624,20,2715.HK,0.0,2026-03
2026-04-10,12.79,20.47,1.1465580463409424,23.47004320859909,-0.45505000198236,21,2715.HK,0.0,2026-03
2026-04-13,13.6,20.63,1.1462260484695435,23.64664337992668,-0.42486551763431857,22,2715.HK,0.0,2026-03
2026-04-14,13.28,20.91,1.149266004562378,24.031152155399322,-0.44738396585715734,23,2715.HK,0.0,2026-03
2026-04-15,12.94,20.72,1.148550033569336,23.79795669555664,-0.4562558388714082,24,2715.HK,0.0,2026-03
2026-04-16,13.1,20.97,1.1466050148010254,24.0443071603775,-0.455172489994329,25,2715.HK,0.0,2026-03
2026-04-17,13.37,21.37,1.1466050148010254,24.502949166297913,-0.4543513962641894,26,2715.HK,0.0,2026-03
2026-04-20,13.02,21.43,1.148368000984192,24.609526261091233,-0.4709365852123206,27,2715.HK,0.0,2026-03
2026-04-21,12.63,21.18,1.1478389501571655,24.311228964328766,-0.4804869791431905,28,2715.HK,0.0,2026-03
2026-04-22,12.6,21.18,1.1475130319595337,24.304326016902923,-0.48157377451088,29,2715.HK,0.0,2026-03
2026-04-23,12.36,20.87,1.1473690271377563,23.945591596364977,-0.48382983355164677,30,2715.HK,0.0,2026-03
2026-04-24,12.19,20.62,1.1473690271377563,23.658749339580538,-0.4847572107454382,31,2715.HK,0.0,2026-03
2026-04-27,12.58,20.95,1.1485220193862915,24.061536306142806,-0.4771738662095163,32,2715.HK,0.0,2026-03
2026-04-28,11.96,20.38,1.1459360122680664,23.354175930023192,-0.48788601936389864,33,2715.HK,0.0,2026-03
2026-04-29,12.39,20.8,1.145792007446289,23.832473754882812,-0.4801211100689231,34,2715.HK,0.0,2026-03
2026-04-30,12.83,21.87,1.1469759941101074,25.08436499118805,-0.48852601991291855,35,2715.HK,0.0,2026-03
2026-05-06,13.8,22.83,1.1501250267028809,26.257354359626767,-0.4744329603435279,38,2715.HK,0.0,2026-03
2026-05-07,14.64,23.46,1.1517200469970703,27.01935230255127,-0.45816613825277974,39,2715.HK,0.0,2026-03
2026-05-08,14.7,24.08,1.1517200469970703,27.73341873168945,-0.4699535552317926,40,2715.HK,0.0,2026-03
2026-05-11,15.01,24.23,1.1520789861679077,27.914873834848404,-0.462293826266132,41,2715.HK,0.0,2026-03
2026-05-12,14.88,24.57,1.1525379419326782,28.317857233285903,-0.47453651321790424,42,2715.HK,0.0,2026-03
2026-05-13,14.6,24.2,1.152662992477417,27.89444441795349,-0.476598286696719,43,2715.HK,0.0,2026-03
2026-05-14,14.27,23.74,1.1543200016021729,27.40355683803558,-0.47926467778104154,44,2715.HK,0.0,2026-03
2026-05-15,15.24,25.43,1.1543200016021729,29.354357640743256,-0.48082665658991675,45,2715.HK,0.0,2026-03
2026-05-18,15.3,26.07,1.1515320539474487,30.020440646409988,-0.49034725438549953,46,2715.HK,0.0,2026-03
2026-05-19,15.51,26.86,1.1492929458618164,30.870008525848387,-0.4975705955178791,47,2715.HK,0.0,2026-03
2026-05-20,14.38,26.1,1.151231050491333,30.047130417823794,-0.5214185248295836,48,2715.HK,0.0,2026-03
2026-05-21,15.9,28.7,1.151487946510315,33.04770406484604,-0.5188773184121626,49,2715.HK,0.0,2026-03
2026-05-22,16.59,29.07,1.151487946510315,33.47375460505486,-0.5043878347158955,50,2715.HK,0.0,2026-03
2026-05-26,19.93,30.03,1.1545629501342773,34.67152539253235,-0.42517671852151684,51,2715.HK,0.0,2026-03
2026-05-27,18.64,28.43,1.155385971069336,32.84762315750122,-0.43253123945610983,52,2715.HK,0.0,2026-03
2026-05-28,18.14,28.32,1.155282974243164,32.71761383056641,-0.4455585882900568,53,2715.HK,0.0,2026-03
2026-05-29,16.84,27.72,1.155282974243164,32.024444046020506,-0.4741516831392859,54,2715.HK,0.0,2026-03
2026-06-01,16.33,26.77,1.1584069728851318,31.01055466413498,-0.47340509781702367,55,2715.HK,0.0,2026-03
2026-06-02,16.62,26.96,1.1587949991226196,31.241113176345827,-0.4680087131919546,56,2715.HK,0.0,2026-03
2026-06-03,17.16,29.04,1.157420039176941,33.61147793769836,-0.48946011740966966,57,2715.HK,0.0,2026-03
2026-06-04,16.53,29.49,1.156491994857788,34.104948928356166,-0.5153196084613889,58,2715.HK,0.0,2026-03
2026-06-05,18.16,31.02,1.156491994857788,35.87438168048858,-0.4937891846683202,59,2715.HK,0.0,2026-03
2026-06-08,20.4,34.12,1.1580270528793335,39.51188304424286,-0.483699625827567,60,2715.HK,0.0,2026-03
2026-06-09,21.06,37.53,1.1571120023727417,43.426413449049,-0.515041691741154,61,2715.HK,0.0,2026-03
2026-06-10,17.65,35.8,1.1569290161132812,41.41805877685547,-0.5738573819914787,62,2715.HK,0.0,2026-03
2026-06-11,16.63,33.35,1.1563459634780884,38.56413788199425,-0.5687703417385452,63,2715.HK,0.0,2026-03
2026-06-12,17.0,32.22,1.1563459634780884,37.257466943264006,-0.5437156254909185,64,2715.HK,0.0,2026-03
2026-06-15,18.15,33.23,1.1586040258407593,38.500411778688424,-0.5285764707055217,65,2715.HK,0.0,2026-03
2026-06-16,18.43,33.9,1.158974051475525,39.28922034502029,-0.5309145908685381,66,2715.HK,0.0,2026-03
2026-06-17,18.62,33.18,1.1593559980392456,38.46743201494217,-0.515954171498443,67,2715.HK,0.0,2026-03
2026-06-18,21.0,36.5,1.1576859951019287,42.2555388212204,-0.5030237316615647,68,2715.HK,0.0,2026-03
2026-06-22,19.79,37.19,1.156896948814392,43.02499752640724,-0.5400348370071704,69,2715.HK,0.0,2026-03
2026-06-23,19.68,38.25,1.1545089483261108,44.15996727347374,-0.5543474958184244,70,2715.HK,0.0,2026-03
2026-06-24,19.05,37.62,1.1541520357131958,43.41919958353042,-0.5612540032353346,71,2715.HK,0.0,2026-03
2026-06-25,18.2,36.87,1.154500961303711,42.56645044326782,-0.5724332235722405,72,2715.HK,0.0,2026-03
2026-06-26,17.48,34.67,1.154500961303711,40.02654832839966,-0.5632898481131939,73,2715.HK,0.0,2026-03
2026-06-29,17.0,33.94,1.153959035873413,39.16536967754364,-0.5659430731800972,74,2715.HK,0.0,2026-03
2026-06-30,18.68,37.33,1.1542860269546509,43.08949738621712,-0.5664836878330564,75,2715.HK,0.0,2026-03
2026-07-02,19.16,40.7,1.1552209854125977,47.01749410629273,-0.5924921060938536,76,2715.HK,0.0,2026-03
2026-07-03,25.5,44.77,1.1552209854125977,51.719243516922,-0.506953345292905,77,2715.HK,0.0,2026-03
2026-07-06,23.32,46.03,1.1538079977035522,53.10978213429451,-0.5609095149169967,78,2715.HK,0.0,2026-03
2026-07-07,23.6,49.0,1.1541539430618286,56.5535432100296,-0.5826963500349769,79,2715.HK,0.0,2026-03
2026-07-08,19.27,44.1,1.1521199941635132,50.80849174261093,-0.6207326897712442,80,2715.HK,0.0,2026-03
2026-07-09,20.6,41.53,1.1535500288009644,47.90693269610405,-0.5699996046360267,81,2715.HK,0.0,2026-03
2026-07-10,21.44,42.78,1.1535500288009644,49.348870232105256,-0.5655422322910317,82,2715.HK,0.0,2026-03
2026-07-13,19.6,38.5,1.1558259725570679,44.49929994344711,-0.5595436327108723,83,2715.HK,0.0,2026-03
2026-07-14,20.5,38.4,1.1575560569763184,44.45015258789062,-0.5388092322188174,84,2715.HK,0.0,2026-03
2026-07-15,21.1,40.9,1.1579129695892334,47.358640456199645,-0.5544635615223233,85,2715.HK,0.0,2026-03
2026-07-16,22.7,42.43,1.157472014427185,49.11153757214546,-0.5377868191022646,86,2715.HK,0.0,2026-03
2026-07-17,19.47,38.19,1.157472014427185,44.203856230974196,-0.5595406903355837,87,2715.HK,0.0,2026-03
2026-07-20,18.39,34.37,1.1575069427490234,39.783513622283934,-0.5377482196620458,88,2715.HK,0.0,2026-03
2026-07-21,18.73,33.43,1.1589380502700806,38.743299020528795,-0.5165615610050246,89,2715.HK,0.0,2026-03
2026-07-22,19.26,32.99,1.157410979270935,38.18298820614815,-0.4955868855518544,90,2715.HK,0.0,2026-03
2026-07-23,18.38,31.31,1.15762197971344,36.2451441848278,-0.4928975890874271,91,2715.HK,0.0,2026-03
2026-07-24,17.58,30.04,1.15762197971344,34.77496427059174,-0.4944638946799167,92,2715.HK,0.0,2026-03
2026-07-27,18.33,31.55,1.1586990356445312,36.556954574584964,-0.49859061802857796,93,2715.HK,0.0,2026-03
2026-07-28,18.17,30.34,1.1579099893569946,35.130989077091215,-0.48279281405576513,94,2715.HK,0.0,2026-03
2026-07-29,18.19,31.06,1.1589430570602417,35.996771352291105,-0.4946769024927494,95,2715.HK,0.0,2026-03
2026-07-30,15.97,27.95,1.1609450578689575,32.44841436743736,-0.5078341943258029,96,2715.HK,0.0,2026-03
2026-07-31,16.8,29.74,1.1609450578689575,34.5265060210228,-0.5134173150978361,97,2715.HK,0.0,2026-03
2026-08-03,17.57,30.75,1.1610649824142456,35.70274820923805,-0.5078810208942465,98,2715.HK,0.0,2026-03
2026-08-04,18.07,32.3,1.1611469984054565,37.50504804849624,-0.5181981909039438,99,2715.HK,0.0,2026-03
2026-08-05,18.84,34.27,1.1619360446929932,39.81954825162888,-0.5268655515390153,100,2715.HK,0.0,2026-03
2026-08-06,18.5,34.81,1.162284016609192,40.459106618165976,-0.5427481833794725,101,2715.HK,0.0,2026-03
2026-08-07,18.92,35.13,1.162284016609192,40.831037503480914,-0.5366270083539504,102,2715.HK,0.0,2026-03
2026-08-10,18.37,34.63,1.1625880002975464,40.260422450304034,-0.5437206347579873,103,2715.HK,0.0,2026-03
2026-08-11,19.6,36.12,1.163135051727295,42.01243806838989,-0.533471493177945,104,2715.HK,0.0,2026-03
2026-08-12,19.0,34.71,1.1633410453796387,40.379567685127256,-0.5294649970460643,105,2715.HK,0.0,2026-03
2026-08-13,18.41,34.67,1.1635710000991821,40.34100657343865,-0.5436405393979058,106,2715.HK,0.0,2026-03
2026-08-14,18.22,34.75,1.1635710000991821,40.43409225344658,-0.5493901560644796,107,2715.HK,0.0,2026-03
2026-08-17,19.09,36.4,1.1637330055236816,42.35988140106201,-0.5493377372977869,108,2715.HK,0.0,2026-03
2026-08-18,20.7,40.04,1.163092017173767,46.570204367637636,-0.5555097882631421,109,2715.HK,0.0,2026-03
2026-08-19,17.76,36.04,1.1649320125579834,41.98414973258972,-0.5769832159727174,110,2715.HK,0.0,2026-03
2026-08-20,17.34,32.77,1.1665550470352173,38.228008891344075,-0.5464058813712822,111,2715.HK,0.0,2026-03
2026-08-21,17.84,33.57,1.1665550470352173,39.161252928972246,-0.5444476704471928,112,2715.HK,0.0,2026-03
2026-08-24,16.8,30.82,1.1652530431747437,35.9130987906456,-0.532204110318212,113,2715.HK,0.0,2026-03
2026-08-25,17.22,31.68,1.1662189960479736,36.9458177947998,-0.5339120629121993,114,2715.HK,0.0,2026-03
2026-08-26,17.09,31.25,1.165971040725708,36.436595022678375,-0.5309660524161747,115,2715.HK,0.0,2026-03
2026-08-27,17.4,31.81,1.1657999753952026,37.08409721732139,-0.5307961820391105,116,2715.HK,0.0,2026-03
2026-08-28,17.05,31.49,1.1657999753952026,36.71104122519493,-0.5355620698576504,117,2715.HK,0.0,2026-03
2026-08-31,17.15,31.66,1.1652239561080933,36.89099045038223,-0.5351168458578941,118,2715.HK,0.0,2026-03
2026-09-01,16.8,31.01,1.1664259433746338,36.1708685040474,-0.535537832105963,119,2715.HK,0.0,2026-03
2026-09-02,16.34,30.41,1.1670570373535156,35.49020450592041,-0.539591269549484,120,2715.HK,0.0,2026-03
2026-09-03,16.45,30.81,1.166767954826355,35.94812068819999,-0.5423961062476423,121,2715.HK,0.0,2026-03
2026-09-04,16.08,29.88,1.166767954826355,34.86302649021149,-0.5387663774826092,122,2715.HK,0.0,2026-03
2026-09-07,16.22,30.58,1.1681150197982788,35.72095730543136,-0.5459248233099914,123,2715.HK,0.0,2026-03
2026-09-08,15.91,30.23,1.168408989906311,35.32100376486778,-0.5495598000013533,124,2715.HK,0.0,2026-03
2026-09-09,15.24,30.06,1.1684629917144775,35.123997530937196,-0.5661086131617958,125,2715.HK,0.0,2026-03
2026-09-10,14.75,29.5,1.169165015220642,34.49036794900894,-0.572344370990573,126,2715.HK,0.0,2026-03
2026-09-11,14.46,28.89,1.169165015220642,33.77717728972435,-0.5719002841484033,127,2715.HK,0.0,2026-03
2026-09-14,14.42,28.96,1.1691210269927979,33.857744941711424,-0.5741004008144936,128,2715.HK,0.0,2026-03
2026-09-15,14.34,28.63,1.1687699556350708,33.461883829832075,-0.5714526990493123,129,2715.HK,0.0,2026-03
2026-09-16,14.61,29.17,1.1693899631500244,34.11110522508621,-0.5716937371687558,130,2715.HK,0.0,2026-03
2026-09-17,14.76,29.57,1.16942298412323,34.57983764052391,-0.5731616743421941,131,2715.HK,0.0,2026-03
2026-09-18,15.03,29.79,1.16942298412323,34.83711069703102,-0.5685635318407469,132,2715.HK,0.0,2026-03
2026-09-21,14.99,29.78,1.1717050075531006,34.89337512493134,-0.5704055584668954,133,2715.HK,0.0,2026-03
2026-09-22,14.78,29.68,1.170611023902893,34.743735189437864,-0.5745995668164907,134,2715.HK,0.0,2026-03
2026-09-23,14.57,29.47,1.16852605342865,34.43646279454231,-0.5769019574708139,135,2715.HK,0.0,2026-03
2026-09-24,14.59,29.35,1.1684240102767944,34.29324470162392,-0.5745517775601705,136,2715.HK,0.0,2026-03
2026-09-28,14.12,28.45,1.1688159704208374,33.252814358472826,-0.575374287187147,138,2715.HK,0.0,2026-03
2026-09-29,13.91,28.16,1.1688159704208374,32.91385772705078,-0.5773816574358026,139,2715.HK,0.0,2026-03
2026-09-30,14.08,28.22,1.1686999797821045,32.98071342945099,-0.5730838257905331,140,2715.HK,0.0,2026-03
2026-03-10,29.3,49.14,1.1315950155258179,55.60657906293869,-0.4730839319060324,0,3268.HK,0.0,2026-03
2026-03-11,29.58,48.26,1.1375850439071655,54.8998542189598,-0.46120075506895475,1,3268.HK,0.0,2026-03
2026-03-12,28.26,46.26,1.1396000385284424,52.71789778232574,-0.4639391707786482,2,3268.HK,0.0,2026-03
2026-03-13,26.22,44.78,1.1393100023269653,51.01830190420151,-0.48606678346068777,3,3268.HK,0.0,2026-03
2026-03-16,27.0,45.23,1.134883999824524,51.33080331206321,-0.47400004952475094,4,3268.HK,0.0,2026-03
2026-03-17,25.96,43.4,1.1253759860992432,48.84131779670715,-0.46848280981988155,5,3268.HK,0.0,2026-03
2026-03-18,26.72,43.99,1.1378190517425537,50.05266008615494,-0.4661622388498985,6,3268.HK,0.0,2026-03
2026-03-19,24.86,42.39,1.1400790214538574,48.327949719429014,-0.4855978756738841,7,3268.HK,0.0,2026-03
2026-03-20,24.22,41.24,1.1349090337753296,46.80364855289459,-0.48251897557456336,8,3268.HK,0.0,2026-03
2026-03-23,22.6,38.03,1.137529969215393,43.2602647292614,-0.4775806356840605,9,3268.HK,0.0,2026-03
2026-03-24,24.38,38.78,1.1384819746017456,44.150330975055695,-0.44779575913543324,10,3268.HK,0.0,2026-03
2026-03-25,24.52,39.26,1.1355489492416382,44.581651747226715,-0.44999794671077187,11,3268.HK,0.0,2026-03
2026-03-26,23.94,37.93,1.132627010345459,42.96054250240326,-0.44274446723616745,12,3268.HK,0.0,2026-03
2026-03-27,23.1,38.31,1.1321159601211548,43.37136243224144,-0.46739049214585193,13,3268.HK,0.0,2026-03
2026-03-30,22.54,38.09,1.1335409879684448,43.176576231718066,-0.47795768059437227,14,3268.HK,0.0,2026-03
2026-03-31,22.3,38.24,1.1366699934005737,43.466260547637944,-0.4869583967187664,15,3268.HK,0.0,2026-03
2026-04-01,22.16,38.58,1.140197992324829,43.9888385438919,-0.496235846784433,16,3268.HK,0.0,2026-03
2026-04-02,21.92,36.78,1.1380009651184082,41.85567549705505,-0.47629563399252073,17,3268.HK,0.0,2026-03
2026-04-08,22.76,38.4,1.146731972694397,44.034507751464844,-0.4831326347858885,18,3268.HK,0.0,2026-03
2026-04-09,21.8,37.79,1.1465580463409424,43.328428571224215,-0.49686612880121683,19,3268.HK,0.0,2026-03
2026-04-10,22.16,38.54,1.1465580463409424,44.18834710597992,-0.49851032112941085,20,3268.HK,0.0,2026-03
2026-04-13,23.08,38.5,1.1462260484695435,44.12970286607742,-0.476996251933941,21,3268.HK,0.0,2026-03
2026-04-14,23.1,38.93,1.149266004562378,44.74092555761337,-0.4836941857572016,22,3268.HK,0.0,2026-03
2026-04-15,22.64,38.66,1.148550033569336,44.402944297790526,-0.4901239015105906,23,3268.HK,0.0,2026-03
2026-04-16,25.3,40.15,1.1466050148010254,46.03619134426117,-0.45043238240963046,24,3268.HK,0.0,2026-03
2026-04-17,24.92,40.0,1.1466050148010254,45.864200592041016,-0.45665683303494753,25,3268.HK,0.0,2026-03
2026-04-20,25.82,40.15,1.148368000984192,46.1069752395153,-0.43999796417199466,26,3268.HK,0.0,2026-03
2026-04-21,24.42,39.43,1.1478389501571655,45.25928980469703,-0.46044226267408905,27,3268.HK,0.0,2026-03
2026-04-22,23.76,39.74,1.1475130319595337,45.60216789007187,-0.4789721388405126,28,3268.HK,0.0,2026-03
2026-04-23,23.26,39.18,1.1473690271377563,44.95391848325729,-0.4825812568783522,29,3268.HK,0.0,2026-03
2026-04-24,23.3,39.5,1.1473690271377563,45.321076571941376,-0.4858904120908458,30,3268.HK,0.0,2026-03
2026-04-27,24.02,39.39,1.1485220193862915,45.24028234362602,-0.4690572481941149,31,3268.HK,0.0,2026-03
2026-04-28,22.54,38.2,1.1459360122680664,43.77475566864014,-0.48509135789083424,32,3268.HK,0.0,2026-03
2026-04-29,22.82,38.82,1.145792007446289,44.47964572906494,-0.48695634540343435,33,3268.HK,0.0,2026-03
2026-04-30,22.86,39.07,1.1469759941101074,44.8123520898819,-0.48987279323904276,34,3268.HK,0.0,2026-03
2026-05-06,22.4,39.81,1.1501250267028809,45.786477313041686,-0.5107725836418595,37,3268.HK,0.0,2026-03
2026-05-07,23.16,40.72,1.1517200469970703,46.8980403137207,-0.5061627341979957,38,3268.HK,0.0,2026-03
2026-05-08,23.48,41.31,1.1517200469970703,47.577555141448975,-0.5064899839810282,39,3268.HK,0.0,2026-03
2026-05-11,24.0,41.86,1.1520789861679077,48.22602636098862,-0.5023434064346991,40,3268.HK,0.0,2026-03
2026-05-12,23.08,41.05,1.1525379419326782,47.31168251633644,-0.5121712276448716,41,3268.HK,0.0,2026-03
2026-05-13,23.94,41.56,1.152662992477417,47.904673967361454,-0.5002575319412284,42,3268.HK,0.0,2026-03
2026-05-14,22.9,40.57,1.1543200016021729,46.830762465000156,-0.5110051855953714,43,3268.HK,0.0,2026-03
2026-05-15,22.64,40.58,1.1543200016021729,46.84230566501617,-0.5166762250794047,44,3268.HK,0.0,2026-03
2026-05-18,25.5,44.64,1.1515320539474487,51.40439088821411,-0.5039334274876781,45,3268.HK,0.0,2026-03
2026-05-19,25.16,45.65,1.1492929458618164,52.46522297859192,-0.5204442376950086,46,3268.HK,0.0,2026-03
2026-05-20,24.46,44.74,1.151231050491333,51.50607719898224,-0.5251045831833737,47,3268.HK,0.0,2026-03
2026-05-21,24.82,45.85,1.151487946510315,52.79572234749794,-0.529886155612449,48,3268.HK,0.0,2026-03
2026-05-22,26.5,47.48,1.151487946510315,54.67264770030975,-0.5152969333905176,49,3268.HK,0.0,2026-03
2026-05-26,26.02,45.26,1.1545629501342773,52.25551912307739,-0.5020621661280389,50,3268.HK,0.0,2026-03
2026-05-27,28.22,49.79,1.155385971069336,57.526667499542235,-0.5094449022233982,51,3268.HK,0.0,2026-03
2026-05-28,27.56,49.54,1.155282974243164,57.232718544006346,-0.5184572618403744,52,3268.HK,0.0,2026-03
2026-05-29,23.84,45.44,1.155282974243164,52.49605834960937,-0.5458706663035131,53,3268.HK,0.0,2026-03
2026-06-01,24.8,46.0,1.1584069728851318,53.286720752716064,-0.5345932410611713,54,3268.HK,0.0,2026-03
2026-06-02,24.68,45.58,1.1587949991226196,52.817876060009,-0.5327339559818757,55,3268.HK,0.0,2026-03
2026-06-03,23.56,42.88,1.157420039176941,49.63017127990723,-0.5252887630162529,56,3268.HK,0.0,2026-03
2026-06-04,23.64,42.63,1.156491994857788,49.30125374078751,-0.5204990095324422,57,3268.HK,0.0,2026-03
2026-06-05,23.8,44.05,1.156491994857788,50.94347237348556,-0.5328155131335897,58,3268.HK,0.0,2026-03
2026-06-08,23.9,44.71,1.1580270528793335,51.775389534235,-0.538390725497163,59,3268.HK,0.0,2026-03
2026-06-09,23.06,44.3,1.1571120023727417,51.260061705112456,-0.5501371002505038,60,3268.HK,0.0,2026-03
2026-06-10,22.16,43.66,1.1569290161132812,50.511520843505856,-0.5612882045532577,61,3268.HK,0.0,2026-03
2026-06-11,21.02,41.03,1.1563459634780884,47.44487488150597,-0.5569595229727626,62,3268.HK,0.0,2026-03
2026-06-12,20.46,40.36,1.1563459634780884,46.670123085975646,-0.5616038988731911,63,3268.HK,0.0,2026-03
2026-06-15,20.86,40.73,1.1586040258407593,47.18994197249412,-0.5579566507592064,64,3268.HK,0.0,2026-03
2026-06-16,21.12,42.01,1.158974051475525,48.6884999024868,-0.5662220022736564,65,3268.HK,0.0,2026-03
2026-06-17,20.38,41.6,1.1593559980392456,48.22920951843262,-0.5774345007207508,66,3268.HK,0.0,2026-03
2026-06-18,21.2,43.68,1.1576859951019287,50.567724266052245,-0.580760251569552,67,3268.HK,0.0,2026-03
2026-06-22,19.92,41.08,1.156896948814392,47.525326657295224,-0.5808550640031793,68,3268.HK,0.0,2026-03
2026-06-23,19.16,39.2,1.1545089483261108,45.25675077438355,-0.576637746365896,69,3268.HK,0.0,2026-03
2026-06-24,18.83,39.19,1.1541520357131958,45.23121827960014,-0.5836946092497233,70,3268.HK,0.0,2026-03
2026-06-25,17.88,37.48,1.154500961303711,43.270696029663085,-0.5867873262832926,71,3268.HK,0.0,2026-03
2026-06-26,16.89,35.65,1.154500961303711,41.15795927047729,-0.5896297994513241,72,3268.HK,0.0,2026-03
2026-06-29,16.91,34.23,1.153959035873413,39.500017797946924,-0.5718989270713968,73,3268.HK,0.0,2026-03
2026-06-30,17.57,36.44,1.1542860269546509,42.06218282222748,-0.5822851116819536,74,3268.HK,0.0,2026-03
2026-07-02,17.88,37.66,1.1552209854125977,43.50562231063842,-0.5890186359746012,75,3268.HK,0.0,2026-03
2026-07-03,18.26,38.72,1.1552209854125977,44.73015655517578,-0.5917742881700888,76,3268.HK,0.0,2026-03
2026-07-06,17.85,37.57,1.1538079977035522,43.34856647372246,-0.5882216771615614,77,3268.HK,0.0,2026-03
2026-07-07,17.41,36.3,1.1541539430618286,41.89578813314438,-0.584445101147848,78,3268.HK,0.0,2026-03
2026-07-08,17.51,36.12,1.1521199941635132,41.614574189186094,-0.5792339500964995,79,3268.HK,0.0,2026-03
2026-07-09,17.73,36.38,1.1535500288009644,41.96615004777909,-0.5775166418693607,80,3268.HK,0.0,2026-03
2026-07-10,18.31,37.71,1.1535500288009644,43.50037158608437,-0.5790840553220169,81,3268.HK,0.0,2026-03
2026-07-13,17.87,37.65,1.1558259725570679,43.5168478667736,-0.5893544483114028,82,3268.HK,0.0,2026-03
2026-07-14,17.33,35.78,1.1575560569763184,41.417355718612676,-0.5815763778417169,83,3268.HK,0.0,2026-03
2026-07-15,17.1,35.5,1.1579129695892334,41.105910420417786,-0.5840014288673623,84,3268.HK,0.0,2026-03
2026-07-16,19.09,39.05,1.157472014427185,45.199282163381575,-0.5776481597429912,85,3268.HK,0.0,2026-03
2026-07-17,18.07,40.68,1.157472014427185,47.085961546897884,-0.6162338113876643,86,3268.HK,0.0,2026-03
2026-07-20,17.22,39.23,1.1575069427490234,45.40899736404418,-0.6207799995682097,87,3268.HK,0.0,2026-03
2026-07-21,18.68,41.91,1.1589380502700806,48.571093686819076,-0.6154091130735797,88,3268.HK,0.0,2026-03
2026-07-22,19.0,42.99,1.157410979270935,49.7570979988575,-0.6181449328006173,89,3268.HK,0.0,2026-03
2026-07-23,18.13,40.36,1.15762197971344,46.721623101234435,-0.611956974167685,90,3268.HK,0.0,2026-03
2026-07-24,17.2,38.24,1.15762197971344,44.26746450424194,-0.6114527860896166,91,3268.HK,0.0,2026-03
2026-07-27,17.25,38.66,1.1586990356445312,44.795304718017576,-0.6149149981546682,92,3268.HK,0.0,2026-03
2026-07-28,16.83,37.34,1.1579099893569946,43.236359002590184,-0.6107442812427439,93,3268.HK,0.0,2026-03
2026-07-29,17.09,37.7,1.1589430570602417,43.69215325117111,-0.6088542512026018,94,3268.HK,0.0,2026-03
2026-07-30,16.03,33.93,1.1609450578689575,39.390865813493726,-0.5930528646946174,95,3268.HK,0.0,2026-03
2026-07-31,16.47,35.1,1.1609450578689575,40.74917153120041,-0.5958200036683097,96,3268.HK,0.0,2026-03
2026-08-03,16.76,36.27,1.1610649824142456,42.111826912164695,-0.6020120420100179,97,3268.HK,0.0,2026-03
2026-08-04,17.09,36.82,1.1611469984054565,42.75343248128891,-0.6002660135538951,98,3268.HK,0.0,2026-03
2026-08-05,17.28,37.87,1.1619360446929932,44.00251801252365,-0.6072952008091468,99,3268.HK,0.0,2026-03
2026-08-06,17.2,38.13,1.162284016609192,44.31788955330849,-0.6118948764626821,100,3268.HK,0.0,2026-03
2026-08-07,17.0,37.67,1.162284016609192,43.78323890566826,-0.6117235630596725,101,3268.HK,0.0,2026-03
2026-08-10,17.15,37.15,1.1625880002975464,43.19014421105385,-0.6029186678286034,102,3268.HK,0.0,2026-03
2026-08-11,17.36,38.16,1.163135051727295,44.38523357391357,-0.6088789310730821,103,3268.HK,0.0,2026-03
2026-08-12,17.49,38.7,1.1633410453796387,45.02129845619202,-0.6115172018634992,104,3268.HK,0.0,2026-03
2026-08-13,17.48,38.05,1.1635710000991821,44.273876553773874,-0.6051847870432294,105,3268.HK,0.0,2026-03
2026-08-14,17.36,38.0,1.1635710000991821,44.21569800376892,-0.6073792615798976,106,3268.HK,0.0,2026-03
2026-08-17,18.11,39.06,1.1637330055236816,45.455411195755005,-0.6015875882849508,107,3268.HK,0.0,2026-03
2026-08-18,18.9,40.15,1.163092017173767,46.69814448952675,-0.5952729983899294,108,3268.HK,0.0,2026-03
2026-08-19,18.28,37.97,1.1649320125579834,44.23246851682663,-0.5867289207916117,109,3268.HK,0.0,2026-03
2026-08-20,17.9,38.02,1.1665550470352173,44.352422888278966,-0.5964143820262311,110,3268.HK,0.0,2026-03
2026-08-21,17.97,37.85,1.1665550470352173,44.154108530282976,-0.5930163557106962,111,3268.HK,0.0,2026-03
2026-08-24,18.5,39.96,1.1652530431747437,46.563511605262754,-0.6026931955469382,112,3268.HK,0.0,2026-03
2026-08-25,18.64,39.8,1.1662189960479736,46.41551604270935,-0.598410152698758,113,3268.HK,0.0,2026-03
2026-08-26,19.3,40.9,1.165971040725708,47.68821556568145,-0.5952878552686057,114,3268.HK,0.0,2026-03
2026-08-27,19.61,41.26,1.1657999753952026,48.10090698480606,-0.5923153797038726,115,3268.HK,0.0,2026-03
2026-08-28,19.17,40.82,1.1657999753952026,47.587954995632174,-0.5971669721516819,116,3268.HK,0.0,2026-03
2026-08-31,22.98,44.9,1.1652239561080933,52.31855562925339,-0.5607676908582131,117,3268.HK,0.0,2026-03
2026-09-01,21.6,44.75,1.1664259433746338,52.19756096601486,-0.5861875612528433,118,3268.HK,0.0,2026-03
2026-09-02,21.2,43.98,1.1670570373535156,51.327168502807616,-0.5869633837518164,119,3268.HK,0.0,2026-03
2026-09-03,19.17,42.95,1.166767954826355,50.11268365979195,-0.6174621153769678,120,3268.HK,0.0,2026-03
2026-09-04,18.88,41.93,1.166767954826355,48.922580345869065,-0.6140841332054925,121,3268.HK,0.0,2026-03
2026-09-07,23.1,46.12,1.1681150197982788,53.87346471309662,-0.5712174792726037,122,3268.HK,0.0,2026-03
2026-09-08,21.92,47.51,1.168408989906311,55.51111111044884,-0.6051240992747124,123,3268.HK,0.0,2026-03
2026-09-09,20.5,44.35,1.1684629917144775,51.82133368253708,-0.6044100268513901,124,3268.HK,0.0,2026-03
2026-09-10,19.75,42.18,1.169165015220642,49.315380342006684,-0.5995164213875683,125,3268.HK,0.0,2026-03
2026-09-11,19.41,40.82,1.169165015220642,47.72531592130661,-0.5932976110204322,126,3268.HK,0.0,2026-03
2026-09-14,18.92,40.52,1.1691210269927979,47.37278401374817,-0.6006145639549244,127,3268.HK,0.0,2026-03
2026-09-15,18.51,40.33,1.1687699556350708,47.13649231076241,-0.6073106187459409,128,3268.HK,0.0,2026-03
2026-09-16,18.66,40.91,1.1693899631500244,47.8397433924675,-0.6099477405863747,129,3268.HK,0.0,2026-03
2026-09-17,19.01,42.82,1.16942298412323,50.07469218015671,-0.6203671121610376,130,3268.HK,0.0,2026-03
2026-09-18,19.59,45.3,1.16942298412323,52.97486118078231,-0.6302019568650297,131,3268.HK,0.0,2026-03
2026-09-21,19.88,46.47,1.1717050075531006,54.44913170099258,-0.6348885762004246,132,3268.HK,0.0,2026-03
2026-09-22,20.1,47.9,1.170611023902893,56.07226804494858,-0.6415340291944769,133,3268.HK,0.0,2026-03
2026-09-23,19.55,46.25,1.16852605342865,54.04432997107506,-0.6382599245755602,134,3268.HK,0.0,2026-03
2026-09-24,18.74,45.53,1.1684240102767944,53.198345187902454,-0.6477334034769646,135,3268.HK,0.0,2026-03
2026-09-28,17.49,42.6,1.1688159704208374,49.79156033992768,-0.6487356515723643,137,3268.HK,0.0,2026-03
2026-09-29,17.69,41.95,1.1688159704208374,49.03182995915413,-0.6392139552054936,138,3268.HK,0.0,2026-03
2026-09-30,17.87,42.41,1.1686999797821045,49.564566142559045,-0.6394601750653524,139,3268.HK,0.0,2026-03
2026-03-20,96.0,110.03,1.1349090337753296,124.87404098629952,-0.2312253272036533,0,1989.HK,0.0,2026-03
2026-03-23,83.45,99.03,1.137529969215393,112.64959285140037,-0.2592072648670686,1,1989.HK,0.0,2026-03
2026-03-24,87.9,102.88,1.1384819746017456,117.12702554702759,-0.24953272236297552,2,1989.HK,0.0,2026-03
2026-03-25,98.0,106.47,1.1355489492416382,120.90189662575722,-0.18942545373500908,3,1989.HK,0.0,2026-03
2026-03-26,101.0,114.93,1.132627010345459,130.1728222990036,-0.22410839516096825,4,1989.HK,0.0,2026-03
2026-03-27,97.75,114.87,1.1321159601211548,130.04616033911705,-0.24834382080100958,5,1989.HK,0.0,2026-03
2026-03-30,100.5,117.35,1.1335409879684448,133.021034938097,-0.24448039329442195,6,1989.HK,0.0,2026-03
2026-03-31,93.8,116.33,1.1366699934005737,132.22882033228873,-0.29062363436138794,7,1989.HK,0.0,2026-03
2026-04-01,102.8,120.35,1.140197992324829,137.22282837629317,-0.2508535116467554,8,1989.HK,0.0,2026-03
2026-04-02,99.35,115.79,1.1380009651184082,131.76913175106048,-0.24602978952845367,9,1989.HK,0.0,2026-03
2026-04-08,121.0,125.62,1.146731972694397,144.05247040987015,-0.16002828930513535,10,1989.HK,0.0,2026-03
2026-04-09,117.8,127.12,1.1465580463409424,145.7504588508606,-0.19176926831812557,11,1989.HK,0.0,2026-03
2026-04-10,117.2,126.81,1.1465580463409424,145.3950258564949,-0.1939201543546849,12,1989.HK,0.0,2026-03
2026-04-13,133.5,132.0,1.1462260484695435,151.30183839797974,-0.11765777988205484,13,1989.HK,0.0,2026-03
2026-04-14,129.5,133.08,1.149266004562378,152.94431988716127,-0.15328663336080695,14,1989.HK,0.0,2026-03
2026-04-15,128.3,127.86,1.148550033569336,146.8536072921753,-0.12634083448329336,15,1989.HK,0.0,2026-03
2026-04-16,140.0,135.65,1.1466050148010254,155.5369702577591,-0.09989245792823986,16,1989.HK,0.0,2026-03
2026-04-17,158.3,149.22,1.1466050148010254,171.09640030860902,-0.0747905875607433,17,1989.HK,0.0,2026-03
2026-04-20,150.5,148.3,1.148368000984192,170.30297454595566,-0.11628084946109907,18,1989.HK,0.0,2026-03
2026-04-21,149.4,158.3,1.1478389501571655,181.70290580987933,-0.17777869685627767,19,1989.HK,0.0,2026-03
2026-04-22,148.8,158.52,1.1475130319595337,181.90376582622528,-0.18198504948957284,20,1989.HK,0.0,2026-03
2026-04-23,151.9,168.38,1.1473690271377563,193.1939967894554,-0.21374368497825524,21,1989.HK,0.0,2026-03
2026-04-24,167.1,170.6,1.1473690271377563,195.74115602970122,-0.14632158412998897,22,1989.HK,0.0,2026-03
2026-04-27,170.8,172.2,1.1485220193862915,197.77549173831937,-0.1363945122887681,23,1989.HK,0.0,2026-03
2026-04-28,174.3,165.11,1.1459360122680664,189.20549498558046,-0.07877939795943245,24,1989.HK,0.0,2026-03
2026-04-29,176.6,164.0,1.145792007446289,187.9098892211914,-0.060187834009514996,25,1989.HK,0.0,2026-03
2026-04-30,174.2,163.25,1.1469759941101074,187.24383103847504,-0.0696622738710937,26,1989.HK,0.0,2026-03
2026-05-06,214.8,179.58,1.1501250267028809,206.53945229530336,0.0399950111850107,29,1989.HK,0.0,2026-03
2026-05-07,210.0,180.32,1.1517200469970703,207.67815887451172,0.011179996674042236,30,1989.HK,0.0,2026-03
2026-05-08,196.0,173.0,1.1517200469970703,199.24756813049316,-0.016299160692221037,31,1989.HK,0.0,2026-03
2026-05-11,209.8,190.3,1.1520789861679077,219.24063106775284,-0.04306059064770418,32,1989.HK,0.0,2026-03
2026-05-12,194.8,190.68,1.1525379419326782,219.76593476772308,-0.1136023869855457,33,1989.HK,0.0,2026-03
2026-05-13,199.3,194.78,1.152662992477417,224.5156976747513,-0.11231151289599561,34,1989.HK,0.0,2026-03
2026-05-14,184.7,186.0,1.1543200016021729,214.70352029800415,-0.1397439606782408,35,1989.HK,0.0,2026-03
2026-05-15,179.0,180.68,1.1543200016021729,208.5625378894806,-0.14174423742938003,36,1989.HK,0.0,2026-03
2026-05-18,172.0,178.8,1.1515320539474487,205.89393124580386,-0.1646184083266642,37,1989.HK,0.0,2026-03
2026-05-19,168.6,176.32,1.1492929458618164,202.64333221435547,-0.16799631077100796,38,1989.HK,0.0,2026-03
2026-05-20,175.0,179.33,1.151231050491333,206.45026428461077,-0.15233821275837012,39,1989.HK,0.0,2026-03
2026-05-21,179.9,178.9,1.151487946510315,206.00119363069535,-0.12670408928546195,40,1989.HK,0.0,2026-03
2026-05-22,190.6,195.01,1.151487946510315,224.5516644489765,-0.1511975630743594,41,1989.HK,0.0,2026-03
2026-05-26,191.5,193.41,1.1545629501342773,223.3040201854706,-0.14242475419410272,42,1989.HK,0.0,2026-03
2026-05-27,181.3,182.09,1.155385971069336,210.3842314720154,-0.13824340003297286,43,1989.HK,0.0,2026-03
2026-05-28,185.0,185.3,1.155282974243164,214.07393512725832,-0.1358125878798605,44,1989.HK,0.0,2026-03
2026-05-29,184.0,196.48,1.155282974243164,226.98999877929685,-0.1893915987950473,45,1989.HK,0.0,2026-03
2026-06-01,165.2,182.3,1.1584069728851318,211.17759115695955,-0.21772002846072014,46,1989.HK,0.0,2026-03
2026-06-02,165.1,181.06,1.1587949991226196,209.81142254114152,-0.21310289973547147,47,1989.HK,0.0,2026-03
2026-06-03,174.0,177.55,1.157420039176941,205.49992795586587,-0.15328437469151301,48,1989.HK,0.0,2026-03
2026-06-04,172.1,182.61,1.156491994857788,211.1870031809807,-0.18508242738538394,49,1989.HK,0.0,2026-03
2026-06-05,161.0,174.02,1.156491994857788,201.2527369451523,-0.20001087963401176,50,1989.HK,0.0,2026-03
2026-06-08,159.7,175.6,1.1580270528793335,203.34955048561096,-0.21465280046783097,51,1989.HK,0.0,2026-03
2026-06-09,184.8,189.25,1.1571120023727417,218.98344644904137,-0.1561005957452406,52,1989.HK,0.0,2026-03
2026-06-10,167.0,181.4,1.1569290161132812,209.86692352294924,-0.2042576448130078,53,1989.HK,0.0,2026-03
2026-06-11,164.5,176.72,1.1563459634780884,204.34945866584778,-0.19500643126737915,54,1989.HK,0.0,2026-03
2026-06-12,162.3,178.4,1.1563459634780884,206.29211988449097,-0.2132515769827924,55,1989.HK,0.0,2026-03
2026-06-15,180.0,192.46,1.1586040258407593,222.98493081331253,-0.19277056371715262,56,1989.HK,0.0,2026-03
2026-06-16,171.8,194.95,1.158974051475525,225.94199133515357,-0.23962783993897552,57,1989.HK,0.0,2026-03
2026-06-17,183.5,205.8,1.1593559980392456,238.59546439647676,-0.23091580779140042,58,1989.HK,0.0,2026-03
2026-06-18,184.1,201.46,1.1576859951019287,233.22742057323455,-0.2106417009307373,59,1989.HK,0.0,2026-03
2026-06-22,186.2,192.1,1.156896948814392,222.23990386724472,-0.1621666642223406,60,1989.HK,0.0,2026-03
2026-06-23,170.2,182.9,1.1545089483261108,211.15968664884568,-0.1939749357412186,61,1989.HK,0.0,2026-03
2026-06-24,170.6,184.0,1.1541520357131958,212.36397457122803,-0.1966622382894806,62,1989.HK,0.0,2026-03
2026-06-25,189.5,200.8,1.154500961303711,231.82379302978518,-0.18256880571506884,63,1989.HK,0.0,2026-03
2026-06-26,206.2,220.88,1.154500961303711,255.00617233276367,-0.1913921215564749,64,1989.HK,0.0,2026-03
2026-06-29,196.4,220.49,1.153959035873413,254.43642781972886,-0.22809795089895046,65,1989.HK,0.0,2026-03
2026-06-30,213.8,237.25,1.1542860269546509,273.8543598949909,-0.21929305751428851,66,1989.HK,0.0,2026-03
2026-07-02,161.8,196.8,1.1552209854125977,227.34748992919924,-0.2883141131208974,67,1989.HK,0.0,2026-03
2026-07-03,164.5,203.0,1.1552209854125977,234.50986003875732,-0.2985369571547517,68,1989.HK,0.0,2026-03
2026-07-06,152.9,191.74,1.1538079977035522,221.23114547967913,-0.3088676566381363,69,1989.HK,0.0,2026-03
2026-07-07,139.0,184.37,1.1541539430618286,212.79136248230935,-0.34677799710241564,70,1989.HK,0.0,2026-03
2026-07-08,141.9,181.5,1.1521199941635132,209.10977894067764,-0.32140906695589966,71,1989.HK,0.0,2026-03
2026-07-09,148.9,183.32,1.1535500288009644,211.46879127979278,-0.2958771878400178,72,1989.HK,0.0,2026-03
2026-07-10,136.0,175.26,1.1535500288009644,202.171178047657,-0.32730272775112756,73,1989.HK,0.0,2026-03
2026-07-13,126.3,169.1,1.1558259725570679,195.45017195940017,-0.3537994940918464,74,1989.HK,0.0,2026-03
2026-07-14,140.6,186.01,1.1575560569763184,215.31700215816497,-0.3470092998196225,75,1989.HK,0.0,2026-03
2026-07-15,141.7,196.5,1.1579129695892334,227.52989852428436,-0.37722470357065496,76,1989.HK,0.0,2026-03
2026-07-16,133.9,195.63,1.157472014427185,226.4362501823902,-0.4086635868057962,77,1989.HK,0.0,2026-03
2026-07-17,116.2,176.07,1.157472014427185,203.79609758019447,-0.42982225185016165,78,1989.HK,0.0,2026-03
2026-07-20,117.7,158.46,1.1575069427490234,183.41855014801027,-0.3582982751470799,79,1989.HK,0.0,2026-03
2026-07-21,126.8,174.31,1.1589380502700806,202.01449154257776,-0.3723222575184667,80,1989.HK,0.0,2026-03
2026-07-22,122.4,166.8,1.157410979270935,193.05615134239198,-0.365987568130273,81,1989.HK,0.0,2026-03
2026-07-23,116.0,160.5,1.15762197971344,185.7983277440071,-0.37566714723167605,82,1989.HK,0.0,2026-03
2026-07-24,113.3,160.5,1.15762197971344,185.7983277440071,-0.3901990325978353,83,1989.HK,0.0,2026-03
2026-07-27,118.0,167.51,1.1586990356445312,194.09367546081543,-0.39204613586792314,84,1989.HK,0.0,2026-03
2026-07-28,98.5,150.76,1.1579099893569946,174.5665099954605,-0.4357451494988275,85,1989.HK,0.0,2026-03
2026-07-29,93.1,146.0,1.1589430570602417,169.2056863307953,-0.4497820846399305,86,1989.HK,0.0,2026-03
2026-07-30,83.35,131.4,1.1609450578689575,152.54818060398102,-0.4536152468682748,87,1989.HK,0.0,2026-03
2026-07-31,100.4,141.82,1.1609450578689575,164.64522810697554,-0.3902040092242045,88,1989.HK,0.0,2026-03
2026-08-03,98.2,140.58,1.1610649824142456,163.22251522779467,-0.39836731554497073,89,1989.HK,0.0,2026-03
2026-08-04,110.2,152.68,1.1611469984054565,177.2839237165451,-0.37839823437010534,90,1989.HK,0.0,2026-03
2026-08-05,117.0,160.32,1.1619360446929932,186.28158668518066,-0.3719185987086734,91,1989.HK,0.0,2026-03
2026-08-06,113.4,160.77,1.162284016609192,186.8604013502598,-0.39312984891091085,92,1989.HK,0.0,2026-03
2026-08-07,125.8,169.8,1.162284016609192,197.35582602024078,-0.36257265601524236,93,1989.HK,0.0,2026-03
2026-08-10,126.1,168.24,1.1625880002975464,195.59380517005923,-0.3552965550705339,94,1989.HK,0.0,2026-03
2026-08-11,121.7,164.6,1.163135051727295,191.45202951431273,-0.36433162756886917,95,1989.HK,0.0,2026-03
2026-08-12,128.9,166.7,1.1633410453796387,193.92895226478575,-0.3353235888986644,96,1989.HK,0.0,2026-03
2026-08-13,133.4,164.73,1.1635710000991821,191.67505084633825,-0.30403044417635816,97,1989.HK,0.0,2026-03
2026-08-14,140.0,169.46,1.1635710000991821,197.17874167680742,-0.28998431164820093,98,1989.HK,0.0,2026-03
2026-08-17,149.5,172.08,1.1637330055236816,200.25517559051517,-0.25345250349134607,99,1989.HK,0.0,2026-03
2026-08-18,137.2,166.85,1.163092017173767,194.06190306544303,-0.2930090974438586,100,1989.HK,0.0,2026-03
2026-08-19,123.8,152.02,1.1649320125579834,177.09296454906465,-0.3009321385791106,101,1989.HK,0.0,2026-03
2026-08-20,123.0,152.87,1.1665550470352173,178.33127004027367,-0.31027239377467486,102,1989.HK,0.0,2026-03
2026-08-21,130.0,155.95,1.1665550470352173,181.92425958514212,-0.28541690758313143,103,1989.HK,0.0,2026-03
2026-08-24,126.8,149.6,1.1652530431747437,174.32185525894164,-0.27260985255320735,104,1989.HK,0.0,2026-03
2026-08-25,129.8,151.08,1.1662189960479736,176.19236592292788,-0.2633051987236573,105,1989.HK,0.0,2026-03
2026-08-26,127.2,151.71,1.165971040725708,176.88946658849716,-0.2809068710919409,106,1989.HK,0.0,2026-03
2026-08-27,130.0,157.95,1.1657999753952026,184.13810611367225,-0.2940081618969823,107,1989.HK,0.0,2026-03
2026-08-28,126.7,155.9,1.1657999753952026,181.7482161641121,-0.30288174115780886,108,1989.HK,0.0,2026-03
2026-08-31,130.4,162.73,1.1652239561080933,189.61689437747,-0.3122975648972872,109,1989.HK,0.0,2026-03
2026-09-01,121.9,156.51,1.1664259433746338,182.55732439756392,-0.3322645344290187,110,1989.HK,0.0,2026-03
2026-09-02,116.0,155.32,1.1670570373535156,181.26729904174803,-0.36006107768349427,111,1989.HK,0.0,2026-03
2026-09-03,116.1,158.15,1.166767954826355,184.52435205578806,-0.370814753139472,112,1989.HK,0.0,2026-03
2026-09-04,111.0,152.62,1.166767954826355,178.07212526559832,-0.3766570717654929,113,1989.HK,0.0,2026-03
2026-09-07,127.3,167.88,1.1681150197982788,196.10314952373503,-0.3508518332868874,114,1989.HK,0.0,2026-03
2026-09-08,126.1,169.19,1.168408989906311,197.68311700224876,-0.3621104224162677,115,1989.HK,0.0,2026-03
2026-09-09,127.6,173.92,1.1684629917144775,203.21908351898193,-0.37210621271165534,116,1989.HK,0.0,2026-03
2026-09-10,128.0,174.0,1.169165015220642,203.43471264839172,-0.3708055113424522,117,1989.HK,0.0,2026-03
2026-09-11,124.8,175.0,1.169165015220642,204.60387766361237,-0.39004088570998297,118,1989.HK,0.0,2026-03
2026-09-14,118.7,171.44,1.1691210269927979,200.43410886764525,-0.40778542798629935,119,1989.HK,0.0,2026-03
2026-09-15,121.0,170.91,1.1687699556350708,199.75447311758995,-0.3942563682728114,120,1989.HK,0.0,2026-03
2026-09-16,122.4,172.36,1.1693899631500244,201.55605404853821,-0.39272476543659685,121,1989.HK,0.0,2026-03
2026-09-17,116.8,168.05,1.16942298412323,196.52153248190882,-0.4056630918510049,122,1989.HK,0.0,2026-03
2026-09-18,107.6,169.03,1.16942298412323,197.66756700634957,-0.4556517205650453,123,1989.HK,0.0,2026-03
2026-09-21,123.0,185.93,1.1717050075531006,217.855112054348,-0.4354045730663627,124,1989.HK,0.0,2026-03
2026-09-22,131.5,198.65,1.170611023902893,232.5418798983097,-0.4345104629862595,125,1989.HK,0.0,2026-03
2026-09-23,127.2,192.25,1.16852605342865,224.64913377165794,-0.4337837058864825,126,1989.HK,0.0,2026-03
2026-09-24,118.9,181.16,1.1684240102767944,211.67169370174406,-0.4382810572322626,127,1989.HK,0.0,2026-03
2026-09-28,114.4,177.59,1.1688159704208374,207.5700281870365,-0.44886070017335633,129,1989.HK,0.0,2026-03
2026-09-29,125.0,191.84,1.1688159704208374,224.22565576553345,-0.44252588057671227,130,1989.HK,0.0,2026-03
2026-09-30,119.6,176.66,1.1686999797821045,206.46253842830657,-0.42071815589184625,131,1989.HK,0.0,2026-03
2026-03-23,11.25,20.64,1.137529969215393,23.478618564605714,-0.5208406334025332,0,2701.HK,0.0,2026-03
2026-03-24,10.64,20.7,1.1384819746017456,23.566576874256132,-0.54851313125484,1,2701.HK,0.0,2026-03
2026-03-25,12.92,21.58,1.1355489492416382,24.50514632463455,-0.4727638093304599,2,2701.HK,0.0,2026-03
2026-03-26,13.07,20.89,1.132627010345459,23.66057824611664,-0.44760437111695894,3,2701.HK,0.0,2026-03
2026-03-27,12.87,20.8,1.1321159601211548,23.54801197052002,-0.45345704698502465,4,2701.HK,0.0,2026-03
2026-03-30,13.08,20.58,1.1335409879684448,23.328273532390593,-0.43930698592680595,5,2701.HK,0.0,2026-03
2026-03-31,12.83,20.01,1.1366699934005737,22.744766567945483,-0.43591419319811797,6,2701.HK,0.0,2026-03
2026-04-01,12.83,20.34,1.140197992324829,23.191627163887023,-0.4467831036893216,7,2701.HK,0.0,2026-03
2026-04-02,12.49,19.52,1.1380009651184082,22.213778839111328,-0.4377363666730524,8,2701.HK,0.0,2026-03
2026-04-08,12.78,20.68,1.146731972694397,23.71441719532013,-0.4610873252865755,9,2701.HK,0.0,2026-03
2026-04-09,13.2,22.34,1.1465580463409424,25.614106755256653,-0.48465897616004006,10,2701.HK,0.0,2026-03
2026-04-10,12.68,21.84,1.1465580463409424,25.040827732086182,-0.49362696250841487,11,2701.HK,0.0,2026-03
2026-04-13,12.96,22.72,1.1462260484695435,26.042255821228025,-0.5023472586642892,12,2701.HK,0.0,2026-03
2026-04-14,12.87,22.61,1.149266004562378,25.984904363155366,-0.5047124353380846,13,2701.HK,0.0,2026-03
2026-04-15,12.72,21.93,1.148550033569336,25.187702236175536,-0.4949916478792157,14,2701.HK,0.0,2026-03
2026-04-16,12.61,21.94,1.1466050148010254,25.1565140247345,-0.49873818019453964,15,2701.HK,0.0,2026-03
2026-04-17,12.69,21.97,1.1466050148010254,25.190912175178525,-0.49624690397262017,16,2701.HK,0.0,2026-03
2026-04-20,12.4,21.71,1.148368000984192,24.931069301366808,-0.5026286337698244,17,2701.HK,0.0,2026-03
2026-04-21,11.95,21.14,1.1478389501571655,24.26531540632248,-0.5075275223133364,18,2701.HK,0.0,2026-03
2026-04-22,12.49,22.55,1.1475130319595337,25.876418870687484,-0.5173211539658398,19,2701.HK,0.0,2026-03
2026-04-23,12.9,23.71,1.1473690271377563,27.204119633436203,-0.5258071140025133,20,2701.HK,0.0,2026-03
2026-04-24,12.37,23.1,1.1473690271377563,26.504224526882172,-0.5332819495453034,21,2701.HK,0.0,2026-03
2026-04-27,12.49,23.08,1.1485220193862915,26.507888207435606,-0.5288195007365208,22,2701.HK,0.0,2026-03
2026-04-28,12.3,22.22,1.1459360122680664,25.462698192596434,-0.5169404315691742,23,2701.HK,0.0,2026-03
2026-04-29,12.25,22.16,1.145792007446289,25.390750885009766,-0.5175408535384365,24,2701.HK,0.0,2026-03
2026-04-30,12.27,23.05,1.1469759941101074,26.437796664237975,-0.5358917327404424,25,2701.HK,0.0,2026-03
2026-05-06,12.7,24.14,1.1501250267028809,27.764018144607544,-0.542573415207674,28,2701.HK,0.0,2026-03
2026-05-07,12.87,24.74,1.1517200469970703,28.49355396270752,-0.5483188928680393,29,2701.HK,0.0,2026-03
2026-05-08,13.16,25.59,1.1517200469970703,29.47251600265503,-0.5534823019923212,30,2701.HK,0.0,2026-03
2026-05-11,12.96,25.24,1.1520789861679077,29.07847361087799,-0.5543094808404323,31,2701.HK,0.0,2026-03
2026-05-12,12.88,25.03,1.1525379419326782,28.848024686574938,-0.5535222900029619,32,2701.HK,0.0,2026-03
2026-05-13,13.88,25.93,1.152662992477417,29.888551394939423,-0.5356081391636099,33,2701.HK,0.0,2026-03
2026-05-14,13.62,25.25,1.1543200016021729,29.146580040454865,-0.5327067538937428,34,2701.HK,0.0,2026-03
2026-05-15,13.48,24.9,1.1543200016021729,28.742568039894103,-0.5310091992723116,35,2701.HK,0.0,2026-03
2026-05-18,14.9,27.64,1.1515320539474487,31.828345971107485,-0.5318638293826004,36,2701.HK,0.0,2026-03
2026-05-19,16.23,28.39,1.1492929458618164,32.628426733016965,-0.5025809815225711,37,2701.HK,0.0,2026-03
2026-05-20,15.61,27.91,1.151231050491333,32.13085861921311,-0.514174202905808,38,2701.HK,0.0,2026-03
2026-05-21,14.02,26.06,1.151487946510315,30.007775886058806,-0.5327877663031502,39,2701.HK,0.0,2026-03
2026-05-22,14.16,26.31,1.151487946510315,30.295647872686384,-0.5326061334121124,40,2701.HK,0.0,2026-03
2026-05-26,13.52,26.0,1.1545629501342773,30.01863670349121,-0.5496131242220069,41,2701.HK,0.0,2026-03
2026-05-27,13.39,24.97,1.155385971069336,28.849987697601318,-0.5358750187226843,42,2701.HK,0.0,2026-03
2026-05-28,13.41,24.9,1.155282974243164,28.766546058654782,-0.5338335032416786,43,2701.HK,0.0,2026-03
2026-05-29,12.3,22.97,1.155282974243164,26.536849918365476,-0.536493591445928,44,2701.HK,0.0,2026-03
2026-06-01,12.16,22.65,1.1584069728851318,26.237917935848234,-0.5365485923947462,45,2701.HK,0.0,2026-03
2026-06-02,12.24,23.38,1.1587949991226196,27.092627079486846,-0.5482165696191381,46,2701.HK,0.0,2026-03
2026-06-03,12.7,24.7,1.157420039176941,28.58827496767044,-0.5557619333673676,47,2701.HK,0.0,2026-03
2026-06-04,12.5,24.19,1.156491994857788,27.975541355609895,-0.5531811219984348,48,2701.HK,0.0,2026-03
2026-06-05,11.92,23.52,1.156491994857788,27.200691719055175,-0.5617758502939261,49,2701.HK,0.0,2026-03
2026-06-08,11.22,21.49,1.1580270528793335,24.886001366376874,-0.5491441218371391,50,2701.HK,0.0,2026-03
2026-06-09,11.58,22.77,1.1571120023727417,26.34744029402733,-0.5604886140447937,51,2701.HK,0.0,2026-03
2026-06-10,11.23,21.71,1.1569290161132812,25.11692893981934,-0.5528911983265429,52,2701.HK,0.0,2026-03
2026-06-11,11.54,22.56,1.1563459634780884,26.087164936065673,-0.5576368674678835,53,2701.HK,0.0,2026-03
2026-06-12,11.23,21.47,1.1563459634780884,24.826747835874556,-0.5476652812426486,54,2701.HK,0.0,2026-03
2026-06-15,11.73,22.22,1.1586040258407593,25.74418145418167,-0.5443630623534672,55,2701.HK,0.0,2026-03
2026-06-16,11.76,23.12,1.158974051475525,26.795480070114138,-0.5611200109410875,56,2701.HK,0.0,2026-03
2026-06-17,11.5,23.15,1.1593559980392456,26.839091354608534,-0.5715205165459025,57,2701.HK,0.0,2026-03
2026-06-18,11.28,23.33,1.1576859951019287,27.008814265727995,-0.5823585630594155,58,2701.HK,0.0,2026-03
2026-06-22,10.88,23.1,1.156896948814392,26.724319517612457,-0.5928801856739656,59,2701.HK,0.0,2026-03
2026-06-23,12.07,26.73,1.1545089483261108,30.86002418875694,-0.6088791140871045,60,2701.HK,0.0,2026-03
2026-06-24,11.57,25.78,1.1541520357131958,29.75403948068619,-0.6111452360103822,61,2701.HK,0.0,2026-03
2026-06-25,12.88,29.03,1.154500961303711,33.51516290664673,-0.615696333152967,62,2701.HK,0.0,2026-03
2026-06-26,12.72,28.11,1.154500961303711,32.45302202224731,-0.6080488285103267,63,2701.HK,0.0,2026-03
2026-06-29,12.43,27.53,1.153959035873413,31.768492257595064,-0.6087318246263862,64,2701.HK,0.0,2026-03
2026-06-30,13.32,31.35,1.1542860269546509,36.18686694502831,-0.6319106591837725,65,2701.HK,0.0,2026-03
2026-07-02,13.46,30.38,1.1552209854125977,35.09561353683472,-0.61647628738922,66,2701.HK,0.0,2026-03
2026-07-03,12.92,29.05,1.1552209854125977,33.55916962623596,-0.6150083525934631,67,2701.HK,0.0,2026-03
2026-07-06,13.37,28.36,1.1538079977035522,32.721994814872744,-0.5914063285065039,68,2701.HK,0.0,2026-03
2026-07-07,13.52,27.54,1.1541539430618286,31.785399591922758,-0.5746474741995795,69,2701.HK,0.0,2026-03
2026-07-08,13.08,27.06,1.1521199941635132,31.176367042064665,-0.5804514367452811,70,2701.HK,0.0,2026-03
2026-07-09,13.51,27.65,1.1535500288009644,31.895658296346664,-0.5764313790147595,71,2701.HK,0.0,2026-03
2026-07-10,12.6,25.59,1.1535500288009644,29.519345237016676,-0.5731612642884827,72,2701.HK,0.0,2026-03
2026-07-13,11.61,23.64,1.1558259725570679,27.323725991249084,-0.5750945532202192,73,2701.HK,0.0,2026-03
2026-07-14,11.52,23.5,1.1575560569763184,27.20256733894348,-0.5765105603283317,74,2701.HK,0.0,2026-03
2026-07-15,11.28,22.42,1.1579129695892334,25.960408778190615,-0.56549220405665,75,2701.HK,0.0,2026-03
2026-07-16,11.1,21.11,1.157472014427185,24.434234224557876,-0.5457193420514963,76,2701.HK,0.0,2026-03
2026-07-17,10.05,19.24,1.157472014427185,22.269761557579038,-0.5487154196053932,77,2701.HK,0.0,2026-03
2026-07-20,9.1,17.56,1.1575069427490234,20.32582191467285,-0.5522936273769637,78,2701.HK,0.0,2026-03
2026-07-21,9.49,18.66,1.1589380502700806,21.625784018039703,-0.5611719791484242,79,2701.HK,0.0,2026-03
2026-07-22,9.21,18.16,1.157410979270935,21.01858338356018,-0.5618163302478482,80,2701.HK,0.0,2026-03
2026-07-23,9.17,17.82,1.15762197971344,20.6288236784935,-0.5554763498434403,81,2701.HK,0.0,2026-03
2026-07-24,8.87,17.27,1.15762197971344,19.99213158965111,-0.556325449328698,82,2701.HK,0.0,2026-03
2026-07-27,9.04,17.68,1.1586990356445312,20.485798950195313,-0.5587186996231939,83,2701.HK,0.0,2026-03
2026-07-28,8.4,16.84,1.1579099893569946,19.49920422077179,-0.5692131891694439,84,2701.HK,0.0,2026-03
2026-07-29,8.06,16.75,1.1589430570602417,19.41229620575905,-0.584799247107674,85,2701.HK,0.0,2026-03
2026-07-30,7.49,15.84,1.1609450578689575,18.389369716644286,-0.5926994717376978,86,2701.HK,0.0,2026-03
2026-07-31,7.69,16.19,1.1609450578689575,18.795700486898422,-0.5908638783981299,87,2701.HK,0.0,2026-03
2026-08-03,7.715,16.42,1.1610649824142456,19.064687011241915,-0.5953251162502338,88,2701.HK,0.0,2026-03
2026-08-04,8.37,18.1,1.1611469984054565,21.016760671138766,-0.6017464284353731,89,2701.HK,0.0,2026-03
2026-08-05,8.58,18.48,1.1619360446929932,21.472578105926512,-0.6004205942260894,90,2701.HK,0.0,2026-03
2026-08-06,8.485,18.82,1.162284016609192,21.874185192584992,-0.61209983707753,91,2701.HK,0.0,2026-03
2026-08-07,8.885,19.31,1.162284016609192,22.443704360723494,-0.6041206096285621,92,2701.HK,0.0,2026-03
2026-08-10,8.87,19.17,1.1625880002975464,22.286811965703965,-0.6020067825918939,93,2701.HK,0.0,2026-03
2026-08-11,9.08,19.9,1.163135051727295,23.14638752937317,-0.6077141632370355,94,2701.HK,0.0,2026-03
2026-08-12,9.18,20.08,1.1633410453796387,23.359888191223142,-0.6070186670050441,95,2701.HK,0.0,2026-03
2026-08-13,9.295,19.56,1.1635710000991821,22.75944876194,-0.5915981930307657,96,2701.HK,0.0,2026-03
2026-08-14,9.25,19.69,1.1635710000991821,22.9107129919529,-0.5962587457121502,97,2701.HK,0.0,2026-03
2026-08-17,9.61,20.56,1.1637330055236816,23.926350593566895,-0.5983507822298713,98,2701.HK,0.0,2026-03
2026-08-18,9.425,20.78,1.163092017173767,24.16905211687088,-0.6100384924313599,99,2701.HK,0.0,2026-03
2026-08-19,8.9,19.37,1.1649320125579834,22.56473308324814,-0.605579203300779,100,2701.HK,0.0,2026-03
2026-08-20,8.78,19.19,1.1665550470352173,22.38619135260582,-0.6077939359265783,101,2701.HK,0.0,2026-03
2026-08-21,8.845,19.41,1.1665550470352173,22.64283346295357,-0.6093686766512019,102,2701.HK,0.0,2026-03
2026-08-24,8.7,19.72,1.1652530431747437,22.978790011405945,-0.6213899863447294,103,2701.HK,0.0,2026-03
2026-08-25,8.945,20.22,1.1662189960479736,23.580948100090026,-0.6206683479378061,104,2701.HK,0.0,2026-03
2026-08-26,9.06,20.16,1.165971040725708,23.505976181030274,-0.6145661030954512,105,2701.HK,0.0,2026-03
2026-08-27,9.24,20.47,1.1657999753952026,23.863925496339796,-0.6128046912727241,106,2701.HK,0.0,2026-03
2026-08-28,9.155,20.29,1.1657999753952026,23.654081500768662,-0.6129632004648966,107,2701.HK,0.0,2026-03
2026-08-31,9.24,20.85,1.1652239561080933,24.294919484853747,-0.6196735697864518,108,2701.HK,0.0,2026-03
2026-09-01,9.11,21.11,1.1664259433746338,24.62325166463852,-0.630024493755921,109,2701.HK,0.0,2026-03
2026-09-02,8.975,20.94,1.1670570373535156,24.438174362182618,-0.6327467073854519,110,2701.HK,0.0,2026-03
2026-09-03,8.905,20.61,1.166767954826355,24.047087548971174,-0.6296848846304055,111,2701.HK,0.0,2026-03
2026-09-04,8.785,19.94,1.166767954826355,23.26535301923752,-0.622399883950357,112,2701.HK,0.0,2026-03
2026-09-07,8.85,20.12,1.1681150197982788,23.50247419834137,-0.6234439010415096,113,2701.HK,0.0,2026-03
2026-09-08,8.835,19.85,1.168408989906311,23.192918449640274,-0.6190647580991674,114,2701.HK,0.0,2026-03
2026-09-09,8.5,19.63,1.1684629917144775,22.936928527355192,-0.6294185601240081,115,2701.HK,0.0,2026-03
2026-09-10,8.54,19.64,1.169165015220642,22.96240089893341,-0.6280876709021888,116,2701.HK,0.0,2026-03
2026-09-11,8.105,19.3,1.169165015220642,22.56488479375839,-0.6408135882775745,117,2701.HK,0.0,2026-03
2026-09-14,7.97,19.57,1.1691210269927979,22.879698498249056,-0.6516562488526705,118,2701.HK,0.0,2026-03
2026-09-15,7.905,19.88,1.1687699556350708,23.235146718025206,-0.6597826518621674,119,2701.HK,0.0,2026-03
2026-09-16,8.03,20.4,1.1693899631500244,23.855555248260497,-0.6633907734935018,120,2701.HK,0.0,2026-03
2026-09-17,7.955,20.0,1.16942298412323,23.3884596824646,-0.6598749935651287,121,2701.HK,0.0,2026-03
2026-09-18,8.76,22.18,1.16942298412323,25.93780178785324,-0.6622689898069027,122,2701.HK,0.0,2026-03
2026-09-21,8.875,22.51,1.1717050075531006,26.375079720020295,-0.6635081260716216,123,2701.HK,0.0,2026-03
2026-09-22,8.81,22.7,1.170611023902893,26.572870242595673,-0.6684588484582377,124,2701.HK,0.0,2026-03
2026-09-23,8.745,22.78,1.16852605342865,26.619023497104646,-0.671475552025746,125,2701.HK,0.0,2026-03
2026-09-24,8.525,22.3,1.1684240102767944,26.055855429172517,-0.6728182644713601,126,2701.HK,0.0,2026-03
2026-09-28,8.005,21.35,1.1688159704208374,24.95422096848488,-0.6792125865155376,128,2701.HK,0.0,2026-03
2026-09-29,7.96,21.35,1.1688159704208374,24.95422096848488,-0.6810158886525521,129,2701.HK,0.0,2026-03
2026-09-30,8.025,20.86,1.1686999797821045,24.3790815782547,-0.6708243510223936,130,2701.HK,0.0,2026-03
2026-04-21,315.0,330.9,1.1478389501571655,379.819908607006,-0.1706595866570918,0,2476.HK,1.0,2026-04
2026-04-22,336.8,342.78,1.1475130319595337,393.3445170950889,-0.14375315947627554,1,2476.HK,1.0,2026-04
2026-04-23,317.8,331.95,1.1473690271377563,380.8691485583782,-0.16559269449127134,2,2476.HK,1.0,2026-04
2026-04-24,315.6,315.59,1.1473690271377563,362.0981912744045,-0.12841321054588561,3,2476.HK,1.0,2026-04
2026-04-27,307.0,317.4,1.1485220193862915,364.5408889532089,-0.1578448143867741,4,2476.HK,1.0,2026-04
2026-04-28,300.0,313.06,1.1459360122680664,358.74672800064087,-0.16375543918699076,5,2476.HK,1.0,2026-04
2026-04-29,321.0,333.87,1.145792007446289,382.54557752609253,-0.16088430017700217,6,2476.HK,1.0,2026-04
2026-04-30,319.4,328.49,1.1469759941101074,376.7701443052292,-0.1522682865730266,7,2476.HK,1.0,2026-04
2026-05-06,320.6,325.92,1.1501250267028809,374.84874870300297,-0.14472170146147367,10,2476.HK,1.0,2026-04
2026-05-07,330.0,338.06,1.1517200469970703,389.35047908782957,-0.15243458599788007,11,2476.HK,1.0,2026-04
2026-05-08,345.4,358.66,1.1517200469970703,413.07591205596924,-0.16383408008259648,12,2476.HK,1.0,2026-04
2026-05-11,392.6,378.24,1.1520789861679077,435.76235572814943,-0.0990502166164079,13,2476.HK,1.0,2026-04
2026-05-12,374.0,375.43,1.1525379419326782,432.6973195397854,-0.1356544561039008,14,2476.HK,1.0,2026-04
2026-05-13,385.0,387.4,1.152662992477417,446.5416432857513,-0.13781837418995102,15,2476.HK,1.0,2026-04
2026-05-14,354.4,354.83,1.1543200016021729,409.587366168499,-0.1347389366150411,16,2476.HK,1.0,2026-04
2026-05-15,340.0,340.22,1.1543200016021729,392.72275094509126,-0.1342492911811537,17,2476.HK,1.0,2026-04
2026-05-18,368.8,346.2,1.1515320539474487,398.6603970766067,-0.0749018394994192,18,2476.HK,1.0,2026-04
2026-05-19,371.2,336.98,1.1492929458618164,387.28873689651493,-0.04154196950172062,19,2476.HK,1.0,2026-04
2026-05-20,351.2,334.2,1.151231050491333,384.74141707420347,-0.08717911715684745,20,2476.HK,1.0,2026-04
2026-05-21,346.2,331.4,1.151487946510315,381.6031054735183,-0.09277467862738653,21,2476.HK,1.0,2026-04
2026-05-22,403.6,375.5,1.151487946510315,432.38372391462326,-0.06656985987822883,22,2476.HK,1.0,2026-04
2026-05-26,437.2,392.95,1.1545629501342773,453.68551125526426,-0.03633686958539162,23,2476.HK,1.0,2026-04
2026-05-27,436.8,379.3,1.155385971069336,438.2378988265991,-0.003281091914800527,24,2476.HK,1.0,2026-04
2026-05-28,438.2,375.3,1.155282974243164,433.5777002334595,0.01066083371919646,25,2476.HK,1.0,2026-04
2026-05-29,426.0,368.52,1.155282974243164,425.7448816680908,0.0005992281831073143,26,2476.HK,1.0,2026-04
2026-06-01,412.8,342.35,1.1584069728851318,396.5806271672249,0.040898046252612064,27,2476.HK,1.0,2026-04
2026-06-02,407.6,349.08,1.1587949991226196,404.51215829372404,0.007633495416555114,28,2476.HK,1.0,2026-04
2026-06-03,417.0,353.44,1.157420039176941,409.078538646698,0.019364157747085775,29,2476.HK,1.0,2026-04
2026-06-04,415.0,366.72,1.156491994857788,424.1087443542481,-0.021477379270066987,30,2476.HK,1.0,2026-04
2026-06-05,368.6,338.9,1.156491994857788,391.93513705730436,-0.0595382624597206,31,2476.HK,1.0,2026-04
2026-06-08,338.4,314.8,1.1580270528793335,364.5469162464142,-0.07172442031779602,32,2476.HK,1.0,2026-04
2026-06-09,380.8,342.55,1.1571120023727417,396.3687164127827,-0.03927836826700837,33,2476.HK,1.0,2026-04
2026-06-10,359.0,330.26,1.1569290161132812,382.08737686157224,-0.0604243381480164,34,2476.HK,1.0,2026-04
2026-06-11,378.8,325.48,1.1563459634780884,376.3674841928482,0.006463140173674997,35,2476.HK,1.0,2026-04
2026-06-12,378.8,327.21,1.1563459634780884,378.3679627096653,0.0011418442704311804,36,2476.HK,1.0,2026-04
2026-06-15,415.0,344.5,1.1586040258407593,399.13908690214157,0.03973780974687435,37,2476.HK,1.0,2026-04
2026-06-16,411.0,355.48,1.158974051475525,411.9920958185196,-0.0024080457576463044,38,2476.HK,1.0,2026-04
2026-06-17,410.0,361.7,1.1593559980392456,419.3390644907951,-0.02227091459302888,39,2476.HK,1.0,2026-04
2026-06-18,411.6,369.0,1.1576859951019287,427.1861321926117,-0.03648557623491422,40,2476.HK,1.0,2026-04
2026-06-22,421.6,365.4,1.156896948814392,422.73014509677887,-0.002673443353608307,41,2476.HK,1.0,2026-04
2026-06-23,370.2,338.2,1.1545089483261108,390.4549263238907,-0.05187519725923184,42,2476.HK,1.0,2026-04
2026-06-24,368.0,343.43,1.1541520357131958,396.37043362498287,-0.07157555462833776,43,2476.HK,1.0,2026-04
2026-06-25,367.6,350.16,1.154500961303711,404.2600566101074,-0.09068434046518858,44,2476.HK,1.0,2026-04
2026-06-26,342.4,319.55,1.154500961303711,368.92078218460085,-0.07188747141745566,45,2476.HK,1.0,2026-04
2026-06-29,326.0,315.37,1.153959035873413,363.92406114339826,-0.1042087215235129,46,2476.HK,1.0,2026-04
2026-06-30,349.4,346.43,1.1542860269546509,399.8793083178997,-0.1262363599913232,47,2476.HK,1.0,2026-04
2026-07-02,292.4,306.09,1.1552209854125977,353.601591424942,-0.17308064474006501,48,2476.HK,1.0,2026-04
2026-07-03,297.0,308.07,1.1552209854125977,355.88892897605893,-0.16546996599610564,49,2476.HK,1.0,2026-04
2026-07-06,272.0,292.77,1.1538079977035522,337.80036748766895,-0.19479069243484737,50,2476.HK,1.0,2026-04
2026-07-07,257.2,284.92,1.1541539430618286,328.8415414571762,-0.21786037475592435,51,2476.HK,1.0,2026-04
2026-07-08,248.0,279.66,1.1521199941635132,322.2018775677681,-0.23029622958097562,52,2476.HK,1.0,2026-04
2026-07-09,264.2,296.7,1.1535500288009644,342.2582935452461,-0.22806837706308758,53,2476.HK,1.0,2026-04
2026-07-10,230.2,272.0,1.1535500288009644,313.7656078338623,-0.2663313178610385,54,2476.HK,1.0,2026-04
2026-07-13,236.6,273.01,1.1558259725570679,315.5520487678051,-0.25020293506603397,55,2476.HK,1.0,2026-04
2026-07-14,243.8,290.28,1.1575560569763184,336.01537221908563,-0.2744379568413323,56,2476.HK,1.0,2026-04
2026-07-15,236.2,276.77,1.1579129695892334,320.4755725932121,-0.26297034719767953,57,2476.HK,1.0,2026-04
2026-07-16,240.8,270.93,1.157472014427185,313.5938928687573,-0.23212790339390432,58,2476.HK,1.0,2026-04
2026-07-17,215.0,241.5,1.157472014427185,279.5294914841652,-0.2308503877052296,59,2476.HK,1.0,2026-04
2026-07-20,212.4,224.11,1.1575069427490234,259.40888093948365,-0.18121538772780155,60,2476.HK,1.0,2026-04
2026-07-21,227.6,240.27,1.1589380502700806,278.45804533839225,-0.18264168046065155,61,2476.HK,1.0,2026-04
2026-07-22,226.8,240.4,1.157410979270935,278.2415994167328,-0.1848810513042185,62,2476.HK,1.0,2026-04
2026-07-23,230.0,238.93,1.15762197971344,276.5906196129322,-0.1684461305236319,63,2476.HK,1.0,2026-04
2026-07-24,214.4,230.01,1.15762197971344,266.2646315538883,-0.19478603392126304,64,2476.HK,1.0,2026-04
2026-07-27,227.8,238.66,1.1586990356445312,276.5351118469238,-0.17623480621115906,65,2476.HK,1.0,2026-04
2026-07-28,193.6,210.18,1.1579099893569946,243.36952156305313,-0.2045018671335911,66,2476.HK,1.0,2026-04
2026-07-29,178.3,201.61,1.1589430570602417,233.65450973391535,-0.23690751698716528,67,2476.HK,1.0,2026-04
2026-07-30,168.3,180.36,1.1609450578689575,209.3880506372452,-0.196229204637987,68,2476.HK,1.0,2026-04
2026-07-31,184.4,190.4,1.1609450578689575,221.04393901824952,-0.16577671923962667,69,2476.HK,1.0,2026-04
2026-08-03,184.0,189.3,1.1610649824142456,219.7896011710167,-0.16283573463136258,70,2476.HK,1.0,2026-04
2026-08-04,190.4,201.8,1.1611469984054565,234.31946427822115,-0.187434127222453,71,2476.HK,1.0,2026-04
2026-08-05,221.2,236.35,1.1619360446929932,274.6235841631889,-0.19453385376924937,72,2476.HK,1.0,2026-04
2026-08-06,231.0,250.15,1.162284016609192,290.74534675478935,-0.20549029390031048,73,2476.HK,1.0,2026-04
2026-08-07,256.2,280.2,1.162284016609192,325.67198145389557,-0.21331887730639953,74,2476.HK,1.0,2026-04
2026-08-10,255.2,286.0,1.1625880002975464,332.50016808509827,-0.23248159100272847,75,2476.HK,1.0,2026-04
2026-08-11,242.0,274.53,1.163135051727295,319.3154657506942,-0.2421287849898831,76,2476.HK,1.0,2026-04
2026-08-12,253.8,279.39,1.1633410453796387,325.0258546686172,-0.2191390427731853,77,2476.HK,1.0,2026-04
2026-08-13,238.6,271.3,1.1635710000991821,315.67681232690813,-0.2441636804387427,78,2476.HK,1.0,2026-04
2026-08-14,241.0,269.33,1.1635710000991821,313.3845774567127,-0.23097683378088718,79,2476.HK,1.0,2026-04
2026-08-17,256.6,276.0,1.1637330055236816,321.19030952453613,-0.20109669441817946,80,2476.HK,1.0,2026-04
2026-08-18,241.4,269.4,1.163092017173767,313.33698942661283,-0.2295834576002439,81,2476.HK,1.0,2026-04
2026-08-19,224.6,245.38,1.1649320125579834,285.85101724147796,-0.2142760163408306,82,2476.HK,1.0,2026-04
2026-08-20,226.8,253.45,1.1665550470352173,295.6633766710758,-0.2329114192174231,83,2476.HK,1.0,2026-04
2026-08-21,233.6,253.74,1.1665550470352173,296.00167763471603,-0.2108152836610726,84,2476.HK,1.0,2026-04
2026-08-24,223.0,245.0,1.1652530431747437,285.4869955778122,-0.21887860584101726,85,2476.HK,1.0,2026-04
2026-08-25,228.0,244.99,1.1662189960479736,285.71199184179306,-0.2019935931626904,86,2476.HK,1.0,2026-04
2026-08-26,236.6,249.44,1.165971040725708,290.8398163986206,-0.18649377884450435,87,2476.HK,1.0,2026-04
2026-08-27,253.0,263.05,1.1657999753952026,306.6636835277081,-0.17499197462962512,88,2476.HK,1.0,2026-04
2026-08-28,220.2,241.6,1.1657999753952026,281.65727405548097,-0.21819878169869344,89,2476.HK,1.0,2026-04
2026-08-31,220.2,243.14,1.1652239561080933,283.3125526881218,-0.2227665244243443,90,2476.HK,1.0,2026-04
2026-09-01,215.0,232.98,1.1664259433746338,271.75391628742216,-0.208843048382773,91,2476.HK,1.0,2026-04
2026-09-02,201.8,225.18,1.1670570373535156,262.79790367126463,-0.2321095519375499,92,2476.HK,1.0,2026-04
2026-09-03,201.0,222.5,1.166767954826355,259.605869948864,-0.22574940220114403,93,2476.HK,1.0,2026-04
2026-09-04,197.5,219.5,1.166767954826355,256.1055660843849,-0.2288336289617181,94,2476.HK,1.0,2026-04
2026-09-07,216.2,233.46,1.1681150197982788,272.70813252210615,-0.2072110281402243,95,2476.HK,1.0,2026-04
2026-09-08,206.8,229.01,1.168408989906311,267.5773427784443,-0.22713934650576262,96,2476.HK,1.0,2026-04
2026-09-09,211.4,233.51,1.1684629917144775,272.8477931952476,-0.2252090532807648,97,2476.HK,1.0,2026-04
2026-09-10,204.6,229.95,1.169165015220642,268.84949524998666,-0.23897941556574243,98,2476.HK,1.0,2026-04
2026-09-11,200.0,228.99,1.169165015220642,267.7270968353748,-0.25297064673666614,99,2476.HK,1.0,2026-04
2026-09-14,191.5,225.0,1.1691210269927979,263.0522310733795,-0.27200769513116096,100,2476.HK,1.0,2026-04
2026-09-15,195.2,226.06,1.1687699556350708,264.2121361708641,-0.2611997206904775,101,2476.HK,1.0,2026-04
2026-09-16,197.4,230.36,1.1693899631500244,269.38067191123963,-0.26720800494163555,102,2476.HK,1.0,2026-04
2026-09-17,193.0,222.9,1.16942298412323,260.664383161068,-0.25958430661106946,103,2476.HK,1.0,2026-04
2026-09-18,199.4,227.05,1.16942298412323,265.5174885451794,-0.24901368609446262,104,2476.HK,1.0,2026-04
2026-09-21,225.2,248.0,1.1717050075531006,290.58284187316895,-0.22500585874821433,105,2476.HK,1.0,2026-04
2026-09-22,216.8,242.1,1.170611023902893,283.4049288868904,-0.2350168331527962,106,2476.HK,1.0,2026-04
2026-09-23,225.0,244.3,1.16852605342865,285.47091485261916,-0.21182863719702805,107,2476.HK,1.0,2026-04
2026-09-24,217.8,232.69,1.1684240102767944,271.8805829513073,-0.19891300204028506,108,2476.HK,1.0,2026-04
2026-09-28,194.1,213.5,1.1688159704208374,249.54220968484879,-0.22217567823442663,110,2476.HK,1.0,2026-04
2026-09-29,200.0,216.76,1.1688159704208374,253.3525497484207,-0.21058619619735353,111,2476.HK,1.0,2026-04
2026-09-30,197.5,210.3,1.1686999797821045,245.7776057481766,-0.19642800897670787,112,2476.HK,1.0,2026-04
2026-04-23,88.0,103.86,1.1473690271377563,119.16574715852737,-0.26153276341285614,0,3296.HK,1.0,2026-04
2026-04-24,88.75,107.54,1.1473690271377563,123.38806517839433,-0.28072459948467987,1,3296.HK,1.0,2026-04
2026-04-27,98.0,108.1,1.1485220193862915,124.1552302956581,-0.21066555338323745,2,3296.HK,1.0,2026-04
2026-04-28,91.5,103.9,1.1459360122680664,119.0627516746521,-0.23149768745450627,3,3296.HK,1.0,2026-04
2026-04-29,87.8,102.46,1.145792007446289,117.39784908294676,-0.2521157697023442,4,3296.HK,1.0,2026-04
2026-04-30,91.0,103.61,1.1469759941101074,118.83818274974823,-0.2342528479114362,5,3296.HK,1.0,2026-04
2026-05-06,106.5,109.8,1.1501250267028809,126.28372793197632,-0.15666094322645407,8,3296.HK,1.0,2026-04
2026-05-07,109.0,112.18,1.1517200469970703,129.19995487213134,-0.15634645454886698,9,3296.HK,1.0,2026-04
2026-05-08,120.0,118.6,1.1517200469970703,136.59399757385253,-0.12148409057931431,10,3296.HK,1.0,2026-04
2026-05-11,112.1,114.85,1.1520789861679077,132.31627156138418,-0.1527874941065389,11,3296.HK,1.0,2026-04
2026-05-12,108.0,109.63,1.1525379419326782,126.3527345740795,-0.14524999902807367,12,3296.HK,1.0,2026-04
2026-05-13,118.2,116.18,1.152662992477417,133.91638646602632,-0.11735969645517175,13,3296.HK,1.0,2026-04
2026-05-14,114.8,114.7,1.1543200016021729,132.40050418376924,-0.13293381541312033,14,3296.HK,1.0,2026-04
2026-05-15,112.8,113.85,1.1543200016021729,131.41933218240737,-0.141678791645084,15,3296.HK,1.0,2026-04
2026-05-18,110.2,112.32,1.1515320539474487,129.34008029937743,-0.1479825917463078,16,3296.HK,1.0,2026-04
2026-05-19,104.5,108.9,1.1492929458618164,125.15800180435181,-0.16505538204936032,17,3296.HK,1.0,2026-04
2026-05-20,109.6,109.81,1.151231050491333,126.41668165445328,-0.1330258114227355,18,3296.HK,1.0,2026-04
2026-05-21,104.1,105.04,1.151487946510315,120.95229390144348,-0.13933008922654555,19,3296.HK,1.0,2026-04
2026-05-22,82.45,108.94,1.151487946510315,125.44309689283371,-0.3427298748018218,20,3296.HK,1.0,2026-04
2026-05-26,84.45,109.95,1.1545629501342773,126.9441963672638,-0.33474705881254563,21,3296.HK,1.0,2026-04
2026-05-27,83.15,106.68,1.155385971069336,123.25657539367677,-0.325390960000129,22,3296.HK,1.0,2026-04
2026-05-28,80.15,106.0,1.155282974243164,122.45999526977539,-0.3455005463340729,23,3296.HK,1.0,2026-04
2026-05-29,78.75,106.4,1.155282974243164,122.92210845947267,-0.35935039687377457,24,3296.HK,1.0,2026-04
2026-06-01,93.75,117.04,1.1584069728851318,135.57995210647584,-0.30852608705470896,25,3296.HK,1.0,2026-04
2026-06-02,93.0,124.6,1.1587949991226196,144.3858568906784,-0.355892592233498,26,3296.HK,1.0,2026-04
2026-06-03,88.25,117.6,1.157420039176941,136.11259660720825,-0.3516397291672382,27,3296.HK,1.0,2026-04
2026-06-04,82.15,114.45,1.156491994857788,132.36050881147386,-0.3793465986368382,28,3296.HK,1.0,2026-04
2026-06-05,76.5,107.54,1.156491994857788,124.36914912700654,-0.38489568725860035,29,3296.HK,1.0,2026-04
2026-06-08,74.1,99.18,1.1580270528793335,114.8531231045723,-0.354828166644342,30,3296.HK,1.0,2026-04
2026-06-09,82.0,102.51,1.1571120023727417,118.61555136322976,-0.3086909848026925,31,3296.HK,1.0,2026-04
2026-06-10,81.0,103.17,1.1569290161132812,119.36036659240723,-0.3213827812995961,32,3296.HK,1.0,2026-04
2026-06-11,79.95,104.78,1.1563459634780884,121.1619300532341,-0.34013926680704976,33,3296.HK,1.0,2026-04
2026-06-12,78.5,102.77,1.1563459634780884,118.83767466664314,-0.3394350720829581,34,3296.HK,1.0,2026-04
2026-06-15,82.55,106.21,1.1586040258407593,123.05533358454703,-0.3291635754797839,35,3296.HK,1.0,2026-04
2026-06-16,79.05,105.97,1.158974051475525,122.81648023486137,-0.3563567377209227,36,3296.HK,1.0,2026-04
2026-06-17,82.15,79.46,1.1593559980392456,92.12242760419845,-0.10825189764912313,37,3296.HK,1.0,2026-04
2026-06-18,79.5,80.4,1.1576859951019287,93.07795400619507,-0.1458772289439383,38,3296.HK,1.0,2026-04
2026-06-22,74.55,79.36,1.156896948814392,91.81134185791015,-0.1880088179587256,39,3296.HK,1.0,2026-04
2026-06-23,68.0,76.06,1.1545089483261108,87.81195060968399,-0.22561793095505056,40,3296.HK,1.0,2026-04
2026-06-24,69.05,76.78,1.1541520357131958,88.61579330205917,-0.2207935241900557,41,3296.HK,1.0,2026-04
2026-06-25,69.2,76.94,1.154500961303711,88.82730396270752,-0.22096025756841242,42,3296.HK,1.0,2026-04
2026-06-26,63.5,69.25,1.154500961303711,79.94919157028198,-0.20574556474184957,43,3296.HK,1.0,2026-04
2026-06-29,62.4,68.43,1.153959035873413,78.96541682481767,-0.20978065450559868,44,3296.HK,1.0,2026-04
2026-06-30,68.35,74.27,1.1542860269546509,85.72882322192191,-0.20271855565932861,45,3296.HK,1.0,2026-04
2026-07-02,61.4,68.67,1.1552209854125977,79.32902506828309,-0.22600838788640776,46,3296.HK,1.0,2026-04
2026-07-03,63.55,68.88,1.1552209854125977,79.57162147521971,-0.20134843526104573,47,3296.HK,1.0,2026-04
2026-07-06,61.9,71.19,1.1538079977035522,82.13959135651588,-0.2464048216245519,48,3296.HK,1.0,2026-04
2026-07-07,57.95,71.17,1.1541539430618286,82.14113612771034,-0.29450695800090654,49,3296.HK,1.0,2026-04
2026-07-08,68.85,78.29,1.1521199941635132,90.19947434306145,-0.23669178228092147,50,3296.HK,1.0,2026-04
2026-07-09,66.2,82.14,1.1535500288009644,94.75259936571122,-0.3013384282525947,51,3296.HK,1.0,2026-04
2026-07-10,70.0,82.8,1.1535500288009644,95.51394238471984,-0.26712270217003964,52,3296.HK,1.0,2026-04
2026-07-13,66.5,79.19,1.1558259725570679,91.5298587667942,-0.2734611317446357,53,3296.HK,1.0,2026-04
2026-07-14,68.8,77.79,1.1575560569763184,90.0462856721878,-0.23594849597166734,54,3296.HK,1.0,2026-04
2026-07-15,65.3,78.2,1.1579129695892334,90.54879422187805,-0.27884186022410384,55,3296.HK,1.0,2026-04
2026-07-16,62.95,78.66,1.157472014427185,91.04674865484238,-0.3085969468427364,56,3296.HK,1.0,2026-04
2026-07-17,57.85,71.76,1.157472014427185,83.06019175529481,-0.30351713886679943,57,3296.HK,1.0,2026-04
2026-07-20,61.45,73.28,1.1575069427490234,84.82210876464843,-0.27554265161572233,58,3296.HK,1.0,2026-04
2026-07-21,69.2,79.7,1.1589380502700806,92.36736260652542,-0.2508176259748346,59,3296.HK,1.0,2026-04
2026-07-22,74.2,87.67,1.157410979270935,101.47022055268287,-0.2687509734792022,60,3296.HK,1.0,2026-04
2026-07-23,69.35,88.88,1.15762197971344,102.88944155693054,-0.3259755427710489,61,3296.HK,1.0,2026-04
2026-07-24,68.35,88.19,1.15762197971344,102.09068239092827,-0.3304971776143839,62,3296.HK,1.0,2026-04
2026-07-27,67.25,86.93,1.1586990356445312,100.7257071685791,-0.33234521860990907,63,3296.HK,1.0,2026-04
2026-07-28,63.35,84.16,1.1579099893569946,97.44970470428467,-0.34992106756774377,64,3296.HK,1.0,2026-04
2026-07-29,64.2,83.65,1.1589430570602417,96.94558672308922,-0.33777284588128964,65,3296.HK,1.0,2026-04
2026-07-30,63.5,78.8,1.1609450578689575,91.48247056007385,-0.305877950046163,66,3296.HK,1.0,2026-04
2026-07-31,69.35,81.28,1.1609450578689575,94.36161430358887,-0.2650613227442168,67,3296.HK,1.0,2026-04
2026-08-03,64.0,73.9,1.1610649824142456,85.80270220041275,-0.2541027454996385,68,3296.HK,1.0,2026-04
2026-08-04,67.85,76.55,1.1611469984054565,88.8858027279377,-0.23666099739599855,69,3296.HK,1.0,2026-04
2026-08-05,69.15,80.04,1.1619360446929932,93.00136101722718,-0.25646249427262735,70,3296.HK,1.0,2026-04
2026-08-06,69.1,81.23,1.162284016609192,94.41233066916466,-0.26810407591634366,71,3296.HK,1.0,2026-04
2026-08-07,70.65,81.81,1.162284016609192,95.086455398798,-0.2569919690066278,72,3296.HK,1.0,2026-04
2026-08-10,71.7,80.81,1.1625880002975464,93.94873630404473,-0.23681783469701512,73,3296.HK,1.0,2026-04
2026-08-11,71.25,80.03,1.163135051727295,93.08569818973541,-0.23457629490223064,74,3296.HK,1.0,2026-04
2026-08-12,70.2,79.02,1.1633410453796387,91.92720940589905,-0.23635232208522572,75,3296.HK,1.0,2026-04
2026-08-13,77.5,85.97,1.1635710000991821,100.03219887852669,-0.22524946098494225,76,3296.HK,1.0,2026-04
2026-08-14,75.75,85.96,1.1635710000991821,100.02056316852568,-0.24265573397774176,77,3296.HK,1.0,2026-04
2026-08-17,78.2,86.9,1.1637330055236816,101.12839818000793,-0.22672561409699699,78,3296.HK,1.0,2026-04
2026-08-18,75.85,84.85,1.163092017173767,98.68835765719413,-0.23141896571554987,79,3296.HK,1.0,2026-04
2026-08-19,71.2,78.1,1.1649320125579834,90.9811901807785,-0.21742065740702576,80,3296.HK,1.0,2026-04
2026-08-20,71.0,78.32,1.1665550470352173,91.3645912837982,-0.22289369434753314,81,3296.HK,1.0,2026-04
2026-08-21,74.25,78.24,1.1665550470352173,91.2712668800354,-0.1864909676602573,82,3296.HK,1.0,2026-04
2026-08-24,71.45,75.22,1.1652530431747437,87.65033390760422,-0.18482911798923263,83,3296.HK,1.0,2026-04
2026-08-25,73.55,75.0,1.1662189960479736,87.46642470359802,-0.15910590550325254,84,3296.HK,1.0,2026-04
2026-08-26,77.3,77.19,1.165971040725708,90.0013046336174,-0.1411235613230566,85,3296.HK,1.0,2026-04
2026-08-27,78.25,78.49,1.1657999753952026,91.50364006876944,-0.14484276318197487,86,3296.HK,1.0,2026-04
2026-08-28,75.6,78.2,1.1657999753952026,91.16555807590485,-0.17073945911618182,87,3296.HK,1.0,2026-04
2026-08-31,78.6,81.6,1.1652239561080933,95.0822748184204,-0.17334750193868176,88,3296.HK,1.0,2026-04
2026-09-01,76.55,79.22,1.1664259433746338,92.40426323413848,-0.17157501915215934,89,3296.HK,1.0,2026-04
2026-09-02,76.0,79.84,1.1670570373535156,93.1778338623047,-0.18435536811994968,90,3296.HK,1.0,2026-04
2026-09-03,75.95,79.69,1.166767954826355,92.97973832011222,-0.1831553694148067,91,3296.HK,1.0,2026-04
2026-09-04,73.75,75.98,1.166767954826355,88.65102920770646,-0.16808636448871717,92,3296.HK,1.0,2026-04
2026-09-07,76.4,78.25,1.1681150197982788,91.40500029921532,-0.16415951260977268,93,3296.HK,1.0,2026-04
2026-09-08,72.9,76.13,1.168408989906311,88.95097640156746,-0.18044744477121455,94,3296.HK,1.0,2026-04
2026-09-09,74.45,76.53,1.1684629917144775,89.42247275590897,-0.16743523517604353,95,3296.HK,1.0,2026-04
2026-09-10,72.35,75.19,1.169165015220642,87.90951749444008,-0.17699468655853068,96,3296.HK,1.0,2026-04
2026-09-11,71.05,76.82,1.169165015220642,89.81525646924972,-0.20893172504244228,97,3296.HK,1.0,2026-04
2026-09-14,67.5,75.98,1.1691210269927979,88.82981563091279,-0.24012000339545914,98,3296.HK,1.0,2026-04
2026-09-15,69.0,76.22,1.1687699556350708,89.08364601850509,-0.22544705920919728,99,3296.HK,1.0,2026-04
2026-09-16,70.9,78.37,1.1693899631500244,91.64509141206742,-0.22636336646542743,100,3296.HK,1.0,2026-04
2026-09-17,69.95,79.5,1.16942298412323,92.96912723779678,-0.24759969165805296,101,3296.HK,1.0,2026-04
2026-09-18,71.55,80.35,1.16942298412323,93.96313677430152,-0.23853116811263597,102,3296.HK,1.0,2026-04
2026-09-21,73.35,80.13,1.1717050075531006,93.88872225522995,-0.21875600990070854,103,3296.HK,1.0,2026-04
2026-09-22,71.9,79.93,1.170611023902893,93.56693914055825,-0.2315661850176557,104,3296.HK,1.0,2026-04
2026-09-23,71.25,79.89,1.16852605342865,93.35354640841484,-0.2367724340295918,105,3296.HK,1.0,2026-04
2026-09-24,70.85,79.11,1.1684240102767944,92.43402345299721,-0.23350734552816166,106,3296.HK,1.0,2026-04
2026-09-28,67.9,74.84,1.1688159704208374,87.47418722629547,-0.22377101001987132,108,3296.HK,1.0,2026-04
2026-09-29,68.4,75.35,1.1688159704208374,88.0702833712101,-0.22334756535642353,109,3296.HK,1.0,2026-04
2026-09-30,65.8,74.49,1.1686999797821045,87.05646149396895,-0.24416868236071765,110,3296.HK,1.0,2026-04
2026-04-28,27.8,35.07,1.1459360122680664,40.18797595024109,-0.30825080530503235,0,2493.HK,1.0,2026-04
2026-04-29,25.48,34.45,1.145792007446289,39.47253465652466,-0.3544878680399548,1,2493.HK,1.0,2026-04
2026-04-30,25.96,35.73,1.1469759941101074,40.98145226955413,-0.3665427025560498,2,2493.HK,1.0,2026-04
2026-05-06,27.08,35.36,1.1501250267028809,40.668420944213864,-0.3341270850632122,5,2493.HK,1.0,2026-04
2026-05-07,26.54,35.58,1.1517200469970703,40.97819927215576,-0.3523385489993056,6,2493.HK,1.0,2026-04
2026-05-08,26.58,35.16,1.1517200469970703,40.49447685241699,-0.34361418973576585,7,2493.HK,1.0,2026-04
2026-05-11,26.64,37.2,1.1520789861679077,42.85733828544617,-0.378402834479186,8,2493.HK,1.0,2026-04
2026-05-12,26.02,35.98,1.1525379419326782,41.46831515073776,-0.37253298318446193,9,2493.HK,1.0,2026-04
2026-05-13,25.14,35.2,1.152662992477417,40.57373733520508,-0.3803873724448231,10,2493.HK,1.0,2026-04
2026-05-14,25.38,34.65,1.1543200016021729,39.99718805551529,-0.36545539239475855,11,2493.HK,1.0,2026-04
2026-05-15,25.4,34.34,1.1543200016021729,39.63934885501862,-0.359222572174412,12,2493.HK,1.0,2026-04
2026-05-18,24.86,33.4,1.1515320539474487,38.461170601844785,-0.3536338179262908,13,2493.HK,1.0,2026-04
2026-05-19,24.92,33.4,1.1492929458618164,38.38638439178467,-0.35081148186143574,14,2493.HK,1.0,2026-04
2026-05-20,24.06,33.12,1.151231050491333,38.12877239227295,-0.3689804709034923,15,2493.HK,1.0,2026-04
2026-05-21,24.52,33.48,1.151487946510315,38.551816449165344,-0.36397290041230046,16,2493.HK,1.0,2026-04
2026-05-22,24.42,33.31,1.151487946510315,38.35606349825859,-0.363334039711643,17,2493.HK,1.0,2026-04
2026-05-26,23.4,32.12,1.1545629501342773,37.08456195831299,-0.36900966967591264,18,2493.HK,1.0,2026-04
2026-05-27,23.56,32.11,1.155385971069336,37.09944353103638,-0.3649500435150639,19,2493.HK,1.0,2026-04
2026-05-28,22.82,30.59,1.155282974243164,35.34010618209839,-0.35427471885866824,20,2493.HK,1.0,2026-04
2026-05-29,22.78,30.4,1.155282974243164,35.120602416992185,-0.35137786847931474,21,2493.HK,1.0,2026-04
2026-06-01,22.44,28.98,1.1584069728851318,33.57063407421112,-0.33155864883593744,22,2493.HK,1.0,2026-04
2026-06-02,22.7,28.51,1.1587949991226196,33.03724542498589,-0.31289671072782266,23,2493.HK,1.0,2026-04
2026-06-03,22.22,27.39,1.157420039176941,31.701734873056413,-0.2990919869535287,24,2493.HK,1.0,2026-04
2026-06-04,22.66,26.93,1.156491994857788,31.144329421520233,-0.27241971746091587,25,2493.HK,1.0,2026-04
2026-06-05,22.4,26.6,1.156491994857788,30.762687063217165,-0.2718451429822072,26,2493.HK,1.0,2026-04
2026-06-08,21.32,25.91,1.1580270528793335,30.00448094010353,-0.2894394659730969,27,2493.HK,1.0,2026-04
2026-06-09,22.32,26.43,1.1571120023727417,30.582470222711564,-0.27017013872789053,28,2493.HK,1.0,2026-04
2026-06-10,24.5,27.27,1.1569290161132812,31.54945426940918,-0.22344140121131773,29,2493.HK,1.0,2026-04
2026-06-11,25.56,27.23,1.1563459634780884,31.487300585508347,-0.18824416432307056,30,2493.HK,1.0,2026-04
2026-06-12,25.1,28.53,1.1563459634780884,32.99055033802986,-0.23917607488147985,31,2493.HK,1.0,2026-04
2026-06-15,26.74,27.66,1.1586040258407593,32.0469873547554,-0.1656001949889342,32,2493.HK,1.0,2026-04
2026-06-16,25.78,27.03,1.158974051475525,31.32706861138344,-0.17706950753023143,33,2493.HK,1.0,2026-04
2026-06-17,25.5,27.11,1.1593559980392456,31.430141106843948,-0.18867688460847076,34,2493.HK,1.0,2026-04
2026-06-18,25.28,27.42,1.1576859951019287,31.743749985694887,-0.2036227600270205,35,2493.HK,1.0,2026-04
2026-06-22,26.4,27.08,1.156896948814392,31.328769373893735,-0.1573240657834738,36,2493.HK,1.0,2026-04
2026-06-23,26.0,27.58,1.1545089483261108,31.841356794834134,-0.18345188091299625,37,2493.HK,1.0,2026-04
2026-06-24,25.06,27.68,1.1541520357131958,31.94692834854126,-0.21557403808606623,38,2493.HK,1.0,2026-04
2026-06-25,22.84,27.72,1.154500961303711,32.002766647338866,-0.28631170386953964,39,2493.HK,1.0,2026-04
2026-06-26,22.78,25.82,1.154500961303711,29.80921482086182,-0.2358067752909231,40,2493.HK,1.0,2026-04
2026-06-29,23.9,28.47,1.153959035873413,32.85321375131607,-0.2725217027194916,41,2493.HK,1.0,2026-04
2026-06-30,23.32,28.25,1.1542860269546509,32.60858026146889,-0.2848508026718509,42,2493.HK,1.0,2026-04
2026-07-02,23.9,30.58,1.1552209854125977,35.32665773391724,-0.3234570850144838,43,2493.HK,1.0,2026-04
2026-07-03,24.56,32.06,1.1552209854125977,37.03638479232789,-0.33686832184852933,44,2493.HK,1.0,2026-04
2026-07-06,25.28,33.88,1.1538079977035522,39.091014962196354,-0.35330407705076305,45,2493.HK,1.0,2026-04
2026-07-07,24.0,32.41,1.1541539430618286,37.406129294633864,-0.3583939195910616,46,2493.HK,1.0,2026-04
2026-07-08,22.8,31.27,1.1521199941635132,36.02679221749305,-0.3671376607065975,47,2493.HK,1.0,2026-04
2026-07-09,22.5,31.05,1.1535500288009644,35.81772839426994,-0.37181945900289115,48,2493.HK,1.0,2026-04
2026-07-10,23.5,31.87,1.1535500288009644,36.763639417886736,-0.36078145765496583,49,2493.HK,1.0,2026-04
2026-07-13,23.0,31.72,1.1558259725570679,36.66279984951019,-0.3726611144154809,50,2493.HK,1.0,2026-04
2026-07-14,23.28,32.86,1.1575560569763184,38.03729203224182,-0.38796904941952737,51,2493.HK,1.0,2026-04
2026-07-15,24.78,35.38,1.1579129695892334,40.96696086406708,-0.3951223259586478,52,2493.HK,1.0,2026-04
2026-07-16,24.66,34.52,1.157472014427185,39.95593393802643,-0.3828200827879824,53,2493.HK,1.0,2026-04
2026-07-17,22.32,31.0,1.157472014427185,35.88163244724274,-0.37795472285667586,54,2493.HK,1.0,2026-04
2026-07-20,23.46,33.29,1.1575069427490234,38.53340612411499,-0.39117762067448647,55,2493.HK,1.0,2026-04
2026-07-21,23.2,32.68,1.1589380502700806,37.874095482826235,-0.38744411703456016,56,2493.HK,1.0,2026-04
2026-07-22,22.84,33.69,1.157410979270935,38.9931758916378,-0.41425648263500114,57,2493.HK,1.0,2026-04
2026-07-23,23.12,33.15,1.15762197971344,38.375168627500535,-0.39752707735512927,58,2493.HK,1.0,2026-04
2026-07-24,22.0,31.09,1.15762197971344,35.990467349290846,-0.38872702634039324,59,2493.HK,1.0,2026-04
2026-07-27,21.96,31.61,1.1586990356445312,36.626476516723635,-0.4004337274983829,60,2493.HK,1.0,2026-04
2026-07-28,21.18,29.45,1.1579099893569946,34.10044918656349,-0.3788938120983608,61,2493.HK,1.0,2026-04
2026-07-29,21.1,30.04,1.1589430570602417,34.81464943408966,-0.39393329121564,62,2493.HK,1.0,2026-04
2026-07-30,20.96,28.55,1.1609450578689575,33.14498140215874,-0.3676267382477737,63,2493.HK,1.0,2026-04
2026-07-31,21.02,28.68,1.1609450578689575,33.2959042596817,-0.3686911208039092,64,2493.HK,1.0,2026-04
2026-08-03,20.8,26.81,1.1610649824142456,31.128152178525923,-0.3317945800088611,65,2493.HK,1.0,2026-04
2026-08-04,20.8,27.12,1.1611469984054565,31.490306596755982,-0.33947927956526336,66,2493.HK,1.0,2026-04
2026-08-05,21.4,28.51,1.1619360446929932,33.126796634197234,-0.3539973020539966,67,2493.HK,1.0,2026-04
2026-08-06,21.76,28.35,1.162284016609192,32.95075187087059,-0.3396205317173213,68,2493.HK,1.0,2026-04
2026-08-07,22.74,30.51,1.162284016609192,35.46128534674644,-0.35873728835138285,69,2493.HK,1.0,2026-04
2026-08-10,22.5,30.9,1.1625880002975464,35.92396920919418,-0.3736772273415301,70,2493.HK,1.0,2026-04
2026-08-11,24.02,33.19,1.163135051727295,38.604452366828916,-0.3777919766415515,71,2493.HK,1.0,2026-04
2026-08-12,23.08,32.65,1.1633410453796387,37.983085131645204,-0.39236110179025085,72,2493.HK,1.0,2026-04
2026-08-13,23.3,34.12,1.1635710000991821,39.70104252338409,-0.4131136484318718,73,2493.HK,1.0,2026-04
2026-08-14,23.6,34.0,1.1635710000991821,39.56141400337219,-0.40345913829095315,74,2493.HK,1.0,2026-04
2026-08-17,23.38,33.8,1.1637330055236816,39.33417558670044,-0.40560594823029217,75,2493.HK,1.0,2026-04
2026-08-18,21.98,33.19,1.163092017173767,38.60302404999733,-0.4306145557008112,76,2493.HK,1.0,2026-04
2026-08-19,21.04,31.38,1.1649320125579834,36.555566554069514,-0.42443786313967713,77,2493.HK,1.0,2026-04
2026-08-20,22.08,34.1,1.1665550470352173,39.77952710390091,-0.4449406112262516,78,2493.HK,1.0,2026-04
2026-08-21,21.94,31.17,1.1665550470352173,36.361520816087726,-0.3966148965283953,79,2493.HK,1.0,2026-04
2026-08-24,21.46,29.23,1.1652530431747437,34.06034645199776,-0.36994181693823325,80,2493.HK,1.0,2026-04
2026-08-25,22.1,29.99,1.1662189960479736,34.97490769147873,-0.3681184180684932,81,2493.HK,1.0,2026-04
2026-08-26,22.02,29.75,1.165971040725708,34.68763846158981,-0.3651917231441655,82,2493.HK,1.0,2026-04
2026-08-27,21.84,29.73,1.1657999753952026,34.65923326849938,-0.36986488331091705,83,2493.HK,1.0,2026-04
2026-08-28,21.7,29.49,1.1657999753952026,34.37944127440453,-0.3688088230754455,84,2493.HK,1.0,2026-04
2026-08-31,20.7,28.33,1.1652239561080933,33.01079467654228,-0.37293239369636944,85,2493.HK,1.0,2026-04
2026-09-01,20.52,27.87,1.1664259433746338,32.508291041851045,-0.368776415420219,86,2493.HK,1.0,2026-04
2026-09-02,20.78,27.53,1.1670570373535156,32.12908023834229,-0.35323389758286616,87,2493.HK,1.0,2026-04
2026-09-03,20.84,28.16,1.166767954826355,32.856185607910156,-0.3657206515480984,88,2493.HK,1.0,2026-04
2026-09-04,20.76,27.42,1.166767954826355,31.992777321338657,-0.3511035384179222,89,2493.HK,1.0,2026-04
2026-09-07,20.66,27.1,1.1681150197982788,31.655917036533356,-0.34735740000339355,90,2493.HK,1.0,2026-04
2026-09-08,20.84,26.58,1.168408989906311,31.056310951709744,-0.328960866201892,91,2493.HK,1.0,2026-04
2026-09-09,20.6,26.02,1.1684629917144775,30.403407044410706,-0.3224443573080715,92,2493.HK,1.0,2026-04
2026-09-10,20.58,25.6,1.169165015220642,29.93062438964844,-0.31240993398328076,93,2493.HK,1.0,2026-04
2026-09-11,20.3,24.06,1.169165015220642,28.130110266208646,-0.27835334423180635,94,2493.HK,1.0,2026-04
2026-09-14,20.62,25.79,1.1691210269927979,30.151631286144255,-0.3161232371040693,95,2493.HK,1.0,2026-04
2026-09-15,20.62,25.24,1.1687699556350708,29.499753680229187,-0.30101111271923675,96,2493.HK,1.0,2026-04
2026-09-16,20.62,25.3,1.1693899631500244,29.58556606769562,-0.3030385170654244,97,2493.HK,1.0,2026-04
2026-09-17,20.66,25.73,1.16942298412323,30.089253381490707,-0.3133761167796565,98,2493.HK,1.0,2026-04
2026-09-18,20.78,26.62,1.16942298412323,31.130039837360382,-0.33247756480346335,99,2493.HK,1.0,2026-04
2026-09-21,21.2,28.06,1.1717050075531006,32.87804251194,-0.35519275539895667,100,2493.HK,1.0,2026-04
2026-09-22,21.38,28.2,1.170611023902893,33.01123087406158,-0.3523416293816771,101,2493.HK,1.0,2026-04
2026-09-23,21.08,27.8,1.16852605342865,32.48502428531647,-0.3510856013265057,102,2493.HK,1.0,2026-04
2026-09-24,20.5,26.47,1.1684240102767944,30.92818355202675,-0.33717413550927344,103,2493.HK,1.0,2026-04
2026-09-28,20.58,26.0,1.1688159704208374,30.389215230941772,-0.32278606592493386,105,2493.HK,1.0,2026-04
2026-09-29,20.64,26.01,1.1688159704208374,30.400903390645983,-0.3210728071208997,106,2493.HK,1.0,2026-04
2026-09-30,20.7,27.04,1.1686999797821045,31.601647453308104,-0.3449708585419621,107,2493.HK,1.0,2026-04
2026-05-06,38.9,49.75,1.1501250267028809,57.21872007846832,-0.32015256638642897,0,1187.HK,1.0,2026-05
2026-05-07,37.88,50.81,1.1517200469970703,58.51889558792114,-0.3526877153194464,1,1187.HK,1.0,2026-05
2026-05-08,36.38,50.15,1.1517200469970703,57.758760356903075,-0.37013883651240753,2,1187.HK,1.0,2026-05
2026-05-11,38.0,52.16,1.1520789861679077,60.09243991851806,-0.3676409203632629,3,1187.HK,1.0,2026-05
2026-05-12,37.4,51.3,1.1525379419326782,59.12519642114639,-0.36744396190075534,4,1187.HK,1.0,2026-05
2026-05-13,36.7,51.7,1.152662992477417,59.59267671108246,-0.38415251629106806,5,1187.HK,1.0,2026-05
2026-05-14,34.1,50.45,1.1543200016021729,58.23544408082962,-0.41444595231952064,6,1187.HK,1.0,2026-05
2026-05-15,32.92,50.46,1.1543200016021729,58.246987280845644,-0.43482055404390585,7,1187.HK,1.0,2026-05
2026-05-18,31.9,47.96,1.1515320539474487,55.22747730731964,-0.4223889709376225,8,1187.HK,1.0,2026-05
2026-05-19,32.42,48.9,1.1492929458618164,56.20042505264282,-0.4231360355436412,9,1187.HK,1.0,2026-05
2026-05-20,32.0,48.27,1.151231050491333,55.56992280721665,-0.424148921152644,10,1187.HK,1.0,2026-05
2026-05-21,31.52,47.45,1.151487946510315,54.63810306191445,-0.42311320793325546,11,1187.HK,1.0,2026-05
2026-05-22,31.72,47.3,1.151487946510315,54.46537986993789,-0.4176116998404005,12,1187.HK,1.0,2026-05
2026-05-26,30.58,47.7,1.1545629501342773,55.072652721405035,-0.4447334840634162,13,1187.HK,1.0,2026-05
2026-05-27,30.04,48.48,1.155385971069336,56.0131118774414,-0.463696998914673,14,1187.HK,1.0,2026-05
2026-05-28,28.8,46.92,1.155282974243164,54.20587715148926,-0.46869229844740656,15,1187.HK,1.0,2026-05
2026-05-29,28.7,47.09,1.155282974243164,54.4022752571106,-0.4724485352062773,16,1187.HK,1.0,2026-05
2026-06-01,29.9,47.01,1.1584069728851318,54.456711795330044,-0.45094004000138543,17,1187.HK,1.0,2026-05
2026-06-02,30.02,46.08,1.1587949991226196,53.39727355957031,-0.43779901109539776,18,1187.HK,1.0,2026-05
2026-06-03,29.6,45.66,1.157420039176941,52.84779898881912,-0.4399009880002306,19,1187.HK,1.0,2026-05
2026-06-04,31.1,46.37,1.156491994857788,53.62653380155563,-0.4200632076075401,20,1187.HK,1.0,2026-05
2026-06-05,33.0,46.77,1.156491994857788,54.08913059949875,-0.3898959063633791,21,1187.HK,1.0,2026-05
2026-06-08,31.7,45.22,1.1580270528793335,52.36598333120346,-0.39464518789794534,22,1187.HK,1.0,2026-05
2026-06-09,31.08,45.17,1.1571120023727417,52.266749147176746,-0.4053580812443005,23,1187.HK,1.0,2026-05
2026-06-10,31.58,44.85,1.1569290161132812,51.88826637268067,-0.39138456133452615,24,1187.HK,1.0,2026-05
2026-06-11,30.06,43.67,1.1563459634780884,50.49762822508812,-0.40472451763455985,25,1187.HK,1.0,2026-05
2026-06-12,30.04,45.0,1.1563459634780884,52.03556835651398,-0.4227025677093522,26,1187.HK,1.0,2026-05
2026-06-15,30.18,45.09,1.1586040258407593,52.24145552515984,-0.4222978725111305,27,1187.HK,1.0,2026-05
2026-06-16,29.16,44.99,1.158974051475525,52.14224257588387,-0.44076053197054677,28,1187.HK,1.0,2026-05
2026-06-17,28.8,44.64,1.1593559980392456,51.753651752471924,-0.44351752920267273,29,1187.HK,1.0,2026-05
2026-06-18,27.42,44.9,1.1576859951019287,51.980101180076595,-0.472490445814873,30,1187.HK,1.0,2026-05
2026-06-22,27.02,44.8,1.156896948814392,51.828983306884766,-0.478670074618061,31,1187.HK,1.0,2026-05
2026-06-23,26.74,45.4,1.1545089483261108,52.41470625400543,-0.48983783538886894,32,1187.HK,1.0,2026-05
2026-06-24,26.32,43.9,1.1541520357131958,50.66727436780929,-0.48053254633483844,33,1187.HK,1.0,2026-05
2026-06-25,27.52,44.43,1.154500961303711,51.294477710723875,-0.46349000461220147,34,1187.HK,1.0,2026-05
2026-06-26,26.6,43.46,1.154500961303711,50.174611778259276,-0.46985140378254375,35,1187.HK,1.0,2026-05
2026-06-29,28.64,47.62,1.153959035873413,54.95152928829193,-0.47881341300355607,36,1187.HK,1.0,2026-05
2026-06-30,29.5,47.65,1.1542860269546509,55.00172918438911,-0.46365322622669747,37,1187.HK,1.0,2026-05
2026-07-02,31.78,49.92,1.1552209854125977,57.668631591796874,-0.44892051150177503,38,1187.HK,1.0,2026-05
2026-07-03,31.42,51.23,1.1552209854125977,59.181971082687376,-0.46909507363144654,39,1187.HK,1.0,2026-05
2026-07-06,32.72,51.56,1.1538079977035522,59.49034036159516,-0.4499947419846523,40,1187.HK,1.0,2026-05
2026-07-07,31.24,49.96,1.1541539430618286,57.661530995368956,-0.45821764596383996,41,1187.HK,1.0,2026-05
2026-07-08,30.5,49.34,1.1521199941635132,56.845600512027744,-0.4634589180996228,42,1187.HK,1.0,2026-05
2026-07-09,29.86,48.38,1.1535500288009644,55.80875039339066,-0.46495845562712557,43,1187.HK,1.0,2026-05
2026-07-10,29.58,48.67,1.1535500288009644,56.143279901742936,-0.47313373832507954,44,1187.HK,1.0,2026-05
2026-07-13,28.94,47.08,1.1558259725570679,54.416286787986756,-0.4681739290158814,45,1187.HK,1.0,2026-05
2026-07-14,31.68,49.69,1.1575560569763184,57.51896047115326,-0.4492250948122044,46,1187.HK,1.0,2026-05
2026-07-15,32.4,50.0,1.1579129695892334,57.89564847946167,-0.4403724485184096,47,1187.HK,1.0,2026-05
2026-07-16,32.7,50.14,1.157472014427185,58.03564680337906,-0.43655319099336576,48,1187.HK,1.0,2026-05
2026-07-17,32.46,48.16,1.157472014427185,55.74385221481323,-0.41769363418026995,49,1187.HK,1.0,2026-05
2026-07-20,34.4,50.7,1.1575069427490234,58.68560199737549,-0.413825558072346,50,1187.HK,1.0,2026-05
2026-07-21,35.8,52.48,1.1589380502700806,60.821068878173826,-0.4113881807682742,51,1187.HK,1.0,2026-05
2026-07-22,36.78,52.89,1.157410979270935,61.215466693639755,-0.39917145148839617,52,1187.HK,1.0,2026-05
2026-07-23,37.98,53.0,1.15762197971344,61.35396492481232,-0.38096910205324963,53,1187.HK,1.0,2026-05
2026-07-24,39.0,53.73,1.15762197971344,62.19902897000313,-0.3729805650372995,54,1187.HK,1.0,2026-05
2026-07-27,37.0,54.05,1.1586990356445312,62.62768287658691,-0.40920694650460565,55,1187.HK,1.0,2026-05
2026-07-28,37.06,52.75,1.1579099893569946,61.07975193858147,-0.39325228371481347,56,1187.HK,1.0,2026-05
2026-07-29,36.5,53.31,1.1589430570602417,61.78325437188149,-0.40922503401485255,57,1187.HK,1.0,2026-05
2026-07-30,34.96,52.28,1.1609450578689575,60.6942076253891,-0.4239977525404611,58,1187.HK,1.0,2026-05
2026-07-31,34.16,53.5,1.1609450578689575,62.11056059598923,-0.45001301433743834,59,1187.HK,1.0,2026-05
2026-08-03,34.0,53.58,1.1610649824142456,62.20986175775528,-0.4534628587924574,60,1187.HK,1.0,2026-05
2026-08-04,33.3,54.35,1.1611469984054565,63.10833936333656,-0.47233598069693505,61,1187.HK,1.0,2026-05
2026-08-05,32.74,53.06,1.1619360446929932,61.65232653141022,-0.4689575910274879,62,1187.HK,1.0,2026-05
2026-08-06,32.36,51.76,1.162284016609192,60.15982069969177,-0.46209946067598906,63,1187.HK,1.0,2026-05
2026-08-07,32.54,51.55,1.162284016609192,59.91574105620384,-0.4569039883947039,64,1187.HK,1.0,2026-05
2026-08-10,31.62,50.83,1.1625880002975464,59.09434805512428,-0.46492344800040286,65,1187.HK,1.0,2026-05
2026-08-11,31.0,50.09,1.163135051727295,58.26143474102021,-0.4679156093941197,66,1187.HK,1.0,2026-05
2026-08-12,31.88,49.95,1.1633410453796387,58.108885216712956,-0.4513747788981701,67,1187.HK,1.0,2026-05
2026-08-13,31.78,50.0,1.1635710000991821,58.178550004959106,-0.45375056619164467,68,1187.HK,1.0,2026-05
2026-08-14,31.36,50.15,1.1635710000991821,58.35308565497398,-0.46258197577719884,69,1187.HK,1.0,2026-05
2026-08-17,31.68,50.99,1.1637330055236816,59.33874595165253,-0.46611611870240843,70,1187.HK,1.0,2026-05
2026-08-18,31.7,49.74,1.163092017173767,57.85219693422318,-0.45205192404287975,71,1187.HK,1.0,2026-05
2026-08-19,31.64,48.57,1.1649320125579834,56.580747849941254,-0.44079919049650995,72,1187.HK,1.0,2026-05
2026-08-20,31.82,50.09,1.1665550470352173,58.43274230599404,-0.45544229580448936,73,1187.HK,1.0,2026-05
2026-08-21,31.76,48.03,1.1665550470352173,56.029638909101486,-0.4331571536356824,74,1187.HK,1.0,2026-05
2026-08-24,31.66,47.42,1.1652530431747437,55.256299307346346,-0.42703365232801993,75,1187.HK,1.0,2026-05
2026-08-25,32.02,48.06,1.1662189960479736,56.048484950065614,-0.42870891106999465,76,1187.HK,1.0,2026-05
2026-08-26,32.36,49.82,1.165971040725708,58.088677248954774,-0.4429206941429834,77,1187.HK,1.0,2026-05
2026-08-27,34.02,50.83,1.1657999753952026,59.25761274933815,-0.42589654861889503,78,1187.HK,1.0,2026-05
2026-08-28,33.98,50.9,1.1657999753952026,59.33921874761581,-0.42736017229136036,79,1187.HK,1.0,2026-05
2026-08-31,32.84,50.2,1.1652239561080933,58.494242596626286,-0.43857722500207086,80,1187.HK,1.0,2026-05
2026-09-01,32.78,49.62,1.1664259433746338,57.87805531024932,-0.43363681063079595,81,1187.HK,1.0,2026-05
2026-09-02,31.84,47.05,1.1670570373535156,54.91003360748291,-0.42014240552821336,82,1187.HK,1.0,2026-05
2026-09-03,31.5,48.23,1.166767954826355,56.2732184612751,-0.44023105730700307,83,1187.HK,1.0,2026-05
2026-09-04,32.12,51.87,1.166767954826355,60.52025381684303,-0.4692685840808408,84,1187.HK,1.0,2026-05
2026-09-07,31.56,52.35,1.1681150197982788,61.1508212864399,-0.4838990002739607,85,1187.HK,1.0,2026-05
2026-09-08,31.84,51.73,1.168408989906311,60.44179704785346,-0.4732122214236718,86,1187.HK,1.0,2026-05
2026-09-09,31.56,51.87,1.1684629917144775,60.608175380229945,-0.4792781699497475,87,1187.HK,1.0,2026-05
2026-09-10,31.7,51.7,1.169165015220642,60.4458312869072,-0.4755635033037201,88,1187.HK,1.0,2026-05
2026-09-11,31.86,52.77,1.169165015220642,61.69683785319329,-0.4836040045389296,89,1187.HK,1.0,2026-05
2026-09-14,32.0,53.31,1.1691210269927979,62.32584194898605,-0.48656931058882247,90,1187.HK,1.0,2026-05
2026-09-15,32.08,52.15,1.1687699556350708,60.95135318636894,-0.4736786252815415,91,1187.HK,1.0,2026-05
2026-09-16,32.38,51.74,1.1693899631500244,60.50423669338227,-0.46483086524845607,92,1187.HK,1.0,2026-05
2026-09-17,32.72,53.28,1.16942298412323,62.306856594085694,-0.4748571539539702,93,1187.HK,1.0,2026-05
2026-09-18,30.54,52.8,1.16942298412323,61.74553356170654,-0.5053893255375421,94,1187.HK,1.0,2026-05
2026-09-21,31.8,55.14,1.1717050075531006,64.60781411647797,-0.5077994754215105,95,1187.HK,1.0,2026-05
2026-09-22,31.2,55.38,1.170611023902893,64.82843850374222,-0.518729731579159,96,1187.HK,1.0,2026-05
2026-09-23,30.72,54.94,1.16852605342865,64.19882137537002,-0.5214865422469301,97,1187.HK,1.0,2026-05
2026-09-24,29.9,54.21,1.1684240102767944,63.34026559710503,-0.5279464063161967,98,1187.HK,1.0,2026-05
2026-09-28,28.7,53.23,1.1688159704208374,62.21607410550117,-0.5387044198363791,100,1187.HK,1.0,2026-05
2026-09-29,29.22,52.69,1.1688159704208374,61.58491348147392,-0.5255331484911477,101,1187.HK,1.0,2026-05
2026-09-30,28.7,52.1,1.1686999797821045,60.88926894664765,-0.5286525771043911,102,1187.HK,1.0,2026-05
2026-06-05,66.4,63.67,1.156491994857788,73.63384531259537,-0.09824076526067271,0,1081.HK,1.0,2026-06
2026-06-08,63.0,59.15,1.1580270528793335,68.49730017781258,-0.08025572049616703,1,1081.HK,1.0,2026-06
2026-06-09,63.4,61.37,1.1571120023727417,71.01196358561515,-0.10719269262900799,2,1081.HK,1.0,2026-06
2026-06-10,62.6,59.64,1.1569290161132812,68.9992465209961,-0.09274371596288145,3,1081.HK,1.0,2026-06
2026-06-11,59.9,58.48,1.1563459634780884,67.6231119441986,-0.11420817117336413,4,1081.HK,1.0,2026-06
2026-06-12,63.95,59.55,1.1563459634780884,68.86040212512016,-0.07130951858512091,5,1081.HK,1.0,2026-06
2026-06-15,64.2,59.32,1.1586040258407593,68.72839081287384,-0.0658882124157868,6,1081.HK,1.0,2026-06
2026-06-16,64.35,60.2,1.158974051475525,69.77023789882661,-0.07768696312439793,7,1081.HK,1.0,2026-06
2026-06-17,65.25,60.57,1.1593559980392456,70.22219280123711,-0.07080657272140212,8,1081.HK,1.0,2026-06
2026-06-18,63.6,58.32,1.1576859951019287,67.51624723434448,-0.0580045158723268,9,1081.HK,1.0,2026-06
2026-06-22,66.75,60.95,1.156896948814392,70.5128690302372,-0.05336428771071011,10,1081.HK,1.0,2026-06
2026-06-23,64.4,59.79,1.1545089483261108,69.02809002041816,-0.06704647367541516,11,1081.HK,1.0,2026-06
2026-06-24,64.55,58.2,1.1541520357131958,67.171648478508,-0.039029092450318825,12,1081.HK,1.0,2026-06
2026-06-25,64.15,56.6,1.154500961303711,65.34475440979004,-0.018283861047169836,13,1081.HK,1.0,2026-06
2026-06-26,64.55,55.55,1.154500961303711,64.13252840042114,0.006509514126315397,14,1081.HK,1.0,2026-06
2026-06-29,63.25,57.17,1.153959035873413,65.97183808088303,-0.041257575354289755,15,1081.HK,1.0,2026-06
2026-06-30,63.55,57.97,1.1542860269546509,66.91396098256111,-0.05027293158505164,16,1081.HK,1.0,2026-06
2026-07-02,63.75,54.67,1.1552209854125977,63.15593127250671,0.009406380612613896,17,1081.HK,1.0,2026-06
2026-07-03,57.4,56.05,1.1552209854125977,64.7501362323761,-0.11351537865492412,18,1081.HK,1.0,2026-06
2026-07-06,50.85,52.14,1.1538079977035522,60.15954900026321,-0.15474765278281055,19,1081.HK,1.0,2026-06
2026-07-07,47.8,49.7,1.1541539430618286,57.36145097017288,-0.16668774601159753,20,1081.HK,1.0,2026-06
2026-07-08,46.0,46.7,1.1521199941635132,53.80400372743607,-0.14504503729815565,21,1081.HK,1.0,2026-06
2026-07-09,46.92,47.0,1.1535500288009644,54.216851353645325,-0.1345864094181617,22,1081.HK,1.0,2026-06
2026-07-10,45.4,46.21,1.1535500288009644,53.30554683089257,-0.1483062701893344,23,1081.HK,1.0,2026-06
2026-07-13,42.0,42.45,1.1558259725570679,49.06481253504754,-0.14398939219427498,24,1081.HK,1.0,2026-06
2026-07-14,39.16,43.7,1.1575560569763184,50.585199689865114,-0.22586052362968512,25,1081.HK,1.0,2026-06
2026-07-15,39.28,42.99,1.1579129695892334,49.77867856264115,-0.21090713666554406,26,1081.HK,1.0,2026-06
2026-07-16,38.04,40.95,1.157472014427185,47.39847899079323,-0.19744260132505598,27,1081.HK,1.0,2026-06
2026-07-17,31.6,37.37,1.157472014427185,43.2547291791439,-0.2694440446239911,28,1081.HK,1.0,2026-06
2026-07-20,32.78,36.61,1.1575069427490234,42.37632917404175,-0.2264549422067479,29,1081.HK,1.0,2026-06
2026-07-21,33.92,38.36,1.1589380502700806,44.45686360836029,-0.23701320230738876,30,1081.HK,1.0,2026-06
2026-07-22,31.6,37.12,1.157410979270935,42.963095550537105,-0.26448502848615263,31,1081.HK,1.0,2026-06
2026-07-23,37.72,39.55,1.15762197971344,45.783949297666545,-0.17613048724212044,32,1081.HK,1.0,2026-06
2026-07-24,32.8,38.19,1.15762197971344,44.20958340525627,-0.25807941460718986,33,1081.HK,1.0,2026-06
2026-07-27,36.6,40.54,1.1586990356445312,46.973658905029296,-0.2208399163880893,34,1081.HK,1.0,2026-06
2026-07-28,34.18,40.06,1.1579099893569946,46.385874173641206,-0.2631377416312055,35,1081.HK,1.0,2026-06
2026-07-29,36.0,40.4,1.1589430570602417,46.82129950523376,-0.23111916199643578,36,1081.HK,1.0,2026-06
2026-07-30,35.58,39.8,1.1609450578689575,46.205613303184506,-0.22996368933495337,37,1081.HK,1.0,2026-06
2026-07-31,36.0,39.41,1.1609450578689575,45.752844730615614,-0.21316367950536363,38,1081.HK,1.0,2026-06
2026-08-03,38.1,40.8,1.1610649824142456,47.37145128250122,-0.1957181178007532,39,1081.HK,1.0,2026-06
2026-08-04,38.58,41.57,1.1611469984054565,48.26888072371483,-0.2007272714520314,40,1081.HK,1.0,2026-06
2026-08-05,39.06,42.56,1.1619360446929932,49.45199806213379,-0.21014313818173325,41,1081.HK,1.0,2026-06
2026-08-06,38.12,41.76,1.162284016609192,48.53698053359985,-0.21461945961777895,42,1081.HK,1.0,2026-06
2026-08-07,38.54,42.12,1.162284016609192,48.95540277957916,-0.21275287686783684,43,1081.HK,1.0,2026-06
2026-08-10,36.8,42.1,1.1625880002975464,48.9449548125267,-0.24813496833423154,44,1081.HK,1.0,2026-06
2026-08-11,35.68,41.65,1.163135051727295,48.44457490444183,-0.2634882219447746,45,1081.HK,1.0,2026-06
2026-08-12,37.14,43.63,1.1633410453796387,50.756569809913636,-0.26827206528944914,46,1081.HK,1.0,2026-06
2026-08-13,35.46,42.55,1.1635710000991821,49.509946054220194,-0.2837802739440187,47,1081.HK,1.0,2026-06
2026-08-14,34.66,41.85,1.1635710000991821,48.695446354150775,-0.28822913444666276,48,1081.HK,1.0,2026-06
2026-08-17,35.8,41.92,1.1637330055236816,48.783687591552734,-0.26614813747292365,49,1081.HK,1.0,2026-06
2026-08-18,34.0,41.34,1.163092017173767,48.08222398996354,-0.29287796656209153,50,1081.HK,1.0,2026-06
2026-08-19,32.02,38.82,1.1649320125579834,45.222660727500916,-0.2919478976935136,51,1081.HK,1.0,2026-06
2026-08-20,32.96,39.19,1.1665550470352173,45.717292293310166,-0.2790474162700346,52,1081.HK,1.0,2026-06
2026-08-21,32.78,39.18,1.1665550470352173,45.70562674283981,-0.2828016518746179,53,1081.HK,1.0,2026-06
2026-08-24,29.5,35.26,1.1652530431747437,41.08682230234146,-0.28200823653576024,54,1081.HK,1.0,2026-06
2026-08-25,31.8,35.16,1.1662189960479736,41.00425990104675,-0.22447082140389485,55,1081.HK,1.0,2026-06
2026-08-26,31.36,35.26,1.165971040725708,41.112138895988465,-0.23720825911443966,56,1081.HK,1.0,2026-06
2026-08-27,30.88,35.41,1.1657999753952026,41.28097712874412,-0.2519556912692814,57,1081.HK,1.0,2026-06
2026-08-28,30.52,35.76,1.1657999753952026,41.689007120132445,-0.2679125239885771,58,1081.HK,1.0,2026-06
2026-08-31,29.78,35.25,1.1652239561080933,41.07414445281029,-0.2749696823456914,59,1081.HK,1.0,2026-06
2026-09-01,28.42,34.2,1.1664259433746338,39.891767263412476,-0.2875723000102337,60,1081.HK,1.0,2026-06
2026-09-02,27.82,33.25,1.1670570373535156,38.804646492004395,-0.28307554597276785,61,1081.HK,1.0,2026-06
2026-09-03,28.34,33.35,1.166767954826355,38.91171129345894,-0.27168456338840197,62,1081.HK,1.0,2026-06
2026-09-04,28.54,33.22,1.166767954826355,38.76003145933151,-0.26367448824325,63,1081.HK,1.0,2026-06
2026-09-07,27.92,33.24,1.1681150197982788,38.82814325809479,-0.2809339397350834,64,1081.HK,1.0,2026-06
2026-09-08,27.4,33.11,1.168408989906311,38.68602165579796,-0.29173384009897274,65,1081.HK,1.0,2026-06
2026-09-09,26.94,32.57,1.1684629917144775,38.05683964014053,-0.29211147707638396,66,1081.HK,1.0,2026-06
2026-09-10,28.58,33.54,1.169165015220642,39.21379461050034,-0.27117484334589015,67,1081.HK,1.0,2026-06
2026-09-11,31.66,35.3,1.169165015220642,41.27152503728866,-0.2328851436578776,68,1081.HK,1.0,2026-06
2026-09-14,30.46,35.85,1.1691210269927979,41.912988817691804,-0.27325631363367253,69,1081.HK,1.0,2026-06
2026-09-15,33.78,39.44,1.1687699556350708,46.09628705024719,-0.2671860975878999,70,1081.HK,1.0,2026-06
2026-09-16,32.6,39.16,1.1693899631500244,45.793310956954954,-0.2881056355448173,71,1081.HK,1.0,2026-06
2026-09-17,33.74,41.21,1.16942298412323,48.191921175718306,-0.29988265300782324,72,1081.HK,1.0,2026-06
2026-09-18,33.22,39.6,1.16942298412323,46.30915017127991,-0.2826471684940909,73,1081.HK,1.0,2026-06
2026-09-21,31.62,39.7,1.1717050075531006,46.516688799858095,-0.3202439637084301,74,1081.HK,1.0,2026-06
2026-09-22,29.82,38.08,1.170611023902893,44.57686779022217,-0.33104317377496517,75,1081.HK,1.0,2026-06
2026-09-23,29.66,37.89,1.16852605342865,44.27545216441155,-0.33010283238077,76,1081.HK,1.0,2026-06
2026-09-24,30.7,39.77,1.1684240102767944,46.46822288870812,-0.33933346077109894,77,1081.HK,1.0,2026-06
2026-09-28,30.98,41.38,1.1688159704208374,48.36560485601426,-0.35946216133906905,79,1081.HK,1.0,2026-06
2026-09-29,31.78,42.93,1.1688159704208374,50.17726961016655,-0.36664549014119785,80,1081.HK,1.0,2026-06
2026-09-30,34.32,46.29,1.1686999797821045,54.099122064113615,-0.36560892874884554,81,1081.HK,1.0,2026-06
2026-06-23,11.0,18.94,1.1545089483261108,21.86639948129654,-0.4969450727629454,0,6067.HK,1.0,2026-06
2026-06-24,9.56,18.3,1.1541520357131958,21.120982253551485,-0.5473695358845116,1,6067.HK,1.0,2026-06
2026-06-25,9.62,17.82,1.154500961303711,20.57320713043213,-0.5324015386123255,2,6067.HK,1.0,2026-06
2026-06-26,9.13,16.59,1.154500961303711,19.153170948028563,-0.5233165294261757,3,6067.HK,1.0,2026-06
2026-06-29,9.3,16.95,1.153959035873413,19.559605658054352,-0.5245302915311894,4,6067.HK,1.0,2026-06
2026-06-30,9.9,18.72,1.1542860269546509,21.608234424591064,-0.5418413274555467,5,6067.HK,1.0,2026-06
2026-07-02,9.96,20.34,1.1552209854125977,23.497194843292235,-0.5761196148550775,6,6067.HK,1.0,2026-06
2026-07-03,10.43,20.0,1.1552209854125977,23.104419708251953,-0.5485712200651016,7,6067.HK,1.0,2026-06
2026-07-06,11.2,20.13,1.1538079977035522,23.226154993772507,-0.5177850142219842,8,6067.HK,1.0,2026-06
2026-07-07,10.4,20.35,1.1541539430618286,23.487032741308212,-0.5572024736139263,9,6067.HK,1.0,2026-06
2026-07-08,9.56,18.46,1.1521199941635132,21.268135092258454,-0.5505012565262567,10,6067.HK,1.0,2026-06
2026-07-09,9.53,18.11,1.1535500288009644,20.890791021585464,-0.5438181354572404,11,6067.HK,1.0,2026-06
2026-07-10,9.3,17.57,1.1535500288009644,20.267874006032944,-0.5411457562232842,12,6067.HK,1.0,2026-06
2026-07-13,7.83,15.58,1.1558259725570679,18.00776865243912,-0.5651876614408059,13,6067.HK,1.0,2026-06
2026-07-14,8.25,15.44,1.1575560569763184,17.872665519714356,-0.5384012535287543,14,6067.HK,1.0,2026-06
2026-07-15,8.06,14.73,1.1579129695892334,17.056058042049408,-0.5274406325231095,15,6067.HK,1.0,2026-06
2026-07-16,8.0,13.5,1.157472014427185,15.625872194766998,-0.48802857848286074,16,6067.HK,1.0,2026-06
2026-07-17,7.22,12.53,1.157472014427185,14.503124340772628,-0.5021762324892701,17,6067.HK,1.0,2026-06
2026-07-20,7.5,12.02,1.1575069427490234,13.913233451843261,-0.46094486044821015,18,6067.HK,1.0,2026-06
2026-07-21,7.82,12.76,1.1589380502700806,14.788049521446228,-0.4711946299166012,19,6067.HK,1.0,2026-06
2026-07-22,7.38,11.9,1.157410979270935,13.773190653324127,-0.46417644351573295,20,6067.HK,1.0,2026-06
2026-07-23,7.88,12.46,1.15762197971344,14.423969867229463,-0.45368715599559273,21,6067.HK,1.0,2026-06
2026-07-24,7.6,12.04,1.15762197971344,13.937768635749816,-0.4547190300959434,22,6067.HK,1.0,2026-06
2026-07-27,7.78,12.53,1.1586990356445312,14.518498916625976,-0.464131929569477,23,6067.HK,1.0,2026-06
2026-07-28,7.16,11.97,1.1579099893569946,13.860182572603227,-0.48341228822246274,24,6067.HK,1.0,2026-06
2026-07-29,7.31,12.81,1.1589430570602417,14.846060560941696,-0.5076134864199745,25,6067.HK,1.0,2026-06
2026-07-30,7.15,13.1,1.1609450578689575,15.208380258083343,-0.5298644642844372,26,6067.HK,1.0,2026-06
2026-07-31,7.26,13.33,1.1609450578689575,15.475397621393205,-0.5308682737842052,27,6067.HK,1.0,2026-06
2026-08-03,7.24,13.19,1.1610649824142456,15.3144471180439,-0.5272437885485507,28,6067.HK,1.0,2026-06
2026-08-04,7.27,13.51,1.1611469984054565,15.687095948457717,-0.5365617687373965,29,6067.HK,1.0,2026-06
2026-08-05,7.475,14.24,1.1619360446929932,16.545969276428224,-0.5482283403820252,30,6067.HK,1.0,2026-06
2026-08-06,7.54,13.81,1.162284016609192,16.051142269372942,-0.5302515002694224,31,6067.HK,1.0,2026-06
2026-08-07,7.305,13.53,1.162284016609192,15.725702744722366,-0.5354738596689042,32,6067.HK,1.0,2026-06
2026-08-10,7.36,14.13,1.1625880002975464,16.42736844420433,-0.5519671927370295,33,6067.HK,1.0,2026-06
2026-08-11,7.135,13.87,1.163135051727295,16.13268316745758,-0.557730110612193,34,6067.HK,1.0,2026-06
2026-08-12,7.32,14.78,1.1633410453796387,17.194180650711058,-0.5742745671514574,35,6067.HK,1.0,2026-06
2026-08-13,7.62,14.52,1.1635710000991821,16.895050921440124,-0.5489803472370667,36,6067.HK,1.0,2026-06
2026-08-14,8.16,14.95,1.1635710000991821,17.39538645148277,-0.5309101052305483,37,6067.HK,1.0,2026-06
2026-08-17,8.38,15.15,1.1637330055236816,17.630555033683777,-0.5246888152987966,38,6067.HK,1.0,2026-06
2026-08-18,8.19,14.71,1.163092017173767,17.109083572626115,-0.5213069148189977,39,6067.HK,1.0,2026-06
2026-08-19,7.795,14.41,1.1649320125579834,16.78667030096054,-0.5356434682848351,40,6067.HK,1.0,2026-06
2026-08-20,7.86,14.57,1.1665550470352173,16.996707035303118,-0.5375574819478657,41,6067.HK,1.0,2026-06
2026-08-21,7.855,14.48,1.1665550470352173,16.891717081069945,-0.53497918759231,42,6067.HK,1.0,2026-06
2026-08-24,7.525,14.08,1.1652530431747437,16.406762847900392,-0.5413476704843704,43,6067.HK,1.0,2026-06
2026-08-25,7.665,14.4,1.1662189960479736,16.79355354309082,-0.5435748616079219,44,6067.HK,1.0,2026-06
2026-08-26,8.095,15.27,1.165971040725708,17.80437779188156,-0.545336540561886,45,6067.HK,1.0,2026-06
2026-08-27,8.125,15.53,1.1657999753952026,18.104873617887495,-0.5512258096089357,46,6067.HK,1.0,2026-06
2026-08-28,8.01,15.2,1.1657999753952026,17.720159626007078,-0.5479724692635339,47,6067.HK,1.0,2026-06
2026-08-31,8.0,15.04,1.1652239561080933,17.524968299865723,-0.5435084467421664,48,6067.HK,1.0,2026-06
2026-09-01,7.525,14.3,1.1664259433746338,16.679890990257263,-0.5488579628970383,49,6067.HK,1.0,2026-06
2026-09-02,7.26,13.9,1.1670570373535156,16.222092819213866,-0.5524621834612444,50,6067.HK,1.0,2026-06
2026-09-03,7.44,14.43,1.166767954826355,16.836461588144303,-0.5581019229575525,51,6067.HK,1.0,2026-06
2026-09-04,7.24,13.92,1.166767954826355,16.24140993118286,-0.5542258935229825,52,6067.HK,1.0,2026-06
2026-09-07,7.355,14.24,1.1681150197982788,16.63395788192749,-0.5578322337829722,53,6067.HK,1.0,2026-06
2026-09-08,7.2,13.88,1.168408989906311,16.217516779899597,-0.5560356065779526,54,6067.HK,1.0,2026-06
2026-09-09,7.47,14.97,1.1684629917144775,17.49189098596573,-0.5729449717018357,55,6067.HK,1.0,2026-06
2026-09-10,7.28,14.74,1.169165015220642,17.233492324352266,-0.5775667599472689,56,6067.HK,1.0,2026-06
2026-09-11,7.535,14.4,1.169165015220642,16.835976219177248,-0.5524465049186067,57,6067.HK,1.0,2026-06
2026-09-14,7.825,15.32,1.1691210269927979,17.910934133529665,-0.5631160305954435,58,6067.HK,1.0,2026-06
2026-09-15,7.57,15.56,1.1687699556350708,18.186060509681703,-0.5837471234647018,59,6067.HK,1.0,2026-06
2026-09-16,7.86,15.47,1.1693899631500244,18.090462729930877,-0.5655169180943316,60,6067.HK,1.0,2026-06
2026-09-17,7.645,15.28,1.16942298412323,17.868783197402955,-0.5721588921001,61,6067.HK,1.0,2026-06
2026-09-18,7.85,15.9,1.16942298412323,18.593825447559357,-0.57781683913622,62,6067.HK,1.0,2026-06
2026-09-21,7.875,16.05,1.1717050075531006,18.805865371227267,-0.5812476669088225,63,6067.HK,1.0,2026-06
2026-09-22,7.555,15.96,1.170611023902893,18.682951941490174,-0.59562064797575,64,6067.HK,1.0,2026-06
2026-09-23,8.015,17.0,1.16852605342865,19.86494290828705,-0.5965253946611451,65,6067.HK,1.0,2026-06
2026-09-24,7.89,17.5,1.1684240102767944,20.447420179843903,-0.6141322508852443,66,6067.HK,1.0,2026-06
2026-09-28,6.97,16.12,1.1688159704208374,18.8413134431839,-0.6300682528838513,68,6067.HK,1.0,2026-06
2026-09-29,6.935,16.01,1.1688159704208374,18.71274368643761,-0.6293969438043303,69,6067.HK,1.0,2026-06
2026-09-30,6.85,15.74,1.1686999797821045,18.395337681770325,-0.6276230358745569,70,6067.HK,1.0,2026-06
2026-06-26,9.71,16.41,1.154500961303711,18.945360774993897,-0.48747347092928994,0,1688.HK,1.0,2026-06
2026-06-29,9.38,15.76,1.153959035873413,18.18639440536499,-0.48422981538149756,1,1688.HK,1.0,2026-06
2026-06-30,10.67,17.34,1.1542860269546509,20.015319707393648,-0.4669083404119442,2,1688.HK,1.0,2026-06
2026-07-02,10.18,17.18,1.1552209854125977,19.846696529388428,-0.4870682894291378,3,1688.HK,1.0,2026-06
2026-07-03,10.53,18.02,1.1552209854125977,20.817082157135008,-0.49416542046980083,4,1688.HK,1.0,2026-06
2026-07-06,9.66,16.23,1.1538079977035522,18.726303802728655,-0.484148067778735,5,1688.HK,1.0,2026-06
2026-07-07,8.51,15.93,1.1541539430618286,18.38567231297493,-0.5371395804767815,6,1688.HK,1.0,2026-06
2026-07-08,7.56,15.06,1.1521199941635132,17.35092711210251,-0.5642884123046776,7,1688.HK,1.0,2026-06
2026-07-09,7.91,15.6,1.1535500288009644,17.995380449295045,-0.5604427468322923,8,1688.HK,1.0,2026-06
2026-07-10,7.78,15.16,1.1535500288009644,17.48781843662262,-0.5551188944352665,9,1688.HK,1.0,2026-06
2026-07-13,6.83,13.64,1.1558259725570679,15.765466265678407,-0.5667746272199392,10,1688.HK,1.0,2026-06
2026-07-14,7.6,12.97,1.1575560569763184,15.01350205898285,-0.4937889927251995,11,1688.HK,1.0,2026-06
2026-07-15,7.07,12.71,1.1579129695892334,14.717073843479158,-0.5196055904052845,12,1688.HK,1.0,2026-06
2026-07-16,6.8,12.61,1.157472014427185,14.595722101926803,-0.5341100664623971,13,1688.HK,1.0,2026-06
2026-07-17,6.2,11.41,1.157472014427185,13.206755684614182,-0.5305432955632718,14,1688.HK,1.0,2026-06
2026-07-20,6.49,11.55,1.1575069427490234,13.369205188751222,-0.5145560331843324,15,1688.HK,1.0,2026-06
2026-07-21,6.75,12.35,1.1589380502700806,14.312884920835495,-0.528396962783239,16,1688.HK,1.0,2026-06
2026-07-22,6.74,12.13,1.157410979270935,14.039395178556443,-0.5199223389413119,17,1688.HK,1.0,2026-06
2026-07-23,6.85,12.2,1.15762197971344,14.122988152503966,-0.514975164884953,18,1688.HK,1.0,2026-06
2026-07-24,6.66,12.09,1.15762197971344,13.995649734735489,-0.5241378481007068,19,1688.HK,1.0,2026-06
2026-07-27,6.75,12.4,1.1586990356445312,14.367868041992187,-0.5302016986603619,20,1688.HK,1.0,2026-06
2026-07-28,6.39,12.03,1.1579099893569946,13.929657171964644,-0.5412665278754487,21,1688.HK,1.0,2026-06
2026-07-29,6.33,12.23,1.1589430570602417,14.173873587846757,-0.5534036647943866,22,1688.HK,1.0,2026-06
2026-07-30,6.19,12.21,1.1609450578689575,14.175139156579972,-0.5633199835553884,23,1688.HK,1.0,2026-06
2026-07-31,6.44,12.4,1.1609450578689575,14.395718717575074,-0.5526447740231477,24,1688.HK,1.0,2026-06
2026-08-03,6.36,12.46,1.1610649824142456,14.466869680881501,-0.5603748329602378,25,1688.HK,1.0,2026-06
2026-08-04,6.395,12.66,1.1611469984054565,14.70012099981308,-0.5649695672517719,26,1688.HK,1.0,2026-06
2026-08-05,6.615,12.97,1.1619360446929932,15.070310499668121,-0.5610574845059977,27,1688.HK,1.0,2026-06
2026-08-06,6.315,12.74,1.162284016609192,14.807498371601104,-0.5735268820213841,28,1688.HK,1.0,2026-06
2026-08-07,6.215,12.72,1.162284016609192,14.784252691268922,-0.5796202804575731,29,1688.HK,1.0,2026-06
2026-08-10,6.16,12.63,1.1625880002975464,14.683486443758012,-0.5804811055198248,30,1688.HK,1.0,2026-06
2026-08-11,6.215,12.68,1.163135051727295,14.748552455902098,-0.5786027124639699,31,1688.HK,1.0,2026-06
2026-08-12,6.15,12.51,1.1633410453796387,14.55339647769928,-0.577418232958617,32,1688.HK,1.0,2026-06
2026-08-13,6.235,12.55,1.1635710000991821,14.602816051244737,-0.573027560018567,33,1688.HK,1.0,2026-06
2026-08-14,6.41,12.69,1.1635710000991821,14.76571599125862,-0.5658862730534195,34,1688.HK,1.0,2026-06
2026-08-17,6.675,12.98,1.1637330055236816,15.105254411697388,-0.5581007894292113,35,1688.HK,1.0,2026-06
2026-08-18,6.73,12.94,1.163092017173767,15.050410702228545,-0.5528361230033758,36,1688.HK,1.0,2026-06
2026-08-19,6.235,12.31,1.1649320125579834,14.340313074588776,-0.5652117239303163,37,1688.HK,1.0,2026-06
2026-08-20,6.17,12.2,1.1665550470352173,14.23197157382965,-0.5664690610157165,38,1688.HK,1.0,2026-06
2026-08-21,6.24,12.24,1.1665550470352173,14.278633775711059,-0.5629833989709386,39,1688.HK,1.0,2026-06
2026-08-24,6.18,12.08,1.1652530431747437,14.076256761550903,-0.5609628252249147,40,1688.HK,1.0,2026-06
2026-08-25,6.21,12.17,1.1662189960479736,14.192885181903838,-0.5624568281636033,41,1688.HK,1.0,2026-06
2026-08-26,6.205,12.25,1.165971040725708,14.283145248889923,-0.5655718756705741,42,1688.HK,1.0,2026-06
2026-08-27,6.38,12.5,1.1657999753952026,14.572499692440033,-0.562189045486147,43,1688.HK,1.0,2026-06
2026-08-28,6.355,12.47,1.1657999753952026,14.537525693178178,-0.5628554587537464,44,1688.HK,1.0,2026-06
2026-08-31,6.54,12.79,1.1652239561080933,14.903214398622511,-0.5611684952606946,45,1688.HK,1.0,2026-06
2026-09-01,6.345,12.52,1.1664259433746338,14.603652811050415,-0.5655196626422938,46,1688.HK,1.0,2026-06
2026-09-02,6.53,12.69,1.1670570373535156,14.809953804016112,-0.5590803262175459,47,1688.HK,1.0,2026-06
2026-09-03,6.61,12.9,1.166767954826355,15.05130661725998,-0.5608354697644635,48,1688.HK,1.0,2026-06
2026-09-04,6.63,12.63,1.166767954826355,14.736279269456864,-0.5500899596995517,49,1688.HK,1.0,2026-06
2026-09-07,6.63,12.65,1.1681150197982788,14.776655000448228,-0.5513192938592064,50,1688.HK,1.0,2026-06
2026-09-08,6.5,12.43,1.168408989906311,14.523323744535446,-0.5524440469458175,51,1688.HK,1.0,2026-06
2026-09-09,6.37,12.44,1.1684629917144775,14.5356796169281,-0.5617679965523205,52,1688.HK,1.0,2026-06
2026-09-10,6.55,12.84,1.169165015220642,15.012078795433045,-0.5636846775682638,53,1688.HK,1.0,2026-06
2026-09-11,6.465,13.1,1.169165015220642,15.316061699390412,-0.5778941005273366,54,1688.HK,1.0,2026-06
2026-09-14,6.41,13.18,1.1691210269927979,15.409015135765076,-0.5840097538017159,55,1688.HK,1.0,2026-06
2026-09-15,6.195,12.61,1.1687699556350708,14.738189140558243,-0.579663421271214,56,1688.HK,1.0,2026-06
2026-09-16,6.14,12.51,1.1693899631500244,14.629068439006804,-0.5802876973609363,57,1688.HK,1.0,2026-06
2026-09-17,6.08,12.47,1.16942298412323,14.582704612016679,-0.5830677393691525,58,1688.HK,1.0,2026-06
2026-09-18,6.1,12.58,1.16942298412323,14.711341140270234,-0.5853539156058243,59,1688.HK,1.0,2026-06
2026-09-21,6.09,12.54,1.1717050075531006,14.69318079471588,-0.5855220128925283,60,1688.HK,1.0,2026-06
2026-09-22,6.085,12.65,1.170611023902893,14.808229452371597,-0.5890798410727311,61,1688.HK,1.0,2026-06
2026-09-23,6.035,12.37,1.16852605342865,14.454667280912398,-0.5824877956222965,62,1688.HK,1.0,2026-06
2026-09-24,5.815,12.23,1.1684240102767944,14.289825645685196,-0.5930671133306769,63,1688.HK,1.0,2026-06
2026-09-28,5.515,12.01,1.1688159704208374,14.037479804754257,-0.6071232103833794,65,1688.HK,1.0,2026-06
2026-09-29,5.54,11.98,1.1688159704208374,14.002415325641632,-0.6043539724282432,66,1688.HK,1.0,2026-06
2026-09-30,5.54,11.88,1.1686999797821045,13.884155759811403,-0.6009840212225296,67,1688.HK,1.0,2026-06
2026-06-26,125.3,131.55,1.154500961303711,151.8746014595032,-0.17497725889729643,0,3661.HK,1.0,2026-06
2026-06-29,117.1,133.6,1.153959035873413,154.168927192688,-0.24044356971075898,1,3661.HK,1.0,2026-06
2026-06-30,121.4,143.48,1.1542860269546509,165.6169591474533,-0.2669832810303304,2,3661.HK,1.0,2026-06
2026-07-02,125.9,142.0,1.1552209854125977,164.04137992858887,-0.23251072348448132,3,3661.HK,1.0,2026-06
2026-07-03,120.0,139.6,1.1552209854125977,161.26884956359862,-0.25590093607831976,4,3661.HK,1.0,2026-06
2026-07-06,117.5,135.97,1.1538079977035522,156.883273447752,-0.2510355156559638,5,3661.HK,1.0,2026-06
2026-07-07,110.5,129.1,1.1541539430618286,149.00127404928207,-0.25839560295670894,6,3661.HK,1.0,2026-06
2026-07-08,113.6,129.74,1.1521199941635132,149.4760480427742,-0.24001201873164246,7,3661.HK,1.0,2026-06
2026-07-09,107.1,134.86,1.1535500288009644,155.56775688409806,-0.3115539997160709,8,3661.HK,1.0,2026-06
2026-07-10,102.5,124.25,1.1535500288009644,143.32859107851982,-0.2848600601686837,9,3661.HK,1.0,2026-06
2026-07-13,99.4,116.26,1.1558259725570679,134.37632756948472,-0.2602863778324258,10,3661.HK,1.0,2026-06
2026-07-14,99.15,117.31,1.1575560569763184,135.7929010438919,-0.2698440107119291,11,3661.HK,1.0,2026-06
2026-07-15,102.1,112.73,1.1579129695892334,130.5315290617943,-0.21781349890059643,12,3661.HK,1.0,2026-06
2026-07-16,101.0,107.32,1.157472014427185,124.2198965883255,-0.1869257439915447,13,3661.HK,1.0,2026-06
2026-07-17,96.05,101.0,1.157472014427185,116.90467345714569,-0.17839041708448455,14,3661.HK,1.0,2026-06
2026-07-20,95.75,98.01,1.1575069427490234,113.44725545883179,-0.15599544816889677,15,3661.HK,1.0,2026-06
2026-07-21,101.0,110.05,1.1589380502700806,127.54113243222237,-0.20809861043320121,16,3661.HK,1.0,2026-06
2026-07-22,89.6,106.11,1.157410979270935,122.81287901043892,-0.2704348214784207,17,3661.HK,1.0,2026-06
2026-07-23,98.7,103.86,1.15762197971344,120.23061881303788,-0.1790776677821031,18,3661.HK,1.0,2026-06
2026-07-24,89.5,100.41,1.15762197971344,116.2368229830265,-0.2300202491505704,19,3661.HK,1.0,2026-06
2026-07-27,96.9,98.89,1.1586990356445312,114.5837476348877,-0.1543303304342567,20,3661.HK,1.0,2026-06
2026-07-28,89.4,94.99,1.1579099893569946,109.98986988902091,-0.18719787476606664,21,3661.HK,1.0,2026-06
2026-07-29,88.55,100.74,1.1589430570602417,116.75192356824874,-0.2415542520099292,22,3661.HK,1.0,2026-06
2026-07-30,78.0,89.58,1.1609450578689575,103.99745828390121,-0.2499816698686146,23,3661.HK,1.0,2026-06
2026-07-31,83.0,95.73,1.1609450578689575,111.1372703897953,-0.25317582743492395,24,3661.HK,1.0,2026-06
2026-08-03,80.2,94.4,1.1610649824142456,109.60453433990479,-0.2682784477576051,25,3661.HK,1.0,2026-06
2026-08-04,84.25,101.56,1.1611469984054565,117.92608915805818,-0.2855694562457811,26,3661.HK,1.0,2026-06
2026-08-05,88.1,104.02,1.1619360446929932,120.86458736896515,-0.2710850885457806,27,3661.HK,1.0,2026-06
2026-08-06,86.05,106.24,1.162284016609192,123.48105392456054,-0.3031319602068562,28,3661.HK,1.0,2026-06
2026-08-07,91.4,111.68,1.162284016609192,129.80387897491457,-0.2958607961348856,29,3661.HK,1.0,2026-06
2026-08-10,90.85,110.27,1.1625880002975464,128.19857879281042,-0.291333797492184,30,3661.HK,1.0,2026-06
2026-08-11,98.2,115.49,1.163135051727295,134.33046712398527,-0.26896703255440424,31,3661.HK,1.0,2026-06
2026-08-12,97.5,116.02,1.1633410453796387,134.97082808494568,-0.27762168030385737,32,3661.HK,1.0,2026-06
2026-08-13,106.8,118.7,1.1635710000991821,138.11587771177292,-0.2267362611062318,33,3661.HK,1.0,2026-06
2026-08-14,103.5,123.0,1.1635710000991821,143.1192330121994,-0.27682675611336094,34,3661.HK,1.0,2026-06
2026-08-17,105.4,123.24,1.1637330055236816,143.41845560073853,-0.26508760983020063,35,3661.HK,1.0,2026-06
2026-08-18,100.2,116.92,1.163092017173767,135.98871864795686,-0.26317417359160156,36,3661.HK,1.0,2026-06
2026-08-19,90.5,106.49,1.1649320125579834,124.05361001729965,-0.2704766915901964,37,3661.HK,1.0,2026-06
2026-08-20,96.35,116.58,1.1665550470352173,135.99698738336562,-0.2915284238731234,38,3661.HK,1.0,2026-06
2026-08-21,100.0,116.6,1.1665550470352173,136.02031848430633,-0.2648157193402121,39,3661.HK,1.0,2026-06
2026-08-24,92.9,111.13,1.1652530431747437,129.49457068800925,-0.28259540530217586,40,3661.HK,1.0,2026-06
2026-08-25,97.4,114.86,1.1662189960479736,133.95191388607026,-0.2728733978161645,41,3661.HK,1.0,2026-06
2026-08-26,98.0,113.51,1.165971040725708,132.34937283277512,-0.2595355920286523,42,3661.HK,1.0,2026-06
2026-08-27,99.35,116.9,1.1657999753952026,136.2820171236992,-0.2709969950780601,43,3661.HK,1.0,2026-06
2026-08-28,96.5,114.5,1.1657999753952026,133.4840971827507,-0.27706744071630074,44,3661.HK,1.0,2026-06
2026-08-31,94.3,114.0,1.1652239561080933,132.83553099632263,-0.29009957431787914,45,3661.HK,1.0,2026-06
2026-09-01,90.3,112.58,1.1664259433746338,131.31623270511628,-0.3123470104204278,46,3661.HK,1.0,2026-06
2026-09-02,87.4,110.73,1.1670570373535156,129.22822574615478,-0.32367716498962595,47,3661.HK,1.0,2026-06
2026-09-03,86.0,109.76,1.166767954826355,128.06445072174074,-0.3284631330917793,48,3661.HK,1.0,2026-06
2026-09-04,84.4,106.92,1.166767954826355,124.75082973003387,-0.3234513936088024,49,3661.HK,1.0,2026-06
2026-09-07,88.45,110.6,1.1681150197982788,129.19352118968962,-0.3153681455114731,50,3661.HK,1.0,2026-06
2026-09-08,87.55,107.13,1.168408989906311,125.1716550886631,-0.3005604987967482,51,3661.HK,1.0,2026-06
2026-09-09,89.0,107.75,1.1684629917144775,125.90188735723495,-0.293100350851209,52,3661.HK,1.0,2026-06
2026-09-10,90.3,106.69,1.169165015220642,124.7382154738903,-0.2760839197759629,53,3661.HK,1.0,2026-06
2026-09-11,91.0,107.98,1.169165015220642,126.24643834352494,-0.2791875858518641,54,3661.HK,1.0,2026-06
2026-09-14,89.55,107.6,1.1691210269927979,125.79742250442504,-0.28814121770380474,55,3661.HK,1.0,2026-06
2026-09-15,92.0,108.78,1.1687699556350708,127.138795773983,-0.2763813795786606,56,3661.HK,1.0,2026-06
2026-09-16,92.4,111.8,1.1693899631500244,130.73779788017274,-0.2932418818566235,57,3661.HK,1.0,2026-06
2026-09-17,94.75,116.46,1.16942298412323,136.19100073099136,-0.30428589634088155,58,3661.HK,1.0,2026-06
2026-09-18,99.9,125.13,1.16942298412323,146.32989800333976,-0.31729604569450365,59,3661.HK,1.0,2026-06
2026-09-21,96.9,122.61,1.1717050075531006,143.66275097608568,-0.32550365810459714,60,3661.HK,1.0,2026-06
2026-09-22,95.9,121.68,1.170611023902893,142.43994938850403,-0.3267338242417275,61,3661.HK,1.0,2026-06
2026-09-23,94.55,122.45,1.16852605342865,143.0860152423382,-0.3392086582335456,62,3661.HK,1.0,2026-06
2026-09-24,91.85,120.55,1.1684240102767944,140.85351443886756,-0.3479040947901644,63,3661.HK,1.0,2026-06
2026-09-28,89.15,117.0,1.1688159704208374,136.75146853923798,-0.34808743955520827,65,3661.HK,1.0,2026-06
2026-09-29,88.65,112.8,1.1688159704208374,131.84244146347046,-0.3276065050375889,66,3661.HK,1.0,2026-06
2026-09-30,84.4,110.21,1.1686999797821045,128.80242477178572,-0.34473283286753853,67,3661.HK,1.0,2026-06
2026-06-26,515.0,527.97,1.154500961303711,609.5418725395203,-0.15510316320949813,0,9630.HK,1.0,2026-06
2026-06-29,531.0,548.07,1.153959035873413,632.4503287911416,-0.16040837386400386,1,9630.HK,1.0,2026-06
2026-06-30,520.0,549.39,1.1542860269546509,634.1532003486157,-0.18000886897024526,2,9630.HK,1.0,2026-06
2026-07-02,423.2,468.0,1.1552209854125977,540.6434211730957,-0.21722898415792302,3,9630.HK,1.0,2026-06
2026-07-03,455.4,480.32,1.1552209854125977,554.8757437133789,-0.17927571143705134,4,9630.HK,1.0,2026-06
2026-07-06,392.0,470.0,1.1538079977035522,542.2897589206696,-0.2771392165321255,5,9630.HK,1.0,2026-06
2026-07-07,385.0,462.23,1.1541539430618286,533.4845771014691,-0.2783296527675011,6,9630.HK,1.0,2026-06
2026-07-08,406.2,473.26,1.1521199941635132,545.2523084378242,-0.2550237867606947,7,9630.HK,1.0,2026-06
2026-07-09,436.0,517.8,1.1535500288009644,597.3082049131393,-0.2700585787811115,8,9630.HK,1.0,2026-06
2026-07-10,376.6,465.02,1.1535500288009644,536.4238343930244,-0.29794320115150863,9,9630.HK,1.0,2026-06
2026-07-13,384.0,446.58,1.1558259725570679,516.1687628245354,-0.2560572672032546,10,9630.HK,1.0,2026-06
2026-07-14,369.6,455.6,1.1575560569763184,527.3825395584107,-0.29918043872010924,11,9630.HK,1.0,2026-06
2026-07-15,368.8,430.77,1.1579129695892334,498.79416990995406,-0.2606168591213116,12,9630.HK,1.0,2026-06
2026-07-16,335.2,384.0,1.157472014427185,444.46925354003906,-0.2458420974448704,13,9630.HK,1.0,2026-06
2026-07-17,285.6,359.78,1.157472014427185,416.4352813506126,-0.3141791467002466,14,9630.HK,1.0,2026-06
2026-07-20,304.4,344.0,1.1575069427490234,398.18238830566406,-0.23552620874249264,15,9630.HK,1.0,2026-06
2026-07-21,328.6,403.45,1.1589380502700806,467.573556381464,-0.29722287431516803,16,9630.HK,1.0,2026-06
2026-07-22,303.0,401.0,1.157410979270935,464.12180268764496,-0.3471541344419028,17,9630.HK,1.0,2026-06
2026-07-23,311.0,384.0,1.15762197971344,444.52684020996094,-0.3003797029373816,18,9630.HK,1.0,2026-06
2026-07-24,281.4,408.8,1.15762197971344,473.23586530685424,-0.40537051261417945,19,9630.HK,1.0,2026-06
2026-07-27,335.8,420.9,1.1586990356445312,487.69642410278317,-0.3114569158103374,20,9630.HK,1.0,2026-06
2026-07-28,329.2,378.0,1.1579099893569946,437.68997597694397,-0.24786945539428773,21,9630.HK,1.0,2026-06
2026-07-29,277.2,349.92,1.1589430570602417,405.5373545265198,-0.3164624740336399,22,9630.HK,1.0,2026-06
2026-07-30,229.0,299.9,1.1609450578689575,348.16742285490034,-0.34227045677551415,23,9630.HK,1.0,2026-06
2026-07-31,276.2,325.23,1.1609450578689575,377.5741611707211,-0.2684880788886518,24,9630.HK,1.0,2026-06
2026-08-03,253.8,303.53,1.1610649824142456,352.41805411219593,-0.2798325822456299,25,9630.HK,1.0,2026-06
2026-08-04,310.0,340.0,1.1611469984054565,394.7899794578552,-0.214772369790877,26,9630.HK,1.0,2026-06
2026-08-05,356.0,361.0,1.1619360446929932,419.45891213417053,-0.1512875523642998,27,9630.HK,1.0,2026-06
2026-08-06,341.0,392.62,1.162284016609192,456.33595060110093,-0.25274351154927976,28,9630.HK,1.0,2026-06
2026-08-07,368.4,426.99,1.162284016609192,496.28365225195887,-0.2576825806606128,29,9630.HK,1.0,2026-06
2026-08-10,360.2,430.3,1.1625880002975464,500.2616165280342,-0.2799767399707854,30,9630.HK,1.0,2026-06
2026-08-11,327.8,415.0,1.163135051727295,482.7010464668274,-0.32090472477869925,31,9630.HK,1.0,2026-06
2026-08-12,338.8,425.5,1.1633410453796387,495.00161480903625,-0.31555778837064263,32,9630.HK,1.0,2026-06
2026-08-13,343.0,419.0,1.1635710000991821,487.5362490415573,-0.29646256934884263,33,9630.HK,1.0,2026-06
2026-08-14,330.2,419.0,1.1635710000991821,487.5362490415573,-0.3227170274022969,34,9630.HK,1.0,2026-06
2026-08-17,378.0,448.79,1.1637330055236816,522.2717355489731,-0.2762388345548231,35,9630.HK,1.0,2026-06
2026-08-18,406.0,471.2,1.163092017173767,548.048958492279,-0.25919027176525544,36,9630.HK,1.0,2026-06
2026-08-19,377.6,434.0,1.1649320125579834,505.5804934501648,-0.25313574219765633,37,9630.HK,1.0,2026-06
2026-08-20,385.0,433.0,1.1665550470352173,505.1183353662491,-0.23780236621019546,38,9630.HK,1.0,2026-06
2026-08-21,371.2,429.58,1.1665550470352173,501.1287171053886,-0.25927214440210233,39,9630.HK,1.0,2026-06
2026-08-24,332.4,426.15,1.1652530431747437,496.57258434891696,-0.3306114544446156,40,9630.HK,1.0,2026-06
2026-08-25,340.0,415.0,1.1662189960479736,483.98088335990906,-0.29749291410098666,41,9630.HK,1.0,2026-06
2026-08-26,358.6,430.6,1.165971040725708,502.0671301364899,-0.28575288347892336,42,9630.HK,1.0,2026-06
2026-08-27,373.0,438.6,1.1657999753952026,511.3198692083359,-0.2705153418397239,43,9630.HK,1.0,2026-06
2026-08-28,342.0,418.8,1.1657999753952026,488.2370296955109,-0.2995205623520847,44,9630.HK,1.0,2026-06
2026-08-31,342.0,418.8,1.1652239561080933,487.99579281806945,-0.29917428585803074,45,9630.HK,1.0,2026-06
2026-09-01,329.0,404.0,1.1664259433746338,471.23608112335205,-0.3018361429037517,46,9630.HK,1.0,2026-06
2026-09-02,308.4,389.41,1.1670570373535156,454.4636809158325,-0.32139791813833374,47,9630.HK,1.0,2026-06
2026-09-03,319.8,390.0,1.166767954826355,455.03950238227844,-0.2972038727940235,48,9630.HK,1.0,2026-06
2026-09-04,317.2,370.8,1.166767954826355,432.63755764961246,-0.2668227841261619,49,9630.HK,1.0,2026-06
2026-09-07,358.0,410.05,1.1681150197982788,478.98556386828426,-0.2525870777632746,50,9630.HK,1.0,2026-06
2026-09-08,341.4,405.0,1.168408989906311,473.20564091205597,-0.27853776353556137,51,9630.HK,1.0,2026-06
2026-09-09,355.2,410.78,1.1684629917144775,479.98122773647304,-0.25997105829518485,52,9630.HK,1.0,2026-06
2026-09-10,334.0,409.3,1.169165015220642,478.5392407298088,-0.30204260889739254,53,9630.HK,1.0,2026-06
2026-09-11,346.6,402.3,1.169165015220642,470.3550856232643,-0.26310991292733077,54,9630.HK,1.0,2026-06
2026-09-14,344.6,401.7,1.1691210269927979,469.6359165430069,-0.266240106726498,55,9630.HK,1.0,2026-06
2026-09-15,356.4,412.77,1.1687699556350708,482.43317458748817,-0.26124483395084674,56,9630.HK,1.0,2026-06
2026-09-16,361.0,433.0,1.1693899631500244,506.34585404396057,-0.28704857141249895,57,9630.HK,1.0,2026-06
2026-09-17,356.4,431.2,1.16942298412323,504.25519075393674,-0.29321500990970706,58,9630.HK,1.0,2026-06
2026-09-18,379.6,439.83,1.16942298412323,514.3473111069202,-0.2619772830481649,59,9630.HK,1.0,2026-06
2026-09-21,365.0,422.9,1.1717050075531006,495.5140476942062,-0.263391216256193,60,9630.HK,1.0,2026-06
2026-09-22,356.2,427.69,1.170611023902893,500.6586288130283,-0.2885371798255306,61,9630.HK,1.0,2026-06
2026-09-23,364.8,440.68,1.16852605342865,514.9460612249375,-0.291576288335471,62,9630.HK,1.0,2026-06
2026-09-24,349.2,418.0,1.1684240102767944,488.4012362957001,-0.2850140948689601,63,9630.HK,1.0,2026-06
2026-09-28,311.0,397.29,1.1688159704208374,464.35889688849454,-0.33025941338929543,65,9630.HK,1.0,2026-06
2026-09-29,321.0,397.17,1.1688159704208374,464.218638972044,-0.3085154859123803,66,9630.HK,1.0,2026-06
2026-09-30,327.0,388.68,1.1686999797821045,454.2503081417084,-0.2801325741798094,67,9630.HK,1.0,2026-06
2026-07-02,114.9,100.41,1.1552209854125977,115.99573914527893,-0.00944637409402227,0,0668.HK,0.0,2026-07
2026-07-03,99.85,107.84,1.1552209854125977,124.57903106689453,-0.198500749725818,1,0668.HK,0.0,2026-07
2026-07-06,99.6,107.03,1.1538079977035522,123.49206999421119,-0.1934704794836718,2,0668.HK,0.0,2026-07
2026-07-07,106.1,106.23,1.1541539430618286,122.60577337145806,-0.13462476454065997,3,0668.HK,0.0,2026-07
2026-07-08,104.9,103.5,1.1521199941635132,119.24441939592361,-0.12029426172386537,4,0668.HK,0.0,2026-07
2026-07-09,100.6,108.6,1.1535500288009644,125.27553312778473,-0.19697009074082295,5,0668.HK,0.0,2026-07
2026-07-10,102.9,105.92,1.1535500288009644,122.18401905059815,-0.15782767010317744,6,0668.HK,0.0,2026-07
2026-07-13,96.2,107.75,1.1558259725570679,124.54024854302406,-0.22755895282506644,7,0668.HK,0.0,2026-07
2026-07-14,102.0,111.32,1.1575560569763184,128.85914026260374,-0.20843799056758527,8,0668.HK,0.0,2026-07
2026-07-15,107.0,110.77,1.1579129695892334,128.26201964139938,-0.16577019214920108,9,0668.HK,0.0,2026-07
2026-07-16,100.1,113.8,1.157472014427185,131.72031524181367,-0.24005648015467262,10,0668.HK,0.0,2026-07
2026-07-17,93.15,110.6,1.157472014427185,128.01640479564665,-0.2723588812801304,11,0668.HK,0.0,2026-07
2026-07-20,103.6,117.97,1.1575069427490234,136.55109403610228,-0.24130963042588627,12,0668.HK,0.0,2026-07
2026-07-21,106.7,122.09,1.1589380502700806,141.49474655747414,-0.24590839874991943,13,0668.HK,0.0,2026-07
2026-07-22,101.4,116.67,1.157410979270935,135.03513895154,-0.24908434362118603,14,0668.HK,0.0,2026-07
2026-07-23,100.5,117.0,1.15762197971344,135.44177162647247,-0.2579837165954717,15,0668.HK,0.0,2026-07
2026-07-24,101.2,114.26,1.15762197971344,132.26988740205766,-0.23489766274326107,16,0668.HK,0.0,2026-07
2026-07-27,104.3,119.22,1.1586990356445312,138.140099029541,-0.24496941342357348,17,0668.HK,0.0,2026-07
2026-07-28,101.3,118.4,1.1579099893569946,137.09654273986817,-0.2611046349125652,18,0668.HK,0.0,2026-07
2026-07-29,107.3,119.96,1.1589430570602417,139.0268091249466,-0.22820641086880578,19,0668.HK,0.0,2026-07
2026-07-30,118.3,124.0,1.1609450578689575,143.95718717575073,-0.1782279001077386,20,0668.HK,0.0,2026-07
2026-07-31,109.8,122.01,1.1609450578689575,141.64690651059152,-0.22483305350696237,21,0668.HK,0.0,2026-07
2026-08-03,108.2,121.43,1.1610649824142456,140.98812081456185,-0.23255945696082614,22,0668.HK,0.0,2026-07
2026-08-04,108.9,119.45,1.1611469984054565,138.6990089595318,-0.21484658890552166,23,0668.HK,0.0,2026-07
2026-08-05,108.4,117.6,1.1619360446929932,136.64367885589598,-0.20669583176022122,24,0668.HK,0.0,2026-07
2026-08-06,104.9,114.65,1.162284016609192,133.25586250424385,-0.21279260793003218,25,0668.HK,0.0,2026-07
2026-08-07,108.7,117.17,1.162284016609192,136.18481822609903,-0.201819986868637,26,0668.HK,0.0,2026-07
2026-08-10,110.1,119.95,1.1625880002975464,139.4524306356907,-0.21048346380115657,27,0668.HK,0.0,2026-07
2026-08-11,110.0,121.01,1.163135051727295,140.75097260951998,-0.2184778693844711,28,0668.HK,0.0,2026-07
2026-08-12,117.7,124.29,1.1633410453796387,144.5916585302353,-0.18598347099402024,29,0668.HK,0.0,2026-07
2026-08-13,115.1,118.42,1.1635710000991821,137.79007783174515,-0.16467134781251747,30,0668.HK,0.0,2026-07
2026-08-14,116.9,115.75,1.1635710000991821,134.68334326148033,-0.13203817807637086,31,0668.HK,0.0,2026-07
2026-08-17,119.3,118.2,1.1637330055236816,137.55324125289917,-0.13269946303438673,32,0668.HK,0.0,2026-07
2026-08-18,120.8,116.29,1.163092017173767,135.25597067713738,-0.1068786139699851,33,0668.HK,0.0,2026-07
2026-08-19,114.8,114.91,1.1649320125579834,133.86233756303787,-0.14240254510766415,34,0668.HK,0.0,2026-07
2026-08-20,119.5,115.58,1.1665550470352173,134.8304323363304,-0.11370157367803368,35,0668.HK,0.0,2026-07
2026-08-21,119.0,118.5,1.1665550470352173,138.23677307367325,-0.1391581461715763,36,0668.HK,0.0,2026-07
2026-08-24,119.6,115.43,1.1652530431747437,134.50515877366067,-0.11081477401727335,37,0668.HK,0.0,2026-07
2026-08-25,126.0,122.1,1.1662189960479736,142.39533941745756,-0.11513957889725357,38,0668.HK,0.0,2026-07
2026-08-26,132.0,124.89,1.165971040725708,145.61812327623366,-0.09351942580938533,39,0668.HK,0.0,2026-07
2026-08-27,126.7,126.2,1.1657999753952026,147.12395689487457,-0.1388214219215721,40,0668.HK,0.0,2026-07
2026-08-28,128.8,124.1,1.1657999753952026,144.67577694654463,-0.10973348325207521,41,0668.HK,0.0,2026-07
2026-08-31,120.1,125.77,1.1652239561080933,146.55021695971487,-0.18048568953661648,42,0668.HK,0.0,2026-07
2026-09-01,126.3,128.4,1.1664259433746338,149.76909112930298,-0.15670183315088004,43,0668.HK,0.0,2026-07
2026-09-02,134.8,129.0,1.1670570373535156,150.55035781860352,-0.10461853460076753,44,0668.HK,0.0,2026-07
2026-09-03,138.0,137.16,1.166767954826355,160.03389268398286,-0.1376826640560006,45,0668.HK,0.0,2026-07
2026-09-04,138.8,135.91,1.166767954826355,158.5754327404499,-0.12470678716556027,46,0668.HK,0.0,2026-07
2026-09-07,137.3,132.24,1.1681150197982788,154.4715302181244,-0.11116307447642304,47,0668.HK,0.0,2026-07
2026-09-08,128.2,127.89,1.168408989906311,149.42782571911812,-0.1420607280937114,48,0668.HK,0.0,2026-07
2026-09-09,126.1,128.2,1.1684629917144775,149.796955537796,-0.1581938394723711,49,0668.HK,0.0,2026-07
2026-09-10,124.0,129.32,1.169165015220642,151.1964197683334,-0.17987476032834893,50,0668.HK,0.0,2026-07
2026-09-11,121.0,127.43,1.169165015220642,148.98669788956644,-0.18784695738616242,51,0668.HK,0.0,2026-07
2026-09-14,122.3,127.84,1.1691210269927979,149.46043209075927,-0.18172322741758307,52,0668.HK,0.0,2026-07
2026-09-15,121.1,127.3,1.1687699556350708,148.7844153523445,-0.18607066665405458,53,0668.HK,0.0,2026-07
2026-09-16,120.1,124.9,1.1693899631500244,146.05680639743807,-0.17771719810719733,54,0668.HK,0.0,2026-07
2026-09-17,119.6,125.44,1.16942298412323,146.69241912841795,-0.1846886109683734,55,0668.HK,0.0,2026-07
2026-09-18,117.3,126.99,1.16942298412323,148.50502475380898,-0.21012773679234453,56,0668.HK,0.0,2026-07
2026-09-21,117.5,128.15,1.1717050075531006,150.15399671792986,-0.21747004696299665,57,0668.HK,0.0,2026-07
2026-09-22,116.5,123.9,1.170611023902893,145.03870586156845,-0.19676613695662104,58,0668.HK,0.0,2026-07
2026-09-23,115.4,124.55,1.16852605342865,145.53991995453833,-0.20709039804304552,59,0668.HK,0.0,2026-07
2026-09-24,119.3,122.6,1.1684240102767944,143.248783659935,-0.16718315540317696,60,0668.HK,0.0,2026-07
2026-09-28,115.0,121.1,1.1688159704208374,141.5436140179634,-0.187529576675884,62,0668.HK,0.0,2026-07
2026-09-29,119.1,124.63,1.1688159704208374,145.66953439354896,-0.18239595879923132,63,0668.HK,0.0,2026-07
2026-09-30,117.9,124.63,1.1686999797821045,145.65507848024367,-0.19055345525771217,64,0668.HK,0.0,2026-07
2026-07-09,28.8,55.57,1.1535500288009644,64.10277510046959,-0.5507214788305004,0,0537.HK,0.0,2026-07
2026-07-10,27.3,54.58,1.1535500288009644,62.960760571956634,-0.5663965976268766,1,0537.HK,0.0,2026-07
2026-07-13,24.66,49.4,1.1558259725570679,57.09780304431915,-0.5681094773320967,2,0537.HK,0.0,2026-07
2026-07-14,25.54,50.7,1.1575560569763184,58.68809208869934,-0.5648180220035157,3,0537.HK,0.0,2026-07
2026-07-15,27.02,49.14,1.1579129695892334,56.89984332561493,-0.5251305026381988,4,0537.HK,0.0,2026-07
2026-07-16,25.6,46.06,1.157472014427185,53.313160984516145,-0.5198183801662959,5,0537.HK,0.0,2026-07
2026-07-17,23.96,41.49,1.157472014427185,48.02351387858391,-0.5010777416126361,6,0537.HK,0.0,2026-07
2026-07-20,23.92,38.52,1.1575069427490234,44.58716743469239,-0.4635227717697912,7,0537.HK,0.0,2026-07
2026-07-21,25.7,42.19,1.1589380502700806,48.8955963408947,-0.4743902943565217,8,0537.HK,0.0,2026-07
2026-07-22,26.2,41.36,1.157410979270935,47.870518102645875,-0.452690277054848,9,0537.HK,0.0,2026-07
2026-07-23,28.16,41.21,1.15762197971344,47.70560178399086,-0.4097129278966566,10,0537.HK,0.0,2026-07
2026-07-24,26.68,40.34,1.15762197971344,46.69847066164017,-0.4286750803187239,11,0537.HK,0.0,2026-07
2026-07-27,27.08,42.74,1.1586990356445312,49.52279678344727,-0.4531811254841862,12,0537.HK,0.0,2026-07
2026-07-28,24.64,39.83,1.1579099893569946,46.1195548760891,-0.46573638739139855,13,0537.HK,0.0,2026-07
2026-07-29,24.0,39.45,1.1589430570602417,45.72030360102654,-0.47506910257128876,14,0537.HK,0.0,2026-07
2026-07-30,22.68,37.19,1.1609450578689575,43.17554670214653,-0.4747026561942195,15,0537.HK,0.0,2026-07
2026-07-31,23.68,38.75,1.1609450578689575,44.986620992422104,-0.47362127944686394,16,0537.HK,0.0,2026-07
2026-08-03,23.3,37.11,1.1610649824142456,43.08712149739265,-0.4592351684154634,17,0537.HK,0.0,2026-07
2026-08-04,24.52,40.44,1.1611469984054565,46.95678461551666,-0.4778177381443304,18,0537.HK,0.0,2026-07
2026-08-05,25.72,43.01,1.1619360446929932,49.974869282245635,-0.4853413251620563,19,0537.HK,0.0,2026-07
2026-08-06,25.22,43.79,1.162284016609192,50.896417087316514,-0.5044837840602169,20,0537.HK,0.0,2026-07
2026-08-07,25.26,44.33,1.162284016609192,51.52405045628547,-0.5097435124703301,21,0537.HK,0.0,2026-07
2026-08-10,24.9,43.56,1.1625880002975464,50.642333292961126,-0.5083164937137504,22,0537.HK,0.0,2026-07
2026-08-11,24.46,43.3,1.163135051727295,50.36374773979187,-0.5143332039868349,23,0537.HK,0.0,2026-07
2026-08-12,24.9,44.15,1.1633410453796387,51.36150715351105,-0.5152011422566316,24,0537.HK,0.0,2026-07
2026-08-13,25.06,43.26,1.1635710000991821,50.336081464290615,-0.5021463874223494,25,0537.HK,0.0,2026-07
2026-08-14,25.3,44.44,1.1635710000991821,51.70909524440765,-0.5107243729479835,26,0537.HK,0.0,2026-07
2026-08-17,27.3,46.54,1.1637330055236816,54.160134077072144,-0.49593920943491476,27,0537.HK,0.0,2026-07
2026-08-18,27.78,48.38,1.163092017173767,56.27039179086685,-0.5063123053550709,28,0537.HK,0.0,2026-07
2026-08-19,25.16,43.79,1.1649320125579834,51.01237282991409,-0.5067863225282875,29,0537.HK,0.0,2026-07
2026-08-20,25.36,45.03,1.1665550470352173,52.529973767995834,-0.5172280094407602,30,0537.HK,0.0,2026-07
2026-08-21,25.4,44.82,1.1665550470352173,52.28499720811844,-0.51420098773466,31,0537.HK,0.0,2026-07
2026-08-24,24.02,42.95,1.1652530431747437,50.047618204355246,-0.5200570804004869,32,0537.HK,0.0,2026-07
2026-08-25,24.3,43.63,1.1662189960479736,50.882134797573094,-0.5224256982008737,33,0537.HK,0.0,2026-07
2026-08-26,23.72,42.44,1.165971040725708,49.48381096839905,-0.5206513092706648,34,0537.HK,0.0,2026-07
2026-08-27,24.18,43.53,1.1657999753952026,50.74727292895317,-0.5235211942550626,35,0537.HK,0.0,2026-07
2026-08-28,24.18,42.64,1.1657999753952026,49.70971095085144,-0.5135759283753019,36,0537.HK,0.0,2026-07
2026-08-31,23.96,43.81,1.1652239561080933,51.04846151709557,-0.5306420744535845,37,0537.HK,0.0,2026-07
2026-09-01,23.0,41.98,1.1664259433746338,48.966561102867125,-0.5302917035222781,38,0537.HK,0.0,2026-07
2026-09-02,22.28,41.23,1.1670570373535156,48.11776165008545,-0.5369693178576931,39,0537.HK,0.0,2026-07
2026-09-03,21.94,41.05,1.166767954826355,47.89582454562187,-0.5419224909866277,40,0537.HK,0.0,2026-07
2026-09-04,22.06,40.15,1.166767954826355,46.84573338627815,-0.5290926535806627,41,0537.HK,0.0,2026-07
2026-09-07,22.52,42.61,1.1681150197982788,49.77338099360466,-0.5475493215360722,42,0537.HK,0.0,2026-07
2026-09-08,21.98,42.31,1.168408989906311,49.43538436293602,-0.5553792029079596,43,0537.HK,0.0,2026-07
2026-09-09,22.06,42.02,1.1684629917144775,49.09881491184235,-0.5507019866037692,44,0537.HK,0.0,2026-07
2026-09-10,22.18,41.08,1.169165015220642,48.02929882526397,-0.538198546668496,45,0537.HK,0.0,2026-07
2026-09-11,21.2,40.2,1.169165015220642,47.000433611869816,-0.5489403315920471,46,0537.HK,0.0,2026-07
2026-09-14,20.52,41.5,1.1691210269927979,48.51852262020111,-0.5770687380440492,47,0537.HK,0.0,2026-07
2026-09-15,20.44,40.97,1.1687699556350708,47.88450508236885,-0.5731395789757041,48,0537.HK,0.0,2026-07
2026-09-16,20.68,42.43,1.1693899631500244,49.61721613645553,-0.5832091840234126,49,0537.HK,0.0,2026-07
2026-09-17,20.44,41.84,1.16942298412323,48.928657655715945,-0.5822489113879836,50,0537.HK,0.0,2026-07
2026-09-18,21.4,44.09,1.16942298412323,51.55985936999321,-0.5849484412586594,51,0537.HK,0.0,2026-07
2026-09-21,23.1,47.65,1.1717050075531006,55.83174360990524,-0.5862568763497872,52,0537.HK,0.0,2026-07
2026-09-22,23.28,47.65,1.170611023902893,55.779615288972856,-0.582643231234292,53,0537.HK,0.0,2026-07
2026-09-23,28.02,57.18,1.16852605342865,66.8163197350502,-0.5806413745757177,54,0537.HK,0.0,2026-07
2026-09-24,27.4,58.61,1.1684240102767944,68.48133124232292,-0.5998909556380496,55,0537.HK,0.0,2026-07
2026-09-28,25.6,51.62,1.1688159704208374,60.33428039312362,-0.5756972680672319,57,0537.HK,0.0,2026-07
2026-09-29,25.4,49.74,1.1688159704208374,58.136906368732454,-0.5631002475621788,58,0537.HK,0.0,2026-07
2026-09-30,25.08,47.8,1.1686999797821045,55.86385903358459,-0.551051423337542,59,0537.HK,0.0,2026-07
2026-07-09,373.2,484.08,1.1535500288009644,558.4104979419708,-0.331674455664008,0,1377.HK,0.0,2026-07
2026-07-10,386.0,466.94,1.1535500288009644,538.6386504483223,-0.28337856988405374,1,1377.HK,0.0,2026-07
2026-07-13,398.4,437.7,1.1558259725570679,505.9050281882286,-0.21250041450117774,2,1377.HK,0.0,2026-07
2026-07-14,443.0,495.85,1.1575560569763184,573.9741708517075,-0.22818826613287813,3,1377.HK,0.0,2026-07
2026-07-15,416.6,467.88,1.1579129695892334,541.7643202114106,-0.23103094010061087,4,1377.HK,0.0,2026-07
2026-07-16,417.8,463.19,1.157472014427185,536.1294623625279,-0.22071061314387175,5,1377.HK,0.0,2026-07
2026-07-17,350.0,425.0,1.157472014427185,491.92560613155365,-0.2885103039210345,6,1377.HK,0.0,2026-07
2026-07-20,330.8,372.0,1.1575069427490234,430.5925827026367,-0.23175639040571339,7,1377.HK,0.0,2026-07
2026-07-21,363.0,416.5,1.1589380502700806,482.69769793748856,-0.24797652536762238,8,1377.HK,0.0,2026-07
2026-07-22,350.0,401.38,1.157410979270935,464.5616188597679,-0.24660155770283165,9,1377.HK,0.0,2026-07
2026-07-23,350.0,402.1,1.15762197971344,465.47979804277423,-0.24808766895649992,10,1377.HK,0.0,2026-07
2026-07-24,337.2,396.6,1.15762197971344,459.1128771543503,-0.26554009530289024,11,1377.HK,0.0,2026-07
2026-07-27,362.0,414.38,1.1586990356445312,480.1417063903809,-0.24605591394788218,12,1377.HK,0.0,2026-07
2026-07-28,312.2,372.81,1.1579099893569946,431.68042313218115,-0.276779804525896,13,1377.HK,0.0,2026-07
2026-07-29,286.0,361.28,1.1589430570602417,418.7029476547241,-0.3169381739441567,14,1377.HK,0.0,2026-07
2026-07-30,269.4,333.0,1.1609450578689575,386.59470427036285,-0.30314617084977813,15,1377.HK,0.0,2026-07
2026-07-31,302.2,350.1,1.1609450578689575,406.44686475992205,-0.25648337777558716,16,1377.HK,0.0,2026-07
2026-08-03,304.4,335.0,1.1610649824142456,388.9567691087723,-0.21739374610324858,17,1377.HK,0.0,2026-07
2026-08-04,340.0,375.71,1.1611469984054565,436.25453877091405,-0.22063848101637573,18,1377.HK,0.0,2026-07
2026-08-05,366.0,416.07,1.1619360446929932,483.4467301154137,-0.24293623847114554,19,1377.HK,0.0,2026-07
2026-08-06,374.0,428.0,1.162284016609192,497.45755910873413,-0.24817706927587124,20,1377.HK,0.0,2026-07
2026-08-07,390.0,451.84,1.162284016609192,525.1664100646973,-0.25737824711227364,21,1377.HK,0.0,2026-07
2026-08-10,362.4,437.45,1.1625880002975464,508.57412073016167,-0.2874195024322098,22,1377.HK,0.0,2026-07
2026-08-11,352.2,429.01,1.163135051727295,498.99656854152676,-0.2941835230863121,23,1377.HK,0.0,2026-07
2026-08-12,356.0,449.57,1.1633410453796387,523.0032337713242,-0.31931587223100033,24,1377.HK,0.0,2026-07
2026-08-13,351.0,445.0,1.1635710000991821,517.789095044136,-0.32211782102116127,25,1377.HK,0.0,2026-07
2026-08-14,367.6,447.8,1.1635710000991821,521.0470938444138,-0.29449755244241616,26,1377.HK,0.0,2026-07
2026-08-17,370.8,462.9,1.1637330055236816,538.6920082569122,-0.311666046058811,27,1377.HK,0.0,2026-07
2026-08-18,360.8,471.0,1.163092017173767,547.8163400888443,-0.34138510738565075,28,1377.HK,0.0,2026-07
2026-08-19,337.2,429.93,1.1649320125579834,500.8392201590538,-0.32673004344006074,29,1377.HK,0.0,2026-07
2026-08-20,331.4,412.0,1.1665550470352173,480.6206793785095,-0.3104749457960626,30,1377.HK,0.0,2026-07
2026-08-21,347.0,416.5,1.1665550470352173,485.870177090168,-0.2858174542052545,31,1377.HK,0.0,2026-07
2026-08-24,348.0,393.01,1.1652530431747437,457.956098498106,-0.24010183259642892,32,1377.HK,0.0,2026-07
2026-08-25,352.8,392.6,1.1662189960479736,457.85757784843446,-0.2294547102226009,33,1377.HK,0.0,2026-07
2026-08-26,354.2,394.6,1.165971040725708,460.0921726703644,-0.23015425812564616,34,1377.HK,0.0,2026-07
2026-08-27,355.6,416.97,1.1657999753952026,486.1036157405377,-0.2684687204840607,35,1377.HK,0.0,2026-07
2026-08-28,342.4,406.38,1.1657999753952026,473.75779400110247,-0.2772678268609061,36,1377.HK,0.0,2026-07
2026-08-31,348.4,419.86,1.1652239561080933,489.23093021154403,-0.28786186954828996,37,1377.HK,0.0,2026-07
2026-09-01,333.0,388.13,1.1664259433746338,452.7249014019966,-0.2644539786330131,38,1377.HK,0.0,2026-07
2026-09-02,320.0,387.9,1.1670570373535156,452.7014247894287,-0.29313233297455155,39,1377.HK,0.0,2026-07
2026-09-03,313.0,390.0,1.166767954826355,455.03950238227844,-0.3121476303456202,40,1377.HK,0.0,2026-07
2026-09-04,320.0,376.21,1.166767954826355,438.949772285223,-0.2709872058161844,41,1377.HK,0.0,2026-07
2026-09-07,347.2,396.76,1.1681150197982788,463.46131525516506,-0.2508544109903883,42,1377.HK,0.0,2026-07
2026-09-08,336.4,399.0,1.168408989906311,466.1951869726181,-0.27841382879879806,43,1377.HK,0.0,2026-07
2026-09-09,328.0,392.0,1.1684629917144775,458.0374927520752,-0.28390141595343465,44,1377.HK,0.0,2026-07
2026-09-10,319.2,391.31,1.169165015220642,457.50596210598945,-0.3023041742873471,45,1377.HK,0.0,2026-07
2026-09-11,317.4,390.3,1.169165015220642,456.3251054406166,-0.3044432659616083,46,1377.HK,0.0,2026-07
2026-09-14,291.0,384.99,1.1691210269927979,450.09990418195724,-0.353476867477047,47,1377.HK,0.0,2026-07
2026-09-15,304.0,402.4,1.1687699556350708,470.31303014755247,-0.3536219910712971,48,1377.HK,0.0,2026-07
2026-09-16,293.8,408.88,1.1693899631500244,478.140168132782,-0.3855358332529589,49,1377.HK,0.0,2026-07
2026-09-17,277.0,399.2,1.16942298412323,466.8336552619934,-0.4066408947218173,50,1377.HK,0.0,2026-07
2026-09-18,291.0,408.89,1.16942298412323,478.16536397814747,-0.3914239258590487,51,1377.HK,0.0,2026-07
2026-09-21,287.0,399.85,1.1717050075531006,468.5062472701073,-0.3874147854542135,52,1377.HK,0.0,2026-07
2026-09-22,274.4,398.0,1.170611023902893,465.90318751335144,-0.4110364398566463,53,1377.HK,0.0,2026-07
2026-09-23,272.6,392.36,1.16852605342865,458.4828823232651,-0.4054303649927842,54,1377.HK,0.0,2026-07
2026-09-24,278.6,378.99,1.1684240102767944,442.82101565480235,-0.37085190144367386,55,1377.HK,0.0,2026-07
2026-09-28,266.0,350.31,1.1688159704208374,409.44792259812357,-0.3503447317253062,57,1377.HK,0.0,2026-07
2026-09-29,277.0,348.72,1.1688159704208374,407.58950520515447,-0.32039467046489356,58,1377.HK,0.0,2026-07
2026-09-30,259.4,341.0,1.1686999797821045,398.52669310569763,-0.34910257082528307,59,1377.HK,0.0,2026-07
2026-07-09,62.3,64.46,1.1535500288009644,74.35783485651015,-0.16215957443863727,0,2475.HK,0.0,2026-07
2026-07-10,63.0,62.14,1.1535500288009644,71.68159878969193,-0.12111335316561578,1,2475.HK,0.0,2026-07
2026-07-13,61.4,58.98,1.1558259725570679,68.17061586141585,-0.09931868409667666,2,2475.HK,0.0,2026-07
2026-07-14,63.2,61.67,1.1575560569763184,71.38648203372955,-0.11467832284915647,3,2475.HK,0.0,2026-07
2026-07-15,63.0,60.47,1.1579129695892334,70.01899727106094,-0.1002441843588342,4,2475.HK,0.0,2026-07
2026-07-16,60.0,61.58,1.157472014427185,71.27712664842605,-0.15821522525803267,5,2475.HK,0.0,2026-07
2026-07-17,53.45,58.05,1.157472014427185,67.19125043749808,-0.20450952092758445,6,2475.HK,0.0,2026-07
2026-07-20,52.2,56.8,1.1575069427490234,65.74639434814453,-0.2060401103733962,7,2475.HK,0.0,2026-07
2026-07-21,57.95,60.42,1.1589380502700806,70.02303699731827,-0.17241521526380865,8,2475.HK,0.0,2026-07
2026-07-22,56.5,59.16,1.157410979270935,68.47243353366851,-0.17485041666850576,9,2475.HK,0.0,2026-07
2026-07-23,59.05,61.19,1.15762197971344,70.83488893866539,-0.16637124890348465,10,2475.HK,0.0,2026-07
2026-07-24,62.0,60.59,1.15762197971344,70.14031575083733,-0.1160575863352904,11,2475.HK,0.0,2026-07
2026-07-27,63.25,62.89,1.1586990356445312,72.87058235168458,-0.13202285533075853,12,2475.HK,0.0,2026-07
2026-07-28,57.2,60.1,1.1579099893569946,69.59039036035539,-0.1780474329314009,13,2475.HK,0.0,2026-07
2026-07-29,59.15,62.35,1.1589430570602417,72.26009960770607,-0.18142930440007254,14,2475.HK,0.0,2026-07
2026-07-30,58.0,58.35,1.1609450578689575,67.74114412665368,-0.14379952172701627,15,2475.HK,0.0,2026-07
2026-07-31,55.7,57.48,1.1609450578689575,66.73112192630768,-0.16530700530540354,16,2475.HK,0.0,2026-07
2026-08-03,54.5,53.71,1.1610649824142456,62.36080020546913,-0.12605354933819035,17,2475.HK,0.0,2026-07
2026-08-04,57.9,55.48,1.1611469984054565,64.42043547153473,-0.10121687976505367,18,2475.HK,0.0,2026-07
2026-08-05,58.55,55.87,1.1619360446929932,64.91736681699753,-0.09808418192541879,19,2475.HK,0.0,2026-07
2026-08-06,61.0,55.9,1.162284016609192,64.97167652845383,-0.06112935267592279,20,2475.HK,0.0,2026-07
2026-08-07,63.35,56.99,1.162284016609192,66.23856610655785,-0.04360852410227334,21,2475.HK,0.0,2026-07
2026-08-10,62.1,55.79,1.1625880002975464,64.86078453660011,-0.042564772478850155,22,2475.HK,0.0,2026-07
2026-08-11,61.6,55.63,1.163135051727295,64.70520292758943,-0.047990003695134176,23,2475.HK,0.0,2026-07
2026-08-12,63.65,57.35,1.1633410453796387,66.71760895252228,-0.045979000157293726,24,2475.HK,0.0,2026-07
2026-08-13,60.5,56.06,1.1635710000991821,65.22979026556015,-0.07250966538914927,25,2475.HK,0.0,2026-07
2026-08-14,60.4,56.58,1.1635710000991821,65.83484718561172,-0.08255274247525735,26,2475.HK,0.0,2026-07
2026-08-17,63.4,58.84,1.1637330055236816,68.47405004501343,-0.07410179537617323,27,2475.HK,0.0,2026-07
2026-08-18,61.6,57.74,1.163092017173767,67.15693307161331,-0.08274548609430432,28,2475.HK,0.0,2026-07
2026-08-19,59.0,53.5,1.1649320125579834,62.32386267185211,-0.05333210313604808,29,2475.HK,0.0,2026-07
2026-08-20,59.3,53.34,1.1665550470352173,62.224046208858496,-0.04699222225188915,30,2475.HK,0.0,2026-07
2026-08-21,61.1,54.65,1.1665550470352173,63.75223332047462,-0.041602202500768404,31,2475.HK,0.0,2026-07
2026-08-24,58.85,53.72,1.1652530431747437,62.597393479347225,-0.05986500828638497,32,2475.HK,0.0,2026-07
2026-08-25,59.4,54.86,1.1662189960479736,63.97877412319183,-0.07156708120689148,33,2475.HK,0.0,2026-07
2026-08-26,63.35,57.11,1.165971040725708,66.58860613584518,-0.048636040364596456,34,2475.HK,0.0,2026-07
2026-08-27,64.05,57.18,1.1657999753952026,66.66044259309768,-0.0391602949448161,35,2475.HK,0.0,2026-07
2026-08-28,63.55,56.6,1.1657999753952026,65.98427860736847,-0.036891796936257326,36,2475.HK,0.0,2026-07
2026-08-31,63.0,57.62,1.1652239561080933,67.14020435094834,-0.06166505435859404,37,2475.HK,0.0,2026-07
2026-09-01,63.5,56.92,1.1664259433746338,66.39296469688416,-0.04357336217913965,38,2475.HK,0.0,2026-07
2026-09-02,63.6,57.08,1.1670570373535156,66.61561569213868,-0.04526890070453171,39,2475.HK,0.0,2026-07
2026-09-03,60.25,56.17,1.166767954826355,65.53735602259636,-0.08067698093852538,40,2475.HK,0.0,2026-07
2026-09-04,59.0,54.3,1.166767954826355,63.355499947071074,-0.06874699040666998,41,2475.HK,0.0,2026-07
2026-09-07,61.4,55.93,1.1681150197982788,65.33267305731773,-0.06019458370955555,42,2475.HK,0.0,2026-07
2026-09-08,59.8,55.06,1.168408989906311,64.33259898424149,-0.0704557107253162,43,2475.HK,0.0,2026-07
2026-09-09,61.9,55.86,1.1684629917144775,65.27034271717072,-0.05163666340431339,44,2475.HK,0.0,2026-07
2026-09-10,58.2,54.45,1.169165015220642,63.661035078763966,-0.08578300795780891,45,2475.HK,0.0,2026-07
2026-09-11,59.0,55.39,1.169165015220642,64.76005019307136,-0.0889444985897746,46,2475.HK,0.0,2026-07
2026-09-14,57.0,52.78,1.1691210269927979,61.70620780467987,-0.07626797970759347,47,2475.HK,0.0,2026-07
2026-09-15,56.35,51.63,1.1687699556350708,60.34359280943871,-0.06618089217939382,48,2475.HK,0.0,2026-07
2026-09-16,58.5,52.89,1.1693899631500244,61.84903515100479,-0.054148543187910736,49,2475.HK,0.0,2026-07
2026-09-17,56.7,52.13,1.16942298412323,60.96202016234398,-0.06991271206226557,50,2475.HK,0.0,2026-07
2026-09-18,58.8,54.1,1.16942298412323,63.265783441066745,-0.07058765731126537,51,2475.HK,0.0,2026-07
2026-09-21,59.0,54.44,1.1717050075531006,63.787620611190796,-0.0750556387793977,52,2475.HK,0.0,2026-07
2026-09-22,60.25,54.84,1.170611023902893,64.19630855083466,-0.061472515163542796,53,2475.HK,0.0,2026-07
2026-09-23,59.25,54.37,1.16852605342865,63.53276152491569,-0.06741028442839081,54,2475.HK,0.0,2026-07
2026-09-24,56.75,52.0,1.1684240102767944,60.75804853439331,-0.06596736779859669,55,2475.HK,0.0,2026-07
2026-09-28,52.55,49.92,1.1688159704208374,58.3472932434082,-0.09935839215751718,57,2475.HK,0.0,2026-07
2026-09-29,54.15,50.4,1.1688159704208374,58.9083249092102,-0.08077508427788016,58,2475.HK,0.0,2026-07
2026-09-30,53.55,49.43,1.1686999797821045,57.768840000629424,-0.07302968175548374,59,2475.HK,0.0,2026-07
2026-07-09,105.0,133.81,1.1535500288009644,154.35652935385704,-0.31975666698691374,0,6951.HK,0.0,2026-07
2026-07-10,105.0,127.05,1.1535500288009644,146.55853115916253,-0.2835626887801569,1,6951.HK,0.0,2026-07
2026-07-13,99.0,111.8,1.1558259725570679,129.22134373188018,-0.23387269362084706,2,6951.HK,0.0,2026-07
2026-07-14,107.1,121.88,1.1575560569763184,141.08293222427366,-0.24087202958223475,3,6951.HK,0.0,2026-07
2026-07-15,103.2,114.6,1.1579129695892334,132.69682631492614,-0.22228735331561011,4,6951.HK,0.0,2026-07
2026-07-16,98.0,106.86,1.157472014427185,123.68745946168899,-0.2076803871102667,5,6951.HK,0.0,2026-07
2026-07-17,90.5,99.01,1.157472014427185,114.6013041484356,-0.2103056708431411,6,6951.HK,0.0,2026-07
2026-07-20,90.5,91.02,1.1575069427490234,105.3562819290161,-0.14100992989697125,7,6951.HK,0.0,2026-07
2026-07-21,101.8,107.54,1.1589380502700806,124.63219792604447,-0.1831966241949201,8,6951.HK,0.0,2026-07
2026-07-22,98.0,102.98,1.157410979270935,119.1901826453209,-0.17778463104111009,9,6951.HK,0.0,2026-07
2026-07-23,100.7,105.55,1.15762197971344,122.18699995875359,-0.17585340474851585,10,6951.HK,0.0,2026-07
2026-07-24,101.0,100.84,1.15762197971344,116.73460043430329,-0.134789517210525,11,6951.HK,0.0,2026-07
2026-07-27,103.9,111.57,1.1586990356445312,129.27605140686035,-0.19629352173664627,12,6951.HK,0.0,2026-07
2026-07-28,88.6,100.83,1.1579099893569946,116.75206422686577,-0.24112690780492185,13,6951.HK,0.0,2026-07
2026-07-29,91.7,108.89,1.1589430570602417,126.19730948328971,-0.27336010271960387,14,6951.HK,0.0,2026-07
2026-07-30,92.45,105.3,1.1609450578689575,122.24751459360122,-0.24374740617557644,15,6951.HK,0.0,2026-07
2026-07-31,100.7,111.68,1.1609450578689575,129.6543440628052,-0.2233195059687284,16,6951.HK,0.0,2026-07
2026-08-03,98.5,114.0,1.1610649824142456,132.361407995224,-0.2558253837587299,17,6951.HK,0.0,2026-07
2026-08-04,103.8,120.98,1.1611469984054565,140.47556386709215,-0.26108144973735026,18,6951.HK,0.0,2026-07
2026-08-05,111.0,128.19,1.1619360446929932,148.9485815691948,-0.2547763877265632,19,6951.HK,0.0,2026-07
2026-08-06,103.8,127.0,1.162284016609192,147.61007010936737,-0.2967959440498035,20,6951.HK,0.0,2026-07
2026-08-07,107.0,127.39,1.162284016609192,148.06336087584495,-0.27733640944620774,21,6951.HK,0.0,2026-07
2026-08-10,107.1,126.9,1.1625880002975464,147.53241723775864,-0.274057851113488,22,6951.HK,0.0,2026-07
2026-08-11,117.4,130.05,1.163135051727295,151.2657134771347,-0.22388228435027235,23,6951.HK,0.0,2026-07
2026-08-12,120.0,127.97,1.1633410453796387,148.87275357723237,-0.19394249708865452,24,6951.HK,0.0,2026-07
2026-08-13,130.8,128.4,1.1635710000991821,149.402516412735,-0.12451273820143849,25,6951.HK,0.0,2026-07
2026-08-14,129.4,129.09,1.1635710000991821,150.20538040280343,-0.13851288380622562,26,6951.HK,0.0,2026-07
2026-08-17,127.6,130.15,1.1637330055236816,151.45985066890717,-0.15753251151069114,27,6951.HK,0.0,2026-07
2026-08-18,124.9,123.99,1.163092017173767,144.21177920937538,-0.13391263401124376,28,6951.HK,0.0,2026-07
2026-08-19,112.8,109.6,1.1649320125579834,127.67654857635497,-0.11651747123676581,29,6951.HK,0.0,2026-07
2026-08-20,110.2,111.51,1.1665550470352173,130.08255329489708,-0.1528456567870662,30,6951.HK,0.0,2026-07
2026-08-21,113.7,113.9,1.1665550470352173,132.87061985731125,-0.14428035240520765,31,6951.HK,0.0,2026-07
2026-08-24,105.3,108.94,1.1652530431747437,126.94266652345657,-0.17049166459298715,32,6951.HK,0.0,2026-07
2026-08-25,108.4,109.1,1.1662189960479736,127.23449246883392,-0.14802976852717376,33,6951.HK,0.0,2026-07
2026-08-26,106.6,108.69,1.165971040725708,126.7293924164772,-0.15883759901826855,34,6951.HK,0.0,2026-07
2026-08-27,111.4,112.48,1.1657999753952026,131.1291812324524,-0.1504560697094457,35,6951.HK,0.0,2026-07
2026-08-28,114.0,112.24,1.1657999753952026,130.84938923835753,-0.12876933806442448,36,6951.HK,0.0,2026-07
2026-08-31,114.7,115.0,1.1652239561080933,134.00075495243073,-0.14403467323211983,37,6951.HK,0.0,2026-07
2026-09-01,110.0,109.22,1.1664259433746338,127.3970415353775,-0.13655765727139302,38,6951.HK,0.0,2026-07
2026-09-02,105.6,107.87,1.1670570373535156,125.89044261932374,-0.16117540138197295,39,6951.HK,0.0,2026-07
2026-09-03,110.3,110.91,1.166767954826355,129.40623386979104,-0.14764539001278554,40,6951.HK,0.0,2026-07
2026-09-04,107.9,108.4,1.166767954826355,126.47764630317688,-0.14688481993604463,41,6951.HK,0.0,2026-07
2026-09-07,121.0,114.92,1.1681150197982788,134.2397780752182,-0.09862783047659385,42,6951.HK,0.0,2026-07
2026-09-08,117.6,115.17,1.168408989906311,134.56566336750984,-0.1260772097646874,43,6951.HK,0.0,2026-07
2026-09-09,116.4,117.77,1.1684629917144775,137.609886534214,-0.15413054300383122,44,6951.HK,0.0,2026-07
2026-09-10,119.6,117.7,1.169165015220642,137.61072229146959,-0.13088167834277886,45,6951.HK,0.0,2026-07
2026-09-11,124.4,124.36,1.169165015220642,145.39736129283904,-0.14441363382481942,46,6951.HK,0.0,2026-07
2026-09-14,126.5,125.83,1.1691210269927979,147.11049882650374,-0.14010216123874986,47,6951.HK,0.0,2026-07
2026-09-15,124.9,126.21,1.1687699556350708,147.51045610070227,-0.15328036193764183,48,6951.HK,0.0,2026-07
2026-09-16,128.0,129.88,1.1693899631500244,151.88036841392517,-0.15723143592095534,49,6951.HK,0.0,2026-07
2026-09-17,124.6,128.01,1.16942298412323,149.69783619761466,-0.16765663976921652,50,6951.HK,0.0,2026-07
2026-09-18,139.2,130.96,1.16942298412323,153.1476340007782,-0.09107312752025498,51,6951.HK,0.0,2026-07
2026-09-21,133.9,129.84,1.1717050075531006,152.1341781806946,-0.11985589562285781,52,6951.HK,0.0,2026-07
2026-09-22,133.0,129.48,1.170611023902893,151.5707153749466,-0.12252179010310438,53,6951.HK,0.0,2026-07
2026-09-23,137.5,130.4,1.16852605342865,152.37579736709594,-0.09762572287814142,54,6951.HK,0.0,2026-07
2026-09-24,133.6,123.31,1.1684240102767944,144.07836470723151,-0.07272684367652038,55,6951.HK,0.0,2026-07
2026-09-28,123.0,115.54,1.1688159704208374,135.04499722242355,-0.08919247265846542,57,6951.HK,0.0,2026-07
2026-09-29,130.5,118.63,1.1688159704208374,138.65663857102393,-0.05882616696239806,58,6951.HK,0.0,2026-07
2026-09-30,127.8,117.33,1.1686999797821045,137.12356862783432,-0.06799391761119722,59,6951.HK,0.0,2026-07
2026-07-10,32.3,54.12,1.1535500288009644,62.430127558708186,-0.4826215921211173,0,2249.HK,0.0,2026-07
2026-07-13,30.0,51.09,1.1558259725570679,59.0511489379406,-0.4919658543557164,1,2249.HK,0.0,2026-07
2026-07-14,29.52,51.3,1.1575560569763184,59.38262572288513,-0.5028848987284936,2,2249.HK,0.0,2026-07
2026-07-15,30.54,50.34,1.1579129695892334,58.289338889122014,-0.47606199380485015,3,2249.HK,0.0,2026-07
2026-07-16,30.92,48.72,1.157472014427185,56.392036542892455,-0.451695631235416,4,2249.HK,0.0,2026-07
2026-07-17,29.18,45.1,1.157472014427185,52.20198785066605,-0.44101745543723214,5,2249.HK,0.0,2026-07
2026-07-20,29.6,43.4,1.1575069427490234,50.23580131530762,-0.41077878276064395,6,2249.HK,0.0,2026-07
2026-07-21,31.8,49.8,1.1589380502700806,57.71511490345001,-0.44901781702770016,7,2249.HK,0.0,2026-07
2026-07-22,32.1,48.5,1.157410979270935,56.13443249464035,-0.4281584657854184,8,2249.HK,0.0,2026-07
2026-07-23,33.78,45.42,1.15762197971344,52.579190318584445,-0.35754050613327437,9,2249.HK,0.0,2026-07
2026-07-24,34.46,46.79,1.15762197971344,54.16513243079186,-0.36379736458633416,10,2249.HK,0.0,2026-07
2026-07-27,32.38,44.38,1.1586990356445312,51.4230632019043,-0.37032144754066487,11,2249.HK,0.0,2026-07
2026-07-28,29.28,40.99,1.1579099893569946,47.46273046374321,-0.3830949101765859,12,2249.HK,0.0,2026-07
2026-07-29,29.5,39.69,1.1589430570602417,45.99844993472099,-0.35867404136736947,13,2249.HK,0.0,2026-07
2026-07-30,27.96,35.92,1.1609450578689575,41.70114647865296,-0.32951483685675464,14,2249.HK,0.0,2026-07
2026-07-31,28.58,37.25,1.1609450578689575,43.24520340561867,-0.33911745698283113,15,2249.HK,0.0,2026-07
2026-08-03,28.26,34.59,1.1610649824142456,40.16123774170876,-0.2963364281312708,16,2249.HK,0.0,2026-07
2026-08-04,31.54,36.62,1.1611469984054565,42.521203081607815,-0.2582524078759578,17,2249.HK,0.0,2026-07
2026-08-05,32.38,39.2,1.1619360446929932,45.54789295196534,-0.2890999363209217,18,2249.HK,0.0,2026-07
2026-08-06,31.8,39.69,1.162284016609192,46.13105261921882,-0.3106595623887478,19,2249.HK,0.0,2026-07
2026-08-07,32.78,40.95,1.162284016609192,47.59553048014641,-0.3112798687331877,20,2249.HK,0.0,2026-07
2026-08-10,32.26,40.18,1.1625880002975464,46.71278585195542,-0.3093967869473667,21,2249.HK,0.0,2026-07
2026-08-11,32.08,39.7,1.163135051727295,46.17646155357361,-0.30527374942358876,22,2249.HK,0.0,2026-07
2026-08-12,33.04,40.21,1.1633410453796387,46.77794343471527,-0.2936842115320517,23,2249.HK,0.0,2026-07
2026-08-13,34.0,39.59,1.1635710000991821,46.06577589392663,-0.2619249466612673,24,2249.HK,0.0,2026-07
2026-08-14,34.62,40.09,1.1635710000991821,46.64756139397622,-0.2578390174010122,25,2249.HK,0.0,2026-07
2026-08-17,36.7,43.6,1.1637330055236816,50.73875904083252,-0.27668707919195823,26,2249.HK,0.0,2026-07
2026-08-18,35.0,43.86,1.163092017173767,51.01321587324142,-0.3139032817109856,27,2249.HK,0.0,2026-07
2026-08-19,31.02,39.75,1.1649320125579834,46.30604749917984,-0.33010909642958797,28,2249.HK,0.0,2026-07
2026-08-20,30.5,39.39,1.1665550470352173,45.95060330271721,-0.33624375290418806,29,2249.HK,0.0,2026-07
2026-08-21,30.88,39.12,1.1665550470352173,45.6356334400177,-0.32333578670299656,30,2249.HK,0.0,2026-07
2026-08-24,29.0,38.46,1.1652530431747437,44.81563204050064,-0.3529043621700523,31,2249.HK,0.0,2026-07
2026-08-25,30.42,37.37,1.1662189960479736,43.58160388231277,-0.30199907093493394,32,2249.HK,0.0,2026-07
2026-08-26,29.92,38.3,1.165971040725708,44.656690859794615,-0.32999961654262155,33,2249.HK,0.0,2026-07
2026-08-27,31.56,41.03,1.1657999753952026,47.832772990465166,-0.340201330031795,34,2249.HK,0.0,2026-07
2026-08-28,29.88,39.1,1.1657999753952026,45.58277903795243,-0.3444892867299342,35,2249.HK,0.0,2026-07
2026-08-31,29.9,38.77,1.1652239561080933,45.17573277831078,-0.33814023235157753,36,2249.HK,0.0,2026-07
2026-09-01,28.9,37.25,1.1664259433746338,43.44936639070511,-0.3348579645529095,37,2249.HK,0.0,2026-07
2026-09-02,28.52,36.02,1.1670570373535156,42.037394485473634,-0.32155642971984577,38,2249.HK,0.0,2026-07
2026-09-03,28.3,36.34,1.166767954826355,42.40034747838975,-0.33255263970599047,39,2249.HK,0.0,2026-07
2026-09-04,27.3,35.07,1.166767954826355,40.91855217576027,-0.33282096876897216,40,2249.HK,0.0,2026-07
2026-09-07,27.5,35.98,1.1681150197982788,42.02877841234207,-0.34568643108778974,41,2249.HK,0.0,2026-07
2026-09-08,27.18,35.6,1.168408989906311,41.59536004066467,-0.34656173252429723,42,2249.HK,0.0,2026-07
2026-09-09,27.64,35.5,1.1684629917144775,41.48043620586395,-0.3336617806325618,43,2249.HK,0.0,2026-07
2026-09-10,28.52,35.5,1.169165015220642,41.505358040332794,-0.31285980060006435,44,2249.HK,0.0,2026-07
2026-09-11,28.0,34.99,1.169165015220642,40.90908388257027,-0.3155554379957728,45,2249.HK,0.0,2026-07
2026-09-14,26.0,34.21,1.1691210269927979,39.99563033342361,-0.3499289851603544,46,2249.HK,0.0,2026-07
2026-09-15,26.66,34.3,1.1687699556350708,40.088809478282926,-0.33497650973041826,47,2249.HK,0.0,2026-07
2026-09-16,27.24,35.67,1.1693899631500244,41.71213998556137,-0.3469527094647,48,2249.HK,0.0,2026-07
2026-09-17,26.76,35.01,1.16942298412323,40.94149867415428,-0.34638445424341135,49,2249.HK,0.0,2026-07
2026-09-18,28.74,36.75,1.16942298412323,42.9762946665287,-0.33125923900592524,50,2249.HK,0.0,2026-07
2026-09-21,28.26,36.55,1.1717050075531006,42.825818026065825,-0.34011768361786754,51,2249.HK,0.0,2026-07
2026-09-22,27.84,36.61,1.170611023902893,42.85606958508492,-0.35038373165025194,52,2249.HK,0.0,2026-07
2026-09-23,27.98,36.36,1.16852605342865,42.48760730266571,-0.34145503180066084,53,2249.HK,0.0,2026-07
2026-09-24,27.4,34.82,1.1684240102767944,40.68452403783798,-0.32652524152630924,54,2249.HK,0.0,2026-07
2026-09-28,26.08,33.21,1.1688159704208374,38.81637837767601,-0.32811866820117686,56,2249.HK,0.0,2026-07
2026-09-29,26.3,34.08,1.1688159704208374,39.83324827194214,-0.33974754405039886,57,2249.HK,0.0,2026-07
2026-09-30,26.68,32.81,1.1686999797821045,38.34504633665085,-0.30421260243728543,58,2249.HK,0.0,2026-07
2026-07-10,2.83,5.44,1.1535500288009644,6.275312156677247,-0.5490264182334359,0,6745.HK,0.0,2026-07
2026-07-13,2.88,5.1,1.1558259725570679,5.894712460041045,-0.5114265505700433,1,6745.HK,0.0,2026-07
2026-07-14,2.96,5.18,1.1575560569763184,5.996140375137329,-0.5063491154620929,2,6745.HK,0.0,2026-07
2026-07-15,2.87,5.1,1.1579129695892334,5.90535614490509,-0.5140005226482194,3,6745.HK,0.0,2026-07
2026-07-16,3.04,5.07,1.157472014427185,5.868383113145828,-0.4819697450921254,4,6745.HK,0.0,2026-07
2026-07-17,3.02,5.19,1.157472014427185,6.007279754877091,-0.4972766171663352,5,6745.HK,0.0,2026-07
2026-07-20,3.1,5.56,1.1575069427490234,6.4357386016845695,-0.518314805516096,6,6745.HK,0.0,2026-07
2026-07-21,3.22,5.9,1.1589380502700806,6.837734496593476,-0.5290837920653123,7,6745.HK,0.0,2026-07
2026-07-22,3.01,5.65,1.157410979270935,6.539372032880784,-0.5397111550061164,8,6745.HK,0.0,2026-07
2026-07-23,3.72,6.22,1.15762197971344,7.2004087138175965,-0.4833626606693431,9,6745.HK,0.0,2026-07
2026-07-24,3.31,6.54,1.15762197971344,7.570847747325897,-0.5627966496659338,10,6745.HK,0.0,2026-07
2026-07-27,3.51,7.06,1.1586990356445312,8.18041519165039,-0.5709264239322966,11,6745.HK,0.0,2026-07
2026-07-28,3.26,6.5,1.1579099893569946,7.526414930820465,-0.5668588524597031,12,6745.HK,0.0,2026-07
2026-07-29,3.3,6.57,1.1589430570602417,7.614255884885789,-0.5666024297199597,13,6745.HK,0.0,2026-07
2026-07-30,3.18,6.29,1.1609450578689575,7.302344413995743,-0.5645234160819391,14,6745.HK,0.0,2026-07
2026-07-31,3.18,6.29,1.1609450578689575,7.302344413995743,-0.5645234160819391,15,6745.HK,0.0,2026-07
2026-08-03,3.14,6.15,1.1610649824142456,7.140549641847611,-0.5602579412657751,16,6745.HK,0.0,2026-07
2026-08-04,3.225,6.46,1.1611469984054565,7.501009609699249,-0.5700578764984003,17,6745.HK,0.0,2026-07
2026-08-05,3.22,6.62,1.1619360446929932,7.692016615867614,-0.5813841596028841,18,6745.HK,0.0,2026-07
2026-08-06,3.46,7.28,1.162284016609192,8.461427640914918,-0.5910855535454445,19,6745.HK,0.0,2026-07
2026-08-07,3.365,7.29,1.162284016609192,8.473050481081009,-0.6028584973601282,20,6745.HK,0.0,2026-07
2026-08-10,3.37,7.43,1.1625880002975464,8.638028842210769,-0.6098646969627968,21,6745.HK,0.0,2026-07
2026-08-11,3.17,7.11,1.163135051727295,8.269890217781068,-0.6166817313748383,22,6745.HK,0.0,2026-07
2026-08-12,3.175,7.15,1.1633410453796387,8.317888474464416,-0.6182925498764353,23,6745.HK,0.0,2026-07
2026-08-13,3.135,7.12,1.1635710000991821,8.284625520706177,-0.6215882067132017,24,6745.HK,0.0,2026-07
2026-08-14,3.13,7.07,1.1635710000991821,8.226446970701218,-0.619519822938432,25,6745.HK,0.0,2026-07
2026-08-17,3.165,6.98,1.1637330055236816,8.122856378555298,-0.6103587392784956,26,6745.HK,0.0,2026-07
2026-08-18,3.08,6.85,1.163092017173767,7.967180317640304,-0.6134140464750739,27,6745.HK,0.0,2026-07
2026-08-19,3.02,6.47,1.1649320125579834,7.537110121250152,-0.5993159246160671,28,6745.HK,0.0,2026-07
2026-08-20,3.05,6.44,1.1665550470352173,7.5126145029068,-0.5940161712250926,29,6745.HK,0.0,2026-07
2026-08-21,3.08,6.47,1.1665550470352173,7.547611154317855,-0.5919238634547321,30,6745.HK,0.0,2026-07
2026-08-24,3.06,6.33,1.1652530431747437,7.376051763296127,-0.5851439092080637,31,6745.HK,0.0,2026-07
2026-08-25,3.035,6.23,1.1662189960479736,7.265544345378876,-0.5822749327887098,32,6745.HK,0.0,2026-07
2026-08-26,3.12,6.29,1.165971040725708,7.3339578461647035,-0.5745816835269096,33,6745.HK,0.0,2026-07
2026-08-27,3.165,6.48,1.1657999753952026,7.554383840560914,-0.5810379685757405,34,6745.HK,0.0,2026-07
2026-08-28,3.295,6.81,1.1657999753952026,7.9390978324413295,-0.5849654369372138,35,6745.HK,0.0,2026-07
2026-08-31,3.245,6.66,1.1652239561080933,7.760391547679902,-0.5818509955248139,36,6745.HK,0.0,2026-07
2026-09-01,3.185,6.5,1.1664259433746338,7.58176863193512,-0.5799133217301724,37,6745.HK,0.0,2026-07
2026-09-02,3.12,6.14,1.1670570373535156,7.165730209350586,-0.5645942689931723,38,6745.HK,0.0,2026-07
2026-09-03,3.145,6.16,1.166767954826355,7.187290601730347,-0.5624220343556391,39,6745.HK,0.0,2026-07
2026-09-04,3.08,6.01,1.166767954826355,7.012275408506393,-0.5607702463791226,40,6745.HK,0.0,2026-07
2026-09-07,3.05,6.0,1.1681150197982788,7.008690118789673,-0.5648259591584421,41,6745.HK,0.0,2026-07
2026-09-08,3.18,6.18,1.168408989906311,7.220767557621002,-0.5596036052090143,42,6745.HK,0.0,2026-07
2026-09-09,3.13,6.1,1.1684629917144775,7.127624249458313,-0.5608634952610086,43,6745.HK,0.0,2026-07
2026-09-10,3.12,6.0,1.169165015220642,7.0149900913238525,-0.5552381458301958,44,6745.HK,0.0,2026-07
2026-09-11,3.085,5.89,1.169165015220642,6.886381939649581,-0.5520143920223829,45,6745.HK,0.0,2026-07
2026-09-14,3.065,5.88,1.1691210269927979,6.874431638717652,-0.5541449590192242,46,6745.HK,0.0,2026-07
2026-09-15,3.02,5.81,1.1687699556350708,6.790553442239761,-0.5552645265679701,47,6745.HK,0.0,2026-07
2026-09-16,3.08,5.97,1.1693899631500244,6.981258080005645,-0.5588187738222808,48,6745.HK,0.0,2026-07
2026-09-17,3.025,5.83,1.16942298412323,6.817735997438431,-0.5563043213851993,49,6745.HK,0.0,2026-07
2026-09-18,3.075,6.0,1.16942298412323,7.01653790473938,-0.5617496774409263,50,6745.HK,0.0,2026-07
2026-09-21,3.085,6.03,1.1717050075531006,7.065381195545196,-0.5633639693856678,51,6745.HK,0.0,2026-07
2026-09-22,3.06,6.07,1.170611023902893,7.105608915090561,-0.5693542894682375,52,6745.HK,0.0,2026-07
2026-09-23,3.015,5.96,1.16852605342865,6.964415278434753,-0.5670849770639153,53,6745.HK,0.0,2026-07
2026-09-24,2.92,5.76,1.1684240102767944,6.730122299194336,-0.5661297268922507,54,6745.HK,0.0,2026-07
2026-09-28,2.87,5.7,1.1688159704208374,6.662251031398774,-0.5692146713664992,56,6745.HK,0.0,2026-07
2026-09-29,2.845,5.64,1.1688159704208374,6.592122073173522,-0.5684242542204039,57,6745.HK,0.0,2026-07
2026-09-30,2.9,5.68,1.1686999797821045,6.638215885162353,-0.5631356300896994,58,6745.HK,0.0,2026-07
2026-07-30,960.0,864.0,1.1609450578689575,1003.0565299987793,-0.04292532744772792,0,3308.HK,0.0,2026-07
2026-07-31,1028.0,902.01,1.1609450578689575,1047.1840516483783,-0.018319656051083433,1,3308.HK,0.0,2026-07
2026-08-03,1006.0,902.5,1.1610649824142456,1047.8611466288567,-0.039949135210834874,2,3308.HK,0.0,2026-07
2026-08-04,1177.0,1021.99,1.1611469984054565,1186.6806209003926,-0.008157730673184371,3,3308.HK,0.0,2026-07
2026-08-05,1116.0,947.74,1.1619360446929932,1101.2132669973373,0.01342767422606661,4,3308.HK,0.0,2026-07
2026-08-06,1151.0,955.0,1.162284016609192,1109.9812358617783,0.036954466267508757,5,3308.HK,0.0,2026-07
2026-08-07,1110.0,919.87,1.162284016609192,1069.1501983582973,0.03820772956356211,6,3308.HK,0.0,2026-07
2026-08-10,1033.0,864.58,1.1625880002975464,1005.1503332972527,0.02770696659015215,7,3308.HK,0.0,2026-07
2026-08-11,1019.0,886.96,1.163135051727295,1031.6542654800417,-0.012265994435794347,8,3308.HK,0.0,2026-07
2026-08-12,1109.0,921.0,1.1633410453796387,1071.4371027946472,0.03505842490182287,9,3308.HK,0.0,2026-07
2026-08-13,1141.0,921.04,1.1635710000991821,1071.6954339313506,0.0646681546588439,10,3308.HK,0.0,2026-07
2026-08-14,1174.0,943.0,1.1635710000991821,1097.2474530935287,0.06995007980203427,11,3308.HK,0.0,2026-07
2026-08-17,1270.0,1001.03,1.1637330055236816,1164.931650519371,0.09019271597074852,12,3308.HK,0.0,2026-07
2026-08-18,1223.0,988.1,1.163092017173767,1149.2512221693994,0.0641711545813175,13,3308.HK,0.0,2026-07
2026-08-19,1100.0,895.6,1.1649320125579834,1043.31311044693,0.05433353514438877,14,3308.HK,0.0,2026-07
2026-08-20,1099.0,904.2,1.1665550470352173,1054.7990735292435,0.04190459356668286,15,3308.HK,0.0,2026-07
2026-08-21,1140.0,943.0,1.1665550470352173,1100.06140935421,0.03630578284646502,16,3308.HK,0.0,2026-07
2026-08-24,1011.0,870.22,1.1652530431747437,1014.0265032315255,-0.0029846391804163597,17,3308.HK,0.0,2026-07
2026-08-25,1009.0,846.0,1.1662189960479736,986.6212706565857,0.02268218820026191,18,3308.HK,0.0,2026-07
2026-08-26,1015.0,850.9,1.165971040725708,992.1247585535049,0.023056819466784395,19,3308.HK,0.0,2026-07
2026-08-27,1046.0,866.12,1.1657999753952026,1009.722674689293,0.03592800896728421,20,3308.HK,0.0,2026-07
2026-08-28,1040.0,858.35,1.1657999753952026,1000.6644088804723,0.039309473556210284,21,3308.HK,0.0,2026-07
2026-08-31,1029.0,851.9,1.1652239561080933,992.6542882084847,0.03661467262395157,22,3308.HK,0.0,2026-07
2026-09-01,1035.0,859.3,1.1664259433746338,1002.3098131418228,0.032614852642923964,23,3308.HK,0.0,2026-07
2026-09-02,996.0,822.4,1.1670570373535156,959.7877075195312,0.03772948142256971,24,3308.HK,0.0,2026-07
2026-09-03,995.0,813.0,1.166767954826355,948.5823472738266,0.0489337091920119,25,3308.HK,0.0,2026-07
2026-09-04,1006.0,814.0,1.166767954826355,949.749115228653,0.059227098893168906,26,3308.HK,0.0,2026-07
2026-09-07,1203.0,898.46,1.1681150197982788,1049.5046206879617,0.14625507719196174,27,3308.HK,0.0,2026-07
2026-09-08,1161.0,902.37,1.168408989906311,1054.337220221758,0.1011657159896222,28,3308.HK,0.0,2026-07
2026-09-09,1173.0,908.9,1.1684629917144775,1062.0160131692885,0.10450311996662931,29,3308.HK,0.0,2026-07
2026-09-10,1121.0,890.1,1.169165015220642,1040.6737800478936,0.07718674333123832,30,3308.HK,0.0,2026-07
2026-09-11,1170.0,926.0,1.169165015220642,1082.6468040943146,0.08068485084455634,31,3308.HK,0.0,2026-07
2026-09-14,1070.0,873.0,1.1691210269927979,1020.6426565647125,0.048359083483160425,32,3308.HK,0.0,2026-07
2026-09-15,1085.0,864.01,1.1687699556350708,1009.8289293682575,0.07443941091959916,33,3308.HK,0.0,2026-07
2026-09-16,1137.0,907.8,1.1693899631500244,1061.572208547592,0.0710529070420991,34,3308.HK,0.0,2026-07
2026-09-17,1150.0,896.0,1.16942298412323,1047.802993774414,0.09753456215795886,35,3308.HK,0.0,2026-07
2026-09-18,1205.0,926.43,1.16942298412323,1083.388535181284,0.11225101694321205,36,3308.HK,0.0,2026-07
2026-09-21,1250.0,941.0,1.1717050075531006,1102.5744121074677,0.1337103294558979,37,3308.HK,0.0,2026-07
2026-09-22,1219.0,927.72,1.170611023902893,1085.999259095192,0.1224685374238823,38,3308.HK,0.0,2026-07
2026-09-23,1190.0,922.5,1.16852605342865,1077.9652842879295,0.10393165470637311,39,3308.HK,0.0,2026-07
2026-09-24,1174.0,895.86,1.1684240102767944,1046.7443338465691,0.12157282541553638,40,3308.HK,0.0,2026-07
2026-09-28,1028.0,815.0,1.1688159704208374,952.5850158929825,0.07916877008223899,42,3308.HK,0.0,2026-07
2026-09-29,1060.0,813.01,1.1688159704208374,950.2590721118451,0.11548527249970686,43,3308.HK,0.0,2026-07
2026-09-30,1062.0,808.44,1.1686999797821045,944.8238116550447,0.1240190889555357,44,3308.HK,0.0,2026-07
2026-08-25,100.0,134.1,1.1662189960479736,156.38996737003325,-0.3605727932445265,0,3223.HK,0.0,2026-08
2026-08-26,95.3,132.07,1.165971040725708,153.98979534864424,-0.38112782224150776,1,3223.HK,0.0,2026-08
2026-08-27,101.1,140.48,1.1657999753952026,163.77158054351804,-0.3826767766148822,2,3223.HK,0.0,2026-08
2026-08-28,98.9,135.7,1.1657999753952026,158.199056661129,-0.3748382443780989,3,3223.HK,0.0,2026-08
2026-08-31,101.5,139.95,1.1652239561080933,163.07309265732763,-0.3775797199524128,4,3223.HK,0.0,2026-08
2026-09-01,100.0,134.79,1.1664259433746338,157.22255290746688,-0.36395893495728393,5,3223.HK,0.0,2026-08
2026-09-02,100.0,132.37,1.1670570373535156,154.48334003448488,-0.3526810076887431,6,3223.HK,0.0,2026-08
2026-09-03,101.0,131.99,1.166767954826355,154.0017023575306,-0.34416309395386924,7,3223.HK,0.0,2026-08
2026-09-04,100.0,127.16,1.166767954826355,148.3662131357193,-0.3259920982917849,8,3223.HK,0.0,2026-08
2026-09-07,101.5,133.8,1.1681150197982788,156.2937896490097,-0.3505820018316824,9,3223.HK,0.0,2026-08
2026-09-08,100.0,133.79,1.168408989906311,156.32143875956535,-0.36029247943522413,10,3223.HK,0.0,2026-08
2026-09-09,99.95,131.98,1.1684629917144775,154.21374564647672,-0.35187359867953816,11,3223.HK,0.0,2026-08
2026-09-10,98.75,132.45,1.169165015220642,154.85590626597403,-0.36231040596933295,12,3223.HK,0.0,2026-08
2026-09-11,98.0,128.78,1.169165015220642,150.5650706601143,-0.34911862644938896,13,3223.HK,0.0,2026-08
2026-09-14,94.2,126.32,1.1691210269927979,147.6833681297302,-0.3621488919642498,14,3223.HK,0.0,2026-08
2026-09-15,93.8,127.58,1.1687699556350708,149.11167093992233,-0.37094125893209007,15,3223.HK,0.0,2026-08
2026-09-16,98.8,134.06,1.1693899631500244,156.76841845989227,-0.36977102294824105,16,3223.HK,0.0,2026-08
2026-09-17,96.5,135.06,1.16942298412323,157.94226823568346,-0.38901725878723314,17,3223.HK,0.0,2026-08
2026-09-18,100.5,142.97,1.16942298412323,167.19240404009818,-0.3988961365978275,18,3223.HK,0.0,2026-08
2026-09-21,104.6,146.1,1.1717050075531006,171.18610160350798,-0.38896908674123043,19,3223.HK,0.0,2026-08
2026-09-22,101.0,146.1,1.170611023902893,171.02627059221268,-0.4094474512584102,20,3223.HK,0.0,2026-08
2026-09-23,101.5,146.97,1.16852605342865,171.73827407240867,-0.40898439472376813,21,3223.HK,0.0,2026-08
2026-09-24,99.2,140.31,1.1684240102767944,163.94157288193702,-0.3949063788021654,22,3223.HK,0.0,2026-08
2026-09-28,92.95,132.26,1.1688159704208374,154.58760024785994,-0.398722796324107,24,3223.HK,0.0,2026-08
2026-09-29,94.9,134.6,1.1688159704208374,157.3226296186447,-0.3967809956517967,25,3223.HK,0.0,2026-08
2026-09-30,93.55,129.15,1.1686999797821045,150.9376023888588,-0.3802074597754096,26,3223.HK,0.0,2026-08
2026-09-08,233.6,358.86,1.168408989906311,419.2952501177788,-0.4428746809452708,0,9976.HK,0.0,2026-09
2026-09-09,210.0,348.03,1.1684629917144775,406.6601750063896,-0.48359831400579023,1,9976.HK,0.0,2026-09
2026-09-10,212.6,347.0,1.169165015220642,405.7002602815628,-0.47596779984205084,2,9976.HK,0.0,2026-09
2026-09-11,206.2,339.55,1.169165015220642,396.989980918169,-0.4805914257002276,3,9976.HK,0.0,2026-09
2026-09-14,186.8,331.01,1.1691210269927979,386.990751144886,-0.5173011255505078,4,9976.HK,0.0,2026-09
2026-09-15,179.5,328.5,1.1687699556350708,383.94093042612076,-0.5324801661526941,5,9976.HK,0.0,2026-09
2026-09-16,193.4,338.96,1.1693899631500244,396.37642190933224,-0.5120799590742594,6,9976.HK,0.0,2026-09
2026-09-17,188.0,335.09,1.16942298412323,391.86194774985313,-0.52023920393513,7,9976.HK,0.0,2026-09
2026-09-18,188.0,346.96,1.16942298412323,405.74299857139584,-0.5366525099337754,8,9976.HK,0.0,2026-09
2026-09-21,191.6,347.79,1.1717050075531006,407.50728457689286,-0.5298243559033928,9,9976.HK,0.0,2026-09
2026-09-22,194.1,348.27,1.170611023902893,407.6887012946606,-0.5239014488662208,10,9976.HK,0.0,2026-09
2026-09-23,196.9,346.0,1.16852605342865,404.31001448631287,-0.5129974698990156,11,9976.HK,0.0,2026-09
2026-09-24,193.5,331.77,1.1684240102767944,387.6480338895321,-0.5008358534454953,12,9976.HK,0.0,2026-09
2026-09-28,184.6,312.0,1.1688159704208374,364.67058277130127,-0.49378971400122607,14,9976.HK,0.0,2026-09
2026-09-29,187.9,311.66,1.1688159704208374,364.2731853413582,-0.4841783376837907,15,9976.HK,0.0,2026-09
2026-09-30,195.5,301.93,1.1686999797821045,352.8655848956108,-0.4459646721914372,16,9976.HK,0.0,2026-09
