code,document_kind,source,pdf_page,candidate_quote,status
0100.HK,prospectus,pipeline/prospectus_pipeline/data/pdf/HKIPO-MB0100.pdf,2," the Overall Coordinators (for themselves and on behalf of the Underwriters) and the Company on the Price Determination Date, which is expected to be on or around Wednesday, January 7, 2026. The Offer Price will be not more than HK$165.00 per Offer Share and is currently expected to be not less than HK$151.00 per Offer Share unless otherwise announced. If, for any reason, the final Offer Price is not agreed by 12:00",unreviewed_candidate
0100.HK,prospectus,pipeline/prospectus_pipeline/data/pdf/HKIPO-MB0100.pdf,5," . . . . . . . . . . . . . . . . . . . . . . . . . .12:00 noon on Tuesday, January 6, 2026 Expected Price Determination Date (5) . . . . . . . . . . . . . . . . . . . . . . on or before 12:00 noon, Wednesday, January 7, 2026 (1) Announcement of the Offer Price, the level of indication of interest in the International Offering, the level of applications in the Hong Kong Public Offering and the basis of allocation of ",unreviewed_candidate
0100.HK,prospectus,pipeline/prospectus_pipeline/data/pdf/HKIPO-MB0100.pdf,7,"g Kong Offer Shares — A. Application for Hong Kong Offer Shares — 2. Application Channels”. (5) The Price Determination Date is expected to be on or before Wednesday, January 7, 2026 and, in any event, not later than 12:00 noon on Wednesday, January 7, 2026. If, for any reason, the Offer Price is not agreed between the Overall Coordinators (for themselves and on behalf of the Underwriters) and us by 12:00 noon on We",unreviewed_candidate
0100.HK,prospectus,pipeline/prospectus_pipeline/data/pdf/HKIPO-MB0100.pdf,55," DEFINITIONS “Price Determination Agreement” the agreement to be entered into between our Company and the Overall Coordinators (for themselves and on behalf of the Underwriters) on the Price Determination Date to record the Offer Price “Price Determination Date” the date, expected to be on or about January 7, 2026 on which the Offe",unreviewed_candidate
0100.HK,prospectus,pipeline/prospectus_pipeline/data/pdf/HKIPO-MB0100.pdf,55," our Company and the Overall Coordinators (for themselves and on behalf of the Underwriters) on the Price Determination Date to record the Offer Price “Price Determination Date” the date, expected to be on or about January 7, 2026 on which the Offer Price is determined, or such later time as the Overall Coordinators (for themselves and on behalf of the Underwriters) and our Company may agree, but in any event no lat",unreviewed_candidate
0100.HK,prospectus,pipeline/prospectus_pipeline/data/pdf/HKIPO-MB0100.pdf,55,"elves and on behalf of the Underwriters) on the Price Determination Date to record the Offer Price “Price Determination Date” the date, expected to be on or about January 7, 2026 on which the Offer Price is determined, or such later time as the Overall Coordinators (for themselves and on behalf of the Underwriters) and our Company may agree, but in any event no later than 12:00 noon on January 7, 2026 “Prospectus” t",unreviewed_candidate
0100.HK,prospectus,pipeline/prospectus_pipeline/data/pdf/HKIPO-MB0100.pdf,123," when trading begins could be lower than the Offer Price. The Offer Price will be determined on the Price Determination Date. However, the Shares will not commence trading on the Stock Exchange until they are delivered, which is expected to be a few Business Days after the expected Price Determination Date. Investors may not be able to sell or otherwise deal in the Shares during that period. As a result, holders of ",unreviewed_candidate
0100.HK,prospectus,pipeline/prospectus_pipeline/data/pdf/HKIPO-MB0100.pdf,123,"k Exchange until they are delivered, which is expected to be a few Business Days after the expected Price Determination Date. Investors may not be able to sell or otherwise deal in the Shares during that period. As a result, holders of the Shares are subject to the risk that the price of the Shares when trading begins could be lower than the Offer Price as a result of adverse market conditions or other adverse devel",unreviewed_candidate
0100.HK,prospectus,pipeline/prospectus_pipeline/data/pdf/HKIPO-MB0100.pdf,137,"ll Coordinators (on behalf of the Underwriters) and us agreeing on the Offer Price on or before the Price Determination Date. An International Underwriting Agreement relating to the International Offering is expected to be entered into on or before Wednesday, January 7, 2026, subject to the Offer Price being agreed. The International Offering will be fully underwritten by the International Underwriters under the ter",unreviewed_candidate
0100.HK,prospectus,pipeline/prospectus_pipeline/data/pdf/HKIPO-MB0100.pdf,138,"the Overall Coordinators (for themselves and on behalf of the Underwriters) and us on or before the Price Determination Date, the Global Offering will not proceed and will lapse. For full information about the Underwriters and the underwriting arrangements, see “Underwriting.” APPLICATION FOR LISTING ON THE STOCK EXCHANGE We have applied to the Stock Exchange for the granting of the listing of, and permission to dea",unreviewed_candidate
0100.HK,prospectus,pipeline/prospectus_pipeline/data/pdf/HKIPO-MB0100.pdf,384," CONNECTED TRANSACTIONS Pricing Policy The price was determined on a cost-plus basis by adding a reasonable profit which is in line with market practice and industry peers. Relevant costs include but not limited to direct labor costs, costs and expenses associated with cloud services, use of platforms and tools, software subscriptions, technical support, and ot",unreviewed_candidate
0100.HK,prospectus,pipeline/prospectus_pipeline/data/pdf/HKIPO-MB0100.pdf,400,"en terminated; (ii) the Offer Price having been agreed according to the Underwriting Agreements and price determination agreement to be signed among the parties thereto in connection with the Global Offering; (iii) the Listing Committee having granted the listing of, and permission to deal in, the Class A Ordinary Shares (including the investors’ Shares as well as other applicable waivers and approvals) and such app",unreviewed_candidate
0100.HK,prospectus,pipeline/prospectus_pipeline/data/pdf/HKIPO-MB0100.pdf,497," into the International Underwriting Agreement with the International Underwriters on or around the Price Determination Date. Under the International Underwriting Agreement and subject to the Offer Size Adjustment Option and the Over-allotment Option, the International Underwriters would, subject to certain conditions set out therein, agree severally but not jointly to procure subscribers for, or themselves to subsc",unreviewed_candidate
0100.HK,prospectus,pipeline/prospectus_pipeline/data/pdf/HKIPO-MB0100.pdf,509,"n exercised, or will confirm that if the Offer Size Adjustment Option has not been exercised by the Price Determination Date, it will lapse and cannot be exercised at any future date. STABILIZATION Stabilization is a practice used by underwriters in some markets to facilitate the distribution of securities. To stabilize, the underwriters may bid for, or purchase, the securities in the secondary market during a speci",unreviewed_candidate
0100.HK,prospectus,pipeline/prospectus_pipeline/data/pdf/HKIPO-MB0100.pdf,510,to between the Stabilizing Manager (or any person acting for it) and MiniMax Matrix on or about the Price Determination Date. – 500 – ,unreviewed_candidate
0100.HK,prospectus,pipeline/prospectus_pipeline/data/pdf/HKIPO-MB0100.pdf,511,"Shares for the purpose of the various offerings under the Global Offering will be determined on the Price Determination Date, which is expected to be on or before Wednesday, January 7, 2026 and, in any event, no later than 12:00 noon on Wednesday, January 7, 2026 by agreement between the Overall Coordinators (for themselves and on behalf of the Underwriters) and the Company, and the number of Offer Shares to be allo",unreviewed_candidate
0100.HK,prospectus,pipeline/prospectus_pipeline/data/pdf/HKIPO-MB0100.pdf,511,"20 Offer Shares. Prospective investors should be aware that the Offer Price to be determined on the Price Determination Date may be, but is not expected to be, lower than the indicative Offer Price range stated in this prospectus. The International Underwriters will be soliciting from prospective investors’ indications of interest in acquiring Offer Shares in the International Offering. Prospective professional and ",unreviewed_candidate
0100.HK,prospectus,pipeline/prospectus_pipeline/data/pdf/HKIPO-MB0100.pdf,513,"o enter into the International Underwriting Agreement relating to the International Offering on the Price Determination Date. These underwriting arrangements, including the Underwriting Agreements, are summarized in “Underwriting.” CONDITIONS OF THE GLOBAL OFFERING Acceptance of all applications for Offer Shares will be conditional on: • the Stock Exchange granting approval for the listing of, and permission to deal",unreviewed_candidate
0100.HK,prospectus,pipeline/prospectus_pipeline/data/pdf/HKIPO-MB0100.pdf,513, Company; • the execution and delivery of the International Underwriting Agreement on or around the Price Determination Date; and • the obligations of the Hong Kong Underwriters under the Hong Kong Underwriting Agreement and the obligations of the International Underwriters under the International Underwriting Agreement becoming and remaining unconditional and not having been terminated in accordance with the terms ,unreviewed_candidate
0625.HK,prospectus,pipeline/prospectus_pipeline/data/pdf/HKIPO-MB0625.pdf,2," Sponsor-Overall Coordinators (for themselves on behalf of the Underwriters) and the Company on the Price Determination Date. The Price Determination Date is expected to be on or before Friday, 28 August 2026 and, in any event, not later than 12:00 noon of Friday, 28 August 2026. The Offer Price will be not more than HK$49.50 and is currently expected to be no less than HK$47.60 per Offer Share unless otherwise anno",unreviewed_candidate
0625.HK,prospectus,pipeline/prospectus_pipeline/data/pdf/HKIPO-MB0625.pdf,2,"(for themselves on behalf of the Underwriters) and the Company on the Price Determination Date. The Price Determination Date is expected to be on or before Friday, 28 August 2026 and, in any event, not later than 12:00 noon of Friday, 28 August 2026. The Offer Price will be not more than HK$49.50 and is currently expected to be no less than HK$47.60 per Offer Share unless otherwise announced. If, for any reason, we ",unreviewed_candidate
0625.HK,prospectus,pipeline/prospectus_pipeline/data/pdf/HKIPO-MB0625.pdf,5,"ublic Offering close (3) . . . . . . . . . . . . . .12:00 noon on Thursday, 27 August 2026 Expected Price Determination Date (5) . . . . . . . . . . . . . . . . . . . . . . . . . . . . .by 12:00 noon on Friday, 28 August 2026 Announcement of the final Offer Price, the level of indications of interest in the International Offering, the level of applications in the Hong Kong Public Offering and the basis of allocation",unreviewed_candidate
0625.HK,prospectus,pipeline/prospectus_pipeline/data/pdf/HKIPO-MB0625.pdf,7,"— (A) Application for Hong Kong Offer Shares — 2. Application Channels” in this prospectus. (5) The Price Determination Date is expected to be on or before Friday, 28 August 2026, and in any event, not later than 12:00 noon on Friday, 28 August 2026. If, for any reason, the Offer Price is not agreed between the Sponsor-Overall Coordinators (for themselves and on behalf of the Underwriters) and us by 12:00 noon on Fr",unreviewed_candidate
0625.HK,prospectus,pipeline/prospectus_pipeline/data/pdf/HKIPO-MB0625.pdf,38,"ing agreement, expected to be Agreement” ў ў ў ў ў ў ў ў ў ў ў ў ў ў ў entered into on or about the Price Determination Date, relating to the International Offering, expected to be entered into by, among others, our Company, the Joint Sponsors, the Sponsor-Overall Coordinators and the International Underwriters, as further described in the section headed “Underwriting — International Offering — International Underwr",unreviewed_candidate
0625.HK,prospectus,pipeline/prospectus_pipeline/data/pdf/HKIPO-MB0625.pdf,40,"al Offering, the details of which are set out in “History, Reorganisation and Corporate Structure” “Price Determination the agreement to be entered into between our Company Agreement” ў ў ў ў ў ў ў ў ў ў ў ў ў ў ў and the Sponsor-Overall Coordinators (for themselves and on behalf of the Underwriters) at or about the Price Determination Date to record and fix the pricing of the Offer Shares “Price Determination Date”",unreviewed_candidate
0625.HK,prospectus,pipeline/prospectus_pipeline/data/pdf/HKIPO-MB0625.pdf,40,"the Sponsor-Overall Coordinators (for themselves and on behalf of the Underwriters) at or about the Price Determination Date to record and fix the pricing of the Offer Shares “Price Determination Date”ў ў ў ў the date, expected to be on or before Friday, 28 August 2026, and in any event no later than 12:00 noon of Friday, 28 August 2026, on which the Offer Price is to be fixed for the purposes of the Global Offering",unreviewed_candidate
0625.HK,prospectus,pipeline/prospectus_pipeline/data/pdf/HKIPO-MB0625.pdf,40,"riters) at or about the Price Determination Date to record and fix the pricing of the Offer Shares “Price Determination Date”ў ў ў ў the date, expected to be on or before Friday, 28 August 2026, and in any event no later than 12:00 noon of Friday, 28 August 2026, on which the Offer Price is to be fixed for the purposes of the Global Offering “QIB” ў ў ў ў ў ў ў ў ў ў ў ў ў ў ў ў ў ў ў ў ў a qualified institutional b",unreviewed_candidate
0625.HK,prospectus,pipeline/prospectus_pipeline/data/pdf/HKIPO-MB0625.pdf,121,"ing Agreement relating to the International Offering is expected to be entered into on or about the Price Determination Date, subject to determination of the pricing of the Offer Shares. Further information regarding the Underwriters and the underwriting arrangements are set out in “Underwriting.” The Hong Kong Offer Shares are offered solely on the basis of the information contained and representations made in this",unreviewed_candidate
0625.HK,prospectus,pipeline/prospectus_pipeline/data/pdf/HKIPO-MB0625.pdf,303,"national Underwriting Agreement with, among others, the International Underwriters on or around the Price Determination Date. Under the International Underwriting Agreement and subject to the Over-allotment Option, the International Underwriters would, subject to certain conditions set out therein, agree severally but not jointly to procure subscribers for, or themselves to subscribe for, their respective applicable",unreviewed_candidate
0625.HK,prospectus,pipeline/prospectus_pipeline/data/pdf/HKIPO-MB0625.pdf,315,"ffer Shares for the purpose of the various offerings under the Global Offering will be fixed on the Price Determination Date, which is expected to be on or before Friday, 28 August 2026 and, in any event, not later than 12:00 noon on Friday, 28 August 2026, by agreement between the Sponsor-Overall Coordinators (for themselves and on behalf of the Underwriters) and our Company, and the number of Offer Shares to be al",unreviewed_candidate
0625.HK,prospectus,pipeline/prospectus_pipeline/data/pdf/HKIPO-MB0625.pdf,316,"to the International Underwriting Agreement relating to the International Offering on or around the Price Determination Date. These underwriting arrangements, including the Underwriting Agreements, are summarised in the section headed “Underwriting” in this Prospectus. – 307 – ",unreviewed_candidate
0625.HK,prospectus,pipeline/prospectus_pipeline/data/pdf/HKIPO-MB0625.pdf,317,Company; (c) the execution and delivery of the International Underwriting Agreement on or about the Price Determination Date; and (d) the obligations of the Hong Kong Underwriters under the Hong Kong Underwriting Agreement and the obligations of the International Underwriters under the International Underwriting Agreement becoming and remaining unconditional and not having been terminated in accordance with the term,unreviewed_candidate
0664.HK,prospectus,pipeline/prospectus_pipeline/data/pdf/HKIPO-MB0664.pdf,2,"e fixed by agreement between the Overall Coordinators (on behalf of the Underwriters) and us on the Price Determination Date. The Price Determination Date is expected to be on or before Friday, March 27, 2026 (Hong Kong time) and, in any event, not later than 12:00 noon on Friday, March 27, 2026 (Hong Kong time). The Offer Price will not be more than HK$68.00 per Offer Share and is currently expected to be not less ",unreviewed_candidate
0664.HK,prospectus,pipeline/prospectus_pipeline/data/pdf/HKIPO-MB0664.pdf,2,"he Overall Coordinators (on behalf of the Underwriters) and us on the Price Determination Date. The Price Determination Date is expected to be on or before Friday, March 27, 2026 (Hong Kong time) and, in any event, not later than 12:00 noon on Friday, March 27, 2026 (Hong Kong time). The Offer Price will not be more than HK$68.00 per Offer Share and is currently expected to be not less than HK$60.00 per Offer Share.",unreviewed_candidate
0664.HK,prospectus,pipeline/prospectus_pipeline/data/pdf/HKIPO-MB0664.pdf,5,"ong Kong Public Offering close (3) . . . . . . . . .12:00 noon on Thursday, March 26, 2026 Expected Price Determination Date (5) . . . . . . . . . . . . . . . . . . . . . . . . .by 12:00 noon on Friday, March 27, 2026 Announcement of the Offer Price, the level of applications in the Hong Kong Public Offering, the level of indications of interest in the International Offering; and the basis of allocation of the Hong ",unreviewed_candidate
0664.HK,prospectus,pipeline/prospectus_pipeline/data/pdf/HKIPO-MB0664.pdf,6," Hong Kong Offer Shares – 2. Application Channels – HKSCC EIPO channel” in this prospectus. (4) The Price Determination Date is expected to be on or before Friday, March 27, 2026. If, for any reason, the Offer Price is not agreed between the Overall Coordinators (for themselves and on behalf of the Underwriters) and us on or before 12:00 noon on Friday, March 27, 2026, the Global Offering will not proceed and will l",unreviewed_candidate
0664.HK,prospectus,pipeline/prospectus_pipeline/data/pdf/HKIPO-MB0664.pdf,26,"ators, the Joint Global Coordinators and the International Underwriters on or about the date of the Price Determination Agreement “IPs” intellectual properties “IT” information technology “Joint Bookrunners” the joint bookrunners as named in the section headed “Directors and Parties Involved in the Global Offering” in this prospectus “Joint Global Coordinators” the joint global coordinators as named in the section h",unreviewed_candidate
0664.HK,prospectus,pipeline/prospectus_pipeline/data/pdf/HKIPO-MB0664.pdf,28,"ion headed “History, Development and Corporate Structure – Pre-IPO Investments” in this prospectus “Price Determination Date” the date, expected to be on or before Friday, March 27, 2026 (Hong Kong time) on which the Offer Price will be determined, or such later time as our Company, and the Overall Coordinators (for themselves and on behalf of the Hong Kong Underwriters) may agree, but in any event, not later than 1",unreviewed_candidate
0664.HK,prospectus,pipeline/prospectus_pipeline/data/pdf/HKIPO-MB0664.pdf,60,"ll Coordinators (for themselves and on behalf of the Hong Kong Underwriters) and our Company on the Price Determination Date. The International Offering is expected to be fully underwritten by the International Underwriters on the terms and subject to the conditions of the International Underwriting Agreement, which is expected to be entered into on or about the Price Determination Date. Neither the delivery of this",unreviewed_candidate
0664.HK,prospectus,pipeline/prospectus_pipeline/data/pdf/HKIPO-MB0664.pdf,60,"s of the International Underwriting Agreement, which is expected to be entered into on or about the Price Determination Date. Neither the delivery of this prospectus nor any subscription made under it shall, under any circumstances, constitute a representation that there has been no change or development reasonably likely to involve a change in our affairs since the date of this prospectus or imply that the informat",unreviewed_candidate
0664.HK,prospectus,pipeline/prospectus_pipeline/data/pdf/HKIPO-MB0664.pdf,265,"ffer Shares for the purpose of the various offerings under the Global Offering will be fixed on the Price Determination Date, which is expected to be on or before Friday, March 27, 2026, by agreement between the Overall Coordinators (for themselves and on behalf of the Underwriters) and our Company and the number of Offer Shares to be allocated under the various offerings will be determined shortly thereafter. Offer",unreviewed_candidate
0664.HK,prospectus,pipeline/prospectus_pipeline/data/pdf/HKIPO-MB0664.pdf,266,"explained below. Prospective investors should be aware that the Offer Price to be determined on the Price Determination Date may be, but is not expected to be, lower than the indicative Offer Price range stated in this prospectus. If, for any reason, our Company and the Overall Coordinators (for themselves and on behalf of the Underwriters) are unable to reach agreement on the Offer Price on or before 12:00 noon on ",unreviewed_candidate
0664.HK,prospectus,pipeline/prospectus_pipeline/data/pdf/HKIPO-MB0664.pdf,267,to the International Underwriting Agreement relating to the International Offering on or around the Price Determination Date. These underwriting arrangements under the Hong Kong Underwriting Agreement and the International Underwriting Agreement are summarized in “Underwriting” in this prospectus. CONDITIONS OF THE GLOBAL OFFERING Acceptances of all applications for Offer Shares pursuant to the Global Offering will ,unreviewed_candidate
0664.HK,prospectus,pipeline/prospectus_pipeline/data/pdf/HKIPO-MB0664.pdf,267, our Company and the Overall Coordinators (for themselves and on behalf of the Underwriters) on the Price Determination Date; (c) the execution and delivery of the International Underwriting Agreement on or around the Price Determination Date; and (d) the obligations of the Underwriters under the respective Underwriting Agreements becoming and remaining unconditional and not having been terminated in accordance with,unreviewed_candidate
0664.HK,prospectus,pipeline/prospectus_pipeline/data/pdf/HKIPO-MB0664.pdf,267,"n Date; (c) the execution and delivery of the International Underwriting Agreement on or around the Price Determination Date; and (d) the obligations of the Underwriters under the respective Underwriting Agreements becoming and remaining unconditional and not having been terminated in accordance with the terms of the respective agreements, in each case on or before the dates and times specified in the respective Und",unreviewed_candidate
1768.HK,prospectus,pipeline/prospectus_pipeline/data/pdf/HKIPO-MB1768.pdf,2,"y agreement between the Overall Coordinators (on behalf of the Underwriters) and our Company on the Price Determination Date. The Price Determination Date is expected to be on or before Monday, January 26, 2026 (Hong Kong time) and, in any event, not later than 12:00 noon Monday, January 26, 2026 (Hong Kong time). The Offer Price will not be more than HK$236.60 per Offer Share and is currently expected to be not les",unreviewed_candidate
1768.HK,prospectus,pipeline/prospectus_pipeline/data/pdf/HKIPO-MB1768.pdf,2,"l Coordinators (on behalf of the Underwriters) and our Company on the Price Determination Date. The Price Determination Date is expected to be on or before Monday, January 26, 2026 (Hong Kong time) and, in any event, not later than 12:00 noon Monday, January 26, 2026 (Hong Kong time). The Offer Price will not be more than HK$236.60 per Offer Share and is currently expected to be not less than HK$229.60 per Offer Sha",unreviewed_candidate
1768.HK,prospectus,pipeline/prospectus_pipeline/data/pdf/HKIPO-MB1768.pdf,5," . . . . . . . . . . . . . . . . . . . . . . . . . .12:00 noon on Friday, January 23, 2026 Expected Price Determination Date (5) . . . . . . . . . . . . . . . . . . . . . by 12:00 noon on Monday, January 26, 2026 (1) Announcement of the Offer Price, the level of indications of interest in the International Offering, the level of applications in the Hong Kong Public Offering and the basis of allocation of the Hong Ko",unreviewed_candidate
1768.HK,prospectus,pipeline/prospectus_pipeline/data/pdf/HKIPO-MB1768.pdf,7,"— A. Applications for Hong Kong Offer Shares — 2. Application Channels” in this prospectus. (5) The Price Determination Date is expected to be on or before Monday, January 26, 2026. If, for any reason, we do not agree with the Overall Coordinators (on behalf of the Underwriters) on the pricing of the Offer Shares by 12:00 noon on Monday, January 26, 2026, the Global Offering will not proceed and will lapse. (6) None",unreviewed_candidate
1768.HK,prospectus,pipeline/prospectus_pipeline/data/pdf/HKIPO-MB1768.pdf,48," Legal Adviser” CM Law Firm (上海澄明則正律師事務所), the legal adviser to our Company as the laws of the PRC “Price Determination Agreement” the agreement to be entered into between our Company and the Overall Coordinators (for themselves and on behalf of the Underwriters) on or about the Price Determination Date “Price Determination Date” the date, expected to be on or before Monday, January 26, 2026 and in any event no late",unreviewed_candidate
1768.HK,prospectus,pipeline/prospectus_pipeline/data/pdf/HKIPO-MB1768.pdf,48,"any and the Overall Coordinators (for themselves and on behalf of the Underwriters) on or about the Price Determination Date “Price Determination Date” the date, expected to be on or before Monday, January 26, 2026 and in any event no later than 12:00 noon on Monday, January 26, 2026, on which the Offer Price is to be fixed for the purpose of the Global Offering “prospectus” this prospectus being issued in connectio",unreviewed_candidate
1768.HK,prospectus,pipeline/prospectus_pipeline/data/pdf/HKIPO-MB1768.pdf,48,"nators (for themselves and on behalf of the Underwriters) on or about the Price Determination Date “Price Determination Date” the date, expected to be on or before Monday, January 26, 2026 and in any event no later than 12:00 noon on Monday, January 26, 2026, on which the Offer Price is to be fixed for the purpose of the Global Offering “prospectus” this prospectus being issued in connection with the Hong Kong Publi",unreviewed_candidate
1768.HK,prospectus,pipeline/prospectus_pipeline/data/pdf/HKIPO-MB1768.pdf,358,"he International Underwriting Agreement with, amongst others, the International Underwriters on the Price Determination Date. Under the International Underwriting Agreement and subject to the Offer Size Adjustment Option and the Over- allotment Option, the International Underwriters would, subject to certain conditions set out therein, agree severally but not jointly to procure subscribers or purchasers for, or them",unreviewed_candidate
1768.HK,prospectus,pipeline/prospectus_pipeline/data/pdf/HKIPO-MB1768.pdf,370,"ffer Shares for the purpose of the various offerings under the Global Offering will be fixed on the Price Determination Date, which is expected to be on or before Monday, January 26, 2026 and, in any event, no later than 12:00 noon on Monday, January 26, 2026, by agreement between the Overall Coordinators (for themselves and on behalf of the Underwriters) and the Company, and the number of Offer Shares to be allocat",unreviewed_candidate
1768.HK,prospectus,pipeline/prospectus_pipeline/data/pdf/HKIPO-MB1768.pdf,370,"of 100 H Shares. Prospective investors should be aware that the Offer Price to be determined on the Price Determination Date may be, but is not expected to be, lower than the lower end of the price range stated in this prospectus. The International Underwriters will be soliciting from prospective investors indications of interest in acquiring Offer Shares in the International Offering. Prospective professional and i",unreviewed_candidate
1768.HK,prospectus,pipeline/prospectus_pipeline/data/pdf/HKIPO-MB1768.pdf,371,"o enter into the International Underwriting Agreement relating to the International Offering on the Price Determination Date. These underwriting arrangements, including the Underwriting Agreements, are summarized in the section headed “Underwriting” in this prospectus. – 361 – ",unreviewed_candidate
1768.HK,prospectus,pipeline/prospectus_pipeline/data/pdf/HKIPO-MB1768.pdf,372,Company; (c) the execution and delivery of the International Underwriting Agreement on or about the Price Determination Date; and (d) the obligations of the Hong Kong Underwriters under the Hong Kong Underwriting Agreement and the obligations of the International Underwriters under the International Underwriting Agreement becoming and remaining unconditional and not having been terminated in accordance with the term,unreviewed_candidate
1770.HK,prospectus,pipeline/prospectus_pipeline/data/pdf/HKIPO-MB1770.pdf,2,"etween the Sponsor-Overall Coordinator (for itself and on behalf of the Underwriters) and us on the Price Determination Date. The Price Determination Date is expected to be on or before Monday, July 6, 2026 (Hong Kong time) and, in any event, not later than 12:00 noon on Monday, July 6, 2026 (Hong Kong time). The Offer Price will be no more than HK$101.11 and is currently expected to be not less than HK$78.64 per Of",unreviewed_candidate
1770.HK,prospectus,pipeline/prospectus_pipeline/data/pdf/HKIPO-MB1770.pdf,2,"rdinator (for itself and on behalf of the Underwriters) and us on the Price Determination Date. The Price Determination Date is expected to be on or before Monday, July 6, 2026 (Hong Kong time) and, in any event, not later than 12:00 noon on Monday, July 6, 2026 (Hong Kong time). The Offer Price will be no more than HK$101.11 and is currently expected to be not less than HK$78.64 per Offer Share. If, for any reason,",unreviewed_candidate
1770.HK,prospectus,pipeline/prospectus_pipeline/data/pdf/HKIPO-MB1770.pdf,5,". . . . . . . . . . . . . . . . . . . . . . . . . . . . 12:00 noon on Friday, July 3, 2026 Expected Price Determination Date (5) . . . . . . . . . . . . . . . . . . . . . . At or before 12:00 noon Monday, July 6, 2026 Announcement of: • the final Offer Price; • the level of indications of interest in the International Placing; • the level of applications in the Hong Kong Public Offering; and • the basis of allocatio",unreviewed_candidate
1770.HK,prospectus,pipeline/prospectus_pipeline/data/pdf/HKIPO-MB1770.pdf,6,"g Kong Offer Shares — A. Application for Hong Kong Offer Shares — 2. Application Channels.” (5) The Price Determination Date is expected to be on or about Monday, July 6, 2026. If, for any reason, the Offer Price is not agreed between the Sponsor-Overall Coordinator (for itself and on behalf of the other Underwriters) and us by 12:00 noon on Monday, July 6, 2026, the Global Offering will not proceed and will lapse. ",unreviewed_candidate
1770.HK,prospectus,pipeline/prospectus_pipeline/data/pdf/HKIPO-MB1770.pdf,33,"tails of which are set out in “History, Development and Corporate Structure — Pre-IPO Investments” “Price Determination the agreement to be entered into between our Company Agreement” and the Sponsor-Overall Coordinator (for itself and on behalf of the other Underwriters) on the Price Determination Date to record and fix the Offer Price – 24 – ",unreviewed_candidate
1770.HK,prospectus,pipeline/prospectus_pipeline/data/pdf/HKIPO-MB1770.pdf,33,nt” and the Sponsor-Overall Coordinator (for itself and on behalf of the other Underwriters) on the Price Determination Date to record and fix the Offer Price – 24 – ,unreviewed_candidate
1770.HK,prospectus,pipeline/prospectus_pipeline/data/pdf/HKIPO-MB1770.pdf,34," DEFINITIONS “Price Determination Date” the date, expected to be on or about Monday, July 6, 2026, on which the Offer Price is to be fixed by agreement between our Company and the Sponsor-Overall Coordinator (for itself and on behalf of the Underwriters) “R&D” research and development “Redbanyan Venture Capital” Redbanyan Venture C",unreviewed_candidate
1770.HK,prospectus,pipeline/prospectus_pipeline/data/pdf/HKIPO-MB1770.pdf,278," the International Placing, we expect to enter into the International Underwriting Agreement on the Price Determination Date with, among others, the International Underwriters. Under the International Underwriting Agreement, the International Underwriters would, subject to certain conditions, severally and not jointly, agree to purchase the International Placing Shares or procure purchasers for the International Pla",unreviewed_candidate
1770.HK,prospectus,pipeline/prospectus_pipeline/data/pdf/HKIPO-MB1770.pdf,286,nto the International Underwriting Agreement relating to the International Placing on or before the Price Determination Date. These underwriting arrangements under the Hong Kong Underwriting Agreement and the International Underwriting Agreement are summarized in “Underwriting” in this prospectus. CONDITIONS OF THE GLOBAL OFFERING Acceptances of all applications for Offer Shares pursuant to the Global Offering will ,unreviewed_candidate
1770.HK,prospectus,pipeline/prospectus_pipeline/data/pdf/HKIPO-MB1770.pdf,286,r Company and the Sponsor-Overall Coordinator (for itself and on behalf of the Underwriters) on the Price Determination Date; (c) the execution and delivery of the International Underwriting Agreement on or before the Price Determination Date; and (d) the obligations of the Underwriters under the respective Underwriting Agreements becoming and remaining unconditional and not having been terminated in accordance with,unreviewed_candidate
1770.HK,prospectus,pipeline/prospectus_pipeline/data/pdf/HKIPO-MB1770.pdf,286,"n Date; (c) the execution and delivery of the International Underwriting Agreement on or before the Price Determination Date; and (d) the obligations of the Underwriters under the respective Underwriting Agreements becoming and remaining unconditional and not having been terminated in accordance with the terms of the respective agreements, in each case on or before the dates and times specified in the respective Und",unreviewed_candidate
2249.HK,prospectus,pipeline/prospectus_pipeline/data/pdf/HKIPO-MB2249.pdf,2,"y agreement between the Overall Coordinators (on behalf of the Underwriters) and our Company on the Price Determination Date. The Price Determination Date is expected to be on or before Wednesday, July 8, 2026 (Hong Kong time) and, in any event, not later than 12:00 noon on Wednesday, July 8, 2026 (Hong Kong time). The Offer Price will not be more than HK$32.30 per Offer Share and is currently expected to be not les",unreviewed_candidate
2249.HK,prospectus,pipeline/prospectus_pipeline/data/pdf/HKIPO-MB2249.pdf,2,"l Coordinators (on behalf of the Underwriters) and our Company on the Price Determination Date. The Price Determination Date is expected to be on or before Wednesday, July 8, 2026 (Hong Kong time) and, in any event, not later than 12:00 noon on Wednesday, July 8, 2026 (Hong Kong time). The Offer Price will not be more than HK$32.30 per Offer Share and is currently expected to be not less than HK$30.00 per Offer Shar",unreviewed_candidate
2249.HK,prospectus,pipeline/prospectus_pipeline/data/pdf/HKIPO-MB2249.pdf,5," . . . . . . . . . . . . . . . . . . . . . . . . . . . 12:00 noon on Tuesday, July 7, 2026 Expected Price Determination Date (5) . . . . . . . . . . . . . . . . . . . . . . . . . . . by 12:00 noon on Wednesday, July 8 , 2026 Announcement of the final Offer Price, the level of indications of interest in the International Offering, the level of applications in the Hong Kong Public Offering and the basis of allocation ",unreviewed_candidate
2249.HK,prospectus,pipeline/prospectus_pipeline/data/pdf/HKIPO-MB2249.pdf,7," — A. Application for Hong Kong Offer Shares — 2. Application Channels” in this prospectus. (5) The Price Determination Date is expected to be on or before Wednesday, July 8, 2026 (which, at the earliest, could be Wednesday, July 8, 2026), and, in any event, not later than 12:00 noon on Wednesday, July 8, 2026. If, for any reason, the Offer Price is not agreed between the Overall Coordinators (for themselves and on ",unreviewed_candidate
2249.HK,prospectus,pipeline/prospectus_pipeline/data/pdf/HKIPO-MB2249.pdf,34,"ccounting principles of PRC “PRC Legal Advisor” King & Wood, the PRC legal advisors of our Company “Price Determination the agreement to be entered into by the Overall Agreement” Coordinators (for themselves and on behalf of the Underwriters) and our Company on the Price Determination Date to record and fix the Offer Price “Price Determination Date” the date, expected to be on or before Wednesday, July 8, 2026 (Hong",unreviewed_candidate
2249.HK,prospectus,pipeline/prospectus_pipeline/data/pdf/HKIPO-MB2249.pdf,34,"l Agreement” Coordinators (for themselves and on behalf of the Underwriters) and our Company on the Price Determination Date to record and fix the Offer Price “Price Determination Date” the date, expected to be on or before Wednesday, July 8, 2026 (Hong Kong time) on which the Offer Price is deter mined, or such later time as the Overall Coordinators (for themselves and on behalf of the Underwriters) and our Company",unreviewed_candidate
2249.HK,prospectus,pipeline/prospectus_pipeline/data/pdf/HKIPO-MB2249.pdf,34,"he Underwriters) and our Company on the Price Determination Date to record and fix the Offer Price “Price Determination Date” the date, expected to be on or before Wednesday, July 8, 2026 (Hong Kong time) on which the Offer Price is deter mined, or such later time as the Overall Coordinators (for themselves and on behalf of the Underwriters) and our Company may agree, but in any event no later than 12:00 noon on Wed",unreviewed_candidate
2249.HK,prospectus,pipeline/prospectus_pipeline/data/pdf/HKIPO-MB2249.pdf,60,"price of our H Shares sold to the public in the Global Offering is expected to be determined on the Price Determination Date of the Global Offering. However, the H Shares will not commence trading on the Stock Exchange until they are delivered, which is expected to be two Business Days after the Price Determination Date. As a result, investors may not be able to sell or otherwise deal in the H Shares during that per",unreviewed_candidate
2249.HK,prospectus,pipeline/prospectus_pipeline/data/pdf/HKIPO-MB2249.pdf,60,"on the Stock Exchange until they are delivered, which is expected to be two Business Days after the Price Determination Date. As a result, investors may not be able to sell or otherwise deal in the H Shares during that period. Accordingly, holders of our H Shares are subject to the risk that the price of the H Shares when trading begins could be lower than the Global Offering as a result of adverse market conditions",unreviewed_candidate
2249.HK,prospectus,pipeline/prospectus_pipeline/data/pdf/HKIPO-MB2249.pdf,70,"s of the International Underwriting Agreement which is expected to be entered into on or around the Price Determination Date. For further information regarding the Underwriters and the Underwriting Agreements, see “Underwriting” in this prospectus. – 61 – ",unreviewed_candidate
2249.HK,prospectus,pipeline/prospectus_pipeline/data/pdf/HKIPO-MB2249.pdf,71," the Overall Coordinators (for themselves and on behalf of the Underwriters) and our Company on the Price Determination Date. The Price Determination Date is expected to be on or before Wednesday, July 8, 2026. If, for any reason, the Offer Price is not agreed among us and the Overall Coordinators (for themselves and on behalf of the Underwriters) on or before 12:00 noon on Wednesday, July 8, 2026, the Global Offeri",unreviewed_candidate
2249.HK,prospectus,pipeline/prospectus_pipeline/data/pdf/HKIPO-MB2249.pdf,71," themselves and on behalf of the Underwriters) and our Company on the Price Determination Date. The Price Determination Date is expected to be on or before Wednesday, July 8, 2026. If, for any reason, the Offer Price is not agreed among us and the Overall Coordinators (for themselves and on behalf of the Underwriters) on or before 12:00 noon on Wednesday, July 8, 2026, the Global Offering will not proceed and will l",unreviewed_candidate
2249.HK,prospectus,pipeline/prospectus_pipeline/data/pdf/HKIPO-MB2249.pdf,190," SHARE CAPITAL (4) Price determination basis The issue price of the H Shares will be determined, among others, after due consideration of the interests of existing Shareholders of our Company, the acceptance of investors and issuance risks and in accordance with international practices through the demands for orders and book building pr",unreviewed_candidate
2249.HK,prospectus,pipeline/prospectus_pipeline/data/pdf/HKIPO-MB2249.pdf,257," the Overall Coordinators (for themselves and on behalf of the Underwriters) and our Company on the Price Determination Date, when market demand for the Offer Shares will be determined. The Price Determination Date is expected to be on or before Wednesday, July 8, 2026 and in no event later than 12:00 noon on Wednesday, July 8, 2026. The Offer Price will be not more than HK$32.30 per Offer Share and is currently exp",unreviewed_candidate
2249.HK,prospectus,pipeline/prospectus_pipeline/data/pdf/HKIPO-MB2249.pdf,257,"ny on the Price Determination Date, when market demand for the Offer Shares will be determined. The Price Determination Date is expected to be on or before Wednesday, July 8, 2026 and in no event later than 12:00 noon on Wednesday, July 8, 2026. The Offer Price will be not more than HK$32.30 per Offer Share and is currently expected not to be less than HK$30.00 per Offer Share unless otherwise announced, as further ",unreviewed_candidate
2249.HK,prospectus,pipeline/prospectus_pipeline/data/pdf/HKIPO-MB2249.pdf,257,"explained below. Prospective investors should be aware that the Offer Price to be determined on the Price Determination Date may be, but is not expected to be, lower than the indicative price range stated in this Prospectus. The International Underwriters will be soliciting from prospective investors indications of interest in acquiring Offer Shares in the International Offering. Prospective professional and institu",unreviewed_candidate
2249.HK,prospectus,pipeline/prospectus_pipeline/data/pdf/HKIPO-MB2249.pdf,258, Company; • the execution and delivery of the International Underwriting Agreement on or around the Price Determination Date; • our Company having submitted to HKSCC all requisite documents to enable the Offer Shares to be admitted to trade on the Stock Exchange; and • the obligations of the Underwriters under the respective Underwriting Agreements becoming and remaining unconditional (unless and to the extent such ,unreviewed_candidate
2261.HK,prospectus,pipeline/prospectus_pipeline/data/pdf/HKIPO-MB2261.pdf,2," the Overall Coordinators (for themselves and on behalf of the Underwriters) and our Company on the Price Determination Date. The Price Determination Date is expected to be on or around Wednesday, August 5, 2026 (Hong Kong time) and, in any event, not later than 12:00 noon on Wednesday, August 5, 2026 (Hong Kong time). The Offer Price will not be more than HK$11.18 per Offer Share and is currently expected to be not",unreviewed_candidate
2261.HK,prospectus,pipeline/prospectus_pipeline/data/pdf/HKIPO-MB2261.pdf,2," themselves and on behalf of the Underwriters) and our Company on the Price Determination Date. The Price Determination Date is expected to be on or around Wednesday, August 5, 2026 (Hong Kong time) and, in any event, not later than 12:00 noon on Wednesday, August 5, 2026 (Hong Kong time). The Offer Price will not be more than HK$11.18 per Offer Share and is currently expected to be not less than HK$10.42 per Offer ",unreviewed_candidate
2261.HK,prospectus,pipeline/prospectus_pipeline/data/pdf/HKIPO-MB2261.pdf,5,"g close(3) . . . . . . . . . . . . . . . . . . . . . 12:00 noon on Tuesday, August 4, 2026 Expected Price Determination Date(5) . . . . . . . . . . . . . . . . . . . . . . . . . . . . at or before 12:00 noon on Wednesday, August 5, 2026 Announcement of the Offer Price, an indication of the level of interest in the International Offering, the level of applications in the Hong Kong Public Offering and the basis of all",unreviewed_candidate
2261.HK,prospectus,pipeline/prospectus_pipeline/data/pdf/HKIPO-MB2261.pdf,6,"for Hong Kong Offer Shares — A. Application for Hong Kong Offer Shares” of this prospectus. (5) The Price Determination Date is expected to be on or around Wednesday, August 5, 2026 and, in any event, not later than 12:00 noon on Wednesday, August 5, 2026. If, for any reason, we do not agree with the Overall Coordinator (for itself and on behalf of the Underwriters) on the pricing of the Offer Shares by 12:00 noon o",unreviewed_candidate
2261.HK,prospectus,pipeline/prospectus_pipeline/data/pdf/HKIPO-MB2261.pdf,31,"ao, Ms. Liu, the Joint Sponsors, the Overall Coordinators and the International Underwriters on the Price Determination Date “IP Litigation Counsel” Liu Shen & Associates, our Legal Advisor as to PRC intellectual property laws “Joint Bookrunners” the joint bookrunners as named in “Directors, Supervisors and Parties Involved in the Global Offering” section in this Prospectus “Joint Global Coordinators” the joint glob",unreviewed_candidate
2261.HK,prospectus,pipeline/prospectus_pipeline/data/pdf/HKIPO-MB2261.pdf,34,"re set out in the section headed “History, Development and Corporate Structure” in this Prospectus “Price Determination Agreement” the agreement to be entered into by the Overall Coordinators (for themselves and on behalf of the Underwriters) and our Company on the Price Determination Date to record and fix the Offer Price “Price Determination Date” the date, expected to be on or around August 5, 2026 (Hong Kong tim",unreviewed_candidate
2261.HK,prospectus,pipeline/prospectus_pipeline/data/pdf/HKIPO-MB2261.pdf,34," the Overall Coordinators (for themselves and on behalf of the Underwriters) and our Company on the Price Determination Date to record and fix the Offer Price “Price Determination Date” the date, expected to be on or around August 5, 2026 (Hong Kong time) on which the Offer Price is determined, or such later time as our Company and the Overall Coordinators (for themselves and on behalf of the Underwriters) may agree",unreviewed_candidate
2261.HK,prospectus,pipeline/prospectus_pipeline/data/pdf/HKIPO-MB2261.pdf,34,"he Underwriters) and our Company on the Price Determination Date to record and fix the Offer Price “Price Determination Date” the date, expected to be on or around August 5, 2026 (Hong Kong time) on which the Offer Price is determined, or such later time as our Company and the Overall Coordinators (for themselves and on behalf of the Underwriters) may agree, but in any event not later than 12:00 noon on August 5, 20",unreviewed_candidate
2261.HK,prospectus,pipeline/prospectus_pipeline/data/pdf/HKIPO-MB2261.pdf,69,"ms of the International Underwriting Agreement which is expected to be entered into on or about the Price Determination Date, subject to agreement on the Offer Price. Further details of the Underwriters and the underwriting arrangements are set out in the section headed “Underwriting” in this Prospectus. The Offer Shares are offered solely on the basis of the information contained and representations made in this Pr",unreviewed_candidate
2261.HK,prospectus,pipeline/prospectus_pipeline/data/pdf/HKIPO-MB2261.pdf,276," the International Underwriting Agreement with, among others, the International Underwriters on the Price Determination Date. Under the International Underwriting Agreement and subject to the Over-allotment Option, the International Underwriters would, subject to certain conditions set out therein, agree severally and not jointly to procure purchasers for, or themselves purchase, their respective proportions of the ",unreviewed_candidate
2261.HK,prospectus,pipeline/prospectus_pipeline/data/pdf/HKIPO-MB2261.pdf,284,"ffer Shares for the purpose of the various offerings under the Global Offering will be fixed on the Price Determination Date, which is expected to be on or around Wednesday, August 5, 2026 (Hong Kong time) and, in any event, not later than 12:00 noon on Wednesday, August 5, 2026 (Hong Kong time) by agreement between the Overall Coordinators (for themselves and on behalf of the Underwriters) and us, and the number of",unreviewed_candidate
2261.HK,prospectus,pipeline/prospectus_pipeline/data/pdf/HKIPO-MB2261.pdf,284,"of 100 H Shares. Prospective investors should be aware that the Offer Price to be determined on the Price Determination Date may be, but is not expected to be, lower than the indicative Offer Price range stated in this prospectus. The International Underwriters will be soliciting indications of interest in acquiring International Offer Shares in the International Offering from prospective investors. Prospective prof",unreviewed_candidate
2261.HK,prospectus,pipeline/prospectus_pipeline/data/pdf/HKIPO-MB2261.pdf,286,"en us, the Overall Coordinators (for themselves and on behalf of the Underwriters) on or around the Price Determination Date; (iii) the execution and delivery of the International Underwriting Agreement on or around the Price Determination Date; and the obligations of the Underwriters under each of the Hong Kong Underwriting Agreement and the International Underwriting Agreement becoming and remaining unconditional ",unreviewed_candidate
2261.HK,prospectus,pipeline/prospectus_pipeline/data/pdf/HKIPO-MB2261.pdf,286,"Date; (iii) the execution and delivery of the International Underwriting Agreement on or around the Price Determination Date; and the obligations of the Underwriters under each of the Hong Kong Underwriting Agreement and the International Underwriting Agreement becoming and remaining unconditional and not having been terminated in accordance with the terms of the respective agreements, in each case on or before the ",unreviewed_candidate
2526.HK,prospectus,pipeline/prospectus_pipeline/data/pdf/HKIPO-MB2526.pdf,2,"etween the Sponsor-overall Coordinator (for itself and on behalf of the Underwriters) and us on the Price Determination Date. The Price Determination Date is expected to be on or before Thursday, March 26, 2026 (Hong Kong time) and, in any event, not later than 12:00 noon on Thursday, March 26, 2026 (Hong Kong time). The Offer Price will not be more than HK$112.5 per Offer Share and is currently expected to be not l",unreviewed_candidate
2526.HK,prospectus,pipeline/prospectus_pipeline/data/pdf/HKIPO-MB2526.pdf,2,"rdinator (for itself and on behalf of the Underwriters) and us on the Price Determination Date. The Price Determination Date is expected to be on or before Thursday, March 26, 2026 (Hong Kong time) and, in any event, not later than 12:00 noon on Thursday, March 26, 2026 (Hong Kong time). The Offer Price will not be more than HK$112.5 per Offer Share and is currently expected to be not less than HK$95.6 per Offer Sha",unreviewed_candidate
2526.HK,prospectus,pipeline/prospectus_pipeline/data/pdf/HKIPO-MB2526.pdf,5,". . . . . . . . . . . . . . . . . . . . . . . . . .12:00 noon on Wednesday, March 25, 2026 Expected Price Determination Date . . . . . . . . . . . . . . . . . . . . . . . . by 12:00 noon on Thursday, March 26, 2026 Announcement of the Offer Price, the level of applications in the Hong Kong Public Offering, the level of indications of interest in the International Offering; and the basis of allocation of the Hong Kon",unreviewed_candidate
2526.HK,prospectus,pipeline/prospectus_pipeline/data/pdf/HKIPO-MB2526.pdf,35, DEFINITIONS “Price Determination Agreement” the agreement to be entered into between our Company and the Sponsor-overall Coordinator (for itself and on behalf of the Underwriters) on the Price Determination Date to fix and record the Offer Price “Price Determination Date” the date on which the Offer Price is to be fixed “Regulatio,unreviewed_candidate
2526.HK,prospectus,pipeline/prospectus_pipeline/data/pdf/HKIPO-MB2526.pdf,35,"r Company and the Sponsor-overall Coordinator (for itself and on behalf of the Underwriters) on the Price Determination Date to fix and record the Offer Price “Price Determination Date” the date on which the Offer Price is to be fixed “Regulation S” Regulation S under the U.S. Securities Act “Renminbi” or “RMB” Renminbi, the lawful currency of the PRC “SAFE” the State Administration of Foreign Exchange of the PRC (中",unreviewed_candidate
2526.HK,prospectus,pipeline/prospectus_pipeline/data/pdf/HKIPO-MB2526.pdf,35,"d on behalf of the Underwriters) on the Price Determination Date to fix and record the Offer Price “Price Determination Date” the date on which the Offer Price is to be fixed “Regulation S” Regulation S under the U.S. Securities Act “Renminbi” or “RMB” Renminbi, the lawful currency of the PRC “SAFE” the State Administration of Foreign Exchange of the PRC (中華人民共和國國家外匯管理局) “Securities and Futures the Securities and Fu",unreviewed_candidate
2526.HK,prospectus,pipeline/prospectus_pipeline/data/pdf/HKIPO-MB2526.pdf,81,"ng Agreement relating to the International Offering is expected to be entered into on or around the Price Determination Date, subject to the determination of the pricing of the Offer Shares. The Global Offering is managed by the Sponsor-overall Coordinator. – 72 – ",unreviewed_candidate
2526.HK,prospectus,pipeline/prospectus_pipeline/data/pdf/HKIPO-MB2526.pdf,292,"ffer Shares for the purpose of the various offerings under the Global Offering will be fixed on the Price Determination Date, which is expected to be on or about Thursday, March 26, 2026, by agreement between the Sponsor-overall Coordinator (for itself and on behalf of the Underwriters) and our Company and the number of Offer Shares to be allocated under the various offerings will be determined shortly thereafter. O",unreviewed_candidate
2526.HK,prospectus,pipeline/prospectus_pipeline/data/pdf/HKIPO-MB2526.pdf,292,"explained below. Prospective investors should be aware that the Offer Price to be determined on the Price Determination Date may be, but is not expected to be, lower than the indicative Offer Price range stated in this prospectus. If, for any reason, our Company and the Overall Coordinator (for itself and on behalf of the Underwriters) are unable to reach agreement on the Offer Price on or before 12:00 noon on Thurs",unreviewed_candidate
2526.HK,prospectus,pipeline/prospectus_pipeline/data/pdf/HKIPO-MB2526.pdf,293,to the International Underwriting Agreement relating to the International Offering on or around the Price Determination Date. These underwriting arrangements under the Hong Kong Underwriting Agreement and the International Underwriting Agreement are summarized in “Underwriting” in this prospectus. – 284 – ,unreviewed_candidate
2526.HK,prospectus,pipeline/prospectus_pipeline/data/pdf/HKIPO-MB2526.pdf,294,tween our Company and the Overall Coordinator (for itself and on behalf of the Underwriters) on the Price Determination Date; (c) the execution and delivery of the International Underwriting Agreement on or around the Price Determination Date; and (d) the obligations of the Underwriters under the respective Underwriting Agreements becoming and remaining unconditional and not having been terminated in accordance with,unreviewed_candidate
2526.HK,prospectus,pipeline/prospectus_pipeline/data/pdf/HKIPO-MB2526.pdf,294,"n Date; (c) the execution and delivery of the International Underwriting Agreement on or around the Price Determination Date; and (d) the obligations of the Underwriters under the respective Underwriting Agreements becoming and remaining unconditional and not having been terminated in accordance with the terms of the respective agreements, in each case on or before the dates and times specified in the respective Und",unreviewed_candidate
2632.HK,prospectus,pipeline/prospectus_pipeline/data/pdf/HKIPO-MB2632.pdf,2,"y agreement between the Overall Coordinators (on behalf of the Underwriters) and our Company on the Price Determination Date. The Price Determination Date is expected to be on or around Friday, March 20, 2026 (Hong Kong time) and, in any event, not later than 12:00 noon on Friday, March 20, 2026 (Hong Kong time). The Offer Price will not be more than HK$48.00 per Offer Share and is currently expected to be not less ",unreviewed_candidate
2632.HK,prospectus,pipeline/prospectus_pipeline/data/pdf/HKIPO-MB2632.pdf,2,"l Coordinators (on behalf of the Underwriters) and our Company on the Price Determination Date. The Price Determination Date is expected to be on or around Friday, March 20, 2026 (Hong Kong time) and, in any event, not later than 12:00 noon on Friday, March 20, 2026 (Hong Kong time). The Offer Price will not be more than HK$48.00 per Offer Share and is currently expected to be not less than HK$42.00 per Offer Share ",unreviewed_candidate
2632.HK,prospectus,pipeline/prospectus_pipeline/data/pdf/HKIPO-MB2632.pdf,5," (3) . . . . . . . . . . . . . . . . . . . . . . . .12:00 noon on Thursday, March 19, 2026 Expected Price Determination Date (5) . . . . . . . . . . . . . . at or before 12:00 noon on Friday, March 20, 2026 Announcement of the final Offer Price, the level of indications of interest in the International Offering, the level of applications in the Hong Kong Public Offering and the basis of allocation of the Hong Kong O",unreviewed_candidate
2632.HK,prospectus,pipeline/prospectus_pipeline/data/pdf/HKIPO-MB2632.pdf,7," Kong Offer Shares — A. Applications for Hong Kong Offer Shares — 2. Application Channels”. (5) The Price Determination Date is expected to be on or around Friday, March 20, 2026 and, in any event, not later than 12:00 noon on Friday, March 20, 2026. If, for any reason, the Offer Price is not agreed between the Overall Coordinators (for themselves and on behalf of the Underwriters) and us by 12:00 noon on Friday, Ma",unreviewed_candidate
2632.HK,prospectus,pipeline/prospectus_pipeline/data/pdf/HKIPO-MB2632.pdf,44,"nal Underwriting the underwriting agreement expected to be entered into Agreement” on or around the Price Determination Date by our Company, the Controlling Shareholders, the Joint Sponsors, the Overall Coordinators and the International Underwriters in respect of the International Offering, as further described in “Underwriting — Underwriting Arrangements and Expenses — The International Offering” in this prospectu",unreviewed_candidate
2632.HK,prospectus,pipeline/prospectus_pipeline/data/pdf/HKIPO-MB2632.pdf,48," principles of PRC “PRC Legal Advisor” Allbright Law Offices, the PRC legal advisor of our Company “Price Determination Agreement” the agreement to be entered into by the Overall Coordinators (for themselves and on behalf of the Underwriters) and our Company on the Price Determination Date to record and fix the Offer Price “Price Determination Date” the date, expected to be on or around Friday, March 20, 2026 (Hong ",unreviewed_candidate
2632.HK,prospectus,pipeline/prospectus_pipeline/data/pdf/HKIPO-MB2632.pdf,48," the Overall Coordinators (for themselves and on behalf of the Underwriters) and our Company on the Price Determination Date to record and fix the Offer Price “Price Determination Date” the date, expected to be on or around Friday, March 20, 2026 (Hong Kong time) on which the Offer Price is determined, or such later time as the Overall Coordinators (for themselves and on behalf of the Underwriters) and our Company m",unreviewed_candidate
2632.HK,prospectus,pipeline/prospectus_pipeline/data/pdf/HKIPO-MB2632.pdf,48,"he Underwriters) and our Company on the Price Determination Date to record and fix the Offer Price “Price Determination Date” the date, expected to be on or around Friday, March 20, 2026 (Hong Kong time) on which the Offer Price is determined, or such later time as the Overall Coordinators (for themselves and on behalf of the Underwriters) and our Company may agree, but in any event no later than 12:00 noon on Frida",unreviewed_candidate
2632.HK,prospectus,pipeline/prospectus_pipeline/data/pdf/HKIPO-MB2632.pdf,120,derwriters. The International Underwriting Agreement is expected to be entered into on or about the Price Determination Date. Further details about the Underwriters and the underwriting arrangements are contained in the section headed “Underwriting” in this prospectus. RESTRICTIONS ON OFFER AND SALE OF THE SHARES No action has been taken to permit a Hong Kong Public Offering of the Offer Shares or the general distri,unreviewed_candidate
2632.HK,prospectus,pipeline/prospectus_pipeline/data/pdf/HKIPO-MB2632.pdf,445,"writing Agreement with the Overall Coordinators and the International Underwriters on or around the Price Determination Date. Under the International Underwriting Agreement, the International Underwriters would, subject to certain conditions set out therein, agree severally but not jointly to procure subscribers for, or themselves to subscribe for, their respective applicable proportions of the International Offer S",unreviewed_candidate
2632.HK,prospectus,pipeline/prospectus_pipeline/data/pdf/HKIPO-MB2632.pdf,454,"ffer Shares for the purpose of the various offerings under the Global Offering will be fixed on the Price Determination Date, which is expected to be on or about Friday, March 20, 2026 and, in any event, no later than 12:00 noon on Friday, March 20, 2026, by agreement between the Overall Coordinators (on behalf of the Underwriters), our Company, and the number of Offer Shares to be allocated under the various offeri",unreviewed_candidate
2632.HK,prospectus,pipeline/prospectus_pipeline/data/pdf/HKIPO-MB2632.pdf,454,"ot of 50 Shares. Prospective investors should be aware that the Offer Price to be determined on the Price Determination Date may be, but is not expected to be, lower than the low-end of the indicative Offer Price range stated in this Prospectus. The International Underwriters will be soliciting from prospective investors indications of interest in acquiring Offer Shares in the International Offering. Prospective pro",unreviewed_candidate
2632.HK,prospectus,pipeline/prospectus_pipeline/data/pdf/HKIPO-MB2632.pdf,456,"o enter into the International Underwriting Agreement relating to the International Offering on the Price Determination Date. These underwriting arrangements, including the Underwriting Agreements, are summarized in “Underwriting”. CONDITIONS OF THE GLOBAL OFFERING Acceptance of all applications for Offer Shares will be conditional on: (a) the Stock Exchange granting approval for the listing of, and permission to de",unreviewed_candidate
2632.HK,prospectus,pipeline/prospectus_pipeline/data/pdf/HKIPO-MB2632.pdf,456,ed between the Overall Coordinators (on behalf of the Underwriters) and our Company on or about the Price Determination Date; (c) the execution and delivery of the International Underwriting Agreement on or about the Price Determination Date; and (d) the obligations of the Hong Kong Underwriters under the Hong Kong Underwriting Agreement and the obligations of the International Underwriters under the International U,unreviewed_candidate
2632.HK,prospectus,pipeline/prospectus_pipeline/data/pdf/HKIPO-MB2632.pdf,456,on Date; (c) the execution and delivery of the International Underwriting Agreement on or about the Price Determination Date; and (d) the obligations of the Hong Kong Underwriters under the Hong Kong Underwriting Agreement and the obligations of the International Underwriters under the International Underwriting Agreement becoming and remaining unconditional and not having been terminated in accordance with the term,unreviewed_candidate
2649.HK,prospectus,pipeline/prospectus_pipeline/data/pdf/HKIPO-MB2649.pdf,5,"ts close (3) . . . . . . . . . . . . . . . . . . . .12:00 noon on Wednesday, March 4, 2026 Expected Price Determination Date (9) . . . . . . . . . . . . . . . . . . . . . . . . . . . . .by 12:00 noon on Thursday, March 5, 2026 Where applicable, announcement of the Offer Price being set below HK$11.0 (the bottom end of the indicative Offer Price range) after making a Downward Offer Price Adjustment (see “Structure of",unreviewed_candidate
2649.HK,prospectus,pipeline/prospectus_pipeline/data/pdf/HKIPO-MB2649.pdf,7," Shares — D. Despatch/Collection of H Share Certificates and Refund of Application Monies.” (9) The Price Determination Date is expected to be on or before Thursday, March 5, 2026, and in any event, not later than 12:00 noon on Thursday, March 5, 2026. If, for any reason, the Offer Price is not agreed between the Overall Coordinators (for themselves and on behalf of the Underwriters) and us by 12:00 noon on Thursday",unreviewed_candidate
2649.HK,prospectus,pipeline/prospectus_pipeline/data/pdf/HKIPO-MB2649.pdf,46," DEFINITIONS “Price Determination Date” the date, expected to be on or before Thursday, March 5, 2026, (Hong Kong time) on which the Offer Price is determined, or such later time as the Sole Sponsor and the Overall Coordinators (on behalf of the Hong Kong Underwriters) and our Company may agree, but in any event no later than Thurs",unreviewed_candidate
2649.HK,prospectus,pipeline/prospectus_pipeline/data/pdf/HKIPO-MB2649.pdf,91,ms of the International Underwriting Agreement which is expected to be entered into on or about the Price Determination Date. Further information regarding the Underwriters and the Underwriting Agreements are set out in the section headed “Underwriting” in this prospectus. – 82 – ,unreviewed_candidate
2649.HK,prospectus,pipeline/prospectus_pipeline/data/pdf/HKIPO-MB2649.pdf,409,"nge trading fee. Prospective investors should be aware that the Offer Price to be determined on the Price Determination Date may be, but is not expected to be, lower than the minimum Offer Price stated in this prospectus (subject to a Downward Offer Price Adjustment). The Overall Coordinators and the Joint Global Coordinators (for themselves and on behalf of the Underwriters) may, where considered appropriate, based",unreviewed_candidate
2649.HK,prospectus,pipeline/prospectus_pipeline/data/pdf/HKIPO-MB2649.pdf,410,"0% below HK$11.0 (the bottom end of the Offer Price range), at any time on or prior to the Expected Price Determination Date. – 401 – ",unreviewed_candidate
2667.HK,prospectus,pipeline/prospectus_pipeline/data/pdf/HKIPO-MB2667.pdf,2,"t between us and the Sole Overall Coordinator (for itself and on behalf of the Underwriters) on the Price Determination Date, which is expected to be on or before Friday, July 3, 2026 and, in any event, not later than 12:00 noon on Friday, July 3, 2026. The Offer Price will be not more than HK$6.21 per Offer Share and is currently expected to be not less than HK$5.48 per Offer Share, unless otherwise announced. If, ",unreviewed_candidate
2667.HK,prospectus,pipeline/prospectus_pipeline/data/pdf/HKIPO-MB2667.pdf,5," Public Offering close (3) . . . . . . . . . . . . . .12:00 noon on Thursday, July 2, 2026 Expected Price Determination Date (5) . . . . . . . . . . . . . . . . . . . . . . . . . . . .by 12:00 noon on Friday, July 3, 2026 Announcement of the final Offer Price, an indication of the level of interest in the International Offering, the level of applications in the Hong Kong Public Offering and the basis of allocation o",unreviewed_candidate
2667.HK,prospectus,pipeline/prospectus_pipeline/data/pdf/HKIPO-MB2667.pdf,6,"aded “How to Apply for Hong Kong Offer Shares — A. Application for Hong Kong Offer Shares”. (5) The Price Determination Date is expected to be on or before Friday, July 3, 2026 and, in any event, not later than 12:00 noon on Friday, July 3, 2026 or such other date as agreed between parties. If, for any reason, the Offer Price is not agreed between the Sole Overall Coordinator (for itself and on behalf of the Underwr",unreviewed_candidate
2667.HK,prospectus,pipeline/prospectus_pipeline/data/pdf/HKIPO-MB2667.pdf,36,"ganization and Corporate Structure” “Pre-IPO Investors” the investor(s) of the Pre-IPO Investments “Price Determination the date, expected to be on or before Friday, July 3, 2026 but no Date” later than 12:00 noon on Friday, July 3, 2026, on which the Offer Price is to be determined for the purposes of the Global Offering “Property Valuer” Jones Lang LaSalle Corporate Appraisal and Advisory Limited, an independent p",unreviewed_candidate
2667.HK,prospectus,pipeline/prospectus_pipeline/data/pdf/HKIPO-MB2667.pdf,76," of the International Underwriting Agreement, which is expected to be entered into on or around the Price Determination Date. The Offer Price is expected to be determined between the Sole Overall Coordinator (for itself and on behalf of the Underwriters) and our Company on the Price Determination Date. The Price Determination Date is expected to be on or before Friday, July 3, 2026 and, in any event not later than 1",unreviewed_candidate
2667.HK,prospectus,pipeline/prospectus_pipeline/data/pdf/HKIPO-MB2667.pdf,76," the Sole Overall Coordinator (for itself and on behalf of the Underwriters) and our Company on the Price Determination Date. The Price Determination Date is expected to be on or before Friday, July 3, 2026 and, in any event not later than 12:00 noon on Friday, July 3, 2026. If, for any reason, the Offer Price is not agreed among us and the Sole Overall Coordinator (for itself and on behalf of the Underwriters), the",unreviewed_candidate
2667.HK,prospectus,pipeline/prospectus_pipeline/data/pdf/HKIPO-MB2667.pdf,76,"(for itself and on behalf of the Underwriters) and our Company on the Price Determination Date. The Price Determination Date is expected to be on or before Friday, July 3, 2026 and, in any event not later than 12:00 noon on Friday, July 3, 2026. If, for any reason, the Offer Price is not agreed among us and the Sole Overall Coordinator (for itself and on behalf of the Underwriters), the Global Offering will not proc",unreviewed_candidate
2667.HK,prospectus,pipeline/prospectus_pipeline/data/pdf/HKIPO-MB2667.pdf,308,"ompany and the Sole Overall Coordinator (for itself and on behalf of the other Underwriters) on the Price Determination Date; (c) the execution and delivery of the International Underwriting Agreement on or about Friday, July 3, 2026; and (d) the obligations of the Hong Kong Underwriters under the Hong Kong Underwriting Agreement and the obligations of the International Underwriters under the International Underwrit",unreviewed_candidate
2677.HK,prospectus,pipeline/prospectus_pipeline/data/pdf/HKIPO-MB2677.pdf,5,". . . . . . . . . . . . . . . . . . . . . . . . . .12:00 noon on Tuesday, February 3, 2026 Expected Price Determination Date (4) . . . . . . . . . . . . . . . . . . . . on or before 12:00 noon on Wednesday, February 4, 2026 Announcement of the final Offer Price, the level of applications in the Hong Kong Public Offering, the level of indications of interest in the International Offering and the basis of allocation o",unreviewed_candidate
2677.HK,prospectus,pipeline/prospectus_pipeline/data/pdf/HKIPO-MB2677.pdf,48,"ponsors, the Joint Sponsor-Overall Coordinators and the International Underwriters, on or about the Price Determination Date “Joint Bookrunners” the joint bookrunners as named in the section headed “Directors and Parties Involved in the Global Offering” in this prospectus “Joint Global Coordinators” the joint global coordinators as named in the section headed “Directors and Parties Involved in the Global Offering” i",unreviewed_candidate
2677.HK,prospectus,pipeline/prospectus_pipeline/data/pdf/HKIPO-MB2677.pdf,52,"set out in the section headed “History, Reorganization and Corporate Structure” in this prospectus “Price Determination Agreement” the agreement to be entered into by the Joint Sponsor- Overall Coordinators (for themselves and on behalf of the Underwriters) and our Company on the Price Determination Date to record the Offer Price “Price Determination Date” the date on which the Offer Price is to be determined “Princ",unreviewed_candidate
2677.HK,prospectus,pipeline/prospectus_pipeline/data/pdf/HKIPO-MB2677.pdf,52,"sor- Overall Coordinators (for themselves and on behalf of the Underwriters) and our Company on the Price Determination Date to record the Offer Price “Price Determination Date” the date on which the Offer Price is to be determined “Principal Share Registrar” Campbells Corporate Services Limited “Proxy Shareholder(s)” refers to H Capital IV, L.P., Image Frame Investment (HK) Limited, MPC II L.P. and MPC II-A L.P. Fo",unreviewed_candidate
2677.HK,prospectus,pipeline/prospectus_pipeline/data/pdf/HKIPO-MB2677.pdf,52,"alf of the Underwriters) and our Company on the Price Determination Date to record the Offer Price “Price Determination Date” the date on which the Offer Price is to be determined “Principal Share Registrar” Campbells Corporate Services Limited “Proxy Shareholder(s)” refers to H Capital IV, L.P., Image Frame Investment (HK) Limited, MPC II L.P. and MPC II-A L.P. For more details, please refer to the section headed “",unreviewed_candidate
2677.HK,prospectus,pipeline/prospectus_pipeline/data/pdf/HKIPO-MB2677.pdf,115,"ll Coordinators (for themselves and on behalf of the Underwriters) and our Company on or around the Price Determination Date, which is expected to be Wednesday, February 4, 2026, but in any event no later than 12:00 noon on Wednesday, February 4, 2026), the Hong Kong Offer Shares are fully underwritten by the Hong Kong Underwriters pursuant to the Hong Kong Underwriting Agreement and the International Offer Shares a",unreviewed_candidate
2677.HK,prospectus,pipeline/prospectus_pipeline/data/pdf/HKIPO-MB2677.pdf,115," of the International Underwriting Agreement, which is expected to be entered into on or around the Price Determination Date. Further information regarding the Underwriters and the Underwriting Agreements are set out in the section headed “Underwriting” in this prospectus. – 106 – ",unreviewed_candidate
2677.HK,prospectus,pipeline/prospectus_pipeline/data/pdf/HKIPO-MB2677.pdf,478,"ordinators and the International Underwriters and the Capital Market Intermediaries on or about the Price Determination Date. Under the International Underwriting Agreement and subject to the Over-allotment Option, the International Underwriters would, subject to certain conditions set out therein, agree severally but not jointly to procure subscribers for, or themselves to subscribe for, their respective applicable",unreviewed_candidate
2677.HK,prospectus,pipeline/prospectus_pipeline/data/pdf/HKIPO-MB2677.pdf,489,"ffer Shares for the purpose of the various offerings under the Global Offering will be fixed on the Price Determination Date, which is expected to be on or about Wednesday, February 4, 2026, by agreement between the Joint Sponsor-Overall Coordinators (for themselves and on behalf of the Underwriters) and our Company, and the number of Offer Shares to be allocated under the various offerings will be determined shortl",unreviewed_candidate
2677.HK,prospectus,pipeline/prospectus_pipeline/data/pdf/HKIPO-MB2677.pdf,490,"nto the International Underwriting Agreement relating to the International Offering on or about the Price Determination Date. These underwriting arrangements, including the Underwriting Agreements, are summarized in “Underwriting.” – 481 – ",unreviewed_candidate
2677.HK,prospectus,pipeline/prospectus_pipeline/data/pdf/HKIPO-MB2677.pdf,491,Company; (c) the execution and delivery of the International Underwriting Agreement on or about the Price Determination Date; and (d) the obligations of the Hong Kong Underwriters under the Hong Kong Underwriting Agreement and the obligations of the International Underwriters under the International Underwriting Agreement becoming and remaining unconditional and not having been terminated in accordance with the term,unreviewed_candidate
2677.HK,prospectus,pipeline/prospectus_pipeline/data/pdf/HKIPO-MB2677.pdf,653,"ined; (iii) the execution and delivery of the International Underwriting Agreement on or around the Price Determination Date; and (iv) the obligations of the Hong Kong Underwriters under the Hong Kong Underwriting Agreement and the International Underwriters under the International Underwriting Agreement to be made with, amongst others, our Company, becoming unconditional (including, if relevant, as a result of the ",unreviewed_candidate
2706.HK,prospectus,pipeline/prospectus_pipeline/data/pdf/HKIPO-MB2706.pdf,2,"y agreement between the Overall Coordinators (on behalf of the Underwriters) and our Company on the Price Determination Date. The Price Determination Date is expected to be on or before Wednesday, February 11, 2026 (Hong Kong time) and, in any event, not later than 12:00 noon Wednesday, February 11, 2026 (Hong Kong time). The Offer Price will not be more than HK$28.0 per Offer Share and is currently expected to be n",unreviewed_candidate
2706.HK,prospectus,pipeline/prospectus_pipeline/data/pdf/HKIPO-MB2706.pdf,2,"l Coordinators (on behalf of the Underwriters) and our Company on the Price Determination Date. The Price Determination Date is expected to be on or before Wednesday, February 11, 2026 (Hong Kong time) and, in any event, not later than 12:00 noon Wednesday, February 11, 2026 (Hong Kong time). The Offer Price will not be more than HK$28.0 per Offer Share and is currently expected to be not less than HK$25.6 per Offer",unreviewed_candidate
2706.HK,prospectus,pipeline/prospectus_pipeline/data/pdf/HKIPO-MB2706.pdf,5," . . . . . . . . . . . . . . . . . . . . . . . . .12:00 noon on Tuesday, February 10, 2026 Expected Price Determination Date . . . . . . . . . . . . . . . . . . . . . . . . . . . . . by 12:00 noon on Wednesday, February 11, 2026 Announcement of the Offer Price, the level of indications of interest in the International Offering, the level of applications in the Hong Kong Public Offering and the basis of allocation of",unreviewed_candidate
2706.HK,prospectus,pipeline/prospectus_pipeline/data/pdf/HKIPO-MB2706.pdf,58,"bout Our Directors, Chief Executive and Substantial Shareholders — 6. Pre-IPO Share Option Scheme” “Price Determination Agreement” the price determination agreement to be entered into between our Company and the Overall Coordinators (for itself and on behalf of the Underwriters) on the Price Determination Date to record and fix the Offer Price “Price Determination Date” the date, expected to be on or before Wednesda",unreviewed_candidate
2706.HK,prospectus,pipeline/prospectus_pipeline/data/pdf/HKIPO-MB2706.pdf,58," and Substantial Shareholders — 6. Pre-IPO Share Option Scheme” “Price Determination Agreement” the price determination agreement to be entered into between our Company and the Overall Coordinators (for itself and on behalf of the Underwriters) on the Price Determination Date to record and fix the Offer Price “Price Determination Date” the date, expected to be on or before Wednesday, February 11, 2026 but in any eve",unreviewed_candidate
2706.HK,prospectus,pipeline/prospectus_pipeline/data/pdf/HKIPO-MB2706.pdf,58,"ween our Company and the Overall Coordinators (for itself and on behalf of the Underwriters) on the Price Determination Date to record and fix the Offer Price “Price Determination Date” the date, expected to be on or before Wednesday, February 11, 2026 but in any event not later than 12:00 noon on Wednesday, February 11, 2026, on which the Offer Price will be determined for the purposes of the Global Offering “prosp",unreviewed_candidate
2706.HK,prospectus,pipeline/prospectus_pipeline/data/pdf/HKIPO-MB2706.pdf,58,"d on behalf of the Underwriters) on the Price Determination Date to record and fix the Offer Price “Price Determination Date” the date, expected to be on or before Wednesday, February 11, 2026 but in any event not later than 12:00 noon on Wednesday, February 11, 2026, on which the Offer Price will be determined for the purposes of the Global Offering “prospectus” this prospectus being issued in connection with the H",unreviewed_candidate
2706.HK,prospectus,pipeline/prospectus_pipeline/data/pdf/HKIPO-MB2706.pdf,112,s of the International Underwriting Agreement which is expected to be entered into on or around the Price Determination Date. Further information regarding the Underwriters and the Underwriting Agreements are set out in the section headed “Underwriting” in this prospectus. We expect that the Offer Price will be fixed by agreement among our Company and the Overall Coordinators (for themselves and on behalf of the Hon,unreviewed_candidate
2706.HK,prospectus,pipeline/prospectus_pipeline/data/pdf/HKIPO-MB2706.pdf,112,"ny and the Overall Coordinators (for themselves and on behalf of the Hong Kong Underwriters) on the Price Determination Date, which is expected to be on or before Wednesday, February 11, 2026 and in any event no later than 12:00 noon on Wednesday, February 11, 2026. If, for whatever reason, the Offer Price is not agreed between the Overall Coordinators (for themselves and on behalf of the Hong Kong Underwriters) and",unreviewed_candidate
2706.HK,prospectus,pipeline/prospectus_pipeline/data/pdf/HKIPO-MB2706.pdf,112,"ators (for themselves and on behalf of the Hong Kong Underwriters) and our Company on or before the Price Determination Date, the Global Offering will not become unconditional and will lapse immediately. Further information about the Underwriters and the underwriting arrangements is set out in the section headed “Underwriting”. The Offer Shares are offered solely on the basis of the information contained and represe",unreviewed_candidate
2706.HK,prospectus,pipeline/prospectus_pipeline/data/pdf/HKIPO-MB2706.pdf,391,"ifically: (a) for inventories and contract costs related to signed contracts, the estimated selling price was determined based on binding agreements; (b) the estimated costs to complete and selling costs were projected with reference to historical execution of similar projects; and (c) approved budgets submitted during the project initiation phase, which were reviewed and authorized by our management. Our inventories",unreviewed_candidate
2706.HK,prospectus,pipeline/prospectus_pipeline/data/pdf/HKIPO-MB2706.pdf,450,"fer Shares for the purpose of the various offerings under the Global Offering will be agreed on the Price Determination Date, which is expected to be on or before Wednesday, February 11, 2026 by agreement between the Overall Coordinators (for themselves and on behalf of the Underwriters) and our Company and the number of Offer Shares to be allocated under the various offerings will be determined shortly thereafter. ",unreviewed_candidate
2706.HK,prospectus,pipeline/prospectus_pipeline/data/pdf/HKIPO-MB2706.pdf,450,"explained below. Prospective investors should be aware that the Offer Price to be determined on the Price Determination Date may be, but is not expected to be, lower than the indicative Offer Price range stated in this prospectus. Price Payable on Application Applicants under the Hong Kong Public Offering may be required to pay, on application (subject to application channels), the maximum Offer Price of HK$28.0 per",unreviewed_candidate
2706.HK,prospectus,pipeline/prospectus_pipeline/data/pdf/HKIPO-MB2706.pdf,452,"to the International Underwriting Agreement relating to the International Offering on or around the Price Determination Date. These underwriting arrangements, including the Underwriting Agreements, are summarized in the section headed “Underwriting” in this prospectus. CONDITIONS OF THE GLOBAL OFFERING Acceptance of all applications for Offer Shares will be conditional on, among other things: (a) the Listing Committ",unreviewed_candidate
2706.HK,prospectus,pipeline/prospectus_pipeline/data/pdf/HKIPO-MB2706.pdf,452,Company; (c) the execution and delivery of the International Underwriting Agreement on or about the Price Determination Date; and (d) the obligations of the Hong Kong Underwriters under the Hong Kong Underwriting Agreement and the obligations of the International Underwriters under the International Underwriting Agreement becoming and remaining unconditional and not having been terminated in accordance with the term,unreviewed_candidate
2715.HK,prospectus,pipeline/prospectus_pipeline/data/pdf/HKIPO-MB2715.pdf,2,"etween us and the Sponsor-Overall Coordinator (for itself and on behalf of the Underwriters) on the Price Determination Date, which is expected to be on or before Thursday, March 5, 2026 (Hong Kong time) and, in any event, not later than 12:00 noon on Thursday, March 5, 2026 (Hong Kong time). The Offer Price will be not more than HK$17.00 per Offer Share and is currently expected to be not less than HK$15.36 per Off",unreviewed_candidate
2715.HK,prospectus,pipeline/prospectus_pipeline/data/pdf/HKIPO-MB2715.pdf,5," Public Offering close (3) . . . . . . . . . . . . .12:00 noon on Wednesday, March 4, 2026 Expected Price Determination Date (5) . . . . . . . . . . . . . . . . . . . . . . on or before 12:00 noon Thursday, March 5, 2026 Announcement of the final Offer Price, the level of indications of interest in the International Offering, the level of applications in the Hong Kong Public Offering and the basis of allocation of t",unreviewed_candidate
2715.HK,prospectus,pipeline/prospectus_pipeline/data/pdf/HKIPO-MB2715.pdf,7,"e for giving such instructions which may be different from the latest time as stated above. (5) The Price Determination Date is expected to be on or before Thursday, March 5, 2026. If, for any reason, the Offer Price is not agreed between the Sponsor-Overall Coordinator (for itself and on behalf of the Underwriters) and our Company on or before 12:00 noon on Thursday, March 5, 2026, the Global Offering will not proc",unreviewed_candidate
2715.HK,prospectus,pipeline/prospectus_pipeline/data/pdf/HKIPO-MB2715.pdf,44,"nal Underwriting the underwriting agreement expected to be entered into Agreement” on or around the Price Determination Date by, among others, our Company, the Sponsor-Overall Coordinator and the International Underwriters in respect of the International Offering, as further described in “Underwriting — Underwriting Arrangements and Expenses — The International Offering” “Joint Bookrunners” the Joint Bookrunners as ",unreviewed_candidate
2715.HK,prospectus,pipeline/prospectus_pipeline/data/pdf/HKIPO-MB2715.pdf,47," DEFINITIONS “PRC Legal Advisors” Zhong Lun Law Firm, our legal advisor as to PRC laws “Price Determination Agreement” the agreement to be entered into by the Sponsor-Overall Coordinator (for itself and on behalf of the Underwriters) and our Company on the Price Determination Date to record and fix the Offer Price “Price Determination Date” the date, expected to be on or around Thursday, March 5, 2026 (H",unreviewed_candidate
2715.HK,prospectus,pipeline/prospectus_pipeline/data/pdf/HKIPO-MB2715.pdf,47,"e Sponsor-Overall Coordinator (for itself and on behalf of the Underwriters) and our Company on the Price Determination Date to record and fix the Offer Price “Price Determination Date” the date, expected to be on or around Thursday, March 5, 2026 (Hong Kong time) on which the Offer Price is determined, or such later time as the Sponsor-Overall Coordinator (for itself and on behalf of the Underwriters) and our Compa",unreviewed_candidate
2715.HK,prospectus,pipeline/prospectus_pipeline/data/pdf/HKIPO-MB2715.pdf,47,"he Underwriters) and our Company on the Price Determination Date to record and fix the Offer Price “Price Determination Date” the date, expected to be on or around Thursday, March 5, 2026 (Hong Kong time) on which the Offer Price is determined, or such later time as the Sponsor-Overall Coordinator (for itself and on behalf of the Underwriters) and our Company may agree, but in any event no later than 12:00 noon on T",unreviewed_candidate
2715.HK,prospectus,pipeline/prospectus_pipeline/data/pdf/HKIPO-MB2715.pdf,312,"nal organizations, institutions, individual investors, the public and other eligible investors. (4) Price determination basis The issue price of the H Shares will be determined after due consideration of, among others, the interests of existing Shareholders, the acceptance of investors and the risks related to the offering and in accordance with international practices through the demands for orders and book-buildin",unreviewed_candidate
2715.HK,prospectus,pipeline/prospectus_pipeline/data/pdf/HKIPO-MB2715.pdf,424,"ffer Shares for the purpose of the various offerings under the Global Offering will be fixed on the Price Determination Date, which is expected to be on or before Thursday, March 5, 2026, by agreement between the Sponsor-Overall Coordinator (for itself and on behalf of the Underwriters) and the Company and the number of Offer Shares to be allocated under the various offerings will be determined shortly thereafter. –",unreviewed_candidate
2715.HK,prospectus,pipeline/prospectus_pipeline/data/pdf/HKIPO-MB2715.pdf,425,"Public Offering. Prospective investors should be aware that the Offer Price to be determined on the Price Determination Date may be, but is not expected to be, lower than the indicative Offer Price range stated in this prospectus. The International Underwriters will be soliciting from prospective investors indications of interest in acquiring Offer Shares in the International Offering. Prospective professional and i",unreviewed_candidate
2715.HK,prospectus,pipeline/prospectus_pipeline/data/pdf/HKIPO-MB2715.pdf,429,"to the International Underwriting Agreement relating to the International Offering on or around the Price Determination Date. These underwriting arrangements, including the Underwriting Agreements, are summarized in “Underwriting” in this prospectus. CONDITIONS OF THE GLOBAL OFFERING Acceptance of all applications for Offer Shares will be conditional on: (a) the Listing Committee granting approval for the listing of",unreviewed_candidate
2715.HK,prospectus,pipeline/prospectus_pipeline/data/pdf/HKIPO-MB2715.pdf,429,ordinator (for itself and on behalf of the Hong Kong Underwriters) and the Company on or before the Price Determination Date; (c) the execution and delivery of the International Underwriting Agreement on or before the Price Determination Date; and (d) the obligations of the Hong Kong Underwriters under the Hong Kong Underwriting Agreement and the obligations of the International Underwriters under the International ,unreviewed_candidate
2715.HK,prospectus,pipeline/prospectus_pipeline/data/pdf/HKIPO-MB2715.pdf,429,n Date; (c) the execution and delivery of the International Underwriting Agreement on or before the Price Determination Date; and (d) the obligations of the Hong Kong Underwriters under the Hong Kong Underwriting Agreement and the obligations of the International Underwriters under the International Underwriting Agreement becoming and remaining unconditional and not having been terminated in accordance with the term,unreviewed_candidate
2715.HK,prospectus,pipeline/prospectus_pipeline/data/pdf/HKIPO-MB2715.pdf,429,"n behalf of the Hong Kong Underwriters) and the Company on or before the Thursday, March 5, 2026 on Price Determination Date, the Global Offering will not proceed and will lapse. – 419 – ",unreviewed_candidate
2720.HK,prospectus,pipeline/prospectus_pipeline/data/pdf/HKIPO-MB2720.pdf,2,"t between the Sole Overall Coordinator (for itself and on behalf of the Underwriters) and us on the Price Determination Date. The Price Determination Date is expected to be on or around Friday, February 6, 2026 (Hong Kong time) and, in any event, not later than 12:00 noon on Friday, February 6, 2026 (Hong Kong time). The Offer Price will be not more than HK$12.25 and is currently expected to be not less than HK$11.2",unreviewed_candidate
2720.HK,prospectus,pipeline/prospectus_pipeline/data/pdf/HKIPO-MB2720.pdf,2,"rdinator (for itself and on behalf of the Underwriters) and us on the Price Determination Date. The Price Determination Date is expected to be on or around Friday, February 6, 2026 (Hong Kong time) and, in any event, not later than 12:00 noon on Friday, February 6, 2026 (Hong Kong time). The Offer Price will be not more than HK$12.25 and is currently expected to be not less than HK$11.25 per Offer Share. If, for any",unreviewed_candidate
2720.HK,prospectus,pipeline/prospectus_pipeline/data/pdf/HKIPO-MB2720.pdf,5," the Hong Kong Public Offering close (3) . . . . .12:00 noon on Thursday, February 5, 2026 Expected Price Determination Date (5) . . . . . . . . . . . . . . . . . . . . at or before 12:00 noon on Friday, February 6, 2026 – iv – ",unreviewed_candidate
2720.HK,prospectus,pipeline/prospectus_pipeline/data/pdf/HKIPO-MB2720.pdf,7,"aded “How to Apply for Hong Kong Offer Shares — A. Application for Hong Kong Offer Shares”. (5) The Price Determination Date is expected to be on or around Friday, February 6, 2026 and, in any event, not later than 12:00 noon on Friday, February 6, 2026 or such other date as agreed between parties. If, for any reason, the Offer Price is not agreed between the Sole Overall Coordinator (for itself and on behalf of the",unreviewed_candidate
2720.HK,prospectus,pipeline/prospectus_pipeline/data/pdf/HKIPO-MB2720.pdf,41,"ng the international underwriting agreement, expected to be Agreement” entered into on or about the Price Determination Date, relating to the International Offering, by our Company, the Sole Sponsor, the Sole Overall Coordinator and the International Underwriters, as further described in “Underwriting — Underwriting Arrangements — The International Offering” in this prospectus “Joint Bookrunners” the joint bookrunne",unreviewed_candidate
2720.HK,prospectus,pipeline/prospectus_pipeline/data/pdf/HKIPO-MB2720.pdf,44,"set out in the section headed “History, Reorganization and Corporate Structure” in this prospectus “Price Determination Agreement” the agreement to be entered into between the Sole Overall Coordinator (for itself and on behalf of the Underwriters) and our Company on or about the Price Determination Date to record and fix the Offer Price “Price Determination Date” the date on which the Offer Price is to be determined",unreviewed_candidate
2720.HK,prospectus,pipeline/prospectus_pipeline/data/pdf/HKIPO-MB2720.pdf,44," Overall Coordinator (for itself and on behalf of the Underwriters) and our Company on or about the Price Determination Date to record and fix the Offer Price “Price Determination Date” the date on which the Offer Price is to be determined, which is expected to be on or before 12:00 noon on Friday, February 6, 2026 “Regulation S” Regulation S under the U.S. Securities Act “Relevant Jurisdictions” has the meaning asc",unreviewed_candidate
2720.HK,prospectus,pipeline/prospectus_pipeline/data/pdf/HKIPO-MB2720.pdf,44,"riters) and our Company on or about the Price Determination Date to record and fix the Offer Price “Price Determination Date” the date on which the Offer Price is to be determined, which is expected to be on or before 12:00 noon on Friday, February 6, 2026 “Regulation S” Regulation S under the U.S. Securities Act “Relevant Jurisdictions” has the meaning ascribed to it in the section headed “Underwriting” in this pro",unreviewed_candidate
2720.HK,prospectus,pipeline/prospectus_pipeline/data/pdf/HKIPO-MB2720.pdf,90,"INFORMATION ABOUT THIS PROSPECTUS AND THE GLOBAL OFFERING and our Company on the Price Determination Date. The International Offering is expected to be fully underwritten by the International Underwriters subject to the terms and conditions of the International Underwriting Agreement, which is expected to be entered into on or about the Price Determination Date. The Offer Price is expected to be f",unreviewed_candidate
2720.HK,prospectus,pipeline/prospectus_pipeline/data/pdf/HKIPO-MB2720.pdf,90,"s of the International Underwriting Agreement, which is expected to be entered into on or about the Price Determination Date. The Offer Price is expected to be fixed among the Sole Overall Coordinator (for itself and on behalf of the Underwriters) and our Company on the Price Determination Date. The Price Determination Date is expected to be on or before 12:00 noon on Friday, February 6, 2026. If, for whatever reaso",unreviewed_candidate
2720.HK,prospectus,pipeline/prospectus_pipeline/data/pdf/HKIPO-MB2720.pdf,90," the Sole Overall Coordinator (for itself and on behalf of the Underwriters) and our Company on the Price Determination Date. The Price Determination Date is expected to be on or before 12:00 noon on Friday, February 6, 2026. If, for whatever reason, the Offer Price is not agreed between the Sole Overall Coordinator (for itself and on behalf of the Underwriters) and our Company by 12:00 noon on Friday, February 6, 2",unreviewed_candidate
2720.HK,prospectus,pipeline/prospectus_pipeline/data/pdf/HKIPO-MB2720.pdf,90,"(for itself and on behalf of the Underwriters) and our Company on the Price Determination Date. The Price Determination Date is expected to be on or before 12:00 noon on Friday, February 6, 2026. If, for whatever reason, the Offer Price is not agreed between the Sole Overall Coordinator (for itself and on behalf of the Underwriters) and our Company by 12:00 noon on Friday, February 6, 2026, the Global Offering will ",unreviewed_candidate
2720.HK,prospectus,pipeline/prospectus_pipeline/data/pdf/HKIPO-MB2720.pdf,126,"e State Administration of Taxation on Improvements to Matters Relating to Administration of Advance Pricing Agreement (《國家稅務總局關於完 善預約定價安排管理有關事項的公告》) became effective on December 1, 2016 and was amended on June 15, 2018, An enterprise may enter into an advance pricing agreement with the tax authorities on pricing principle and computation method for its related party transactions in the period of three to five cons",unreviewed_candidate
2720.HK,prospectus,pipeline/prospectus_pipeline/data/pdf/HKIPO-MB2720.pdf,126,"n on Improvements to Matters Relating to Administration of Advance Pricing Agreement (《國家稅務總局關於完 善預約定價安排管理有關事項的公告》) became effective on December 1, 2016 and was amended on June 15, 2018, An enterprise may enter into an advance pricing agreement with the tax authorities on pricing principle and computation method for its related party transactions in the period of three to five consecutive years from",unreviewed_candidate
2720.HK,prospectus,pipeline/prospectus_pipeline/data/pdf/HKIPO-MB2720.pdf,126,"ctive on December 1, 2016 and was amended on June 15, 2018, An enterprise may enter into an advance pricing agreement with the tax authorities on pricing principle and computation method for its related party transactions in the period of three to five consecutive years from the year following the date of service of the “Notice on Tax Matter” from tax authorities. Such agreement shall generally be applicable for a",unreviewed_candidate
2720.HK,prospectus,pipeline/prospectus_pipeline/data/pdf/HKIPO-MB2720.pdf,138," Manual provided by HMRC. HMRC encourages businesses to engage in open dialogue through its Advance Pricing Agreement (APA) program, which allows companies to reach an agreement with HMRC on the appropriate transfer pricing methodology for specific transactions in advance. This can provide certainty and reduce the risk of future disputes. The APA process is outlined in the UK Statement of Practice 2 (2010). – 129 ",unreviewed_candidate
2720.HK,prospectus,pipeline/prospectus_pipeline/data/pdf/HKIPO-MB2720.pdf,352,"Overall Coordinator (for itself and on behalf of the Underwriters) and our Company on or around the Price Determination Date; (iii) the execution and delivery of the International Underwriting Agreement on or about Friday, February 6, 2026; and (iv) the obligations of the Underwriters under each of the respective Underwriting Agreements becoming and remaining unconditional and not having been terminated in accordanc",unreviewed_candidate
2720.HK,prospectus,pipeline/prospectus_pipeline/data/pdf/HKIPO-MB2720.pdf,357,"by the Sole Overall Coordinator (for itself and on behalf of the Underwriters) and our Company. The Price Determination Date is expected to be on or around Friday, February 6, 2026 and in no event later than 12:00 noon on Friday, February 6, 2026. The Offer Price will not be more than HK$12.25 per Offer Share and is expected to be not less than HK$11.25 per Offer Share. The Offer Price will fall within the Offer Pri",unreviewed_candidate
2720.HK,prospectus,pipeline/prospectus_pipeline/data/pdf/HKIPO-MB2720.pdf,357,"t of 500 Shares. Prospective investors should be aware that the Offer Price to be determined on the Price Determination Date may be, but is not expected to be, lower than the indicative price range stated in this Prospectus. The Sole Overall Coordinator (for itself and on behalf of the Underwriters), may, where considered appropriate, based on the level of interest expressed by prospective professional and instituti",unreviewed_candidate
2729.HK,prospectus,pipeline/prospectus_pipeline/data/pdf/HKIPO-MB2729.pdf,2,"n the Sponsor-Overall Coordinators (for themselves and on behalf of the Underwriters) and us on the Price Determination Date. The Price Determination Date is expected to be on or before Friday, March 20, 2026 and, in any event, not later than 12:00 noon on Friday, March 20, 2026. The Offer Price will be no more than HK$20.40 and is currently expected to be not less than HK$16.40. Applicants for Hong Kong Offer Share",unreviewed_candidate
2729.HK,prospectus,pipeline/prospectus_pipeline/data/pdf/HKIPO-MB2729.pdf,2,"tors (for themselves and on behalf of the Underwriters) and us on the Price Determination Date. The Price Determination Date is expected to be on or before Friday, March 20, 2026 and, in any event, not later than 12:00 noon on Friday, March 20, 2026. The Offer Price will be no more than HK$20.40 and is currently expected to be not less than HK$16.40. Applicants for Hong Kong Offer Shares are required to pay, on appl",unreviewed_candidate
2729.HK,prospectus,pipeline/prospectus_pipeline/data/pdf/HKIPO-MB2729.pdf,5,"ong Kong Public Offering close (3) . . . . . . . . .12:00 noon on Thursday, March 19, 2026 Expected Price Determination Date (5) . . . . . . . . . . . . . . . . . . . . . . . . .by 12:00 noon on Friday, March 20, 2026 Announcement of the Final Offer Price, the results of applications in the Hong Kong Public Offering, the level of indications of interest in the International Offering and the basis of allocation of th",unreviewed_candidate
2729.HK,prospectus,pipeline/prospectus_pipeline/data/pdf/HKIPO-MB2729.pdf,7,"es — A. APPLICATION FOR HONG KONG OFFER SHARES — 2. Application Channels” in this prospectus. 5 The Price Determination Date is expected to be on or before Friday, March 20, 2026. If, for any reason, the Offer Price is not agreed between the Sponsor-Overall Coordinators (for themselves and on behalf of the Underwriters) and our Company by 12:00 noon on Friday, March 20, 2026, the Global Offering will not proceed and",unreviewed_candidate
2729.HK,prospectus,pipeline/prospectus_pipeline/data/pdf/HKIPO-MB2729.pdf,34,hich are set out in “Appendix VI — Statutory and General Information — D. Share Incentive Schemes” “Price Determination Date” the date on which the Offer Price is to be determined “prospectus” this prospectus being issued in connection with the Hong Kong Public Offering “Regulation S” Regulation S under the U.S. Securities Act “Remuneration and Appraisal the remuneration and appraisal committee of the Board Committe,unreviewed_candidate
2729.HK,prospectus,pipeline/prospectus_pipeline/data/pdf/HKIPO-MB2729.pdf,294,"explained below. Prospective investors should be aware that the Offer Price to be determined on the Price Determination Date may be, but is not expected to be, lower than the indicative Offer Price range stated in this prospectus. If you apply for the Offer Shares under the Hong Kong Public Offering, you must pay the maximum Offer Price of HK$20.40 per Offer Share, plus 1.0% brokerage, 0.0027% SFC transaction levy, ",unreviewed_candidate
2729.HK,prospectus,pipeline/prospectus_pipeline/data/pdf/HKIPO-MB2729.pdf,295,pany; (iii) the execution and delivery of the International Underwriting Agreement on or around the Price Determination Date; and (iv) the obligations of the Hong Kong Underwriters and the Capital Market Intermediaries under the Hong Kong Underwriting Agreement and the obligations of the International Underwriters and the – 286 – ,unreviewed_candidate
2729.HK,prospectus,pipeline/prospectus_pipeline/data/pdf/HKIPO-MB2729.pdf,296,"mselves and on behalf of the Hong Kong Underwriters) and the Company on or before the 12:00 noon on Price Determination Date, the Global Offering will not proceed and will lapse. The consummation of each of the Hong Kong Public Offering and the International Offering is conditional upon, among other things, the other offering becoming unconditional and not having been terminated in accordance with its terms. If the ",unreviewed_candidate
2768.HK,prospectus,pipeline/prospectus_pipeline/data/pdf/HKIPO-MB2768.pdf,5,". . . . . . . . . . . . . . . . . . . . . . . . . . .12:00 noon on Friday, 30 January 2026 Expected Price Determination Date (Note 5) . . . . . . . . . . . . . . . by 12:00 noon on Monday, 2 February 2026 Announcement of: • the Offer Price; • the level of applications in the Hong Kong Public Offering; • the level of indications of interest in the International Offering; and • the basis of allocation of the Hong Kong",unreviewed_candidate
2768.HK,prospectus,pipeline/prospectus_pipeline/data/pdf/HKIPO-MB2768.pdf,7,"e for giving such instructions which may be different from the latest time as stated above. (5) The Price Determination Date, being the date on which the Offer Price is to be determined, is expected to be on or before Monday, 2 February 2026 and, in any event, not later than 12:00 noon on Monday, 2 February 2026. If, for any reason, the Offer Price is not agreed by our Company and the Joint Overall Coordinators (for",unreviewed_candidate
2768.HK,prospectus,pipeline/prospectus_pipeline/data/pdf/HKIPO-MB2768.pdf,37,"ators, the Joint Global Coordinators and the International Underwriters on or about the date of the Price Determination Agreement “Joint Bookrunners” the bookrunners as named in the section headed “Directors, and Parties Involved in the Global Offering” in this prospectus “Joint Global Coordinators” the global coordinators as named in the section headed “Directors and Parties Involved in the Global Offering” in this",unreviewed_candidate
2768.HK,prospectus,pipeline/prospectus_pipeline/data/pdf/HKIPO-MB2768.pdf,39,"s Law of the PRC (《中華人民共和國證券 法》), as amended, supplemented or otherwise modified from time to time “Price Determination Agreement” the agreement expected to be entered into among our Company and the Joint Overall Coordinators (for themselves and on behalf of the Underwriters) on or about the Price Determination Date to record the agreement on the final Offer Price – 28 – ",unreviewed_candidate
2768.HK,prospectus,pipeline/prospectus_pipeline/data/pdf/HKIPO-MB2768.pdf,39,d the Joint Overall Coordinators (for themselves and on behalf of the Underwriters) on or about the Price Determination Date to record the agreement on the final Offer Price – 28 – ,unreviewed_candidate
2768.HK,prospectus,pipeline/prospectus_pipeline/data/pdf/HKIPO-MB2768.pdf,40," DEFINITIONS “Price Determination Date” the date, expected to be on or before Monday, 2 February 2026 and, in any event, not later than 12:00 noon on Monday, 2 February 2026, on which the final Offer Price is to be fixed for the purpose of the Global Offering “prospectus” this prospectus being issued in connection with the Hong Kon",unreviewed_candidate
2768.HK,prospectus,pipeline/prospectus_pipeline/data/pdf/HKIPO-MB2768.pdf,80,"ll Coordinators (for themselves and on behalf of the Hong Kong Underwriters) and our Company on the Price Determination Date. The International Offering is expected to be fully underwritten by the International Underwriters on the terms and subject to the conditions of the International Underwriting Agreement, which is expected to be entered into on or about the Price Determination Date. Neither the delivery of this",unreviewed_candidate
2768.HK,prospectus,pipeline/prospectus_pipeline/data/pdf/HKIPO-MB2768.pdf,80,"s of the International Underwriting Agreement, which is expected to be entered into on or about the Price Determination Date. Neither the delivery of this prospectus nor any subscription made under it shall, under any circumstances, constitute a representation that there has been no change or development reasonably likely to involve a change in our affairs since the date of this prospectus or imply that the informat",unreviewed_candidate
2768.HK,prospectus,pipeline/prospectus_pipeline/data/pdf/HKIPO-MB2768.pdf,275,"o are approved by mainland Chinese regulatory bodies to invest abroad in International Offering. 4. Price determination basis The issue price of the H Shares will be determined, among others, after due consideration of the interests of existing shareholders of our Company, acceptance of investors and the risks related to the offering, according to international practice, through the demands for orders and book build",unreviewed_candidate
2768.HK,prospectus,pipeline/prospectus_pipeline/data/pdf/HKIPO-MB2768.pdf,375,"clusive, but in any event no later than 12:00 noon on Monday, 2 February 2026 (the “Latest Time for Price Determination”)), and the allocation of the International Offer Shares under the International Offering will be determined shortly thereafter. We will determine the Offer Price by reference to, among other factors, the closing price of the A Shares on the Shenzhen Stock Exchange on the last trading day on or bef",unreviewed_candidate
2768.HK,prospectus,pipeline/prospectus_pipeline/data/pdf/HKIPO-MB2768.pdf,375,"osing price of the A Shares on the Shenzhen Stock Exchange on the last trading day on or before the Price Determination Date (which is accessible to the Shareholders and potential investors at www.szse.cn/English/siteMarketData/siteMarketDatas/lookup/index.html?code=002768), and the Offer Price will not be more than HK$42.00. The final Offer Price, the level of indications of interest in the International Offering, ",unreviewed_candidate
2797.HK,prospectus,pipeline/prospectus_pipeline/data/pdf/HKIPO-MB2797.pdf,2,"t between us and the Sole Overall Coordinator (for itself and on behalf of the Underwriters) on the Price Determination Date. The Offer Price will be not more than HK$8.00 per Offer Share and is currently expected to be not less than HK$5.00 per Offer Share, unless otherwise announced. Investors applying for the Hong Kong Offer Shares may be required to pay, on application (subject to the application channels), the ",unreviewed_candidate
2797.HK,prospectus,pipeline/prospectus_pipeline/data/pdf/HKIPO-MB2797.pdf,5,"ong Public Offering close(3) . . . . . . . . . . . . . . 12:00 noon on Monday, 6 July 2026 Expected Price Determination Date no later than (5) . . . . . . . . . . . . . . . . . . . . 12:00 noon on Tuesday, 7 July 2026 Announcement of the final Offer Price, the level of applications in the Hong Kong Public Offering, the level of indications of interest in the International Offering and the basis of allocation of the ",unreviewed_candidate
2797.HK,prospectus,pipeline/prospectus_pipeline/data/pdf/HKIPO-MB2797.pdf,23,"hers, our Company, the Sole Overall Coordinator and the International Underwriters on or around the Price Determination Date ‘‘Joint Bookrunners’’ the joint bookrunners as named in the section headed ‘‘Directors and Parties Involved in the Global Offering’’ in this prospectus ‘‘Joint Lead Managers’’ the joint lead managers as named in the section headed ‘‘Directors and Parties Involved in the Global Offering’’ in th",unreviewed_candidate
2797.HK,prospectus,pipeline/prospectus_pipeline/data/pdf/HKIPO-MB2797.pdf,25,"m ‘‘PRC Legal Advisers’’ King & Wood, the legal advisers to our Company as to the laws of the PRC ‘‘Price Determination Agreement’’ the agreement to be entered into between our Company and the Sole Overall Coordinator (for itself and on behalf of the Underwriters) on the Price Determination Date to record and fix the Offer Price – 16 – ",unreviewed_candidate
2797.HK,prospectus,pipeline/prospectus_pipeline/data/pdf/HKIPO-MB2797.pdf,25, our Company and the Sole Overall Coordinator (for itself and on behalf of the Underwriters) on the Price Determination Date to record and fix the Offer Price – 16 – ,unreviewed_candidate
2797.HK,prospectus,pipeline/prospectus_pipeline/data/pdf/HKIPO-MB2797.pdf,26," DEFINITIONS ‘‘Price Determination Date’’ the date, expected to be on or about Tuesday, 7 July 2026, on which the Offer Price is fixed for the purposes of the Global Offering, and in any event no later than 12:00 noon on Tuesday, 7 July 2026 ‘‘Qiyunshan Oil Tea’’ Jiangxi Qiyunshan Oil Tea Technology Co., Ltd.*（江西齊 雲山油茶科技有限公司）, a lim",unreviewed_candidate
2797.HK,prospectus,pipeline/prospectus_pipeline/data/pdf/HKIPO-MB2797.pdf,58,"derwriters. The International Underwriting Agreement is expected to be entered into on or about the Price Determination Date, subject to agreement on the Offer Price. Further details of the Underwriters and the underwriting arrangements are set out in the section headed ‘‘Underwriting’’ in this prospectus. The Hong Kong Offer Shares are offered solely on the basis of the information contained and representations mad",unreviewed_candidate
2797.HK,prospectus,pipeline/prospectus_pipeline/data/pdf/HKIPO-MB2797.pdf,263,"greement with, among others, the Sole Overall Coordinator and the International Underwriters on the Price Determination Date. Under the International Underwriting Agreement, subject to the conditions set forth therein, the International Underwriters would severally but not jointly agree to purchase, or procure purchasers to purchase, the Offer Shares being offered pursuant to the International Offering (subject to, ",unreviewed_candidate
2797.HK,prospectus,pipeline/prospectus_pipeline/data/pdf/HKIPO-MB2797.pdf,268,"HK$4,040.35 for one board lot of 500 Offer Shares. If the Offer Price, as finally determined on the Price Determination Date, is lower than HK$8.00, being the maximum Offer Price, we will refund the respective difference (including the brokerage, the SFC transaction levy, the AFRC transaction levy and the Stock Exchange trading fee attributable to the surplus application monies) to successful applicants (subject to ",unreviewed_candidate
2797.HK,prospectus,pipeline/prospectus_pipeline/data/pdf/HKIPO-MB2797.pdf,272,"t between the Sole Overall Coordinator (for itself and on behalf of the Underwriters) and us on the Price Determination Date. The Price Determination Date is expected to be no later than 12:00 noon on Tuesday, 7 July 2026. The Offer Price will not be more than HK$8.00 per Offer Share and is expected to be not less than HK$5.00 per Offer Share, unless otherwise announced not later than the morning of the last day for",unreviewed_candidate
2797.HK,prospectus,pipeline/prospectus_pipeline/data/pdf/HKIPO-MB2797.pdf,272,"rdinator (for itself and on behalf of the Underwriters) and us on the Price Determination Date. The Price Determination Date is expected to be no later than 12:00 noon on Tuesday, 7 July 2026. The Offer Price will not be more than HK$8.00 per Offer Share and is expected to be not less than HK$5.00 per Offer Share, unless otherwise announced not later than the morning of the last day for lodging applications under th",unreviewed_candidate
2797.HK,prospectus,pipeline/prospectus_pipeline/data/pdf/HKIPO-MB2797.pdf,272,"Public Offering. Prospective investors should be aware that the Offer Price to be determined on the Price Determination Date may be, but is not expected to be, lower than the indicative Offer Price range stated in this prospectus. The International Underwriters will be soliciting from prospective investors indications of interest in acquiring Offer Shares in the International Offering. Prospective professional and i",unreviewed_candidate
2797.HK,prospectus,pipeline/prospectus_pipeline/data/pdf/HKIPO-MB2797.pdf,273,e between the Sole Overall Coordinator (for itself and on behalf of the Underwriters) and us on the Price Determination Date. We expect that our Company will enter into the International Underwriting Agreement relating to the International Offering on or around the Price Determination Date. The terms of the Underwriting Agreements are summarised in the section headed ‘‘Underwriting’’ in this prospectus. THE H SHARES,unreviewed_candidate
2797.HK,prospectus,pipeline/prospectus_pipeline/data/pdf/HKIPO-MB2797.pdf,273,"to the International Underwriting Agreement relating to the International Offering on or around the Price Determination Date. The terms of the Underwriting Agreements are summarised in the section headed ‘‘Underwriting’’ in this prospectus. THE H SHARES WILL BE ELIGIBLE FOR CCASS All necessary arrangements have been made enabling the H Shares to be admitted into CCASS. If the Listing Committee grants the listing of,",unreviewed_candidate
2797.HK,prospectus,pipeline/prospectus_pipeline/data/pdf/HKIPO-MB2797.pdf,273,been revoked prior to the Listing Date; (b) the Offer Price having been determined on or around the Price Determination Date; – 264 – ,unreviewed_candidate
2797.HK,prospectus,pipeline/prospectus_pipeline/data/pdf/HKIPO-MB2797.pdf,274,"FFERING (c) the execution and delivery of the International Underwriting Agreement on or around the Price Determination Date; and (d) the obligations of the Underwriters under the Underwriting Agreements having become unconditional and not having been terminated in accordance with the terms of the respective agreements, in each case on or before the dates and times specified in the respective Underwriting Agreements",unreviewed_candidate
3231.HK,prospectus,pipeline/prospectus_pipeline/data/pdf/HKIPO-MB3231.pdf,2," the Overall Coordinators (for themselves and on behalf of the Underwriters) and our Company on the Price Determination Date. The Price Determination Date is expected to be on or before Monday, 7 September 2026 (Hong Kong time) and, in any event, not later than 12:00 noon on Monday, 7 September 2026 (Hong Kong time). The Offer Price will not be more than HK$19.55 per Offer Share and is currently expected to be not l",unreviewed_candidate
3231.HK,prospectus,pipeline/prospectus_pipeline/data/pdf/HKIPO-MB3231.pdf,2," themselves and on behalf of the Underwriters) and our Company on the Price Determination Date. The Price Determination Date is expected to be on or before Monday, 7 September 2026 (Hong Kong time) and, in any event, not later than 12:00 noon on Monday, 7 September 2026 (Hong Kong time). The Offer Price will not be more than HK$19.55 per Offer Share and is currently expected to be not less than HK$14.45 per Offer Sh",unreviewed_candidate
3231.HK,prospectus,pipeline/prospectus_pipeline/data/pdf/HKIPO-MB3231.pdf,5,". . . . . . . . . . . . . . . . . . . . . . . . . . 12:00 noon on Friday, 4 September 2026 Expected Price Determination Date . . . . . . . . . . . . . . . . . . . . . . . . . . . . . . . . . . By 12:00 noon on Monday, 7 September 2026 Announcement of: • the final Offer Price; • the level of applications in the Hong Kong Public Offering; • the level of indications of interest in the International Offering; and • the ",unreviewed_candidate
3231.HK,prospectus,pipeline/prospectus_pipeline/data/pdf/HKIPO-MB3231.pdf,28,"ting to the International Agreement” Offering which is expected to be entered into on or around the Price Determination Date by, among others, our Company, the Sole Sponsor, the Overall Coordinators, the Joint Global Coordinators, the Joint Bookrunners, the Joint Lead Managers, the Capital Market Intermediaries and the International Underwriters, as further described in the section headed “Underwriting” in this pros",unreviewed_candidate
3231.HK,prospectus,pipeline/prospectus_pipeline/data/pdf/HKIPO-MB3231.pdf,30,"re set out in the section headed “History, Development and Corporate Structure” in this prospectus “Price Determination Agreement” the agreement to be entered into by the Overall Coordinators (for themselves and on behalf of the Underwriters) and our Company on the Price Determination Date to record and fix the Offer Price “Price Determination Date” the date, expected to be on or before Monday, 7 September 2026 (Hon",unreviewed_candidate
3231.HK,prospectus,pipeline/prospectus_pipeline/data/pdf/HKIPO-MB3231.pdf,30," the Overall Coordinators (for themselves and on behalf of the Underwriters) and our Company on the Price Determination Date to record and fix the Offer Price “Price Determination Date” the date, expected to be on or before Monday, 7 September 2026 (Hong Kong time) on which the Offer Price is determined, or such later time as our Company and the Overall Coordinators (for themselves and on behalf of the Underwriters)",unreviewed_candidate
3231.HK,prospectus,pipeline/prospectus_pipeline/data/pdf/HKIPO-MB3231.pdf,30,"he Underwriters) and our Company on the Price Determination Date to record and fix the Offer Price “Price Determination Date” the date, expected to be on or before Monday, 7 September 2026 (Hong Kong time) on which the Offer Price is determined, or such later time as our Company and the Overall Coordinators (for themselves and on behalf of the Underwriters) may agree, but in any event not later than 12:00 noon on Mo",unreviewed_candidate
3231.HK,prospectus,pipeline/prospectus_pipeline/data/pdf/HKIPO-MB3231.pdf,53,". The initial price of our H Shares sold in the Global Offering is expected to be determined on the Price Determination Date. However, our Shares will not commence trading on the Hong Kong Stock Exchange until they are delivered, which is expected to be several Hong Kong business days after their initial sale at the Offer Price. As a result, investors may not be able to sell or deal in our Shares before they commenc",unreviewed_candidate
3231.HK,prospectus,pipeline/prospectus_pipeline/data/pdf/HKIPO-MB3231.pdf,57,"terms of the International Underwriting Agreement which is expected to be entered into on or around Price Determination Date. The Offer Price is expected to be determined between the Overall Coordinators (for themselves and on behalf of the Underwriters) and our Company on the Price Determination Date. The Price Determination Date is expected to be on or before Monday, 7 September 2026 and, in any event not later th",unreviewed_candidate
3231.HK,prospectus,pipeline/prospectus_pipeline/data/pdf/HKIPO-MB3231.pdf,57," the Overall Coordinators (for themselves and on behalf of the Underwriters) and our Company on the Price Determination Date. The Price Determination Date is expected to be on or before Monday, 7 September 2026 and, in any event not later than 12:00 noon on Monday, 7 September 2026. If, for any reason, the Offer Price is not agreed among us and the Overall Coordinators (for themselves and on behalf of the Underwrite",unreviewed_candidate
3231.HK,prospectus,pipeline/prospectus_pipeline/data/pdf/HKIPO-MB3231.pdf,57," themselves and on behalf of the Underwriters) and our Company on the Price Determination Date. The Price Determination Date is expected to be on or before Monday, 7 September 2026 and, in any event not later than 12:00 noon on Monday, 7 September 2026. If, for any reason, the Offer Price is not agreed among us and the Overall Coordinators (for themselves and on behalf of the Underwriters), the Global Offering will ",unreviewed_candidate
3231.HK,prospectus,pipeline/prospectus_pipeline/data/pdf/HKIPO-MB3231.pdf,293,"s or at particular price. This process, known as “book-building”, is expected to continue up to the Price Determination Date. Allocation of Offer Shares pursuant to the International Offering will be determined by the Overall Coordinators (for themselves and on behalf of the Underwriters) and will be based on a number of factors, including the level and timing of demand, the total size of the relevant investor’s inv",unreviewed_candidate
3231.HK,prospectus,pipeline/prospectus_pipeline/data/pdf/HKIPO-MB3231.pdf,294,"t between us and the Overall Coordinators (for themselves and on behalf of the Underwriters) on the Price Determination Date, when market demand for the Offer Shares will be determined. The Price Determination Date is expected to be on or before Monday, 7 September 2026, and in any event, no later than 12:00 noon, Monday, 7 September 2026. Prospective investors should be aware that the Offer Price to be determined o",unreviewed_candidate
3231.HK,prospectus,pipeline/prospectus_pipeline/data/pdf/HKIPO-MB3231.pdf,294,"s) on the Price Determination Date, when market demand for the Offer Shares will be determined. The Price Determination Date is expected to be on or before Monday, 7 September 2026, and in any event, no later than 12:00 noon, Monday, 7 September 2026. Prospective investors should be aware that the Offer Price to be determined on the Price Determination Date may be, but is not expected to be, lower than the Offer Pri",unreviewed_candidate
3231.HK,prospectus,pipeline/prospectus_pipeline/data/pdf/HKIPO-MB3231.pdf,294," September 2026. Prospective investors should be aware that the Offer Price to be determined on the Price Determination Date may be, but is not expected to be, lower than the Offer Price range stated in this prospectus. The Offer Price will not be more than HK$19.55 per Offer Share and is expected to be not less than HK$14.45 per Offer Share, unless otherwise announced as further explained below. If you apply for th",unreviewed_candidate
3231.HK,prospectus,pipeline/prospectus_pipeline/data/pdf/HKIPO-MB3231.pdf,295,"o enter into the International Underwriting Agreement relating to the International Offering on the Price Determination Date. The underwriting arrangements under the Hong Kong Underwriting Agreement and the International Underwriting Agreement are summarized in the section headed “Underwriting” in this prospectus. CONDITIONS OF THE GLOBAL OFFERING Acceptance of all applications for Offer Shares is conditional on, am",unreviewed_candidate
3231.HK,prospectus,pipeline/prospectus_pipeline/data/pdf/HKIPO-MB3231.pdf,296,ined; (iii) the execution and delivery of the International Underwriting Agreement on or around the Price Determination Date; and (iv) the obligations of the Hong Kong Underwriters under the Hong Kong Underwriting Agreement and the obligations of the International Underwriters under the International Underwriting Agreement becoming unconditional and not having been terminated in accordance with the terms of the resp,unreviewed_candidate
3231.HK,prospectus,pipeline/prospectus_pipeline/data/pdf/HKIPO-MB3231.pdf,340,tion algorithm can be used by the Group for further development and integration and the transaction price was determined by both parties with reference to the actual costs incurred in developing the code. It was recognised as research and development expenses in profit or loss because the expected future economic benefits arising from the use of the algorithm are not certain to meet the definition of an intangible as,unreviewed_candidate
3355.HK,prospectus,pipeline/prospectus_pipeline/data/pdf/HKIPO-MB3355.pdf,2,"y agreement between the Overall Coordinators (on behalf of the Underwriters) and our Company on the Price Determination Date. The Price Determination Date is expected to be on or around Thursday, March 19, 2026 (Hong Kong time) and, in any event, not later than 12:00 noon on Thursday, March 19, 2026 (Hong Kong time). The Offer Price will not be more than HK$41.60 per Offer Share and is currently expected to be not l",unreviewed_candidate
3355.HK,prospectus,pipeline/prospectus_pipeline/data/pdf/HKIPO-MB3355.pdf,2,"l Coordinators (on behalf of the Underwriters) and our Company on the Price Determination Date. The Price Determination Date is expected to be on or around Thursday, March 19, 2026 (Hong Kong time) and, in any event, not later than 12:00 noon on Thursday, March 19, 2026 (Hong Kong time). The Offer Price will not be more than HK$41.60 per Offer Share and is currently expected to be not less than HK$35.20 per Offer Sh",unreviewed_candidate
3355.HK,prospectus,pipeline/prospectus_pipeline/data/pdf/HKIPO-MB3355.pdf,6," of the Hong Kong Public Offering close (3) . . . .12:00 noon on Wednesday, March 18, 2026 Expected Price Determination Date (5) . . . . . . . . . . . . . . . . . . . . . . . . . . . . . . . . at or before 12:00 noon on Thursday, March 19, 2026 Announcement of the Offer Price, an indication of the level of interest in the International Offering, the level of applications in the Hong Kong Public Offering and the basi",unreviewed_candidate
3355.HK,prospectus,pipeline/prospectus_pipeline/data/pdf/HKIPO-MB3355.pdf,8,"for Hong Kong Offer Shares — A. Application for Hong Kong Offer Shares” of this prospectus. (5) The Price Determination Date is expected to be on or around Thursday, March 19, 2026 and, in any event, not later than 12:00 noon on Thursday, March 19, 2026. If, for any reason, we do not agree with the Overall Coordinators (for themselves and on behalf of the Underwriters) on the pricing of the Offer Shares by 12:00 noo",unreviewed_candidate
3355.HK,prospectus,pipeline/prospectus_pipeline/data/pdf/HKIPO-MB3355.pdf,40,"set out in “History, Development and Corporate Structure — Pre-IPO Investments” in this prospectus “Price Determination Agreement” the agreement to be entered into by the Overall Coordinators (for themselves and on behalf of the Underwriters) and our Company on the Price Determination Date to record and fix the Offer Price “Price Determination Date” the date, expected to be on or around March 19, 2026 (Hong Kong tim",unreviewed_candidate
3355.HK,prospectus,pipeline/prospectus_pipeline/data/pdf/HKIPO-MB3355.pdf,40," the Overall Coordinators (for themselves and on behalf of the Underwriters) and our Company on the Price Determination Date to record and fix the Offer Price “Price Determination Date” the date, expected to be on or around March 19, 2026 (Hong Kong time) and in any event no later than 12:00 noon on March 19, 2026, on which the Offer Price is to be fixed by the Overall Coordinators (for themselves and on behalf of t",unreviewed_candidate
3355.HK,prospectus,pipeline/prospectus_pipeline/data/pdf/HKIPO-MB3355.pdf,40,"he Underwriters) and our Company on the Price Determination Date to record and fix the Offer Price “Price Determination Date” the date, expected to be on or around March 19, 2026 (Hong Kong time) and in any event no later than 12:00 noon on March 19, 2026, on which the Offer Price is to be fixed by the Overall Coordinators (for themselves and on behalf of the Underwriters) and our Company “province” a province or, w",unreviewed_candidate
3355.HK,prospectus,pipeline/prospectus_pipeline/data/pdf/HKIPO-MB3355.pdf,91,"derwriters. The International Underwriting Agreement is expected to be entered into on or about the Price Determination Date, subject to agreement on the Offer Price between our Company and the Overall Coordinators. If, for any reason, the Offer Price is not agreed between our Company and the Overall Coordinators on or before 12:00 noon on Thursday, March 19, 2026, the Global Offering will not proceed. Further detai",unreviewed_candidate
3355.HK,prospectus,pipeline/prospectus_pipeline/data/pdf/HKIPO-MB3355.pdf,351," the International Underwriting Agreement with, among others, the International Underwriters on the Price Determination Date. Under the International Underwriting Agreement and subject to the Over-allotment Option, the International Underwriters would, subject to certain conditions set out therein, agree severally and not jointly to procure purchasers for, or themselves purchase, their respective proportions of the ",unreviewed_candidate
3355.HK,prospectus,pipeline/prospectus_pipeline/data/pdf/HKIPO-MB3355.pdf,360,"ffer Shares for the purpose of the various offerings under the Global Offering will be fixed on the Price Determination Date, which is expected to be on or around Thursday, March 19, 2026 and, in any event, not later than 12:00 noon on Thursday, March 19, 2026 by agreement between the Overall Coordinators (for themselves and on behalf of the Underwriters) and us, and the number of Offer Shares to be allocated under ",unreviewed_candidate
3355.HK,prospectus,pipeline/prospectus_pipeline/data/pdf/HKIPO-MB3355.pdf,361,"of 100 H Shares. Prospective investors should be aware that the Offer Price to be determined on the Price Determination Date may be, but is not expected to be, lower than the indicative Offer Price range stated in this prospectus. The International Underwriters will be soliciting indications of interest in acquiring International Offer Shares in the International Offering from prospective investors. Prospective prof",unreviewed_candidate
3355.HK,prospectus,pipeline/prospectus_pipeline/data/pdf/HKIPO-MB3355.pdf,362,"to the International Underwriting Agreement relating to the International Offering on or around the Price Determination Date. These underwriting arrangements, including the Underwriting Agreements, are summarized in the section headed “Underwriting” in this prospectus. – 351 – ",unreviewed_candidate
3355.HK,prospectus,pipeline/prospectus_pipeline/data/pdf/HKIPO-MB3355.pdf,363,"en us, the Overall Coordinators (for themselves and on behalf of the Underwriters) on or around the Price Determination Date; (iii) the execution and delivery of the International Underwriting Agreement on or around the Price Determination Date; and (iv) the obligations of the Underwriters under each of the Hong Kong Underwriting Agreement and the International Underwriting Agreement becoming and remaining unconditi",unreviewed_candidate
3355.HK,prospectus,pipeline/prospectus_pipeline/data/pdf/HKIPO-MB3355.pdf,363,"Date; (iii) the execution and delivery of the International Underwriting Agreement on or around the Price Determination Date; and (iv) the obligations of the Underwriters under each of the Hong Kong Underwriting Agreement and the International Underwriting Agreement becoming and remaining unconditional and not having been terminated in accordance with the terms of the respective agreements, in each case on or before",unreviewed_candidate
3625.HK,prospectus,pipeline/prospectus_pipeline/data/pdf/HKIPO-MB3625.pdf,5,"close . . . . . . . . . . . . . . . . . . . . . . . 12:00 noon on Thursday, March 26, 2026 Expected Price Determination Date(5) . . . . . . . . . . . . . . . . . . . . . . . . . . . . . . . . . . . by 12:00 noon on Friday, March 27, 2026 Announcement of: • the Offer Price; • an indication of the level of interest in the International Offering; • the level of applications in the Hong Kong Public Offering; and • the b",unreviewed_candidate
3625.HK,prospectus,pipeline/prospectus_pipeline/data/pdf/HKIPO-MB3625.pdf,6," Hong Kong Offer Shares—A. Application for Hong Kong Offer Shares—2. Application Channels.” (5) The Price Determination Date is expected to be on or before Friday, March 27, 2026. If, for any reason, the Offer Price is not agreed between the Overall Coordinators (for themselves and on behalf of the Underwriters) and our Company by 12:00 noon on Friday, March 27, 2026, the Global Offering will not proceed and will la",unreviewed_candidate
3625.HK,prospectus,pipeline/prospectus_pipeline/data/pdf/HKIPO-MB3625.pdf,35,"nal Underwriting the underwriting agreement expected to be entered into on or Agreement” around the Price Determination Date by, among others, our Company, the Overall Coordinators and the International Underwriters in respect of the International Offering, as further described in “Underwriting—Underwriting Arrangements and Expenses—The International Offering” “Joint Bookrunners” the joint bookrunners as named in “D",unreviewed_candidate
3625.HK,prospectus,pipeline/prospectus_pipeline/data/pdf/HKIPO-MB3625.pdf,36,"out in the section headed “History and Corporate Structure—Pre-IPO Investments” in this prospectus “Price Determination Agreement” the agreement to be entered into by the Overall Coordinators (for themselves and on behalf of the Underwriters) and our Company on the Price Determination Date to record and fix the Offer Price “Price Determination Date” the date, expected to be on or before Friday, March 27, 2026 (Hong ",unreviewed_candidate
3625.HK,prospectus,pipeline/prospectus_pipeline/data/pdf/HKIPO-MB3625.pdf,36," the Overall Coordinators (for themselves and on behalf of the Underwriters) and our Company on the Price Determination Date to record and fix the Offer Price “Price Determination Date” the date, expected to be on or before Friday, March 27, 2026 (Hong Kong time) on which the Offer Price is determined, or such later time as the Overall Coordinators (for themselves and on behalf of the Underwriters) and our Company m",unreviewed_candidate
3625.HK,prospectus,pipeline/prospectus_pipeline/data/pdf/HKIPO-MB3625.pdf,36,"he Underwriters) and our Company on the Price Determination Date to record and fix the Offer Price “Price Determination Date” the date, expected to be on or before Friday, March 27, 2026 (Hong Kong time) on which the Offer Price is determined, or such later time as the Overall Coordinators (for themselves and on behalf of the Underwriters) and our Company may agree, but in any event no later than 12:00 noon on Frida",unreviewed_candidate
3625.HK,prospectus,pipeline/prospectus_pipeline/data/pdf/HKIPO-MB3625.pdf,81,"ordinators. The International Underwriting Agreement is expected to be entered into on or about the Price Determination Date, subject to determination of the pricing of the H Shares and agreement on the Offer Price between the Overall Coordinators (for themselves and on behalf of the Underwriters) and us. For details of the Underwriters and the underwriting arrangements, please refer to the section headed “Underwrit",unreviewed_candidate
3625.HK,prospectus,pipeline/prospectus_pipeline/data/pdf/HKIPO-MB3625.pdf,287,"the International Offering, we expect to enter into the International Underwriting Agreement on the Price Determination Date with, among others, the International Underwriters. Under the International Underwriting Agreement, the International Underwriters would, subject to certain conditions, severally and not jointly, agree to purchase the International Offer Shares or procure purchasers for the International Offer",unreviewed_candidate
3625.HK,prospectus,pipeline/prospectus_pipeline/data/pdf/HKIPO-MB3625.pdf,292," of HK$5,050.43 for one board lot of 100 H Shares. If the Offer Price, as finally determined on the Price Determination Date in the manner as described below in “—Pricing and Allocation,” is less than the maximum price of HK$50.00 per Offer Share, appropriate refund payments (including brokerage, SFC transaction levy, AFRC transaction levy and Stock Exchange trading fee attributable to the surplus application monies",unreviewed_candidate
3625.HK,prospectus,pipeline/prospectus_pipeline/data/pdf/HKIPO-MB3625.pdf,293,"or at a particular price. This process, known as “book-building,” is expected to continue up to the Price Determination Date. Allocation of the International Offer Shares pursuant to the International Offering will be determined by the Overall Coordinators and the Joint Global Coordinators and will be based on a number of factors including the level and timing of demand, total size of the relevant investor’s investe",unreviewed_candidate
3625.HK,prospectus,pipeline/prospectus_pipeline/data/pdf/HKIPO-MB3625.pdf,295,"lves and on behalf of the Underwriters) will determine the Offer Price and sign an agreement on the Price Determination Date, when market demand for the Offer Shares will be determined. The Price Determination Date is expected to be on or before Friday, March 27, 2026. The Offer Price will not be more than HK$50.00 per Offer Share and is expected to be not less than HK$40.00 per Offer Share, unless otherwise announc",unreviewed_candidate
3625.HK,prospectus,pipeline/prospectus_pipeline/data/pdf/HKIPO-MB3625.pdf,295,"nt on the Price Determination Date, when market demand for the Offer Shares will be determined. The Price Determination Date is expected to be on or before Friday, March 27, 2026. The Offer Price will not be more than HK$50.00 per Offer Share and is expected to be not less than HK$40.00 per Offer Share, unless otherwise announced, as further explained below. If you apply for the Offer Shares under the Hong Kong Publ",unreviewed_candidate
3625.HK,prospectus,pipeline/prospectus_pipeline/data/pdf/HKIPO-MB3625.pdf,296,rwriters); • the execution and delivery of the International Underwriting Agreement on or about the Price Determination Date; and • the obligations of the Hong Kong Underwriters under the Hong Kong Underwriting Agreement and the obligations of the International Underwriters under the International Underwriting Agreement becoming unconditional and not having been terminated in accordance with the terms of the respect,unreviewed_candidate
3625.HK,prospectus,pipeline/prospectus_pipeline/data/pdf/HKIPO-MB3625.pdf,297,"nators (for themselves and on behalf of the Underwriters) and us agreeing on the Offer Price on the Price Determination Date. We expect to enter into the International Underwriting Agreement relating to the International Offering on the Price Determination Date. Certain terms of the underwriting arrangements, the Hong Kong Underwriting Agreement and the International Underwriting Agreement, are summarized in “Underw",unreviewed_candidate
3625.HK,prospectus,pipeline/prospectus_pipeline/data/pdf/HKIPO-MB3625.pdf,297,"o enter into the International Underwriting Agreement relating to the International Offering on the Price Determination Date. Certain terms of the underwriting arrangements, the Hong Kong Underwriting Agreement and the International Underwriting Agreement, are summarized in “Underwriting”. APPLICATION FOR LISTING ON THE STOCK EXCHANGE We have applied to the Listing Committee for the listing of, and permission to dea",unreviewed_candidate
3986.HK,prospectus,pipeline/prospectus_pipeline/data/pdf/HKIPO-MB3986.pdf,2,"the Overall Coordinators (for themselves and on behalf of the Underwriters), and the Company on the Price Determination Date, which is expected to be on or before Friday, January 9, 2026 (Hong Kong time) and, in any event, not later than 12:00 noon on Friday, January 9, 2026 (Hong Kong time). The Offer Price will not be more than HK$162.00 per Offer Share and is currently expected to be not less than HK$132.00 per O",unreviewed_candidate
3986.HK,prospectus,pipeline/prospectus_pipeline/data/pdf/HKIPO-MB3986.pdf,5,". . . . . . . . . . . . . . . . . . . . . . . . . .12:00 noon on Thursday, January 8, 2026 Expected Price Determination Date . . . . . . . . . . . . . . . . . . . . . . . . .Friday, January 9, 2026 Announcement of the Offer Price, the level of indications of interest in the International Offering, the level of applications in the Hong Kong Public Offering and the basis of allocation of the Hong Kong Offer Shares to ",unreviewed_candidate
3986.HK,prospectus,pipeline/prospectus_pipeline/data/pdf/HKIPO-MB3986.pdf,40,"Republic of China (《中華人民共和國證券法》), as amended, supplemented or otherwise modified from time to time “Price Determination Date” the date, expected to be on or before Friday, January 9, 2026 (Hong Kong time) on which the Offer Price is determined, or such later time as the Company and the Overall Coordinators (on behalf of the Underwriters) may agree, but in any event not later than 12:00 noon on Friday, January 9, 202",unreviewed_candidate
3986.HK,prospectus,pipeline/prospectus_pipeline/data/pdf/HKIPO-MB3986.pdf,322," SHARE CAPITAL (iv) Price determination basis. The issue price of the H Shares will be determined, among others, after due consideration of the interests of existing Shareholders of the Company, acceptance of investors and the risks related to the offering, according to international practice, through the demands for orders and book buil",unreviewed_candidate
3986.HK,prospectus,pipeline/prospectus_pipeline/data/pdf/HKIPO-MB3986.pdf,378," the Company and the Overall Coordinators (for themselves and on behalf of the Underwriters) on the Price Determination Date. The Price Determination Date is expected to be on or around Friday, January 9, 2026 (Hong Kong time), and the allocation of the International Offer Shares under the International Offering will be determined shortly thereafter. We will determine the Offer Price by reference to, among other fac",unreviewed_candidate
3986.HK,prospectus,pipeline/prospectus_pipeline/data/pdf/HKIPO-MB3986.pdf,378,"oordinators (for themselves and on behalf of the Underwriters) on the Price Determination Date. The Price Determination Date is expected to be on or around Friday, January 9, 2026 (Hong Kong time), and the allocation of the International Offer Shares under the International Offering will be determined shortly thereafter. We will determine the Offer Price by reference to, among other factors, the closing price of the",unreviewed_candidate
3986.HK,prospectus,pipeline/prospectus_pipeline/data/pdf/HKIPO-MB3986.pdf,378,"osing price of the A Shares on the Shanghai Stock Exchange on the last trading day on or before the Price Determination Date (which is accessible to the Shareholders and potential investors at https://english.sse.com.cn/markets/equities/list/overview/?COMPANY_CODE=603986&STOCK_ CODE=603986), and the Offer Price will not be more than HK$162.00. The historical prices of our A Shares and trading volume on Shanghai Stoc",unreviewed_candidate
3986.HK,prospectus,pipeline/prospectus_pipeline/data/pdf/HKIPO-MB3986.pdf,380,"to the International Underwriting Agreement relating to the International Offering on or around the Price Determination Date. These underwriting arrangements, including the Underwriting Agreements, are summarized in the section headed “Underwriting” in this prospectus. CONDITIONS OF THE GLOBAL OFFERING Acceptance of all applications for Offer Shares will be conditional on, among other things: (a) the Listing Committ",unreviewed_candidate
3986.HK,prospectus,pipeline/prospectus_pipeline/data/pdf/HKIPO-MB3986.pdf,380,Company; (c) the execution and delivery of the International Underwriting Agreement on or about the Price Determination Date; and – 370 – ,unreviewed_candidate
6082.HK,prospectus,pipeline/prospectus_pipeline/data/pdf/HKIPO-MB6082.pdf,5,". . . . . . . . . . . . . . . . . . . . . . . . . .12:00 noon on Monday, December 29, 2025 Expected Price Determination Date (5) . . . . . . . . . . . . . . . . . . . . . . on or before 12:00 noon on Tuesday, December 30, 2025 Announcement of the final Offer Price, the level of indications of interest in the International Offering, the level of applications in the Hong Kong Public Offering and the basis of allocatio",unreviewed_candidate
6082.HK,prospectus,pipeline/prospectus_pipeline/data/pdf/HKIPO-MB6082.pdf,7," – A. Application for Hong Kong Offer Shares – 2. Application Channels” in this Prospectus. (5) The Price Determination Date is expected to be on or about Tuesday, December 30, 2025 and in any event, not later than 12:00 noon on Tuesday, December 30, 2025. If, for any reason, the Offer Price is not agreed between the Sponsor-OCs (for themselves and on behalf of the Underwriters) and the Company by 12:00 noon on Tues",unreviewed_candidate
6082.HK,prospectus,pipeline/prospectus_pipeline/data/pdf/HKIPO-MB6082.pdf,46,"re-IPO Investments, details of which are set out in “History, Development and Corporate Structure” “Price Determination Agreement” the agreement to be entered into by the Sponsor-OCs (for themselves and on behalf of the Hong Kong Underwriters) and our Company on the Price Determination Date to record and fix the Offer Price “Price Determination Date” the date, expected to be on or around Tuesday, December 30, 2025 (",unreviewed_candidate
6082.HK,prospectus,pipeline/prospectus_pipeline/data/pdf/HKIPO-MB6082.pdf,46,"the Sponsor-OCs (for themselves and on behalf of the Hong Kong Underwriters) and our Company on the Price Determination Date to record and fix the Offer Price “Price Determination Date” the date, expected to be on or around Tuesday, December 30, 2025 (Hong Kong time) on which the Offer Price is determined and in any event no later than 12:00 noon on Tuesday, December 30, 2025 “Prospectus” this prospectus being issue",unreviewed_candidate
6082.HK,prospectus,pipeline/prospectus_pipeline/data/pdf/HKIPO-MB6082.pdf,46,"ng Underwriters) and our Company on the Price Determination Date to record and fix the Offer Price “Price Determination Date” the date, expected to be on or around Tuesday, December 30, 2025 (Hong Kong time) on which the Offer Price is determined and in any event no later than 12:00 noon on Tuesday, December 30, 2025 “Prospectus” this prospectus being issued in connection with the Hong Kong Public Offering “Regulati",unreviewed_candidate
6082.HK,prospectus,pipeline/prospectus_pipeline/data/pdf/HKIPO-MB6082.pdf,100,"riting Agreement relating to the International Offering is expected to be entered into on or around Price Determination Date, subject to the Offer Price being agreed. If, for any reason, the Offer Price is not agreed among us and the Sponsor-OCs (for themselves and on behalf of the Underwriters), the Global Offering will not proceed and will lapse. For further information about the Underwriters and the underwriting ",unreviewed_candidate
6082.HK,prospectus,pipeline/prospectus_pipeline/data/pdf/HKIPO-MB6082.pdf,440,"writing Agreement with the Sponsor-OCs on behalf of the International Underwriters on or around the Price Determination Date. Under the International Underwriting Agreement and subject to the Offer Size Adjustment Option and the Over-allotment Option, the International Underwriters would, subject to certain conditions set out therein, agree severally but not jointly to procure subscribers for, or themselves to subsc",unreviewed_candidate
6082.HK,prospectus,pipeline/prospectus_pipeline/data/pdf/HKIPO-MB6082.pdf,451,"n exercised, or will confirm that if the Offer Size Adjustment Option has not been exercised by the Price Determination Date, it will lapse and cannot be exercised at any future date. STABILIZATION Stabilization is a practice used by underwriters in some markets to facilitate the distribution of securities. To stabilize, the underwriters may bid for, or purchase, the securities in the secondary market during a speci",unreviewed_candidate
6082.HK,prospectus,pipeline/prospectus_pipeline/data/pdf/HKIPO-MB6082.pdf,453,"ffer Shares for the purpose of the various offerings under the Global Offering will be fixed on the Price Determination Date, which is expected to be on or about Tuesday, December 30, 2025 and, in any event, no later than 12:00 noon on Tuesday, December 30, 2025, by agreement between the Sponsor-OCs (on behalf of the Underwriters) and the Company, and the number of Offer Shares to be allocated under the various offe",unreviewed_candidate
6082.HK,prospectus,pipeline/prospectus_pipeline/data/pdf/HKIPO-MB6082.pdf,454,"of 200 H Shares. Prospective investors should be aware that the Offer Price to be determined on the Price Determination Date may be, but is not expected to be, lower than the minimum Offer Price stated in this Prospectus. The International Underwriters will be soliciting from prospective investors indications of interest in acquiring Offer Shares in the International Offering. Prospective professional and institutio",unreviewed_candidate
6082.HK,prospectus,pipeline/prospectus_pipeline/data/pdf/HKIPO-MB6082.pdf,455,"to the International Underwriting Agreement relating to the International Offering on or around the Price Determination Date. These underwriting arrangements, including the Underwriting Agreements, are summarized in the section headed “Underwriting” in this Prospectus. CONDITIONS OF THE GLOBAL OFFERING Acceptance of all applications for Offer Shares will be conditional on: (a) the Listing Committee granting approval",unreviewed_candidate
6082.HK,prospectus,pipeline/prospectus_pipeline/data/pdf/HKIPO-MB6082.pdf,455,Company; (c) the execution and delivery of the International Underwriting Agreement on or about the Price Determination Date; and (d) the obligations of the Hong Kong Underwriters under the Hong Kong Underwriting Agreement and the obligations of the International Underwriters under the International Underwriting Agreement becoming and remaining unconditional and not having been terminated in accordance with the term,unreviewed_candidate
6727.HK,prospectus,pipeline/prospectus_pipeline/data/pdf/HKIPO-MB6727.pdf,5," Offering close (3) . . . . . . . . . . . . . .12:00 noon on Wednesday, September 16, 2026 Expected Price Determination Date (5) . . . . . . . . . . . . . . . . . . . . . at or before 12:00 noon on Thursday, September 17, 2026 Announcement of: • the final Offer Price; • the level of indications of interest in the International Offering; • the level of applications in the Hong Kong Public Offering; and • the basis of",unreviewed_candidate
6727.HK,prospectus,pipeline/prospectus_pipeline/data/pdf/HKIPO-MB6727.pdf,7," — A. Application for Hong Kong Offer Shares — 2. Application Channels” in this prospectus. (5) The Price Determination Date is expected to be on or about Thursday, September 17, 2026. If, for any reason, the Offer Price is not agreed between the Overall Coordinators (for themselves and on behalf of the other Underwriters) and us by 12:00 noon on Thursday, September 17, 2026, the Global Offering will not proceed and",unreviewed_candidate
6727.HK,prospectus,pipeline/prospectus_pipeline/data/pdf/HKIPO-MB6727.pdf,33,"or-Overall Coordinator, the Overall Coordinators and the International Underwriters on or about the Price Determination Date, as further described in the section headed “Underwriting — The International Offering” “Joint Bookrunners” the joint bookrunners as named in “Directors and Parties Involved in the Global Offering” “Joint Global Coordinators” the joint global coordinators as named in “Directors and Parties Inv",unreviewed_candidate
6727.HK,prospectus,pipeline/prospectus_pipeline/data/pdf/HKIPO-MB6727.pdf,35," DEFINITIONS “Price Determination Agreement” the agreement to be entered into between our Company and the Overall Coordinators (for themselves and on behalf of the other Underwriters) on the Price Determination Date to record and fix the Offer Price “Price Determination Date” the date, expected to be on or about Thursday, September",unreviewed_candidate
6727.HK,prospectus,pipeline/prospectus_pipeline/data/pdf/HKIPO-MB6727.pdf,35,"ompany and the Overall Coordinators (for themselves and on behalf of the other Underwriters) on the Price Determination Date to record and fix the Offer Price “Price Determination Date” the date, expected to be on or about Thursday, September 17, 2026, on which the Offer Price is to be fixed by agreement between our Company and the Overall Coordinators (for themselves and on behalf of the Underwriters) “prospectus” ",unreviewed_candidate
6727.HK,prospectus,pipeline/prospectus_pipeline/data/pdf/HKIPO-MB6727.pdf,35,"ehalf of the other Underwriters) on the Price Determination Date to record and fix the Offer Price “Price Determination Date” the date, expected to be on or about Thursday, September 17, 2026, on which the Offer Price is to be fixed by agreement between our Company and the Overall Coordinators (for themselves and on behalf of the Underwriters) “prospectus” or “Prospectus” this prospectus being issued in connection w",unreviewed_candidate
6727.HK,prospectus,pipeline/prospectus_pipeline/data/pdf/HKIPO-MB6727.pdf,73," of the International Underwriting Agreement, which is expected to be entered into on or around the Price Determination Date. If, for any reason, the Offer Price is not agreed between our Company and the Overall Coordinators (for themselves and on behalf of the other Underwriters), the Global Offering will not proceed and will lapse. For full information about the Underwriters and the underwriting arrangements, see ",unreviewed_candidate
6727.HK,prospectus,pipeline/prospectus_pipeline/data/pdf/HKIPO-MB6727.pdf,205," investors in Chinese Mainland and other investors in compliance with regulatory requirements. (iv) Price determination basis. Fully considering the interests of the Company’s existing shareholders, the acceptability of investors, the risks related to the offering, and adopting a market-based pricing method in line with the international practices, market subscriptions, roadshows and bookkeeping results. (v) Validit",unreviewed_candidate
6727.HK,prospectus,pipeline/prospectus_pipeline/data/pdf/HKIPO-MB6727.pdf,286,"ffer Shares for the purpose of the various offerings under the Global Offering will be fixed on the Price Determination Date, which is expected to be on or about Thursday, September 17, 2026, by agreement between the Overall Coordinators (for themselves and on behalf of the other Underwriters) and our Company and the number of Offer Shares to be allocated under the various offerings will be determined shortly therea",unreviewed_candidate
6727.HK,prospectus,pipeline/prospectus_pipeline/data/pdf/HKIPO-MB6727.pdf,286,"ce of the A Shares on the STAR Market of the Shanghai Stock Exchange on the last trading day on the Price Determination Date (which is accessible to the Shareholders and potential investors at https://english.sse.com.cn/markets/equities/list/overview/?COMPANY_CODE=688031&STOCK CODE=688031). The Offer Price will not be more than HK$61.00 per Offer Share and is expected to be not less than HK$49.00 per Offer Share, un",unreviewed_candidate
6727.HK,prospectus,pipeline/prospectus_pipeline/data/pdf/HKIPO-MB6727.pdf,286,"racticable Date. Prospective investors should be aware that the Offer Price to be determined on the Price Determination Date may be, but is not expected to be, lower than the indicative Offer Price range stated in this prospectus. Based on the closing price of the A Share on the Latest Practicable Date of RMB105.88, the high-end and the low-end of the indicative Offer Price range of HK$61.00 and HK$49.00 represent a",unreviewed_candidate
6727.HK,prospectus,pipeline/prospectus_pipeline/data/pdf/HKIPO-MB6727.pdf,288,"to the International Underwriting Agreement relating to the International Offering on or around the Price Determination Date. These underwriting arrangements under the Hong Kong Underwriting Agreement and the International Underwriting Agreement are summarized in “Underwriting.” CONDITIONS OF THE GLOBAL OFFERING Acceptances of all applications for Offer Shares pursuant to the Global Offering will be conditional on, ",unreviewed_candidate
6727.HK,prospectus,pipeline/prospectus_pipeline/data/pdf/HKIPO-MB6727.pdf,288,ompany and the Overall Coordinators (for themselves and on behalf of the other Underwriters) on the Price Determination Date; (c) the execution and delivery of the International Underwriting Agreement on or around the Price Determination Date; and (d) the obligations of the Underwriters under the respective Underwriting Agreements becoming and remaining unconditional and not having been terminated in accordance with,unreviewed_candidate
6727.HK,prospectus,pipeline/prospectus_pipeline/data/pdf/HKIPO-MB6727.pdf,288,"n Date; (c) the execution and delivery of the International Underwriting Agreement on or around the Price Determination Date; and (d) the obligations of the Underwriters under the respective Underwriting Agreements becoming and remaining unconditional and not having been terminated in accordance with the terms of the respective agreements, in each case on or before the dates and times specified in the respective Und",unreviewed_candidate
6745.HK,prospectus,pipeline/prospectus_pipeline/data/pdf/HKIPO-MB6745.pdf,2,"t between the Overall Coordinators (for themselves and on behalf of the Underwriters) and us on the Price Determination Date. The Price Determination Date is expected to be on or before Wednesday, July 8, 2026 (Hong Kong time). The Offer Price will not be more than HK$3.59 per Offer Share and is currently expected to be not less than HK$3.05 per Offer Share. If, for any reason, the Offer Price is not agreed by 12:00",unreviewed_candidate
6745.HK,prospectus,pipeline/prospectus_pipeline/data/pdf/HKIPO-MB6745.pdf,2,"tors (for themselves and on behalf of the Underwriters) and us on the Price Determination Date. The Price Determination Date is expected to be on or before Wednesday, July 8, 2026 (Hong Kong time). The Offer Price will not be more than HK$3.59 per Offer Share and is currently expected to be not less than HK$3.05 per Offer Share. If, for any reason, the Offer Price is not agreed by 12:00 noon on Wednesday, July 8, 20",unreviewed_candidate
6745.HK,prospectus,pipeline/prospectus_pipeline/data/pdf/HKIPO-MB6745.pdf,5," . . . . . . . . . . . . . . . . . . . . . . . . . . . 12:00 noon on Tuesday, July 7, 2026 Expected Price Determination Date (5) . . . . . . . . . . . . . . . . . . . by 12:00 noon on Wednesday, July 8, 2026 Announcement of the final Offer Price on the website of Company at www.befar.com (6) and the website of the Stock Exchange at www.hkexnews.hk on or before. . . . . . . . . . . . . . . . . . . . . . . . . . . . .",unreviewed_candidate
6745.HK,prospectus,pipeline/prospectus_pipeline/data/pdf/HKIPO-MB6745.pdf,7,"g Kong Offer Shares — A. Application for Hong Kong Offer Shares — 2. Application Channels.” (5) The Price Determination Date is expected to be on or before Wednesday, July 8, 2026. If, for any reason, the Company does not agree with the Overall Coordinator (for themselves and on behalf of the Underwriters) on the pricing of the Offer Shares by 12:00 noon on Wednesday, July 8, 2026, the Global Offering will not proce",unreviewed_candidate
6745.HK,prospectus,pipeline/prospectus_pipeline/data/pdf/HKIPO-MB6745.pdf,35," DEFINITIONS “Price Determination Agreement” the agreement to be entered into by the Overall Coordinators (for themselves and on behalf of the Underwriters) and our Company on the Price Determination Date to record and fix the Offer Price “Price Determination Date” the date, expected to be on or before Wednesday, July 8, 2026 and i",unreviewed_candidate
6745.HK,prospectus,pipeline/prospectus_pipeline/data/pdf/HKIPO-MB6745.pdf,35," the Overall Coordinators (for themselves and on behalf of the Underwriters) and our Company on the Price Determination Date to record and fix the Offer Price “Price Determination Date” the date, expected to be on or before Wednesday, July 8, 2026 and in any event no later than 12:00 noon on Wednesday, July 8, 2026, on which the Offer Price is to be fixed for the purposes of the Global Offering “Province” each being",unreviewed_candidate
6745.HK,prospectus,pipeline/prospectus_pipeline/data/pdf/HKIPO-MB6745.pdf,35,"he Underwriters) and our Company on the Price Determination Date to record and fix the Offer Price “Price Determination Date” the date, expected to be on or before Wednesday, July 8, 2026 and in any event no later than 12:00 noon on Wednesday, July 8, 2026, on which the Offer Price is to be fixed for the purposes of the Global Offering “Province” each being a province or, where the context requires, a provincial lev",unreviewed_candidate
6745.HK,prospectus,pipeline/prospectus_pipeline/data/pdf/HKIPO-MB6745.pdf,225," investors in Chinese Mainland and other investors in compliance with regulatory requirements. (iv) Price determination basis. Fully considering the interests of the Company’s existing shareholders, the acceptability of investors, the risks related to the offering, and adopting a market-based pricing method in line with the international practices, market subscriptions, roadshows and bookkeeping results. (v) Validit",unreviewed_candidate
6745.HK,prospectus,pipeline/prospectus_pipeline/data/pdf/HKIPO-MB6745.pdf,280,"ffer Shares for the purpose of the various offerings under the Global Offering will be fixed on the Price Determination Date, which is expected to be on or before Wednesday, July 8, 2026 and, in any event, no later than 12:00 noon on Wednesday, July 8, 2026 by agreement between the Overall Coordinators (for itself and on behalf of the Underwriters) and our Company, and the number of Offer Shares to be allocated unde",unreviewed_candidate
6745.HK,prospectus,pipeline/prospectus_pipeline/data/pdf/HKIPO-MB6745.pdf,281,"of 1,000 Shares. Prospective investors should be aware that the Offer Price to be determined on the Price Determination Date may be, but is not expected to be, lower than the minimum Offer Price stated in this prospectus. The International Underwriters will be soliciting from prospective investors indications of interest in acquiring Offer Shares in the International Offering. Prospective professional and institutio",unreviewed_candidate
6745.HK,prospectus,pipeline/prospectus_pipeline/data/pdf/HKIPO-MB6745.pdf,281,o enter into the International Underwriting Agreement relating to the International Offering on the Price Determination Date. – 270 – ,unreviewed_candidate
6745.HK,prospectus,pipeline/prospectus_pipeline/data/pdf/HKIPO-MB6745.pdf,282,Company; (c) the execution and delivery of the International Underwriting Agreement on or about the Price Determination Date; and (d) the obligations of the Hong Kong Underwriters under the Hong Kong Underwriting Agreement and the obligations of the International Underwriters under the International Underwriting Agreement becoming and remaining unconditional and not having been terminated in accordance with the term,unreviewed_candidate
7687.HK,prospectus,pipeline/prospectus_pipeline/data/pdf/HKIPO-MB7687.pdf,2,"etween the Sponsor-Overall Coordinator (for itself and on behalf of the Underwriters) and us on the Price Determination Date. The Price Determination Date is expected to be on or before Monday, July 6, 2026 (Hong Kong time) and, in any event, not later than 12:00 noon on Monday, July 6, 2026 (Hong Kong time). The Offer Price will not be more than HK$87.92 per Offer Share and is currently expected to be not less than",unreviewed_candidate
7687.HK,prospectus,pipeline/prospectus_pipeline/data/pdf/HKIPO-MB7687.pdf,2,"rdinator (for itself and on behalf of the Underwriters) and us on the Price Determination Date. The Price Determination Date is expected to be on or before Monday, July 6, 2026 (Hong Kong time) and, in any event, not later than 12:00 noon on Monday, July 6, 2026 (Hong Kong time). The Offer Price will not be more than HK$87.92 per Offer Share and is currently expected to be not less than HK$81.16 per Offer Share. If,",unreviewed_candidate
7687.HK,prospectus,pipeline/prospectus_pipeline/data/pdf/HKIPO-MB7687.pdf,5,". . . . . . . . . . . . . . . . . . . . . . . . . . . . 12:00 noon on Friday, July 3, 2026 Expected Price Determination Date (5) . . . . . . . . . . . . . . . . . . . . . . . . . . . . . . by 12:00 noon on Monday, July 6, 2026 Announcement of the Offer Price on the websites of the Stock Exchange at www.hkexnews.hk and our Company at www.eacon.com (6) . . . . . . . . . . . . . . . . . . . . . . . . . . . . . . no lat",unreviewed_candidate
7687.HK,prospectus,pipeline/prospectus_pipeline/data/pdf/HKIPO-MB7687.pdf,7,"g Kong Offer Shares — A. Application for Hong Kong Offer Shares — 2. Application Channels”. (5) The Price Determination Date is expected to be on or before Monday, July 6, 2026. If, for any reason, we do not agree with the Sponsor-Overall Coordinator (for itself and on behalf of the Underwriters) on the pricing of the Offer Shares by 12:00 noon on Monday, July 6, 2026, the Global Offering will not proceed and will l",unreviewed_candidate
7687.HK,prospectus,pipeline/prospectus_pipeline/data/pdf/HKIPO-MB7687.pdf,26,"agreement relating to the International Agreement” Offering expected to be entered into on or about Price Determination Date, by, among others, our Company, the Sole Sponsor, the Overall Coordinators and the International Underwriters, as further described in “Underwriting — International Offering” “Jiaxing Zhitao” Jiaxing Zhitao Venture Capital Partnership Enterprise (Limited Partnership)* (嘉興志韜創業投資合夥企業(有限合 夥)), a ",unreviewed_candidate
7687.HK,prospectus,pipeline/prospectus_pipeline/data/pdf/HKIPO-MB7687.pdf,29," DEFINITIONS “Price Determination Date” the date, expected to be on or before Monday, July 6, 2026 but no later than 12:00 noon on Monday, July 6, 2026, on which the Offer Price is determined for the purposes of the Global Offering “Prospectus” this Prospectus being issued in connection with the Hong Kong Public Offering “Province”",unreviewed_candidate
7687.HK,prospectus,pipeline/prospectus_pipeline/data/pdf/HKIPO-MB7687.pdf,60,ng Agreement relating to the International Offering is expected to be entered into on or around the Price Determination Date. Further information regarding the Underwriters and the Underwriting Agreements are set out in the section headed “Underwriting” in this Prospectus. The Hong Kong Offer Shares are offered solely on the basis of the information contained and representations made in this Prospectus and on the te,unreviewed_candidate
7687.HK,prospectus,pipeline/prospectus_pipeline/data/pdf/HKIPO-MB7687.pdf,264,"en terminated; (ii) the Offer Price having been agreed according to the Underwriting Agreements and price determination agreement to be signed among the parties thereto in connection with the Global Offering; (iii) the Listing Committee having granted the listing of, and permission to deal in, the H Shares (including the H Shares subscribed for by the Cornerstone Investors as well as other applicable waivers and app",unreviewed_candidate
7687.HK,prospectus,pipeline/prospectus_pipeline/data/pdf/HKIPO-MB7687.pdf,272,"nt with, among others, the Overall Coordinators and the International Underwriters on or around the Price Determination Date. Under the International Underwriting Agreement and subject to the Over-allotment Option, the International Underwriters would, subject to certain conditions set out therein, agree severally but not jointly to procure subscribers for, or themselves to subscribe for, their respective applicable",unreviewed_candidate
7687.HK,prospectus,pipeline/prospectus_pipeline/data/pdf/HKIPO-MB7687.pdf,278,"Shares for the purpose of the various offerings under the Global Offering will be determined on the Price Determination Date, which is expected to be on or before Monday, July 6, 2026, by agreement between the Sponsor-Overall Coordinator (for itself and on behalf of the Underwriters) and our Company, and the number of Offer Shares to be allocated under the various offerings will be determined shortly thereafter. The",unreviewed_candidate
7687.HK,prospectus,pipeline/prospectus_pipeline/data/pdf/HKIPO-MB7687.pdf,278,"50 Offer Shares. Prospective investors should be aware that the Offer Price to be determined on the Price Determination Date may be, but is not expected to be, lower than the minimum Offer Price stated in this Prospectus. The International Underwriters will be soliciting from prospective investors’ indications of interest in acquiring Offer Shares in the International Offering. Prospective professional and instituti",unreviewed_candidate
7687.HK,prospectus,pipeline/prospectus_pipeline/data/pdf/HKIPO-MB7687.pdf,279,"to the International Underwriting Agreement relating to the International Offering on or around the Price Determination Date. These underwriting arrangements, including the Underwriting Agreements, are summarized in “Underwriting”. CONDITIONS OF THE GLOBAL OFFERING Acceptance of all applications for Offer Shares will be conditional on (i) the Stock Exchange granting approval for the listing of, and permission to dea",unreviewed_candidate
7687.HK,prospectus,pipeline/prospectus_pipeline/data/pdf/HKIPO-MB7687.pdf,279,pany; (iii) the execution and delivery of the International Underwriting Agreement on or around the Price Determination Date; and (iv) the obligations of the Hong Kong Underwriters under the Hong Kong Underwriting Agreement and the obligations of the International Underwriters under the International Underwriting Agreement becoming and remaining unconditional and not having been terminated in accordance with the ter,unreviewed_candidate
9607.HK,prospectus,pipeline/prospectus_pipeline/data/pdf/HKIPO-MB9607.pdf,2,"etween us and the Sponsor-Overall Coordinator (for itself and on behalf of the Underwriters) on the Price Determination Date, which is expected to be on or before Friday, 25 September, 2026 (Hong Kong time) and, in any event, not later than 12 : 00 noon on Friday, 25 September, 2026 (Hong Kong time). The Offer Price will not be more than HK$44.00 per Offer Share, and is expected to be not less than HK$39.00 per Offe",unreviewed_candidate
9607.HK,prospectus,pipeline/prospectus_pipeline/data/pdf/HKIPO-MB9607.pdf,5,"ing close (3) . . . . . . . . . . . . . . . . 12 : 00 noon on Thursday, 24 September, 2026 Expected Price Determination Date . . . . . . . . . . . . . . . . . . . . . . . . .at or before 12 : 00 noon on Friday, 25 September, 2026 Announcement of the final Offer Price, the level of applications in the Hong Kong Public Offering, the level of indications of interest in the International Offering; and the basis of alloc",unreviewed_candidate
9607.HK,prospectus,pipeline/prospectus_pipeline/data/pdf/HKIPO-MB9607.pdf,26,"he Sole Sponsor, the Sponsor-Overall Coordinator and the International Underwriters on or about the Price Determination Date, as further described in the paragraph headed “Underwriting — The International Offering” in this prospectus “Joint Bookrunner(s)” the joint bookrunners as named in the section headed “Directors and Parties Involved in the Global Offering” in this prospectus “Joint Global the joint global coor",unreviewed_candidate
9607.HK,prospectus,pipeline/prospectus_pipeline/data/pdf/HKIPO-MB9607.pdf,27,"fied from time to time “PRC Legal Adviser” Allbright Law Offices, our legal adviser as to PRC laws “Price Determination the date on which the Offer Price is to be determined Date” “Prinx Chengshan” Prinx Chengshan Holdings Limited (浦林成山控股有限公司), an exempted company incorporated in the Cayman Islands on 22 May 2015 with limited liability whose shares are listed on the Main Board of the Stock Exchange (stock code: 1809",unreviewed_candidate
9607.HK,prospectus,pipeline/prospectus_pipeline/data/pdf/HKIPO-MB9607.pdf,62,"ns of the International Underwriting Agreement which is expected to be entered into on or about the Price Determination Date, subject to agreement on the Offer Price. Further details of the Underwriters and the underwriting arrangements are set out in the section headed “Underwriting” in this prospectus. The Hong Kong Offer Shares are offered solely on the basis of the information contained and representations made ",unreviewed_candidate
9607.HK,prospectus,pipeline/prospectus_pipeline/data/pdf/HKIPO-MB9607.pdf,63," Sponsor-Overall Coordinator (for itself and on behalf of the Hong Kong Underwriters) and us on the Price Determination Date which is expected to be on or before Friday, 25 September, 2026, and in any event no later than 12 : 00 noon on Friday, 25 September, 2026. If the Sponsor-Overall Coordinator (for itself and on behalf of the Hong Kong Underwriters) and our Company are unable to reach an agreement on the Offer ",unreviewed_candidate
9607.HK,prospectus,pipeline/prospectus_pipeline/data/pdf/HKIPO-MB9607.pdf,196," national regulatory authorities, the Stock Exchange, the SFC and other regulatory authorities. (6) Price determination basis: The issue price of the H Shares shall be determined in accordance with international practices, after due consideration of factors including the interests of existing Shareholders, the condition of the domestic and international capital market, risks involved in the offering and acceptabilit",unreviewed_candidate
9607.HK,prospectus,pipeline/prospectus_pipeline/data/pdf/HKIPO-MB9607.pdf,284,"r Company and the Sponsor-Overall Coordinator (for itself and on behalf of the Underwriters) on the Price Determination Date, which is expected to be on Friday, 25 September, 2026 and in any event no later than 12 : 00 noon on Friday, 25 September, 2026. The Sponsor-Overall Coordinator (for itself and on behalf of the Hong Kong Underwriters) may, where considered appropriate, based on the level of interest expressed",unreviewed_candidate
9607.HK,prospectus,pipeline/prospectus_pipeline/data/pdf/HKIPO-MB9607.pdf,285,l enter into the International Underwriting Agreement relating to the International Offering on the Price Determination Date. The underwriting arrangements under the Hong Kong Underwriting Agreement and the International Underwriting Agreement are summarized in the section headed “Underwriting” in this prospectus. CONDITIONS OF THE GLOBAL OFFERING Acceptances of all applications for Offer Shares will be conditional ,unreviewed_candidate
9607.HK,prospectus,pipeline/prospectus_pipeline/data/pdf/HKIPO-MB9607.pdf,285,riters); (3) the execution and delivery of the International Underwriting Agreement on or about the Price Determination Date; and (4) the obligations of the Underwriters under each of the respective Underwriting Agreements becoming and remaining unconditional and not having been terminated in accordance with the terms of the respective Underwriting Agreements; in each case on or before the dates and times specified ,unreviewed_candidate
9615.HK,prospectus,pipeline/prospectus_pipeline/data/pdf/HKIPO-MB9615.pdf,5,". . . . . . . . . . . . . . . . . . . . . . . . . .12:00 noon on Thursday, August 27, 2026 Expected Price Determination Date . . . . . . . . . . . . . . . . . . . . . . . . .at or before 12:00 noon on Friday, August 28, 2026 Announcement of the Offer Price . . . . . . . . . . . . . . . . . . . . . . . . . . . . .11:00 p.m. on Monday, August 31, 2026 Announcement of the level of indications of interest in the Interna",unreviewed_candidate
9615.HK,prospectus,pipeline/prospectus_pipeline/data/pdf/HKIPO-MB9615.pdf,30,"re-IPO Investments, details of which are set out in “History, Development and Corporate Structure” “Price Determination Agreement” the agreement to be entered into by the Sponsor-Overall Coordinators (for themselves and on behalf of the Hong Kong Underwriters) and our Company on the Price Determination Date to record and fix the Offer Price “Price Determination Date” the date, expected to be on or around August 28, ",unreviewed_candidate
9615.HK,prospectus,pipeline/prospectus_pipeline/data/pdf/HKIPO-MB9615.pdf,30,"ll Coordinators (for themselves and on behalf of the Hong Kong Underwriters) and our Company on the Price Determination Date to record and fix the Offer Price “Price Determination Date” the date, expected to be on or around August 28, 2026 (Hong Kong time) and in any event no later than 12:00 noon on August 28, 2026, on which the Offer Price is determined “Prospectus” this prospectus being issued in connection with ",unreviewed_candidate
9615.HK,prospectus,pipeline/prospectus_pipeline/data/pdf/HKIPO-MB9615.pdf,30,"ng Underwriters) and our Company on the Price Determination Date to record and fix the Offer Price “Price Determination Date” the date, expected to be on or around August 28, 2026 (Hong Kong time) and in any event no later than 12:00 noon on August 28, 2026, on which the Offer Price is determined “Prospectus” this prospectus being issued in connection with the Hong Kong Public Offering “Regulation S” Regulation S un",unreviewed_candidate
9615.HK,prospectus,pipeline/prospectus_pipeline/data/pdf/HKIPO-MB9615.pdf,75,"riting Agreement relating to the International Offering is expected to be entered into on or around Price Determination Date, subject to the Offer Price being agreed. If, for any reason, the Offer Price is not agreed among us and the Sponsor-OCs (for themselves and on behalf of the Underwriters), the Global Offering will not proceed and will lapse. For further information about the Underwriters and the underwriting ",unreviewed_candidate
9615.HK,prospectus,pipeline/prospectus_pipeline/data/pdf/HKIPO-MB9615.pdf,252,ing been terminated; (b) the Offer Price having been agreed pursuant to underwriting agreements and price determination agreement to be signed among the Company and the Sponsor-Overall Coordinators (for themselves and on behalf of the underwriters of the Global Offering; – 244 – ,unreviewed_candidate
9615.HK,prospectus,pipeline/prospectus_pipeline/data/pdf/HKIPO-MB9615.pdf,306,r-OCs (for themselves and on behalf of the Hong Kong Underwriters) and the Company on or before the Price Determination Date; (c) the execution and delivery of the International Underwriting Agreement on or before the Price Determination Date; and (d) the obligations of the Hong Kong Underwriters under the Hong Kong Underwriting Agreement and the obligations of the International Underwriters under the International ,unreviewed_candidate
9615.HK,prospectus,pipeline/prospectus_pipeline/data/pdf/HKIPO-MB9615.pdf,306,n Date; (c) the execution and delivery of the International Underwriting Agreement on or before the Price Determination Date; and (d) the obligations of the Hong Kong Underwriters under the Hong Kong Underwriting Agreement and the obligations of the International Underwriters under the International Underwriting Agreement becoming and remaining unconditional and not having been terminated in accordance with the term,unreviewed_candidate
9615.HK,prospectus,pipeline/prospectus_pipeline/data/pdf/HKIPO-MB9615.pdf,306,"r-OCs (for themselves and on behalf of the Underwriters) and the Company at or before 12:00 noon on Price Determination Date, the Global Offering will not proceed and will lapse. The consummation of each of the Hong Kong Public Offering and the International Offering is conditional upon, among other things, the other offering becoming unconditional and not having been terminated in accordance with their respective t",unreviewed_candidate
9615.HK,prospectus,pipeline/prospectus_pipeline/data/pdf/HKIPO-MB9615.pdf,308,"ffer Shares for the purpose of the various offerings under the Global Offering will be fixed on the Price Determination Date, which is expected to be on or around Friday, August 28, 2026 (Hong Kong time) and in any event at or before 12:00 noon on Friday, August 28, – 300 – ",unreviewed_candidate
9615.HK,prospectus,pipeline/prospectus_pipeline/data/pdf/HKIPO-MB9615.pdf,309,"Public Offering. Prospective investors should be aware that the Offer Price to be determined on the Price Determination Date may be, but is not expected to be, lower than the indicative Offer Price range stated in this Prospectus. The Sponsor-OCs (for themselves and on behalf of the Underwriters) may, where considered appropriate, based on the level of interest expressed by prospective professional, institutional an",unreviewed_candidate
9971.HK,prospectus,pipeline/prospectus_pipeline/data/pdf/HKIPO-MB9971.pdf,2," agreement between the Overall Coordinators (on behalf of the Hong Kong Underwriters) and us on the Price Determination Date. The Price Determination Date is expected to be on or before Monday, July 6, 2026 (Hong Kong time) and, in any event, not later than 12:00 noon on Monday, July 6, 2026 (Hong Kong time). The Offer Price will be no more than HK$31.62 and is currently expected to be not less than HK$27.49 per Off",unreviewed_candidate
9971.HK,prospectus,pipeline/prospectus_pipeline/data/pdf/HKIPO-MB9971.pdf,2," Coordinators (on behalf of the Hong Kong Underwriters) and us on the Price Determination Date. The Price Determination Date is expected to be on or before Monday, July 6, 2026 (Hong Kong time) and, in any event, not later than 12:00 noon on Monday, July 6, 2026 (Hong Kong time). The Offer Price will be no more than HK$31.62 and is currently expected to be not less than HK$27.49 per Offer Share. If, for any reason, ",unreviewed_candidate
9971.HK,prospectus,pipeline/prospectus_pipeline/data/pdf/HKIPO-MB9971.pdf,5,"ublic Offering close (3) . . . . . . . . . . . . . . . .12:00 noon on Friday, July 3, 2026 Expected Price Determination Date (5) . . . . . . . . . . . . . . . . . . . . . . . . . . . . . .by 12:00 noon on Monday, July 6, 2026 (1) Announcement of • Offer Price; • an indication of the level of interest in the International Offering; • the level of applications in the Hong Kong Public Offering; and • the basis of alloc",unreviewed_candidate
9971.HK,prospectus,pipeline/prospectus_pipeline/data/pdf/HKIPO-MB9971.pdf,6," Kong Offer Shares — A. Applications for Hong Kong Offer Shares — 2. Application Channels”. (5) The Price Determination Date is expected to be on or before Monday, July 6, 2026, and in any event, not later than 12:00 noon on Monday, July 6, 2026. If, for any reason, the Offer Price is not agreed between the Overall Coordinators (for themselves and on behalf of the Underwriters) and us by 12:00 noon on Monday, July 6",unreviewed_candidate
9971.HK,prospectus,pipeline/prospectus_pipeline/data/pdf/HKIPO-MB9971.pdf,34,"Investments of our Group. See “History, Development and Corporate Structure — Pre-IPO Investments” “Price Determination Date” the date, expected to be on or before Monday, July 6, 2026 (Hong Kong time) on which the Offer Price is determined, or such later time as the Overall Coordinators and our Company may agree, but in any event no later than 12:00 noon on Monday, July 6, 2026 “prospectus” this prospectus being is",unreviewed_candidate
9971.HK,prospectus,pipeline/prospectus_pipeline/data/pdf/HKIPO-MB9971.pdf,279," Controlling Shareholders will enter into the International Underwriting Agreement on or around the Price Determination Date with the Joint Sponsors, the Overall Coordinators and the International Underwriters. Under the International Underwriting Agreement, subject to the conditions set forth therein, the International Underwriters would severally and not jointly agree to purchase, or procure purchasers to purchase",unreviewed_candidate
9971.HK,prospectus,pipeline/prospectus_pipeline/data/pdf/HKIPO-MB9971.pdf,286,"ffer Shares for the purpose of the various offerings under the Global Offering will be fixed on the Price Determination Date, which is expected to be on or before Monday, July 6, 2026, by agreement between the Overall Coordinators (for themselves and on behalf of the Underwriters) and our Company and the number of Offer Shares to be allocated under the various offerings will be determined shortly thereafter. The Off",unreviewed_candidate
9971.HK,prospectus,pipeline/prospectus_pipeline/data/pdf/HKIPO-MB9971.pdf,286,"explained below. Prospective investors should be aware that the Offer Price to be determined on the Price Determination Date may be, but is not expected to be, lower than the indicative Offer Price range stated in this prospectus. The Overall Coordinators (for themselves and on behalf of the other Underwriters) may, where considered appropriate, based on the level of interest expressed by prospective professional an",unreviewed_candidate
9971.HK,prospectus,pipeline/prospectus_pipeline/data/pdf/HKIPO-MB9971.pdf,287, our Company and the Overall Coordinators (for themselves and on behalf of the Underwriters) on the Price Determination Date; (c) the execution and delivery of the International Underwriting Agreement on or around the Price Determination Date; and (d) the obligations of the Underwriters under the respective Underwriting Agreements becoming and remaining unconditional and not having been terminated in accordance with,unreviewed_candidate
9971.HK,prospectus,pipeline/prospectus_pipeline/data/pdf/HKIPO-MB9971.pdf,287,"n Date; (c) the execution and delivery of the International Underwriting Agreement on or around the Price Determination Date; and (d) the obligations of the Underwriters under the respective Underwriting Agreements becoming and remaining unconditional and not having been terminated in accordance with the terms of the respective agreements, in each case on or before the dates and times specified in the respective Und",unreviewed_candidate
