HKEx file# of the year,Stock Code,Company Name at time of listing,Date of Prospectus (dd/mm/yy),Date of Listing (dd/mm/yy),Sponsor(s),Reporting Accountants,Valuer(s),Funds Raised HK (a),Funds Raised Int.(b),IPO Subscription Price (HK$),Total (without option),Global Offering (without option),Number of offer shares under the capitalization Issue,Number of offer shares under Capitalization Rest,Sale Shares,New shares,Placing Shares,Public Offer shares,Maximum Offer Price,Minimum Offer Price,Filing price revision (%),Filing range width (%),Pricing position in filing range,currency in financial information,total assets in year-3 (3 years before IPO),total assets in year-2,total assets in year-1,total equity in year-3,total equity in year-2,total equity in year-1,total liability in year-3,total liability in year-2,total liability in year-1,Net sales in year-3,Net sales in year-2,Net sales in year-1,Profit before tax in year-3,Profit before tax in year-2,Profit before tax in year-1,Profit for the year in year-3,Profit for the year in year-2,Profit for the year in year-1,Underwriting Commission (% of fund raised HK (a),Underwriting Commission (% of fund raised Int.(b),Over-allotment Option (%),Principal business / industry,Listing route / applicable chapter,Year-1 financial period end (dd/mm/yy),Operating cash flow in year-1 (before annualization),Cash and cash equivalents at year-1 end,R&D expensed in year-1 (before annualization),"Development costs capitalized in year-1 (additions, before annualization)",Top 5 customers (% of year-1 revenue),Comments / Annualization factor,Pre-IPO VC/PE backing (1=yes; 0=no),Pre-IPO VC backing (1=yes; 0=no),Pre-IPO PE backing (1=yes; 0=no),Pre-IPO CVC backing (1=yes; 0=no),Pre-IPO State/Gov backing (1=yes; 0=no),Top-tier VC/PE backing (1=yes; 0=no),Key Pre-IPO investors,Pre-IPO institutional shareholding (%),Pre-IPO investor board seat (1=yes; 0=no),Earliest Pre-IPO investment round,Pre-IPO holding duration (years),Ultimate controller type,Controller economic interest at listing (%),Controller voting rights at listing (%),Interest-bearing debt at year-1 end,Technology commercialization stage,Debt repayment (% of planned net IPO proceeds),Listing board,Share class,A+H issuer flag,WVR flag,Chapter 18A flag,Chapter 18C flag,Industry classification code,Industry classification system and version,Incorporation date,Firm age at IPO (years),Place of incorporation,Principal place of business,Financial statement unit multiplier,Accounting standard,Year-3 financial period start,Year-3 financial period end,Year-2 financial period start,Year-2 financial period end,Year-1 financial period start,"Year-1 net sales (original, pre-annualization)",Year-1 profit before tax (original),Year-1 profit for period (original),Subscription opening date,Subscription closing date,H shares after IPO (base; no options),Gross profit in year-1,Capital expenditure in year-1,Audit opinion (year-1),Listing expenses (HK$),Cornerstone investor names,Final cornerstone allocation (% of base offer),Earliest cornerstone unlock date (dd/mm/yy),Subscription Ratio (times),Public applicants,Public valid applied shares,Public subscription original wording,Pricing date,Allotment announcement date,Final global offering shares (before over-allotment),Final public offer shares,Final placing shares,Over-allotment shares actually issued,Greenshoe exercise rate (%),Actual clawback / reallocation description,Net IPO proceeds to issuer (HK$),Public shareholding at listing (%),Share base used for both public shareholding ratios,Unrestricted public shareholding at listing (%),Free float denominator description,Free float denominator shares,HSI return over 20 trading days before prospectus (%),HK ordinary IPO count in 90 calendar days before prospectus,1-month HIBOR before prospectus (%),Banking system aggregate balance before prospectus (HK$),First trading day closing price (HK$),First-day return / Underpricing (%),Money left on the table (HK$),First trading day opening price (HK$),First trading day high (HK$),First trading day low (HK$),First trading day volume (shares),First-day flipping ratio (%),First trading day turnover (HK$),Offer mechanism,Applicable IPO rules / transition basis,Company Chinese Name,Current listing status,1-month post-IPO close price (HK$),1-month BHR from Day-1 close (%),1-month total return from offer price (%),1-month HSI return (%),1-month HSTECH return (%),1-month wealth relative vs HSI,1-month wealth relative vs HSTECH,1-month average daily turnover (HK$),6-month post-IPO close price (HK$),6-month BHR from Day-1 close (%),6-month total return from offer price (%),6-month HSI return (%),6-month HSTECH return (%),6-month wealth relative vs HSI,6-month wealth relative vs HSTECH,6-month average daily turnover (HK$),Liquidity decay ratio (6M vs Day-1 turnover),1-year post-IPO return (%) [Reserved],1-year wealth relative vs HSI [Reserved],3-year post-IPO return (%) [Reserved],3-year wealth relative vs HSI [Reserved],18A/18C regulatory milestone status,Stabilizing manager,Stabilization period end date,Stabilization purchases occurred,Over-allocation shares,Over-allocation (% of base offer),Over-allotment option exercise date,Shares issued under over-allotment option,Over-allotment exercise percentage (%),"Post-stabilization cliff return [-5, +5] (%)","Post-stabilization 20-day return [0, +20] (%)",Post-stabilization volume decay ratio (%),Day-5 BHR from Day-1 close (%),Day-5 wealth relative vs HSI,Day-20 BHR from Day-1 close (%),Day-20 wealth relative vs HSI,3-month BHR from Day-1 close (%),3-month wealth relative vs HSI,3-month wealth relative vs HSTECH,3-month average daily turnover (HK$),Amihud illiquidity (6M mean),Zero-volume days count (first 6M),"Return volatility (first 6M daily std dev, %)","Maximum drawdown (first 6M, %)",Controlling shareholder 6-month disposal lockup expiry date,Controlling shareholder 12-month cessation of control expiry date,"Cornerstone unlock CAR [-5, +5] (%)","Cornerstone unlock CAR [-20, +20] (%)",Cornerstone unlock volume shock ratio,Lead sponsor name,Joint sponsor count,Sponsor commercial bank affiliate flag,Underwriting base commission rate (%),Underwriting discretionary incentive fee rate (%),Total underwriting fee rate (%),Cornerstone investor count,Cornerstone state-owned presence flag,Crossover fund presence flag,Pre-IPO institutional investor count,Pre-IPO state-owned backing flag,FINI digital settlement regime,2025 pricing reform regime
40,6656.HK,"Sigenergy Technology Co., Ltd. - H Shares",2026-04-08,2026-04-16,"CITIC Securities (Hong Kong) Limited /
BNP Paribas Securities (Asia) Limited",Ernst & Young,,440069080,4620660500,324.2,246796930,13573900,233223030,233223030,0,13573900,12216500,1357400,324.2,324.2,0,0,Fixed price,RMB,655979000,1626010000,8447914000,263805000,582032000,3787986000,392174000,1043978000,4659928000,58302000,1329838000,9000512000,-373286000,55647000,3296226000,-373452000,83845000,2918832000,0.0225,0.0225,0.15,Renewable energy - distributed energy storage system (DESS) solutions,Main Board - Rule 8.05(3) market capitalisation/revenue test,2025-12-31,-199990000,1109293000,494028000,0,0.45,1,1,1,1,,1,1,Shanghai Yusong; Jiefeng Technology; Zhuhai Meiheng; Guangzhou Huaxin; Andaman International; Jiaxing Yuzai; Suzhou V Fund; Jinan V Fund; Gongqingcheng Yunteng; Jiaxing Dingyun; Xiamen Xiaoyu; Hangzhou Yiyun; Xingxu Yaoneng; Xingxu New Energy; TTGG Ventures,0.3958,1,Series Seed (June 2022),3.77,"Individual (founder, Mr. Xu)",0.4658,0.4658,1720433000,Commercialized - commenced commercial production and sales in May 2023,0,Main Board,H Shares,0,0,0,0,101070,HSICS (Hang Seng Industry Classification System) 2026,2022-05-24,3.9,PRC,"Building 12-2, 678 Yunqiao Road, Pilot Free Trade Zone, Shanghai, PRC",1000,IFRS Accounting Standards,2023-01-01,2023-12-31,2024-01-01,2024-12-31,2025-01-01,9000512000,3296226000,2918832000,2026-04-08,2026-04-13,139732341,4504853000,353107000,Unqualified (true and fair view),210800000,"Aranda Investments Pte. Ltd.; Shanghai Lujiazui (Group) Co., Ltd. (GUOTAI JUNAN INVESTMENTS (HONG KONG) LIMITED OTC Swap); Goldman Sachs Asset Management (Hong Kong) Limited; HHLR Advisors, Ltd.; Hillhouse Investment Management, Ltd.; UBS Asset Management (Singapore) Ltd.; AXA Investment Managers UK Limited; CPE Energy Investment Limited; Lazurite Hime L.P.; Baring Asset Management (Asia) Limited; Charoen Pokphand Robot Limited; CPIC Investment Management (H.K.) Company Limited; Fullgoal Asset Management (HK) Limited; Fullgoal Fund Management Co., Ltd.; Greenwoods Asset Management Hong Kong Limited; Huadeng Technology Space Ventures Ltd; ICBC Wealth Management Co., Ltd.; Perseverance Asset Management International (Singapore) Pte. Ltd.; Scene Cloud Global Limited; Tropical Terrain Limited; 3W Fund Management Limited",0.498,2026-10-16,1102.05,202730,1495920500,"Subscription level 1,102.05 times",,2026-04-15,13573900,1357400,12216500,2036000,1,"No clawback triggered (Claw-back triggered: N/A); the final number of Offer Shares under the Hong Kong Public Offering (1,357,400) equals the initial number and represents 10.0% of the Global Offering.",4189900000,0.2744,246796930,0.0276,"Free float denominator = total issued shares upon Listing (before exercise of the Over-allotment Option) = 246,796,930; numerator = Offer Shares minus cornerstone allocation.",246796930,-0.00808847,37,0.0198601,53851000000,656.802,1.02592,4.51471e+09,578.302,666.302,557.802,7713823,0.568283,4596550510,Mechanism B,FINI (from 22/11/2023); 2025-08-04 pricing reform (Mechanism A/B; six-month cornerstone lock-up retained); this IPO: Mechanism B,思格新能源（上海）股份有限公司,Active,518.302,-0.21087,0.598711,-0.000198,-0.003119,0.7893,0.7916,5.15838e+08,,,,,,,,,,,,,,Standard,CLSA Limited,2026-05-13,0,2036000,0.15,2026-05-13,2036000,1,-0.052603,-0.321721,0.289579,-0.140073,0.8675,-0.21087,0.7893,-0.585263,0.4457,0.4568,2.39412e+08,0.00039108,0,0.108398,0.594178,2026-10-16,2027-04-16,,,,CICC,2,0,0.025,0.01,0.035,4,0,0,6,0,POST_FINI,POST_2025_REFORM
42,0068.HK,Manycore Tech Inc.,2026-04-09,2026-04-17,"J.P. Morgan Securities (Far East) Limited/ 
CCB International Capital Limited",KPMG,,122392440,1285109190,7.62,1700106840,160619000,1539487840,1539487840,0,160619000,144557000,16062000,7.62,6.72,0.062762,0.125523,At high,RMB,766084000,616198000,550796000,-3328016000,-3858035000,-4183858000,4094100000,4474233000,4734654000,663540000,754830000,819994000,-646097000,-513472000,-427905000,-646097000,-513472000,-427905000,0.04,0.04,0.15,Cloud-native spatial design software (spatial design software industry),Main Board of the Stock Exchange,2025-12-31,-19217000,356927000,290940000,0,0.091,1,1,1,1,1,1,1,"GGV Capital V L.P.; GGV Capital V Entrepreneurs Fund L.P.; Shanghai Yuanyan Enterprise Management Consulting Partnership (Limited Partnership); Shunwei Growth III Limited; Astrend Opportunity III Alpha Limited; IDG Technology Venture Investment IV, L.P.; IDG Technology Venture Investment V, L.P.; New Gultar Limited; HH SUM-I Holdings Limited; MPC III L.P.; MPC III-A L.P.; Coatue PE Asia 36 LLC; Coatue PE Asia 73 LLC; HES VENTURES I, INC.; HEARST VENTURES, INC.; QINGTING INVESTMENTS PTE. LTD.; Linear Venture, Ltd.; Mountain Glacier Investments Ltd.; Planetree Partners I, L.P.; EXC Investment LLC; Planetree EXC Investment LLC; Aquanauts 3820 III L.P.",0.656,1,Series A,12.32,None (no controlling shareholder),,,4103552000,,0,Main Board,Ordinary Shares,0,0,0,0,702030,HSICS (Hang Seng Industry Classification System) 2026,2013-07-29,12.72,Cayman Islands,"Room 1920, 19/F, Lee Garden One, 33 Hysan Avenue, Causeway Bay, Hong Kong",1000,IFRS,2023-01-01,2023-12-31,2024-01-01,2024-12-31,2025-01-01,819994000,-427905000,-427905000,2026-04-09,2026-04-14,1700106840,674288000,35300000,Unqualified — true and fair view,127600000,"Taikang Life Insurance Co., Ltd; Sunshine Life Insurance Corporation Limited; GF Fund Management Co., Ltd.; GF International Investment Management Limited; REDWOOD ELITE LIMITED; Mirae Asset Securities Co., Ltd.; RIME Capital Limited; Hesai Hong Kong Limited; Guohui (HK) Holdings Co., Limited; CR Construction Group Holdings Limited",0.3714,2026-10-17,1590.56,240700,25547639500,"Subscription level 1,590.56 times",2026-04-15,2026-04-16,160619000,16062000,144557000,24092500,1,"Reallocation: No. No. of Offer Shares reallocated from the International Offering: 0. Final no. of Offer Shares under the Hong Kong Public Offering: 16,062,000, being 10% of the Global Offering before exercise of the Over-allotment Option.",1092000000,0.3534,1700106840,0.0594,Free float denominator = total issued shares upon listing (col_CZ); numerator = offer shares minus cornerstone allocation,1700106840,0.00526962,34,0.0207798,53942000000,18.6,1.44094,1763596620,20.7,21.86,16.5,134488211,0.837312,2590288990,Mechanism B,FINI (from 22/11/2023); 2025-08-04 pricing reform (Mechanism A/B; six-month cornerstone lock-up retained); this IPO: Mechanism B,群核科技,Active,19.8,0.064516,1.59842,-0.007553,-0.020136,1.0726,1.0864,8.79982e+08,,,,,,,,,,,,,,Standard,China International Capital Corporation / Sponsor-OC,2026-05-17,0,0,0.15,2026-04-20,24092500,1,-0.216105,-0.235142,0.145232,0.633333,1.6488,0.064516,1.0726,-0.566667,0.4509,0.4598,3.31648e+08,0.00132553,0,0.182162,0.847423,2026-10-17,2027-04-17,,,,CICC,2,0,0.025,0.01,0.035,4,0,0,6,0,POST_FINI,POST_2025_REFORM
41,3277.HK,Gpixel Changchun Microelectronics Inc. - H Shares,2026-04-09,2026-04-17,"CITIC Securities (Hong Kong) Limited/
Guotai Junan Capital Limited",Ernst & Young,,260396460,2734124944,39.88,435294200,65294200,370000000,370000000,0,65294200,58764700,6529500,39.88,39.88,0,0,Fixed price,RMB,1313888000,1491080000,2087058000,963148000,1212010000,1571750000,350740000,279070000,515308000,604835000,673048000,856513000,190491000,220836000,324121000,169847000,196982000,293146000,0.02,0.02,0.15,CMOS image sensor design and sales (semiconductor industry),Main Board,2025-12-31,466346000,236305000,186168000,0,0.407,1,1,1,1,,1,1,Zhuhai Qixin; Gaoling Yurun; Xianjin Zhizao; Guoce Xiangchi; Xiamen Yuanfeng; Huashun Guangzhou; Shenzhen Jiusi; Juyuan Xincheng; QIN Hao; Wuhu Tuochen; Suzhou Fangguang; Yibin Chendao; Shengyu Huatian; Zhongke Chuangxing; Changzhou Fangguang; Pingyang Yuanxin; Donghu Guolong; Zhongke Xiandao; Ningbo Yuxi; Zhongke Ketou; Thriving Capital; Jilin Yuanheng,0.1084,0,Pre-IPO Investments (June 2022),3.83,Natural person,0.421,0.421,6322000,,0,Main Board,H Shares,0,0,0,0,703010,HSICS (Hang Seng Industry Classification System) 2026,2012-09-03,13.62,PRC,"Headquarters and Principal Place of Business in the PRC: Office Buildings 1 and 5, Phase I, Optoelectronic Information Industrial Park, No. 7691, Ziyou Road, Changchun Economic and Technological Development Zone, Jilin Province, PRC",1000,HKFRS,2023-01-01,2023-12-31,2024-01-01,2024-12-31,2025-01-01,856513000,324121000,293146000,2026-04-09,2026-04-14,291138500,573281000,24500000,Unqualified,100400000,CPE Peepal; HHLRA; UBS AM Singapore; Arc Avenue; Boyu; Fullgoal; GF Fund; Greenwoods; Mirae HK; Perseverance Asset Management; Yield Royal Investment; 3W Fund; Eastern Bell Capital VIII; ICBC Wealth; Protium Capital Limited; Source Code Capital; WT Asset Management; E Fund; China AMC; Cithara Fund; Panjing Fund; Value Partners; China Orient Multi-Strategy Master Fund; CMSIM,0.5,2026-10-17,1138.21,266501,7431943800,"Subscription level 1,138.21 times",,2026-04-16,65294200,6529500,58764700,9794100,1,"No clawback triggered (Claw-back triggered: No); the final number of Offer Shares under the Hong Kong Public Offering (6,529,500) equals the initial number and represents 10.00% of the Global Offering, with no reallocation from the International Offering.",2503600000,0.1829,435294200,0.075,"Free float excludes H Shares held by Cornerstone Investors upon Listing (six-month lock-up); denominator = total issued shares upon Listing (before exercise of the Over-allotment Option) = 435,294,200.",435294200,0.00526962,34,0.0207798,53942000000,69.713,0.748069,1.94792e+09,71.713,84.713,66.363,28022939,0.42918,2010048990,Mechanism B,FINI (from 22/11/2023); 2025-08-04 pricing reform (Mechanism A/B; six-month cornerstone lock-up retained); this IPO: Mechanism B,长春长光辰芯微电子股份有限公司,Active,81.363,0.167114,1.0402,-0.007553,-0.020136,1.176,1.1911,4.14496e+08,,,,,,,,,,,,,,Standard,China International Capital Corporation / Sponsor-OC,2026-05-17,0,0,0.15,2026-05-17,9794100,1,0.375421,0.058433,0.345976,0.154204,1.1651,0.167114,1.176,-0.100598,0.9358,0.9544,2.06177e+08,0.00076445,0,0.100792,0.49877,2026-10-17,2027-04-17,,,,CICC,2,0,0.025,0.01,0.035,4,0,0,6,0,POST_FINI,POST_2025_REFORM
44,2476.HK,"Victory Giant Technology (HuiZhou) Co., Ltd. - H Shares",2026-04-13,2026-04-21,"J.P. Morgan Securities (Far East) Limited /
China Securities (International) Corporate Finance Company Limited /
GF Capital (Hong Kong) Limited",BDO Limited,,1749307824,21385239876,209.88,955905313,83348000,872557313,872557313,0,83348000,75013200,8334800,209.88,,0,0,Fixed price,RMB,17383616000,19175313000,35244489000,7625730000,8927933000,16617608000,9757886000,10247380000,18626881000,7931248000,10731469000,19292313000,749214000,1311823000,5021716000,671346000,1154431000,4311988000,0.008,0.008,0.15,"Printed circuit board (PCB) manufacturing - research and development, manufacturing and sales of high-precision multilayer PCBs, HDIs and FPCs",Main Board - Chapter 19A of the Listing Rules (PRC issuer with other listed shares),2025-12-31,4620074000,3206572000,777643000,0,0.51,1,1,1,1,,,,Oriental Fortune (Wuhu) Equity Investment Fund (Limited Partnership); Guoke Ruihua Venture Capital Enterprise; Oriental Fortune (Wuhu) No. 2 Equity Investment Fund (Limited Partnership); Huizhou Kaichuang Venture Capital Partnership (Limited Partnership); Jiaxing Shidai Jingxuan Venture Capital Partnership (Limited Partnership),,0,2011 institutional investor introduction,,Individual (natural person) - Mr. Chen Tao,0.2825,0.2825,6445696000,Commercialized (mass production),0,Main Board,H Shares,0,0,0,0,101025,HSICS (Hang Seng Industry Classification System) 2026,2006-07-28,19.73,PRC,"Hangcheng Technology Park, Xinqiao Village, Danshui Town, Huiyang District, Huizhou City, Guangdong Province, PRC",1000,IFRS Accounting Standards,2023-01-01,2023-12-31,2024-01-01,2024-12-31,2025-01-01,19292313000,5021716000,4311988000,2026-04-13,2026-04-16,83348000,6795424000,6388985000,Unqualified opinion (true and fair view),264000000,"CPE Rosewood Investment Limited; Janchor Partners Pan-Asian Master Fund; New Alternative Limited; New Golden Future Limited; Deliante Holdings Co., Ltd.; Hong Kong Mason Electronics Co., Ltd.; Morgan Stanley & Co. International plc; Foresight Global Superior Choice SPC - Global Superior Choice Fund 1 SP; Foresight Global Superior Choice SPC - Vision Fund 1 SP; Foresight Global Superior Choice SPC - Horizon Fund 1 SP; HHLR Advisors, Ltd.; Pinpoint Asset Management Limited; Sunshine Life Insurance Corporation Limited; Tanwan Inc.; Tropical Terrain Limited; Yong Rong (HK) Asset Management Limited; Huizhou Huilian Investment Partnership (Limited Partnership); Greenwoods Asset Management Hong Kong Limited; Bosera Asset Management (International) Co., Limited; Cloudview Capital Limited; CNCB (Hong Kong) Investment Limited; Mega Prime Development Limited; Poly Platinum Enterprises Limited; Golden K2 Falcon Open-ended Fund Company; Infore Funds Series 1 Open-ended Fund Company - Infore Global Equity Fund; Metazone Link (HK) Limited; MY Asian Opportunities Master Fund, L.P.; Ovata Capital Management Limited; SR Wealth Securities Limited; Ruihua (International) Investment Limited; Tianhong Asset Management Co., Ltd.; Ye Guofu; CloudAlpha Capital Management Limited; Everbright Wealth Management Co., Ltd.; Jump Trading Pacific Pte. Ltd.; Luhua Daosheng (Beijing) Enterprise Management & Development Co., Ltd.; Mirae Asset Securities Co., Ltd.; Panjing Harbourview Investment Fund; Wind Sabre Fund SPC on behalf of Wind Sabre Opportunities Fund SP; Black Dragon AP SPV1; HQ TELECOM SINGAPORE PTE. LTD.",0.3883,2026-10-21,431.15,250606,3234220300,Subscription level 431.15 times,2026-04-17,2026-04-20,95850000,8334800,87515200,14377500,1,"No claw-back triggered (Claw-back triggered: N/A). 351,400 under-subscribed Overseas Employee Reserved Shares were reallocated to the Hong Kong Public Offering.",19889400000,0.0985,968407313,0.0605,Free float denominator = total issued shares upon listing (col_CZ); numerator = offer shares minus cornerstone allocation,968407313,-0.00255629,30,0.0224024,53942000000,315,0.500858,10075752000,330,336.2,302,33822392,0.352868,10784221200,Mechanism B,FINI (from 22/11/2023); 2025-08-04 pricing reform (Mechanism A/B; six-month cornerstone lock-up retained); this IPO: Mechanism B,胜宏科技（惠州）股份有限公司,Active,371.2,0.178413,0.76863,-0.026036,-0.040312,1.2099,1.2279,2066770985,,,,,,,,,,,,,,Standard,China International Capital Corporation / Sponsor-OC,2026-05-21,0,0,0.15,2026-04-22,14377500,1,0.202032,0.217793,0.997668,-0.025397,0.9957,0.178413,1.2099,-0.28,0.7661,0.7807,1.85177e+09,3.78991e-05,0,0.0794598,0.645684,2026-10-21,2027-04-21,,,,CICC,2,0,0.025,0.01,0.035,4,0,0,6,0,POST_FINI,POST_2025_REFORM
45,3296.HK,"Huaqin Co., Ltd. - H Shares",2026-04-15,2026-04-23,"China International Capital Corporation Hong Kong Securities Limited / 
Merrill Lynch (Asia Pacific) Limited",BDO Limited,,454925730,4776646350,77.7,1074280544,58548200,1015732344,1015732344,0,58548200,52693300,5854900,77.7,,0,0,Fixed price,RMB,51509636000,76296823000,96205628000,20843047000,22924060000,26345328000,30666589000,53372763000,69860300000,85338484000,109877987000,171436927000,2835217000,3037064000,4475933000,2657010000,2916351000,4131575000,0.003,0.003,0.15,"Smart product ODM platform (design, development, manufacture and sale of smart products)",Main Board of the Hong Kong Stock Exchange as a PRC issuer (Chapter 19A of the Listing Rules),2025-12-31,-223312000,10270248000,6363453000,13492000,0.541,1,0,0,0,0,0,0,,0,0,,,"Natural person (Mr. Qiu Wensheng, founder and controlling shareholder)",0.4101,0.4101,20018095000,Mass production and commercialization,0,Main Board,H Shares,0,0,0,0,701010,HSICS (Hang Seng Industry Classification System) 2026,2005-08-29,20.65,PRC,"No. 699, Lvke Road, Pudong New District, Shanghai, PRC",1000,IFRS,2023-01-01,2023-12-31,2024-01-01,2024-12-31,2025-01-01,171436927000,4475933000,4131575000,2026-04-15,2026-04-20,58548200,13230496000,2932100000,Unqualified (true and fair view),86100000,JPMAMAPL; UBS AM Singapore; Shanghai Gaoyi and CICC FT (in connection with Gaoyi OTC Swaps); Perseverance Asset Management; Cloud Map; Taikang Life; 3W Fund; New China Asset Management; Everbright Wealth; IvyRock; Aurora SF (in connection with the Arrangement); KIL; OmniVision HK; Green Better; Hongxing International; Ingenic Semiconductor HK; Awinic Technology Limited; JinYi Capital (acting for and on behalf of Structured Credit SP Fund),0.4996,2026-10-23,531.33,140150,3110912600,Subscription level 531.33 times,2026-04-21,2026-04-22,58548200,5854900,52693300,8782200,1,"Claw-back triggered: N/A; No. of Offer Shares initially available under the Hong Kong Public Offering 5,854,900; No. of Offer Shares reallocated from the International Offering (reallocation) 0; final Hong Kong Public Offering shares 5,854,900 (10% of the Global Offering before exercise of the Over-allotment Option); no clawback was triggered (Mechanism B, no reallocation).",4463100000,0.0545,1074280544,0.0273,Free float denominator = total issued shares upon listing (col_CZ); numerator = offer shares minus cornerstone allocation,1074280544,0.00604897,28,0.0230976,53942000000,61.876,-0.203655,-9.26467e+08,61.555,63.983,59.733,24599398,0.420156,2148880990,Mechanism B,FINI (from 22/11/2023); 2025-08-04 pricing reform (Mechanism A/B; six-month cornerstone lock-up retained); this IPO: Mechanism B,华勤技术股份有限公司,Active,73.376,0.185856,-0.05565,-0.0204,-0.019858,1.2106,1.2099,328769050,,,,,,,,,,,,,,Standard,"China International Capital Corporation Hong Kong 
Securities Limited",2026-05-20,0,8782200,0.15,2026-05-20,8782200,1,-0.039522,0.028394,0.792596,-0.002311,0.9902,0.185856,1.2106,0.104629,1.1468,1.1609,2.74344e+08,0.000304542,0,0.0602822,0.427228,2026-10-23,2027-04-23,,,,CICC,2,0,0.025,0.01,0.035,4,0,0,6,0,POST_FINI,POST_2025_REFORM
46,1879.HK,"Shanghai Xizhi Technology Co., Ltd. - P - H Shares",2026-04-20,2026-04-28,"China International Capital Corporation Hong Kong Securities Limited / 
Haitong International Capital Limited",PricewaterhouseCoopers,,505458876,2400916608,183.2,91968097,13795215,78172882,78172882,0,13795215,13105440,689775,183.2,166.6,0.047456,0.094911,At high,RMB,870179000,1183203000,1137832000,-2427018000,-3052873000,-4247852000,3297197000,4236076000,5385684000,38235000,60191000,106368000,-413376000,-735280000,-1342376000,-413503000,-735280000,-1342376000,0.016,0.016,0.15,Optoelectronic computing - optical interconnect and optical computing products and solutions,Chapter 18C of the Listing Rules (Specialist Technology Company - Pre-Commercial Company),2025-12-31,-361099000,209058000,479041000,0,0.789,1,1,1,1,1,1,1,"MPC V L.P. and MPC V-A L.P.; Tencent Mobility Limited; Shanghai CM Digital Transformation Investment Fund, L.P.; Hangzhou Yihong Equity Investment Partnership (Limited Partnership); Shanghai Guofu Linghang Investment Partnership (Limited Partnership); CICC Culture and Consumption Industry Equity Investment Fund (Xiamen) Partnership (Limited Partnership); Vertex Ventures China IV, L.P.; Beijing Casstar Key & Core Technology Venture Capital Investment L.P.; Shaanxi Advanced OEIC Technologies L.P.; Xiamen Yaheng Venture Capital Fund Partnership (Limited Partnership); Lumina Orbis (HK) Limited; Lumistar VI, L.P.; Shanghai Pudong Pilot Zone Investment Fund (Limited Partnership)",0.3002,1,Series A,8,"Individual (Dr. Shen Yichen, founder and Single Largest Shareholder)",0.2096,0.2955,4950851000,Pre-Commercial Company,0,Main Board,H Shares,0,0,0,1,703020,HSICS (Hang Seng Industry Classification System) 2026,2018-02-27,8.16,PRC,"Shanghai, PRC",1000,IFRS Accounting Standards,2023-01-01,2023-12-31,2024-01-01,2024-12-31,2025-01-01,106368000,-1342376000,-1342376000,2026-04-20,2026-04-23,74781296,41468000,184262000,Unqualified opinion (true and fair view),145800000,"Alibaba Investment Limited; GIC Private Limited; Baillie Gifford Overseas Limited and Baillie Gifford & Co; BlackRock, Inc. (BlackRock Funds); FIL Investment Management (Hong Kong) Limited (Fidelity International); Schroder Investment Management (Singapore) Ltd, Schroder Investment Management (Hong Kong) Limited and Schroder Investment Management Limited (Schroders); Taibai Investments Pte. Ltd. (Temasek); Shanghai CM Digital Transformation Investment Fund, L.P. (CM Shanghai Fund); HHLR Advisors, Ltd. (HHLRA Funds); UBS Asset Management (Singapore) Ltd.; 3W Fund Management Limited; Aspex Master Fund; CPE Fir Investment Limited; Greenwoods Asset Management Hong Kong Limited and Shanghai Greenwoods Asset Management Co., Ltd.; GF Fund Management Co., Ltd. and GF International Investment Management Limited; Lenovo Group Limited; Mirae Asset Securities (HK) Limited; ZTE (H.K.) Limited; ICBC Wealth Management Co., Ltd.; Ping An of China Asset Management (Hong Kong) Company Limited",0.6506,2026-10-28,5784.7,378085,3990144405,"Subscription level 5,784.70 times",2026-04-24,2026-04-27,13795215,2759055,11036160,2069280,1,"Claw-back triggered; 2,069,280 Offer Shares reallocated from the International Offering to the Hong Kong Public Offering; final Hong Kong Public Offering is 2,759,055 Shares, 20.00% of the Global Offering (Over-allotment Option not exercised)",2376900000,0.6225,91968097,0.0524,Free float denominator = total issued shares upon listing (col_CZ); numerator = offer shares minus cornerstone allocation,91968097,0.0112798,31,0.0255143,53904000000,886,3.83624,9695277102,880,996,807,9260310,0.67127,7871806700,Mechanism A,FINI (from 22/11/2023); 2025-08-04 pricing reform (Mechanism A/B; six-month cornerstone lock-up retained); this IPO: Mechanism A,上海曦智科技股份有限公司,Active,682.5,-0.229684,2.72544,-0.01369,0.016652,0.781,0.7577,912188210,,,,,,,,,,,,,,18C (Specialist Tech),China International Capital Corporation / Sponsor-OC,2026-05-28,0,0,0.15,2026-05-28,2069280,1,-0.15253,-0.397992,0.214202,0.059255,1.0503,-0.229684,0.781,-0.717833,0.2808,0.28,3.75524e+08,0.000624625,0,0.384924,0.777905,2026-10-28,2027-04-28,,,,CICC,2,0,0.025,0.01,0.035,4,0,0,6,0,POST_FINI,POST_2025_REFORM
47,2493.HK,"Mabwell (Shanghai) Bioscience Co., Ltd. - B - H Shares",2026-04-20,2026-04-28,"CITIC Securities (Hong Kong) Limited / 
Haitong International Capital Limited",Ernst & Young,,130272848,1172405880,27.64,446730200,47130200,399600000,399600000,0,47130200,42417000,4713200,30.71,27.64,-0.052614,0.105227,At low,RMB,,4275508000,4555841000,,1555779000,533002000,,2719729000,4022839000,,199622000,658694000,,-1047471000,-956394000,,-1046564000,-972258000,0.027,0.027,,"Pharmaceutical / biopharmaceutical (innovative drug research, development and commercialization)",Chapter 18A of the Listing Rules (Main Board),2025-12-31,-290223000,1526339000,976961000,0,0.876,1,1,1,1,1,1,1,"Junhua No. 1 Fund; E Fund; Suzhou Yongyu Equity Investment Partnership (Limited Partnership); Shenzhen Fuhai Stock Toubang No. 7 Investment Enterprise (Limited Partnership); Haitong Innovation Capital Management Co., Ltd.; Xiamen Hengyao Xingye Investment Partnership Enterprise (Limited Partnership); Shanghai Xuchao Investment Partnership Enterprise (Limited Partnership); Anhui Hezhuang High-Tech Achievement Fund Partnership (Limited Partnership); Ganzhou Development No. 1 Investment Fund Partnership (Limited Partnership); Wuhu Xinde No. 1 Investment Center (Limited Partnership); Zhuhai Huajin Fengying No. 2 Equity Investment Fund Partnership (Limited Partnership); Shenzhen Zhongkai Fusheng Investment Center (Limited Partnership); Shenzhen Xinxi Huirui Investment Partnership (Limited Partnership); Rui Feng Capital Co., Ltd.; Ningbo Gaoling Equity Investment Partnership (Limited Partnership); Suzhou Ruihua Investment Partnership (Limited Partnership); Small and Medium Enterprise Development Fund (Shenzhen Nanshan Limited Partnership); Shenzhen Jiushang Investment Center (Limited Partnership)",0.0501,0,Pre-IPO financing (March 2020),6.1,Individual founders / controlling shareholders (Mr. Tang Chunshan and Ms. Chen Shanna),0.3791,0.3791,3029873000,"Commercialized (4 commercialized products); 10 drug candidates (1 in NDA stage, 8 in clinical stage, 1 in preclinical stage)",0,Main Board,H Shares,0,0,1,0,281020,HSICS (Hang Seng Industry Classification System) 2026,2017-05-12,8.96,PRC,"Shanghai, PRC",1000,HKFRSs (Hong Kong Financial Reporting Standards),2023-01-01,2023-12-31,2024-01-01,2024-12-31,2025-01-01,658694000,-956394000,-972258000,2026-04-20,2026-04-23,47130200,596371000,157711000,Unqualified opinion (true and fair view),119400000,"Junshi Hong Kong Limited; Sanjin International Co., Ltd.; Guohui (HK) Holdings Co., Limited; Charm Harvest International Limited; WuXi Biologics HealthCare Venture; Splendid Zhonghe (Tianjin) Investment Management Co., Ltd. (Zhonghe Capital)",0.3187,2026-10-28,481.71,126378,2270397600,Subscription level 481.71 times,2026-04-24,2026-04-27,47130200,4713200,42417000,0,0,"Reallocation: No; no Offer Shares reallocated from the International Offering (0 shares); final Hong Kong Public Offering remains 4,713,200 H Shares.",1189000000,0.1011,446730200,0.0719,"Free float denominator = total issued share capital of the Company upon Listing (446,730,200 Shares, excluding treasury shares); numerator = Global Offering Offer Shares (47,130,200) minus cornerstone allocation (15,020,600) = 32,109,600 H Shares; H Shares held by Cornerstone Investors (including CHIL) are excluded from free float.",446730200,0.0112798,31,0.0255143,53904000000,27.8,0.005789,7540832,28.3,29.9,26.44,15006462,0.318404,424939900,Mechanism B,FINI (from 22/11/2023); 2025-08-04 pricing reform (Mechanism A/B; six-month cornerstone lock-up retained); this IPO: Mechanism B,迈威（上海）生物科技股份有限公司,Active,23.56,-0.152518,-0.147612,-0.01369,0.016652,0.8592,0.8336,57862425,,,,,,,,,,,,,,18A (Biotech / B-tag),China International Capital Corporation / Sponsor-OC,2026-05-28,0,0,0.15,2026-04-28,0,0,-0.058188,-0.001753,0.541187,-0.020144,0.9716,-0.152518,0.8592,-0.241007,0.7552,0.7531,3.16876e+07,0.00252837,0,0.032823,0.354736,2026-10-28,2027-04-28,,,,CICC,2,0,0.025,0.01,0.035,4,0,0,6,0,POST_FINI,POST_2025_REFORM
48,6810.HK,"Shanghai Sunmi Technology Co., Ltd. - W - H Shares",2026-04-21,2026-04-29,"Deutsche Securities Asia Limited / 
CITIC Securities (Hong Kong) Limited / 
ABCI Capital Limited",Deloitte Touche Tohmatsu,,105970722,953731526,24.86,402626800,42626800,360000000,360000000,0,42626800,38364100,4262700,24.86,24.86,0,0,Fixed price,RMB,3461520000,4403272000,5352419000,1775520000,1839747000,2092497000,1686000000,2563525000,3259922000,3070569000,3456377000,3811858000,100315000,207209000,237571000,101228000,181043000,222601000,0.0275,0.0275,,Business Internet of Things (BIoT) solution provider,Main Board — PRC issuer (Chapter 19A) with WVR structure (Chapter 8A); eligibility under Rule 8.05/8A.06,2025-12-31,209814000,1470895000,422767000,0,0.38,1,1,1,1,1,1,1,Baolong Investment; Shenzhen Capital Group; Jinxing Venture; Hantao Consulting; Guangyi Investment; Yunxin Venture; Nongyin Wenying; Shanshang Investment,0.5713,1,"Baolong Investment (January 26, 2014)",12.23,Individual / natural person (Mr. Lin Zhe),0.3473,0.7963,1509788000,"Large-scale commercialization (mass production, revenue-generating)",0,Main Board,H Shares (Class B Ordinary Shares),0,1,0,0,701020,HSICS (Hang Seng Industry Classification System) 2026,2013-12-11,12.38,PRC,"Shanghai, PRC",1000,IFRS Accounting Standards,2023-01-01,2023-12-31,2024-01-01,2024-12-31,2025-01-01,3811858000,237571000,222601000,2026-04-21,2026-04-24,304042524,1192946000,66379000,Unqualified opinion (true and fair view),150980000,"China Orient Enhanced Income Fund; XINWUTANG CO., LIMITED",0.2703,2026-10-29,2003.16,204939,8538879300,"Subscription level 2,003.16 times",,2026-04-28,42626800,4262700,38364100,0,0,"No claw-back triggered (Claw-back triggered: N/A); no Offer Shares reallocated from the International Offering to the Hong Kong Public Offering (N/A); final Hong Kong Public Offering remains 4,262,700 H Shares, being 10.00% of the Global Offering",922000000,0.5414,304042524,0.1023,"Free float denominator = total number of H Shares of the Company upon Listing (304,042,524); numerator = Global Offering Offer Shares (42,626,800) minus Cornerstone Investor allocation (11,520,800) = 31,106,000 H Shares. H Shares held by Cornerstone Investors (6-month lock-up) and all Shares subject to the PRC Company Law one-year transfer restriction are excluded from the free float.",304042524,0.012897,31,0.0243577,53904000000,84.8,2.4111,2555050392,97.5,99.8,80.65,11753398,0.275728,1092451900,Mechanism B,FINI (from 22/11/2023); 2025-08-04 pricing reform (Mechanism A/B; six-month cornerstone lock-up retained); this IPO: Mechanism B,上海商米科技集团股份有限公司,Active,74,-0.127358,1.97667,-0.042344,-0.004367,0.9112,0.8765,81057920,,,,,,,,,,,,,,Standard,China International Capital Corporation / Sponsor-OC,2026-05-29,0,0,0.5414,2026-04-29,0,0,0.094928,-0.087366,0.436531,-0.088443,0.908,-0.127358,0.9112,-0.321934,0.6847,0.6931,4.87811e+07,0.00103749,0,0.241507,0.488978,2026-10-29,2027-04-29,,,,CICC,2,0,0.025,0.01,0.035,4,0,0,6,0,POST_FINI,POST_2025_REFORM
49,1609.HK,"Star Sports Medicine Co., Ltd. - H Shares",2026-04-24,2026-05-05,"CITIC Securities (Hong Kong) Limited / 
CCB International Capital Limited",Ernst & Young,,82956700,746595525,98.5,54831344,8421850,46409494,46409494,0,8421850,7579650,842200,98.5,98.5,0,0,Fixed price,RMB,451278000,617334000,764081000,374768000,471240000,609417000,76510000,146094000,154664000,238542000,327119000,402751000,64322000,107568000,154168000,57112000,95389000,136970000,0.03,0.03,0,"Medical devices - sports medicine implants, surgical equipment and associated medical consumables",Main Board,2025-12-31,157116000,116846000,47503000,0,0.577,1,1,1,1,,,1,"BEST ALIVE LIMITED; Suzhou Junlian Xinkang Venture Investment (Limited Partnership); Xiamen Defu Yuean Investment Partnership Enterprise (Limited Partnership); Ningbo Meishan Bonded Port Qianyi Equity Investment Partnership Enterprise (Limited Partnership); OAP IV (HK) Limited; 3W Rivus Fund; Beijing Yahui Jinlin Venture Capital Partnership (Limited Partnership); Beijing Jianxing Healthcare Industry Equity Investment Partnership (Limited Partnership); Galaxy Yuanhui Investment Co., Ltd; Langma No. 61 (Shenzhen) Entrepreneurship Investment Center (Limited Partnership); Langma No. 62 (Shenzhen) Entrepreneurship Investment Center (Limited Partnership); Ningbo Xianda Venture Investment Partnership Enterprise (Limited Partnership); Taizhou Sida Venture Capital Partnership (Limited Partnership); Khorgos Dadao Venture Capital Co., Ltd.",0.5362,1,Series A,6.08,Individual (Mr. Dong Wenxing),0.351,0.351,32624000,Commercialized,0,Main Board,H Shares (ordinary shares),0,0,0,0,282010,HSICS (Hang Seng Industry Classification System) 2026,2017-07-31,8.76,PRC,"Beijing, PRC",1000,IFRS,2023-01-01,2023-12-31,2024-01-01,2024-12-31,2025-01-01,402751000,154168000,136970000,2026-04-24,2026-04-29,54831344,298619000,34235000,True and fair view (unqualified opinion),71200000,JSC International Investment Fund SPC - Shenghai SP; OAP IV (HK) Limited; Greater Bay Area Development Fund Management Limited (for the Managed Account of Mega Prime Development Limited); Greater Bay Area Development Fund Management Limited (for the Managed Account of Poly Platinum Enterprises Limited),0.3471,2026-11-05,7823.13,300735,6588640500,"Subscription level 7,823.13 times",,2026-05-04,8421850,842200,7579650,0,0,"No clawback/reallocation: Claw-back triggered N/A; no Offer Shares reallocated from the International Offering; final Hong Kong Public Offering size 842,200 (10.00% of the Global Offering); International Offering retained 7,579,650 (90.00%).",758400000,0.5212,54831344,0.1003,"Free float numerator = Global Offering Shares (col_CS) less cornerstone allocation (col_CK x col_CS) = 8,421,850 - 2,922,900 = 5,498,950 H Shares not subject to disposal restrictions; denominator = total issued Shares upon Listing (54,831,344). Excludes Controlling Shareholders and Pre-IPO Investors (12-month PRC lock-up) and Cornerstone Investors (6-month lock-up).",54831344,0.0628619,32,0.0248577,53828000000,215,1.18274,981145525,288,299,202,3241729,0.384919,917980200,Mechanism B,FINI (from 22/11/2023); 2025-08-04 pricing reform (Mechanism A/B; six-month cornerstone lock-up retained); this IPO: Mechanism B,北京天星医疗股份有限公司,Active,194.4,-0.095814,0.973604,0.005395,0.054689,0.8993,0.8573,68730765,,,,,,,,,,,,,,Standard,China International Capital Corporation / Sponsor-OC,2026-06-04,0,0,0.15,2026-05-05,0,0,-0.031,-0.070533,0.180672,-0.065116,0.9169,-0.095814,0.8993,-0.407442,0.5936,0.5979,2.74488e+07,0.003914,0,0.129904,0.665552,2026-11-05,2027-05-05,,,,CICC,2,0,0.025,0.01,0.035,4,0,0,6,0,POST_FINI,POST_2025_REFORM
50,1187.HK,"Cofoe Medical Technology Co., Ltd. - H Shares",2026-04-27,2026-05-06,"Huatai Financial Holdings (Hong Kong) Limited /
BNP Paribas Securities (Asia) Limited",Ernst & Young,,106191000,955719000,39.33,235897000,27000000,208897000,208897000,0,27000000,24300000,2700000,39.33,,0,0,Fixed price,RMB,6244191000,6422667000,6628916000,4908194000,4802350000,4902889000,1335997000,1620317000,1726027000,2853695000,2982931000,3387499000,285708000,371999000,425843000,252871000,312344000,370316000,0.01,0.01,0,Home care medical devices,Chapter 19A of the Listing Rules (PRC issuer with other listed shares),2025-12-31,695726000,1294575000,87284000,11387000,0.361,1,1,1,1,,,,Ningbo Huaige Gongxin Venture Capital Partnership (Limited Partnership); Guangzhou Danlu Venture Capital Fund Partnership (Limited Partnership); Xiangtan Chanxing Dingxin Private Equity Fund Enterprise (Limited Partnership); Hunan Cultural Tourist Venture Capital Fund (Limited Partnership); Changsha Yuhua Economic Development Dingxin Private Equity Fund Partnership (Limited Partnership); Hunan Bofu Cultural Industry Investment Funds (Limited Partnership),,0,Capital increases and transfers between 2009 and 2019,,Natural persons (Mr. Zhang and Ms. Nie) and their shareholding platforms,0.4783,0.4782,826180000,,0,Main Board,H Shares,0,0,0,0,282010,HSICS (Hang Seng Industry Classification System) 2026,2009-11-19,16.46,PRC,"No. 87, Section 1, Huanbao East Road, Yuhua District, Changsha City, Hunan Province, PRC",1000,IFRS Accounting Standards,2023-01-01,2023-12-31,2024-01-01,2024-12-31,2025-01-01,3387499000,425843000,370316000,2026-04-27,2026-04-30,27000000,1751605000,178100000,Unqualified opinion (true and fair view),54800000,"Lens Technology (HK) Co., Limited; Changsha Yufeng Technology Co., Ltd.; Vision Capital Management Co., Ltd.; China Galaxy International Investment Company Limited; Panjing Harbourview Investment Fund; FR M CONSULTING CO., LTD; HongKong HQD Industry Limited; Da Cheng International Asset Management Company Limited; Sinohealth Technology Holdings Limited; ODI TRUST LIMITED; Huang Xuelin; Dai Jun'an; Lu Qinchao",0.3576,2026-11-06,399.08,105939,1077506800,Subscription level 399.08 times,2026-05-04,2026-05-05,27000000,2700000,24300000,0,0,"No claw-back triggered (Claw-back triggered: N/A); 0 Offer Shares reallocated from the International Offering to the Hong Kong Public Offering; final HK Public Offering 2,700,000 = 10.00% of the Global Offering.",1007100000,0.1167,231400869,0.075,"Free float denominator = total issued share capital upon Listing excluding 4,496,131 A Shares repurchased as treasury shares = 235,897,000 - 4,496,131 = 231,400,869 Shares; numerator = Global Offering Offer Shares (27,000,000) minus cornerstone allocation subject to six-month lock-up (9,654,300) = 17,345,700 H Shares.",231400869,0.0364814,32,0.0248815,53828000000,38.205,-0.028604,-30375000,39.145,40.305,34.805,11185498,0.414278,428005950,Mechanism B,FINI (from 22/11/2023); 2025-08-04 pricing reform (Mechanism A/B; six-month cornerstone lock-up retained); this IPO: Mechanism B,可孚医疗科技股份有限公司,Active,28.905,-0.243424,-0.265065,-0.022147,0.017663,0.7737,0.7434,39729359,,,,,,,,,,,,,,Standard,China International Capital Corporation / Sponsor-OC,2026-06-05,0,0,0.15,2026-05-06,0,0,0.047849,-0.054481,0.15936,-0.039262,0.9558,-0.243424,0.7737,-0.161235,0.8484,0.8449,2.03008e+07,0.0063013,0,0.0315967,0.364223,2026-11-06,2027-05-06,,,,CICC,2,0,0.025,0.01,0.035,4,0,0,6,0,POST_FINI,POST_2025_REFORM
51,1236.HK,"SHENZHEN LDROBOT CO., LTD - H Shares",2026-04-30,2026-05-11,"Haitong International Capital Limited /
Guotai Junan Capital Limited",Ernst & Young,,87868424,790800000,26.36,333333400,33333400,300000000,300000000,0,33333400,30000000,3333400,30,24,-0.023704,0.222222,Within range,RMB,600144000,652644000,674998000,452270000,407550000,368042000,147874000,245094000,306956000,276562000,467345000,747773000,-68491000,-56483000,-62501000,-68491000,-56483000,-62501000,0.025,0.025,0.15,"Design, development and manufacture of intelligent robots; visual perception products and robot lawn mowers",Main Board of the Stock Exchange (Rule 8.05(3) market capitalisation/revenue test); PRC issuer H Shares,2025-12-31,-136473000,119382000,121121000,0,0.498,1,1,1,1,1,1,1,Tibet Wanqing; Hunan Huaye; Zhuhai Huaye; Wuhan Yuanxia; Qicheng Investment; Mingshi Changfeng; Pengyuansheng; Yuanjing SME; Yuanjing Dingheng; Lianjin Innovation; Jiuyu Galaxy; Gongchuang Zhuoxin,0.5122,1,Series A,4.85,Natural persons acting in concert (founders),0.3565,0.3565,12660000,Mass production and commercialization,0,Main Board,H Shares,0,0,0,0,701030,HSICS (Hang Seng Industry Classification System) 2026,2017-11-17,8.48,PRC,"7/F and 16/F, Tower A, Building 6, International Innovation Valley, Xili Subdistrict, Nanshan District, Shenzhen, Guangdong Province, PRC",1000,HKFRS,2023-01-01,2023-12-31,2024-01-01,2024-12-31,2025-01-01,747773000,-62501000,-62501000,2026-04-30,2026-05-06,333333400,191945000,10404000,Unqualified,72900000,KCH Vision Investment Limited,0.3152,2026-11-11,6707.66,296740,22359328600,"Subscription level 6,707.66 times",2026-05-07,2026-05-08,33333400,3333400,30000000,0,0,"Reallocation: No; 0 Offer Shares reallocated from the International Offering to the Hong Kong Public Offering; the final HK public offer size (3,333,400) equals the initial size and represents 10.00% of the Global Offering (no clawback).",806800000,0.3876,333333400,0.0685,"Free float numerator = Offer Shares minus cornerstone allocation (10,508,200 H Shares subject to 6-month lock-up); also excludes H Shares converted from Unlisted Shares subject to 12-month lock-up. Denominator = total issued Shares upon Listing before exercise of the Over-allotment Option (333,333,400).",333333400,0.0464878,34,0.0243387,53862000000,60,1.27618,1121335576,53.5,66,50.3,14659225,0.439776,891537750,Mechanism B,FINI (from 22/11/2023); 2025-08-04 pricing reform (Mechanism A/B; six-month cornerstone lock-up retained); this IPO: Mechanism B,深圳乐动机器人股份有限公司,Active,39.2,-0.346667,0.487102,-0.066262,-0.068637,0.6997,0.7015,7.16827e+07,,,,,,,,,,,,,,Standard,China International Capital Corporation / Sponsor-OC,2026-06-10,0,0,0.15,2026-05-11,0,0,-0.10249,-0.136208,0.100169,-0.232,0.7811,-0.346667,0.6997,-0.33,0.6821,0.6955,2.78312e+07,0.00360479,0,0.138191,0.612121,2026-11-11,2027-05-11,,,,CICC,2,0,0.025,0.01,0.035,4,0,0,6,0,POST_FINI,POST_2025_REFORM
52,7630.HK,"IMPACT Therapeutics, Inc - B - H Shares",2026-05-05,2026-05-13,"Goldman Sachs (Asia) L.L.C. /
China International Capital Corporation Hong Kong Securities Limited",Ernst & Young,,84375780,885919560,20.1,276165130,41977000,234188130,234188130,0,41977000,37779200,4197800,21.75,19.75,-0.031325,0.096386,Within range,RMB,,388894000,334522000,,-744290000,-957891000,,1133184000,1292413000,,33547000,38251000,,-254752000,-295923000,,-254755000,-295924000,0.04,0.04,0.15,"Biotechnology - discovery, development and commercialisation of synthetic lethality (SL)-based precision anti-cancer therapies",Chapter 18A of the Listing Rules (Main Board biotech listing),2025-12-31,-95880000,258534000,183674000,0,0.949,1,1,1,1,1,1,1,LAV Innovation; LAV Enterprise; LAV Integra; LAV Impetus; Shanghai Li'an; Cenova Capital; WuXi AppTec Fund; Biolake China Summit; Guangzhou Yuexiu; Sungent; Haibang; Decheng; Suzhou Lirui; Suzhou Likang; Shanghai Lihao; Suzhou Lirun; LAV V; AlphaTech; West Fountain; Pegasos; Junshi; Ruiji Fund III; China Summit Zhixin; Ausun; LAV Fund VI; LAV Opportunities; China Summit Capital; Homeric Summit; Dingxin Capital; EMH; WWHCP; Everspring; Bestride; Orchids; Shanghai Yunan; C&D No. 7 Holdings; Yangzhou Guojin; Gaotejia; Beijing New Power; Hainan Yuema Zhengchun; Xiamen Jianfa; Tencent; Shanghai Kangjun,0.8386,1,Series A Financing,11.9,None (no controlling shareholder); Single Largest Group of Shareholders is Dr. Yi Shi and LAV USD,0.1393,0.1393,1024789000,Commercial-stage (senaparib approved by the NMPA and launched in China in 2025),0,Main Board,H Shares,0,0,1,0,281020,HSICS (Hang Seng Industry Classification System) 2026,2009-06-10,16.92,PRC,"27th Floor, New Bund Times Square, 399 West Haiyang Road, Pudong New District, Shanghai, PRC",1000,HKFRS Accounting Standards,2023-01-01,2023-12-31,2024-01-01,2024-12-31,2025-01-01,38251000,-295923000,-295924000,2026-05-05,2026-05-08,276165130,36680000,1500000,Unqualified opinion (true and fair view),89900000,BPV and HTCI; Tencent Holdings; Huang River; Prosper High; LAV Entities; LAV Star; LAV Star Opportunities; Foresight; GSC Fund 1; Vision Fund 1; Horizon Fund 1; Horizon Next Fund; First Quarter Moon OFC - Phecda Fund; WWHCP,0.3319,2026-11-13,2282.4,221788,9581069400,"Subscription level 2,282.4 times",2026-05-11,2026-05-12,41977000,4197800,37779200,6296400,1,"No claw-back triggered (""Claw-back triggered: N/A""); no Offer Shares reallocated from the International Offering; final HK Public Offering shares 4,197,800 H Shares equal the initial 4,197,800 H Shares (10.00% of the Global Offering).",759500000,0.5706,276165130,0.1016,"Free float = H Shares held by the public and not subject to disposal restrictions; denominator = total issued Shares of the Company upon Listing before exercise of the Over-allotment Option (276,165,130 Shares), i.e. same base as the public float ratio.",276165130,0.0527567,33,0.024431,53862000000,41.86,1.08259,913419520,35.5,45.8,33.1,15134972,0.360554,544226900,Mechanism B,FINI (from 22/11/2023); 2025-08-04 pricing reform (Mechanism A/B; six-month cornerstone lock-up retained); this IPO: Mechanism B,南京英派药业股份有限公司,Active,36.7,-0.123268,0.825871,-0.075051,-0.072452,0.9479,0.9452,52648095,,,,,,,,,,,,,,18A (Biotech / B-tag),China International Capital Corporation / Sponsor-OC,2026-06-12,0,0,0.15,2026-06-05,6296400,1,0.006483,-0.527747,0.227733,-0.073101,0.9481,-0.123268,0.9479,-0.686097,0.3256,0.3348,2.34183e+07,0.00475862,0,0.139105,0.77178,2026-11-13,2027-05-13,,,,CICC,2,0,0.025,0.01,0.035,4,0,0,6,0,POST_FINI,POST_2025_REFORM
53,7666.HK,"Metis TechBio Co., Ltd. - P - H Shares",2026-05-05,2026-05-13,"Jefferies Hong Kong Limited / 
Deutsche Securities Asia Limited /
CITIC Securities (Hong Kong) Limited",PricewaterhouseCoopers,Jones Lang LaSalle Corporate Appraisal and Advisory Limited,422583000,2007253500,10.5,1152513850,201229000,951284850,951284850,0,201229000,191167500,10061500,10.5,10.5,0,0,Fixed price,RMB,1313394000,1048535000,1290268000,-977563000,-1382389000,1040858000,2290957000,2430924000,249410000,9338000,1482000,105000000,-581926000,-499190000,-391713000,-581928000,-499198000,-391836000,0.03,0.03,0.15,AI-empowered nanomaterial innovation,Chapter 18C of the Listing Rules (Specialist Technology Company; Pre-Commercial Company),2025-12-31,-121593000,828263000,269809000,0,0.989,1,1,1,1,1,1,1,"FreeS International Holdings (Hong Kong) Limited; Quadrant Ventures Limited; Chengdu Fengrui Tiantou Venture Capital Center (Limited Partnership); Kunshan Fengrui Equity Investment Center (Limited Partnership); HSG Seed I Holdco T, Ltd.; Mr. Wang Cong; Lightspeed China Partners IV, L.P.; Evolution Fund I, L.P.; Evolution Fund I Co-investment, L.P.; IMO Global Growth Fund SPC; XtalPi Investment Limited; YUAN BEN CHEN XING ONE-PERSON LIMITED COMPANY; Jiangsu Jiequan Chengda Equity Investment Centre (Limited Partnership); Shanghai Yuji Technology Partnership (Limited Partnership); Nanjing China Merchants Bank Win Equity Investment Partnership (Limited Partnership); PICC Beijing Health Care Fund, L.P.; HSG Venture VIII Holdco AC, Ltd.; Shanghai Ziyuan Investment Center (Limited Partnership); Duckling Fund, L.P.; Martis Fund, L.P.; 5Y Capital Evolution Fund II, L.P.; 5Y Capital Evolution Fund II Co-Investment, L.P.; Monolith Mini Fund L.P.; Taixi (Tianjin) Enterprise Management Partnership (Limited Partnership); CICC Healthcare Investment Opportunities VI Limited; CICC Kangrui; Taiping GBA Inno-Tech Limited Partnership Fund; Beijing Medical and Health Industry Investment Fund (Limited Partnership); Beijing Daxing District Industrial Development Fund Partnership (Limited Partnership)",0.3208,1,Series Angel Financing,6.2,"Individual (Dr. Lai, acting in concert as leader of the Single Largest Group of Shareholders)",0.2532,0.2532,131130000,Pre-Commercial Company,0,Main Board,H Shares,0,0,0,1,281020,HSICS (Hang Seng Industry Classification System) 2026,2020-01-10,6.34,PRC,"Room 201, 2/F, Building 13, No. 21 Tianhe West Road, Daxing Biomedical Industry Base, Zhongguancun Science Park, Daxing District, Beijing, PRC",1000,IFRS Accounting Standards,2023-01-01,2023-12-31,2024-01-01,2024-12-31,2025-01-01,105000000,-391713000,-391836000,2026-05-05,2026-05-08,1052926111,103087000,19033000,Unqualified opinion (true and fair view),136000000,"China Venture Capital Innovation Investment Fund Co., Ltd.; Mirae; HHLRA; Deerfield; RTW Funds; Arc Avenue; Huadeng Technology; Isometry Global; GF Fund; ICBCUBS Entities; China AMC (HK); Fullgoal Fund; Lake Bleu; Sage Partners; ICBC Wealth Management; ORIX Asia AM",0.5487,2026-11-13,6910.96,383309,69534656500,Subscription level 6910.96 times,,2026-05-12,201229000,40246000,160983000,30184000,1,"香港公开发售超额认购50倍或以上触发回拨：由国际配售回拨 30,184,500 股至香港公开发售，最终香港公开发售股数为 40,246,000 股（约占全球发售 20.00%，假设超额配售权未行使），最终国际配售股数为 160,983,000 股（约占 80.00%）。",1992700000,0.7185,1152513850,0.0788,Free float denominator = total issued shares upon listing (col_CZ); numerator = offer shares minus cornerstone allocation,1152513850,0.0527567,33,0.024431,53862000000,23.8,1.26667,2676345700,28.68,29.98,22.5,84545162,0.420144,2403901000,Mechanism A,FINI (from 22/11/2023); 2025-08-04 pricing reform (Mechanism A/B; six-month cornerstone lock-up retained); this IPO: Mechanism A,剂泰科技(北京)股份有限公司,Active,12.17,-0.488655,0.159048,-0.075051,-0.072452,0.5528,0.5513,224707985,,,,,,,,,,,,,,18C (Specialist Tech),CLSA Limited,2026-06-12,0,30184000,0.15,2026-06-05,30184000,1,-0.016358,-0.198635,0.153224,-0.157143,0.8622,-0.488655,0.5528,-0.469748,0.55,0.5655,9.18999e+07,0.00157145,0,0.149196,0.678119,2026-11-13,2027-05-13,,,,CICC,2,0,0.025,0.01,0.035,4,0,0,6,0,POST_FINI,POST_2025_REFORM
54,6871.HK,"Robotphoenix Intelligent Technology Co., Ltd. - H Shares",2026-05-08,2026-05-18,ABCI Capital Limited,Ernst & Young,,150060000,600240000,30.5,244953968,24600000,220353968,220353968,0,24600000,23370000,1230000,30.5,30.5,0,0,Fixed price,RMB,314258000,397861000,630552000,98412000,46087000,177241000,215846000,351774000,453311000,201170000,268009000,387359000,-110604000,-71495000,-152941000,-110606000,-71495000,-152941000,0.03,0.03,,"Industrial robotics - design, development, manufacturing and commercialization of industrial robots and integrated robotics solutions",Chapter 18C,2025-12-31,-182517000,51121000,70792000,,0.468,1,1,1,1,1,1,1,"Shenzhen Jasic Robotics Automation Equipment Co., Ltd.; Shanghai Dongshu Venture Investment Center (Limited Partnership); Rizhao Ivy Innovative Venture Capital Partnership (Limited Partnership); Xingzhi Wenhua (Shanghai) Venture Capital Center (Limited Partnership); Shanghai FreeS Venture Capital Center (Limited Partnership); Baotou Qidi Star Investment Center (Limited Partnership); Xizang Chuzhe Zhixin Equity Investment Partnership (Limited Partnership); Shanghai Haode Equity Investment Fund Partnership Enterprise (Limited Partnership); Runzhe Investment Management Co., Ltd.; Profit Glory Investment Co., Ltd.; Suzhou ChinaEquity Chenxin Investment Center (Limited Partnership); Xiamen Lantu Tianxing Investment Partnership (Limited Partnership); Shenzhen Yiyiyuanheyi Investment Partnership Enterprise (Limited Partnership); Shanghai Qingwang Venture Investment Partnership (Limited Partnership); Broadband Chengbai Yangtze River (Hubei) Investment Fund Partnership (Limited Partnership); Quanzhou Shenglian Equity Investment Fund Partnership (Limited Partnership); Shandong Haomai Xinxing Investment Management Co., Ltd.; Hangzhou Haorui Equity Investment Management Co., Ltd.; Shenzhen Qianhai Landian Electronic Information Industrial Equity Investment Partnership (Limited Partnership); Shandong Caijin Investment Co., Ltd.; Jinan Xingwen Jinhe Enterprise Management Center (Limited Partnership); Rizhao Ivy Venture Capital Partnership (Limited Partnership); Qingkong Yinxing Nantong Venture Investment Fund Partnership (Limited Partnership); Jiaxing Feitu Xinyuan Venture Capital Partnership (Limited Partnership); Hainan Ferry Growth No.3 Venture Investment Fund Partnership (Limited Partnership); Beijing Junli Lianhe Venture Capital Partnership (Limited Partnership); Jiaxing Runze Equity Investment Partnership Enterprise (Limited Partnership); Ningbo Yiyi Equity Investment Fund Management Co., Ltd.; Ivory One Investment Ltd.; Smart Beauty Investment Limited; Jinan Yike No.1 Investment Center (Limited Partnership); Yuhuan City Equity Investment Fund Co., Ltd.; Yuhuan City State-owned Assets Investment Operation Group Co., Ltd.; Fengchi Qianhai Dianche Investment Consulting Partnership (Limited Partnership); Fengchi Qianhai Dianche No.2 Investment Consulting Partnership (Limited Partnership); Jianhu County Yuehu New Industry Fund Partnership (Limited Partnership); Hangzhou Guoke Infore Equity Investment Partnership (Limited Partnership); Shaoxing City Shangyu District Wanxiang Holding Co., Ltd.; Shaoxing Shangyu Caoejiang Economic Development Zone Construction Development Co., Ltd; Chongtian Intelligence (Weifang) Enterprise Management Consulting Center (Limited Partnership)",,0,Angel Investment,12.02,Individual (founder Dr. Zhang Sai),0.2255,0.2255,197450000,Early stage of commercialization,0,Main Board,H Shares,0,0,0,1,101020,HSICS (Hang Seng Industry Classification System) 2026,2012-06-26,13.89,PRC,"Building E, Digital Economy Industrial Park (Nanwan Zhigu), No. 1261, Jinhai Avenue, Yuhuan, Taizhou, Zhejiang Province, PRC",1000,IFRS Accounting Standards (IFRSs),2023-01-01,2023-12-31,2024-01-01,2024-12-31,2025-01-01,387359000,-152941000,-152941000,2026-05-08,2026-05-13,244953968,96199000,38506000,Unqualified (true and fair view),77400000,,0,,14855.4,330334,18272139700,"Subscription level 14,855.40 times",,2026-05-15,24600000,4920000,19680000,0,0,"3,690,000 Offer Shares reallocated from the International Offering to the Hong Kong Public Offering (claw-back), lifting the Hong Kong Public Offering from 1,230,000 (5%) to 4,920,000 (20%) of the Global Offering",672900000,0.6302,244953968,0.1004,Free float denominator = total issued shares upon listing (col_CZ); numerator = offer shares minus cornerstone allocation,244953968,0.0283188,31,0.025147,53980000000,53.75,0.762295,571950000,54.65,59.65,52,12671555,0.515104,694075300,Mechanism A,FINI (from 22/11/2023); 2025-08-04 pricing reform (Mechanism A/B; six-month cornerstone lock-up retained); this IPO: Mechanism A,浙江翼菲智能科技股份有限公司,Active,34.96,-0.349581,0.14623,-0.032425,-0.01638,0.6722,0.6612,114180945,,,,,,,,,,,,,,18C (Specialist Tech),China International Capital Corporation / Sponsor-OC,2026-06-17,0,0,0.05,2026-05-18,0,0,0.248017,-0.154255,0.40096,-0.40093,0.6007,-0.349581,0.6722,-0.40093,0.6043,0.607,6.28137e+07,0.00281475,0,0.134222,0.68399,2026-11-18,2027-05-18,,,,CICC,2,0,0.025,0.01,0.035,4,0,0,6,0,POST_FINI,POST_2025_REFORM
55,1511.HK,"UISEE Technologies (Beijing) Co., Ltd. - H Shares",2026-05-12,2026-05-20,CITIC Securities (Hong Kong) Limited,Ernst & Young,,174402675,697607685,60.3,162485020,14461200,148023820,148023820,0,14461200,13738100,723100,60.3,60.3,0,0,Fixed price,RMB,846494000,667782000,629789000,631661000,450289000,267603000,214833000,217493000,362186000,161363000,265496000,328257000,-213126000,-211579000,-230170000,-213126000,-211579000,-230170000,0.03,0.03,0.15,Autonomous driving solutions,Chapter 18C of the Listing Rules,2025-12-31,-173867000,113349000,233690000,0,0.378,1,1,1,1,1,1,1,"Angel: Sinovation Fund III, L.P.; Shaanxi Xike Angel Phase III Commercial Consultancy Partnership (LP); Zhen Partners IV (HK) Limited; Wuhu Keqi Automobile Technology Co., Ltd.; Beijing Qingshan Enterprise Angel Investment Partnership (LP). Series A: Ningbo Lanting Shiling Investment Partnership (LP); Lhasa Zhixing Innovative Technology Co., Ltd.; Century Gateway Investment Limited; Zhuhai GF Yunyi Smart Car Industry Fund (LP); Shaanxi Big Data Industry Investment Fund Partnership (LP); Beijing Yintai Jiahe Venture Capital Investment Co., Ltd.; Zhuhai GF Xinde Environment Protection Industry Investment Fund Partnership (LP); Zhen Partners IV (HK) Limited; Zhuhai Kangyuan Investment Enterprise (LP); CAS-Tech Fund I L.P.; Bosch (Shanghai) Venture Capital Investment Co., Ltd. Series B-1: Xinding Huaqi; CDBC Manufacturing Fund; Z-Park Longmen; Beijing Hard Tech II Fund; Tengyun Yuansheng; CICC Qihong; Shenzhen Capital Group (SCGC); Tianjin Hongtu; SCGC Hongrui; Shanghai Hongtu; Liyang Hongtu; Changzhou Hongtu; Jiangsu Zhongde; Jiaxing Jiayao; Xiamen Oak Forest; Liangjiang Innovative Fund; Keyuan Shenneng; Hengtong Datai; Xiamen Datai. Series B-2: Shanghai SOE Reform Fund; Beijing Smart Cloud City Investment Fund Center (LP); Xiangjiang Industrial Investment Co., Ltd.; Jiaxing Jiayao. Series B-3: Hubei High Quality Development Industry Investment Fund Partnership (LP); Taizhou Shengsheng Equity Investment Partnership (LP); CITIC Securities Investment Co., Ltd.; Yusheng Future (Zhuhai) Equity Investment Partnership (LP). Series C: Chongqing Science City Investment Holding Co., Ltd. (Chongke Investment); Xinzhifeng (Wuhan) Equity Investment Fund Partnership (LP).",0.4767,1,Angel Financing,10.03,Individual (natural person),0.3235,0.3235,141066000,Successfully commercialized,0,Main Board,H Shares,0,0,0,1,702015,HSICS (Hang Seng Industry Classification System) 2026,2016-02-03,10.29,PRC,"Room 101, 1/F, Yuan Building 1, No. 85 Hongan Road, Fangshan District, Beijing, PRC",1000,IFRS,2023-01-01,2023-12-31,2024-01-01,2024-12-31,2025-01-01,328257000,-230170000,-230170000,2026-05-12,2026-05-15,126725450,167877000,8237000,,76700000,Xiongan Autonomous Driving Limited; CYGG Holding Limited; Starwin International A LPF,0.2996,2026-11-20,6777.29,285972,4900657700,"Subscription level 6,777.29 times",,2026-05-19,14461200,2892250,11568950,0,0,"Claw-back triggered: Yes. 2,169,150 Offer Shares reallocated from the International Offering to the Hong Kong Public Offering; final Hong Kong Public Offering = 2,892,250 H Shares, 20% of the Global Offering.",795400000,0.5874,162485020,0.0623,"Free float numerator = 10,129,000 H Shares (Global Offering shares less Offer Shares allocated to Cornerstone Investors subject to a six-month lock-up and less H Shares converted from Unlisted Shares subject to a 12-month lock-up); denominator = total issued share capital upon Listing = 162,485,020.",162485020,0.0198235,29,0.0268387,53980000000,57.5,-0.046434,-40491360,56,61.5,50,6291050,0.43503,374852200,Mechanism A,FINI (from 22/11/2023); 2025-08-04 pricing reform (Mechanism A/B; six-month cornerstone lock-up retained); this IPO: Mechanism A,驭势科技（北京）股份有限公司,Active,94.9,0.650435,0.573798,-0.052199,-0.04201,1.7413,1.7228,61609110,,,,,,,,,,,,,,18C (Specialist Tech),China International Capital Corporation / Sponsor-OC,2026-06-19,0,0,0.05,2026-05-20,0,0,0.084011,-0.414946,0.438559,0.338261,1.3553,0.650435,1.7413,0.049565,1.056,1.0926,3.34973e+07,0.00107524,0,0.0460284,0.482405,2026-11-20,2027-05-20,,,,CICC,2,0,0.025,0.01,0.035,4,0,0,6,0,POST_FINI,POST_2025_REFORM
56,7688.HK,"Shanghai Top Numerical Control Technology Co., Ltd. - H Shares",2026-05-12,2026-05-20,"Guotai Junan Capital Limited /
CCB International Capital Limited",Ernst & Young,,172405870,1810261635,26.39,409281790,65330000,343951790,343951790,0,65330000,58797000,6533000,26.39,26.39,0,0,Fixed price,RMB,1121883000,984086000,1013144000,133520000,169056000,179774000,988363000,815030000,833370000,334630000,531556000,577978000,-62269000,6886000,1625000,-62340000,6886000,1625000,0.0216,0.0216,0.15,"R&D, design, production and sales of high-end intelligent manufacturing equipment, comprising primarily five-axis CNC machine tools","Main Board of the Stock Exchange, Rule 8.05(3) market capitalisation/revenue test",2025-12-31,25394000,208930000,106819000,0,0.801,1,1,1,1,,1,1,Shanghai Yiding Investment LP; Shenzhen Hehui Investment LP; Shenzhen Zhongyi Investment LP; Hanzhong Zhonghe LP; Shanghai Xixiao LP; Zhuhai Jiufeite Changsheng Investment LP; Zhuhai Jiufeite Jiufu Investment LP; Jiaxing CDH Investment LP; Changzhou Yongyuan Investment LP; Jiaxing Yongzhong Investment LP; Yiwu Dongshun Real Estate; Guangzhou Huangpu Investment LP; Shanghai Linsong LP; Shanghai Songfanhui LP; Changzhou Xiangnong Investment LP; GQC Xinzhou VC LP; Jiaxing Tengyin Investment LP; Hainan Yujun Investment LP; GQC Yuantuo Investment LP; Zhuhai Junlian VC LP; Zhuhai Jiufeite Jiufu No. 5 Investment LP; Yangzhou Xinyuan Investment LP; Pingtan Boda Investment LP; Foshan ZFBN Investment LP; Foshan ZFTC VC LP; Zhuhai Ruixin Investment LP; Zhuhai QKCX Investment LP; Jiaxing Nanhu Keying Investment LP; Qingdao South China Dingye Investment LP; Jiaxing Hongyang Investment LP; Qingdao ZJQX VC LP; Tianjin Haisheng Investment LP; China Post Life Insurance; Beijing Yuanjing Investment LP; Beijing Jingguo Investment LP; Jiaxing Zhiyou VC LP; Xuchang Digital Economy Investment LP; Rizhao Muzhizhi Investment LP; Jiangsu Jianyin; Tianjin Winfund LP; Guangzhou Yujian Manufacturing LP,,1,Early Investment,15.6,Individual (Dr. Wang),0.326,0.326,346407000,Commercialised - products in production and sales; large-span carbon fiber composite five-axis machine tools first sold in FY2025,0.06,Main Board,H Shares,0,0,0,0,101020,HSICS (Hang Seng Industry Classification System) 2026,2007-05-18,19.01,PRC,"No. 888, Guanghua Road, Minhang District, Shanghai, the PRC",1000,IFRS Accounting Standards,2023-01-01,2023-12-31,2024-01-01,2024-12-31,2025-01-01,577978000,1625000,1625000,2026-05-12,2026-05-15,371472904,204358000,39065000,Unqualified opinion,117650000,RBC; 3W; Boyu; HHLRA; UBS AM Singapore; CDH; Cithara Fund; Fullgoal Fund; Fullgoal HK; China AMC; Shanghai Minhang; TT International; Mirae Asset; GSAM,0.5,2026-11-20,3764.63,344049,24594360400,"Subscription level 3,764.63 times",,2026-05-19,65330000,6533000,58797000,9799500,1,"Reallocation: No. 0 Offer Shares reallocated from the International Offering; final number of Offer Shares under the Hong Kong Public Offering 6,533,000, being 10.00% of the Global Offering (before exercise of the Over-allotment Option).",1606400000,0.5495,409281790,0.0798,Free float denominator = total issued shares upon listing (col_CZ); numerator = offer shares minus cornerstone allocation,409281790,0.0198235,29,0.0268387,53980000000,47.5,0.799924,1379116300,37,48.4,33.8,40537134,0.620498,1607535900,Mechanism B,FINI (from 22/11/2023); 2025-08-04 pricing reform (Mechanism A/B; six-month cornerstone lock-up retained); this IPO: Mechanism B,上海拓璞数控科技股份有限公司,Active,28.5,-0.4,0.079955,-0.052199,-0.04201,0.633,0.6263,150417960,,,,,,,,,,,,,,Standard,"Guotai Junan Securities (Hong Kong) 
Limited",2026-06-19,0,9799500,0.15,2026-06-19,9799500,1,-0.31601,-0.507493,0.123279,-0.215158,0.7948,-0.4,0.633,-0.680632,0.3213,0.3324,6.06894e+07,0.00259287,0,0.108062,0.752301,2026-11-20,2027-05-20,,,,CICC,2,0,0.025,0.01,0.035,4,0,0,6,0,POST_FINI,POST_2025_REFORM
57,6872.HK,TenNor Therapeutics (Suzhou) Limited - B - H Shares,2026-05-14,2026-05-22,"CITIC Securities (Hong Kong) Limited /
ABCI Capital Limited",PricewaterhouseCoopers,,62687170,607712030,75.7,51753476,8280550,43472926,43472926,0,8280550,7452450,828100,75.7,75.7,0,0,Fixed price,RMB,96054000,132886000,227036000,-758909000,-898048000,153857000,854963000,1030934000,73179000,,,,-191844000,-145929000,-153244000,-191844000,-145929000,-153244000,0.03,0.03,0.15,"Biotechnology - discovery, development and commercialization of innovative antibacterial therapies",Chapter 18A of the Listing Rules,2025-12-31,-87195000,183765000,71872000,0,,1,1,1,1,1,1,1,"AMR Action Fund, L.P.; AMR Action Fund, SCSp; WuXi PharmaTech Healthcare Fund I L.P. (WuXi Fund); Northern Light Venture Capital IV, Ltd. (Immense Vantage Limited); China Life Sciences Access Fund, L.P.; Suzhou Frontline Bioventure Capital Investment Partnership (LP); Suzhou Frontline Bioventures Venture Capital Investment Partnership (LP) Fund II; Suzhou Industrial Park Origin Ventures Co., Ltd.; Suzhou Industrial Park Oriza Zhengze Venture Capital I (LP); Nongyin No. 2 Wuxi Equity Investment Center; MAL Investment Company; Allen Chao Interests, Ltd.; Relativity Healthcare Fund, LLC; Huzhou Zhongnuo Venture Capital Investment Partnership (LP); WuXi Guolian Guokang Health Industry Investment Center (LP); Ningbo Xiangshang; Ningbo Yaoshang; Ningbo Yanyuan; Ningbo Borong; Ningbo Rongshun; Suzhou GTJA; Yantai GTJA; Hainan Century Star River Investment Co., Ltd.; Suzhou Qianrong Yingrun Equity Investment Partnership (LP); Suzhou Yuankang Dingxiang Investment Management Partnership (LP); Zhongshan Entities; Kangnuo; Susui Investment; Borun Mingdu; Yuanjing Investment; Beijing Jingguo Chuang; Yangzhou Jinye; Cumbre",,0,Series A Financing,12.9,No controlling shareholder (Single Largest Group of Shareholders: the Cumbre Entities and family members of Mr. Meyerson),0.1582,0.1582,28654000,Near-commercial stage,,Main Board,H Shares,0,0,1,0,281010,HSICS (Hang Seng Industry Classification System) 2026,2013-02-25,13.23,PRC,"Suzhou, Jiangsu Province, PRC",1000,HKFRS Accounting Standards,2023-01-01,2023-12-31,2024-01-01,2024-12-31,2025-01-01,,-153244000,-153244000,2026-05-14,2026-05-19,51753476,,453000,Unqualified opinion,69000000,"AMR Action Fund, L.P.; AMR Action Fund, SCSp; Hua Yuan International Limited; Orient Asset Management (Hong Kong) Limited; June Star Global Limited",0.3481,2026-11-22,9015.11,275978,7465408500,"Subscription level 9,015.11 times",,2026-05-21,8856000,828100,8027900,0,0,Claw-back not triggered (N/A); no Offer Shares reallocated from the International Offering to the Hong Kong Public Offering (0 H Shares),598300000,0.7306,52328926,0.1103,Free float denominator = total issued shares upon listing (col_CZ); numerator = offer shares minus cornerstone allocation,52328926,0.0199487,30,0.027,53975000000,211,1.78732,1198216800,150,222.2,145,2458654,0.277626,369693300,Mechanism B,FINI (from 22/11/2023); 2025-08-04 pricing reform (Mechanism A/B; six-month cornerstone lock-up retained); this IPO: Mechanism B,丹诺医药(苏州)股份有限公司,Active,270,0.279621,2.56671,-0.071761,-0.065747,1.3785,1.3697,38852615,,,,,,,,,,,,,,18A (Biotech / B-tag),China International Capital Corporation / Sponsor-OC,2026-06-21,0,0,0.0695,2026-05-22,0,0.5,-0.103738,-0.364444,0.297146,-0.035071,0.9812,0.279621,1.3785,-0.061137,0.9243,0.9592,2.04983e+07,0.00229801,0,0.197336,0.582578,2026-11-22,2027-05-22,,,,CICC,2,0,0.025,0.01,0.035,4,0,0,6,0,POST_FINI,POST_2025_REFORM
58,0901.HK,"Shenzhen SDMC Technology Co., Ltd. - H Shares",2026-05-18,2026-05-27,China Securities (International) Corporate Finance Company Limited,Ernst & Young,,63002240,566997200,32.8,209540070,19207300,190332770,190332770,0,19207300,17286500,1920800,32.8,32.8,0,0,Fixed price,RMB,1824763000,2224758000,2573426000,900402000,1037053000,1267240000,924361000,1187705000,1306186000,2366870000,2540936000,3367659000,200241000,141090000,251185000,191209000,137226000,239153000,0.0135,0.0135,0.15,Smart home products for enterprise customers,Chapter 19A of the Listing Rules (H Share issuer),2025-12-31,-134043000,273353000,163900000,0,0.477,1,1,1,1,,1,,Panorama Capital Green Technology; Qihang No. 1; Qihang No. 2; Liu Minhua; Li Jingcheng; Wu Jun,0.023,0,"Pre-IPO Investments (earliest April 1, 2025)",1.13,Individual (Mr. Li Bo),0.3326,0.3326,231637000,Customer testing and commercialization stage,0,Main Board,H Shares,0,0,0,0,701010,HSICS (Hang Seng Industry Classification System) 2026,2003-10-22,22.6,PRC,"Room 1920, 19/F, Lee Garden One, 33 Hysan Avenue, Causeway Bay, Hong Kong",1000,HKFRS Accounting Standards,2023-01-01,2023-12-31,2024-01-01,2024-12-31,2025-01-01,3367659000,251185000,239153000,2026-05-18,2026-05-21,209393562,656094000,21300000,True and fair view (unqualified opinion),60000000,,0,,1971.99,177196,3787797300,"Subscription level 1,971.99 times",,2026-05-27,19207300,1920800,17286500,0,0,"Claw-back triggered: N/A. No Offer Shares reallocated from the International Offering (0). Final no. of Offer Shares under the Hong Kong Public Offering 1,920,800, i.e. 10.00% of the Global Offering.",570000000,0.5237,209540070,0.0917,Free float denominator = total issued shares upon listing (col_CZ); numerator = offer shares minus cornerstone allocation,209540070,-0.0163493,28,0.0263881,54125000000,61.2,0.865854,545487320,65.8,71.05,57.3,4980964,0.259327,296288340,Mechanism B,FINI (from 22/11/2023); 2025-08-04 pricing reform (Mechanism A/B; six-month cornerstone lock-up retained); this IPO: Mechanism B,深圳市华曦达科技股份有限公司,Active,71.5,0.168301,1.17988,-0.075649,-0.087324,1.2639,1.2801,3.88374e+07,,,,,,,,,,,,,,Standard,China International Capital Corporation / Sponsor-OC,2026-06-26,0,0,0.15,2026-05-27,0,0,-0.040881,-0.069153,0.403979,0.068627,1.0395,0.168301,1.2639,0.19281,1.1843,1.2757,2.4153e+07,0.00240156,0,0.106207,0.318452,2026-11-27,2027-05-27,,,,CICC,2,0,0.025,0.01,0.035,4,0,0,6,0,POST_FINI,POST_2025_REFORM
59,2723.HK,"Beijing DeepZero Technology Co., Ltd. - H Shares",2026-05-18,2026-05-27,ICBC International Capital Limited,KPMG,,50327400,452946600,55.5,90679175,9068000,81611175,81611175,0,9068000,8161200,906800,55.5,43.5,0.121212,0.242424,At high,RMB,615421000,540178000,564254000,470546000,404679000,412290000,144875000,135499000,151964000,611190000,537870000,576563000,64215000,20465000,7217000,60658000,21520000,9177000,0.025,0.025,,AI application products for marketing and sales - intelligent advertising services and intelligent data management,Main Board - Rule 8.05(2) market capitalisation/revenue/cash flow test,2025-12-31,31864000,154885000,45755000,0,0.596,1,1,1,1,1,1,,Beijing Heyin; China Mobile Fund; Beijing BGWG; Forward Maoshang; Shanghai Maoyao; Shanghai Zhencheng; Qidian Yihao; Shenzhen Capital; Hongtu Chengzhang; Mr. Zhang Wei; Ms. Liu Chunru; Mr. Huang Jicheng; Mr. Qu Zhe,0.5599,1,Series A-2 Investment,15,Natural persons - co-founders acting in concert,0.3215,0.3215,5046000,Commercialized (revenue-generating AI application products),0,Main Board,H Shares,0,0,0,0,235010,HSICS (Hang Seng Industry Classification System) 2026,2009-04-30,17.07,PRC,"31/F, Tower Two, Times Square, 1 Matheson Street, Hong Kong",1000,IFRS Accounting Standards,2023-01-01,2023-12-31,2024-01-01,2024-12-31,2025-01-01,576563000,7217000,9177000,2026-05-18,2026-05-21,90679175,147201000,368000,Unqualified opinion (true and fair view),45800000,,0,,5480.23,232456,4969471300,"Subscription level 5,480.23 times",2026-05-22,2026-05-26,9068000,906800,8161200,0,0,"Reallocation: No. The final number of Offer Shares under the Hong Kong Public Offering is 906,800, representing 10.00% of the Global Offering; no Offer Shares were reallocated from the International Offering to the Hong Kong Public Offering.",465100000,0.3052,90679175,0.1,Free float denominator = total issued shares upon listing (col_CZ); numerator = offer shares minus cornerstone allocation,90679175,-0.0163493,28,0.0263881,54125000000,203,2.65766,1337530000,155,230,155,3460200,0.381584,571584900,Mechanism B,FINI (from 22/11/2023); 2025-08-04 pricing reform (Mechanism A/B; six-month cornerstone lock-up retained); this IPO: Mechanism B,北京深演智能科技股份有限公司,Active,342,0.684729,5.16216,-0.075649,-0.087324,1.8226,1.8459,155181370,,,,,,,,,,,,,,Standard,China International Capital Corporation / Sponsor-OC,2026-06-26,0,0,0.15,2026-05-27,0,0,0.072715,0.86459,0.359999,0.753695,1.7059,0.684729,1.8226,2.12808,3.1057,3.3456,9.24655e+07,0.000981671,0,0.308973,0.564215,2026-11-27,2027-05-27,,,,CICC,2,0,0.025,0.01,0.035,4,0,0,6,0,POST_FINI,POST_2025_REFORM
60,3310.HK,"Viewtrix Technology Co., Ltd - H Shares",2026-05-18,2026-05-27,"China International Capital Corporation Hong Kong Securities Limited /
CITIC Securities (Hong Kong) Limited",Ernst & Young,,110001660,1154996620,20.81,427778950,52859200,374919750,374919750,0,52859200,47573200,5286000,20.81,20.81,0,0,Fixed price,RMB,1214193000,1225721000,1104017000,1082896000,988796000,817491000,131297000,236925000,286526000,720404000,891304000,1105659000,-232105000,-308986000,-230331000,-232105000,-308986000,-230331000,0.03,0.03,0.15,AMOLED display driver IC (DDIC) design and sales (fabless semiconductor),Main Board - Rule 8.05(3) market capitalization/revenue test,2025-12-31,-133413000,379743000,-266036000,,0.907,1,1,1,1,1,1,1,"Vertex Asia Fund Pte. Ltd.; White Cloud Valley (HK) Investment Limited; Boe Technology Group Co., Ltd.; Wanchuang Shidai; Shanghai Fuzhishuo; Juyuan Qitai; Shanghai Jiutangjin; Qualcomm China; Jichuang Yuyuan; Nanshan Hongtai; Bangsheng Yingxin; Qingyue Optoelectronics; Hangzhou Kunwei; Shanghai Suishuo; Tianjin Jinmi; Qiming Rongke; Qiming Rongying; QM119 Limited; Nanshan Zhonghang; Hongtai Zhiyun; Xiaomi Changjiang; HSG; CICC Pucheng; Xiamen Qilu; Zhuhai Zhiyi; Hubble Technology; Guokai Technology; Wofu Ruixin; Jiaxing Xihao; Shenzhen Pingshan; Xiamen Zhiyi; Jiaxing Haiyun; Haitong New Energy; Yueke Xintai No. 25; Zhicheng Shuzhi; Shenzhen High-Tech Investment; Shengao Investment; Shenzhen High-Tech Fuhai; Shenzhen Addition No. 2; Semiconductor and IC Fund; Houwang Ruilian; Yuxin Taojin; Dinghong Growth; Huahui Dianke; Xiangfeng Phase II; Ceyuan Guangyi",,0,Series Angel Financing (28/03/2013),13.14,Individual (Dr. Gu Jing),0.1699,0.1699,142669000,Mass production and commercialization,0,Main Board,H Shares,0,0,0,0,703010,HSICS (Hang Seng Industry Classification System) 2026,2012-05-30,13.99,PRC,"Shenzhen, PRC",1000,IFRSs,2023-01-01,2023-12-31,2024-01-01,2024-12-31,2025-01-01,1105659000,-230331000,-230331000,2026-05-18,2026-05-21,427778950,142985000,3108000,Unqualified opinion (true and fair view),102900000,Digital Vista GD Investment LP; SpreadCom Limited,0.3537,2026-11-27,3559.68,242444,18816492800,"Subscription level 3,559.68 times",,2026-05-26,52859200,5286000,47573200,7928800,1,"No claw-back triggered (Claw-back triggered: N/A); the final number of Offer Shares under the Hong Kong Public Offering (5,286,000) equals the initial number, remaining at 10% of the Global Offering, with no reallocation from the International Offering.",1019070000,0.8301,427778950,0.0799,"Free float excludes H Shares held by the Cornerstone Investors upon Listing (six-month lock-up); denominator = total issued shares upon Listing (before exercise of the Over-allotment Option) = 427,778,950.",427778950,-0.0163493,28,0.0263881,54125000000,39.9,0.917347,1009082128,25.48,39.9,25.4,16812743,0.318067,535970800,Mechanism B,FINI (from 22/11/2023); 2025-08-04 pricing reform (Mechanism A/B; six-month cornerstone lock-up retained); this IPO: Mechanism B,云英谷科技股份有限公司,Active,38.98,-0.023058,0.873138,-0.075649,-0.087324,1.0569,1.0704,60594485,,,,,,,,,,,,,,Standard,China International Capital Corporation / Sponsor-OC,2026-06-26,0,0,0.15,2026-06-18,7928800,1,-0.108227,-0.209552,0.297313,-0.234085,0.745,-0.023058,1.0569,-0.309273,0.6858,0.7388,3.01419e+07,0.00226734,0,0.113109,0.474989,2026-11-27,2027-05-27,,,,CICC,2,0,0.025,0.01,0.035,4,0,0,6,0,POST_FINI,POST_2025_REFORM
61,3388.HK,"Shenzhen Creality 3D Technology Co., Ltd. - H Shares",2026-05-20,2026-05-29,China International Capital Corporation Hong Kong Securities Limited,PricewaterhouseCoopers,Asia-Pacific Consulting and Appraisal Limited,138044640,1449457440,18.8,466840101,73427550,393412551,393412551,0,73427550,66084750,7342800,18.8,18.8,0,0,Fixed price,RMB,1945124000,2254649000,2602424000,987623000,1084524000,1076595000,957501000,1170125000,1525829000,1882862000,2288328000,3127040000,134859000,89230000,-206237000,128506000,88660000,-182421000,0.03,0.03,0.15,"Global consumer 3D printing product and service provider (3D printers, consumables, 3D scanners, laser engravers, accessories and 3D printed products and services)",Main Board - Rule 8.05(3) market capitalisation/revenue test,2025-12-31,-63977000,277310000,221875000,0,0.11,1,1,1,1,1,1,1,Qianhai Equity; Zhongyuan Qianhai; Smart IT Ark; Renzhe Buyou; Tencent VC; SCGC; Nanshan Hongtu; Pingshan Kaisheng; Guoxin South No. 4,0.148,0,Series A Financing,4.9,Natural persons (four co-founders acting in concert),0.692,0.692,540955000,,0,Main Board,H Shares,0,0,0,0,701020,HSICS (Hang Seng Industry Classification System) 2026,2014-04-03,12.15,PRC,"Room 1808, Jinxiu Hongdu Building, Meilong Avenue, Xinniu Community, Minzhi Street, Longhua District, Shenzhen, Guangdong Province, PRC",1000,IFRS Accounting Standards,2023-01-01,2023-12-31,2024-01-01,2024-12-31,2025-01-01,3127040000,-206237000,-182421000,2026-05-20,2026-05-26,466840101,974890000,29541000,Unqualified opinion (true and fair view),108100000,Taikang Life; CITIC Industrial International; CPE Greater China; Martis Fund; BoYue Fund; GBAHIL; Apex; Oasis Fund; Jump Trading; Polymer; Dingxin Securities; Colloway; Seven Grand; ICSA; Optimas Capital,0.499,2026-11-29,3829.42,251375,28118695650,"Subscription level 3,829.42 times",,2026-05-28,73427550,7342800,66084750,11014050,1,Claw-back triggered: N/A; No. of Offer Shares reallocated from the International Offering: 0,1272320000,0.282,466840101,0.0788,"Free float denominator = total issued shares upon listing (col_CZ=466,840,101); H Shares held by Cornerstone Investors and existing Pre-IPO investors are excluded (locked up)",466840101,-0.0213656,29,0.026,53978000000,22.8,0.212766,293710200,33.88,34,20.88,36474808,0.496746,1014387400,Mechanism B,FINI (from 22/11/2023); 2025-08-04 pricing reform (Mechanism A/B; six-month cornerstone lock-up retained); this IPO: Mechanism B,深圳市创想三维科技股份有限公司,Active,23.34,0.023684,0.241489,-0.099694,-0.128708,1.137,1.1749,101318550,,,,,,,,,,,,,,Standard,"China International Capital Corporation Hong Kong Securities 
Limited",2026-06-25,0,11014050,0.15,2026-06-25,11014050,1,-0.013575,-0.26565,0.114001,0.011404,1.0086,0.023684,1.137,0.015789,1.0006,1.0738,4.24609e+07,0.00185561,0,0.0558843,0.489706,2026-11-29,2027-05-29,,,,CICC,2,0,0.025,0.01,0.035,4,0,0,6,0,POST_FINI,POST_2025_REFORM
62,2553.HK,"Beijing Shougang LanzaTech Technology Co., Ltd. - H Shares",2026-05-26,2026-06-03,Yue Xiu Capital Limited,Ernst & Young,,87600000,496400000,14.6,400000000,40000000,360000000,360000000,0,40000000,36000000,4000000,17.1,14.6,-0.078864,0.157729,At low,RMB,2560572000,2504777000,,933532000,608618000,,1627040000,1896159000,,563611000,521698000,637600000,-245065000,-324871000,,-245568000,-324914000,,0.05,0.05,0.15,"Carbon capture, utilization and storage (CCUS) industry — production of low-carbon products (ethanol and microbial protein) and provision of low-carbon integrated solutions",Main Board of the Stock Exchange — market capitalisation/revenue test under Rule 8.05(3) of the Listing Rules (Chapter 8),2026-03-31,,,,0,,1,1,1,1,1,1,,"Caofeidian Fund; Shanghai Mingda Industry; Shanghai Dehui; NZ Tang Ming; Mitsui & Co., Ltd.; Tang Ming Hong Kong; Zhuhai Jinsheng; Beijing Jiayeyuan; Qingdao Baiwei Zhihe; Ruihong Investment; Guangzhou Fanmei; Pingyang Puyi; Guofu Yonglang; Shanghai Guoping; Jiaxing Guoxing; Binhe SIC; Jiaxing Tianchen; Jinxin Kaiying",0.7246,1,Series A (June 2016),9.9,"State-owned enterprise — Shougang Group Co., Ltd., ultimately owned by Beijing SASAC",0.356,0.356,,Commercialization and scalability validated — first-generation carbon reduction technology in industrial-scale production; second-generation carbon negative technology under development,0,Main Board,H Shares,0,0,0,0,053040,HSICS (Hang Seng Industry Classification System) 2026,2011-11-11,14.56,PRC,"Room 1601-6, 16/F, Building 1, 1 Tianshunzhuang North Road, Shijingshan District, Beijing, PRC",,IFRS,2023-04-01,2024-03-31,2024-04-01,2025-03-31,2025-04-01,637600000,,,2026-05-26,2026-05-29,266548803,-7600000,,,101100000,,0,,1421.54,109125,5686144400,"Subscription level 1,421.54 times (Hong Kong Public Offering); Claw-back triggered: N/A; International Offering subscription level 0.95 times",2026-06-01,2026-06-02,40000000,6000000,34000000,0,0,"No. of Offer Shares reallocated from the International Offering (reallocation) 2,000,000 H Shares",486460000,0.4088,400000000,0.1,"Free float denominator = total issued Shares upon Listing; numerator = H Shares held by the public and not subject to disposal restrictions (whether under contract, the Listing Rules, applicable laws or otherwise)",400000000,-0.0119301,32,0.026,53927000000,21.06,0.442466,258400000,28,29.98,18.02,37023483,0.925587,919523200,Mechanism B,FINI (from 22/11/2023); 2025-08-04 pricing reform (Mechanism A/B; six-month cornerstone lock-up retained); this IPO: Mechanism B,北京首钢朗泽科技股份有限公司,Active,43.94,1.08642,2.00959,-0.10058,-0.11918,2.3197,2.3687,132390535,,,,,,,,,,,,,,Standard,China International Capital Corporation / Sponsor-OC,2026-07-03,0,0,0.15,2026-06-03,0,0,-0.321028,-0.479365,0.046239,0.566952,1.635,1.08642,2.3197,0.20133,1.2157,1.3349,4.61573e+07,0.0054807,0,0.111088,0.704044,2026-12-03,2027-06-03,,,,CICC,2,0,0.025,0.01,0.035,4,0,0,6,0,POST_FINI,POST_2025_REFORM
63,1081.HK,"Dajin Heavy Industry Co., Ltd. - H Shares",2026-05-28,2026-06-05,"Huatai Financial Holdings (Hong Kong) Limited /
China Merchants Securities (HK) Co., Limited",BDO Limited,,577454240,6217689360,66.4,724715149,86965800,637749349,637749349,0,86965800,78269200,8696600,66.4,,0,0,Fixed price,RMB,10224814000,11561950000,14490551000,6914166000,7272009000,8280290000,3310648000,4289941000,6210261000,4325082000,3779651000,6173550000,484725000,515752000,1265819000,425157000,473875000,1103297000,0.012,0.012,0.15,Offshore wind power equipment R&D and manufacturing; heavy marine transportation; ship design and construction; wind and photovoltaic power generation; wind marshalling port operations,Chapter 19A of the Main Board Listing Rules (PRC issuer with A Shares listed on the Shenzhen Stock Exchange),2025-12-31,1144333000,2855774000,288178000,,0.792,1,0,0,0,0,0,0,,0,0,,,Individual (Mr. Jin Xin),0.3533,0.3533,2124871000,,0,Main Board,H Shares,0,0,0,0,101030,HSICS (Hang Seng Industry Classification System) 2026,2003-09-22,22.7,PRC,"No. 155, Xinqiu Main Road, Xinqiu District, Fuxin City, Liaoning Province, the PRC",1000,IFRS Accounting Standards,2023-01-01,2023-12-31,2024-01-01,2024-12-31,2025-01-01,6173550000,1265819000,1103297000,2026-05-28,2026-06-02,86965800,1919220000,23118000,Unqualified opinion (true and fair view),157800000,"GIC Private Limited; HHLR Advisors, Ltd.; Hillhouse Investment Management, Ltd.; CPE; UBS AM Singapore; Taikang Life; Eastspring Singapore; Eastspring HK; Pinpoint; ICBC Wealth; MWAL; Millennium; PSBC Wealth; Fullgoal HK; Fullgoal Fund",0.4221,2026-12-05,134.39,122627,1168777400,Subscription level 134.39 times,2026-06-03,2026-06-04,100010600,8696600,91314000,2325900,0.155044,"Claw-back triggered: N/A; No. of Offer Shares reallocated from the International Offering: 0; Final no. of Offer Shares under the Hong Kong Public Offering: 8,696,600",6465480000,0.1356,737759949,0.0783,Free float denominator = total issued shares upon listing (col_CZ); numerator = offer shares minus cornerstone allocation,737759949,-0.0230435,35,0.026,53997000000,66.298,-0.001536,-1.02011e+07,66.298,66.348,58.948,17946800,0.179449,1163715750,Mechanism B,FINI (from 22/11/2023); 2025-08-04 pricing reform (Mechanism A/B; six-month cornerstone lock-up retained); this IPO: Mechanism B,大金重工股份有限公司,Active,50.748,-0.234547,-0.235723,-0.053907,-0.071017,0.8091,0.824,131012383,,,,,,,,,,,,,,Standard,Huatai Financial Holdings (Hong Kong) Limited,2026-07-02,1,15001500,0.1267,2026-07-02,15001500,1,-0.273554,-0.44259,0.450419,-0.098042,0.9285,-0.234547,0.8091,-0.574075,0.4217,0.466,7.63362e+07,0.00093009,0,0.0559996,0.598522,2026-12-05,2027-06-05,,,,CICC,2,0,0.025,0.01,0.035,4,0,0,6,0,POST_FINI,POST_2025_REFORM
64,1779.HK,"LongBio Pharma (Suzhou) Co., Ltd. - B - H Shares",2026-05-28,2026-06-05,Sinolink Securities (Hong Kong) Company Limited,Ernst & Young,,136342761,1431558165,96.06,74193150,14193150,60000000,60000000,0,14193150,12773800,1419350,96.06,96.06,0,0,Fixed price,RMB,,148909000,227557000,,-330284000,140515000,,479193000,87042000,,0,0,,-137321000,-175583000,,-137321000,-175583000,0.03,0.03,0.15,Biopharmaceutical - clinical-stage biotech company for in-house discovery and development of biopharmaceuticals targeting allergic and autoimmune diseases,Chapter 18A of the Listing Rules (Main Board),2025-12-31,-121039000,95051000,126622000,0,0,1,1,1,1,1,1,1,Huzhou Youxing; Suzhou Youxin; Suzhou Lianrui; Huzhou Youcheng; OFC Bohui Fund; OFC Jiaozi Fund; Yongshi Huijin; Yongshi Weizhen; HLC; Qingdao Hongyi; QM282; CSPC Sangel; Lingang Lanwan Fund II; Southeast Investment; Changshu Wuyue Angel; Shanxi Securities Alternative Investment; Anhui Anyuan; Hangzhou Beicheng; Changshu Sanyi; Qiming Rongjing; Qiming Rongqian; Hefei Hongta; Sangel Shunchuang; Xinsheng Huachuang; Hainan Renze,0.5584,0,Series A Financing,5.41,Individual,0.3571,0.3571,37923000,"Clinical stage (Phase II/III clinical trials; pre-revenue, not yet commercialized)",0,Main Board,H Shares,0,0,1,0,281020,HSICS (Hang Seng Industry Classification System) 2026,2020-10-26,5.61,PRC,"5th Floor, Building F, Area A, No. 128 Yinhe Road, Dongnan Subdistrict, Changshu City, Suzhou City, Jiangsu Province, PRC",1000,IFRS Accounting Standards,2023-01-01,2023-12-31,2024-01-01,2024-12-31,2025-01-01,0,-175583000,-175583000,2026-05-28,2026-06-02,72930268,0,4386000,Unqualified opinion (true and fair view),108500000,"OrbiMed Genesis Master Fund, L.P.; The Biotech Growth Trust PLC; TruMed Health Innovation Fund LP; TruMed Healthcare Master Fund; Huatai Capital Investment Limited; Foresight Global Superior Choice SPC - Global Superior Choice Fund 1 SP; Foresight Global Superior Choice SPC - Vision Fund 1 SP; Foresight Global Superior Choice SPC - Horizon Fund 1 SP; Foresight Global Superior Choice SPC - Horizon Next Fund SP; Fullgoal Fund Management Co., Ltd.; Fullgoal Asset Management (HK) Limited; Value Partners Hong Kong Limited; Value Partners Limited; Mega Prime Development Limited; FR M CONSULTING CO., LTD; China Galaxy International Investment Company Limited",0.4996,2026-12-05,4762.58,266377,6759772650,"Subscription level 4,762.58 times",,2026-06-04,14193150,1419350,12773800,2128950,1,"Reallocation N/A; no Offer Shares reallocated from the International Offering (0); final Hong Kong Public Offering remains 1,419,350 H Shares (10.00% of the Global Offering)",1254900000,0.4542,74193150,0.0957,Free float denominator = total issued shares upon listing (col_CZ); numerator = offer shares minus cornerstone allocation,74193150,-0.0230435,35,0.026,53997000000,131.8,0.372059,507263181,144.3,158,126.4,4011200,0.282615,618573100,Mechanism B,FINI (from 22/11/2023); 2025-08-04 pricing reform (Mechanism A/B; six-month cornerstone lock-up retained); this IPO: Mechanism B,天辰生物医药（苏州）股份有限公司,Active,107.4,-0.185129,0.118051,-0.053907,-0.071017,0.8613,0.8772,66030405,,,,,,,,,,,,,,18A (Biotech / B-tag),China International Capital Corporation / Sponsor-OC,2026-07-05,0,0,0.15,2026-06-30,2128950,1,-0.42,-0.078212,0.110498,0.076631,1.1083,-0.185129,0.8613,-0.066768,0.9239,1.0209,2.7216e+07,0.00469795,0,0.0792658,0.500904,2026-12-05,2027-06-05,,,,CICC,2,0,0.025,0.01,0.035,4,0,0,6,0,POST_FINI,POST_2025_REFORM
65,2290.HK,Lung Fung Group Holdings Limited,2026-05-28,2026-06-05,DBS Asia Capital Limited,Deloitte Touche Tohmatsu,AVISTA Valuation Advisory Limited,64750000,582750000,5.18,500000000,125000000,375000000,375000000,0,125000000,112500000,12500000,6.38,5.18,-0.103806,0.207612,At low,HKD,1334961000,1288971000,1336986000,129520000,44382000,55431000,1205441000,1244589000,1281555000,2020731000,2460478000,3052702500,180857000,218021000,268146000,144536000,170432000,222574500,0.0238,0.0238,0.15,"Retail of beauty, health and pharmaceutical products",Main Board,2025-11-30,1081612000,49896000,,0,,1,0,0,0,0,0,0,,0,0,,,Individual (natural persons acting in concert),0.75,0.75,1005859000,,0.2,Main Board,Ordinary shares,0,0,0,0,237050,HSICS (Hang Seng Industry Classification System) 2026,2025-10-03,0.67,Cayman Islands,"5/F, Lung Fung Group Centre, 23 Yip Cheong Street, Fanling, Hong Kong",,HKFRS,2022-12-01,2023-11-30,2023-12-01,2024-11-30,2024-12-01,3052702500,268146000,222574500,2026-05-28,2026-06-02,500000000,628730000,28716000,Unqualified,50400000,,0,,664.92,133189,6362250000,Subscription level 664.92 times (原文用『Subscription level』而非『over-subscribed by』),2026-06-03,2026-06-04,125000000,12500000,112500000,0,0,"Reallocation No：国际配售回拨至香港公开发售 0 股，最终香港公开发售维持 12,500,000 股（占全球发售 10%）",599600000,0.25,500000000,0.25,"自由流通分母 = 上市时已发行股份总数 500,000,000 股（col_CZ）；分子 = 全球发售股份 125,000,000 股（col_CS）减去基石获配 0 股（col_CK×col_CS=0），本次无基石投资者且公告披露 125,000,000 股不受任何处置限制",500000000,-0.0230435,35,0.026,53997000000,2.81,-0.457529,-296250000,4.32,4.6,2.8,85471206,0.68377,346179400,Mechanism B,FINI (from 22/11/2023); 2025-08-04 pricing reform (Mechanism A/B; six-month cornerstone lock-up retained); this IPO: Mechanism B,龙丰集团控股有限公司,Active,3.6,0.281139,-0.305019,-0.053907,-0.071017,1.3541,1.3791,36461920,,,,,,,,,,,,,,Standard,China International Capital Corporation / Sponsor-OC,2026-07-05,0,0,0.15,2026-07-05,0,0,0.633484,-0.0375,0.308363,-0.021352,1.0074,0.281139,1.3541,0.459075,1.4445,1.5962,1.83887e+07,0.00323187,0,0.0744594,0.536957,2026-12-05,2027-06-05,,,,CICC,2,0,0.025,0.01,0.035,4,0,0,6,0,POST_FINI,POST_2025_REFORM
66,6658.HK,"Liuliumei Co., Ltd. - H Shares",2026-06-05,2026-06-15,"CITIC Securities (Hong Kong) Limited / 
Guoyuan Capital (Hong Kong) Limited",Ernst & Young,,49964470,449641008,43.58,78811208,11464100,67347108,67347108,0,11464100,10317600,1146500,43.58,43.58,0,0,Fixed price,RMB,1394662000,1670967000,1990073000,265465000,617948000,881627000,1129197000,1053019000,1108446000,1322042000,1616018000,1710731000,110603000,180407000,219175000,99231000,147719000,182088000,0.025,0.025,0.15,Fruit snack company focusing on plum-based products,Main Board of the Stock Exchange — Chapter 19A of the Listing Rules (PRC issuer with H Shares),2025-12-31,74474000,33904000,27885000,0,0.458,1,1,1,1,0,1,1,Beijing Sequoia; Mr. Li Qing; Shenzhen Junrong; Nuoxiang Jinhong; Nuoxiang Dongchen; Huaan Fund; Xingnong Fund,0.1045,1,"Series A (Beijing Sequoia, June 2015)",10.96,Individual natural person(s) acting in concert (Mr. Yang and Ms. Li) and their shareholding platforms,0.75,0.75,478359000,,0,Main Board,H Shares,0,0,0,0,251010,HSICS (Hang Seng Industry Classification System) 2026,2009-09-04,16.78,PRC,"3 Zhongjiang Road, Economic Development Zone, Fanchang District, Wuhu City, Anhui Province, PRC",1000,IFRS Accounting Standards,2023-01-01,2023-12-31,2024-01-01,2024-12-31,2025-01-01,1710731000,219175000,182088000,2026-06-05,2026-06-10,78811208,608700000,168633000,Unqualified (true and fair view),59500000,Fanchang Revitalization; Top New,0.2955,2026-12-15,6586.73,180507,7551685900,"Subscription level 6,586.73 times",,2026-06-12,11464100,1146500,10317600,0,0,"Claw-back triggered: N/A；无回拨/重新分配，最终香港公开发售股数 1,146,500 股与初始相同，占全球发售 10%。",440100000,0.250001,78811208,0.1025,"Free float denominator = total issued share capital upon Listing (78,811,208 Shares; numerator = Offer Shares not subject to disposal restrictions = 8,077,000 = col_CS 11,464,100 − 基石 3,387,100).",78811208,-0.0366364,37,0.026403,53947000000,128,1.93713,967799322,95,130.1,91,4304020,0.375435,450445800,Mechanism B,FINI (from 22/11/2023); 2025-08-04 pricing reform (Mechanism A/B; six-month cornerstone lock-up retained); this IPO: Mechanism B,溜溜梅股份有限公司,Active,163.3,0.275781,2.74713,-0.020205,-0.018071,1.3021,1.2993,64391735,,,,,,,,,,,,,,Standard,China International Capital Corporation / Sponsor-OC,2026-07-15,0,0,0.15,2026-06-15,0,0,-0.127492,0.05915,0.181495,0.172656,1.2257,0.275781,1.3021,0.301562,1.3035,1.4356,3.54121e+07,0.00225678,0,0.234141,0.361483,2026-12-15,2027-06-15,,,,CICC,2,0,0.025,0.01,0.035,4,0,0,6,0,POST_FINI,POST_2025_REFORM
67,6675.HK,"SENASIC Electronics Technology Co., Ltd. - H Shares",2026-06-09,2026-06-17,"China International Capital Corporation Hong Kong Securities Limited /
Guotai Junan Capital Limited",KPMG,,98057088,934927920,18.36,379041820,53407000,325634820,325634820,0,53407000,48066200,5340800,18.36,18.36,0,0,Fixed price,RMB,634097000,692736000,740473000,-840273000,-1159619000,-1479012000,1474370000,1852355000,2219485000,223483000,347540000,477861000,-355400000,-351339000,-330564000,-355801000,-351339000,-330564000,0.03,0.03,0.15,"Fabless design, research and development and sales of automotive-grade wireless sensor SoCs (intelligent tire sensing SoCs, BMS SoCs, USI SoCs)","Chapter 19A of the Main Board Listing Rules (PRC H Share issuer, Main Board of the Stock Exchange)",2025-12-31,-173637000,201347000,101531000,0,0.523,1,1,1,1,1,1,,Jiakaisheng; Huaxin Chuangyuan; SANY Gongying; Nanshan Hongtai; Shenzhen Huiyue; Shenzhen Tianhui; Qufu Tianbo; Jingwei; Hai Feng Investment; Changjiang Chendao; Nanjing Jinti; Thriving Capital; Ningbo Cenyou; Baolong Automotive; Guoce Investment; Jiaxing Xingxin; Ningbo Jiechuang; Shangqi Huizhu; Shangqi Delian; Shuangyi Hengrun; Wuxi Hancheng; Yibin Chendao; Guangqi Yuexiu; Yibin Lvneng; Changshun Zhiying; Geely; Mixed Reform Fund; Jiyuan Haoyue; Jiyuan Haoyuan; CICVC; Guangqi Zhiyuan; SANY; Changshun Jianye; Haiwang Fund; Junwang Chuangxin; Zhuhai Xinde; Dongguan Xinde; Huajin Lingyi; Huajin Shangying; Huachun Baoxin; Jianfa Emerging Industry; Jianfa Changrong; CVC; Jianfa Investment,0.6579,1,Angel Investments,10.77,"Natural persons acting in concert (Dr. Li and Mr. Li, Single Largest Group of Shareholders)",0.2771,0.2771,87898000,"Commercialized / mass production (TPMS SoCs in mass production since 2018; cumulative automotive sensor SoC shipments 241.9 million units as of December 31, 2025)",0,Main Board,H Shares,0,0,0,0,703010,HSICS (Hang Seng Industry Classification System) 2026,2015-03-19,11.25,PRC,"Room 601, No. 10, Lane 198, Zhangheng Road, Pudong New Area, Shanghai, PRC",1000,HKFRS Accounting Standards,2023-01-01,2023-12-31,2024-01-01,2024-12-31,2025-01-01,477861000,-330564000,-330564000,2026-06-09,2026-06-12,379041820,133588000,10545000,Unqualified opinion (true and fair view),73900000,Sunwoda HK; Longwei HK; Oakwise; Tembusu; Andrew Y Yan; RIME; Thalassa Capital; Chample; Libra Fixed Income One SP,0.2886,2026-12-17,5144.97,237930,27478241600,"Subscription level 5,144.97 times",,2026-06-16,53407000,5340800,48066200,2855800,0.356483,"Claw-back triggered: N/A; no Offer Shares reallocated from the International Offering (0); final Hong Kong Public Offering 5,340,800 (10% of the Global Offering).",912520000,0.7061,379041820,0.1002,Free float denominator = total issued shares upon listing (col_CZ); numerator = offer shares minus cornerstone allocation,379041820,-0.0657979,36,0.0273673,54867000000,41.7,1.27124,1246519380,31.6,41.9,31.58,16473920,0.30846,587352100,Mechanism B,FINI (from 22/11/2023); 2025-08-04 pricing reform (Mechanism A/B; six-month cornerstone lock-up retained); this IPO: Mechanism B,琻捷电子科技(江苏)股份有限公司,Active,25.22,-0.395204,0.373638,0.028646,0.035418,0.588,0.5841,52065655,,,,,,,,,,,,,,Standard,"China International Capital Corporation Hong Kong Securities 
Limited",2026-07-12,0,2855800,0.15,2026-07-12,2855800,1,-0.36398,0.446139,0.143642,-0.168825,0.8631,-0.395204,0.588,-0.315588,0.6746,0.7447,2.44356e+07,0.00503507,0,0.167598,0.555849,2026-12-17,2027-06-17,,,,CICC,2,0,0.025,0.01,0.035,4,0,0,6,0,POST_FINI,POST_2025_REFORM
68,1392.HK,"Shenzhen HQVT Technology Co., Ltd. - H Shares",2026-06-11,2026-06-22,"CMBC International Capital Limited / 
SPDB International Capital Limited",Confucius International CPA Limited,,61318800,551851200,7.2,774208420,85162500,689045920,689045920,0,85162500,76646000,8516500,7.2,7.2,0,0,Fixed price,RMB,260961000,405242000,723892000,161433000,234377000,362196000,99528000,170865000,361696000,117063000,522568000,668519000,-22854000,42459000,27491000,-18413000,40412000,29354000,0.04,0.04,,"Multispectral AI technology enterprise (multispectral AI modules, perception terminals and large model services)",Main Board of the Stock Exchange - market capitalisation/revenue test under Rule 8.05(3),2025-12-31,-129915000,65556000,50793000,54477000,0.468,1,1,1,1,0,1,,Kaiying No. 8; Kaiying No. 9; Kaiying No. 10; Taolue New Energy; Taolue Xinwang; Jinlan Sunshine; Gaoxintou; Chengdu Zhongxiaodan; Rencai No. 2; Shenrong Ruihe; Xiaohe Investment LP; Fuquan No. 1; Panhui Investment; Kezhihua; Zhide No. 9; Mr. Zhu Zhenkui,0.3174,0,Series A (30 November 2020),5.53,Founder / natural person (Mr. Zhou Bo),0.435,0.435,213682000,Commercialisation / revenue-generating stage,0,Main Board,H Shares,0,0,0,0,702030,HSICS (Hang Seng Industry Classification System) 2026,2013-04-03,13.22,PRC,"3/F, Building 8, Taihua Wutong Industrial Park, Gushu Development Zone, Xixiang Street, Bao'an District, Shenzhen, PRC",1000,IFRS,2023-01-01,2023-12-31,2024-01-01,2024-12-31,2025-01-01,668519000,27491000,29354000,2026-06-11,2026-06-16,756143940,149392000,81476000,Unqualified opinion (true and fair view),76300000,,0,,7181.21,252640,84572151000,"Subscription level 7,181.21 times",,2026-06-18,85162500,8516500,76646000,0,0,Claw-back triggered: N/A; No. of Offer Shares reallocated from the International Placing: 0,536830000,0.3788,774208420,0.11,Free float denominator = total issued shares upon listing (col_CZ); numerator = offer shares minus cornerstone allocation,774208420,-0.0736282,36,0.0267964,53886000000,26.7,2.70833,1660668750,29,30,25,27583246,0.32389,708518700,Mechanism B,FINI (from 22/11/2023); 2025-08-04 pricing reform (Mechanism A/B; six-month cornerstone lock-up retained); this IPO: Mechanism B,深圳海清智元科技股份有限公司,Active,13.7,-0.486891,0.902778,0.05783,0.044564,0.4851,0.4912,66501635,,,,,,,,,,,,,,Standard,China International Capital Corporation / Sponsor-OC,2026-07-22,0,0,0.3788,2026-07-22,0,0,-0.12483,0.415603,0.138061,-0.303745,0.7299,-0.486891,0.4851,0.388764,1.3416,1.4657,6.00212e+07,0.00495375,0,0.342935,0.573667,2026-12-22,2027-06-22,,,,CICC,2,0,0.025,0.01,0.035,4,0,0,6,0,POST_FINI,POST_2025_REFORM
69,6067.HK,"Shenzhen Senior Technology Material Co., Ltd. - H Shares",2026-06-12,2026-06-23,China Securities (International) Corporate Finance Company Limited,Rongcheng (Hong Kong) CPA Limited,Knight Frank Petty Limited,134273450,1208447580,8.98,1495234139,149523500,1345710639,1345710639,0,149523500,134571000,14952500,8.98,,0,0,Fixed price,RMB,23145535000,24793110000,25938288000,9971122000,10140752000,10025981000,13174413000,14652358000,15912307000,3506153000,4076845000,4285348000,407019000,120463000,71404000,370708000,143110000,82568000,0.01,0.01,0,"Lithium-ion battery separator manufacturer (research, development, production and sales)",Chapter 19A of the Listing Rules (PRC issuer with other listed shares),2026-03-31,68026000,2259139000,69261000,0,0.5001,1,1,1,1,1,,,"Shenzhen Oriental Fortune Venture Capital (Limited Partnership); Shenzhen Chuangdongfang Growth Investment Enterprise (Limited Partnership); Shenzhen Xiaoyang Science & Technology Investment Co., Ltd.; Sichuan Zhongcheng Management Consulting Co., Ltd.; Shenzhen Xinyu Industrial Co., Ltd.",0.2661,0,2008 conversion into joint stock company,17.77,Natural persons - no controlling shareholder; Prof. Chen and Ms. Chen are the Single Largest Shareholders,0.11425,0.11425,13810684000,Commercialized - mass production,0.15,Main Board,H Shares,0,0,0,0,101070,HSICS (Hang Seng Industry Classification System) 2026,2003-09-17,22.77,PRC,"Gongming office, Guangming District, Shenzhen City, Guangdong Province, Tianyuan Road North, the PRC",,IFRS Accounting Standards,2023-04-01,2024-03-31,2024-04-01,2025-03-31,2025-04-01,4285348000,71404000,82568000,2026-06-12,2026-06-17,149523500,269554000,348200000,Unqualified - true and fair view,79900000,Fullgoal; GF Fund; Taikang Life; Harvest Synergy SP; Springs Capital (Hong Kong); Gaoteng Enterprise Management and CICC Financial Trading Limited (in connection with OTC Swaps); Sunwoda Treasury; JINKOSOLAR INVESTMENT; Mondeomax; Bona Star; SINSANWA; SHEEN NATION; Chen Feng,0.4514,2026-12-23,1563.16,209580,23373135000,"Subscription level 1,563.16 times",2026-06-18,2026-06-22,149523500,14952500,134571000,0,0,"Claw-back triggered: N/A; 0 Offer Shares reallocated from the International Offering; final HK Public Offering 14,952,500 (10% of the Global Offering)",1281000000,0.1013,1495234139,0.0549,Free float denominator = total issued shares upon listing (col_CZ); numerator = offer shares minus cornerstone allocation,1495234139,-0.0810639,36,0.0266208,53886000000,11,0.224944,302037470,12.43,13.41,11,66432145,0.444292,812566300,Mechanism B,FINI (from 22/11/2023); 2025-08-04 pricing reform (Mechanism A/B; six-month cornerstone lock-up retained); this IPO: Mechanism B,深圳市星源材质科技股份有限公司,Active,7.82,-0.289091,-0.129176,0.076962,0.094474,0.6601,0.6495,122249705,,,,,,,,,,,,,,Standard,China International Capital Corporation / Sponsor-OC,2026-07-23,0,0,0.15,2026-07-23,0,0,-0.10625,-0.002538,0.249998,-0.154545,0.8568,-0.289091,0.6601,-0.286364,0.6729,0.7126,5.30783e+07,0.00156354,0,0.0541702,0.467934,2026-12-23,2027-06-23,,,,CICC,2,0,0.025,0.01,0.035,4,0,0,6,0,POST_FINI,POST_2025_REFORM
70,6132.HK,"HJ Science Co., Ltd. - B - H Shares",2026-06-12,2026-06-23,CITIC Securities (Hong Kong) Limited,Deloitte Touche Tohmatsu,,111248000,1001232000,81.8,73599605,13600000,59999605,59999605,0,13600000,12240000,1360000,81.8,81.8,0,0,Fixed price,RMB,,430173000,432609000,,376235000,336200000,,53938000,96409000,,1800000,12982000,,-202317000,-135080000,,-202317000,-135084000,0.035,0.035,0.15,Biopharmaceutical — discovery and development of small-molecule innovative drugs,Chapter 18A of the Listing Rules (Main Board),2025-12-31,-89434000,3720000,110178000,0,1,1,1,1,1,1,1,1,SDIC Shanghai; Junlian Xinkang; Suzhou Fanmao; Huaige Ruixin; Huaige Health; Ruiji Phase III; Junshi Biosciences; Peikun Jingrong; Peikun Songfu; STAT Fund; Xiamen Jianfa; Shengyu Heike; Jiangjin Fund; Chengyu Tuanjiehu Fund; Wuxi Runyuan; Huike Fund; Ruiji Phase X; Huace Xinming; Baohe Linghang; Chengdu Chunlei; Ms. Zhang Naiye,0.3466,1,Series A Financing,8.47,Individual (natural person),0.4687,0.4687,12646000,Clinical-stage (no products approved for commercial sale),0,Main Board,H Shares,0,0,1,0,281050,HSICS (Hang Seng Industry Classification System) 2026,2017-02-20,9.34,PRC,"No. 501, 5/F, Unit 1, Building 4, No. 18 North Section of Bayi Road, Yongning Town, Wenjiang District, Chengdu, PRC",1000,IFRS Accounting Standards,2023-01-01,2023-12-31,2024-01-01,2024-12-31,2025-01-01,12982000,-135080000,-135084000,2026-06-12,2026-06-17,73599605,,1500000,Unqualified opinion (true and fair view),93700000,"Foresight Global Superior Choice SPC—Global Superior Choice Fund 1 SP; Foresight Global Superior Choice SPC—Vision Fund 1 SP; Foresight Global Superior Choice SPC—Horizon Fund 1 SP; Foresight Global Superior Choice SPC—Horizon Next Fund SP; Foresight International Series–Foresight China Equity Fund; Key Broad Future Limited; LBC HK Opportunity Fund Limited; Sage Partners Master Fund; Panjing Harbourview Investment Fund; Taikang Life Insurance Co., Ltd.",0.4579,2026-12-23,2007.6,173284,2730338000,"Subscription level 2,007.60 times",,2026-06-22,13600000,1360000,12240000,0,0,Reallocation: N/A (no Offer Shares reallocated from the International Offering),1018700000,0.5313,73599605,0.1002,Free float denominator = total issued Shares upon Listing (before exercise of the Over-allotment Option); excludes H Shares held by existing Shareholders and Cornerstone Investors subject to lock-up. Numerator = Offer Shares minus cornerstone allocation.,73599605,-0.0810639,36,0.0266208,53886000000,35.26,-0.568949,-632944000,81.8,82,35.26,8250640,0.606665,602404800,Mechanism B,FINI (from 22/11/2023); 2025-08-04 pricing reform (Mechanism A/B; six-month cornerstone lock-up retained); this IPO: Mechanism B,华健未来（成都）科技股份有限公司,Active,45,0.276234,-0.449878,0.076962,0.094474,1.185,1.1661,48766375,,,,,,,,,,,,,,18A (Biotech / B-tag),China International Capital Corporation / Sponsor-OC,2026-07-23,0,0,0.15,2026-06-23,0,0,-0.026824,-0.176095,0.073556,0.089053,1.1037,0.276234,1.185,0.19342,1.1252,1.1917,1.80956e+07,0.00824855,0,0.107136,0.590244,2026-12-23,2027-06-23,,,,CICC,2,0,0.025,0.01,0.035,4,0,0,6,0,POST_FINI,POST_2025_REFORM
71,2335.HK,"Shaanxi Micot Pharmaceutical Technology Co., Ltd. - B - H Shares",2026-06-15,2026-06-24,"CCB International Capital Limited / 
China Merchants Securities (HK) Co., Limited",Deloitte Touche Tohmatsu,,105661920,950928160,18.2,331740350,58054400,273685950,273685950,0,58054400,52248800,5805600,21,18.2,-0.071429,0.142857,At low,RMB,,247258000,331461000,,126793000,-959885000,,120465000,1291346000,0,0,0,,-156808000,-184914000,,-156832000,-184914000,0.025,0.025,0.15,"Biotechnology company specializing in the discovery, development and commercialization of bi-/multi-specific peptide drugs for the treatment of metabolic diseases as well as cardiovascular and cerebrovascular diseases",Chapter 18A of the Listing Rules,2025-12-31,-137130000,80556000,130089000,0,,1,1,1,1,,1,1,"Beta Achieve Limited; Tianjin Huaxin Pharmaceutical Venture Capital Partnership (Limited Partnership); Shaanxi Junying Growth Industry Development Fund Partnership (Limited Partnership); Shaanxi New Materials High-Tech Venture Investment Fund (Limited Partnership); Xi'an Jingcheng Daxing Enterprise Management Partnership (Limited Partnership); Xi'an Tongshang Investment Partnership (Limited Partnership); Suzhou Mainiv Venture Investment Partnership (Limited Partnership); Suzhou Rongsheng Xianxing Venture Investment Partnership (Limited Partnership); Ningbo Meishan Bonded Port Area Fengchuan Hongbo Investment Management Partnership (Limited Partnership); Xinyu Shanjin Runji Equity Investment Partnership (Limited Partnership); Xi'an Tangxing Technology Venture Capital Investment Partnership (Limited Partnership); Xi'an Huiyu Investment Fund Partnership (Limited Partnership); Shaanxi Huichang Listed Reserve Enterprise Equity Investment Fund Partnership (Limited Partnership); Hangzhou Quandewang Enterprise Management Co., Ltd.; Hainan Ruizheng Enterprise Management Partnership (Limited Partnership); Shengzhou Yinyun Heman Enterprise Management Partnership (Limited Partnership); Hainan Wanfeng Investment Partnership (Limited Partnership); Shaanxi Junying Jiacheng Pharmaceutical Industry Development Fund Partnership (Limited Partnership); Linhai Qize Maite Venture Investment Partnership (Limited Partnership); Maicheng Century (Xi'an) Enterprise Management Partnership Enterprise (Limited Partnership); Jinan Liuji Enterprise Management Partnership Enterprise (Limited Partnership); Shaanxi Jingang Nongtou Biomedical Industry Development Equity Investment Partnership (Limited Partnership); Shaanxi Innovation Relay Equity Investment Partnership (Limited Partnership)",0.4736,1,Series A Financing,6.88,Natural person founders (Dr. Wang Bing and Dr. Wang Mei),0.4343,0.4343,1208719000,Clinical development stage; no drug candidates approved or commercialized,0,Main Board,H Shares,0,0,1,0,281020,HSICS (Hang Seng Industry Classification System) 2026,2007-01-19,19.43,PRC,"Building 6, Collaborative Innovation Port, Chang'an District, Xi'an, Shaanxi Province, PRC",1000,IFRS Accounting Standards,2023-01-01,2023-12-31,2024-01-01,2024-12-31,2025-01-01,0,-184914000,-184914000,2026-06-15,2026-06-18,280071100,0,878000,Unqualified opinion (true and fair view),70600000,Qiyuan High-tech Innovation Investment (Hong Kong) Limited; Everest Medicines Limited; Summit Capital Limited,0.4251,2026-12-24,1181.46,153832,6859084176,"Subscription level 1,181.46 times",2026-06-22,2026-06-23,58054400,5805600,52248800,0,0,,989300000,0.4374,331740350,0.1006,"Existing Shareholders 273,685,950 Shares (12-month PRC lock-up) and Cornerstone Investors 24,681,000 Shares (6-month lock-up) are excluded from the free float; denominator is the total issued share capital upon Listing (331,740,350 Shares).",331740350,-0.0633194,36,0.027,53886000000,36.9,1.02747,1085617280,34.02,37.1,32.2,11330500,0.19517,379187200,Mechanism B,FINI (from 22/11/2023); 2025-08-04 pricing reform (Mechanism A/B; six-month cornerstone lock-up retained); this IPO: Mechanism B,陕西麦科奥特医药科技股份有限公司,Active,34.3,-0.070461,0.884615,0.063235,0.042244,0.8743,0.8919,45809080,,,,,,,,,,,,,,18A (Biotech / B-tag),China International Capital Corporation / Sponsor-OC,2026-07-24,0,0,0.15,2026-07-18,0,0,-0.290514,-0.136471,0.346028,-0.009756,1.0132,-0.070461,0.8743,-0.391328,0.569,0.6163,2.40717e+07,0.0017488,0,0.133275,0.537744,2026-12-24,2027-06-24,,,,CICC,2,0,0.025,0.01,0.035,4,0,0,6,0,POST_FINI,POST_2025_REFORM
72,6106.HK,"Shanghai Seer Intelligent Technology Co., Ltd. - H Shares",2026-06-15,2026-06-24,China International Capital Corporation Hong Kong Securities Limited,Ernst & Young,,213309200,853216480,101.6,110497300,10497300,100000000,100000000,0,10497300,9972400,524900,101.6,101.6,0,0,Fixed price,RMB,282084000,343059000,509501000,108146000,97756000,148988000,173938000,245303000,360513000,249023000,339323000,441877000,-46984000,-41157000,-46797000,-47704000,-42308000,-47066000,0.025,0.025,0.15,"Intelligent robotics — robotic controllers, robots, software and accessories",Main Board of the Stock Exchange under Chapter 18C of the Listing Rules (Specialist Technology Company),2025-12-31,-27798000,153940000,79168000,0,0.154,1,1,1,1,1,1,1,"Zhuhai Yinshan Modern Logistics Industry Equity Investment Fund (Limited Partnership); Ningbo Meishan Bonded Port Area Huilidaoqin Investment Management Center (Limited Partnership); Ecovacs (Hainan) Investment Co., Ltd.; Tianjin Dehui Investment Management Partnership (Limited Partnership); Hangzhou Yuanqiao Zhixing Venture Capital Partnership Enterprise (Limited Partnership); Nanjing SAIF Equity Investment Fund (L.P.); Hangzhou Fuyang SAIF Yi’an Equity Investment Partnership (Limited Partnership); Hangzhou Xiaoshan Haolan Equity Investment Fund Partnership Enterprise (Limited Partnership); Nanjing SAIF Yulin Equity Investment Partnership Enterprise (Limited Partnership); Jiaxing Tengyuan Investment Partnership (Limited Partnership); Wuxi Liangxi Science and Technology City Hongtai Xinzhi Investment Partnership Enterprise (Limited Partnership)",0.4264,1,Series A,5.74,Individual (Mr. Zhao),0.4786,0.4786,141318000,Commercial Company (Chapter 18C): products commercialized and revenue-generating,0,Main Board,Ordinary Shares,0,0,0,1,701030,HSICS (Hang Seng Industry Classification System) 2026,2020-04-22,6.17,PRC,"40/F, Dah Sing Financial Centre, 248 Queen’s Road East, Wanchai, Hong Kong",1000,IFRS Accounting Standards,2023-01-01,2023-12-31,2024-01-01,2024-12-31,2025-01-01,441877000,-46797000,-47066000,2026-06-15,2026-06-18,110497300,209295000,4800000,Unqualified — true and fair view,71200000,"HHLRA (HHLR Advisors, Ltd.); Yuanbao Family Office; 3W Fund; GF Fund (GF Fund Management Co., Ltd. and GF International Investment Management Limited); Ruihua Investment; Zhonghe Capital (Splendid Zhonghe Investment); Yishao Capital; Nova Kerry Inc.",0.4334,2026-12-24,5934.56,222966,3115050544,"Subscription level 5,934.56 times",,2026-06-23,10497300,2099500,8397800,0,0,"1,574,600 Offer Shares reallocated from the International Offering to the Hong Kong Public Offering (claw-back) so that the Hong Kong Public Offering totals 2,099,500 Offer Shares (20% of the Offer Shares initially available under the Global Offering)",995400000,0.3924,110497300,,,,-0.0633194,36,0.027,53886000000,106,0.043307,46188120,101.6,140.5,101.6,6299740,0.60013,673166100,Mechanism A,FINI (from 22/11/2023); 2025-08-04 pricing reform (Mechanism A/B; six-month cornerstone lock-up retained); this IPO: Mechanism A,上海仙工智能科技股份有限公司,Active,59,-0.443396,-0.419291,0.063235,0.042244,0.5235,0.534,65131180,,,,,,,,,,,,,,18C (Specialist Tech),China International Capital Corporation / Sponsor-OC,2026-07-24,0,0,0.2,2026-06-24,0,0,-0.163545,0.133452,0.146343,-0.041509,0.9807,-0.443396,0.5235,-0.313208,0.6421,0.6954,3.64318e+07,0.00362074,0,0.0665895,0.672456,2026-12-24,2027-06-24,,,,CICC,2,0,0.025,0.01,0.035,4,0,0,6,0,POST_FINI,POST_2025_REFORM
73,1688.HK,LINGYI iTECH (GUANGDONG) COMPANY - H Shares,2026-06-17,2026-06-26,Guotai Junan Capital Limited,Rongcheng (Hong Kong) CPA Limited,,826425838,7437819101,10.18,8120010560,811811880,7308198680,7308198680,0,811811880,730630560,81181320,10.18,,0,0,Fixed price,RMB,45193486000,57900450000,,19848981000,24357948000,,25344505000,33542502000,,44259533000,51428944000,50571864000,2196375000,2733377000,1720436000,1760733000,2326825000,1603224000,,,0.15,High-precision intelligent manufacturing platform for electronic devices,Main Board - Chapter 19A of the Listing Rules (PRC issuer with other listed shares),2026-03-31,,,688637000,0,,1,0,0,0,0,0,0,,0,0,,,Individual (natural person) - Ms. Zeng Fangqin,0.5232,0.5232,14844113000,Commercialized - mass production,0,Main Board,H Shares,0,0,0,0,101025,HSICS (Hang Seng Industry Classification System) 2026,2008-09-04,17.81,PRC,"No. 8 Longwan Road, Pengjiang District, Jiangmen City, Guangdong Province, PRC",,IFRS Accounting Standards,2023-04-01,2024-03-31,2024-04-01,2025-03-31,2025-04-01,50571864000,1720436000,1603224000,2026-06-17,2026-06-23,811811880,1852431000,,Unqualified,112600000,GF Fund; Kaide Global Investment; Qube; Ti-Capital Funds; Value Partners; Hongxing International; MSIP; HK Greenwoods; 3W Fund; Deliante; Sunny Optical Capital; Honor; Jain Global; Seven Grand; Taikang Life; Da Cheng International; Everbright Wealth Management; GRANITE ASIA; Verition,0.385855,2026-12-26,96.16,162822,7806295200,Subscription level 96.16 times,,2026-06-25,811811880,81181320,730630560,0,0,"Claw-back triggered: N/A; no Offer Shares reallocated from the International Offering to the Hong Kong Public Offering (final Hong Kong Public Offering 81,181,320 equals the number initially available)",8151700000,0.1004,8085979360,0.0617,Free float denominator = total issued shares upon listing (col_CZ); numerator = offer shares minus cornerstone allocation,8085979360,-0.0460067,37,0.0285143,53886000000,9.687,-0.048428,-4.00223e+08,10.777,11.777,9.417,192052421,0.236573,2083431320,Mechanism B,FINI (from 22/11/2023); 2025-08-04 pricing reform (Mechanism A/B; six-month cornerstone lock-up retained); this IPO: Mechanism B,广东领益智造股份有限公司,Active,6.637,-0.314855,-0.348035,0.101067,0.087866,0.6223,0.6298,4.29762e+08,,,,,,,,,,,,,,Standard,China International Capital Corporation / Sponsor-OC,2026-07-26,0,0,0.15,2026-06-26,0,0,-0.020102,-0.084733,0.22884,0.08465,1.0531,-0.314855,0.6223,-0.377,0.5688,0.6054,1.93273e+08,0.000231734,0,0.0456229,0.506241,2026-12-26,2027-06-26,,,,CICC,2,0,0.025,0.01,0.035,4,0,0,6,0,POST_FINI,POST_2025_REFORM
74,1956.HK,"Beijing Zhongke WengeAI Science and Technology Co., Ltd. - H Shares",2026-06-17,2026-06-26,China International Capital Corporation Hong Kong Securities Limited,Ernst & Young,,180096900,801397820,60.7,173101207,14834600,158266607,158266607,0,14834600,14092800,741800,60.7,60.7,0,0,Fixed price,RMB,807147000,819938000,861611000,595516000,629557000,504096000,211631000,190381000,357515000,249693000,317769000,405316000,-259984000,-157302000,-167570000,-259786000,-157095000,-166263000,0.03,0.03,0.15,Enterprise AI technology and services (enterprise large model-driven decision intelligence),Chapter 18C of the Listing Rules (Specialist Technology Company),2025-12-31,-187995000,324621000,187545000,0,0.376,1,1,1,1,1,1,,Zhongzi Investment; SCGC; CDBC MTU Fund; AI Fund; China Internet Investment; Hengbang Zhiyuan No.5; Infotech; Shenbao Yiben; Hongtu Tech; Zhongke Chuangxing-I; Zhongke Chuangxing-II; Zhongke Lianchuang; Hengbang Zhiyuan No.20; Hengbang Zhiyuan No.23; Hengbang Growth No.5; Hengbang Growth No.10; Jinke Huisheng; Fuzhou Youbang; CASFoF; Xinding Jinwu; Xinding Xinsan; CCTV Integrated Media; ZGC Science City; Daye Shengde; Modern Industry Fund; Ruide Huihuang; Lanhai Fangzhou; Guoke Dacheng; Guoke Xinxing; GQC Ruisheng; Zhongzi Innovation; Guoke Dingzhi; Fenghou Zhiyuan; Liaoning Xinxing; Shengrunda; Beijing Wendan; Yuxin Digitech; Xiyue Xinmei,0.6312,0,Series A Financing (2018),8.12,Natural persons acting in concert,0.2803,0.2803,87919000,Early stage of commercialization,0,Main Board,H Shares,0,0,0,1,702015,HSICS (Hang Seng Industry Classification System) 2026,2017-03-20,9.27,PRC,"Room 717, 7th Floor, Building 9, North 4th Ring Road West, Haidian District, Beijing, China",1000,IFRS,2023-01-01,2023-12-31,2024-01-01,2024-12-31,2025-01-01,405316000,-167570000,-166263000,2026-06-17,2026-06-23,173101207,207657000,3435000,Unqualified,73600000,"China Orient Enhanced Income Fund; Harvest Global Investments Limited; First Seafront Asset Management Limited; Guohui (HK) Holdings Co., Limited; Huatai Capital Investment Limited; CMBC International Investment (HK) Limited",0.2697,2026-12-26,5966.78,195072,4426156200,"Subscription level 5,966.78 times",,2026-06-25,14834600,2967000,11867600,1335000,0.599949,"Reallocation (claw-back) of 2,225,200 Offer Shares from the International Offering to the Hong Kong Public Offering; final number of Offer Shares under the Hong Kong Public Offering adjusted to 2,967,000, representing approximately 20% of the Global Offering",826900000,0.7197,173101207,0.0626,Free float denominator = total issued shares upon listing (col_CZ); numerator = offer shares minus cornerstone allocation,173101207,-0.0460067,37,0.0285143,53886000000,111.7,0.840198,756564600,110,125,105,6313076,0.425564,712772100,Mechanism A,FINI (from 22/11/2023); 2025-08-04 pricing reform (Mechanism A/B; six-month cornerstone lock-up retained); this IPO: Mechanism A,北京中科闻歌科技股份有限公司,Active,67.85,-0.392569,0.117792,0.101067,0.087866,0.5517,0.5584,66568305,,,,,,,,,,,,,,18C (Specialist Tech),"China International Capital Corporation Hong Kong Securities 
Limited",2026-07-23,0,1335000,0.15,2026-07-23,1335000,1,-0.217221,0.241176,0.231646,-0.203671,0.7732,-0.392569,0.5517,-0.328111,0.6134,0.6529,3.48493e+07,0.00319595,0,0.126861,0.52,2026-12-26,2027-06-26,,,,CICC,2,0,0.025,0.01,0.035,4,0,0,6,0,POST_FINI,POST_2025_REFORM
75,2272.HK,KEYTOP PARKING INC. - H Shares,2026-06-17,2026-06-26,"China International Capital Corporation Hong Kong Securities Limited /
CMBC International Capital Limited",KPMG,,39994542,359946132,39.55,101122609,10112280,91010329,91010329,0,10112280,9101040,1011240,39.55,39.55,0,0,Fixed price,RMB,1188690000,1338749000,1425994000,844443000,916709000,1007586000,344247000,422040000,418408000,738015000,799511000,830615000,102229000,98900000,107974000,87030000,86709000,93678000,0.03,0.03,0.15,"Smart parking space operation (smart parking systems, smart parking management services, and parking facility and platform operations)","Main Board of the Stock Exchange (H Shares of a PRC issuer, Chapter 19A)",2025-12-31,144037000,190675000,44346000,0,0.105,1,1,1,1,1,,1,"Jiatuo Tiancheng Group (Mr. Peng Jianhu); Tencent Investors (Linzhi Lixin, Suzhou Paiyi); Zhengzhi Investment; Hongtai Zhiying; Yu Sheng; Xiamen Suming; Fulv Century; Yu Yunhui",,1,Equity Subscriptions in 2011,15.17,Individual (co-founders under joint control arrangements),0.4828,0.4828,122869000,Commercialized (mass commercialization),0,Main Board,H Shares,0,0,0,0,702015,HSICS (Hang Seng Industry Classification System) 2026,2006-06-27,20,PRC,"Xiamen, Fujian, PRC",1000,IFRSs,2023-01-01,2023-12-31,2024-01-01,2024-12-31,2025-01-01,830615000,107974000,93678000,2026-06-17,2026-06-23,98265569,385209000,120400000,Unqualified (true and fair view),60000000,,0,,2115.21,165737,2138980680,"Subscription level 2,115.21 times",,2026-06-25,10112280,1011240,9101040,0,0,"No claw-back triggered (Claw-back triggered: N/A); no Offer Shares reallocated from the International Offering to the Hong Kong Public Offering (0); final Hong Kong Public Offering remains 1,011,240 H Shares, being 10% of the Global Offering",339900000,0.4133,101122609,0.1,"Free float denominator = total number of issued Shares upon Listing (101,122,609); numerator = Global Offering H Shares (10,112,280) minus cornerstone allocation (none). H Shares held by all existing Shareholders converted from Domestic Shares are subject to a 12-month PRC lock-up and are excluded from the free float.",101122609,-0.0460067,37,0.0285143,53886000000,120.2,2.03919,815555382,110.1,122.8,110.1,2027040,0.200453,230830000,Mechanism B,FINI (from 22/11/2023); 2025-08-04 pricing reform (Mechanism A/B; six-month cornerstone lock-up retained); this IPO: Mechanism B,厦门科拓通讯技术股份有限公司,Active,113.3,-0.057404,1.86473,0.101067,0.087866,0.8561,0.8665,22264910,,,,,,,,,,,,,,Standard,China International Capital Corporation / Sponsor-OC,2026-07-26,0,0,0.15,2026-06-26,0,0,-0.013526,0.076923,0.446726,-0.049085,0.9233,-0.057404,0.8561,-0.374376,0.5712,0.608,1.33887e+07,0.00379648,0,0.260455,0.426667,2026-12-26,2027-06-26,,,,CICC,2,0,0.025,0.01,0.035,4,0,0,6,0,POST_FINI,POST_2025_REFORM
77,3661.HK,SG Micro Corp - H Shares,2026-06-17,2026-06-26,"China International Capital Corporation Hong Kong Securities Limited / 
Huatai Financial Holdings (Hong Kong) Limited",Ernst & Young,,460097040,4830933720,85.2,675015824,54001200,621014624,621014624,0,54001200,48601000,5400200,85.2,,0,0,Fixed price,RMB,5771119000,6954150000,7187023000,4599260000,5327106000,5501334000,1171859000,1627044000,1685689000,3346983000,3898055000,4392524000,484783000,549890000,497784000,491162000,534375000,491072000,0.007,0.007,0.15,"Analog integrated circuit (IC) design, development and sales","Chapter 19A (PRC issuer with other listed shares), Main Board",2026-03-31,45441000,1183697000,293594000,0,,1,0,0,0,0,0,0,,0,0,,,Natural person,0.3282,0.3282,565123000,Commercialized (products in mass production and revenue-generating),0,Main Board,H Shares,0,0,0,0,703010,HSICS (Hang Seng Industry Classification System) 2026,2007-01-26,19.41,PRC,"4-1106, 11/F, No. 87 West Third Ring Road North, Haidian District, Beijing, PRC",1000,IFRS,2023-04-01,2024-03-31,2024-04-01,2025-03-31,2025-04-01,4392524000,497784000,491072000,2026-06-17,2026-06-23,54001200,497802000,96542000,Unqualified (true and fair view),101000000,GIC Private Limited; JPMAMAPL; CPE Ginkgo; Da Cheng International; Dajia Life; DAMSIMF; First Sentier Investors; GF Fund Management; GF Fund HK; Golden Continent; HGI; HHLRA; HHLRA (as the investment manager of an SMA managed for CPP Investments); Huadeng Technology; Huaqin Singapore; Sungrow Power; ICBC Wealth; iSoftStone HK; LMR Master Fund; Millennium Capital; Ninety One Asia; Ocean Fine Industrial; PSBC Wealth; Taikang Life; Value Partners Hong Kong Limited; Value Partners Limited,0.4989,2026-12-26,251.73,153878,1359388100,Subscription level 251.73 times,,2026-06-25,54001200,5400200,48601000,8100100,1,"No clawback / reallocation: Claw-back triggered N/A; the final number of Offer Shares under the Hong Kong Public Offering (5,400,200) equals the number initially available and represents 10% of the Global Offering.",4499900000,0.08,675015824,0.0401,"Free float denominator = total issued Shares upon Listing (before exercise of the Over-allotment Option) = 675,015,824; H Shares held by the Cornerstone Investors upon Listing (six-month lock-up) are excluded from free float, so numerator = Offer Shares − cornerstone allocation.",675015824,-0.0460067,37,0.0285143,53886000000,125.3,0.470657,2165448120,105.1,133,102.7,19937780,0.36921,2141662100,Mechanism B,FINI (from 22/11/2023); 2025-08-04 pricing reform (Mechanism A/B; six-month cornerstone lock-up retained); this IPO: Mechanism B,圣邦微电子（北京）股份有限公司,Active,89.5,-0.285714,0.050469,0.101067,0.087866,0.6487,0.6566,212177840,,,,,,,,,,,,,,Standard,"China International Capital Corporation Hong Kong 
Securities Limited",2026-07-23,0,8100100,0.15,2026-07-23,8100100,1,-0.227723,-0.02381,0.488008,-0.042298,0.9299,-0.285714,0.6487,-0.245411,0.6889,0.7333,1.14201e+08,0.000811437,0,0.0773196,0.451862,2026-12-26,2027-06-26,,,,CICC,2,0,0.025,0.01,0.035,4,0,0,6,0,POST_FINI,POST_2025_REFORM
78,6228.HK,PT MERDEKA GOLD RESOURCES Tbk- DRS,2026-06-17,2026-06-26,"UBS Securities Hong Kong Limited  /
CITIC Securities (Hong Kong) Limited",BDO Limited,,238519540,2227502620,26.6,14731366060,896686000,14731366060,13834680060,896686000,0,807017000,89669000,26.6,,0,0,Fixed price,USD,328651000,529721000,740638000,155196000,273038000,380939000,173455000,256683000,359699000,1394000,1750000,132000,-10131000,-14934000,-25392000,-6837000,-12700000,-27494000,0.015,0.015,0.15,Gold mining and mineral processing,Chapter 19C secondary listing; also Chapters 18 and 19B,2025-12-31,-21714000,45308000,,0,1,1,0,0,0,0,0,0,,0,0,,,Corporate,0.6333,0.6333,289597000,Early commercialization (first gold production in February 2026),0,Main Board,Ordinary shares,0,0,0,0,051010,HSICS (Hang Seng Industry Classification System) 2026,2015-11-20,10.6,,"Treasury Tower, 67th Floor, District 8 SCBD Lot. 28, Jalan Jenderal Sudirman Kav. 52-53, South Jakarta 12190, Indonesia",1000,IFRS,2023-01-01,2023-12-31,2024-01-01,2024-12-31,2025-01-01,132000,-25392000,-27494000,2026-06-17,2026-06-23,896686000,-146000,152121000,Unqualified (true and fair view),14900000,"Ping An of China Asset Management (Hong Kong) Company Limited; Wanguo Gold Group Limited; Glencore International AG; Mercuria Holdings (Singapore) Pte. Ltd.; Trafigura Pte. Ltd.; Intera Mining Investment Limited; GF Fund Management Co., Ltd.; GF International Investment Management Limited; CNGR Hong Kong Material Science & Technology Co., Limited; Eurus Holdings SPC (for OAAM Diversified Opportunities III S.P.); Wind Sabre Fund SPC (for Wind Sabre Opportunities Fund SP); Dymon Asia Multi-Strategy Investment Master Fund",0.4994,2026-12-26,4.42,22329,39645800,Subscription level 4.42 times,2026-06-24,2026-06-25,896686000,89669000,807017000,3039000,0.022594,"No clawback triggered; no Offer HDRs reallocated from the International Offering (N/A); final HK Public Offering HDRs 8,966,900, being 10.00% of the Global Offering.",2268710000,,14731366060,0.0305,Free float denominator = total issued shares upon listing (col_CZ); numerator = offer shares minus cornerstone allocation,14731366060,-0.0460067,37,0.0285143,53886000000,24.86,-0.065414,-1560233640,26.6,26.8,23.92,24440190,0.027256,624122800,Mechanism B,FINI (from 22/11/2023); 2025-08-04 pricing reform (Mechanism A/B; six-month cornerstone lock-up retained); this IPO: Mechanism B,,Active,26,0.045857,-0.022556,0.101067,0.087866,0.9499,0.9614,51670090,,,,,,,,,,,,,,Standard,CLSA Limited,2026-07-23,1,0,0.15,2026-07-23,0,0.5,0.108871,0.429257,0.495213,0.04827,1.0178,0.045857,0.9499,0.378117,1.2581,1.3393,3.5141e+07,0.00100703,0,0.0359343,0.215969,2026-12-26,2027-06-26,,,,CICC,2,0,0.025,0.01,0.035,4,0,0,6,0,POST_FINI,POST_2025_REFORM
76,9630.HK,"Circuit Fabology Microelectronics Equipment Co., Ltd. - H Shares",2026-06-17,2026-06-26,China International Capital Corporation Hong Kong Securities Limited,Ernst & Young,,324480047,3406926765,252.73,144579366,12838650,131740716,131740716,0,12838650,11554750,1283900,252.73,240.09,0.025648,0.051297,At high,RMB,2788843000,3116656000,3412358000,2062602000,2308372000,2418880000,726241000,808284000,993478000,953943000,1408121000,2058888000,171068000,329717000,491840000,160695000,289932000,433572000,0.012,0.012,0.15,"PCB direct imaging equipment and semiconductor direct-writing lithography equipment (R&D, manufacturing, sales and maintenance)",Main Board of the Stock Exchange - Chapter 19A of the Listing Rules (PRC issuer with other listed shares),2026-03-31,164561000,529150000,36023000,0,,1,0,0,0,0,0,0,,0,0,,,自然人,0.311,0.311,5849000,Commercialized (mass production and sales),0,Main Board,H Shares,0,0,0,0,101020,HSICS (Hang Seng Industry Classification System) 2026,2015-06-30,10.99,PRC,"Hefei, Anhui Province, PRC",1000000,IFRS Accounting Standards,2023-04-01,2024-03-31,2024-04-01,2025-03-31,2025-04-01,2058888000,491840000,433572000,2026-06-17,2026-06-23,12838650,207206000,29041000,Unqualified opinion,90270000,Hefei Jianhui; Xinyao Investment; Nexchip Semiconductor HK; JPMAMAPL; Victory Giant HK; CPE Chestnut; Lion Global; CICC FT (in connection with Greenwoods OTC Swaps); HHLR; Huadeng Victorious; Montage HK; Yonglian Investment; Monterey Park; Bosera International; China Universal (HK); Fullgoal HK and Fullgoal Fund; GF Fund; Ocean Fine Industrial; Sungrow Power HK,0.4998,2026-12-26,1007.22,207986,1293166900,"Subscription level 1,007.22 times",2026-06-24,2026-06-25,12838650,1283900,11554750,1925750,1,Reallocation N/A; 0 Offer Shares reallocated from the International Offering (no clawback),3153100000,0.0888,144579366,0.0444,Free float denominator = total issued shares upon listing (col_CZ); numerator = offer shares minus cornerstone allocation,144579366,-0.0460067,37,0.0285143,53886000000,515,1.03775,3.36719e+09,439,525.5,410.2,5849888,0.455647,2625652500,Mechanism B,FINI (from 22/11/2023); 2025-08-04 pricing reform (Mechanism A/B; six-month cornerstone lock-up retained); this IPO: Mechanism B,合肥芯碁微电子装备股份有限公司,Active,281.4,-0.453592,0.113441,0.101067,0.087866,0.4963,0.5023,269771705,,,,,,,,,,,,,,Standard,China International Capital Corporation / Sponsor-OC,2026-07-26,0,0,0.15,2026-07-26,1925750,1,-0.166229,-0.010125,0.976154,-0.115728,0.8586,-0.453592,0.4963,-0.29165,0.6467,0.6884,2.30271e+08,0.000444281,0,0.156471,0.587387,2026-12-26,2027-06-26,,,,CICC,2,0,0.025,0.01,0.035,4,0,0,6,0,POST_FINI,POST_2025_REFORM
79,1191.HK,"Crealights Technology Co., Ltd. - H Shares",2026-06-18,2026-06-29,Huatai Financial Holdings (Hong Kong) Limited,Ernst & Young,,153119100,1607747700,114,89542045,13431500,76110545,76110545,0,13431500,12088350,1343150,114,114,0,0,Fixed price,RMB,437124000,1011864000,1830013000,160724000,211663000,585747000,276400000,800201000,1244266000,175338000,861832000,1221063000,-108564000,-17738000,-100138000,-108564000,-17895000,-100138000,0.03,0.03,0.15,"Optoelectronic interconnection products (optical transceivers, AOC and others) for AI data centers",Main Board — Rule 8.05(3) market capitalisation/revenue test,2025-12-31,-359097000,334040000,104267000,0,0.787,1,1,1,1,1,1,1,Suzhou Ronglian VC; Suzhou Huiqi; Jusheng VC; Jingu Yuanxin; Suzhou Xieli VC; Suzhou Junshixieli; Junding Xieli; Jiangsu Gaotou Bondshine; Suzhou Bangsheng Yingxin; Bangsheng Juyuan; Wuxi Yuli; Suzhou Wide Band-Aid; Yuanhe; Suzhou Qina; Tianjin TEDA; Jiangsu Bohua; Beijing InfoDev Fund; Beijing ETDA Upgrade Fund II; Alibaba China; Xiaomi Zhizao; Beijing Haiju; Shanghai Handuo; Yiwu Huaxinyuanjing; Jiaxing Gaohe; Suzhou Yinji; Zhongtian Technology; Jinyuan Huifu; Juyuan Casting; Jiang Wenhao; Zhong Junqi,0.6705,1,Series Angel Financing,14.09,Natural person (founder); no single controlling shareholder — single largest group of Shareholders,0.1795,0.1795,852130000,Mass production and commercialization stage (400G and 800G SiPh optical transceivers in mass production and delivery),0,Main Board,H Shares,0,0,0,0,101025,HSICS (Hang Seng Industry Classification System) 2026,2011-11-01,14.66,PRC,"Room 101, 1/F, Building 3, Compound No. 10, Liangshuihe 1st Street, Beijing Economic-Technological Development Area, Beijing, PRC",1000,IFRS Accounting Standards,2023-01-01,2023-12-31,2024-01-01,2024-12-31,2025-01-01,1221063000,-100138000,-100138000,2026-06-18,2026-06-24,89542045,109756000,124152000,Unqualified opinion (true and fair view),116000000,"JSC International Investment Fund SPC (acting for and on behalf of Jingxin SP); Winwin Technology Investment Co., Limited; Kingsoft Cloud Network Corporation Limited; UBS Asset Management (Singapore) Ltd.; Perseverance Asset Management International (Singapore) Pte. Ltd.; E Fund Management Co., Ltd. and E Fund Management (Hong Kong) Co., Ltd.",0.498541,2026-12-29,1296.89,185373,1741912550,"Subscription level 1,296.89 times",,2026-06-26,13431500,1343150,12088350,2014700,1,"Claw-back triggered: N/A; No. of Offer Shares reallocated from the International Offering (claw-back): N/A; final HK public offer 1,343,150 shares (10.00%) unchanged.",1415320000,0.5098,89542045,0.0752,"Free float denominator = number of issued Shares upon Listing before exercise of the Over-allotment Option (col_CZ = 89,542,045); numerator = Offer Shares under the Global Offering (13,431,500) minus cornerstone allocation (6,696,150) = 6,735,350 H Shares.",89542045,-0.0575897,38,0.0295905,53885000000,165,0.447368,685006500,199.9,213,150,5151277,0.383522,988152290,Mechanism B,FINI (from 22/11/2023); 2025-08-04 pricing reform (Mechanism A/B; six-month cornerstone lock-up retained); this IPO: Mechanism B,北京海光芯正科技股份有限公司,Active,81,-0.509091,-0.289474,0.094695,0.070348,0.4484,0.4586,137889973,,,,,,,,,,,,,,Standard,China International Capital Corporation / Sponsor-OC,2026-07-29,0,0,0.15,2026-07-08,2014700,1,-0.047053,0.589474,0.23569,0.130909,1.1027,-0.509091,0.4484,0.019394,0.948,1.0268,1.43766e+08,0.0019471,0,0.12167,0.711521,2026-12-29,2027-06-29,,,,CICC,2,0,0.025,0.01,0.035,4,0,0,6,0,POST_FINI,POST_2025_REFORM
80,2672.HK,"Baige Online Digital Technology Co., Ltd. - H Shares",2026-06-18,2026-06-29,"CMBC International Capital Limited / 
BOCI Asia Limited",RSM Hong Kong,,52019760,468152880,15.6,320620632,33344400,287276232,287276232,0,33344400,30009800,3334600,20.28,15.6,-0.130435,0.26087,At low,RMB,186439000,235433000,249480000,-8705000,-18746000,-47830000,195144000,254179000,297310000,659902000,914181000,1227123000,-17295000,-27377000,-46738000,-17180000,-27712000,-46669000,0.025,0.025,0.15,InsurTech; technology-empowered insurance intermediary services,Main Board — Rule 8.05(3) market capitalisation/revenue test (Chapter 8),2025-12-31,20139000,94031000,35102000,0,0.559,1,1,1,1,1,1,,Xiamen Huicheng; New Hope; Xiamen Meitong Luqi; Mr. Lin Baojie; Jiaxing Mianmiao; Prolight; Fujian Yongchun; Minyin Sci-Tech,0.2248,1,Angel investment,7.98,Founder-controlled (individual),0.498,0.498,115207000,Early commercialization stage,,Main Board,H Shares,0,0,0,0,502010,HSICS (Hang Seng Industry Classification System) 2026,2015-04-17,11.2,PRC,"Room 2402, No.491 Gaolin Middle Road, Huli District, Xiamen, Fujian Province, PRC",1000,HKFRS,2023-01-01,2023-12-31,2024-01-01,2024-12-31,2025-01-01,1227123000,-46738000,-46669000,2026-06-18,2026-06-24,150963472,102798000,4200000,Unqualified opinion (true and fair view),57500000,GLY New Mobility 2. LP; Mr. Ke Jiaqi,0.0384,2026-12-29,242.05,44599,807145000,Subscription level 242.05 times,,2026-06-26,33344400,3334600,30009800,0,0,Claw-back triggered N/A,465790457,0.2569,320620632,0.1,Free float denominator = total issued shares upon listing (col_CZ); numerator = offer shares minus cornerstone allocation,320620632,-0.0575897,38,0.0295905,53885000000,73,3.67949,1913968560,61.1,73.6,60.1,6080000,0.182339,387403700,Mechanism B,FINI (from 22/11/2023); 2025-08-04 pricing reform (Mechanism A/B; six-month cornerstone lock-up retained); this IPO: Mechanism B,白鸽在线（厦门）数字科技股份有限公司,Active,61.95,-0.15137,2.97115,0.094695,0.070348,0.7752,0.7929,33305320,,,,,,,,,,,,,,Standard,China International Capital Corporation / Sponsor-OC,2026-07-29,0,0,0.15,2026-06-18,0,0,0.117164,0.021044,0.622453,-0.174658,0.8047,-0.15137,0.7752,-0.171918,0.7701,0.8341,4.6338e+07,0.00231844,0,0.470651,0.596709,2026-12-29,2027-06-29,,,,CICC,2,0,0.025,0.01,0.035,4,0,0,6,0,POST_FINI,POST_2025_REFORM
81,9637.HK,Alebund Pharmaceuticals (Jiangsu) Limited - B - H Shares,2026-06-18,2026-06-29,"Jefferies Hong Kong Limited /
Merrill Lynch (Asia Pacific) Limited /
Huatai Financial Holdings (Hong Kong) Limited",Ernst & Young,AVISTA Valuation Advisory Limited,128268560,1346804060,22.6,339852231,56755400,283096831,283096831,0,56755400,51079800,5675600,22.6,22.6,0,0,Fixed price,RMB,,1109140000,1339932000,,-1341193000,503243000,,2450333000,836689000,,6525000,30556000,,-335130000,-751819000,,-335130000,-751819000,0.03,0.03,0.15,"Biopharmaceutical - development, manufacturing and commercialization of renal therapies and products",Chapter 18A of the Listing Rules (biotech company),2025-12-31,-287888000,358325000,372574000,0,1,1,1,1,1,1,1,1,Tencent; Guojin Group; LAV USD; Quan Capital; Loyal Valley Capital; Shanghai Liyi; GIC; 3H; 3E; Dezhou Liangyi; Huagai Capital; Beijing New Dynamic II; Sherpa; Octagon; Morningside Venture,0.754982,1,May 2018 Investment,7.3,Individual founder (acting-in-concert group led by Dr. Gavin Xia),0.2041,0.2041,549420000,Clinical-stage biopharmaceutical company with one commercialized product; product candidates in clinical and preclinical stages,0,Main Board,H Shares,0,0,1,0,281010,HSICS (Hang Seng Industry Classification System) 2026,2021-05-20,5.11,PRC,"Building 7, No. 7 Jinzhuang Road, Hanjiang District, Yangzhou City, Jiangsu Province, PRC",1000,IFRS Accounting Standards,2023-01-01,2023-12-31,2024-01-01,2024-12-31,2025-01-01,30556000,-751819000,-751819000,2026-06-18,2026-06-24,227122189,13446000,101622000,Unqualified opinion - true and fair view,101900000,"GIC Private Limited; Loomis, Sayles & Company, L.P.; Loomis Sayles Trust Company, LLC; RTW Master Fund, Ltd.; RTW Innovation Master Fund, Ltd.; RTW Biotech Opportunities Ltd.; SymBiosis II, LLC; Huang River Investment Limited; Perfect Ten Holding Limited; Cormorant Global Healthcare Master Fund, LP; Dymon Asia Multi-Strategy Investment Master Fund; GF Fund Management Co., Ltd.; GF International Investment Management Limited; China Universal Asset Management (Hong Kong) Company Limited; E Fund Management Co., Ltd.; E Fund Management (Hong Kong) Co., Ltd.; Golden Valley Value Select Master Fund; Golden Valley Global Limited; Loyal Valley Capital Advantage Fund III LP",0.4978,2026-12-29,963.56,145729,5468766300,Subscription level 963.56 times,,2026-06-26,56755400,5675600,51079800,8513300,1,"No claw-back: claw-back not triggered and no Offer Shares reallocated from the International Offering to the Hong Kong Public Offering (N/A); final Hong Kong Public Offering remains 5,675,600 H Shares, being 10.00% of the Global Offering.",1180800000,0.5226,339852231,0.0839,"Free float denominator = total issued Shares of the Company upon Listing (339,852,231 Shares, before exercise of the Over-allotment Option); numerator = H Shares held by the public and not subject to disposal restrictions (approximately HK$644.1 million in value).",339852231,-0.0575897,38,0.0295905,53885000000,46,1.0354,1328076360,42,46,40.5,12782400,0.225219,549438600,Mechanism B,FINI (from 22/11/2023); 2025-08-04 pricing reform (Mechanism A/B; six-month cornerstone lock-up retained); this IPO: Mechanism B,礼邦医药(江苏)股份有限公司,Active,29.14,-0.366522,0.289381,0.094695,0.070348,0.5787,0.5918,56524435,,,,,,,,,,,,,,18A (Biotech / B-tag),Jefferies Hong Kong Limited,2026-07-24,0,8513300,0.15,2026-07-24,8513300,1,-0.025751,0.145228,0.194102,-0.368696,0.6155,-0.366522,0.5787,-0.436957,0.5236,0.5672,3.00397e+07,0.00286579,0,0.152583,0.508757,2026-12-29,2027-06-29,,,,CICC,2,0,0.025,0.01,0.035,4,0,0,6,0,POST_FINI,POST_2025_REFORM
82,2697.HK,"Guangdong True Health Medical Technology Development Co., Ltd. - B - H Shares",2026-06-22,2026-06-30,"China International Capital Corporation Hong Kong Securities Limited /
DBS Asia Capital Limited",Ernst & Young,,44987776,404877364,126.2,35647003,3564700,32082303,32082303,0,3564700,3208220,356480,135.4,119.3,-0.00903,0.126423,Within range,RMB,,155375000,280824000,,125450000,239566000,,29925000,41258000,,1791000,12178000,,-92153000,-90112000,,-92156000,-90113000,0.035,0.035,0.15,Medical devices - percutaneous puncture and ablation surgical robots,Chapter 18A of the Listing Rules (biotechnology company),2025-12-31,-91895000,182394000,56874000,0,0.964,1,1,1,1,,1,,Shuimu Dongfang; Huitai Dongfang; Jinke Junlian; Yarui Heyi; Beijing Jingantai; Lide Gongchuang; Junhe Hongrui; X Technology; Novel Robotics; Gaorong Phase IV; Kangyong Investment; Shuimu Linghang; JingDe (Guangzhou); KIP (ZhangJiaGang); Zhongguancun Zhiyou; Jinke Huiyu; Hengqin Golden Investment; Deruida Wealth; Beijing New Energy; Hengqin Xinti; Dongsheng Bozhan; Shenzhen Ruisheng; Huajin Lingyue; Ligao No. 2; Qingdao Rongyu; CICC Qihe; Hengqin Industrial; Dongrong No. 1; Taiping Medical Investment Fund; Hengqin Shenhe Industrial Investment; Guangdong-Macao Investment,0.4888,1,January 2021 Capital Increase,5.45,Individual (Ms. Cheong),0.4196,0.4196,9058000,Commercialization (early stage),0,Main Board,H Shares,0,0,1,0,282010,HSICS (Hang Seng Industry Classification System) 2026,2018-03-16,8.29,PRC,"Room 101, 1/F, Building 9, 1889 Huandao East Road, Hengqin New District, Zhuhai, Guangdong Province, PRC",1000,IFRS,2023-01-01,2023-12-31,2024-01-01,2024-12-31,2025-01-01,12178000,-90112000,-90113000,2026-06-22,2026-06-25,35647003,9294000,3264000,Unqualified (true and fair view),66100000,,0,,1790.4,128208,638236940,"Subscription level 1,790.4 times",2026-06-26,2026-06-29,3564700,356480,3208220,0,0,Reallocation N/A; No. of Offer Shares allocated from the International Offering: 0,384000000,0.4266,35647003,0.1,Free float denominator = total issued shares upon listing (col_CZ); numerator = offer shares minus cornerstone allocation,35647003,-0.0672995,35,0.0294452,53885000000,400,2.16957,976014860,327.2,424.8,326.4,911040,0.255573,319762900,,FINI (from 22/11/2023); 2025-08-04 pricing reform (Mechanism A/B; six-month cornerstone lock-up retained),广东真健康医疗科技开发股份有限公司,Active,594,0.485,3.70682,0.106194,0.057774,1.3424,1.4039,46131960,,,,,,,,,,,,,,18A (Biotech / B-tag),China International Capital Corporation / Sponsor-OC,2026-07-30,0,0,0.15,2026-06-30,0,0,0.269565,0.252093,0.473263,-0.057,0.9183,0.485,1.3424,,,,,0.00335998,0,0.298823,0.705418,2026-12-30,2027-06-30,,,,CICC,2,0,0.025,0.01,0.035,4,0,0,6,0,POST_FINI,POST_2025_REFORM
84,3952.HK,"Zhejiang Laifual Drive Co., Ltd. - H Shares",2026-06-22,2026-06-30,CMB International Capital Limited,KPMG,,229858200,982386450,85.5,103398787,13441900,89956887,89956887,0,13441900,12769800,672100,85.5,77,0.052308,0.104615,At high,RMB,478012000,497016000,722044000,-501942000,-670718000,-820631000,979954000,1167734000,1542675000,94545000,107714000,260867000,-168785000,-168776000,-170609000,-168785000,-168776000,-170609000,0.03,0.03,0.15,"Robotic precision transmission core components (harmonic reducers, joint modules, robotic arms, automated workstations)",Chapter 18C of the Listing Rules (Specialist Technology Company),2025-12-31,-63411000,33753000,49231000,0,0.423,1,1,1,1,1,1,1,Zhuji Rushan Huian Venture Capital Partnership (L.P.); Beta Achieve; Suzhou Sushang Joint Venture Capital Partnership (L.P.); Guozhong SME Fund; Haian Huijun Jincai Phase I Industrial Investment Partnership Enterprise (L.P.); China Electronics CICC (Xiamen) Intelligent Industry Equity Investment Fund Partnership (L.P.); Lenovo Fund; Redview Capital Investment XIV Limited; CDBC Fund; Shanghai Hongyu Aviation Industry Equity Investment Partnership (L.P.); Tianjin Haihe Furui Equity Investment Fund Partnership (L.P.); Hangzhou Runxin Dianjing Equity Investment Partnership (L.P.),,1,Series A,8.91,Individual,0.2842,0.2842,1404927000,Commercial Company,0,Main Board,H Shares,0,0,0,1,101020,HSICS (Hang Seng Industry Classification System) 2026,2013-11-26,12.59,PRC,"Industrial Park, Ganlin Town, Shengzhou City, Zhejiang, PRC",1000,IFRS Accounting Standards,2023-01-01,2023-12-31,2024-01-01,2024-12-31,2025-01-01,260867000,-170609000,-170609000,2026-06-22,2026-06-25,103398787,66863000,117700000,Unqualified,88800000,"OAKTREE CAPITAL MANAGEMENT, L.P.; Alphahill Capital Limited; HARVEST GLOBAL INVESTMENTS LIMITED; CDH Global Frontier Ventures Limited; E Fund Management Co., Ltd/E FUND MANAGEMENT (HONG KONG) CO., LIMITED; Eurus Holdings SPC; LBC HK Opportunity Fund Limited; Dream'ee (Hong Kong) Open-ended Fund Company; Factorial Master Fund; Oasis Investments II Master Fund Ltd.",0.3752,2026-12-30,4571.99,182737,3072834479,"Subscription level 4,571.99 times",2026-06-26,2026-06-29,13441900,2688400,10753500,736400,0.365226,"Claw-back triggered Yes; No. of Offer Shares reallocated from International Offering (claw-back) 2,016,300; Final HK Public Offering 2,688,400 (20%)",1073100000,0.7157,103398787,0.0812,Free float denominator = total issued shares upon listing (col_CZ); numerator = offer shares minus cornerstone allocation,103398787,-0.0672995,35,0.0294452,53885000000,73,-0.146199,-168023750,88.2,98.6,73,10394900,0.773321,948044000,Mechanism A,FINI (from 22/11/2023); 2025-08-04 pricing reform (Mechanism A/B; six-month cornerstone lock-up retained); this IPO: Mechanism A,浙江来福谐波传动股份有限公司,Active,60.05,-0.177397,-0.297661,0.106194,0.057774,0.7436,0.7777,140347120,,,,,,,,,,,,,,18C (Specialist Tech),CMB International Securities Limited,2026-07-25,1,2016200,0.15,2026-07-25,736400,0.3652,-0.057632,-0.148748,0.105418,0.493151,1.454,-0.177397,0.7436,,,,,0.00407429,0,0.0890915,0.61689,2026-12-30,2027-06-30,,,,CICC,2,0,0.025,0.01,0.035,4,0,0,6,0,POST_FINI,POST_2025_REFORM
85,6715.HK,"Hangzhou Qiandaohu Xunlong Sci-tech Co., Ltd. - H Shares",2026-06-22,2026-06-30,"CITIC Securities (Hong Kong) Limited /
China Securities (International) Corporate Finance Company Limited",PricewaterhouseCoopers,,123314150,1109819800,75.5,108885600,16332900,92552700,92552700,0,16332900,14699600,1633300,75.5,75.5,0,0,Fixed price,RMB,2030547000,2344494000,3038441000,1502552000,1836747000,2103608000,527995000,507747000,934833000,577241000,669293000,769006000,331834000,397599000,434430000,272899000,324124000,365029000,0.025,0.025,0.15,Sturgeon aquaculture and caviar production,Main Board,2025-12-31,270341000,783613000,28200000,0,0.38,1,1,1,1,1,1,,Yuansheng Jiahao; Fengshi Hechuang,0.0216,1,2010 Capital Increase and Share Allotment (Zixing Liangmei),15.7,Individual (natural person),0.2944,0.2944,415653000,Commercialized,0,Main Board,H Shares,0,0,0,0,251010,HSICS (Hang Seng Industry Classification System) 2026,2003-04-18,23.2,PRC,"Quzhou, Zhejiang Province, PRC",1000,IFRS,2023-01-01,2023-12-31,2024-01-01,2024-12-31,2025-01-01,769006000,434430000,365029000,2026-06-22,2026-06-25,108885600,8569000,58189000,Unqualified (true and fair view),86900000,BlackRock Funds; Barings; Taikang Life; Shanghai Greenwoods and GTINV (in connection with Greenwoods OTC Swaps); Dacheng Investors; ICBC Wealth; Nova Kerry Inc.; Mirae Asset Securities HK,0.4988,2026-12-30,2134.81,179723,3486789300,"Subscription level 2,134.81 times",,2026-06-29,16332900,1633300,14699600,0,0,"No claw-back triggered; final number of Offer Shares under the Hong Kong Public Offering remained 1,633,300, equal to the number initially available",1146300000,0.5874,108885600,0.0752,Free float denominator = total issued shares upon listing (col_CZ); numerator = offer shares minus cornerstone allocation,108885600,-0.0672995,35,0.0294452,53885000000,114,0.509934,628816650,103,120.2,101,4944600,0.302739,542427600,Mechanism B,FINI (from 22/11/2023); 2025-08-04 pricing reform (Mechanism A/B; six-month cornerstone lock-up retained); this IPO: Mechanism B,杭州千岛湖鲟龙科技股份有限公司,Active,67.65,-0.406579,-0.103974,0.106194,0.057774,0.5365,0.561,57718290,,,,,,,,,,,,,,Standard,China International Capital Corporation / Sponsor-OC,2026-07-30,0,0,0.15,2026-07-25,0,0,-0.038025,0.298201,0.122355,-0.258772,0.7218,-0.406579,0.5365,,,,,0.00453827,0,0.0864235,0.514559,2026-12-30,2027-06-30,,,,CICC,2,0,0.025,0.01,0.035,4,0,0,6,0,POST_FINI,POST_2025_REFORM
83,6915.HK,Jiangxi Institute of Biological Products Inc. - H Shares,2026-06-22,2026-06-30,"China International Capital Corporation Hong Kong Securities Limited /
China Merchants Securities (HK) Co., Limited",Deloitte Touche Tohmatsu,Jones Lang LaSalle Corporate Appraisal and Advisory Limited,40583200,365243200,11.2,308377319,36234500,272142819,272142819,0,36234500,32611000,3623500,13.06,9.33,0.000447,0.333184,Within range,RMB,502270000,487522000,560280000,361924000,403223000,498017000,140346000,84299000,62263000,198021000,220755000,235408000,63594000,91765000,109262000,55481000,75140000,94794000,0.03,0.03,0.15,"Research, development, manufacturing and sale of human tetanus antitoxin (Human TAT) and antiserum products",Main Board profit test under Rule 8.05(1) of the Listing Rules; H Share issuer under Chapter 19A,2025-12-31,56826000,73828000,23700000,0,0.331,1,1,1,1,,,,Hanyi Cultural Exchange; Xiangyi Investment; Chifeng Bo-en Jingtian; Ruiqingxiang Investment; Jiaxing Jiaci; Hanxin Pharmaceutical; Hailei Pharmaceutical; Heli No. 7; Lingyao Investment,0.0944,0,Series A Financing,6.13,Individual (Ms. Jing Yue),0.6763,0.6763,894000,"Commercialized (Human TAT); pipeline product candidates at clinical, preclinical and process research stages",0,Main Board,H Shares,0,0,0,0,281010,HSICS (Hang Seng Industry Classification System) 2026,2002-07-05,23.99,PRC,"No. 198 Huoju Avenue, Jinggangshan Economic and Technological Development Zone, Ji'an, Jiangxi, PRC",1000,IFRS Accounting Standards,2023-01-01,2023-12-31,2024-01-01,2024-12-31,2025-01-01,235408000,109262000,94794000,2026-06-22,2026-06-25,307090319,180686000,29100000,True and fair view (unqualified opinion),67000000,"WSH (Wealth Strategy Holding Limited, 富策控股有限公司)",0.1232,2026-12-30,476.56,78433,1726805000,Subscription level 476.56 times,2026-06-26,2026-06-29,36234500,3623500,32611000,0,0,No claw-back triggered (N/A); no Offer Shares reallocated from the International Offering to the Hong Kong Public Offering (0 H Shares).,338800000,0.2867,308377319,0.103,"Free float denominator = total issued shares upon listing (308,377,319); numerator excludes Shares subject to lock-up: 272,142,819 Shares held by all existing Shareholders under the PRC 12-month lock-up and 4,464,000 Shares held by the Cornerstone Investor under the 6-month lock-up.",308377319,-0.0672995,35,0.0294452,53885000000,9.78,-0.126786,-51452990,7.4,10.75,7.3,29954500,0.826685,299791300,Mechanism B,FINI (from 22/11/2023); 2025-08-04 pricing reform (Mechanism A/B; six-month cornerstone lock-up retained); this IPO: Mechanism B,江西生物制品研究所股份有限公司,Active,16.79,0.716769,0.499107,0.106194,0.057774,1.552,1.623,35449860,,,,,,,,,,,,,,Standard,China International Capital Corporation / Sponsor-OC,2026-07-30,0,0,0.15,2026-06-30,0,0,-0.037901,0.376252,0.707647,-0.498978,0.4879,0.716769,1.552,,,,,0.00557919,0,0.128557,0.625116,2026-12-30,2027-06-30,,,,CICC,2,0,0.025,0.01,0.035,4,0,0,6,0,POST_FINI,POST_2025_REFORM
