cohort,code,target,field,status,page,confidence,review_class
2026Q1,6082.HK,prospectus,col_L,value_with_quote,333,high,bulk_stamp
2026Q1,6082.HK,prospectus,col_M,value_with_quote,2,high,bulk_stamp
2026Q1,6082.HK,prospectus,col_N,value_with_quote,333,high,bulk_stamp
2026Q1,6082.HK,prospectus,col_O,value_with_quote,333,high,bulk_stamp
2026Q1,6082.HK,prospectus,col_P,value_with_quote,31,high,bulk_stamp
2026Q1,6082.HK,prospectus,col_Q,value_with_quote,333,high,bulk_stamp
2026Q1,6082.HK,prospectus,col_R,value_with_quote,2,high,bulk_stamp
2026Q1,6082.HK,prospectus,col_S,value_with_quote,2,high,bulk_stamp
2026Q1,6082.HK,prospectus,col_T,value_with_quote,2,high,bulk_stamp
2026Q1,6082.HK,prospectus,col_U,value_with_quote,2,high,bulk_stamp
2026Q1,6082.HK,prospectus,col_AO,value_with_quote,441,high,bulk_stamp
2026Q1,6082.HK,prospectus,col_AP,value_with_quote,441,high,bulk_stamp
2026Q1,6082.HK,prospectus,col_AQ,value_with_quote,440,high,bulk_stamp
2026Q1,6082.HK,prospectus,col_AS,value_with_quote,11,high,bulk_stamp
2026Q1,6082.HK,prospectus,col_BA,value_with_quote,33,high,bulk_stamp
2026Q1,6082.HK,prospectus,col_vc_backed,value_with_quote,171,high,bulk_stamp
2026Q1,6082.HK,prospectus,col_pe_backed,value_with_quote,171,high,bulk_stamp
2026Q1,6082.HK,prospectus,col_cvc_backed,value_with_quote,171,high,bulk_stamp
2026Q1,6082.HK,prospectus,col_gov_backed,value_with_quote,171,high,bulk_stamp
2026Q1,6082.HK,prospectus,col_top_tier_vc,value_with_quote,171,high,bulk_stamp
2026Q1,6082.HK,prospectus,col_vc_board_seat,value_with_quote,171,high,bulk_stamp
2026Q1,6082.HK,prospectus,col_vc_pe_stake,value_with_quote,171,high,bulk_stamp
2026Q1,6082.HK,prospectus,col_pre_ipo_investors,value_with_quote,171,high,bulk_stamp
2026Q1,6082.HK,prospectus,col_BC,value_with_quote,33,high,bulk_stamp
2026Q1,6082.HK,prospectus,col_BD,value_with_quote,33,medium,bulk_stamp
2026Q1,6082.HK,prospectus,col_CC,value_with_quote,5,high,bulk_stamp
2026Q1,6082.HK,prospectus,col_CD,value_with_quote,5,high,bulk_stamp
2026Q1,6082.HK,prospectus,col_CE,value_with_quote,31,high,bulk_stamp
2026Q1,6082.HK,prospectus,col_CI,value_with_quote,30,high,bulk_stamp
2026Q1,6082.HK,prospectus,col_CJ,value_with_quote,354,high,bulk_stamp
2026Q1,6082.HK,allot,col_CK,value_with_quote,7,high,bulk_stamp
2026Q1,6082.HK,allot,col_CM,value_with_quote,4,high,bulk_stamp
2026Q1,6082.HK,allot,col_CN,value_with_quote,4,high,bulk_stamp
2026Q1,6082.HK,allot,col_CO,value_with_quote,29,medium,bulk_stamp
2026Q1,6082.HK,allot,col_CQ,value_with_quote,2,high,bulk_stamp
2026Q1,6082.HK,allot,col_CR,value_with_quote,1,high,bulk_stamp
2026Q1,6082.HK,allot,col_CS,value_with_quote,3,high,bulk_stamp
2026Q1,6082.HK,allot,col_CT,value_with_quote,3,high,bulk_stamp
2026Q1,6082.HK,allot,col_CU,value_with_quote,3,high,bulk_stamp
2026Q1,6082.HK,allot,col_CV,value_with_quote,1,high,bulk_stamp
2026Q1,6082.HK,allot,col_CW,value_with_quote,4,high,bulk_stamp
2026Q1,6082.HK,allot,col_CX,value_with_quote,4,high,bulk_stamp
2026Q1,6082.HK,allot,col_CY,value_with_quote,47,high,bulk_stamp
2026Q1,6082.HK,allot,col_CZ,value_with_quote,3,high,bulk_stamp
2026Q1,6082.HK,allot,col_DA,value_with_quote,47,medium,bulk_stamp
2026Q1,6082.HK,allot,col_DC,value_with_quote,3,medium,bulk_stamp
2026Q1,2513.HK,prospectus,col_L,value_with_quote,251,high,bulk_stamp
2026Q1,2513.HK,prospectus,col_M,value_with_quote,2,high,bulk_stamp
2026Q1,2513.HK,prospectus,col_N,value_with_quote,251,high,bulk_stamp
2026Q1,2513.HK,prospectus,col_O,value_with_quote,30,high,bulk_stamp
2026Q1,2513.HK,prospectus,col_P,value_with_quote,37,high,bulk_stamp
2026Q1,2513.HK,prospectus,col_Q,value_with_quote,251,high,bulk_stamp
2026Q1,2513.HK,prospectus,col_R,value_with_quote,2,high,bulk_stamp
2026Q1,2513.HK,prospectus,col_S,value_with_quote,2,high,bulk_stamp
2026Q1,2513.HK,prospectus,col_T,value_with_quote,2,high,bulk_stamp
2026Q1,2513.HK,prospectus,col_U,value_with_quote,2,high,bulk_stamp
2026Q1,2513.HK,prospectus,col_AO,value_with_quote,320,high,bulk_stamp
2026Q1,2513.HK,prospectus,col_AP,value_with_quote,320,high,bulk_stamp
2026Q1,2513.HK,prospectus,col_AQ,value_with_quote,326,high,bulk_stamp
2026Q1,2513.HK,prospectus,col_AS,value_with_quote,10,high,bulk_stamp
2026Q1,2513.HK,prospectus,col_BA,value_with_quote,21,high,bulk_stamp
2026Q1,2513.HK,prospectus,col_vc_backed,value_with_quote,21,high,bulk_stamp
2026Q1,2513.HK,prospectus,col_pe_backed,value_with_quote,21,high,bulk_stamp
2026Q1,2513.HK,prospectus,col_cvc_backed,value_with_quote,21,high,bulk_stamp
2026Q1,2513.HK,prospectus,col_gov_backed,value_with_quote,21,high,bulk_stamp
2026Q1,2513.HK,prospectus,col_top_tier_vc,value_with_quote,21,high,bulk_stamp
2026Q1,2513.HK,prospectus,col_vc_board_seat,value_with_quote,21,high,bulk_stamp
2026Q1,2513.HK,prospectus,col_vc_pe_stake,value_with_quote,21,high,bulk_stamp
2026Q1,2513.HK,prospectus,col_pre_ipo_investors,value_with_quote,21,high,bulk_stamp
2026Q1,2513.HK,prospectus,col_BC,value_with_quote,21,high,bulk_stamp
2026Q1,2513.HK,prospectus,col_BD,value_with_quote,21,high,bulk_stamp
2026Q1,2513.HK,prospectus,col_CC,value_with_quote,5,high,bulk_stamp
2026Q1,2513.HK,prospectus,col_CD,value_with_quote,5,high,bulk_stamp
2026Q1,2513.HK,prospectus,col_CE,value_with_quote,251,high,bulk_stamp
2026Q1,2513.HK,prospectus,col_CI,value_with_quote,31,high,bulk_stamp
2026Q1,2513.HK,prospectus,col_CJ,value_with_quote,302,high,bulk_stamp
2026Q1,2513.HK,allot,col_CK,value_with_quote,7,high,bulk_stamp
2026Q1,2513.HK,allot,col_CM,value_with_quote,4,high,bulk_stamp
2026Q1,2513.HK,allot,col_CN,value_with_quote,4,high,bulk_stamp
2026Q1,2513.HK,allot,col_CO,value_with_quote,22,medium,bulk_stamp
2026Q1,2513.HK,allot,col_CQ,unknown,2,high,bulk_stamp
2026Q1,2513.HK,allot,col_CR,value_with_quote,1,high,bulk_stamp
2026Q1,2513.HK,allot,col_CS,value_with_quote,3,high,bulk_stamp
2026Q1,2513.HK,allot,col_CT,value_with_quote,3,high,bulk_stamp
2026Q1,2513.HK,allot,col_CU,value_with_quote,3,high,bulk_stamp
2026Q1,2513.HK,allot,col_CV,value_with_quote,1,high,bulk_stamp
2026Q1,2513.HK,allot,col_CW,value_with_quote,24,high,bulk_stamp
2026Q1,2513.HK,allot,col_CX,value_with_quote,4,high,bulk_stamp
2026Q1,2513.HK,allot,col_CY,value_with_quote,32,high,bulk_stamp
2026Q1,2513.HK,allot,col_CZ,value_with_quote,3,high,bulk_stamp
2026Q1,2513.HK,allot,col_DA,value_with_quote,33,medium,bulk_stamp
2026Q1,2513.HK,allot,col_DC,value_with_quote,3,medium,bulk_stamp
2026Q1,9903.HK,prospectus,col_L,value_with_quote,280,high,bulk_stamp
2026Q1,9903.HK,prospectus,col_M,value_with_quote,2,high,bulk_stamp
2026Q1,9903.HK,prospectus,col_N,value_with_quote,280,high,bulk_stamp
2026Q1,9903.HK,prospectus,col_O,value_with_quote,280,high,bulk_stamp
2026Q1,9903.HK,prospectus,col_P,value_with_quote,280,high,bulk_stamp
2026Q1,9903.HK,prospectus,col_Q,value_with_quote,280,high,bulk_stamp
2026Q1,9903.HK,prospectus,col_R,value_with_quote,2,high,bulk_stamp
2026Q1,9903.HK,prospectus,col_S,value_with_quote,2,high,bulk_stamp
2026Q1,9903.HK,prospectus,col_T,value_with_quote,2,high,bulk_stamp
2026Q1,9903.HK,prospectus,col_U,value_with_quote,2,high,bulk_stamp
2026Q1,9903.HK,prospectus,col_AO,value_with_quote,370,high,bulk_stamp
2026Q1,9903.HK,prospectus,col_AP,value_with_quote,370,high,bulk_stamp
2026Q1,9903.HK,prospectus,col_AQ,value_with_quote,2,high,bulk_stamp
2026Q1,9903.HK,prospectus,col_AS,value_with_quote,27,high,bulk_stamp
2026Q1,9903.HK,prospectus,col_BA,value_with_quote,25,high,bulk_stamp
2026Q1,9903.HK,prospectus,col_vc_backed,value_with_quote,25,high,bulk_stamp
2026Q1,9903.HK,prospectus,col_pe_backed,value_with_quote,25,high,bulk_stamp
2026Q1,9903.HK,prospectus,col_cvc_backed,value_with_quote,25,high,bulk_stamp
2026Q1,9903.HK,prospectus,col_gov_backed,value_with_quote,25,high,bulk_stamp
2026Q1,9903.HK,prospectus,col_top_tier_vc,value_with_quote,25,high,bulk_stamp
2026Q1,9903.HK,prospectus,col_vc_board_seat,value_with_quote,25,high,bulk_stamp
2026Q1,9903.HK,prospectus,col_vc_pe_stake,value_with_quote,25,high,bulk_stamp
2026Q1,9903.HK,prospectus,col_pre_ipo_investors,value_with_quote,25,high,bulk_stamp
2026Q1,9903.HK,prospectus,col_BC,value_with_quote,24,medium,bulk_stamp
2026Q1,9903.HK,prospectus,col_BD,value_with_quote,24,medium,bulk_stamp
2026Q1,9903.HK,prospectus,col_CC,value_with_quote,5,high,bulk_stamp
2026Q1,9903.HK,prospectus,col_CD,value_with_quote,5,high,bulk_stamp
2026Q1,9903.HK,prospectus,col_CE,value_with_quote,27,medium,bulk_stamp
2026Q1,9903.HK,prospectus,col_CI,value_with_quote,28,high,bulk_stamp
2026Q1,9903.HK,prospectus,col_CJ,value_with_quote,359,high,bulk_stamp
2026Q1,9903.HK,allot,col_CK,value_with_quote,4,high,bulk_stamp
2026Q1,9903.HK,allot,col_CM,value_with_quote,2,high,bulk_stamp
2026Q1,9903.HK,allot,col_CN,value_with_quote,2,high,bulk_stamp
2026Q1,9903.HK,allot,col_CO,value_with_quote,20,medium,bulk_stamp
2026Q1,9903.HK,allot,col_CQ,unknown,2,high,bulk_stamp
2026Q1,9903.HK,allot,col_CR,value_with_quote,1,high,bulk_stamp
2026Q1,9903.HK,allot,col_CS,value_with_quote,1,high,bulk_stamp
2026Q1,9903.HK,allot,col_CT,value_with_quote,2,high,bulk_stamp
2026Q1,9903.HK,allot,col_CU,value_with_quote,3,high,bulk_stamp
2026Q1,9903.HK,allot,col_CV,derived_rule,,high,bulk_stamp
2026Q1,9903.HK,allot,col_CW,value_with_quote,2,high,bulk_stamp
2026Q1,9903.HK,allot,col_CX,value_with_quote,1,high,bulk_stamp
2026Q1,9903.HK,allot,col_CY,value_with_quote,28,high,bulk_stamp
2026Q1,9903.HK,allot,col_CZ,value_with_quote,1,high,bulk_stamp
2026Q1,9903.HK,allot,col_DA,derived_rule,,high,bulk_stamp
2026Q1,9903.HK,allot,col_DC,derived_rule,1,high,bulk_stamp
2026Q1,2675.HK,prospectus,col_L,value_with_quote,455,high,bulk_stamp
2026Q1,2675.HK,prospectus,col_M,value_with_quote,2,high,bulk_stamp
2026Q1,2675.HK,prospectus,col_N,value_with_quote,455,high,bulk_stamp
2026Q1,2675.HK,prospectus,col_O,value_with_quote,455,high,bulk_stamp
2026Q1,2675.HK,prospectus,col_P,value_with_quote,455,high,bulk_stamp
2026Q1,2675.HK,prospectus,col_Q,value_with_quote,455,high,bulk_stamp
2026Q1,2675.HK,prospectus,col_R,value_with_quote,2,high,bulk_stamp
2026Q1,2675.HK,prospectus,col_S,value_with_quote,2,high,bulk_stamp
2026Q1,2675.HK,prospectus,col_T,value_with_quote,2,high,bulk_stamp
2026Q1,2675.HK,prospectus,col_U,value_with_quote,2,high,bulk_stamp
2026Q1,2675.HK,prospectus,col_AO,value_with_quote,530,high,bulk_stamp
2026Q1,2675.HK,prospectus,col_AP,value_with_quote,530,high,bulk_stamp
2026Q1,2675.HK,prospectus,col_AQ,value_with_quote,54,high,bulk_stamp
2026Q1,2675.HK,prospectus,col_AS,value_with_quote,10,high,bulk_stamp
2026Q1,2675.HK,prospectus,col_BA,value_with_quote,40,high,bulk_stamp
2026Q1,2675.HK,prospectus,col_vc_backed,value_with_quote,40,high,bulk_stamp
2026Q1,2675.HK,prospectus,col_pe_backed,value_with_quote,40,high,bulk_stamp
2026Q1,2675.HK,prospectus,col_cvc_backed,value_with_quote,40,high,bulk_stamp
2026Q1,2675.HK,prospectus,col_gov_backed,value_with_quote,40,high,bulk_stamp
2026Q1,2675.HK,prospectus,col_top_tier_vc,value_with_quote,40,high,bulk_stamp
2026Q1,2675.HK,prospectus,col_vc_board_seat,value_with_quote,40,high,bulk_stamp
2026Q1,2675.HK,prospectus,col_vc_pe_stake,value_with_quote,40,high,bulk_stamp
2026Q1,2675.HK,prospectus,col_pre_ipo_investors,value_with_quote,40,high,bulk_stamp
2026Q1,2675.HK,prospectus,col_BC,value_with_quote,40,high,bulk_stamp
2026Q1,2675.HK,prospectus,col_BD,value_with_quote,455,medium,bulk_stamp
2026Q1,2675.HK,prospectus,col_CC,value_with_quote,5,high,bulk_stamp
2026Q1,2675.HK,prospectus,col_CD,value_with_quote,5,high,bulk_stamp
2026Q1,2675.HK,prospectus,col_CE,value_with_quote,39,high,bulk_stamp
2026Q1,2675.HK,prospectus,col_CI,value_with_quote,43,high,bulk_stamp
2026Q1,2675.HK,prospectus,col_CJ,value_with_quote,507,high,bulk_stamp
2026Q1,2675.HK,allot,col_CK,value_with_quote,6,high,bulk_stamp
2026Q1,2675.HK,allot,col_CM,value_with_quote,4,high,bulk_stamp
2026Q1,2675.HK,allot,col_CN,value_with_quote,4,high,bulk_stamp
2026Q1,2675.HK,allot,col_CO,value_with_quote,19,high,bulk_stamp
2026Q1,2675.HK,allot,col_CQ,unknown,2,high,bulk_stamp
2026Q1,2675.HK,allot,col_CR,value_with_quote,1,high,bulk_stamp
2026Q1,2675.HK,allot,col_CS,value_with_quote,3,high,bulk_stamp
2026Q1,2675.HK,allot,col_CT,value_with_quote,3,high,bulk_stamp
2026Q1,2675.HK,allot,col_CU,value_with_quote,3,high,bulk_stamp
2026Q1,2675.HK,allot,col_CV,value_with_quote,1,high,bulk_stamp
2026Q1,2675.HK,allot,col_CW,value_with_quote,4,high,bulk_stamp
2026Q1,2675.HK,allot,col_CX,value_with_quote,4,high,bulk_stamp
2026Q1,2675.HK,allot,col_CY,value_with_quote,28,high,bulk_stamp
2026Q1,2675.HK,allot,col_CZ,value_with_quote,3,high,bulk_stamp
2026Q1,2675.HK,allot,col_DA,derived_rule,,high,bulk_stamp
2026Q1,2675.HK,allot,col_DC,derived_rule,3,high,bulk_stamp
2026Q1,0100.HK,prospectus,col_L,value_with_quote,402,high,bulk_stamp
2026Q1,0100.HK,prospectus,col_M,value_with_quote,2,high,bulk_stamp
2026Q1,0100.HK,prospectus,col_N,value_with_quote,401,high,bulk_stamp
2026Q1,0100.HK,prospectus,col_O,value_with_quote,401,high,bulk_stamp
2026Q1,0100.HK,prospectus,col_P,value_with_quote,457,high,bulk_stamp
2026Q1,0100.HK,prospectus,col_Q,value_with_quote,402,high,bulk_stamp
2026Q1,0100.HK,prospectus,col_R,value_with_quote,2,high,bulk_stamp
2026Q1,0100.HK,prospectus,col_S,value_with_quote,2,high,bulk_stamp
2026Q1,0100.HK,prospectus,col_T,value_with_quote,2,high,bulk_stamp
2026Q1,0100.HK,prospectus,col_U,value_with_quote,2,high,bulk_stamp
2026Q1,0100.HK,prospectus,col_AO,value_with_quote,498,high,bulk_stamp
2026Q1,0100.HK,prospectus,col_AP,value_with_quote,498,high,bulk_stamp
2026Q1,0100.HK,prospectus,col_AQ,value_with_quote,507,high,bulk_stamp
2026Q1,0100.HK,prospectus,col_AS,value_with_quote,11,high,bulk_stamp
2026Q1,0100.HK,prospectus,col_BA,value_with_quote,28,high,bulk_stamp
2026Q1,0100.HK,prospectus,col_vc_backed,value_with_quote,219,high,bulk_stamp
2026Q1,0100.HK,prospectus,col_pe_backed,value_with_quote,219,high,bulk_stamp
2026Q1,0100.HK,prospectus,col_cvc_backed,value_with_quote,219,high,bulk_stamp
2026Q1,0100.HK,prospectus,col_gov_backed,value_with_quote,219,high,bulk_stamp
2026Q1,0100.HK,prospectus,col_top_tier_vc,value_with_quote,219,high,bulk_stamp
2026Q1,0100.HK,prospectus,col_vc_board_seat,value_with_quote,219,high,bulk_stamp
2026Q1,0100.HK,prospectus,col_vc_pe_stake,value_with_quote,219,high,bulk_stamp
2026Q1,0100.HK,prospectus,col_pre_ipo_investors,value_with_quote,219,high,bulk_stamp
2026Q1,0100.HK,prospectus,col_BC,value_with_quote,28,medium,bulk_stamp
2026Q1,0100.HK,prospectus,col_BD,value_with_quote,28,high,bulk_stamp
2026Q1,0100.HK,prospectus,col_CC,value_with_quote,5,high,bulk_stamp
2026Q1,0100.HK,prospectus,col_CD,value_with_quote,5,high,bulk_stamp
2026Q1,0100.HK,prospectus,col_CE,value_with_quote,39,high,bulk_stamp
2026Q1,0100.HK,prospectus,col_CI,value_with_quote,39,medium,bulk_stamp
2026Q1,0100.HK,prospectus,col_CJ,value_with_quote,392,high,bulk_stamp
2026Q1,0100.HK,allot,col_CK,value_with_quote,7,high,bulk_stamp
2026Q1,0100.HK,allot,col_CM,value_with_quote,4,high,bulk_stamp
2026Q1,0100.HK,allot,col_CN,value_with_quote,4,high,bulk_stamp
2026Q1,0100.HK,allot,col_CO,value_with_quote,30,medium,bulk_stamp
2026Q1,0100.HK,allot,col_CQ,value_with_quote,2,high,bulk_stamp
2026Q1,0100.HK,allot,col_CR,value_with_quote,1,high,bulk_stamp
2026Q1,0100.HK,allot,col_CS,value_with_quote,32,high,bulk_stamp
2026Q1,0100.HK,allot,col_CT,value_with_quote,4,high,bulk_stamp
2026Q1,0100.HK,allot,col_CU,value_with_quote,4,high,bulk_stamp
2026Q1,0100.HK,allot,col_CV,value_with_quote,1,high,bulk_stamp
2026Q1,0100.HK,allot,col_CW,value_with_quote,4,high,bulk_stamp
2026Q1,0100.HK,allot,col_CX,value_with_quote,4,high,bulk_stamp
2026Q1,0100.HK,allot,col_CY,value_with_quote,49,high,bulk_stamp
2026Q1,0100.HK,allot,col_CZ,value_with_quote,49,medium,bulk_stamp
2026Q1,0100.HK,allot,col_DA,derived_rule,,high,bulk_stamp
2026Q1,0100.HK,allot,col_DC,derived_rule,49,high,bulk_stamp
2026Q1,6938.HK,prospectus,col_L,value_with_quote,394,high,bulk_stamp
2026Q1,6938.HK,prospectus,col_M,value_with_quote,2,high,bulk_stamp
2026Q1,6938.HK,prospectus,col_N,value_with_quote,394,high,bulk_stamp
2026Q1,6938.HK,prospectus,col_O,value_with_quote,394,high,bulk_stamp
2026Q1,6938.HK,prospectus,col_P,value_with_quote,394,high,bulk_stamp
2026Q1,6938.HK,prospectus,col_Q,value_with_quote,394,high,bulk_stamp
2026Q1,6938.HK,prospectus,col_R,value_with_quote,2,high,bulk_stamp
2026Q1,6938.HK,prospectus,col_S,value_with_quote,2,high,bulk_stamp
2026Q1,6938.HK,prospectus,col_T,value_with_quote,2,high,bulk_stamp
2026Q1,6938.HK,prospectus,col_U,value_with_quote,2,high,bulk_stamp
2026Q1,6938.HK,prospectus,col_AO,value_with_quote,502,high,bulk_stamp
2026Q1,6938.HK,prospectus,col_AP,value_with_quote,502,high,bulk_stamp
2026Q1,6938.HK,prospectus,col_AQ,value_with_quote,502,high,bulk_stamp
2026Q1,6938.HK,prospectus,col_AS,value_with_quote,11,high,bulk_stamp
2026Q1,6938.HK,prospectus,col_BA,value_with_quote,30,high,bulk_stamp
2026Q1,6938.HK,prospectus,col_vc_backed,value_with_quote,30,high,bulk_stamp
2026Q1,6938.HK,prospectus,col_pe_backed,value_with_quote,30,high,bulk_stamp
2026Q1,6938.HK,prospectus,col_cvc_backed,value_with_quote,30,high,bulk_stamp
2026Q1,6938.HK,prospectus,col_gov_backed,value_with_quote,30,high,bulk_stamp
2026Q1,6938.HK,prospectus,col_top_tier_vc,value_with_quote,30,high,bulk_stamp
2026Q1,6938.HK,prospectus,col_vc_board_seat,value_with_quote,30,high,bulk_stamp
2026Q1,6938.HK,prospectus,col_vc_pe_stake,value_with_quote,30,high,bulk_stamp
2026Q1,6938.HK,prospectus,col_pre_ipo_investors,value_with_quote,30,high,bulk_stamp
2026Q1,6938.HK,prospectus,col_BC,value_with_quote,265,high,bulk_stamp
2026Q1,6938.HK,prospectus,col_BD,value_with_quote,30,high,bulk_stamp
2026Q1,6938.HK,prospectus,col_CC,value_with_quote,5,high,bulk_stamp
2026Q1,6938.HK,prospectus,col_CD,value_with_quote,5,high,bulk_stamp
2026Q1,6938.HK,prospectus,col_CE,value_with_quote,394,high,bulk_stamp
2026Q1,6938.HK,prospectus,col_CI,value_with_quote,33,high,bulk_stamp
2026Q1,6938.HK,prospectus,col_CJ,value_with_quote,479,high,bulk_stamp
2026Q1,6938.HK,allot,col_CK,value_with_quote,6,high,bulk_stamp
2026Q1,6938.HK,allot,col_CM,value_with_quote,4,high,bulk_stamp
2026Q1,6938.HK,allot,col_CN,value_with_quote,4,high,bulk_stamp
2026Q1,6938.HK,allot,col_CO,value_with_quote,18,medium,bulk_stamp
2026Q1,6938.HK,allot,col_CQ,unknown,2,high,bulk_stamp
2026Q1,6938.HK,allot,col_CR,value_with_quote,1,high,bulk_stamp
2026Q1,6938.HK,allot,col_CS,value_with_quote,21,high,bulk_stamp
2026Q1,6938.HK,allot,col_CT,value_with_quote,4,high,bulk_stamp
2026Q1,6938.HK,allot,col_CU,value_with_quote,5,high,bulk_stamp
2026Q1,6938.HK,allot,col_CV,value_with_quote,1,high,bulk_stamp
2026Q1,6938.HK,allot,col_CW,value_with_quote,4,high,bulk_stamp
2026Q1,6938.HK,allot,col_CX,value_with_quote,4,high,bulk_stamp
2026Q1,6938.HK,allot,col_CY,value_with_quote,29,high,bulk_stamp
2026Q1,6938.HK,allot,col_CZ,value_with_quote,3,high,bulk_stamp
2026Q1,6938.HK,allot,col_DA,value_with_quote,30,medium,bulk_stamp
2026Q1,6938.HK,allot,col_DC,value_with_quote,30,medium,bulk_stamp
2026Q1,3636.HK,prospectus,col_L,value_with_quote,293,high,bulk_stamp
2026Q1,3636.HK,prospectus,col_M,value_with_quote,2,high,bulk_stamp
2026Q1,3636.HK,prospectus,col_N,value_with_quote,293,high,bulk_stamp
2026Q1,3636.HK,prospectus,col_O,value_with_quote,293,high,bulk_stamp
2026Q1,3636.HK,prospectus,col_P,value_with_quote,293,high,bulk_stamp
2026Q1,3636.HK,prospectus,col_Q,value_with_quote,293,high,bulk_stamp
2026Q1,3636.HK,prospectus,col_R,value_with_quote,2,high,bulk_stamp
2026Q1,3636.HK,prospectus,col_S,value_with_quote,2,high,bulk_stamp
2026Q1,3636.HK,prospectus,col_T,value_with_quote,2,high,bulk_stamp
2026Q1,3636.HK,prospectus,col_U,value_with_quote,2,high,bulk_stamp
2026Q1,3636.HK,prospectus,col_AO,value_with_quote,379,high,bulk_stamp
2026Q1,3636.HK,prospectus,col_AP,value_with_quote,379,high,bulk_stamp
2026Q1,3636.HK,prospectus,col_AQ,value_with_quote,379,high,bulk_stamp
2026Q1,3636.HK,prospectus,col_AS,value_with_quote,382,medium,bulk_stamp
2026Q1,3636.HK,prospectus,col_BA,value_with_quote,472,high,bulk_stamp
2026Q1,3636.HK,prospectus,col_vc_backed,value_with_quote,472,high,bulk_stamp
2026Q1,3636.HK,prospectus,col_pe_backed,value_with_quote,472,high,bulk_stamp
2026Q1,3636.HK,prospectus,col_cvc_backed,value_with_quote,472,high,bulk_stamp
2026Q1,3636.HK,prospectus,col_gov_backed,value_with_quote,472,high,bulk_stamp
2026Q1,3636.HK,prospectus,col_top_tier_vc,value_with_quote,472,high,bulk_stamp
2026Q1,3636.HK,prospectus,col_vc_board_seat,value_with_quote,472,high,bulk_stamp
2026Q1,3636.HK,prospectus,col_vc_pe_stake,value_with_quote,472,high,bulk_stamp
2026Q1,3636.HK,prospectus,col_pre_ipo_investors,value_with_quote,472,high,bulk_stamp
2026Q1,3636.HK,prospectus,col_BC,value_with_quote,20,high,bulk_stamp
2026Q1,3636.HK,prospectus,col_BD,value_with_quote,20,medium,bulk_stamp
2026Q1,3636.HK,prospectus,col_CC,value_with_quote,5,high,bulk_stamp
2026Q1,3636.HK,prospectus,col_CD,value_with_quote,5,high,bulk_stamp
2026Q1,3636.HK,prospectus,col_CE,value_with_quote,556,high,bulk_stamp
2026Q1,3636.HK,prospectus,col_CI,value_with_quote,29,high,bulk_stamp
2026Q1,3636.HK,prospectus,col_CJ,value_with_quote,367,high,bulk_stamp
2026Q1,3636.HK,allot,col_CK,value_with_quote,6,high,bulk_stamp
2026Q1,3636.HK,allot,col_CM,value_with_quote,4,high,bulk_stamp
2026Q1,3636.HK,allot,col_CN,value_with_quote,4,high,bulk_stamp
2026Q1,3636.HK,allot,col_CO,value_with_quote,14,high,bulk_stamp
2026Q1,3636.HK,allot,col_CQ,unknown,2,high,bulk_stamp
2026Q1,3636.HK,allot,col_CR,value_with_quote,1,high,bulk_stamp
2026Q1,3636.HK,allot,col_CS,value_with_quote,2,high,bulk_stamp
2026Q1,3636.HK,allot,col_CT,value_with_quote,3,high,bulk_stamp
2026Q1,3636.HK,allot,col_CU,value_with_quote,3,high,bulk_stamp
2026Q1,3636.HK,allot,col_CV,value_with_quote,2,high,bulk_stamp
2026Q1,3636.HK,allot,col_CW,value_with_quote,4,high,bulk_stamp
2026Q1,3636.HK,allot,col_CX,value_with_quote,4,high,bulk_stamp
2026Q1,3636.HK,allot,col_CY,value_with_quote,22,high,bulk_stamp
2026Q1,3636.HK,allot,col_CZ,value_with_quote,3,high,bulk_stamp
2026Q1,3636.HK,allot,col_DA,derived_rule,,high,bulk_stamp
2026Q1,3636.HK,allot,col_DC,derived_rule,3,high,bulk_stamp
2026Q1,0501.HK,prospectus,col_L,value_with_quote,285,high,bulk_stamp
2026Q1,0501.HK,prospectus,col_M,value_with_quote,2,high,bulk_stamp
2026Q1,0501.HK,prospectus,col_N,value_with_quote,285,high,bulk_stamp
2026Q1,0501.HK,prospectus,col_O,value_with_quote,285,high,bulk_stamp
2026Q1,0501.HK,prospectus,col_P,value_with_quote,285,high,bulk_stamp
2026Q1,0501.HK,prospectus,col_Q,value_with_quote,285,high,bulk_stamp
2026Q1,0501.HK,prospectus,col_R,value_with_quote,2,high,bulk_stamp
2026Q1,0501.HK,prospectus,col_S,value_with_quote,2,high,bulk_stamp
2026Q1,0501.HK,prospectus,col_T,value_with_quote,2,high,bulk_stamp
2026Q1,0501.HK,prospectus,col_U,unknown,109,high,bulk_stamp
2026Q1,0501.HK,prospectus,col_AO,value_with_quote,375,high,bulk_stamp
2026Q1,0501.HK,prospectus,col_AP,value_with_quote,375,high,bulk_stamp
2026Q1,0501.HK,prospectus,col_AQ,value_with_quote,375,high,bulk_stamp
2026Q1,0501.HK,prospectus,col_AS,value_with_quote,86,high,bulk_stamp
2026Q1,0501.HK,prospectus,col_BA,value_with_quote,185,medium,bulk_stamp
2026Q1,0501.HK,prospectus,col_vc_backed,value_with_quote,185,high,bulk_stamp
2026Q1,0501.HK,prospectus,col_pe_backed,value_with_quote,185,high,bulk_stamp
2026Q1,0501.HK,prospectus,col_cvc_backed,value_with_quote,185,high,bulk_stamp
2026Q1,0501.HK,prospectus,col_gov_backed,value_with_quote,185,high,bulk_stamp
2026Q1,0501.HK,prospectus,col_top_tier_vc,value_with_quote,185,high,bulk_stamp
2026Q1,0501.HK,prospectus,col_vc_board_seat,value_with_quote,185,high,bulk_stamp
2026Q1,0501.HK,prospectus,col_vc_pe_stake,value_with_quote,185,high,bulk_stamp
2026Q1,0501.HK,prospectus,col_pre_ipo_investors,unknown,185,high,bulk_stamp
2026Q1,0501.HK,prospectus,col_BC,value_with_quote,27,high,bulk_stamp
2026Q1,0501.HK,prospectus,col_BD,value_with_quote,27,medium,bulk_stamp
2026Q1,0501.HK,prospectus,col_CC,value_with_quote,5,high,bulk_stamp
2026Q1,0501.HK,prospectus,col_CD,value_with_quote,5,high,bulk_stamp
2026Q1,0501.HK,prospectus,col_CE,value_with_quote,27,high,bulk_stamp
2026Q1,0501.HK,prospectus,col_CI,value_with_quote,376,high,bulk_stamp
2026Q1,0501.HK,prospectus,col_CJ,value_with_quote,292,high,bulk_stamp
2026Q1,0501.HK,allot,col_CK,value_with_quote,6,high,bulk_stamp
2026Q1,0501.HK,allot,col_CM,value_with_quote,4,high,bulk_stamp
2026Q1,0501.HK,allot,col_CN,value_with_quote,4,high,bulk_stamp
2026Q1,0501.HK,allot,col_CO,value_with_quote,17,medium,bulk_stamp
2026Q1,0501.HK,allot,col_CQ,value_with_quote,2,high,bulk_stamp
2026Q1,0501.HK,allot,col_CR,value_with_quote,1,high,bulk_stamp
2026Q1,0501.HK,allot,col_CS,value_with_quote,3,high,bulk_stamp
2026Q1,0501.HK,allot,col_CT,value_with_quote,4,high,bulk_stamp
2026Q1,0501.HK,allot,col_CU,value_with_quote,5,high,bulk_stamp
2026Q1,0501.HK,allot,col_CV,value_with_quote,1,high,bulk_stamp
2026Q1,0501.HK,allot,col_CW,value_with_quote,4,high,bulk_stamp
2026Q1,0501.HK,allot,col_CX,value_with_quote,4,high,bulk_stamp
2026Q1,0501.HK,allot,col_CY,value_with_quote,28,medium,bulk_stamp
2026Q1,0501.HK,allot,col_CZ,value_with_quote,3,high,bulk_stamp
2026Q1,0501.HK,allot,col_DA,value_with_quote,28,medium,bulk_stamp
2026Q1,0501.HK,allot,col_DC,value_with_quote,3,high,bulk_stamp
2026Q1,3986.HK,prospectus,col_L,value_with_quote,319,high,bulk_stamp
2026Q1,3986.HK,prospectus,col_M,value_with_quote,2,high,bulk_stamp
2026Q1,3986.HK,prospectus,col_N,value_with_quote,319,high,bulk_stamp
2026Q1,3986.HK,prospectus,col_O,value_with_quote,319,high,bulk_stamp
2026Q1,3986.HK,prospectus,col_P,value_with_quote,319,high,bulk_stamp
2026Q1,3986.HK,prospectus,col_Q,value_with_quote,319,high,bulk_stamp
2026Q1,3986.HK,prospectus,col_R,value_with_quote,2,high,bulk_stamp
2026Q1,3986.HK,prospectus,col_S,value_with_quote,2,high,bulk_stamp
2026Q1,3986.HK,prospectus,col_T,value_with_quote,2,high,bulk_stamp
2026Q1,3986.HK,prospectus,col_U,value_with_quote,2,high,bulk_stamp
2026Q1,3986.HK,prospectus,col_AO,value_with_quote,366,high,bulk_stamp
2026Q1,3986.HK,prospectus,col_AP,value_with_quote,366,high,bulk_stamp
2026Q1,3986.HK,prospectus,col_AQ,value_with_quote,375,high,bulk_stamp
2026Q1,3986.HK,prospectus,col_AS,value_with_quote,184,high,bulk_stamp
2026Q1,3986.HK,prospectus,col_BA,value_with_quote,180,medium,bulk_stamp
2026Q1,3986.HK,prospectus,col_vc_backed,value_with_quote,180,high,bulk_stamp
2026Q1,3986.HK,prospectus,col_pe_backed,value_with_quote,180,high,bulk_stamp
2026Q1,3986.HK,prospectus,col_cvc_backed,value_with_quote,180,high,bulk_stamp
2026Q1,3986.HK,prospectus,col_gov_backed,value_with_quote,180,high,bulk_stamp
2026Q1,3986.HK,prospectus,col_top_tier_vc,value_with_quote,180,high,bulk_stamp
2026Q1,3986.HK,prospectus,col_vc_board_seat,value_with_quote,180,high,bulk_stamp
2026Q1,3986.HK,prospectus,col_vc_pe_stake,value_with_quote,180,high,bulk_stamp
2026Q1,3986.HK,prospectus,col_pre_ipo_investors,value_with_quote,180,high,bulk_stamp
2026Q1,3986.HK,prospectus,col_BC,value_with_quote,323,medium,bulk_stamp
2026Q1,3986.HK,prospectus,col_BD,value_with_quote,323,medium,bulk_stamp
2026Q1,3986.HK,prospectus,col_CC,value_with_quote,5,high,bulk_stamp
2026Q1,3986.HK,prospectus,col_CD,value_with_quote,5,high,bulk_stamp
2026Q1,3986.HK,prospectus,col_CE,value_with_quote,319,high,bulk_stamp
2026Q1,3986.HK,prospectus,col_CI,value_with_quote,367,high,bulk_stamp
2026Q1,3986.HK,prospectus,col_CJ,value_with_quote,329,high,bulk_stamp
2026Q1,3986.HK,allot,col_CK,value_with_quote,7,high,bulk_stamp
2026Q1,3986.HK,allot,col_CM,value_with_quote,4,high,bulk_stamp
2026Q1,3986.HK,allot,col_CN,value_with_quote,4,high,bulk_stamp
2026Q1,3986.HK,allot,col_CO,value_with_quote,17,medium,bulk_stamp
2026Q1,3986.HK,allot,col_CQ,value_with_quote,2,high,bulk_stamp
2026Q1,3986.HK,allot,col_CR,value_with_quote,1,high,bulk_stamp
2026Q1,3986.HK,allot,col_CS,value_with_quote,3,high,bulk_stamp
2026Q1,3986.HK,allot,col_CT,value_with_quote,4,high,bulk_stamp
2026Q1,3986.HK,allot,col_CU,value_with_quote,4,high,bulk_stamp
2026Q1,3986.HK,allot,col_CV,value_with_quote,1,high,bulk_stamp
2026Q1,3986.HK,allot,col_CW,value_with_quote,4,high,bulk_stamp
2026Q1,3986.HK,allot,col_CX,value_with_quote,4,high,bulk_stamp
2026Q1,3986.HK,allot,col_CY,value_with_quote,31,medium,bulk_stamp
2026Q1,3986.HK,allot,col_CZ,value_with_quote,3,high,bulk_stamp
2026Q1,3986.HK,allot,col_DA,value_with_quote,31,medium,bulk_stamp
2026Q1,3986.HK,allot,col_DC,value_with_quote,3,high,bulk_stamp
2026Q1,1641.HK,prospectus,col_L,value_with_quote,180,high,bulk_stamp
2026Q1,1641.HK,prospectus,col_M,value_with_quote,2,high,bulk_stamp
2026Q1,1641.HK,prospectus,col_N,value_with_quote,180,high,bulk_stamp
2026Q1,1641.HK,prospectus,col_O,value_with_quote,180,high,bulk_stamp
2026Q1,1641.HK,prospectus,col_P,value_with_quote,180,high,bulk_stamp
2026Q1,1641.HK,prospectus,col_Q,value_with_quote,180,high,bulk_stamp
2026Q1,1641.HK,prospectus,col_R,value_with_quote,2,high,bulk_stamp
2026Q1,1641.HK,prospectus,col_S,value_with_quote,2,high,bulk_stamp
2026Q1,1641.HK,prospectus,col_T,value_with_quote,2,high,bulk_stamp
2026Q1,1641.HK,prospectus,col_U,value_with_quote,2,high,bulk_stamp
2026Q1,1641.HK,prospectus,col_AO,value_with_quote,233,high,bulk_stamp
2026Q1,1641.HK,prospectus,col_AP,value_with_quote,233,high,bulk_stamp
2026Q1,1641.HK,prospectus,col_AQ,value_with_quote,2,medium,bulk_stamp
2026Q1,1641.HK,prospectus,col_AS,value_with_quote,109,medium,bulk_stamp
2026Q1,1641.HK,prospectus,col_BA,value_with_quote,111,medium,bulk_stamp
2026Q1,1641.HK,prospectus,col_vc_backed,value_with_quote,111,high,bulk_stamp
2026Q1,1641.HK,prospectus,col_pe_backed,value_with_quote,111,high,bulk_stamp
2026Q1,1641.HK,prospectus,col_cvc_backed,value_with_quote,111,high,bulk_stamp
2026Q1,1641.HK,prospectus,col_gov_backed,value_with_quote,111,high,bulk_stamp
2026Q1,1641.HK,prospectus,col_top_tier_vc,value_with_quote,111,high,bulk_stamp
2026Q1,1641.HK,prospectus,col_vc_board_seat,value_with_quote,111,high,bulk_stamp
2026Q1,1641.HK,prospectus,col_vc_pe_stake,value_with_quote,111,high,bulk_stamp
2026Q1,1641.HK,prospectus,col_pre_ipo_investors,unknown,111,high,bulk_stamp
2026Q1,1641.HK,prospectus,col_BC,value_with_quote,21,high,bulk_stamp
2026Q1,1641.HK,prospectus,col_BD,value_with_quote,153,high,bulk_stamp
2026Q1,1641.HK,prospectus,col_CC,value_with_quote,5,high,bulk_stamp
2026Q1,1641.HK,prospectus,col_CD,value_with_quote,5,high,bulk_stamp
2026Q1,1641.HK,prospectus,col_CE,value_with_quote,109,high,bulk_stamp
2026Q1,1641.HK,prospectus,col_CI,value_with_quote,21,high,bulk_stamp
2026Q1,1641.HK,prospectus,col_CJ,value_with_quote,162,high,bulk_stamp
2026Q1,1641.HK,allot,col_CK,value_with_quote,6,high,bulk_stamp
2026Q1,1641.HK,allot,col_CM,value_with_quote,5,high,bulk_stamp
2026Q1,1641.HK,allot,col_CN,value_with_quote,5,high,bulk_stamp
2026Q1,1641.HK,allot,col_CO,value_with_quote,12,high,bulk_stamp
2026Q1,1641.HK,allot,col_CQ,unknown,2,high,bulk_stamp
2026Q1,1641.HK,allot,col_CR,value_with_quote,1,high,bulk_stamp
2026Q1,1641.HK,allot,col_CS,value_with_quote,3,high,bulk_stamp
2026Q1,1641.HK,allot,col_CT,value_with_quote,5,high,bulk_stamp
2026Q1,1641.HK,allot,col_CU,value_with_quote,5,high,bulk_stamp
2026Q1,1641.HK,allot,col_CV,derived_rule,,high,bulk_stamp
2026Q1,1641.HK,allot,col_CW,value_with_quote,5,high,bulk_stamp
2026Q1,1641.HK,allot,col_CX,value_with_quote,4,high,bulk_stamp
2026Q1,1641.HK,allot,col_CY,value_with_quote,16,high,bulk_stamp
2026Q1,1641.HK,allot,col_CZ,value_with_quote,3,high,bulk_stamp
2026Q1,1641.HK,allot,col_DA,value_with_quote,16,medium,bulk_stamp
2026Q1,1641.HK,allot,col_DC,value_with_quote,16,high,bulk_stamp
2026Q1,9611.HK,prospectus,col_L,value_with_quote,312,high,bulk_stamp
2026Q1,9611.HK,prospectus,col_M,value_with_quote,2,high,bulk_stamp
2026Q1,9611.HK,prospectus,col_N,value_with_quote,312,high,bulk_stamp
2026Q1,9611.HK,prospectus,col_O,value_with_quote,312,high,bulk_stamp
2026Q1,9611.HK,prospectus,col_P,value_with_quote,312,high,bulk_stamp
2026Q1,9611.HK,prospectus,col_Q,value_with_quote,312,high,bulk_stamp
2026Q1,9611.HK,prospectus,col_R,value_with_quote,2,high,bulk_stamp
2026Q1,9611.HK,prospectus,col_S,value_with_quote,2,high,bulk_stamp
2026Q1,9611.HK,prospectus,col_T,value_with_quote,2,high,bulk_stamp
2026Q1,9611.HK,prospectus,col_U,unknown,,high,bulk_stamp
2026Q1,9611.HK,prospectus,col_AO,value_with_quote,404,high,bulk_stamp
2026Q1,9611.HK,prospectus,col_AP,value_with_quote,404,high,bulk_stamp
2026Q1,9611.HK,prospectus,col_AQ,value_with_quote,404,high,bulk_stamp
2026Q1,9611.HK,prospectus,col_AS,value_with_quote,186,high,bulk_stamp
2026Q1,9611.HK,prospectus,col_BA,value_with_quote,652,medium,bulk_stamp
2026Q1,9611.HK,prospectus,col_vc_backed,value_with_quote,652,high,bulk_stamp
2026Q1,9611.HK,prospectus,col_pe_backed,value_with_quote,652,high,bulk_stamp
2026Q1,9611.HK,prospectus,col_cvc_backed,value_with_quote,652,high,bulk_stamp
2026Q1,9611.HK,prospectus,col_gov_backed,value_with_quote,652,high,bulk_stamp
2026Q1,9611.HK,prospectus,col_top_tier_vc,value_with_quote,652,high,bulk_stamp
2026Q1,9611.HK,prospectus,col_vc_board_seat,value_with_quote,652,high,bulk_stamp
2026Q1,9611.HK,prospectus,col_vc_pe_stake,value_with_quote,652,high,bulk_stamp
2026Q1,9611.HK,prospectus,col_pre_ipo_investors,value_with_quote,652,high,bulk_stamp
2026Q1,9611.HK,prospectus,col_BC,value_with_quote,31,medium,bulk_stamp
2026Q1,9611.HK,prospectus,col_BD,value_with_quote,31,high,bulk_stamp
2026Q1,9611.HK,prospectus,col_CC,value_with_quote,5,high,bulk_stamp
2026Q1,9611.HK,prospectus,col_CD,value_with_quote,5,high,bulk_stamp
2026Q1,9611.HK,prospectus,col_CE,value_with_quote,312,high,bulk_stamp
2026Q1,9611.HK,prospectus,col_CI,value_with_quote,31,high,bulk_stamp
2026Q1,9611.HK,prospectus,col_CJ,value_with_quote,384,high,bulk_stamp
2026Q1,9611.HK,allot,col_CK,value_with_quote,14,high,bulk_stamp
2026Q1,9611.HK,allot,col_CM,value_with_quote,4,high,bulk_stamp
2026Q1,9611.HK,allot,col_CN,value_with_quote,4,high,bulk_stamp
2026Q1,9611.HK,allot,col_CO,value_with_quote,17,medium,bulk_stamp
2026Q1,9611.HK,allot,col_CQ,value_with_quote,2,high,bulk_stamp
2026Q1,9611.HK,allot,col_CR,value_with_quote,1,high,bulk_stamp
2026Q1,9611.HK,allot,col_CS,value_with_quote,3,high,bulk_stamp
2026Q1,9611.HK,allot,col_CT,value_with_quote,4,high,bulk_stamp
2026Q1,9611.HK,allot,col_CU,value_with_quote,2,high,bulk_stamp
2026Q1,9611.HK,allot,col_CV,derived_rule,,high,bulk_stamp
2026Q1,9611.HK,allot,col_CW,value_with_quote,4,high,bulk_stamp
2026Q1,9611.HK,allot,col_CX,value_with_quote,4,high,bulk_stamp
2026Q1,9611.HK,allot,col_CY,value_with_quote,27,high,bulk_stamp
2026Q1,9611.HK,allot,col_CZ,value_with_quote,3,high,bulk_stamp
2026Q1,9611.HK,allot,col_DA,value_with_quote,27,high,bulk_stamp
2026Q1,9611.HK,allot,col_DC,value_with_quote,3,high,bulk_stamp
2026Q1,1768.HK,prospectus,col_L,value_with_quote,269,high,bulk_stamp
2026Q1,1768.HK,prospectus,col_M,value_with_quote,2,high,bulk_stamp
2026Q1,1768.HK,prospectus,col_N,value_with_quote,269,high,bulk_stamp
2026Q1,1768.HK,prospectus,col_O,value_with_quote,269,high,bulk_stamp
2026Q1,1768.HK,prospectus,col_P,value_with_quote,269,high,bulk_stamp
2026Q1,1768.HK,prospectus,col_Q,value_with_quote,269,high,bulk_stamp
2026Q1,1768.HK,prospectus,col_R,value_with_quote,2,high,bulk_stamp
2026Q1,1768.HK,prospectus,col_S,value_with_quote,2,high,bulk_stamp
2026Q1,1768.HK,prospectus,col_T,value_with_quote,2,high,bulk_stamp
2026Q1,1768.HK,prospectus,col_U,value_with_quote,2,high,bulk_stamp
2026Q1,1768.HK,prospectus,col_AO,value_with_quote,359,high,bulk_stamp
2026Q1,1768.HK,prospectus,col_AP,value_with_quote,359,high,bulk_stamp
2026Q1,1768.HK,prospectus,col_AQ,value_with_quote,359,high,bulk_stamp
2026Q1,1768.HK,prospectus,col_AS,value_with_quote,46,high,bulk_stamp
2026Q1,1768.HK,prospectus,col_BA,value_with_quote,32,high,bulk_stamp
2026Q1,1768.HK,prospectus,col_vc_backed,value_with_quote,32,high,bulk_stamp
2026Q1,1768.HK,prospectus,col_pe_backed,value_with_quote,32,high,bulk_stamp
2026Q1,1768.HK,prospectus,col_cvc_backed,value_with_quote,32,high,bulk_stamp
2026Q1,1768.HK,prospectus,col_gov_backed,value_with_quote,32,high,bulk_stamp
2026Q1,1768.HK,prospectus,col_top_tier_vc,value_with_quote,32,high,bulk_stamp
2026Q1,1768.HK,prospectus,col_vc_board_seat,value_with_quote,32,high,bulk_stamp
2026Q1,1768.HK,prospectus,col_vc_pe_stake,value_with_quote,32,high,bulk_stamp
2026Q1,1768.HK,prospectus,col_pre_ipo_investors,value_with_quote,32,high,bulk_stamp
2026Q1,1768.HK,prospectus,col_BC,value_with_quote,90,high,bulk_stamp
2026Q1,1768.HK,prospectus,col_BD,value_with_quote,32,high,bulk_stamp
2026Q1,1768.HK,prospectus,col_CC,value_with_quote,5,high,bulk_stamp
2026Q1,1768.HK,prospectus,col_CD,value_with_quote,5,high,bulk_stamp
2026Q1,1768.HK,prospectus,col_CE,value_with_quote,581,high,bulk_stamp
2026Q1,1768.HK,prospectus,col_CI,value_with_quote,359,high,bulk_stamp
2026Q1,1768.HK,prospectus,col_CJ,value_with_quote,336,high,bulk_stamp
2026Q1,1768.HK,allot,col_CK,value_with_quote,6,high,bulk_stamp
2026Q1,1768.HK,allot,col_CM,value_with_quote,5,high,bulk_stamp
2026Q1,1768.HK,allot,col_CN,value_with_quote,5,high,bulk_stamp
2026Q1,1768.HK,allot,col_CO,value_with_quote,19,medium,bulk_stamp
2026Q1,1768.HK,allot,col_CQ,value_with_quote,2,high,bulk_stamp
2026Q1,1768.HK,allot,col_CR,value_with_quote,1,high,bulk_stamp
2026Q1,1768.HK,allot,col_CS,value_with_quote,3,high,bulk_stamp
2026Q1,1768.HK,allot,col_CT,value_with_quote,5,high,bulk_stamp
2026Q1,1768.HK,allot,col_CU,value_with_quote,5,high,bulk_stamp
2026Q1,1768.HK,allot,col_CV,value_with_quote,1,high,bulk_stamp
2026Q1,1768.HK,allot,col_CW,value_with_quote,5,high,bulk_stamp
2026Q1,1768.HK,allot,col_CX,value_with_quote,4,high,bulk_stamp
2026Q1,1768.HK,allot,col_CY,value_with_quote,36,high,bulk_stamp
2026Q1,1768.HK,allot,col_CZ,value_with_quote,3,high,bulk_stamp
2026Q1,1768.HK,allot,col_DA,value_with_quote,36,medium,bulk_stamp
2026Q1,1768.HK,allot,col_DC,value_with_quote,3,medium,bulk_stamp
2026Q1,9980.HK,prospectus,col_L,value_with_quote,374,high,bulk_stamp
2026Q1,9980.HK,prospectus,col_M,value_with_quote,2,high,bulk_stamp
2026Q1,9980.HK,prospectus,col_N,value_with_quote,374,high,bulk_stamp
2026Q1,9980.HK,prospectus,col_O,value_with_quote,374,high,bulk_stamp
2026Q1,9980.HK,prospectus,col_P,value_with_quote,374,high,bulk_stamp
2026Q1,9980.HK,prospectus,col_Q,value_with_quote,374,high,bulk_stamp
2026Q1,9980.HK,prospectus,col_R,value_with_quote,2,high,bulk_stamp
2026Q1,9980.HK,prospectus,col_S,value_with_quote,2,high,bulk_stamp
2026Q1,9980.HK,prospectus,col_T,value_with_quote,2,high,bulk_stamp
2026Q1,9980.HK,prospectus,col_U,unknown,,high,bulk_stamp
2026Q1,9980.HK,prospectus,col_AO,value_with_quote,389,high,bulk_stamp
2026Q1,9980.HK,prospectus,col_AP,value_with_quote,389,high,bulk_stamp
2026Q1,9980.HK,prospectus,col_AQ,value_with_quote,388,high,bulk_stamp
2026Q1,9980.HK,prospectus,col_AS,value_with_quote,155,high,bulk_stamp
2026Q1,9980.HK,prospectus,col_BA,value_with_quote,25,medium,bulk_stamp
2026Q1,9980.HK,prospectus,col_vc_backed,value_with_quote,25,high,bulk_stamp
2026Q1,9980.HK,prospectus,col_pe_backed,value_with_quote,25,high,bulk_stamp
2026Q1,9980.HK,prospectus,col_cvc_backed,value_with_quote,25,high,bulk_stamp
2026Q1,9980.HK,prospectus,col_gov_backed,value_with_quote,25,high,bulk_stamp
2026Q1,9980.HK,prospectus,col_top_tier_vc,value_with_quote,25,high,bulk_stamp
2026Q1,9980.HK,prospectus,col_vc_board_seat,value_with_quote,25,high,bulk_stamp
2026Q1,9980.HK,prospectus,col_vc_pe_stake,value_with_quote,25,high,bulk_stamp
2026Q1,9980.HK,prospectus,col_pre_ipo_investors,unknown,25,high,bulk_stamp
2026Q1,9980.HK,prospectus,col_BC,value_with_quote,25,high,bulk_stamp
2026Q1,9980.HK,prospectus,col_BD,value_with_quote,25,high,bulk_stamp
2026Q1,9980.HK,prospectus,col_CC,value_with_quote,5,high,bulk_stamp
2026Q1,9980.HK,prospectus,col_CD,value_with_quote,5,high,bulk_stamp
2026Q1,9980.HK,prospectus,col_CE,value_with_quote,374,high,bulk_stamp
2026Q1,9980.HK,prospectus,col_CI,value_with_quote,29,high,bulk_stamp
2026Q1,9980.HK,prospectus,col_CJ,value_with_quote,328,high,bulk_stamp
2026Q1,9980.HK,allot,col_CK,value_with_quote,5,high,bulk_stamp
2026Q1,9980.HK,allot,col_CM,value_with_quote,3,high,bulk_stamp
2026Q1,9980.HK,allot,col_CN,value_with_quote,3,high,bulk_stamp
2026Q1,9980.HK,allot,col_CO,value_with_quote,18,medium,bulk_stamp
2026Q1,9980.HK,allot,col_CQ,value_with_quote,2,high,bulk_stamp
2026Q1,9980.HK,allot,col_CR,value_with_quote,1,high,bulk_stamp
2026Q1,9980.HK,allot,col_CS,value_with_quote,1,high,bulk_stamp
2026Q1,9980.HK,allot,col_CT,value_with_quote,3,high,bulk_stamp
2026Q1,9980.HK,allot,col_CU,value_with_quote,29,high,bulk_stamp
2026Q1,9980.HK,allot,col_CV,value_with_quote,2,high,bulk_stamp
2026Q1,9980.HK,allot,col_CW,value_with_quote,3,high,bulk_stamp
2026Q1,9980.HK,allot,col_CX,value_with_quote,2,high,bulk_stamp
2026Q1,9980.HK,allot,col_CY,value_with_quote,32,medium,bulk_stamp
2026Q1,9980.HK,allot,col_CZ,value_with_quote,1,high,bulk_stamp
2026Q1,9980.HK,allot,col_DA,value_with_quote,32,medium,bulk_stamp
2026Q1,9980.HK,allot,col_DC,value_with_quote,1,medium,bulk_stamp
2026Q1,2768.HK,prospectus,col_L,value_with_quote,273,high,bulk_stamp
2026Q1,2768.HK,prospectus,col_M,value_with_quote,2,high,bulk_stamp
2026Q1,2768.HK,prospectus,col_N,value_with_quote,273,high,bulk_stamp
2026Q1,2768.HK,prospectus,col_O,value_with_quote,273,high,bulk_stamp
2026Q1,2768.HK,prospectus,col_P,value_with_quote,273,high,bulk_stamp
2026Q1,2768.HK,prospectus,col_Q,value_with_quote,273,high,bulk_stamp
2026Q1,2768.HK,prospectus,col_R,value_with_quote,2,high,bulk_stamp
2026Q1,2768.HK,prospectus,col_S,value_with_quote,2,high,bulk_stamp
2026Q1,2768.HK,prospectus,col_T,value_with_quote,2,high,bulk_stamp
2026Q1,2768.HK,prospectus,col_U,value_with_quote,2,high,bulk_stamp
2026Q1,2768.HK,prospectus,col_AO,value_with_quote,366,high,bulk_stamp
2026Q1,2768.HK,prospectus,col_AP,value_with_quote,366,high,bulk_stamp
2026Q1,2768.HK,prospectus,col_AQ,value_with_quote,2,high,bulk_stamp
2026Q1,2768.HK,prospectus,col_AS,value_with_quote,159,high,bulk_stamp
2026Q1,2768.HK,prospectus,col_BA,value_with_quote,150,medium,bulk_stamp
2026Q1,2768.HK,prospectus,col_vc_backed,value_with_quote,150,high,bulk_stamp
2026Q1,2768.HK,prospectus,col_pe_backed,value_with_quote,150,high,bulk_stamp
2026Q1,2768.HK,prospectus,col_cvc_backed,value_with_quote,150,high,bulk_stamp
2026Q1,2768.HK,prospectus,col_gov_backed,value_with_quote,150,high,bulk_stamp
2026Q1,2768.HK,prospectus,col_top_tier_vc,value_with_quote,150,high,bulk_stamp
2026Q1,2768.HK,prospectus,col_vc_board_seat,value_with_quote,150,high,bulk_stamp
2026Q1,2768.HK,prospectus,col_vc_pe_stake,value_with_quote,150,high,bulk_stamp
2026Q1,2768.HK,prospectus,col_pre_ipo_investors,unknown,150,high,bulk_stamp
2026Q1,2768.HK,prospectus,col_BC,value_with_quote,25,high,bulk_stamp
2026Q1,2768.HK,prospectus,col_BD,value_with_quote,61,medium,bulk_stamp
2026Q1,2768.HK,prospectus,col_CC,value_with_quote,5,high,bulk_stamp
2026Q1,2768.HK,prospectus,col_CD,value_with_quote,5,high,bulk_stamp
2026Q1,2768.HK,prospectus,col_CE,value_with_quote,163,high,bulk_stamp
2026Q1,2768.HK,prospectus,col_CI,value_with_quote,29,medium,bulk_stamp
2026Q1,2768.HK,prospectus,col_CJ,value_with_quote,268,high,bulk_stamp
2026Q1,2768.HK,allot,col_CK,value_with_quote,10,high,bulk_stamp
2026Q1,2768.HK,allot,col_CM,value_with_quote,4,high,bulk_stamp
2026Q1,2768.HK,allot,col_CN,value_with_quote,4,high,bulk_stamp
2026Q1,2768.HK,allot,col_CO,value_with_quote,12,medium,bulk_stamp
2026Q1,2768.HK,allot,col_CQ,value_with_quote,5,high,bulk_stamp
2026Q1,2768.HK,allot,col_CR,value_with_quote,1,high,bulk_stamp
2026Q1,2768.HK,allot,col_CS,value_with_quote,2,high,bulk_stamp
2026Q1,2768.HK,allot,col_CT,value_with_quote,4,high,bulk_stamp
2026Q1,2768.HK,allot,col_CU,value_with_quote,4,high,bulk_stamp
2026Q1,2768.HK,allot,col_CV,derived_rule,,high,bulk_stamp
2026Q1,2768.HK,allot,col_CW,value_with_quote,4,high,bulk_stamp
2026Q1,2768.HK,allot,col_CX,value_with_quote,3,high,bulk_stamp
2026Q1,2768.HK,allot,col_CY,value_with_quote,22,high,bulk_stamp
2026Q1,2768.HK,allot,col_CZ,value_with_quote,3,high,bulk_stamp
2026Q1,2768.HK,allot,col_DA,value_with_quote,22,medium,bulk_stamp
2026Q1,2768.HK,allot,col_DC,value_with_quote,3,medium,bulk_stamp
2026Q1,2677.HK,prospectus,col_L,value_with_quote,426,high,bulk_stamp
2026Q1,2677.HK,prospectus,col_M,value_with_quote,2,high,bulk_stamp
2026Q1,2677.HK,prospectus,col_N,value_with_quote,426,high,bulk_stamp
2026Q1,2677.HK,prospectus,col_O,value_with_quote,426,high,bulk_stamp
2026Q1,2677.HK,prospectus,col_P,value_with_quote,426,high,bulk_stamp
2026Q1,2677.HK,prospectus,col_Q,value_with_quote,426,high,bulk_stamp
2026Q1,2677.HK,prospectus,col_R,value_with_quote,2,high,bulk_stamp
2026Q1,2677.HK,prospectus,col_S,value_with_quote,2,high,bulk_stamp
2026Q1,2677.HK,prospectus,col_T,value_with_quote,2,high,bulk_stamp
2026Q1,2677.HK,prospectus,col_U,value_with_quote,2,high,bulk_stamp
2026Q1,2677.HK,prospectus,col_AO,value_with_quote,479,high,bulk_stamp
2026Q1,2677.HK,prospectus,col_AP,value_with_quote,479,high,bulk_stamp
2026Q1,2677.HK,prospectus,col_AQ,value_with_quote,479,high,bulk_stamp
2026Q1,2677.HK,prospectus,col_AS,value_with_quote,34,high,bulk_stamp
2026Q1,2677.HK,prospectus,col_BA,value_with_quote,34,high,bulk_stamp
2026Q1,2677.HK,prospectus,col_vc_backed,value_with_quote,34,high,bulk_stamp
2026Q1,2677.HK,prospectus,col_pe_backed,value_with_quote,34,high,bulk_stamp
2026Q1,2677.HK,prospectus,col_cvc_backed,value_with_quote,34,high,bulk_stamp
2026Q1,2677.HK,prospectus,col_gov_backed,value_with_quote,34,high,bulk_stamp
2026Q1,2677.HK,prospectus,col_top_tier_vc,value_with_quote,34,high,bulk_stamp
2026Q1,2677.HK,prospectus,col_vc_board_seat,value_with_quote,34,high,bulk_stamp
2026Q1,2677.HK,prospectus,col_vc_pe_stake,value_with_quote,34,high,bulk_stamp
2026Q1,2677.HK,prospectus,col_pre_ipo_investors,value_with_quote,34,high,bulk_stamp
2026Q1,2677.HK,prospectus,col_BC,value_with_quote,429,high,bulk_stamp
2026Q1,2677.HK,prospectus,col_BD,value_with_quote,34,high,bulk_stamp
2026Q1,2677.HK,prospectus,col_CC,value_with_quote,5,high,bulk_stamp
2026Q1,2677.HK,prospectus,col_CD,value_with_quote,5,high,bulk_stamp
2026Q1,2677.HK,prospectus,col_CE,value_with_quote,36,high,bulk_stamp
2026Q1,2677.HK,prospectus,col_CI,value_with_quote,479,medium,bulk_stamp
2026Q1,2677.HK,prospectus,col_CJ,value_with_quote,434,high,bulk_stamp
2026Q1,2677.HK,allot,col_CK,value_with_quote,6,high,bulk_stamp
2026Q1,2677.HK,allot,col_CM,value_with_quote,4,high,bulk_stamp
2026Q1,2677.HK,allot,col_CN,value_with_quote,4,high,bulk_stamp
2026Q1,2677.HK,allot,col_CO,value_with_quote,13,medium,bulk_stamp
2026Q1,2677.HK,allot,col_CQ,value_with_quote,2,high,bulk_stamp
2026Q1,2677.HK,allot,col_CR,value_with_quote,1,high,bulk_stamp
2026Q1,2677.HK,allot,col_CS,value_with_quote,3,high,bulk_stamp
2026Q1,2677.HK,allot,col_CT,value_with_quote,3,high,bulk_stamp
2026Q1,2677.HK,allot,col_CU,value_with_quote,3,high,bulk_stamp
2026Q1,2677.HK,allot,col_CV,value_with_quote,1,high,bulk_stamp
2026Q1,2677.HK,allot,col_CW,value_with_quote,4,high,bulk_stamp
2026Q1,2677.HK,allot,col_CX,value_with_quote,4,high,bulk_stamp
2026Q1,2677.HK,allot,col_CY,value_with_quote,17,high,bulk_stamp
2026Q1,2677.HK,allot,col_CZ,value_with_quote,3,high,bulk_stamp
2026Q1,2677.HK,allot,col_DA,value_with_quote,17,medium,bulk_stamp
2026Q1,2677.HK,allot,col_DC,value_with_quote,3,medium,bulk_stamp
2026Q1,2714.HK,prospectus,col_L,value_with_quote,333,high,bulk_stamp
2026Q1,2714.HK,prospectus,col_M,value_with_quote,2,high,bulk_stamp
2026Q1,2714.HK,prospectus,col_N,value_with_quote,333,high,bulk_stamp
2026Q1,2714.HK,prospectus,col_O,value_with_quote,333,high,bulk_stamp
2026Q1,2714.HK,prospectus,col_P,value_with_quote,333,high,bulk_stamp
2026Q1,2714.HK,prospectus,col_Q,value_with_quote,333,high,bulk_stamp
2026Q1,2714.HK,prospectus,col_R,value_with_quote,2,high,bulk_stamp
2026Q1,2714.HK,prospectus,col_S,value_with_quote,2,high,bulk_stamp
2026Q1,2714.HK,prospectus,col_T,value_with_quote,2,high,bulk_stamp
2026Q1,2714.HK,prospectus,col_U,unknown,,high,bulk_stamp
2026Q1,2714.HK,prospectus,col_AO,value_with_quote,441,high,bulk_stamp
2026Q1,2714.HK,prospectus,col_AP,value_with_quote,441,high,bulk_stamp
2026Q1,2714.HK,prospectus,col_AQ,value_with_quote,450,high,bulk_stamp
2026Q1,2714.HK,prospectus,col_AS,value_with_quote,192,high,bulk_stamp
2026Q1,2714.HK,prospectus,col_BA,value_with_quote,188,medium,bulk_stamp
2026Q1,2714.HK,prospectus,col_vc_backed,value_with_quote,188,high,bulk_stamp
2026Q1,2714.HK,prospectus,col_pe_backed,value_with_quote,188,high,bulk_stamp
2026Q1,2714.HK,prospectus,col_cvc_backed,value_with_quote,188,high,bulk_stamp
2026Q1,2714.HK,prospectus,col_gov_backed,value_with_quote,188,high,bulk_stamp
2026Q1,2714.HK,prospectus,col_top_tier_vc,value_with_quote,188,high,bulk_stamp
2026Q1,2714.HK,prospectus,col_vc_board_seat,value_with_quote,188,high,bulk_stamp
2026Q1,2714.HK,prospectus,col_vc_pe_stake,value_with_quote,188,high,bulk_stamp
2026Q1,2714.HK,prospectus,col_pre_ipo_investors,value_with_quote,188,high,bulk_stamp
2026Q1,2714.HK,prospectus,col_BC,value_with_quote,37,high,bulk_stamp
2026Q1,2714.HK,prospectus,col_BD,value_with_quote,37,high,bulk_stamp
2026Q1,2714.HK,prospectus,col_CC,value_with_quote,5,high,bulk_stamp
2026Q1,2714.HK,prospectus,col_CD,value_with_quote,5,high,bulk_stamp
2026Q1,2714.HK,prospectus,col_CE,value_with_quote,333,high,bulk_stamp
2026Q1,2714.HK,prospectus,col_CI,value_with_quote,442,high,bulk_stamp
2026Q1,2714.HK,prospectus,col_CJ,value_with_quote,340,high,bulk_stamp
2026Q1,2714.HK,allot,col_CK,value_with_quote,7,high,bulk_stamp
2026Q1,2714.HK,allot,col_CM,value_with_quote,4,high,bulk_stamp
2026Q1,2714.HK,allot,col_CN,value_with_quote,4,high,bulk_stamp
2026Q1,2714.HK,allot,col_CO,value_with_quote,19,medium,bulk_stamp
2026Q1,2714.HK,allot,col_CQ,value_with_quote,2,high,bulk_stamp
2026Q1,2714.HK,allot,col_CR,value_with_quote,1,high,bulk_stamp
2026Q1,2714.HK,allot,col_CS,value_with_quote,3,high,bulk_stamp
2026Q1,2714.HK,allot,col_CT,value_with_quote,4,high,bulk_stamp
2026Q1,2714.HK,allot,col_CU,value_with_quote,5,high,bulk_stamp
2026Q1,2714.HK,allot,col_CV,value_with_quote,1,high,bulk_stamp
2026Q1,2714.HK,allot,col_CW,value_with_quote,4,high,bulk_stamp
2026Q1,2714.HK,allot,col_CX,value_with_quote,4,high,bulk_stamp
2026Q1,2714.HK,allot,col_CY,value_with_quote,32,medium,bulk_stamp
2026Q1,2714.HK,allot,col_CZ,value_with_quote,3,high,bulk_stamp
2026Q1,2714.HK,allot,col_DA,value_with_quote,32,medium,bulk_stamp
2026Q1,2714.HK,allot,col_DC,value_with_quote,3,medium,bulk_stamp
2026Q1,3200.HK,prospectus,col_L,value_with_quote,312,high,bulk_stamp
2026Q1,3200.HK,prospectus,col_M,value_with_quote,2,high,bulk_stamp
2026Q1,3200.HK,prospectus,col_N,value_with_quote,312,high,bulk_stamp
2026Q1,3200.HK,prospectus,col_O,value_with_quote,312,high,bulk_stamp
2026Q1,3200.HK,prospectus,col_P,value_with_quote,312,high,bulk_stamp
2026Q1,3200.HK,prospectus,col_Q,value_with_quote,312,high,bulk_stamp
2026Q1,3200.HK,prospectus,col_R,value_with_quote,2,high,bulk_stamp
2026Q1,3200.HK,prospectus,col_S,value_with_quote,2,high,bulk_stamp
2026Q1,3200.HK,prospectus,col_T,value_with_quote,2,high,bulk_stamp
2026Q1,3200.HK,prospectus,col_U,unknown,104,high,bulk_stamp
2026Q1,3200.HK,prospectus,col_AO,value_with_quote,426,high,bulk_stamp
2026Q1,3200.HK,prospectus,col_AP,value_with_quote,426,high,bulk_stamp
2026Q1,3200.HK,prospectus,col_AQ,value_with_quote,434,high,bulk_stamp
2026Q1,3200.HK,prospectus,col_AS,value_with_quote,167,high,bulk_stamp
2026Q1,3200.HK,prospectus,col_BA,value_with_quote,165,medium,bulk_stamp
2026Q1,3200.HK,prospectus,col_vc_backed,value_with_quote,165,high,bulk_stamp
2026Q1,3200.HK,prospectus,col_pe_backed,value_with_quote,165,high,bulk_stamp
2026Q1,3200.HK,prospectus,col_cvc_backed,value_with_quote,165,high,bulk_stamp
2026Q1,3200.HK,prospectus,col_gov_backed,value_with_quote,165,high,bulk_stamp
2026Q1,3200.HK,prospectus,col_top_tier_vc,value_with_quote,165,high,bulk_stamp
2026Q1,3200.HK,prospectus,col_vc_board_seat,value_with_quote,165,high,bulk_stamp
2026Q1,3200.HK,prospectus,col_vc_pe_stake,value_with_quote,165,high,bulk_stamp
2026Q1,3200.HK,prospectus,col_pre_ipo_investors,unknown,165,high,bulk_stamp
2026Q1,3200.HK,prospectus,col_BC,value_with_quote,35,high,bulk_stamp
2026Q1,3200.HK,prospectus,col_BD,value_with_quote,86,high,bulk_stamp
2026Q1,3200.HK,prospectus,col_CC,value_with_quote,4,high,bulk_stamp
2026Q1,3200.HK,prospectus,col_CD,value_with_quote,4,high,bulk_stamp
2026Q1,3200.HK,prospectus,col_CE,value_with_quote,312,high,bulk_stamp
2026Q1,3200.HK,prospectus,col_CI,value_with_quote,34,high,bulk_stamp
2026Q1,3200.HK,prospectus,col_CJ,value_with_quote,325,high,bulk_stamp
2026Q1,3200.HK,allot,col_CK,value_with_quote,5,high,bulk_stamp
2026Q1,3200.HK,allot,col_CM,value_with_quote,4,high,bulk_stamp
2026Q1,3200.HK,allot,col_CN,value_with_quote,4,high,bulk_stamp
2026Q1,3200.HK,allot,col_CO,value_with_quote,15,medium,bulk_stamp
2026Q1,3200.HK,allot,col_CQ,value_with_quote,2,high,bulk_stamp
2026Q1,3200.HK,allot,col_CR,value_with_quote,1,high,bulk_stamp
2026Q1,3200.HK,allot,col_CS,value_with_quote,3,high,bulk_stamp
2026Q1,3200.HK,allot,col_CT,value_with_quote,4,high,bulk_stamp
2026Q1,3200.HK,allot,col_CU,value_with_quote,4,high,bulk_stamp
2026Q1,3200.HK,allot,col_CV,value_with_quote,1,high,bulk_stamp
2026Q1,3200.HK,allot,col_CW,value_with_quote,4,high,bulk_stamp
2026Q1,3200.HK,allot,col_CX,value_with_quote,3,high,bulk_stamp
2026Q1,3200.HK,allot,col_CY,value_with_quote,28,high,bulk_stamp
2026Q1,3200.HK,allot,col_CZ,value_with_quote,3,high,bulk_stamp
2026Q1,3200.HK,allot,col_DA,value_with_quote,28,medium,bulk_stamp
2026Q1,3200.HK,allot,col_DC,value_with_quote,3,medium,bulk_stamp
2026Q1,6809.HK,prospectus,col_L,value_with_quote,272,high,bulk_stamp
2026Q1,6809.HK,prospectus,col_M,value_with_quote,272,high,bulk_stamp
2026Q1,6809.HK,prospectus,col_N,value_with_quote,272,high,bulk_stamp
2026Q1,6809.HK,prospectus,col_O,value_with_quote,272,high,bulk_stamp
2026Q1,6809.HK,prospectus,col_P,value_with_quote,272,high,bulk_stamp
2026Q1,6809.HK,prospectus,col_Q,value_with_quote,272,high,bulk_stamp
2026Q1,6809.HK,prospectus,col_R,value_with_quote,2,high,bulk_stamp
2026Q1,6809.HK,prospectus,col_S,value_with_quote,2,high,bulk_stamp
2026Q1,6809.HK,prospectus,col_T,value_with_quote,2,high,bulk_stamp
2026Q1,6809.HK,prospectus,col_U,unknown,,high,bulk_stamp
2026Q1,6809.HK,prospectus,col_AO,value_with_quote,336,high,bulk_stamp
2026Q1,6809.HK,prospectus,col_AP,value_with_quote,336,high,bulk_stamp
2026Q1,6809.HK,prospectus,col_AQ,value_with_quote,336,high,bulk_stamp
2026Q1,6809.HK,prospectus,col_AS,value_with_quote,183,high,bulk_stamp
2026Q1,6809.HK,prospectus,col_BA,value_with_quote,179,high,bulk_stamp
2026Q1,6809.HK,prospectus,col_vc_backed,value_with_quote,179,high,bulk_stamp
2026Q1,6809.HK,prospectus,col_pe_backed,value_with_quote,179,high,bulk_stamp
2026Q1,6809.HK,prospectus,col_cvc_backed,value_with_quote,179,high,bulk_stamp
2026Q1,6809.HK,prospectus,col_gov_backed,value_with_quote,179,high,bulk_stamp
2026Q1,6809.HK,prospectus,col_top_tier_vc,value_with_quote,179,high,bulk_stamp
2026Q1,6809.HK,prospectus,col_vc_board_seat,value_with_quote,179,high,bulk_stamp
2026Q1,6809.HK,prospectus,col_vc_pe_stake,value_with_quote,179,high,bulk_stamp
2026Q1,6809.HK,prospectus,col_pre_ipo_investors,value_with_quote,179,high,bulk_stamp
2026Q1,6809.HK,prospectus,col_BC,value_with_quote,258,medium,bulk_stamp
2026Q1,6809.HK,prospectus,col_BD,value_with_quote,258,medium,bulk_stamp
2026Q1,6809.HK,prospectus,col_CC,value_with_quote,5,high,bulk_stamp
2026Q1,6809.HK,prospectus,col_CD,value_with_quote,5,high,bulk_stamp
2026Q1,6809.HK,prospectus,col_CE,value_with_quote,272,high,bulk_stamp
2026Q1,6809.HK,prospectus,col_CI,value_with_quote,29,high,bulk_stamp
2026Q1,6809.HK,prospectus,col_CJ,value_with_quote,270,high,bulk_stamp
2026Q1,6809.HK,allot,col_CK,value_with_quote,7,high,bulk_stamp
2026Q1,6809.HK,allot,col_CM,value_with_quote,5,high,bulk_stamp
2026Q1,6809.HK,allot,col_CN,value_with_quote,5,high,bulk_stamp
2026Q1,6809.HK,allot,col_CO,value_with_quote,17,medium,bulk_stamp
2026Q1,6809.HK,allot,col_CQ,value_with_quote,2,high,bulk_stamp
2026Q1,6809.HK,allot,col_CR,value_with_quote,1,high,bulk_stamp
2026Q1,6809.HK,allot,col_CS,value_with_quote,4,high,bulk_stamp
2026Q1,6809.HK,allot,col_CT,value_with_quote,5,high,bulk_stamp
2026Q1,6809.HK,allot,col_CU,value_with_quote,5,high,bulk_stamp
2026Q1,6809.HK,allot,col_CV,value_with_quote,1,high,bulk_stamp
2026Q1,6809.HK,allot,col_CW,value_with_quote,5,high,bulk_stamp
2026Q1,6809.HK,allot,col_CX,value_with_quote,5,high,bulk_stamp
2026Q1,6809.HK,allot,col_CY,value_with_quote,37,medium,bulk_stamp
2026Q1,6809.HK,allot,col_CZ,value_with_quote,4,high,bulk_stamp
2026Q1,6809.HK,allot,col_DA,value_with_quote,37,medium,bulk_stamp
2026Q1,6809.HK,allot,col_DC,value_with_quote,4,medium,bulk_stamp
2026Q1,0600.HK,prospectus,col_L,value_with_quote,251,high,bulk_stamp
2026Q1,0600.HK,prospectus,col_M,value_with_quote,2,high,bulk_stamp
2026Q1,0600.HK,prospectus,col_N,value_with_quote,251,high,bulk_stamp
2026Q1,0600.HK,prospectus,col_O,value_with_quote,251,high,bulk_stamp
2026Q1,0600.HK,prospectus,col_P,value_with_quote,251,high,bulk_stamp
2026Q1,0600.HK,prospectus,col_Q,value_with_quote,251,high,bulk_stamp
2026Q1,0600.HK,prospectus,col_R,value_with_quote,2,high,bulk_stamp
2026Q1,0600.HK,prospectus,col_S,value_with_quote,2,high,bulk_stamp
2026Q1,0600.HK,prospectus,col_T,value_with_quote,2,high,bulk_stamp
2026Q1,0600.HK,prospectus,col_U,value_with_quote,2,high,bulk_stamp
2026Q1,0600.HK,prospectus,col_AO,value_with_quote,351,high,bulk_stamp
2026Q1,0600.HK,prospectus,col_AP,value_with_quote,351,high,bulk_stamp
2026Q1,0600.HK,prospectus,col_AQ,value_with_quote,351,high,bulk_stamp
2026Q1,0600.HK,prospectus,col_AS,value_with_quote,26,high,bulk_stamp
2026Q1,0600.HK,prospectus,col_BA,value_with_quote,27,high,bulk_stamp
2026Q1,0600.HK,prospectus,col_vc_backed,value_with_quote,27,high,bulk_stamp
2026Q1,0600.HK,prospectus,col_pe_backed,value_with_quote,27,high,bulk_stamp
2026Q1,0600.HK,prospectus,col_cvc_backed,value_with_quote,27,high,bulk_stamp
2026Q1,0600.HK,prospectus,col_gov_backed,value_with_quote,27,high,bulk_stamp
2026Q1,0600.HK,prospectus,col_top_tier_vc,value_with_quote,27,high,bulk_stamp
2026Q1,0600.HK,prospectus,col_vc_board_seat,value_with_quote,27,high,bulk_stamp
2026Q1,0600.HK,prospectus,col_vc_pe_stake,value_with_quote,27,high,bulk_stamp
2026Q1,0600.HK,prospectus,col_pre_ipo_investors,value_with_quote,27,high,bulk_stamp
2026Q1,0600.HK,prospectus,col_BC,value_with_quote,254,medium,bulk_stamp
2026Q1,0600.HK,prospectus,col_BD,value_with_quote,254,high,bulk_stamp
2026Q1,0600.HK,prospectus,col_CC,value_with_quote,5,high,bulk_stamp
2026Q1,0600.HK,prospectus,col_CD,value_with_quote,5,high,bulk_stamp
2026Q1,0600.HK,prospectus,col_CE,value_with_quote,251,high,bulk_stamp
2026Q1,0600.HK,prospectus,col_CI,value_with_quote,28,high,bulk_stamp
2026Q1,0600.HK,prospectus,col_CJ,value_with_quote,331,high,bulk_stamp
2026Q1,0600.HK,allot,col_CK,value_with_quote,6,high,bulk_stamp
2026Q1,0600.HK,allot,col_CM,value_with_quote,5,high,bulk_stamp
2026Q1,0600.HK,allot,col_CN,value_with_quote,5,high,bulk_stamp
2026Q1,0600.HK,allot,col_CO,value_with_quote,20,medium,bulk_stamp
2026Q1,0600.HK,allot,col_CQ,unknown,2,high,bulk_stamp
2026Q1,0600.HK,allot,col_CR,value_with_quote,1,high,bulk_stamp
2026Q1,0600.HK,allot,col_CS,value_with_quote,3,high,bulk_stamp
2026Q1,0600.HK,allot,col_CT,value_with_quote,3,high,bulk_stamp
2026Q1,0600.HK,allot,col_CU,value_with_quote,3,high,bulk_stamp
2026Q1,0600.HK,allot,col_CV,value_with_quote,1,high,bulk_stamp
2026Q1,0600.HK,allot,col_CW,value_with_quote,5,high,bulk_stamp
2026Q1,0600.HK,allot,col_CX,value_with_quote,4,high,bulk_stamp
2026Q1,0600.HK,allot,col_CY,value_with_quote,30,high,bulk_stamp
2026Q1,0600.HK,allot,col_CZ,value_with_quote,3,high,bulk_stamp
2026Q1,0600.HK,allot,col_DA,value_with_quote,30,medium,bulk_stamp
2026Q1,0600.HK,allot,col_DC,value_with_quote,3,high,bulk_stamp
2026Q1,2720.HK,prospectus,col_L,value_with_quote,267,high,bulk_stamp
2026Q1,2720.HK,prospectus,col_M,value_with_quote,2,high,bulk_stamp
2026Q1,2720.HK,prospectus,col_N,value_with_quote,267,high,bulk_stamp
2026Q1,2720.HK,prospectus,col_O,value_with_quote,267,high,bulk_stamp
2026Q1,2720.HK,prospectus,col_P,value_with_quote,267,high,bulk_stamp
2026Q1,2720.HK,prospectus,col_Q,value_with_quote,267,high,bulk_stamp
2026Q1,2720.HK,prospectus,col_R,value_with_quote,2,high,bulk_stamp
2026Q1,2720.HK,prospectus,col_S,value_with_quote,2,high,bulk_stamp
2026Q1,2720.HK,prospectus,col_T,value_with_quote,2,high,bulk_stamp
2026Q1,2720.HK,prospectus,col_U,value_with_quote,2,high,bulk_stamp
2026Q1,2720.HK,prospectus,col_AO,value_with_quote,347,high,bulk_stamp
2026Q1,2720.HK,prospectus,col_AP,value_with_quote,347,high,bulk_stamp
2026Q1,2720.HK,prospectus,col_AQ,value_with_quote,43,medium,bulk_stamp
2026Q1,2720.HK,prospectus,col_AS,value_with_quote,42,high,bulk_stamp
2026Q1,2720.HK,prospectus,col_BA,value_with_quote,147,medium,bulk_stamp
2026Q1,2720.HK,prospectus,col_vc_backed,value_with_quote,147,high,bulk_stamp
2026Q1,2720.HK,prospectus,col_pe_backed,value_with_quote,147,high,bulk_stamp
2026Q1,2720.HK,prospectus,col_cvc_backed,value_with_quote,147,high,bulk_stamp
2026Q1,2720.HK,prospectus,col_gov_backed,value_with_quote,147,high,bulk_stamp
2026Q1,2720.HK,prospectus,col_top_tier_vc,value_with_quote,147,high,bulk_stamp
2026Q1,2720.HK,prospectus,col_vc_board_seat,value_with_quote,147,high,bulk_stamp
2026Q1,2720.HK,prospectus,col_vc_pe_stake,value_with_quote,147,high,bulk_stamp
2026Q1,2720.HK,prospectus,col_pre_ipo_investors,unknown,147,high,bulk_stamp
2026Q1,2720.HK,prospectus,col_BC,value_with_quote,31,high,bulk_stamp
2026Q1,2720.HK,prospectus,col_BD,value_with_quote,266,high,bulk_stamp
2026Q1,2720.HK,prospectus,col_CC,value_with_quote,5,high,bulk_stamp
2026Q1,2720.HK,prospectus,col_CD,value_with_quote,5,high,bulk_stamp
2026Q1,2720.HK,prospectus,col_CE,value_with_quote,267,high,bulk_stamp
2026Q1,2720.HK,prospectus,col_CI,value_with_quote,34,high,bulk_stamp
2026Q1,2720.HK,prospectus,col_CJ,value_with_quote,329,high,bulk_stamp
2026Q1,2720.HK,allot,col_CK,value_with_quote,5,high,bulk_stamp
2026Q1,2720.HK,allot,col_CM,value_with_quote,4,high,bulk_stamp
2026Q1,2720.HK,allot,col_CN,value_with_quote,4,high,bulk_stamp
2026Q1,2720.HK,allot,col_CO,value_with_quote,9,medium,bulk_stamp
2026Q1,2720.HK,allot,col_CQ,value_with_quote,2,high,bulk_stamp
2026Q1,2720.HK,allot,col_CR,value_with_quote,1,high,bulk_stamp
2026Q1,2720.HK,allot,col_CS,value_with_quote,2,high,bulk_stamp
2026Q1,2720.HK,allot,col_CT,value_with_quote,4,high,bulk_stamp
2026Q1,2720.HK,allot,col_CU,value_with_quote,4,high,bulk_stamp
2026Q1,2720.HK,allot,col_CV,derived_rule,,high,bulk_stamp
2026Q1,2720.HK,allot,col_CW,value_with_quote,4,high,bulk_stamp
2026Q1,2720.HK,allot,col_CX,value_with_quote,3,high,bulk_stamp
2026Q1,2720.HK,allot,col_CY,value_with_quote,12,high,bulk_stamp
2026Q1,2720.HK,allot,col_CZ,value_with_quote,3,high,bulk_stamp
2026Q1,2720.HK,allot,col_DA,value_with_quote,12,medium,bulk_stamp
2026Q1,2720.HK,allot,col_DC,value_with_quote,3,high,bulk_stamp
2026Q1,0470.HK,prospectus,col_L,value_with_quote,282,high,bulk_stamp
2026Q1,0470.HK,prospectus,col_M,value_with_quote,2,high,bulk_stamp
2026Q1,0470.HK,prospectus,col_N,value_with_quote,282,high,bulk_stamp
2026Q1,0470.HK,prospectus,col_O,value_with_quote,282,high,bulk_stamp
2026Q1,0470.HK,prospectus,col_P,value_with_quote,282,high,bulk_stamp
2026Q1,0470.HK,prospectus,col_Q,value_with_quote,282,high,bulk_stamp
2026Q1,0470.HK,prospectus,col_R,value_with_quote,2,high,bulk_stamp
2026Q1,0470.HK,prospectus,col_S,value_with_quote,2,high,bulk_stamp
2026Q1,0470.HK,prospectus,col_T,value_with_quote,2,high,bulk_stamp
2026Q1,0470.HK,prospectus,col_U,unknown,,high,bulk_stamp
2026Q1,0470.HK,prospectus,col_AO,value_with_quote,375,high,bulk_stamp
2026Q1,0470.HK,prospectus,col_AP,value_with_quote,375,high,bulk_stamp
2026Q1,0470.HK,prospectus,col_AQ,value_with_quote,375,high,bulk_stamp
2026Q1,0470.HK,prospectus,col_AS,value_with_quote,167,high,bulk_stamp
2026Q1,0470.HK,prospectus,col_BA,value_with_quote,281,medium,bulk_stamp
2026Q1,0470.HK,prospectus,col_vc_backed,value_with_quote,281,high,bulk_stamp
2026Q1,0470.HK,prospectus,col_pe_backed,value_with_quote,281,high,bulk_stamp
2026Q1,0470.HK,prospectus,col_cvc_backed,value_with_quote,281,high,bulk_stamp
2026Q1,0470.HK,prospectus,col_gov_backed,value_with_quote,281,high,bulk_stamp
2026Q1,0470.HK,prospectus,col_top_tier_vc,value_with_quote,281,high,bulk_stamp
2026Q1,0470.HK,prospectus,col_vc_board_seat,value_with_quote,281,high,bulk_stamp
2026Q1,0470.HK,prospectus,col_vc_pe_stake,value_with_quote,281,high,bulk_stamp
2026Q1,0470.HK,prospectus,col_pre_ipo_investors,unknown,281,high,bulk_stamp
2026Q1,0470.HK,prospectus,col_BC,value_with_quote,36,high,bulk_stamp
2026Q1,0470.HK,prospectus,col_BD,value_with_quote,36,high,bulk_stamp
2026Q1,0470.HK,prospectus,col_CC,value_with_quote,5,high,bulk_stamp
2026Q1,0470.HK,prospectus,col_CD,value_with_quote,5,high,bulk_stamp
2026Q1,0470.HK,prospectus,col_CE,value_with_quote,282,high,bulk_stamp
2026Q1,0470.HK,prospectus,col_CI,value_with_quote,376,high,bulk_stamp
2026Q1,0470.HK,prospectus,col_CJ,value_with_quote,354,high,bulk_stamp
2026Q1,0470.HK,allot,col_CK,value_with_quote,7,high,bulk_stamp
2026Q1,0470.HK,allot,col_CM,value_with_quote,4,high,bulk_stamp
2026Q1,0470.HK,allot,col_CN,value_with_quote,4,high,bulk_stamp
2026Q1,0470.HK,allot,col_CO,value_with_quote,17,medium,bulk_stamp
2026Q1,0470.HK,allot,col_CQ,value_with_quote,2,high,bulk_stamp
2026Q1,0470.HK,allot,col_CR,value_with_quote,1,high,bulk_stamp
2026Q1,0470.HK,allot,col_CS,value_with_quote,2,high,bulk_stamp
2026Q1,0470.HK,allot,col_CT,value_with_quote,4,high,bulk_stamp
2026Q1,0470.HK,allot,col_CU,value_with_quote,5,high,bulk_stamp
2026Q1,0470.HK,allot,col_CV,value_with_quote,1,high,bulk_stamp
2026Q1,0470.HK,allot,col_CW,value_with_quote,4,high,bulk_stamp
2026Q1,0470.HK,allot,col_CX,value_with_quote,4,high,bulk_stamp
2026Q1,0470.HK,allot,col_CY,value_with_quote,29,medium,bulk_stamp
2026Q1,0470.HK,allot,col_CZ,value_with_quote,3,high,bulk_stamp
2026Q1,0470.HK,allot,col_DA,value_with_quote,29,medium,bulk_stamp
2026Q1,0470.HK,allot,col_DC,value_with_quote,3,high,bulk_stamp
2026Q1,2706.HK,prospectus,col_L,value_with_quote,351,high,bulk_stamp
2026Q1,2706.HK,prospectus,col_M,value_with_quote,2,high,bulk_stamp
2026Q1,2706.HK,prospectus,col_N,value_with_quote,351,high,bulk_stamp
2026Q1,2706.HK,prospectus,col_O,value_with_quote,351,high,bulk_stamp
2026Q1,2706.HK,prospectus,col_P,value_with_quote,351,high,bulk_stamp
2026Q1,2706.HK,prospectus,col_Q,value_with_quote,351,high,bulk_stamp
2026Q1,2706.HK,prospectus,col_R,value_with_quote,2,high,bulk_stamp
2026Q1,2706.HK,prospectus,col_S,value_with_quote,2,high,bulk_stamp
2026Q1,2706.HK,prospectus,col_T,value_with_quote,2,high,bulk_stamp
2026Q1,2706.HK,prospectus,col_U,value_with_quote,2,high,bulk_stamp
2026Q1,2706.HK,prospectus,col_AO,value_with_quote,442,high,bulk_stamp
2026Q1,2706.HK,prospectus,col_AP,value_with_quote,442,high,bulk_stamp
2026Q1,2706.HK,prospectus,col_AQ,value_with_quote,419,high,bulk_stamp
2026Q1,2706.HK,prospectus,col_AS,value_with_quote,39,high,bulk_stamp
2026Q1,2706.HK,prospectus,col_BA,value_with_quote,40,high,bulk_stamp
2026Q1,2706.HK,prospectus,col_vc_backed,value_with_quote,40,high,bulk_stamp
2026Q1,2706.HK,prospectus,col_pe_backed,value_with_quote,40,high,bulk_stamp
2026Q1,2706.HK,prospectus,col_cvc_backed,value_with_quote,40,high,bulk_stamp
2026Q1,2706.HK,prospectus,col_gov_backed,value_with_quote,40,high,bulk_stamp
2026Q1,2706.HK,prospectus,col_top_tier_vc,value_with_quote,40,high,bulk_stamp
2026Q1,2706.HK,prospectus,col_vc_board_seat,value_with_quote,40,high,bulk_stamp
2026Q1,2706.HK,prospectus,col_vc_pe_stake,value_with_quote,40,high,bulk_stamp
2026Q1,2706.HK,prospectus,col_pre_ipo_investors,value_with_quote,40,high,bulk_stamp
2026Q1,2706.HK,prospectus,col_BC,value_with_quote,341,high,bulk_stamp
2026Q1,2706.HK,prospectus,col_BD,value_with_quote,341,medium,bulk_stamp
2026Q1,2706.HK,prospectus,col_CC,value_with_quote,5,high,bulk_stamp
2026Q1,2706.HK,prospectus,col_CD,value_with_quote,5,high,bulk_stamp
2026Q1,2706.HK,prospectus,col_CE,value_with_quote,351,high,bulk_stamp
2026Q1,2706.HK,prospectus,col_CI,value_with_quote,43,high,bulk_stamp
2026Q1,2706.HK,prospectus,col_CJ,value_with_quote,420,high,bulk_stamp
2026Q1,2706.HK,allot,col_CK,value_with_quote,5,high,bulk_stamp
2026Q1,2706.HK,allot,col_CM,value_with_quote,4,high,bulk_stamp
2026Q1,2706.HK,allot,col_CN,value_with_quote,3,high,bulk_stamp
2026Q1,2706.HK,allot,col_CO,value_with_quote,15,medium,bulk_stamp
2026Q1,2706.HK,allot,col_CQ,value_with_quote,2,high,bulk_stamp
2026Q1,2706.HK,allot,col_CR,value_with_quote,1,high,bulk_stamp
2026Q1,2706.HK,allot,col_CS,value_with_quote,2,high,bulk_stamp
2026Q1,2706.HK,allot,col_CT,value_with_quote,4,high,bulk_stamp
2026Q1,2706.HK,allot,col_CU,value_with_quote,4,high,bulk_stamp
2026Q1,2706.HK,allot,col_CV,derived_rule,,high,bulk_stamp
2026Q1,2706.HK,allot,col_CW,value_with_quote,4,high,bulk_stamp
2026Q1,2706.HK,allot,col_CX,value_with_quote,3,high,bulk_stamp
2026Q1,2706.HK,allot,col_CY,value_with_quote,25,high,bulk_stamp
2026Q1,2706.HK,allot,col_CZ,value_with_quote,3,high,bulk_stamp
2026Q1,2706.HK,allot,col_DA,value_with_quote,25,medium,bulk_stamp
2026Q1,2706.HK,allot,col_DC,value_with_quote,3,high,bulk_stamp
2026Q1,9981.HK,prospectus,col_L,value_with_quote,215,high,bulk_stamp
2026Q1,9981.HK,prospectus,col_M,value_with_quote,2,high,bulk_stamp
2026Q1,9981.HK,prospectus,col_N,value_with_quote,215,high,bulk_stamp
2026Q1,9981.HK,prospectus,col_O,value_with_quote,215,high,bulk_stamp
2026Q1,9981.HK,prospectus,col_P,value_with_quote,215,high,bulk_stamp
2026Q1,9981.HK,prospectus,col_Q,value_with_quote,215,high,bulk_stamp
2026Q1,9981.HK,prospectus,col_R,value_with_quote,2,high,bulk_stamp
2026Q1,9981.HK,prospectus,col_S,value_with_quote,2,high,bulk_stamp
2026Q1,9981.HK,prospectus,col_T,value_with_quote,2,high,bulk_stamp
2026Q1,9981.HK,prospectus,col_U,unknown,,high,bulk_stamp
2026Q1,9981.HK,prospectus,col_AO,value_with_quote,284,high,bulk_stamp
2026Q1,9981.HK,prospectus,col_AP,value_with_quote,284,high,bulk_stamp
2026Q1,9981.HK,prospectus,col_AQ,value_with_quote,217,high,bulk_stamp
2026Q1,9981.HK,prospectus,col_AS,value_with_quote,124,high,bulk_stamp
2026Q1,9981.HK,prospectus,col_BA,value_with_quote,213,medium,bulk_stamp
2026Q1,9981.HK,prospectus,col_vc_backed,value_with_quote,213,high,bulk_stamp
2026Q1,9981.HK,prospectus,col_pe_backed,value_with_quote,213,high,bulk_stamp
2026Q1,9981.HK,prospectus,col_cvc_backed,value_with_quote,213,high,bulk_stamp
2026Q1,9981.HK,prospectus,col_gov_backed,value_with_quote,213,high,bulk_stamp
2026Q1,9981.HK,prospectus,col_top_tier_vc,value_with_quote,213,high,bulk_stamp
2026Q1,9981.HK,prospectus,col_vc_board_seat,value_with_quote,213,high,bulk_stamp
2026Q1,9981.HK,prospectus,col_vc_pe_stake,value_with_quote,213,high,bulk_stamp
2026Q1,9981.HK,prospectus,col_pre_ipo_investors,value_with_quote,213,high,bulk_stamp
2026Q1,9981.HK,prospectus,col_BC,value_with_quote,213,medium,bulk_stamp
2026Q1,9981.HK,prospectus,col_BD,value_with_quote,213,medium,bulk_stamp
2026Q1,9981.HK,prospectus,col_CC,value_with_quote,4,high,bulk_stamp
2026Q1,9981.HK,prospectus,col_CD,value_with_quote,4,high,bulk_stamp
2026Q1,9981.HK,prospectus,col_CE,value_with_quote,2,high,bulk_stamp
2026Q1,9981.HK,prospectus,col_CI,value_with_quote,17,high,bulk_stamp
2026Q1,9981.HK,prospectus,col_CJ,value_with_quote,218,high,bulk_stamp
2026Q1,9981.HK,allot,col_CK,value_with_quote,6,high,bulk_stamp
2026Q1,9981.HK,allot,col_CM,value_with_quote,4,high,bulk_stamp
2026Q1,9981.HK,allot,col_CN,value_with_quote,4,high,bulk_stamp
2026Q1,9981.HK,allot,col_CO,value_with_quote,12,medium,bulk_stamp
2026Q1,9981.HK,allot,col_CQ,value_with_quote,2,high,bulk_stamp
2026Q1,9981.HK,allot,col_CR,value_with_quote,1,high,bulk_stamp
2026Q1,9981.HK,allot,col_CS,value_with_quote,3,high,bulk_stamp
2026Q1,9981.HK,allot,col_CT,value_with_quote,4,high,bulk_stamp
2026Q1,9981.HK,allot,col_CU,value_with_quote,4,high,bulk_stamp
2026Q1,9981.HK,allot,col_CV,derived_rule,,high,bulk_stamp
2026Q1,9981.HK,allot,col_CW,value_with_quote,4,high,bulk_stamp
2026Q1,9981.HK,allot,col_CX,value_with_quote,3,high,bulk_stamp
2026Q1,9981.HK,allot,col_CY,value_with_quote,20,high,bulk_stamp
2026Q1,9981.HK,allot,col_CZ,value_with_quote,3,high,bulk_stamp
2026Q1,9981.HK,allot,col_DA,value_with_quote,21,medium,bulk_stamp
2026Q1,9981.HK,allot,col_DC,value_with_quote,3,high,bulk_stamp
2026Q1,2649.HK,prospectus,col_L,value_with_quote,307,high,bulk_stamp
2026Q1,2649.HK,prospectus,col_M,value_with_quote,2,high,bulk_stamp
2026Q1,2649.HK,prospectus,col_N,value_with_quote,307,high,bulk_stamp
2026Q1,2649.HK,prospectus,col_O,value_with_quote,312,high,bulk_stamp
2026Q1,2649.HK,prospectus,col_P,value_with_quote,31,high,bulk_stamp
2026Q1,2649.HK,prospectus,col_Q,value_with_quote,31,high,bulk_stamp
2026Q1,2649.HK,prospectus,col_R,value_with_quote,2,high,bulk_stamp
2026Q1,2649.HK,prospectus,col_S,value_with_quote,2,high,bulk_stamp
2026Q1,2649.HK,prospectus,col_T,value_with_quote,2,high,bulk_stamp
2026Q1,2649.HK,prospectus,col_U,value_with_quote,2,high,bulk_stamp
2026Q1,2649.HK,prospectus,col_AO,value_with_quote,401,high,bulk_stamp
2026Q1,2649.HK,prospectus,col_AP,value_with_quote,401,high,bulk_stamp
2026Q1,2649.HK,prospectus,col_AQ,value_with_quote,401,high,bulk_stamp
2026Q1,2649.HK,prospectus,col_AS,value_with_quote,43,high,bulk_stamp
2026Q1,2649.HK,prospectus,col_BA,value_with_quote,20,high,bulk_stamp
2026Q1,2649.HK,prospectus,col_vc_backed,value_with_quote,20,high,bulk_stamp
2026Q1,2649.HK,prospectus,col_pe_backed,value_with_quote,20,high,bulk_stamp
2026Q1,2649.HK,prospectus,col_cvc_backed,value_with_quote,20,high,bulk_stamp
2026Q1,2649.HK,prospectus,col_gov_backed,value_with_quote,20,high,bulk_stamp
2026Q1,2649.HK,prospectus,col_top_tier_vc,value_with_quote,20,high,bulk_stamp
2026Q1,2649.HK,prospectus,col_vc_board_seat,value_with_quote,20,high,bulk_stamp
2026Q1,2649.HK,prospectus,col_vc_pe_stake,value_with_quote,20,high,bulk_stamp
2026Q1,2649.HK,prospectus,col_pre_ipo_investors,value_with_quote,20,high,bulk_stamp
2026Q1,2649.HK,prospectus,col_BC,value_with_quote,20,high,bulk_stamp
2026Q1,2649.HK,prospectus,col_BD,value_with_quote,290,high,bulk_stamp
2026Q1,2649.HK,prospectus,col_CC,value_with_quote,5,high,bulk_stamp
2026Q1,2649.HK,prospectus,col_CD,value_with_quote,5,high,bulk_stamp
2026Q1,2649.HK,prospectus,col_CE,value_with_quote,307,high,bulk_stamp
2026Q1,2649.HK,prospectus,col_CI,value_with_quote,33,high,bulk_stamp
2026Q1,2649.HK,prospectus,col_CJ,unknown,,high,bulk_stamp
2026Q1,2649.HK,allot,col_CK,derived_rule,,high,bulk_stamp
2026Q1,2649.HK,allot,col_CM,value_with_quote,4,high,bulk_stamp
2026Q1,2649.HK,allot,col_CN,value_with_quote,4,high,bulk_stamp
2026Q1,2649.HK,allot,col_CO,value_with_quote,12,medium,bulk_stamp
2026Q1,2649.HK,allot,col_CQ,value_with_quote,5,high,bulk_stamp
2026Q1,2649.HK,allot,col_CR,value_with_quote,1,high,bulk_stamp
2026Q1,2649.HK,allot,col_CS,value_with_quote,3,high,bulk_stamp
2026Q1,2649.HK,allot,col_CT,value_with_quote,4,high,bulk_stamp
2026Q1,2649.HK,allot,col_CU,value_with_quote,4,high,bulk_stamp
2026Q1,2649.HK,allot,col_CV,derived_rule,,high,bulk_stamp
2026Q1,2649.HK,allot,col_CW,value_with_quote,4,high,bulk_stamp
2026Q1,2649.HK,allot,col_CX,value_with_quote,4,high,bulk_stamp
2026Q1,2649.HK,allot,col_CY,value_with_quote,17,high,bulk_stamp
2026Q1,2649.HK,allot,col_CZ,value_with_quote,3,high,bulk_stamp
2026Q1,2649.HK,allot,col_DA,value_with_quote,7,medium,bulk_stamp
2026Q1,2649.HK,allot,col_DC,value_with_quote,3,medium,bulk_stamp
2026Q1,2715.HK,prospectus,col_L,value_with_quote,310,high,bulk_stamp
2026Q1,2715.HK,prospectus,col_M,value_with_quote,2,high,bulk_stamp
2026Q1,2715.HK,prospectus,col_N,value_with_quote,310,high,bulk_stamp
2026Q1,2715.HK,prospectus,col_O,value_with_quote,310,high,bulk_stamp
2026Q1,2715.HK,prospectus,col_P,value_with_quote,310,high,bulk_stamp
2026Q1,2715.HK,prospectus,col_Q,value_with_quote,310,high,bulk_stamp
2026Q1,2715.HK,prospectus,col_R,value_with_quote,2,high,bulk_stamp
2026Q1,2715.HK,prospectus,col_S,value_with_quote,2,high,bulk_stamp
2026Q1,2715.HK,prospectus,col_T,value_with_quote,2,high,bulk_stamp
2026Q1,2715.HK,prospectus,col_U,value_with_quote,2,high,bulk_stamp
2026Q1,2715.HK,prospectus,col_AO,value_with_quote,416,high,bulk_stamp
2026Q1,2715.HK,prospectus,col_AP,value_with_quote,416,high,bulk_stamp
2026Q1,2715.HK,prospectus,col_AQ,value_with_quote,416,high,bulk_stamp
2026Q1,2715.HK,prospectus,col_AS,value_with_quote,31,high,bulk_stamp
2026Q1,2715.HK,prospectus,col_BA,value_with_quote,184,medium,bulk_stamp
2026Q1,2715.HK,prospectus,col_vc_backed,value_with_quote,184,high,bulk_stamp
2026Q1,2715.HK,prospectus,col_pe_backed,value_with_quote,184,high,bulk_stamp
2026Q1,2715.HK,prospectus,col_cvc_backed,value_with_quote,184,high,bulk_stamp
2026Q1,2715.HK,prospectus,col_gov_backed,value_with_quote,184,high,bulk_stamp
2026Q1,2715.HK,prospectus,col_top_tier_vc,value_with_quote,184,high,bulk_stamp
2026Q1,2715.HK,prospectus,col_vc_board_seat,value_with_quote,184,high,bulk_stamp
2026Q1,2715.HK,prospectus,col_vc_pe_stake,value_with_quote,184,high,bulk_stamp
2026Q1,2715.HK,prospectus,col_pre_ipo_investors,unknown,184,high,bulk_stamp
2026Q1,2715.HK,prospectus,col_BC,value_with_quote,91,high,bulk_stamp
2026Q1,2715.HK,prospectus,col_BD,value_with_quote,30,high,bulk_stamp
2026Q1,2715.HK,prospectus,col_CC,value_with_quote,5,high,bulk_stamp
2026Q1,2715.HK,prospectus,col_CD,value_with_quote,5,high,bulk_stamp
2026Q1,2715.HK,prospectus,col_CE,value_with_quote,191,high,bulk_stamp
2026Q1,2715.HK,prospectus,col_CI,value_with_quote,34,high,bulk_stamp
2026Q1,2715.HK,prospectus,col_CJ,value_with_quote,393,high,bulk_stamp
2026Q1,2715.HK,allot,col_CK,value_with_quote,6,high,bulk_stamp
2026Q1,2715.HK,allot,col_CM,value_with_quote,4,high,bulk_stamp
2026Q1,2715.HK,allot,col_CN,value_with_quote,4,high,bulk_stamp
2026Q1,2715.HK,allot,col_CO,value_with_quote,13,medium,bulk_stamp
2026Q1,2715.HK,allot,col_CQ,value_with_quote,2,high,bulk_stamp
2026Q1,2715.HK,allot,col_CR,value_with_quote,1,high,bulk_stamp
2026Q1,2715.HK,allot,col_CS,value_with_quote,3,high,bulk_stamp
2026Q1,2715.HK,allot,col_CT,value_with_quote,4,high,bulk_stamp
2026Q1,2715.HK,allot,col_CU,value_with_quote,5,high,bulk_stamp
2026Q1,2715.HK,allot,col_CV,derived_rule,,high,bulk_stamp
2026Q1,2715.HK,allot,col_CW,value_with_quote,4,high,bulk_stamp
2026Q1,2715.HK,allot,col_CX,value_with_quote,4,high,bulk_stamp
2026Q1,2715.HK,allot,col_CY,value_with_quote,22,high,bulk_stamp
2026Q1,2715.HK,allot,col_CZ,value_with_quote,3,high,bulk_stamp
2026Q1,2715.HK,allot,col_DA,value_with_quote,22,medium,bulk_stamp
2026Q1,2715.HK,allot,col_DC,value_with_quote,3,medium,bulk_stamp
2026Q1,2692.HK,prospectus,col_L,value_with_quote,222,high,bulk_stamp
2026Q1,2692.HK,prospectus,col_M,value_with_quote,2,high,bulk_stamp
2026Q1,2692.HK,prospectus,col_N,value_with_quote,222,high,bulk_stamp
2026Q1,2692.HK,prospectus,col_O,value_with_quote,222,high,bulk_stamp
2026Q1,2692.HK,prospectus,col_P,value_with_quote,222,high,bulk_stamp
2026Q1,2692.HK,prospectus,col_Q,value_with_quote,222,high,bulk_stamp
2026Q1,2692.HK,prospectus,col_R,value_with_quote,2,high,bulk_stamp
2026Q1,2692.HK,prospectus,col_S,value_with_quote,2,high,bulk_stamp
2026Q1,2692.HK,prospectus,col_T,value_with_quote,2,high,bulk_stamp
2026Q1,2692.HK,prospectus,col_U,unknown,,high,bulk_stamp
2026Q1,2692.HK,prospectus,col_AO,value_with_quote,300,high,bulk_stamp
2026Q1,2692.HK,prospectus,col_AP,value_with_quote,300,high,bulk_stamp
2026Q1,2692.HK,prospectus,col_AQ,value_with_quote,276,high,bulk_stamp
2026Q1,2692.HK,prospectus,col_AS,value_with_quote,132,high,bulk_stamp
2026Q1,2692.HK,prospectus,col_BA,value_with_quote,126,medium,bulk_stamp
2026Q1,2692.HK,prospectus,col_vc_backed,value_with_quote,126,high,bulk_stamp
2026Q1,2692.HK,prospectus,col_pe_backed,value_with_quote,126,high,bulk_stamp
2026Q1,2692.HK,prospectus,col_cvc_backed,value_with_quote,126,high,bulk_stamp
2026Q1,2692.HK,prospectus,col_gov_backed,value_with_quote,126,high,bulk_stamp
2026Q1,2692.HK,prospectus,col_top_tier_vc,value_with_quote,126,high,bulk_stamp
2026Q1,2692.HK,prospectus,col_vc_board_seat,value_with_quote,126,high,bulk_stamp
2026Q1,2692.HK,prospectus,col_vc_pe_stake,value_with_quote,126,high,bulk_stamp
2026Q1,2692.HK,prospectus,col_pre_ipo_investors,unknown,126,high,bulk_stamp
2026Q1,2692.HK,prospectus,col_BC,value_with_quote,220,medium,bulk_stamp
2026Q1,2692.HK,prospectus,col_BD,value_with_quote,20,high,bulk_stamp
2026Q1,2692.HK,prospectus,col_CC,value_with_quote,5,high,bulk_stamp
2026Q1,2692.HK,prospectus,col_CD,value_with_quote,5,high,bulk_stamp
2026Q1,2692.HK,prospectus,col_CE,value_with_quote,222,high,bulk_stamp
2026Q1,2692.HK,prospectus,col_CI,value_with_quote,22,high,bulk_stamp
2026Q1,2692.HK,prospectus,col_CJ,value_with_quote,277,high,bulk_stamp
2026Q1,2692.HK,allot,col_CK,value_with_quote,5,high,bulk_stamp
2026Q1,2692.HK,allot,col_CM,value_with_quote,4,high,bulk_stamp
2026Q1,2692.HK,allot,col_CN,value_with_quote,4,high,bulk_stamp
2026Q1,2692.HK,allot,col_CO,value_with_quote,12,medium,bulk_stamp
2026Q1,2692.HK,allot,col_CQ,value_with_quote,5,high,bulk_stamp
2026Q1,2692.HK,allot,col_CR,value_with_quote,1,high,bulk_stamp
2026Q1,2692.HK,allot,col_CS,value_with_quote,2,high,bulk_stamp
2026Q1,2692.HK,allot,col_CT,value_with_quote,4,high,bulk_stamp
2026Q1,2692.HK,allot,col_CU,value_with_quote,3,high,bulk_stamp
2026Q1,2692.HK,allot,col_CV,derived_rule,,high,bulk_stamp
2026Q1,2692.HK,allot,col_CW,value_with_quote,4,high,bulk_stamp
2026Q1,2692.HK,allot,col_CX,value_with_quote,3,high,bulk_stamp
2026Q1,2692.HK,allot,col_CY,value_with_quote,22,high,bulk_stamp
2026Q1,2692.HK,allot,col_CZ,value_with_quote,3,high,bulk_stamp
2026Q1,2692.HK,allot,col_DA,value_with_quote,22,medium,bulk_stamp
2026Q1,2692.HK,allot,col_DC,value_with_quote,3,medium,bulk_stamp
2026Q1,3268.HK,prospectus,col_L,value_with_quote,364,high,bulk_stamp
2026Q1,3268.HK,prospectus,col_M,value_with_quote,2,high,bulk_stamp
2026Q1,3268.HK,prospectus,col_N,value_with_quote,364,high,bulk_stamp
2026Q1,3268.HK,prospectus,col_O,value_with_quote,364,high,bulk_stamp
2026Q1,3268.HK,prospectus,col_P,value_with_quote,364,high,bulk_stamp
2026Q1,3268.HK,prospectus,col_Q,value_with_quote,364,high,bulk_stamp
2026Q1,3268.HK,prospectus,col_R,value_with_quote,2,high,bulk_stamp
2026Q1,3268.HK,prospectus,col_S,value_with_quote,2,high,bulk_stamp
2026Q1,3268.HK,prospectus,col_T,value_with_quote,2,high,bulk_stamp
2026Q1,3268.HK,prospectus,col_U,unknown,113,high,bulk_stamp
2026Q1,3268.HK,prospectus,col_AO,value_with_quote,409,high,bulk_stamp
2026Q1,3268.HK,prospectus,col_AP,value_with_quote,409,high,bulk_stamp
2026Q1,3268.HK,prospectus,col_AQ,value_with_quote,419,high,bulk_stamp
2026Q1,3268.HK,prospectus,col_AS,value_with_quote,188,high,bulk_stamp
2026Q1,3268.HK,prospectus,col_BA,value_with_quote,185,high,bulk_stamp
2026Q1,3268.HK,prospectus,col_vc_backed,value_with_quote,185,high,bulk_stamp
2026Q1,3268.HK,prospectus,col_pe_backed,value_with_quote,185,high,bulk_stamp
2026Q1,3268.HK,prospectus,col_cvc_backed,value_with_quote,185,high,bulk_stamp
2026Q1,3268.HK,prospectus,col_gov_backed,value_with_quote,185,high,bulk_stamp
2026Q1,3268.HK,prospectus,col_top_tier_vc,value_with_quote,185,high,bulk_stamp
2026Q1,3268.HK,prospectus,col_vc_board_seat,value_with_quote,185,high,bulk_stamp
2026Q1,3268.HK,prospectus,col_vc_pe_stake,value_with_quote,185,high,bulk_stamp
2026Q1,3268.HK,prospectus,col_pre_ipo_investors,value_with_quote,185,high,bulk_stamp
2026Q1,3268.HK,prospectus,col_BC,value_with_quote,367,high,bulk_stamp
2026Q1,3268.HK,prospectus,col_BD,value_with_quote,29,high,bulk_stamp
2026Q1,3268.HK,prospectus,col_CC,value_with_quote,5,high,bulk_stamp
2026Q1,3268.HK,prospectus,col_CD,value_with_quote,5,high,bulk_stamp
2026Q1,3268.HK,prospectus,col_CE,value_with_quote,188,high,bulk_stamp
2026Q1,3268.HK,prospectus,col_CI,value_with_quote,32,medium,bulk_stamp
2026Q1,3268.HK,prospectus,col_CJ,value_with_quote,383,high,bulk_stamp
2026Q1,3268.HK,allot,col_CK,value_with_quote,7,high,bulk_stamp
2026Q1,3268.HK,allot,col_CM,value_with_quote,5,high,bulk_stamp
2026Q1,3268.HK,allot,col_CN,value_with_quote,5,high,bulk_stamp
2026Q1,3268.HK,allot,col_CO,value_with_quote,14,medium,bulk_stamp
2026Q1,3268.HK,allot,col_CQ,value_with_quote,2,high,bulk_stamp
2026Q1,3268.HK,allot,col_CR,value_with_quote,1,high,bulk_stamp
2026Q1,3268.HK,allot,col_CS,value_with_quote,3,high,bulk_stamp
2026Q1,3268.HK,allot,col_CT,value_with_quote,5,high,bulk_stamp
2026Q1,3268.HK,allot,col_CU,value_with_quote,5,high,bulk_stamp
2026Q1,3268.HK,allot,col_CV,derived_rule,,high,bulk_stamp
2026Q1,3268.HK,allot,col_CW,value_with_quote,5,high,bulk_stamp
2026Q1,3268.HK,allot,col_CX,value_with_quote,4,high,bulk_stamp
2026Q1,3268.HK,allot,col_CY,value_with_quote,24,high,bulk_stamp
2026Q1,3268.HK,allot,col_CZ,value_with_quote,3,high,bulk_stamp
2026Q1,3268.HK,allot,col_DA,value_with_quote,24,medium,bulk_stamp
2026Q1,3268.HK,allot,col_DC,value_with_quote,3,medium,bulk_stamp
2026Q1,1989.HK,prospectus,col_L,value_with_quote,244,high,bulk_stamp
2026Q1,1989.HK,prospectus,col_M,value_with_quote,2,high,bulk_stamp
2026Q1,1989.HK,prospectus,col_N,value_with_quote,244,high,bulk_stamp
2026Q1,1989.HK,prospectus,col_O,value_with_quote,244,high,bulk_stamp
2026Q1,1989.HK,prospectus,col_P,value_with_quote,244,high,bulk_stamp
2026Q1,1989.HK,prospectus,col_Q,value_with_quote,244,high,bulk_stamp
2026Q1,1989.HK,prospectus,col_R,value_with_quote,2,high,bulk_stamp
2026Q1,1989.HK,prospectus,col_S,value_with_quote,2,high,bulk_stamp
2026Q1,1989.HK,prospectus,col_T,value_with_quote,2,high,bulk_stamp
2026Q1,1989.HK,prospectus,col_U,unknown,,high,bulk_stamp
2026Q1,1989.HK,prospectus,col_AO,value_with_quote,283,high,bulk_stamp
2026Q1,1989.HK,prospectus,col_AP,value_with_quote,283,high,bulk_stamp
2026Q1,1989.HK,prospectus,col_AQ,value_with_quote,260,high,bulk_stamp
2026Q1,1989.HK,prospectus,col_AS,value_with_quote,126,high,bulk_stamp
2026Q1,1989.HK,prospectus,col_BA,value_with_quote,549,high,bulk_stamp
2026Q1,1989.HK,prospectus,col_vc_backed,value_with_quote,549,high,bulk_stamp
2026Q1,1989.HK,prospectus,col_pe_backed,value_with_quote,549,high,bulk_stamp
2026Q1,1989.HK,prospectus,col_cvc_backed,value_with_quote,549,high,bulk_stamp
2026Q1,1989.HK,prospectus,col_gov_backed,value_with_quote,549,high,bulk_stamp
2026Q1,1989.HK,prospectus,col_top_tier_vc,value_with_quote,549,high,bulk_stamp
2026Q1,1989.HK,prospectus,col_vc_board_seat,value_with_quote,549,high,bulk_stamp
2026Q1,1989.HK,prospectus,col_vc_pe_stake,value_with_quote,549,high,bulk_stamp
2026Q1,1989.HK,prospectus,col_pre_ipo_investors,value_with_quote,549,high,bulk_stamp
2026Q1,1989.HK,prospectus,col_BC,value_with_quote,233,high,bulk_stamp
2026Q1,1989.HK,prospectus,col_BD,value_with_quote,246,high,bulk_stamp
2026Q1,1989.HK,prospectus,col_CC,value_with_quote,5,high,bulk_stamp
2026Q1,1989.HK,prospectus,col_CD,value_with_quote,5,high,bulk_stamp
2026Q1,1989.HK,prospectus,col_CE,value_with_quote,25,high,bulk_stamp
2026Q1,1989.HK,prospectus,col_CI,value_with_quote,284,high,bulk_stamp
2026Q1,1989.HK,prospectus,col_CJ,value_with_quote,261,high,bulk_stamp
2026Q1,1989.HK,allot,col_CK,value_with_quote,6,high,bulk_stamp
2026Q1,1989.HK,allot,col_CM,value_with_quote,4,high,bulk_stamp
2026Q1,1989.HK,allot,col_CN,value_with_quote,4,high,bulk_stamp
2026Q1,1989.HK,allot,col_CO,value_with_quote,16,medium,bulk_stamp
2026Q1,1989.HK,allot,col_CQ,value_with_quote,2,high,bulk_stamp
2026Q1,1989.HK,allot,col_CR,value_with_quote,1,high,bulk_stamp
2026Q1,1989.HK,allot,col_CS,value_with_quote,3,high,bulk_stamp
2026Q1,1989.HK,allot,col_CT,value_with_quote,4,high,bulk_stamp
2026Q1,1989.HK,allot,col_CU,value_with_quote,5,high,bulk_stamp
2026Q1,1989.HK,allot,col_CV,derived_rule,,high,bulk_stamp
2026Q1,1989.HK,allot,col_CW,value_with_quote,4,high,bulk_stamp
2026Q1,1989.HK,allot,col_CX,value_with_quote,4,high,bulk_stamp
2026Q1,1989.HK,allot,col_CY,value_with_quote,34,high,bulk_stamp
2026Q1,1989.HK,allot,col_CZ,value_with_quote,3,high,bulk_stamp
2026Q1,1989.HK,allot,col_DA,value_with_quote,35,medium,bulk_stamp
2026Q1,1989.HK,allot,col_DC,value_with_quote,3,high,bulk_stamp
2026Q1,2701.HK,prospectus,col_L,value_with_quote,234,high,bulk_stamp
2026Q1,2701.HK,prospectus,col_M,value_with_quote,2,high,bulk_stamp
2026Q1,2701.HK,prospectus,col_N,value_with_quote,234,high,bulk_stamp
2026Q1,2701.HK,prospectus,col_O,value_with_quote,234,high,bulk_stamp
2026Q1,2701.HK,prospectus,col_P,value_with_quote,234,high,bulk_stamp
2026Q1,2701.HK,prospectus,col_Q,value_with_quote,234,high,bulk_stamp
2026Q1,2701.HK,prospectus,col_R,value_with_quote,2,high,bulk_stamp
2026Q1,2701.HK,prospectus,col_S,value_with_quote,2,high,bulk_stamp
2026Q1,2701.HK,prospectus,col_T,value_with_quote,2,high,bulk_stamp
2026Q1,2701.HK,prospectus,col_U,unknown,,high,bulk_stamp
2026Q1,2701.HK,prospectus,col_AO,value_with_quote,280,high,bulk_stamp
2026Q1,2701.HK,prospectus,col_AP,value_with_quote,280,high,bulk_stamp
2026Q1,2701.HK,prospectus,col_AQ,value_with_quote,2,high,bulk_stamp
2026Q1,2701.HK,prospectus,col_AS,value_with_quote,79,high,bulk_stamp
2026Q1,2701.HK,prospectus,col_BA,value_with_quote,109,high,bulk_stamp
2026Q1,2701.HK,prospectus,col_vc_backed,value_with_quote,109,high,bulk_stamp
2026Q1,2701.HK,prospectus,col_pe_backed,value_with_quote,109,high,bulk_stamp
2026Q1,2701.HK,prospectus,col_cvc_backed,value_with_quote,109,high,bulk_stamp
2026Q1,2701.HK,prospectus,col_gov_backed,value_with_quote,109,high,bulk_stamp
2026Q1,2701.HK,prospectus,col_top_tier_vc,value_with_quote,109,high,bulk_stamp
2026Q1,2701.HK,prospectus,col_vc_board_seat,value_with_quote,109,high,bulk_stamp
2026Q1,2701.HK,prospectus,col_vc_pe_stake,value_with_quote,109,high,bulk_stamp
2026Q1,2701.HK,prospectus,col_pre_ipo_investors,unknown,109,high,bulk_stamp
2026Q1,2701.HK,prospectus,col_BC,value_with_quote,16,medium,bulk_stamp
2026Q1,2701.HK,prospectus,col_BD,value_with_quote,16,medium,bulk_stamp
2026Q1,2701.HK,prospectus,col_CC,value_with_quote,5,high,bulk_stamp
2026Q1,2701.HK,prospectus,col_CD,value_with_quote,5,high,bulk_stamp
2026Q1,2701.HK,prospectus,col_CE,value_with_quote,2,high,bulk_stamp
2026Q1,2701.HK,prospectus,col_CI,value_with_quote,26,high,bulk_stamp
2026Q1,2701.HK,prospectus,col_CJ,value_with_quote,272,high,bulk_stamp
2026Q1,2701.HK,allot,col_CK,value_with_quote,6,high,bulk_stamp
2026Q1,2701.HK,allot,col_CM,value_with_quote,4,high,bulk_stamp
2026Q1,2701.HK,allot,col_CN,value_with_quote,4,high,bulk_stamp
2026Q1,2701.HK,allot,col_CO,value_with_quote,12,high,bulk_stamp
2026Q1,2701.HK,allot,col_CQ,value_with_quote,5,high,bulk_stamp
2026Q1,2701.HK,allot,col_CR,value_with_quote,1,high,bulk_stamp
2026Q1,2701.HK,allot,col_CS,value_with_quote,2,high,bulk_stamp
2026Q1,2701.HK,allot,col_CT,value_with_quote,2,high,bulk_stamp
2026Q1,2701.HK,allot,col_CU,value_with_quote,2,high,bulk_stamp
2026Q1,2701.HK,allot,col_CV,derived_rule,,high,bulk_stamp
2026Q1,2701.HK,allot,col_CW,value_with_quote,4,high,bulk_stamp
2026Q1,2701.HK,allot,col_CX,value_with_quote,3,high,bulk_stamp
2026Q1,2701.HK,allot,col_CY,value_with_quote,26,high,bulk_stamp
2026Q1,2701.HK,allot,col_CZ,value_with_quote,3,high,bulk_stamp
2026Q1,2701.HK,allot,col_DA,value_with_quote,26,medium,bulk_stamp
2026Q1,2701.HK,allot,col_DC,value_with_quote,3,high,bulk_stamp
2026Q1,3355.HK,prospectus,col_L,value_with_quote,314,high,bulk_stamp
2026Q1,3355.HK,prospectus,col_M,value_with_quote,2,high,bulk_stamp
2026Q1,3355.HK,prospectus,col_N,value_with_quote,314,medium,bulk_stamp
2026Q1,3355.HK,prospectus,col_O,value_with_quote,314,medium,bulk_stamp
2026Q1,3355.HK,prospectus,col_P,value_with_quote,314,medium,bulk_stamp
2026Q1,3355.HK,prospectus,col_Q,value_with_quote,314,high,bulk_stamp
2026Q1,3355.HK,prospectus,col_R,value_with_quote,2,high,bulk_stamp
2026Q1,3355.HK,prospectus,col_S,value_with_quote,2,high,bulk_stamp
2026Q1,3355.HK,prospectus,col_T,value_with_quote,2,high,bulk_stamp
2026Q1,3355.HK,prospectus,col_U,value_with_quote,2,high,bulk_stamp
2026Q1,3355.HK,prospectus,col_AO,value_with_quote,351,high,bulk_stamp
2026Q1,3355.HK,prospectus,col_AP,value_with_quote,351,high,bulk_stamp
2026Q1,3355.HK,prospectus,col_AQ,value_with_quote,351,high,bulk_stamp
2026Q1,3355.HK,prospectus,col_AS,value_with_quote,172,high,bulk_stamp
2026Q1,3355.HK,prospectus,col_BA,value_with_quote,30,high,bulk_stamp
2026Q1,3355.HK,prospectus,col_vc_backed,value_with_quote,30,high,bulk_stamp
2026Q1,3355.HK,prospectus,col_pe_backed,value_with_quote,30,high,bulk_stamp
2026Q1,3355.HK,prospectus,col_cvc_backed,value_with_quote,30,high,bulk_stamp
2026Q1,3355.HK,prospectus,col_gov_backed,value_with_quote,30,high,bulk_stamp
2026Q1,3355.HK,prospectus,col_top_tier_vc,value_with_quote,30,high,bulk_stamp
2026Q1,3355.HK,prospectus,col_vc_board_seat,value_with_quote,30,high,bulk_stamp
2026Q1,3355.HK,prospectus,col_vc_pe_stake,value_with_quote,30,high,bulk_stamp
2026Q1,3355.HK,prospectus,col_pre_ipo_investors,value_with_quote,30,high,bulk_stamp
2026Q1,3355.HK,prospectus,col_BC,value_with_quote,312,high,bulk_stamp
2026Q1,3355.HK,prospectus,col_BD,value_with_quote,30,high,bulk_stamp
2026Q1,3355.HK,prospectus,col_CC,value_with_quote,6,high,bulk_stamp
2026Q1,3355.HK,prospectus,col_CD,value_with_quote,6,high,bulk_stamp
2026Q1,3355.HK,prospectus,col_CE,value_with_quote,314,high,bulk_stamp
2026Q1,3355.HK,prospectus,col_CI,value_with_quote,32,medium,bulk_stamp
2026Q1,3355.HK,prospectus,col_CJ,value_with_quote,322,high,bulk_stamp
2026Q1,3355.HK,allot,col_CK,value_with_quote,6,high,bulk_stamp
2026Q1,3355.HK,allot,col_CM,value_with_quote,4,high,bulk_stamp
2026Q1,3355.HK,allot,col_CN,value_with_quote,3,high,bulk_stamp
2026Q1,3355.HK,allot,col_CO,value_with_quote,15,medium,bulk_stamp
2026Q1,3355.HK,allot,col_CQ,value_with_quote,2,high,bulk_stamp
2026Q1,3355.HK,allot,col_CR,value_with_quote,1,high,bulk_stamp
2026Q1,3355.HK,allot,col_CS,value_with_quote,3,high,bulk_stamp
2026Q1,3355.HK,allot,col_CT,value_with_quote,4,high,bulk_stamp
2026Q1,3355.HK,allot,col_CU,value_with_quote,4,high,bulk_stamp
2026Q1,3355.HK,allot,col_CV,value_with_quote,1,high,bulk_stamp
2026Q1,3355.HK,allot,col_CW,value_with_quote,4,high,bulk_stamp
2026Q1,3355.HK,allot,col_CX,value_with_quote,3,high,bulk_stamp
2026Q1,3355.HK,allot,col_CY,value_with_quote,22,high,bulk_stamp
2026Q1,3355.HK,allot,col_CZ,value_with_quote,3,high,bulk_stamp
2026Q1,3355.HK,allot,col_DA,value_with_quote,10,medium,bulk_stamp
2026Q1,3355.HK,allot,col_DC,value_with_quote,3,high,bulk_stamp
2026Q1,2632.HK,prospectus,col_L,value_with_quote,361,high,bulk_stamp
2026Q1,2632.HK,prospectus,col_M,value_with_quote,2,high,bulk_stamp
2026Q1,2632.HK,prospectus,col_N,value_with_quote,362,high,bulk_stamp
2026Q1,2632.HK,prospectus,col_O,value_with_quote,361,high,bulk_stamp
2026Q1,2632.HK,prospectus,col_P,value_with_quote,361,medium,bulk_stamp
2026Q1,2632.HK,prospectus,col_Q,value_with_quote,361,high,bulk_stamp
2026Q1,2632.HK,prospectus,col_R,value_with_quote,2,high,bulk_stamp
2026Q1,2632.HK,prospectus,col_S,value_with_quote,2,high,bulk_stamp
2026Q1,2632.HK,prospectus,col_T,value_with_quote,2,high,bulk_stamp
2026Q1,2632.HK,prospectus,col_U,value_with_quote,2,high,bulk_stamp
2026Q1,2632.HK,prospectus,col_AO,value_with_quote,445,high,bulk_stamp
2026Q1,2632.HK,prospectus,col_AP,value_with_quote,445,high,bulk_stamp
2026Q1,2632.HK,prospectus,col_AQ,value_with_quote,2,medium,bulk_stamp
2026Q1,2632.HK,prospectus,col_AS,value_with_quote,29,high,bulk_stamp
2026Q1,2632.HK,prospectus,col_BA,value_with_quote,31,high,bulk_stamp
2026Q1,2632.HK,prospectus,col_vc_backed,value_with_quote,31,high,bulk_stamp
2026Q1,2632.HK,prospectus,col_pe_backed,value_with_quote,31,high,bulk_stamp
2026Q1,2632.HK,prospectus,col_cvc_backed,value_with_quote,31,high,bulk_stamp
2026Q1,2632.HK,prospectus,col_gov_backed,value_with_quote,31,high,bulk_stamp
2026Q1,2632.HK,prospectus,col_top_tier_vc,value_with_quote,31,high,bulk_stamp
2026Q1,2632.HK,prospectus,col_vc_board_seat,value_with_quote,31,high,bulk_stamp
2026Q1,2632.HK,prospectus,col_vc_pe_stake,value_with_quote,31,high,bulk_stamp
2026Q1,2632.HK,prospectus,col_pre_ipo_investors,value_with_quote,31,high,bulk_stamp
2026Q1,2632.HK,prospectus,col_BC,value_with_quote,353,high,bulk_stamp
2026Q1,2632.HK,prospectus,col_BD,value_with_quote,353,high,bulk_stamp
2026Q1,2632.HK,prospectus,col_CC,value_with_quote,5,high,bulk_stamp
2026Q1,2632.HK,prospectus,col_CD,value_with_quote,5,high,bulk_stamp
2026Q1,2632.HK,prospectus,col_CE,value_with_quote,203,high,bulk_stamp
2026Q1,2632.HK,prospectus,col_CI,value_with_quote,32,high,bulk_stamp
2026Q1,2632.HK,prospectus,col_CJ,value_with_quote,367,high,bulk_stamp
2026Q1,2632.HK,allot,col_CK,value_with_quote,5,high,bulk_stamp
2026Q1,2632.HK,allot,col_CM,value_with_quote,4,high,bulk_stamp
2026Q1,2632.HK,allot,col_CN,value_with_quote,4,high,bulk_stamp
2026Q1,2632.HK,allot,col_CO,value_with_quote,10,medium,bulk_stamp
2026Q1,2632.HK,allot,col_CQ,value_with_quote,2,high,bulk_stamp
2026Q1,2632.HK,allot,col_CR,value_with_quote,1,high,bulk_stamp
2026Q1,2632.HK,allot,col_CS,value_with_quote,3,high,bulk_stamp
2026Q1,2632.HK,allot,col_CT,value_with_quote,4,high,bulk_stamp
2026Q1,2632.HK,allot,col_CU,value_with_quote,4,high,bulk_stamp
2026Q1,2632.HK,allot,col_CV,derived_rule,,high,bulk_stamp
2026Q1,2632.HK,allot,col_CW,value_with_quote,4,high,bulk_stamp
2026Q1,2632.HK,allot,col_CX,value_with_quote,3,high,bulk_stamp
2026Q1,2632.HK,allot,col_CY,value_with_quote,15,high,bulk_stamp
2026Q1,2632.HK,allot,col_CZ,value_with_quote,3,high,bulk_stamp
2026Q1,2632.HK,allot,col_DA,value_with_quote,15,medium,bulk_stamp
2026Q1,2632.HK,allot,col_DC,value_with_quote,3,medium,bulk_stamp
2026Q1,2729.HK,prospectus,col_L,value_with_quote,219,high,bulk_stamp
2026Q1,2729.HK,prospectus,col_M,value_with_quote,2,high,bulk_stamp
2026Q1,2729.HK,prospectus,col_N,value_with_quote,219,high,bulk_stamp
2026Q1,2729.HK,prospectus,col_O,value_with_quote,219,high,bulk_stamp
2026Q1,2729.HK,prospectus,col_P,value_with_quote,219,high,bulk_stamp
2026Q1,2729.HK,prospectus,col_Q,value_with_quote,219,high,bulk_stamp
2026Q1,2729.HK,prospectus,col_R,value_with_quote,2,high,bulk_stamp
2026Q1,2729.HK,prospectus,col_S,value_with_quote,2,high,bulk_stamp
2026Q1,2729.HK,prospectus,col_T,value_with_quote,2,high,bulk_stamp
2026Q1,2729.HK,prospectus,col_U,value_with_quote,2,high,bulk_stamp
2026Q1,2729.HK,prospectus,col_AO,value_with_quote,288,high,bulk_stamp
2026Q1,2729.HK,prospectus,col_AP,value_with_quote,288,high,bulk_stamp
2026Q1,2729.HK,prospectus,col_AQ,value_with_quote,219,high,bulk_stamp
2026Q1,2729.HK,prospectus,col_AS,value_with_quote,25,high,bulk_stamp
2026Q1,2729.HK,prospectus,col_BA,value_with_quote,23,high,bulk_stamp
2026Q1,2729.HK,prospectus,col_vc_backed,value_with_quote,23,high,bulk_stamp
2026Q1,2729.HK,prospectus,col_pe_backed,value_with_quote,23,high,bulk_stamp
2026Q1,2729.HK,prospectus,col_cvc_backed,value_with_quote,23,high,bulk_stamp
2026Q1,2729.HK,prospectus,col_gov_backed,value_with_quote,23,high,bulk_stamp
2026Q1,2729.HK,prospectus,col_top_tier_vc,value_with_quote,23,high,bulk_stamp
2026Q1,2729.HK,prospectus,col_vc_board_seat,value_with_quote,23,high,bulk_stamp
2026Q1,2729.HK,prospectus,col_vc_pe_stake,value_with_quote,23,high,bulk_stamp
2026Q1,2729.HK,prospectus,col_pre_ipo_investors,value_with_quote,23,high,bulk_stamp
2026Q1,2729.HK,prospectus,col_BC,value_with_quote,121,high,bulk_stamp
2026Q1,2729.HK,prospectus,col_BD,value_with_quote,121,high,bulk_stamp
2026Q1,2729.HK,prospectus,col_CC,value_with_quote,5,high,bulk_stamp
2026Q1,2729.HK,prospectus,col_CD,value_with_quote,5,high,bulk_stamp
2026Q1,2729.HK,prospectus,col_CE,value_with_quote,23,high,bulk_stamp
2026Q1,2729.HK,prospectus,col_CI,value_with_quote,288,high,bulk_stamp
2026Q1,2729.HK,prospectus,col_CJ,unknown,,high,bulk_stamp
2026Q1,2729.HK,allot,col_CK,derived_rule,,high,bulk_stamp
2026Q1,2729.HK,allot,col_CM,value_with_quote,3,high,bulk_stamp
2026Q1,2729.HK,allot,col_CN,value_with_quote,3,high,bulk_stamp
2026Q1,2729.HK,allot,col_CO,value_with_quote,9,medium,bulk_stamp
2026Q1,2729.HK,allot,col_CQ,value_with_quote,2,high,bulk_stamp
2026Q1,2729.HK,allot,col_CR,value_with_quote,1,high,bulk_stamp
2026Q1,2729.HK,allot,col_CS,value_with_quote,1,high,bulk_stamp
2026Q1,2729.HK,allot,col_CT,value_with_quote,3,high,bulk_stamp
2026Q1,2729.HK,allot,col_CU,value_with_quote,3,high,bulk_stamp
2026Q1,2729.HK,allot,col_CV,derived_rule,,high,bulk_stamp
2026Q1,2729.HK,allot,col_CW,value_with_quote,3,high,bulk_stamp
2026Q1,2729.HK,allot,col_CX,value_with_quote,2,high,bulk_stamp
2026Q1,2729.HK,allot,col_CY,value_with_quote,13,high,bulk_stamp
2026Q1,2729.HK,allot,col_CZ,value_with_quote,1,high,bulk_stamp
2026Q1,2729.HK,allot,col_DA,value_with_quote,1,medium,bulk_stamp
2026Q1,2729.HK,allot,col_DC,value_with_quote,1,high,bulk_stamp
2026Q1,1021.HK,prospectus,col_L,value_with_quote,229,high,bulk_stamp
2026Q1,1021.HK,prospectus,col_M,value_with_quote,2,high,bulk_stamp
2026Q1,1021.HK,prospectus,col_N,value_with_quote,229,high,bulk_stamp
2026Q1,1021.HK,prospectus,col_O,value_with_quote,229,high,bulk_stamp
2026Q1,1021.HK,prospectus,col_P,value_with_quote,229,high,bulk_stamp
2026Q1,1021.HK,prospectus,col_Q,value_with_quote,229,high,bulk_stamp
2026Q1,1021.HK,prospectus,col_R,value_with_quote,2,high,bulk_stamp
2026Q1,1021.HK,prospectus,col_S,value_with_quote,2,high,bulk_stamp
2026Q1,1021.HK,prospectus,col_T,value_with_quote,2,high,bulk_stamp
2026Q1,1021.HK,prospectus,col_U,value_with_quote,2,high,bulk_stamp
2026Q1,1021.HK,prospectus,col_AO,value_with_quote,301,high,bulk_stamp
2026Q1,1021.HK,prospectus,col_AP,value_with_quote,301,high,bulk_stamp
2026Q1,1021.HK,prospectus,col_AQ,value_with_quote,300,high,bulk_stamp
2026Q1,1021.HK,prospectus,col_AS,value_with_quote,13,high,bulk_stamp
2026Q1,1021.HK,prospectus,col_BA,value_with_quote,17,high,bulk_stamp
2026Q1,1021.HK,prospectus,col_vc_backed,value_with_quote,17,high,bulk_stamp
2026Q1,1021.HK,prospectus,col_pe_backed,value_with_quote,17,high,bulk_stamp
2026Q1,1021.HK,prospectus,col_cvc_backed,value_with_quote,17,high,bulk_stamp
2026Q1,1021.HK,prospectus,col_gov_backed,value_with_quote,17,high,bulk_stamp
2026Q1,1021.HK,prospectus,col_top_tier_vc,value_with_quote,17,high,bulk_stamp
2026Q1,1021.HK,prospectus,col_vc_board_seat,value_with_quote,17,high,bulk_stamp
2026Q1,1021.HK,prospectus,col_vc_pe_stake,value_with_quote,17,high,bulk_stamp
2026Q1,1021.HK,prospectus,col_pre_ipo_investors,value_with_quote,17,high,bulk_stamp
2026Q1,1021.HK,prospectus,col_BC,value_with_quote,227,medium,bulk_stamp
2026Q1,1021.HK,prospectus,col_BD,value_with_quote,223,high,bulk_stamp
2026Q1,1021.HK,prospectus,col_CC,value_with_quote,5,high,bulk_stamp
2026Q1,1021.HK,prospectus,col_CD,value_with_quote,5,high,bulk_stamp
2026Q1,1021.HK,prospectus,col_CE,value_with_quote,229,high,bulk_stamp
2026Q1,1021.HK,prospectus,col_CI,value_with_quote,301,high,bulk_stamp
2026Q1,1021.HK,prospectus,col_CJ,value_with_quote,237,high,bulk_stamp
2026Q1,1021.HK,allot,col_CK,value_with_quote,7,high,bulk_stamp
2026Q1,1021.HK,allot,col_CM,value_with_quote,5,high,bulk_stamp
2026Q1,1021.HK,allot,col_CN,value_with_quote,5,high,bulk_stamp
2026Q1,1021.HK,allot,col_CO,value_with_quote,20,medium,bulk_stamp
2026Q1,1021.HK,allot,col_CQ,unknown,2,high,bulk_stamp
2026Q1,1021.HK,allot,col_CR,value_with_quote,1,high,bulk_stamp
2026Q1,1021.HK,allot,col_CS,value_with_quote,3,high,bulk_stamp
2026Q1,1021.HK,allot,col_CT,value_with_quote,3,high,bulk_stamp
2026Q1,1021.HK,allot,col_CU,value_with_quote,6,high,bulk_stamp
2026Q1,1021.HK,allot,col_CV,value_with_quote,1,high,bulk_stamp
2026Q1,1021.HK,allot,col_CW,value_with_quote,22,high,bulk_stamp
2026Q1,1021.HK,allot,col_CX,value_with_quote,4,high,bulk_stamp
2026Q1,1021.HK,allot,col_CY,value_with_quote,30,high,bulk_stamp
2026Q1,1021.HK,allot,col_CZ,value_with_quote,3,high,bulk_stamp
2026Q1,1021.HK,allot,col_DA,value_with_quote,30,medium,bulk_stamp
2026Q1,1021.HK,allot,col_DC,value_with_quote,3,medium,bulk_stamp
2026Q1,2526.HK,prospectus,col_L,value_with_quote,241,high,bulk_stamp
2026Q1,2526.HK,prospectus,col_M,value_with_quote,2,high,bulk_stamp
2026Q1,2526.HK,prospectus,col_N,value_with_quote,241,high,bulk_stamp
2026Q1,2526.HK,prospectus,col_O,value_with_quote,241,high,bulk_stamp
2026Q1,2526.HK,prospectus,col_P,value_with_quote,27,high,bulk_stamp
2026Q1,2526.HK,prospectus,col_Q,value_with_quote,27,high,bulk_stamp
2026Q1,2526.HK,prospectus,col_R,value_with_quote,2,high,bulk_stamp
2026Q1,2526.HK,prospectus,col_S,value_with_quote,2,high,bulk_stamp
2026Q1,2526.HK,prospectus,col_T,value_with_quote,2,high,bulk_stamp
2026Q1,2526.HK,prospectus,col_U,value_with_quote,2,high,bulk_stamp
2026Q1,2526.HK,prospectus,col_AO,value_with_quote,287,high,bulk_stamp
2026Q1,2526.HK,prospectus,col_AP,value_with_quote,287,high,bulk_stamp
2026Q1,2526.HK,prospectus,col_AQ,value_with_quote,288,medium,bulk_stamp
2026Q1,2526.HK,prospectus,col_AS,value_with_quote,25,high,bulk_stamp
2026Q1,2526.HK,prospectus,col_BA,value_with_quote,27,high,bulk_stamp
2026Q1,2526.HK,prospectus,col_vc_backed,value_with_quote,27,high,bulk_stamp
2026Q1,2526.HK,prospectus,col_pe_backed,value_with_quote,27,high,bulk_stamp
2026Q1,2526.HK,prospectus,col_cvc_backed,value_with_quote,27,high,bulk_stamp
2026Q1,2526.HK,prospectus,col_gov_backed,value_with_quote,27,high,bulk_stamp
2026Q1,2526.HK,prospectus,col_top_tier_vc,value_with_quote,27,high,bulk_stamp
2026Q1,2526.HK,prospectus,col_vc_board_seat,value_with_quote,27,high,bulk_stamp
2026Q1,2526.HK,prospectus,col_vc_pe_stake,value_with_quote,27,high,bulk_stamp
2026Q1,2526.HK,prospectus,col_pre_ipo_investors,value_with_quote,27,high,bulk_stamp
2026Q1,2526.HK,prospectus,col_BC,value_with_quote,239,high,bulk_stamp
2026Q1,2526.HK,prospectus,col_BD,value_with_quote,235,high,bulk_stamp
2026Q1,2526.HK,prospectus,col_CC,value_with_quote,5,high,bulk_stamp
2026Q1,2526.HK,prospectus,col_CD,value_with_quote,5,high,bulk_stamp
2026Q1,2526.HK,prospectus,col_CE,value_with_quote,241,high,bulk_stamp
2026Q1,2526.HK,prospectus,col_CI,value_with_quote,26,high,bulk_stamp
2026Q1,2526.HK,prospectus,col_CJ,unknown,,medium,bulk_stamp
2026Q1,2526.HK,allot,col_CK,derived_rule,,high,bulk_stamp
2026Q1,2526.HK,allot,col_CM,value_with_quote,4,high,bulk_stamp
2026Q1,2526.HK,allot,col_CN,value_with_quote,4,high,bulk_stamp
2026Q1,2526.HK,allot,col_CO,value_with_quote,16,medium,bulk_stamp
2026Q1,2526.HK,allot,col_CQ,value_with_quote,2,high,bulk_stamp
2026Q1,2526.HK,allot,col_CR,value_with_quote,1,high,bulk_stamp
2026Q1,2526.HK,allot,col_CS,value_with_quote,3,high,bulk_stamp
2026Q1,2526.HK,allot,col_CT,value_with_quote,4,high,bulk_stamp
2026Q1,2526.HK,allot,col_CU,value_with_quote,5,high,bulk_stamp
2026Q1,2526.HK,allot,col_CV,derived_rule,,high,bulk_stamp
2026Q1,2526.HK,allot,col_CW,value_with_quote,4,high,bulk_stamp
2026Q1,2526.HK,allot,col_CX,value_with_quote,4,high,bulk_stamp
2026Q1,2526.HK,allot,col_CY,value_with_quote,22,high,bulk_stamp
2026Q1,2526.HK,allot,col_CZ,value_with_quote,3,high,bulk_stamp
2026Q1,2526.HK,allot,col_DA,value_with_quote,8,medium,bulk_stamp
2026Q1,2526.HK,allot,col_DC,value_with_quote,3,medium,bulk_stamp
2026Q1,2726.HK,prospectus,col_L,value_with_quote,213,high,bulk_stamp
2026Q1,2726.HK,prospectus,col_M,value_with_quote,2,high,bulk_stamp
2026Q1,2726.HK,prospectus,col_N,value_with_quote,213,high,bulk_stamp
2026Q1,2726.HK,prospectus,col_O,value_with_quote,213,high,bulk_stamp
2026Q1,2726.HK,prospectus,col_P,value_with_quote,213,high,bulk_stamp
2026Q1,2726.HK,prospectus,col_Q,value_with_quote,213,high,bulk_stamp
2026Q1,2726.HK,prospectus,col_R,value_with_quote,2,high,bulk_stamp
2026Q1,2726.HK,prospectus,col_S,value_with_quote,2,high,bulk_stamp
2026Q1,2726.HK,prospectus,col_T,value_with_quote,2,high,bulk_stamp
2026Q1,2726.HK,prospectus,col_U,value_with_quote,2,high,bulk_stamp
2026Q1,2726.HK,prospectus,col_AO,value_with_quote,278,high,bulk_stamp
2026Q1,2726.HK,prospectus,col_AP,value_with_quote,278,high,bulk_stamp
2026Q1,2726.HK,prospectus,col_AQ,value_with_quote,280,high,bulk_stamp
2026Q1,2726.HK,prospectus,col_AS,value_with_quote,138,high,bulk_stamp
2026Q1,2726.HK,prospectus,col_BA,value_with_quote,130,high,bulk_stamp
2026Q1,2726.HK,prospectus,col_vc_backed,value_with_quote,130,high,bulk_stamp
2026Q1,2726.HK,prospectus,col_pe_backed,value_with_quote,130,high,bulk_stamp
2026Q1,2726.HK,prospectus,col_cvc_backed,value_with_quote,130,high,bulk_stamp
2026Q1,2726.HK,prospectus,col_gov_backed,value_with_quote,130,high,bulk_stamp
2026Q1,2726.HK,prospectus,col_top_tier_vc,value_with_quote,130,high,bulk_stamp
2026Q1,2726.HK,prospectus,col_vc_board_seat,value_with_quote,130,high,bulk_stamp
2026Q1,2726.HK,prospectus,col_vc_pe_stake,value_with_quote,130,high,bulk_stamp
2026Q1,2726.HK,prospectus,col_pre_ipo_investors,value_with_quote,130,high,bulk_stamp
2026Q1,2726.HK,prospectus,col_BC,value_with_quote,137,high,bulk_stamp
2026Q1,2726.HK,prospectus,col_BD,value_with_quote,211,medium,bulk_stamp
2026Q1,2726.HK,prospectus,col_CC,value_with_quote,5,high,bulk_stamp
2026Q1,2726.HK,prospectus,col_CD,value_with_quote,5,high,bulk_stamp
2026Q1,2726.HK,prospectus,col_CE,value_with_quote,213,high,bulk_stamp
2026Q1,2726.HK,prospectus,col_CI,value_with_quote,32,high,bulk_stamp
2026Q1,2726.HK,prospectus,col_CJ,value_with_quote,217,high,bulk_stamp
2026Q1,2726.HK,allot,col_CK,value_with_quote,5,high,bulk_stamp
2026Q1,2726.HK,allot,col_CM,value_with_quote,4,high,bulk_stamp
2026Q1,2726.HK,allot,col_CN,value_with_quote,4,high,bulk_stamp
2026Q1,2726.HK,allot,col_CO,value_with_quote,11,high,bulk_stamp
2026Q1,2726.HK,allot,col_CQ,unknown,2,high,bulk_stamp
2026Q1,2726.HK,allot,col_CR,value_with_quote,1,high,bulk_stamp
2026Q1,2726.HK,allot,col_CS,value_with_quote,2,high,bulk_stamp
2026Q1,2726.HK,allot,col_CT,value_with_quote,3,high,bulk_stamp
2026Q1,2726.HK,allot,col_CU,value_with_quote,3,high,bulk_stamp
2026Q1,2726.HK,allot,col_CV,derived_rule,,high,bulk_stamp
2026Q1,2726.HK,allot,col_CW,value_with_quote,4,high,bulk_stamp
2026Q1,2726.HK,allot,col_CX,value_with_quote,4,high,bulk_stamp
2026Q1,2726.HK,allot,col_CY,value_with_quote,13,high,bulk_stamp
2026Q1,2726.HK,allot,col_CZ,value_with_quote,3,high,bulk_stamp
2026Q1,2726.HK,allot,col_DA,value_with_quote,13,high,bulk_stamp
2026Q1,2726.HK,allot,col_DC,value_with_quote,3,high,bulk_stamp
2026Q1,6636.HK,prospectus,col_L,value_with_quote,218,high,bulk_stamp
2026Q1,6636.HK,prospectus,col_M,value_with_quote,2,high,bulk_stamp
2026Q1,6636.HK,prospectus,col_N,value_with_quote,218,high,bulk_stamp
2026Q1,6636.HK,prospectus,col_O,value_with_quote,218,high,bulk_stamp
2026Q1,6636.HK,prospectus,col_P,value_with_quote,218,high,bulk_stamp
2026Q1,6636.HK,prospectus,col_Q,value_with_quote,218,high,bulk_stamp
2026Q1,6636.HK,prospectus,col_R,value_with_quote,2,high,bulk_stamp
2026Q1,6636.HK,prospectus,col_S,value_with_quote,2,high,bulk_stamp
2026Q1,6636.HK,prospectus,col_T,value_with_quote,2,high,bulk_stamp
2026Q1,6636.HK,prospectus,col_U,value_with_quote,2,high,bulk_stamp
2026Q1,6636.HK,prospectus,col_AO,value_with_quote,281,high,bulk_stamp
2026Q1,6636.HK,prospectus,col_AP,value_with_quote,281,high,bulk_stamp
2026Q1,6636.HK,prospectus,col_AQ,value_with_quote,283,high,bulk_stamp
2026Q1,6636.HK,prospectus,col_AS,value_with_quote,21,high,bulk_stamp
2026Q1,6636.HK,prospectus,col_BA,value_with_quote,23,high,bulk_stamp
2026Q1,6636.HK,prospectus,col_vc_backed,value_with_quote,23,high,bulk_stamp
2026Q1,6636.HK,prospectus,col_pe_backed,value_with_quote,23,high,bulk_stamp
2026Q1,6636.HK,prospectus,col_cvc_backed,value_with_quote,23,high,bulk_stamp
2026Q1,6636.HK,prospectus,col_gov_backed,value_with_quote,23,high,bulk_stamp
2026Q1,6636.HK,prospectus,col_top_tier_vc,value_with_quote,23,high,bulk_stamp
2026Q1,6636.HK,prospectus,col_vc_board_seat,value_with_quote,23,high,bulk_stamp
2026Q1,6636.HK,prospectus,col_vc_pe_stake,value_with_quote,23,high,bulk_stamp
2026Q1,6636.HK,prospectus,col_pre_ipo_investors,value_with_quote,23,high,bulk_stamp
2026Q1,6636.HK,prospectus,col_BC,value_with_quote,22,medium,bulk_stamp
2026Q1,6636.HK,prospectus,col_BD,value_with_quote,22,medium,bulk_stamp
2026Q1,6636.HK,prospectus,col_CC,value_with_quote,5,high,bulk_stamp
2026Q1,6636.HK,prospectus,col_CD,value_with_quote,5,high,bulk_stamp
2026Q1,6636.HK,prospectus,col_CE,value_with_quote,218,high,bulk_stamp
2026Q1,6636.HK,prospectus,col_CI,value_with_quote,24,high,bulk_stamp
2026Q1,6636.HK,prospectus,col_CJ,value_with_quote,216,high,bulk_stamp
2026Q1,6636.HK,allot,col_CK,value_with_quote,6,high,bulk_stamp
2026Q1,6636.HK,allot,col_CM,value_with_quote,4,high,bulk_stamp
2026Q1,6636.HK,allot,col_CN,value_with_quote,4,high,bulk_stamp
2026Q1,6636.HK,allot,col_CO,value_with_quote,13,medium,bulk_stamp
2026Q1,6636.HK,allot,col_CQ,unknown,2,high,bulk_stamp
2026Q1,6636.HK,allot,col_CR,value_with_quote,1,high,bulk_stamp
2026Q1,6636.HK,allot,col_CS,value_with_quote,3,high,bulk_stamp
2026Q1,6636.HK,allot,col_CT,value_with_quote,4,high,bulk_stamp
2026Q1,6636.HK,allot,col_CU,value_with_quote,5,high,bulk_stamp
2026Q1,6636.HK,allot,col_CV,derived_rule,,high,bulk_stamp
2026Q1,6636.HK,allot,col_CW,value_with_quote,4,high,bulk_stamp
2026Q1,6636.HK,allot,col_CX,value_with_quote,3,high,bulk_stamp
2026Q1,6636.HK,allot,col_CY,value_with_quote,18,high,bulk_stamp
2026Q1,6636.HK,allot,col_CZ,value_with_quote,3,high,bulk_stamp
2026Q1,6636.HK,allot,col_DA,value_with_quote,18,medium,bulk_stamp
2026Q1,6636.HK,allot,col_DC,value_with_quote,3,high,bulk_stamp
2026Q1,0664.HK,prospectus,col_L,value_with_quote,198,high,bulk_stamp
2026Q1,0664.HK,prospectus,col_M,value_with_quote,2,high,bulk_stamp
2026Q1,0664.HK,prospectus,col_N,value_with_quote,198,high,bulk_stamp
2026Q1,0664.HK,prospectus,col_O,value_with_quote,198,high,bulk_stamp
2026Q1,0664.HK,prospectus,col_P,value_with_quote,198,high,bulk_stamp
2026Q1,0664.HK,prospectus,col_Q,value_with_quote,198,high,bulk_stamp
2026Q1,0664.HK,prospectus,col_R,value_with_quote,2,high,bulk_stamp
2026Q1,0664.HK,prospectus,col_S,value_with_quote,2,high,bulk_stamp
2026Q1,0664.HK,prospectus,col_T,value_with_quote,2,high,bulk_stamp
2026Q1,0664.HK,prospectus,col_U,value_with_quote,2,high,bulk_stamp
2026Q1,0664.HK,prospectus,col_AO,value_with_quote,258,high,bulk_stamp
2026Q1,0664.HK,prospectus,col_AP,value_with_quote,258,high,bulk_stamp
2026Q1,0664.HK,prospectus,col_AQ,value_with_quote,257,high,bulk_stamp
2026Q1,0664.HK,prospectus,col_AS,value_with_quote,104,high,bulk_stamp
2026Q1,0664.HK,prospectus,col_BA,value_with_quote,105,high,bulk_stamp
2026Q1,0664.HK,prospectus,col_vc_backed,value_with_quote,105,high,bulk_stamp
2026Q1,0664.HK,prospectus,col_pe_backed,value_with_quote,105,high,bulk_stamp
2026Q1,0664.HK,prospectus,col_cvc_backed,value_with_quote,105,high,bulk_stamp
2026Q1,0664.HK,prospectus,col_gov_backed,value_with_quote,105,high,bulk_stamp
2026Q1,0664.HK,prospectus,col_top_tier_vc,value_with_quote,105,high,bulk_stamp
2026Q1,0664.HK,prospectus,col_vc_board_seat,value_with_quote,105,high,bulk_stamp
2026Q1,0664.HK,prospectus,col_vc_pe_stake,value_with_quote,105,high,bulk_stamp
2026Q1,0664.HK,prospectus,col_pre_ipo_investors,value_with_quote,105,high,bulk_stamp
2026Q1,0664.HK,prospectus,col_BC,value_with_quote,201,high,bulk_stamp
2026Q1,0664.HK,prospectus,col_BD,value_with_quote,18,high,bulk_stamp
2026Q1,0664.HK,prospectus,col_CC,value_with_quote,5,high,bulk_stamp
2026Q1,0664.HK,prospectus,col_CD,value_with_quote,5,high,bulk_stamp
2026Q1,0664.HK,prospectus,col_CE,value_with_quote,198,high,bulk_stamp
2026Q1,0664.HK,prospectus,col_CI,value_with_quote,19,high,bulk_stamp
2026Q1,0664.HK,prospectus,col_CJ,value_with_quote,205,high,bulk_stamp
2026Q1,0664.HK,allot,col_CK,value_with_quote,5,high,bulk_stamp
2026Q1,0664.HK,allot,col_CM,value_with_quote,4,high,bulk_stamp
2026Q1,0664.HK,allot,col_CN,value_with_quote,4,high,bulk_stamp
2026Q1,0664.HK,allot,col_CO,value_with_quote,14,medium,bulk_stamp
2026Q1,0664.HK,allot,col_CQ,value_with_quote,2,high,bulk_stamp
2026Q1,0664.HK,allot,col_CR,value_with_quote,1,high,bulk_stamp
2026Q1,0664.HK,allot,col_CS,value_with_quote,2,high,bulk_stamp
2026Q1,0664.HK,allot,col_CT,value_with_quote,3,high,bulk_stamp
2026Q1,0664.HK,allot,col_CU,value_with_quote,3,high,bulk_stamp
2026Q1,0664.HK,allot,col_CV,derived_rule,,high,bulk_stamp
2026Q1,0664.HK,allot,col_CW,value_with_quote,4,high,bulk_stamp
2026Q1,0664.HK,allot,col_CX,value_with_quote,4,high,bulk_stamp
2026Q1,0664.HK,allot,col_CY,value_with_quote,19,high,bulk_stamp
2026Q1,0664.HK,allot,col_CZ,value_with_quote,3,high,bulk_stamp
2026Q1,0664.HK,allot,col_DA,value_with_quote,19,medium,bulk_stamp
2026Q1,0664.HK,allot,col_DC,value_with_quote,3,high,bulk_stamp
2026Q1,3625.HK,prospectus,col_L,value_with_quote,270,high,bulk_stamp
2026Q1,3625.HK,prospectus,col_M,value_with_quote,2,high,bulk_stamp
2026Q1,3625.HK,prospectus,col_N,value_with_quote,270,high,bulk_stamp
2026Q1,3625.HK,prospectus,col_O,value_with_quote,270,high,bulk_stamp
2026Q1,3625.HK,prospectus,col_P,value_with_quote,270,high,bulk_stamp
2026Q1,3625.HK,prospectus,col_Q,value_with_quote,270,high,bulk_stamp
2026Q1,3625.HK,prospectus,col_R,value_with_quote,2,high,bulk_stamp
2026Q1,3625.HK,prospectus,col_S,value_with_quote,2,high,bulk_stamp
2026Q1,3625.HK,prospectus,col_T,value_with_quote,2,high,bulk_stamp
2026Q1,3625.HK,prospectus,col_U,value_with_quote,2,high,bulk_stamp
2026Q1,3625.HK,prospectus,col_AO,value_with_quote,287,high,bulk_stamp
2026Q1,3625.HK,prospectus,col_AP,value_with_quote,287,high,bulk_stamp
2026Q1,3625.HK,prospectus,col_AQ,value_with_quote,287,high,bulk_stamp
2026Q1,3625.HK,prospectus,col_AS,value_with_quote,10,high,bulk_stamp
2026Q1,3625.HK,prospectus,col_BA,value_with_quote,24,high,bulk_stamp
2026Q1,3625.HK,prospectus,col_vc_backed,value_with_quote,24,high,bulk_stamp
2026Q1,3625.HK,prospectus,col_pe_backed,value_with_quote,24,high,bulk_stamp
2026Q1,3625.HK,prospectus,col_cvc_backed,value_with_quote,24,high,bulk_stamp
2026Q1,3625.HK,prospectus,col_gov_backed,value_with_quote,24,high,bulk_stamp
2026Q1,3625.HK,prospectus,col_top_tier_vc,value_with_quote,24,high,bulk_stamp
2026Q1,3625.HK,prospectus,col_vc_board_seat,value_with_quote,24,high,bulk_stamp
2026Q1,3625.HK,prospectus,col_vc_pe_stake,value_with_quote,24,high,bulk_stamp
2026Q1,3625.HK,prospectus,col_pre_ipo_investors,value_with_quote,24,high,bulk_stamp
2026Q1,3625.HK,prospectus,col_BC,value_with_quote,24,medium,bulk_stamp
2026Q1,3625.HK,prospectus,col_BD,value_with_quote,24,high,bulk_stamp
2026Q1,3625.HK,prospectus,col_CC,value_with_quote,5,high,bulk_stamp
2026Q1,3625.HK,prospectus,col_CD,value_with_quote,5,high,bulk_stamp
2026Q1,3625.HK,prospectus,col_CE,value_with_quote,269,high,bulk_stamp
2026Q1,3625.HK,prospectus,col_CI,value_with_quote,252,high,bulk_stamp
2026Q1,3625.HK,prospectus,col_CJ,unknown,,high,bulk_stamp
2026Q1,3625.HK,allot,col_CK,derived_rule,,high,bulk_stamp
2026Q1,3625.HK,allot,col_CM,value_with_quote,4,high,bulk_stamp
2026Q1,3625.HK,allot,col_CN,value_with_quote,4,high,bulk_stamp
2026Q1,3625.HK,allot,col_CO,value_with_quote,14,medium,bulk_stamp
2026Q1,3625.HK,allot,col_CQ,value_with_quote,5,high,bulk_stamp
2026Q1,3625.HK,allot,col_CR,value_with_quote,1,high,bulk_stamp
2026Q1,3625.HK,allot,col_CS,value_with_quote,2,high,bulk_stamp
2026Q1,3625.HK,allot,col_CT,value_with_quote,4,high,bulk_stamp
2026Q1,3625.HK,allot,col_CU,value_with_quote,5,high,bulk_stamp
2026Q1,3625.HK,allot,col_CV,derived_rule,,high,bulk_stamp
2026Q1,3625.HK,allot,col_CW,value_with_quote,4,high,bulk_stamp
2026Q1,3625.HK,allot,col_CX,value_with_quote,4,high,bulk_stamp
2026Q1,3625.HK,allot,col_CY,value_with_quote,18,high,bulk_stamp
2026Q1,3625.HK,allot,col_CZ,value_with_quote,3,high,bulk_stamp
2026Q1,3625.HK,allot,col_DA,value_with_quote,18,medium,bulk_stamp
2026Q1,3625.HK,allot,col_DC,value_with_quote,3,high,bulk_stamp
2026Q2,6656.HK,prospectus,col_L,value_with_quote,213,high,bulk_stamp
2026Q2,6656.HK,prospectus,col_M,value_with_quote,213,high,bulk_stamp
2026Q2,6656.HK,prospectus,col_N,value_with_quote,213,high,bulk_stamp
2026Q2,6656.HK,prospectus,col_O,value_with_quote,213,high,bulk_stamp
2026Q2,6656.HK,prospectus,col_P,value_with_quote,213,medium,bulk_stamp
2026Q2,6656.HK,prospectus,col_Q,value_with_quote,213,high,bulk_stamp
2026Q2,6656.HK,prospectus,col_R,value_with_quote,2,high,bulk_stamp
2026Q2,6656.HK,prospectus,col_S,value_with_quote,2,high,bulk_stamp
2026Q2,6656.HK,prospectus,col_T,value_with_quote,2,high,bulk_stamp
2026Q2,6656.HK,prospectus,col_U,value_with_quote,2,high,bulk_stamp
2026Q2,6656.HK,prospectus,col_AO,value_with_quote,274,high,bulk_stamp
2026Q2,6656.HK,prospectus,col_AP,value_with_quote,274,high,bulk_stamp
2026Q2,6656.HK,prospectus,col_AQ,value_with_quote,274,high,bulk_stamp
2026Q2,6656.HK,prospectus,col_AS,value_with_quote,23,high,bulk_stamp
2026Q2,6656.HK,prospectus,col_BA,value_with_quote,22,high,bulk_stamp
2026Q2,6656.HK,prospectus,col_vc_backed,value_with_quote,126,high,bulk_stamp
2026Q2,6656.HK,prospectus,col_pe_backed,value_with_quote,125,high,bulk_stamp
2026Q2,6656.HK,prospectus,col_cvc_backed,unknown,,low,bulk_stamp
2026Q2,6656.HK,prospectus,col_gov_backed,value_with_quote,126,high,bulk_stamp
2026Q2,6656.HK,prospectus,col_top_tier_vc,value_with_quote,125,medium,bulk_stamp
2026Q2,6656.HK,prospectus,col_vc_board_seat,value_with_quote,125,high,bulk_stamp
2026Q2,6656.HK,prospectus,col_vc_pe_stake,value_with_quote,252,medium,bulk_stamp
2026Q2,6656.HK,prospectus,col_pre_ipo_investors,value_with_quote,121,high,bulk_stamp
2026Q2,6656.HK,prospectus,col_BC,value_with_quote,22,medium,bulk_stamp
2026Q2,6656.HK,prospectus,col_BD,value_with_quote,22,high,bulk_stamp
2026Q2,6656.HK,prospectus,col_CC,value_with_quote,5,high,bulk_stamp
2026Q2,6656.HK,prospectus,col_CD,value_with_quote,5,high,bulk_stamp
2026Q2,6656.HK,prospectus,col_CE,value_with_quote,213,high,bulk_stamp
2026Q2,6656.HK,prospectus,col_CI,value_with_quote,21,high,bulk_stamp
2026Q2,6656.HK,prospectus,col_CJ,value_with_quote,223,high,bulk_stamp
2026Q2,6656.HK,allot,col_CK,value_with_quote,8,high,absent
2026Q2,6656.HK,allot,col_CM,value_with_quote,4,high,absent
2026Q2,6656.HK,allot,col_CN,value_with_quote,4,high,absent
2026Q2,6656.HK,allot,col_CO,value_with_quote,19,medium,absent
2026Q2,6656.HK,allot,col_CQ,unknown,2,high,absent
2026Q2,6656.HK,allot,col_CR,value_with_quote,1,high,absent
2026Q2,6656.HK,allot,col_CS,value_with_quote,3,high,absent
2026Q2,6656.HK,allot,col_CT,value_with_quote,3,high,absent
2026Q2,6656.HK,allot,col_CU,value_with_quote,3,high,absent
2026Q2,6656.HK,allot,col_CV,value_with_quote,1,high,absent
2026Q2,6656.HK,allot,col_CW,value_with_quote,4,high,absent
2026Q2,6656.HK,allot,col_CX,value_with_quote,4,high,absent
2026Q2,6656.HK,allot,col_CY,value_with_quote,34,high,absent
2026Q2,6656.HK,allot,col_CZ,value_with_quote,3,high,absent
2026Q2,6656.HK,allot,col_DA,value_with_quote,34,medium,absent
2026Q2,6656.HK,allot,col_DC,value_with_quote,3,high,absent
2026Q2,0068.HK,prospectus,col_L,value_with_quote,231,high,bulk_stamp
2026Q2,0068.HK,prospectus,col_M,value_with_quote,231,high,bulk_stamp
2026Q2,0068.HK,prospectus,col_N,value_with_quote,231,high,bulk_stamp
2026Q2,0068.HK,prospectus,col_O,value_with_quote,231,high,bulk_stamp
2026Q2,0068.HK,prospectus,col_P,value_with_quote,231,medium,bulk_stamp
2026Q2,0068.HK,prospectus,col_Q,value_with_quote,231,high,bulk_stamp
2026Q2,0068.HK,prospectus,col_R,value_with_quote,2,high,bulk_stamp
2026Q2,0068.HK,prospectus,col_S,value_with_quote,2,high,bulk_stamp
2026Q2,0068.HK,prospectus,col_T,value_with_quote,2,high,bulk_stamp
2026Q2,0068.HK,prospectus,col_U,value_with_quote,2,high,bulk_stamp
2026Q2,0068.HK,prospectus,col_AO,value_with_quote,283,high,bulk_stamp
2026Q2,0068.HK,prospectus,col_AP,value_with_quote,283,high,bulk_stamp
2026Q2,0068.HK,prospectus,col_AQ,value_with_quote,283,high,bulk_stamp
2026Q2,0068.HK,prospectus,col_AS,value_with_quote,275,medium,bulk_stamp
2026Q2,0068.HK,prospectus,col_BA,value_with_quote,126,high,bulk_stamp
2026Q2,0068.HK,prospectus,col_vc_backed,value_with_quote,131,high,bulk_stamp
2026Q2,0068.HK,prospectus,col_pe_backed,value_with_quote,132,medium,bulk_stamp
2026Q2,0068.HK,prospectus,col_cvc_backed,value_with_quote,132,high,bulk_stamp
2026Q2,0068.HK,prospectus,col_gov_backed,value_with_quote,132,high,bulk_stamp
2026Q2,0068.HK,prospectus,col_top_tier_vc,value_with_quote,22,medium,bulk_stamp
2026Q2,0068.HK,prospectus,col_vc_board_seat,value_with_quote,213,high,bulk_stamp
2026Q2,0068.HK,prospectus,col_vc_pe_stake,value_with_quote,125,medium,bulk_stamp
2026Q2,0068.HK,prospectus,col_pre_ipo_investors,value_with_quote,126,medium,bulk_stamp
2026Q2,0068.HK,prospectus,col_BC,unknown,,low,bulk_stamp
2026Q2,0068.HK,prospectus,col_BD,unknown,,low,bulk_stamp
2026Q2,0068.HK,prospectus,col_CC,value_with_quote,5,high,bulk_stamp
2026Q2,0068.HK,prospectus,col_CD,value_with_quote,5,high,bulk_stamp
2026Q2,0068.HK,prospectus,col_CE,value_with_quote,231,medium,bulk_stamp
2026Q2,0068.HK,prospectus,col_CI,value_with_quote,283,medium,bulk_stamp
2026Q2,0068.HK,prospectus,col_CJ,value_with_quote,227,high,bulk_stamp
2026Q2,0068.HK,allot,col_CK,value_with_quote,7,high,absent
2026Q2,0068.HK,allot,col_CM,value_with_quote,4,high,absent
2026Q2,0068.HK,allot,col_CN,value_with_quote,4,high,absent
2026Q2,0068.HK,allot,col_CO,value_with_quote,17,high,absent
2026Q2,0068.HK,allot,col_CQ,value_with_quote,2,high,absent
2026Q2,0068.HK,allot,col_CR,value_with_quote,1,high,absent
2026Q2,0068.HK,allot,col_CS,value_with_quote,2,high,absent
2026Q2,0068.HK,allot,col_CT,value_with_quote,4,high,absent
2026Q2,0068.HK,allot,col_CU,value_with_quote,5,high,absent
2026Q2,0068.HK,allot,col_CV,value_with_quote,1,high,absent
2026Q2,0068.HK,allot,col_CW,value_with_quote,4,high,absent
2026Q2,0068.HK,allot,col_CX,value_with_quote,4,high,absent
2026Q2,0068.HK,allot,col_CY,value_with_quote,23,high,absent
2026Q2,0068.HK,allot,col_CZ,value_with_quote,3,high,absent
2026Q2,0068.HK,allot,col_DA,derived_rule,,high,absent
2026Q2,0068.HK,allot,col_DC,derived_rule,3,high,absent
2026Q2,3277.HK,prospectus,col_L,value_with_quote,235,high,named_reviewer
2026Q2,3277.HK,prospectus,col_M,value_with_quote,2,high,named_reviewer
2026Q2,3277.HK,prospectus,col_N,value_with_quote,235,high,named_reviewer
2026Q2,3277.HK,prospectus,col_O,value_with_quote,235,high,named_reviewer
2026Q2,3277.HK,prospectus,col_P,value_with_quote,235,medium,named_reviewer
2026Q2,3277.HK,prospectus,col_Q,value_with_quote,235,high,named_reviewer
2026Q2,3277.HK,prospectus,col_R,value_with_quote,2,high,named_reviewer
2026Q2,3277.HK,prospectus,col_S,value_with_quote,2,high,named_reviewer
2026Q2,3277.HK,prospectus,col_T,value_with_quote,2,high,named_reviewer
2026Q2,3277.HK,prospectus,col_U,value_with_quote,2,high,named_reviewer
2026Q2,3277.HK,prospectus,col_AO,value_with_quote,287,high,named_reviewer
2026Q2,3277.HK,prospectus,col_AP,value_with_quote,287,high,named_reviewer
2026Q2,3277.HK,prospectus,col_AQ,value_with_quote,30,high,named_reviewer
2026Q2,3277.HK,prospectus,col_AS,value_with_quote,310,high,named_reviewer
2026Q2,3277.HK,prospectus,col_BA,value_with_quote,117,high,named_reviewer
2026Q2,3277.HK,prospectus,col_vc_backed,value_with_quote,119,high,named_reviewer
2026Q2,3277.HK,prospectus,col_pe_backed,value_with_quote,117,high,named_reviewer
2026Q2,3277.HK,prospectus,col_cvc_backed,unknown,,low,named_reviewer
2026Q2,3277.HK,prospectus,col_gov_backed,value_with_quote,118,high,named_reviewer
2026Q2,3277.HK,prospectus,col_top_tier_vc,value_with_quote,117,medium,named_reviewer
2026Q2,3277.HK,prospectus,col_vc_board_seat,unknown,,low,named_reviewer
2026Q2,3277.HK,prospectus,col_vc_pe_stake,value_with_quote,116,high,named_reviewer
2026Q2,3277.HK,prospectus,col_pre_ipo_investors,value_with_quote,116,high,named_reviewer
2026Q2,3277.HK,prospectus,col_BC,value_with_quote,195,medium,named_reviewer
2026Q2,3277.HK,prospectus,col_BD,value_with_quote,195,high,named_reviewer
2026Q2,3277.HK,prospectus,col_CC,value_with_quote,5,high,named_reviewer
2026Q2,3277.HK,prospectus,col_CD,value_with_quote,5,high,named_reviewer
2026Q2,3277.HK,prospectus,col_CE,value_with_quote,235,high,named_reviewer
2026Q2,3277.HK,prospectus,col_CI,value_with_quote,19,high,named_reviewer
2026Q2,3277.HK,prospectus,col_CJ,value_with_quote,221,high,named_reviewer
2026Q2,3277.HK,allot,col_CK,value_with_quote,9,high,absent
2026Q2,3277.HK,allot,col_CM,value_with_quote,5,high,absent
2026Q2,3277.HK,allot,col_CN,value_with_quote,5,high,absent
2026Q2,3277.HK,allot,col_CO,value_with_quote,26,medium,absent
2026Q2,3277.HK,allot,col_CQ,unknown,2,high,absent
2026Q2,3277.HK,allot,col_CR,value_with_quote,1,high,absent
2026Q2,3277.HK,allot,col_CS,value_with_quote,3,high,absent
2026Q2,3277.HK,allot,col_CT,value_with_quote,3,high,absent
2026Q2,3277.HK,allot,col_CU,value_with_quote,3,high,absent
2026Q2,3277.HK,allot,col_CV,value_with_quote,1,high,absent
2026Q2,3277.HK,allot,col_CW,value_with_quote,5,high,absent
2026Q2,3277.HK,allot,col_CX,value_with_quote,4,high,absent
2026Q2,3277.HK,allot,col_CY,value_with_quote,44,high,absent
2026Q2,3277.HK,allot,col_CZ,value_with_quote,3,high,absent
2026Q2,3277.HK,allot,col_DA,derived_rule,,high,absent
2026Q2,3277.HK,allot,col_DC,derived_rule,3,high,absent
2026Q2,2476.HK,prospectus,col_L,value_with_quote,21,high,named_reviewer
2026Q2,2476.HK,prospectus,col_M,value_with_quote,21,high,named_reviewer
2026Q2,2476.HK,prospectus,col_N,value_with_quote,199,medium,named_reviewer
2026Q2,2476.HK,prospectus,col_O,value_with_quote,199,medium,named_reviewer
2026Q2,2476.HK,prospectus,col_P,value_with_quote,247,medium,named_reviewer
2026Q2,2476.HK,prospectus,col_Q,value_with_quote,21,high,named_reviewer
2026Q2,2476.HK,prospectus,col_R,value_with_quote,247,high,named_reviewer
2026Q2,2476.HK,prospectus,col_S,value_with_quote,247,high,named_reviewer
2026Q2,2476.HK,prospectus,col_T,value_with_quote,2,high,named_reviewer
2026Q2,2476.HK,prospectus,col_U,unknown,,low,named_reviewer
2026Q2,2476.HK,prospectus,col_AO,value_with_quote,245,high,named_reviewer
2026Q2,2476.HK,prospectus,col_AP,value_with_quote,245,high,named_reviewer
2026Q2,2476.HK,prospectus,col_AQ,value_with_quote,245,high,named_reviewer
2026Q2,2476.HK,prospectus,col_AS,value_with_quote,128,medium,named_reviewer
2026Q2,2476.HK,prospectus,col_BA,value_with_quote,123,medium,named_reviewer
2026Q2,2476.HK,prospectus,col_vc_backed,value_with_quote,124,medium,named_reviewer
2026Q2,2476.HK,prospectus,col_pe_backed,value_with_quote,124,medium,named_reviewer
2026Q2,2476.HK,prospectus,col_cvc_backed,unknown,,low,named_reviewer
2026Q2,2476.HK,prospectus,col_gov_backed,unknown,,low,named_reviewer
2026Q2,2476.HK,prospectus,col_top_tier_vc,unknown,,low,named_reviewer
2026Q2,2476.HK,prospectus,col_vc_board_seat,unknown,,low,named_reviewer
2026Q2,2476.HK,prospectus,col_vc_pe_stake,unknown,,low,named_reviewer
2026Q2,2476.HK,prospectus,col_pre_ipo_investors,value_with_quote,124,medium,named_reviewer
2026Q2,2476.HK,prospectus,col_BC,value_with_quote,183,medium,named_reviewer
2026Q2,2476.HK,prospectus,col_BD,value_with_quote,130,high,named_reviewer
2026Q2,2476.HK,prospectus,col_CC,value_with_quote,6,high,named_reviewer
2026Q2,2476.HK,prospectus,col_CD,value_with_quote,6,high,named_reviewer
2026Q2,2476.HK,prospectus,col_CE,value_with_quote,21,high,named_reviewer
2026Q2,2476.HK,prospectus,col_CI,value_with_quote,245,medium,named_reviewer
2026Q2,2476.HK,prospectus,col_CJ,value_with_quote,186,high,named_reviewer
2026Q2,2476.HK,allot,col_CK,value_with_quote,9,high,absent
2026Q2,2476.HK,allot,col_CM,value_with_quote,4,high,absent
2026Q2,2476.HK,allot,col_CN,value_with_quote,4,high,absent
2026Q2,2476.HK,allot,col_CO,value_with_quote,25,medium,absent
2026Q2,2476.HK,allot,col_CQ,value_with_quote,2,high,absent
2026Q2,2476.HK,allot,col_CR,value_with_quote,1,high,absent
2026Q2,2476.HK,allot,col_CS,value_with_quote,3,high,absent
2026Q2,2476.HK,allot,col_CT,value_with_quote,3,high,absent
2026Q2,2476.HK,allot,col_CU,value_with_quote,3,high,absent
2026Q2,2476.HK,allot,col_CV,value_with_quote,1,high,absent
2026Q2,2476.HK,allot,col_CW,value_with_quote,5,high,absent
2026Q2,2476.HK,allot,col_CX,value_with_quote,4,high,absent
2026Q2,2476.HK,allot,col_CY,value_with_quote,52,medium,absent
2026Q2,2476.HK,allot,col_CZ,value_with_quote,3,high,absent
2026Q2,2476.HK,allot,col_DA,derived_rule,,high,absent
2026Q2,2476.HK,allot,col_DC,derived_rule,3,high,absent
2026Q2,3296.HK,prospectus,col_L,value_with_quote,228,high,bulk_stamp
2026Q2,3296.HK,prospectus,col_M,value_with_quote,228,high,bulk_stamp
2026Q2,3296.HK,prospectus,col_N,value_with_quote,228,medium,bulk_stamp
2026Q2,3296.HK,prospectus,col_O,value_with_quote,228,medium,bulk_stamp
2026Q2,3296.HK,prospectus,col_P,value_with_quote,31,medium,bulk_stamp
2026Q2,3296.HK,prospectus,col_Q,value_with_quote,2,high,bulk_stamp
2026Q2,3296.HK,prospectus,col_R,value_with_quote,2,high,bulk_stamp
2026Q2,3296.HK,prospectus,col_S,value_with_quote,2,high,bulk_stamp
2026Q2,3296.HK,prospectus,col_T,value_with_quote,2,high,bulk_stamp
2026Q2,3296.HK,prospectus,col_U,unknown,,high,bulk_stamp
2026Q2,3296.HK,prospectus,col_AO,value_with_quote,290,medium,bulk_stamp
2026Q2,3296.HK,prospectus,col_AP,value_with_quote,290,medium,bulk_stamp
2026Q2,3296.HK,prospectus,col_AQ,value_with_quote,299,high,bulk_stamp
2026Q2,3296.HK,prospectus,col_AS,value_with_quote,134,medium,bulk_stamp
2026Q2,3296.HK,prospectus,col_BA,value_with_quote,24,high,bulk_stamp
2026Q2,3296.HK,prospectus,col_vc_backed,value_with_quote,24,high,bulk_stamp
2026Q2,3296.HK,prospectus,col_pe_backed,value_with_quote,24,high,bulk_stamp
2026Q2,3296.HK,prospectus,col_cvc_backed,value_with_quote,24,high,bulk_stamp
2026Q2,3296.HK,prospectus,col_gov_backed,value_with_quote,24,high,bulk_stamp
2026Q2,3296.HK,prospectus,col_top_tier_vc,value_with_quote,24,high,bulk_stamp
2026Q2,3296.HK,prospectus,col_vc_board_seat,value_with_quote,24,high,bulk_stamp
2026Q2,3296.HK,prospectus,col_vc_pe_stake,value_with_quote,24,high,bulk_stamp
2026Q2,3296.HK,prospectus,col_pre_ipo_investors,unknown,,high,bulk_stamp
2026Q2,3296.HK,prospectus,col_BC,value_with_quote,206,medium,bulk_stamp
2026Q2,3296.HK,prospectus,col_BD,value_with_quote,206,medium,bulk_stamp
2026Q2,3296.HK,prospectus,col_CC,value_with_quote,5,high,bulk_stamp
2026Q2,3296.HK,prospectus,col_CD,value_with_quote,5,high,bulk_stamp
2026Q2,3296.HK,prospectus,col_CE,value_with_quote,228,high,bulk_stamp
2026Q2,3296.HK,prospectus,col_CI,value_with_quote,27,high,bulk_stamp
2026Q2,3296.HK,prospectus,col_CJ,value_with_quote,268,high,bulk_stamp
2026Q2,3296.HK,allot,col_CK,value_with_quote,7,high,absent
2026Q2,3296.HK,allot,col_CM,value_with_quote,5,high,absent
2026Q2,3296.HK,allot,col_CN,value_with_quote,5,high,absent
2026Q2,3296.HK,allot,col_CO,value_with_quote,17,medium,absent
2026Q2,3296.HK,allot,col_CQ,value_with_quote,2,high,absent
2026Q2,3296.HK,allot,col_CR,value_with_quote,1,high,absent
2026Q2,3296.HK,allot,col_CS,value_with_quote,3,high,absent
2026Q2,3296.HK,allot,col_CT,value_with_quote,3,high,absent
2026Q2,3296.HK,allot,col_CU,value_with_quote,3,high,absent
2026Q2,3296.HK,allot,col_CV,value_with_quote,1,high,absent
2026Q2,3296.HK,allot,col_CW,value_with_quote,5,high,absent
2026Q2,3296.HK,allot,col_CX,value_with_quote,4,high,absent
2026Q2,3296.HK,allot,col_CY,value_with_quote,27,medium,absent
2026Q2,3296.HK,allot,col_CZ,value_with_quote,3,high,absent
2026Q2,3296.HK,allot,col_DA,derived_rule,,high,absent
2026Q2,3296.HK,allot,col_DC,derived_rule,3,high,absent
2026Q2,1879.HK,prospectus,col_L,value_with_quote,225,high,bulk_stamp
2026Q2,1879.HK,prospectus,col_M,value_with_quote,225,high,bulk_stamp
2026Q2,1879.HK,prospectus,col_N,value_with_quote,225,high,bulk_stamp
2026Q2,1879.HK,prospectus,col_O,value_with_quote,225,high,bulk_stamp
2026Q2,1879.HK,prospectus,col_P,value_with_quote,225,medium,bulk_stamp
2026Q2,1879.HK,prospectus,col_Q,value_with_quote,225,high,bulk_stamp
2026Q2,1879.HK,prospectus,col_R,value_with_quote,2,high,bulk_stamp
2026Q2,1879.HK,prospectus,col_S,value_with_quote,2,high,bulk_stamp
2026Q2,1879.HK,prospectus,col_T,value_with_quote,2,high,bulk_stamp
2026Q2,1879.HK,prospectus,col_U,value_with_quote,2,high,bulk_stamp
2026Q2,1879.HK,prospectus,col_AO,value_with_quote,297,high,bulk_stamp
2026Q2,1879.HK,prospectus,col_AP,value_with_quote,297,high,bulk_stamp
2026Q2,1879.HK,prospectus,col_AQ,value_with_quote,296,high,bulk_stamp
2026Q2,1879.HK,prospectus,col_AS,value_with_quote,25,high,bulk_stamp
2026Q2,1879.HK,prospectus,col_BA,value_with_quote,26,high,bulk_stamp
2026Q2,1879.HK,prospectus,col_vc_backed,value_with_quote,131,high,bulk_stamp
2026Q2,1879.HK,prospectus,col_pe_backed,value_with_quote,134,medium,bulk_stamp
2026Q2,1879.HK,prospectus,col_cvc_backed,value_with_quote,129,high,bulk_stamp
2026Q2,1879.HK,prospectus,col_gov_backed,value_with_quote,130,high,bulk_stamp
2026Q2,1879.HK,prospectus,col_top_tier_vc,value_with_quote,133,medium,bulk_stamp
2026Q2,1879.HK,prospectus,col_vc_board_seat,value_with_quote,127,low,bulk_stamp
2026Q2,1879.HK,prospectus,col_vc_pe_stake,value_with_quote,134,medium,bulk_stamp
2026Q2,1879.HK,prospectus,col_pre_ipo_investors,value_with_quote,128,high,bulk_stamp
2026Q2,1879.HK,prospectus,col_BC,value_with_quote,227,medium,bulk_stamp
2026Q2,1879.HK,prospectus,col_BD,value_with_quote,25,high,bulk_stamp
2026Q2,1879.HK,prospectus,col_CC,value_with_quote,5,high,bulk_stamp
2026Q2,1879.HK,prospectus,col_CD,value_with_quote,5,high,bulk_stamp
2026Q2,1879.HK,prospectus,col_CE,value_with_quote,225,high,bulk_stamp
2026Q2,1879.HK,prospectus,col_CI,value_with_quote,297,high,bulk_stamp
2026Q2,1879.HK,prospectus,col_CJ,value_with_quote,232,high,bulk_stamp
2026Q2,1879.HK,allot,col_CK,value_with_quote,6,high,absent
2026Q2,1879.HK,allot,col_CM,value_with_quote,5,high,absent
2026Q2,1879.HK,allot,col_CN,value_with_quote,5,high,absent
2026Q2,1879.HK,allot,col_CO,value_with_quote,24,medium,absent
2026Q2,1879.HK,allot,col_CQ,value_with_quote,2,high,absent
2026Q2,1879.HK,allot,col_CR,value_with_quote,1,high,absent
2026Q2,1879.HK,allot,col_CS,value_with_quote,3,high,absent
2026Q2,1879.HK,allot,col_CT,value_with_quote,3,high,absent
2026Q2,1879.HK,allot,col_CU,value_with_quote,3,high,absent
2026Q2,1879.HK,allot,col_CV,value_with_quote,1,high,absent
2026Q2,1879.HK,allot,col_CW,value_with_quote,5,high,absent
2026Q2,1879.HK,allot,col_CX,value_with_quote,4,high,absent
2026Q2,1879.HK,allot,col_CY,value_with_quote,44,high,absent
2026Q2,1879.HK,allot,col_CZ,value_with_quote,3,high,absent
2026Q2,1879.HK,allot,col_DA,derived_rule,,high,absent
2026Q2,1879.HK,allot,col_DC,derived_rule,3,high,absent
2026Q2,2493.HK,prospectus,col_L,value_with_quote,268,high,named_reviewer
2026Q2,2493.HK,prospectus,col_M,value_with_quote,268,high,named_reviewer
2026Q2,2493.HK,prospectus,col_N,value_with_quote,268,high,named_reviewer
2026Q2,2493.HK,prospectus,col_O,value_with_quote,268,high,named_reviewer
2026Q2,2493.HK,prospectus,col_P,value_with_quote,268,high,named_reviewer
2026Q2,2493.HK,prospectus,col_Q,value_with_quote,268,high,named_reviewer
2026Q2,2493.HK,prospectus,col_R,value_with_quote,2,high,named_reviewer
2026Q2,2493.HK,prospectus,col_S,value_with_quote,2,high,named_reviewer
2026Q2,2493.HK,prospectus,col_T,value_with_quote,2,high,named_reviewer
2026Q2,2493.HK,prospectus,col_U,value_with_quote,2,high,named_reviewer
2026Q2,2493.HK,prospectus,col_AO,value_with_quote,302,high,named_reviewer
2026Q2,2493.HK,prospectus,col_AP,value_with_quote,302,high,named_reviewer
2026Q2,2493.HK,prospectus,col_AQ,unknown,,high,named_reviewer
2026Q2,2493.HK,prospectus,col_AS,value_with_quote,10,high,named_reviewer
2026Q2,2493.HK,prospectus,col_BA,value_with_quote,20,high,named_reviewer
2026Q2,2493.HK,prospectus,col_vc_backed,value_with_quote,137,medium,named_reviewer
2026Q2,2493.HK,prospectus,col_pe_backed,value_with_quote,136,high,named_reviewer
2026Q2,2493.HK,prospectus,col_cvc_backed,value_with_quote,265,medium,named_reviewer
2026Q2,2493.HK,prospectus,col_gov_backed,value_with_quote,136,high,named_reviewer
2026Q2,2493.HK,prospectus,col_top_tier_vc,value_with_quote,143,medium,named_reviewer
2026Q2,2493.HK,prospectus,col_vc_board_seat,value_with_quote,244,medium,named_reviewer
2026Q2,2493.HK,prospectus,col_vc_pe_stake,value_with_quote,142,medium,named_reviewer
2026Q2,2493.HK,prospectus,col_pre_ipo_investors,value_with_quote,139,medium,named_reviewer
2026Q2,2493.HK,prospectus,col_BC,value_with_quote,20,high,named_reviewer
2026Q2,2493.HK,prospectus,col_BD,value_with_quote,20,high,named_reviewer
2026Q2,2493.HK,prospectus,col_CC,value_with_quote,5,high,named_reviewer
2026Q2,2493.HK,prospectus,col_CD,value_with_quote,5,high,named_reviewer
2026Q2,2493.HK,prospectus,col_CE,value_with_quote,268,high,named_reviewer
2026Q2,2493.HK,prospectus,col_CI,value_with_quote,24,high,named_reviewer
2026Q2,2493.HK,prospectus,col_CJ,value_with_quote,265,high,named_reviewer
2026Q2,2493.HK,allot,col_CK,value_with_quote,3,high,absent
2026Q2,2493.HK,allot,col_CM,value_with_quote,1,high,absent
2026Q2,2493.HK,allot,col_CN,value_with_quote,1,high,absent
2026Q2,2493.HK,allot,col_CO,value_with_quote,10,medium,absent
2026Q2,2493.HK,allot,col_CQ,value_with_quote,2,high,absent
2026Q2,2493.HK,allot,col_CR,value_with_quote,1,high,absent
2026Q2,2493.HK,allot,col_CS,value_with_quote,1,high,absent
2026Q2,2493.HK,allot,col_CT,value_with_quote,1,high,absent
2026Q2,2493.HK,allot,col_CU,value_with_quote,1,high,absent
2026Q2,2493.HK,allot,col_CV,derived_rule,,high,absent
2026Q2,2493.HK,allot,col_CW,value_with_quote,1,high,absent
2026Q2,2493.HK,allot,col_CX,value_with_quote,1,high,absent
2026Q2,2493.HK,allot,col_CY,value_with_quote,23,high,absent
2026Q2,2493.HK,allot,col_CZ,value_with_quote,1,high,absent
2026Q2,2493.HK,allot,col_DA,value_with_quote,23,medium,absent
2026Q2,2493.HK,allot,col_DC,value_with_quote,23,high,absent
2026Q2,6810.HK,prospectus,col_L,value_with_quote,194,high,bulk_stamp
2026Q2,6810.HK,prospectus,col_M,value_with_quote,194,high,bulk_stamp
2026Q2,6810.HK,prospectus,col_N,value_with_quote,194,high,bulk_stamp
2026Q2,6810.HK,prospectus,col_O,value_with_quote,194,high,bulk_stamp
2026Q2,6810.HK,prospectus,col_P,value_with_quote,194,high,bulk_stamp
2026Q2,6810.HK,prospectus,col_Q,value_with_quote,194,high,bulk_stamp
2026Q2,6810.HK,prospectus,col_R,value_with_quote,2,high,bulk_stamp
2026Q2,6810.HK,prospectus,col_S,value_with_quote,2,high,bulk_stamp
2026Q2,6810.HK,prospectus,col_T,value_with_quote,2,high,bulk_stamp
2026Q2,6810.HK,prospectus,col_U,value_with_quote,2,high,bulk_stamp
2026Q2,6810.HK,prospectus,col_AO,value_with_quote,237,high,bulk_stamp
2026Q2,6810.HK,prospectus,col_AP,value_with_quote,237,high,bulk_stamp
2026Q2,6810.HK,prospectus,col_AQ,unknown,,medium,bulk_stamp
2026Q2,6810.HK,prospectus,col_AS,value_with_quote,18,medium,bulk_stamp
2026Q2,6810.HK,prospectus,col_BA,value_with_quote,107,high,bulk_stamp
2026Q2,6810.HK,prospectus,col_vc_backed,value_with_quote,107,high,bulk_stamp
2026Q2,6810.HK,prospectus,col_pe_backed,value_with_quote,109,high,bulk_stamp
2026Q2,6810.HK,prospectus,col_cvc_backed,value_with_quote,109,high,bulk_stamp
2026Q2,6810.HK,prospectus,col_gov_backed,value_with_quote,109,high,bulk_stamp
2026Q2,6810.HK,prospectus,col_top_tier_vc,value_with_quote,109,high,bulk_stamp
2026Q2,6810.HK,prospectus,col_vc_board_seat,value_with_quote,181,medium,bulk_stamp
2026Q2,6810.HK,prospectus,col_vc_pe_stake,value_with_quote,110,medium,bulk_stamp
2026Q2,6810.HK,prospectus,col_pre_ipo_investors,value_with_quote,107,high,bulk_stamp
2026Q2,6810.HK,prospectus,col_BC,value_with_quote,17,high,bulk_stamp
2026Q2,6810.HK,prospectus,col_BD,value_with_quote,17,high,bulk_stamp
2026Q2,6810.HK,prospectus,col_CC,value_with_quote,5,high,bulk_stamp
2026Q2,6810.HK,prospectus,col_CD,value_with_quote,5,high,bulk_stamp
2026Q2,6810.HK,prospectus,col_CE,value_with_quote,18,high,bulk_stamp
2026Q2,6810.HK,prospectus,col_CI,value_with_quote,18,high,bulk_stamp
2026Q2,6810.HK,prospectus,col_CJ,value_with_quote,202,high,bulk_stamp
2026Q2,6810.HK,allot,col_CK,value_with_quote,6,high,absent
2026Q2,6810.HK,allot,col_CM,value_with_quote,4,high,absent
2026Q2,6810.HK,allot,col_CN,value_with_quote,4,high,absent
2026Q2,6810.HK,allot,col_CO,value_with_quote,14,medium,absent
2026Q2,6810.HK,allot,col_CQ,unknown,2,high,absent
2026Q2,6810.HK,allot,col_CR,value_with_quote,1,high,absent
2026Q2,6810.HK,allot,col_CS,value_with_quote,2,high,absent
2026Q2,6810.HK,allot,col_CT,value_with_quote,4,high,absent
2026Q2,6810.HK,allot,col_CU,value_with_quote,5,high,absent
2026Q2,6810.HK,allot,col_CV,derived_rule,,high,absent
2026Q2,6810.HK,allot,col_CW,value_with_quote,4,high,absent
2026Q2,6810.HK,allot,col_CX,value_with_quote,3,high,absent
2026Q2,6810.HK,allot,col_CY,value_with_quote,25,high,absent
2026Q2,6810.HK,allot,col_CZ,value_with_quote,25,medium,absent
2026Q2,6810.HK,allot,col_DA,value_with_quote,25,high,absent
2026Q2,6810.HK,allot,col_DC,value_with_quote,25,medium,absent
2026Q2,1609.HK,prospectus,col_L,value_with_quote,193,high,bulk_stamp
2026Q2,1609.HK,prospectus,col_M,value_with_quote,193,high,bulk_stamp
2026Q2,1609.HK,prospectus,col_N,value_with_quote,193,high,bulk_stamp
2026Q2,1609.HK,prospectus,col_O,value_with_quote,193,high,bulk_stamp
2026Q2,1609.HK,prospectus,col_P,value_with_quote,193,medium,bulk_stamp
2026Q2,1609.HK,prospectus,col_Q,value_with_quote,2,high,bulk_stamp
2026Q2,1609.HK,prospectus,col_R,value_with_quote,2,high,bulk_stamp
2026Q2,1609.HK,prospectus,col_S,value_with_quote,2,high,bulk_stamp
2026Q2,1609.HK,prospectus,col_T,value_with_quote,2,high,bulk_stamp
2026Q2,1609.HK,prospectus,col_U,value_with_quote,2,high,bulk_stamp
2026Q2,1609.HK,prospectus,col_AO,value_with_quote,243,high,bulk_stamp
2026Q2,1609.HK,prospectus,col_AP,value_with_quote,243,high,bulk_stamp
2026Q2,1609.HK,prospectus,col_AQ,value_with_quote,227,high,bulk_stamp
2026Q2,1609.HK,prospectus,col_AS,value_with_quote,266,high,bulk_stamp
2026Q2,1609.HK,prospectus,col_BA,value_with_quote,126,high,bulk_stamp
2026Q2,1609.HK,prospectus,col_vc_backed,value_with_quote,126,high,bulk_stamp
2026Q2,1609.HK,prospectus,col_pe_backed,value_with_quote,126,high,bulk_stamp
2026Q2,1609.HK,prospectus,col_cvc_backed,unknown,,low,bulk_stamp
2026Q2,1609.HK,prospectus,col_gov_backed,unknown,,low,bulk_stamp
2026Q2,1609.HK,prospectus,col_top_tier_vc,value_with_quote,126,high,bulk_stamp
2026Q2,1609.HK,prospectus,col_vc_board_seat,value_with_quote,227,high,bulk_stamp
2026Q2,1609.HK,prospectus,col_vc_pe_stake,value_with_quote,115,medium,bulk_stamp
2026Q2,1609.HK,prospectus,col_pre_ipo_investors,value_with_quote,108,high,bulk_stamp
2026Q2,1609.HK,prospectus,col_BC,value_with_quote,115,medium,bulk_stamp
2026Q2,1609.HK,prospectus,col_BD,value_with_quote,17,high,bulk_stamp
2026Q2,1609.HK,prospectus,col_CC,value_with_quote,5,high,bulk_stamp
2026Q2,1609.HK,prospectus,col_CD,value_with_quote,5,high,bulk_stamp
2026Q2,1609.HK,prospectus,col_CE,value_with_quote,193,high,bulk_stamp
2026Q2,1609.HK,prospectus,col_CI,value_with_quote,225,high,bulk_stamp
2026Q2,1609.HK,prospectus,col_CJ,value_with_quote,228,high,bulk_stamp
2026Q2,1609.HK,allot,col_CK,value_with_quote,5,high,absent
2026Q2,1609.HK,allot,col_CM,value_with_quote,4,high,absent
2026Q2,1609.HK,allot,col_CN,value_with_quote,4,high,absent
2026Q2,1609.HK,allot,col_CO,value_with_quote,13,medium,absent
2026Q2,1609.HK,allot,col_CQ,unknown,2,high,absent
2026Q2,1609.HK,allot,col_CR,value_with_quote,1,high,absent
2026Q2,1609.HK,allot,col_CS,value_with_quote,2,high,absent
2026Q2,1609.HK,allot,col_CT,value_with_quote,4,high,absent
2026Q2,1609.HK,allot,col_CU,value_with_quote,4,high,absent
2026Q2,1609.HK,allot,col_CV,derived_rule,,high,absent
2026Q2,1609.HK,allot,col_CW,value_with_quote,4,high,absent
2026Q2,1609.HK,allot,col_CX,value_with_quote,4,high,absent
2026Q2,1609.HK,allot,col_CY,value_with_quote,21,high,absent
2026Q2,1609.HK,allot,col_CZ,value_with_quote,3,high,absent
2026Q2,1609.HK,allot,col_DA,value_with_quote,21,medium,absent
2026Q2,1609.HK,allot,col_DC,value_with_quote,3,high,absent
2026Q2,1187.HK,prospectus,col_L,value_with_quote,186,high,named_reviewer
2026Q2,1187.HK,prospectus,col_M,value_with_quote,186,high,named_reviewer
2026Q2,1187.HK,prospectus,col_N,value_with_quote,186,high,named_reviewer
2026Q2,1187.HK,prospectus,col_O,value_with_quote,186,high,named_reviewer
2026Q2,1187.HK,prospectus,col_P,value_with_quote,187,medium,named_reviewer
2026Q2,1187.HK,prospectus,col_Q,value_with_quote,252,high,named_reviewer
2026Q2,1187.HK,prospectus,col_R,value_with_quote,252,high,named_reviewer
2026Q2,1187.HK,prospectus,col_S,value_with_quote,252,high,named_reviewer
2026Q2,1187.HK,prospectus,col_T,value_with_quote,2,high,named_reviewer
2026Q2,1187.HK,prospectus,col_U,unknown,,low,named_reviewer
2026Q2,1187.HK,prospectus,col_AO,value_with_quote,250,high,named_reviewer
2026Q2,1187.HK,prospectus,col_AP,value_with_quote,250,high,named_reviewer
2026Q2,1187.HK,prospectus,col_AQ,value_with_quote,188,high,named_reviewer
2026Q2,1187.HK,prospectus,col_AS,value_with_quote,108,medium,named_reviewer
2026Q2,1187.HK,prospectus,col_BA,value_with_quote,105,medium,named_reviewer
2026Q2,1187.HK,prospectus,col_vc_backed,value_with_quote,105,medium,named_reviewer
2026Q2,1187.HK,prospectus,col_pe_backed,value_with_quote,106,medium,named_reviewer
2026Q2,1187.HK,prospectus,col_cvc_backed,unknown,,low,named_reviewer
2026Q2,1187.HK,prospectus,col_gov_backed,unknown,,low,named_reviewer
2026Q2,1187.HK,prospectus,col_top_tier_vc,unknown,,low,named_reviewer
2026Q2,1187.HK,prospectus,col_vc_board_seat,unknown,,low,named_reviewer
2026Q2,1187.HK,prospectus,col_vc_pe_stake,unknown,,low,named_reviewer
2026Q2,1187.HK,prospectus,col_pre_ipo_investors,value_with_quote,105,low,named_reviewer
2026Q2,1187.HK,prospectus,col_BC,value_with_quote,111,medium,named_reviewer
2026Q2,1187.HK,prospectus,col_BD,value_with_quote,20,high,named_reviewer
2026Q2,1187.HK,prospectus,col_CC,value_with_quote,5,high,named_reviewer
2026Q2,1187.HK,prospectus,col_CD,value_with_quote,5,high,named_reviewer
2026Q2,1187.HK,prospectus,col_CE,value_with_quote,186,high,named_reviewer
2026Q2,1187.HK,prospectus,col_CI,value_with_quote,22,high,named_reviewer
2026Q2,1187.HK,prospectus,col_CJ,value_with_quote,190,high,named_reviewer
2026Q2,1187.HK,allot,col_CK,value_with_quote,6,high,absent
2026Q2,1187.HK,allot,col_CM,value_with_quote,4,high,absent
2026Q2,1187.HK,allot,col_CN,value_with_quote,4,high,absent
2026Q2,1187.HK,allot,col_CO,value_with_quote,12,medium,absent
2026Q2,1187.HK,allot,col_CQ,value_with_quote,2,high,absent
2026Q2,1187.HK,allot,col_CR,value_with_quote,1,high,absent
2026Q2,1187.HK,allot,col_CS,value_with_quote,2,high,absent
2026Q2,1187.HK,allot,col_CT,value_with_quote,4,high,absent
2026Q2,1187.HK,allot,col_CU,value_with_quote,5,high,absent
2026Q2,1187.HK,allot,col_CV,derived_rule,,high,absent
2026Q2,1187.HK,allot,col_CW,value_with_quote,4,high,absent
2026Q2,1187.HK,allot,col_CX,value_with_quote,4,high,absent
2026Q2,1187.HK,allot,col_CY,value_with_quote,27,high,absent
2026Q2,1187.HK,allot,col_CZ,value_with_quote,27,medium,absent
2026Q2,1187.HK,allot,col_DA,value_with_quote,27,high,absent
2026Q2,1187.HK,allot,col_DC,value_with_quote,27,medium,absent
2026Q2,1236.HK,prospectus,col_L,value_with_quote,212,high,bulk_stamp
2026Q2,1236.HK,prospectus,col_M,value_with_quote,2,high,bulk_stamp
2026Q2,1236.HK,prospectus,col_N,value_with_quote,212,high,bulk_stamp
2026Q2,1236.HK,prospectus,col_O,value_with_quote,212,high,bulk_stamp
2026Q2,1236.HK,prospectus,col_P,value_with_quote,212,medium,bulk_stamp
2026Q2,1236.HK,prospectus,col_Q,value_with_quote,2,high,bulk_stamp
2026Q2,1236.HK,prospectus,col_R,value_with_quote,2,high,bulk_stamp
2026Q2,1236.HK,prospectus,col_S,value_with_quote,2,high,bulk_stamp
2026Q2,1236.HK,prospectus,col_T,value_with_quote,2,high,bulk_stamp
2026Q2,1236.HK,prospectus,col_U,value_with_quote,2,high,bulk_stamp
2026Q2,1236.HK,prospectus,col_AO,value_with_quote,265,high,bulk_stamp
2026Q2,1236.HK,prospectus,col_AP,value_with_quote,265,high,bulk_stamp
2026Q2,1236.HK,prospectus,col_AQ,value_with_quote,271,high,bulk_stamp
2026Q2,1236.HK,prospectus,col_AS,value_with_quote,24,medium,bulk_stamp
2026Q2,1236.HK,prospectus,col_BA,value_with_quote,15,high,bulk_stamp
2026Q2,1236.HK,prospectus,col_vc_backed,value_with_quote,114,high,bulk_stamp
2026Q2,1236.HK,prospectus,col_pe_backed,value_with_quote,113,high,bulk_stamp
2026Q2,1236.HK,prospectus,col_cvc_backed,value_with_quote,123,medium,bulk_stamp
2026Q2,1236.HK,prospectus,col_gov_backed,value_with_quote,123,high,bulk_stamp
2026Q2,1236.HK,prospectus,col_top_tier_vc,value_with_quote,12,low,bulk_stamp
2026Q2,1236.HK,prospectus,col_vc_board_seat,value_with_quote,119,medium,bulk_stamp
2026Q2,1236.HK,prospectus,col_vc_pe_stake,value_with_quote,126,low,bulk_stamp
2026Q2,1236.HK,prospectus,col_pre_ipo_investors,value_with_quote,119,high,bulk_stamp
2026Q2,1236.HK,prospectus,col_BC,value_with_quote,15,high,bulk_stamp
2026Q2,1236.HK,prospectus,col_BD,value_with_quote,15,high,bulk_stamp
2026Q2,1236.HK,prospectus,col_CC,value_with_quote,5,high,bulk_stamp
2026Q2,1236.HK,prospectus,col_CD,value_with_quote,5,high,bulk_stamp
2026Q2,1236.HK,prospectus,col_CE,value_with_quote,212,high,bulk_stamp
2026Q2,1236.HK,prospectus,col_CI,value_with_quote,23,high,bulk_stamp
2026Q2,1236.HK,prospectus,col_CJ,value_with_quote,216,high,bulk_stamp
2026Q2,1236.HK,allot,col_CK,value_with_quote,5,high,absent
2026Q2,1236.HK,allot,col_CM,value_with_quote,4,high,absent
2026Q2,1236.HK,allot,col_CN,value_with_quote,4,high,absent
2026Q2,1236.HK,allot,col_CO,value_with_quote,17,medium,absent
2026Q2,1236.HK,allot,col_CQ,value_with_quote,2,high,absent
2026Q2,1236.HK,allot,col_CR,value_with_quote,1,high,absent
2026Q2,1236.HK,allot,col_CS,value_with_quote,3,high,absent
2026Q2,1236.HK,allot,col_CT,value_with_quote,4,high,absent
2026Q2,1236.HK,allot,col_CU,value_with_quote,5,high,absent
2026Q2,1236.HK,allot,col_CV,derived_rule,,high,absent
2026Q2,1236.HK,allot,col_CW,value_with_quote,4,high,absent
2026Q2,1236.HK,allot,col_CX,value_with_quote,4,high,absent
2026Q2,1236.HK,allot,col_CY,value_with_quote,23,high,absent
2026Q2,1236.HK,allot,col_CZ,value_with_quote,3,high,absent
2026Q2,1236.HK,allot,col_DA,value_with_quote,24,high,absent
2026Q2,1236.HK,allot,col_DC,value_with_quote,3,high,absent
2026Q2,7630.HK,prospectus,col_L,value_with_quote,268,high,bulk_stamp
2026Q2,7630.HK,prospectus,col_M,value_with_quote,2,high,bulk_stamp
2026Q2,7630.HK,prospectus,col_N,value_with_quote,268,high,bulk_stamp
2026Q2,7630.HK,prospectus,col_O,value_with_quote,268,high,bulk_stamp
2026Q2,7630.HK,prospectus,col_P,value_with_quote,268,high,bulk_stamp
2026Q2,7630.HK,prospectus,col_Q,value_with_quote,268,high,bulk_stamp
2026Q2,7630.HK,prospectus,col_R,value_with_quote,2,high,bulk_stamp
2026Q2,7630.HK,prospectus,col_S,value_with_quote,2,high,bulk_stamp
2026Q2,7630.HK,prospectus,col_T,value_with_quote,2,high,bulk_stamp
2026Q2,7630.HK,prospectus,col_U,value_with_quote,2,high,bulk_stamp
2026Q2,7630.HK,prospectus,col_AO,value_with_quote,300,high,bulk_stamp
2026Q2,7630.HK,prospectus,col_AP,value_with_quote,300,high,bulk_stamp
2026Q2,7630.HK,prospectus,col_AQ,value_with_quote,305,high,bulk_stamp
2026Q2,7630.HK,prospectus,col_AS,value_with_quote,78,high,bulk_stamp
2026Q2,7630.HK,prospectus,col_BA,value_with_quote,21,high,bulk_stamp
2026Q2,7630.HK,prospectus,col_vc_backed,value_with_quote,21,high,bulk_stamp
2026Q2,7630.HK,prospectus,col_pe_backed,value_with_quote,142,medium,bulk_stamp
2026Q2,7630.HK,prospectus,col_cvc_backed,value_with_quote,142,high,bulk_stamp
2026Q2,7630.HK,prospectus,col_gov_backed,value_with_quote,144,high,bulk_stamp
2026Q2,7630.HK,prospectus,col_top_tier_vc,value_with_quote,158,high,bulk_stamp
2026Q2,7630.HK,prospectus,col_vc_board_seat,value_with_quote,273,high,bulk_stamp
2026Q2,7630.HK,prospectus,col_vc_pe_stake,value_with_quote,146,medium,bulk_stamp
2026Q2,7630.HK,prospectus,col_pre_ipo_investors,value_with_quote,134,medium,bulk_stamp
2026Q2,7630.HK,prospectus,col_BC,value_with_quote,271,high,bulk_stamp
2026Q2,7630.HK,prospectus,col_BD,value_with_quote,271,high,bulk_stamp
2026Q2,7630.HK,prospectus,col_CC,value_with_quote,5,high,bulk_stamp
2026Q2,7630.HK,prospectus,col_CD,value_with_quote,5,high,bulk_stamp
2026Q2,7630.HK,prospectus,col_CE,value_with_quote,271,high,bulk_stamp
2026Q2,7630.HK,prospectus,col_CI,value_with_quote,22,high,bulk_stamp
2026Q2,7630.HK,prospectus,col_CJ,value_with_quote,287,high,bulk_stamp
2026Q2,7630.HK,allot,col_CK,value_with_quote,6,high,absent
2026Q2,7630.HK,allot,col_CM,value_with_quote,4,high,absent
2026Q2,7630.HK,allot,col_CN,value_with_quote,4,high,absent
2026Q2,7630.HK,allot,col_CO,value_with_quote,14,medium,absent
2026Q2,7630.HK,allot,col_CQ,value_with_quote,2,high,absent
2026Q2,7630.HK,allot,col_CR,value_with_quote,1,high,absent
2026Q2,7630.HK,allot,col_CS,value_with_quote,3,high,absent
2026Q2,7630.HK,allot,col_CT,value_with_quote,3,high,absent
2026Q2,7630.HK,allot,col_CU,value_with_quote,3,high,absent
2026Q2,7630.HK,allot,col_CV,value_with_quote,1,high,absent
2026Q2,7630.HK,allot,col_CW,value_with_quote,4,high,absent
2026Q2,7630.HK,allot,col_CX,value_with_quote,4,high,absent
2026Q2,7630.HK,allot,col_CY,value_with_quote,23,high,absent
2026Q2,7630.HK,allot,col_CZ,value_with_quote,3,high,absent
2026Q2,7630.HK,allot,col_DA,value_with_quote,23,high,absent
2026Q2,7630.HK,allot,col_DC,value_with_quote,3,high,absent
2026Q2,7666.HK,prospectus,col_L,value_with_quote,251,high,bulk_stamp
2026Q2,7666.HK,prospectus,col_M,value_with_quote,251,high,bulk_stamp
2026Q2,7666.HK,prospectus,col_N,value_with_quote,129,high,bulk_stamp
2026Q2,7666.HK,prospectus,col_O,value_with_quote,129,high,bulk_stamp
2026Q2,7666.HK,prospectus,col_P,value_with_quote,285,high,bulk_stamp
2026Q2,7666.HK,prospectus,col_Q,value_with_quote,2,high,bulk_stamp
2026Q2,7666.HK,prospectus,col_R,value_with_quote,2,high,bulk_stamp
2026Q2,7666.HK,prospectus,col_S,value_with_quote,2,high,bulk_stamp
2026Q2,7666.HK,prospectus,col_T,value_with_quote,2,high,bulk_stamp
2026Q2,7666.HK,prospectus,col_U,value_with_quote,2,high,bulk_stamp
2026Q2,7666.HK,prospectus,col_AO,value_with_quote,293,high,bulk_stamp
2026Q2,7666.HK,prospectus,col_AP,value_with_quote,293,high,bulk_stamp
2026Q2,7666.HK,prospectus,col_AQ,value_with_quote,293,high,bulk_stamp
2026Q2,7666.HK,prospectus,col_AS,value_with_quote,9,high,bulk_stamp
2026Q2,7666.HK,prospectus,col_BA,value_with_quote,19,high,bulk_stamp
2026Q2,7666.HK,prospectus,col_vc_backed,value_with_quote,138,high,bulk_stamp
2026Q2,7666.HK,prospectus,col_pe_backed,value_with_quote,137,high,bulk_stamp
2026Q2,7666.HK,prospectus,col_cvc_backed,value_with_quote,144,high,bulk_stamp
2026Q2,7666.HK,prospectus,col_gov_backed,value_with_quote,138,high,bulk_stamp
2026Q2,7666.HK,prospectus,col_top_tier_vc,value_with_quote,137,high,bulk_stamp
2026Q2,7666.HK,prospectus,col_vc_board_seat,value_with_quote,135,medium,bulk_stamp
2026Q2,7666.HK,prospectus,col_vc_pe_stake,value_with_quote,139,high,bulk_stamp
2026Q2,7666.HK,prospectus,col_pre_ipo_investors,value_with_quote,131,high,bulk_stamp
2026Q2,7666.HK,prospectus,col_BC,value_with_quote,235,high,bulk_stamp
2026Q2,7666.HK,prospectus,col_BD,value_with_quote,80,high,bulk_stamp
2026Q2,7666.HK,prospectus,col_CC,value_with_quote,5,high,bulk_stamp
2026Q2,7666.HK,prospectus,col_CD,value_with_quote,5,high,bulk_stamp
2026Q2,7666.HK,prospectus,col_CE,value_with_quote,239,high,bulk_stamp
2026Q2,7666.HK,prospectus,col_CI,value_with_quote,26,high,bulk_stamp
2026Q2,7666.HK,prospectus,col_CJ,value_with_quote,249,medium,bulk_stamp
2026Q2,7666.HK,allot,col_CK,value_with_quote,7,high,absent
2026Q2,7666.HK,allot,col_CM,value_with_quote,5,high,absent
2026Q2,7666.HK,allot,col_CN,value_with_quote,5,high,absent
2026Q2,7666.HK,allot,col_CO,value_with_quote,19,medium,absent
2026Q2,7666.HK,allot,col_CQ,unknown,2,high,absent
2026Q2,7666.HK,allot,col_CR,value_with_quote,1,high,absent
2026Q2,7666.HK,allot,col_CS,value_with_quote,3,high,absent
2026Q2,7666.HK,allot,col_CT,value_with_quote,3,high,absent
2026Q2,7666.HK,allot,col_CU,value_with_quote,3,high,absent
2026Q2,7666.HK,allot,col_CV,value_with_quote,1,high,absent
2026Q2,7666.HK,allot,col_CW,value_with_quote,5,high,absent
2026Q2,7666.HK,allot,col_CX,value_with_quote,4,high,absent
2026Q2,7666.HK,allot,col_CY,value_with_quote,30,high,absent
2026Q2,7666.HK,allot,col_CZ,value_with_quote,3,high,absent
2026Q2,7666.HK,allot,col_DA,derived_rule,,high,absent
2026Q2,7666.HK,allot,col_DC,derived_rule,3,high,absent
2026Q2,6871.HK,prospectus,col_L,value_with_quote,216,high,named_reviewer
2026Q2,6871.HK,prospectus,col_M,value_with_quote,216,high,named_reviewer
2026Q2,6871.HK,prospectus,col_N,value_with_quote,216,high,named_reviewer
2026Q2,6871.HK,prospectus,col_O,value_with_quote,216,high,named_reviewer
2026Q2,6871.HK,prospectus,col_P,value_with_quote,216,medium,named_reviewer
2026Q2,6871.HK,prospectus,col_Q,value_with_quote,2,high,named_reviewer
2026Q2,6871.HK,prospectus,col_R,value_with_quote,2,high,named_reviewer
2026Q2,6871.HK,prospectus,col_S,value_with_quote,2,high,named_reviewer
2026Q2,6871.HK,prospectus,col_T,value_with_quote,2,high,named_reviewer
2026Q2,6871.HK,prospectus,col_U,value_with_quote,2,high,named_reviewer
2026Q2,6871.HK,prospectus,col_AO,value_with_quote,275,high,named_reviewer
2026Q2,6871.HK,prospectus,col_AP,value_with_quote,275,high,named_reviewer
2026Q2,6871.HK,prospectus,col_AQ,unknown,,low,named_reviewer
2026Q2,6871.HK,prospectus,col_AS,value_with_quote,10,high,named_reviewer
2026Q2,6871.HK,prospectus,col_BA,value_with_quote,103,high,named_reviewer
2026Q2,6871.HK,prospectus,col_vc_backed,value_with_quote,104,high,named_reviewer
2026Q2,6871.HK,prospectus,col_pe_backed,value_with_quote,109,high,named_reviewer
2026Q2,6871.HK,prospectus,col_cvc_backed,value_with_quote,118,medium,named_reviewer
2026Q2,6871.HK,prospectus,col_gov_backed,value_with_quote,110,high,named_reviewer
2026Q2,6871.HK,prospectus,col_top_tier_vc,value_with_quote,115,medium,named_reviewer
2026Q2,6871.HK,prospectus,col_vc_board_seat,value_with_quote,204,medium,named_reviewer
2026Q2,6871.HK,prospectus,col_vc_pe_stake,unknown,,low,named_reviewer
2026Q2,6871.HK,prospectus,col_pre_ipo_investors,value_with_quote,104,high,named_reviewer
2026Q2,6871.HK,prospectus,col_BC,value_with_quote,20,high,named_reviewer
2026Q2,6871.HK,prospectus,col_BD,value_with_quote,20,high,named_reviewer
2026Q2,6871.HK,prospectus,col_CC,value_with_quote,5,high,named_reviewer
2026Q2,6871.HK,prospectus,col_CD,value_with_quote,5,high,named_reviewer
2026Q2,6871.HK,prospectus,col_CE,value_with_quote,216,high,named_reviewer
2026Q2,6871.HK,prospectus,col_CI,value_with_quote,22,high,named_reviewer
2026Q2,6871.HK,prospectus,col_CJ,unknown,,high,named_reviewer
2026Q2,6871.HK,allot,col_CK,derived_rule,,high,absent
2026Q2,6871.HK,allot,col_CM,value_with_quote,4,high,absent
2026Q2,6871.HK,allot,col_CN,value_with_quote,4,high,absent
2026Q2,6871.HK,allot,col_CO,value_with_quote,13,medium,absent
2026Q2,6871.HK,allot,col_CQ,unknown,2,high,absent
2026Q2,6871.HK,allot,col_CR,value_with_quote,1,high,absent
2026Q2,6871.HK,allot,col_CS,value_with_quote,2,high,absent
2026Q2,6871.HK,allot,col_CT,value_with_quote,4,high,absent
2026Q2,6871.HK,allot,col_CU,value_with_quote,4,high,absent
2026Q2,6871.HK,allot,col_CV,derived_rule,,high,absent
2026Q2,6871.HK,allot,col_CW,value_with_quote,4,high,absent
2026Q2,6871.HK,allot,col_CX,value_with_quote,3,high,absent
2026Q2,6871.HK,allot,col_CY,value_with_quote,21,high,absent
2026Q2,6871.HK,allot,col_CZ,value_with_quote,3,high,absent
2026Q2,6871.HK,allot,col_DA,derived_rule,,high,absent
2026Q2,6871.HK,allot,col_DC,derived_rule,3,high,absent
2026Q2,1511.HK,prospectus,col_L,value_with_quote,246,high,bulk_stamp
2026Q2,1511.HK,prospectus,col_M,value_with_quote,246,high,bulk_stamp
2026Q2,1511.HK,prospectus,col_N,value_with_quote,246,high,bulk_stamp
2026Q2,1511.HK,prospectus,col_O,value_with_quote,246,high,bulk_stamp
2026Q2,1511.HK,prospectus,col_P,value_with_quote,246,high,bulk_stamp
2026Q2,1511.HK,prospectus,col_Q,value_with_quote,2,high,bulk_stamp
2026Q2,1511.HK,prospectus,col_R,value_with_quote,2,high,bulk_stamp
2026Q2,1511.HK,prospectus,col_S,value_with_quote,2,high,bulk_stamp
2026Q2,1511.HK,prospectus,col_T,value_with_quote,2,high,bulk_stamp
2026Q2,1511.HK,prospectus,col_U,value_with_quote,2,high,bulk_stamp
2026Q2,1511.HK,prospectus,col_AO,value_with_quote,304,high,bulk_stamp
2026Q2,1511.HK,prospectus,col_AP,value_with_quote,304,high,bulk_stamp
2026Q2,1511.HK,prospectus,col_AQ,value_with_quote,36,high,bulk_stamp
2026Q2,1511.HK,prospectus,col_AS,value_with_quote,10,high,bulk_stamp
2026Q2,1511.HK,prospectus,col_BA,value_with_quote,19,high,bulk_stamp
2026Q2,1511.HK,prospectus,col_vc_backed,value_with_quote,119,high,bulk_stamp
2026Q2,1511.HK,prospectus,col_pe_backed,value_with_quote,120,high,bulk_stamp
2026Q2,1511.HK,prospectus,col_cvc_backed,value_with_quote,119,medium,bulk_stamp
2026Q2,1511.HK,prospectus,col_gov_backed,value_with_quote,120,high,bulk_stamp
2026Q2,1511.HK,prospectus,col_top_tier_vc,value_with_quote,119,medium,bulk_stamp
2026Q2,1511.HK,prospectus,col_vc_board_seat,value_with_quote,121,high,bulk_stamp
2026Q2,1511.HK,prospectus,col_vc_pe_stake,value_with_quote,118,medium,bulk_stamp
2026Q2,1511.HK,prospectus,col_pre_ipo_investors,value_with_quote,119,high,bulk_stamp
2026Q2,1511.HK,prospectus,col_BC,value_with_quote,19,high,bulk_stamp
2026Q2,1511.HK,prospectus,col_BD,value_with_quote,19,medium,bulk_stamp
2026Q2,1511.HK,prospectus,col_CC,value_with_quote,5,high,bulk_stamp
2026Q2,1511.HK,prospectus,col_CD,value_with_quote,5,high,bulk_stamp
2026Q2,1511.HK,prospectus,col_CE,value_with_quote,135,high,bulk_stamp
2026Q2,1511.HK,prospectus,col_CI,value_with_quote,304,medium,bulk_stamp
2026Q2,1511.HK,prospectus,col_CJ,value_with_quote,241,high,bulk_stamp
2026Q2,1511.HK,allot,col_CK,value_with_quote,5,high,absent
2026Q2,1511.HK,allot,col_CM,value_with_quote,4,high,absent
2026Q2,1511.HK,allot,col_CN,value_with_quote,4,high,absent
2026Q2,1511.HK,allot,col_CO,value_with_quote,20,medium,absent
2026Q2,1511.HK,allot,col_CQ,unknown,2,high,absent
2026Q2,1511.HK,allot,col_CR,value_with_quote,1,high,absent
2026Q2,1511.HK,allot,col_CS,value_with_quote,3,high,absent
2026Q2,1511.HK,allot,col_CT,value_with_quote,3,high,absent
2026Q2,1511.HK,allot,col_CU,value_with_quote,3,high,absent
2026Q2,1511.HK,allot,col_CV,derived_rule,,high,absent
2026Q2,1511.HK,allot,col_CW,value_with_quote,4,high,absent
2026Q2,1511.HK,allot,col_CX,value_with_quote,3,high,absent
2026Q2,1511.HK,allot,col_CY,value_with_quote,26,high,absent
2026Q2,1511.HK,allot,col_CZ,value_with_quote,3,high,absent
2026Q2,1511.HK,allot,col_DA,value_with_quote,26,high,absent
2026Q2,1511.HK,allot,col_DC,value_with_quote,3,high,absent
2026Q2,7688.HK,prospectus,col_L,value_with_quote,232,high,bulk_stamp
2026Q2,7688.HK,prospectus,col_M,value_with_quote,2,high,bulk_stamp
2026Q2,7688.HK,prospectus,col_N,value_with_quote,232,high,bulk_stamp
2026Q2,7688.HK,prospectus,col_O,value_with_quote,232,high,bulk_stamp
2026Q2,7688.HK,prospectus,col_P,value_with_quote,232,medium,bulk_stamp
2026Q2,7688.HK,prospectus,col_Q,value_with_quote,2,high,bulk_stamp
2026Q2,7688.HK,prospectus,col_R,value_with_quote,2,high,bulk_stamp
2026Q2,7688.HK,prospectus,col_S,value_with_quote,2,high,bulk_stamp
2026Q2,7688.HK,prospectus,col_T,value_with_quote,2,high,bulk_stamp
2026Q2,7688.HK,prospectus,col_U,value_with_quote,2,medium,bulk_stamp
2026Q2,7688.HK,prospectus,col_AO,value_with_quote,298,high,bulk_stamp
2026Q2,7688.HK,prospectus,col_AP,value_with_quote,298,high,bulk_stamp
2026Q2,7688.HK,prospectus,col_AQ,value_with_quote,298,high,bulk_stamp
2026Q2,7688.HK,prospectus,col_AS,value_with_quote,24,high,bulk_stamp
2026Q2,7688.HK,prospectus,col_BA,value_with_quote,20,high,bulk_stamp
2026Q2,7688.HK,prospectus,col_vc_backed,value_with_quote,116,high,bulk_stamp
2026Q2,7688.HK,prospectus,col_pe_backed,value_with_quote,117,medium,bulk_stamp
2026Q2,7688.HK,prospectus,col_cvc_backed,unknown,,low,bulk_stamp
2026Q2,7688.HK,prospectus,col_gov_backed,value_with_quote,131,high,bulk_stamp
2026Q2,7688.HK,prospectus,col_top_tier_vc,value_with_quote,227,medium,bulk_stamp
2026Q2,7688.HK,prospectus,col_vc_board_seat,value_with_quote,227,medium,bulk_stamp
2026Q2,7688.HK,prospectus,col_vc_pe_stake,unknown,,low,bulk_stamp
2026Q2,7688.HK,prospectus,col_pre_ipo_investors,value_with_quote,124,medium,bulk_stamp
2026Q2,7688.HK,prospectus,col_BC,value_with_quote,20,high,bulk_stamp
2026Q2,7688.HK,prospectus,col_BD,value_with_quote,20,high,bulk_stamp
2026Q2,7688.HK,prospectus,col_CC,value_with_quote,309,high,bulk_stamp
2026Q2,7688.HK,prospectus,col_CD,value_with_quote,309,high,bulk_stamp
2026Q2,7688.HK,prospectus,col_CE,value_with_quote,133,high,bulk_stamp
2026Q2,7688.HK,prospectus,col_CI,value_with_quote,22,high,bulk_stamp
2026Q2,7688.HK,prospectus,col_CJ,value_with_quote,225,high,bulk_stamp
2026Q2,7688.HK,allot,col_CK,value_with_quote,5,high,absent
2026Q2,7688.HK,allot,col_CM,value_with_quote,4,high,absent
2026Q2,7688.HK,allot,col_CN,value_with_quote,4,high,absent
2026Q2,7688.HK,allot,col_CO,value_with_quote,17,high,absent
2026Q2,7688.HK,allot,col_CQ,unknown,2,high,absent
2026Q2,7688.HK,allot,col_CR,value_with_quote,1,high,absent
2026Q2,7688.HK,allot,col_CS,value_with_quote,3,high,absent
2026Q2,7688.HK,allot,col_CT,value_with_quote,4,high,absent
2026Q2,7688.HK,allot,col_CU,value_with_quote,4,high,absent
2026Q2,7688.HK,allot,col_CV,value_with_quote,2,high,absent
2026Q2,7688.HK,allot,col_CW,value_with_quote,4,high,absent
2026Q2,7688.HK,allot,col_CX,value_with_quote,3,high,absent
2026Q2,7688.HK,allot,col_CY,value_with_quote,26,high,absent
2026Q2,7688.HK,allot,col_CZ,value_with_quote,3,high,absent
2026Q2,7688.HK,allot,col_DA,derived_rule,,high,absent
2026Q2,7688.HK,allot,col_DC,derived_rule,3,high,absent
2026Q2,6872.HK,prospectus,col_L,value_with_quote,284,high,named_reviewer
2026Q2,6872.HK,prospectus,col_M,value_with_quote,284,high,named_reviewer
2026Q2,6872.HK,prospectus,col_N,value_with_quote,284,high,named_reviewer
2026Q2,6872.HK,prospectus,col_O,value_with_quote,284,high,named_reviewer
2026Q2,6872.HK,prospectus,col_P,value_with_quote,284,high,named_reviewer
2026Q2,6872.HK,prospectus,col_Q,value_with_quote,2,high,named_reviewer
2026Q2,6872.HK,prospectus,col_R,value_with_quote,2,high,named_reviewer
2026Q2,6872.HK,prospectus,col_S,value_with_quote,2,high,named_reviewer
2026Q2,6872.HK,prospectus,col_T,value_with_quote,2,high,named_reviewer
2026Q2,6872.HK,prospectus,col_U,value_with_quote,2,high,named_reviewer
2026Q2,6872.HK,prospectus,col_AO,value_with_quote,326,high,named_reviewer
2026Q2,6872.HK,prospectus,col_AP,value_with_quote,326,high,named_reviewer
2026Q2,6872.HK,prospectus,col_AQ,value_with_quote,33,high,named_reviewer
2026Q2,6872.HK,prospectus,col_AS,value_with_quote,10,high,named_reviewer
2026Q2,6872.HK,prospectus,col_BA,value_with_quote,24,high,named_reviewer
2026Q2,6872.HK,prospectus,col_vc_backed,value_with_quote,289,high,named_reviewer
2026Q2,6872.HK,prospectus,col_pe_backed,value_with_quote,154,high,named_reviewer
2026Q2,6872.HK,prospectus,col_cvc_backed,value_with_quote,24,high,named_reviewer
2026Q2,6872.HK,prospectus,col_gov_backed,value_with_quote,177,high,named_reviewer
2026Q2,6872.HK,prospectus,col_top_tier_vc,value_with_quote,289,medium,named_reviewer
2026Q2,6872.HK,prospectus,col_vc_board_seat,value_with_quote,266,high,named_reviewer
2026Q2,6872.HK,prospectus,col_vc_pe_stake,unknown,,low,named_reviewer
2026Q2,6872.HK,prospectus,col_pre_ipo_investors,value_with_quote,145,medium,named_reviewer
2026Q2,6872.HK,prospectus,col_BC,value_with_quote,25,medium,named_reviewer
2026Q2,6872.HK,prospectus,col_BD,value_with_quote,277,high,named_reviewer
2026Q2,6872.HK,prospectus,col_CC,value_with_quote,5,high,named_reviewer
2026Q2,6872.HK,prospectus,col_CD,value_with_quote,5,high,named_reviewer
2026Q2,6872.HK,prospectus,col_CE,value_with_quote,284,high,named_reviewer
2026Q2,6872.HK,prospectus,col_CI,value_with_quote,27,high,named_reviewer
2026Q2,6872.HK,prospectus,col_CJ,value_with_quote,288,high,named_reviewer
2026Q2,6872.HK,allot,col_CK,value_with_quote,5,high,absent
2026Q2,6872.HK,allot,col_CM,value_with_quote,4,high,absent
2026Q2,6872.HK,allot,col_CN,value_with_quote,4,high,absent
2026Q2,6872.HK,allot,col_CO,value_with_quote,14,medium,absent
2026Q2,6872.HK,allot,col_CQ,unknown,2,high,absent
2026Q2,6872.HK,allot,col_CR,value_with_quote,1,high,absent
2026Q2,6872.HK,allot,col_CS,value_with_quote,3,high,absent
2026Q2,6872.HK,allot,col_CT,value_with_quote,4,high,absent
2026Q2,6872.HK,allot,col_CU,value_with_quote,4,high,absent
2026Q2,6872.HK,allot,col_CV,derived_rule,,high,absent
2026Q2,6872.HK,allot,col_CW,value_with_quote,4,high,absent
2026Q2,6872.HK,allot,col_CX,value_with_quote,4,high,absent
2026Q2,6872.HK,allot,col_CY,value_with_quote,25,high,absent
2026Q2,6872.HK,allot,col_CZ,value_with_quote,3,high,absent
2026Q2,6872.HK,allot,col_DA,derived_rule,,high,absent
2026Q2,6872.HK,allot,col_DC,derived_rule,3,high,absent
2026Q2,0901.HK,prospectus,col_L,value_with_quote,235,high,named_reviewer
2026Q2,0901.HK,prospectus,col_M,value_with_quote,235,high,named_reviewer
2026Q2,0901.HK,prospectus,col_N,value_with_quote,235,high,named_reviewer
2026Q2,0901.HK,prospectus,col_O,value_with_quote,235,high,named_reviewer
2026Q2,0901.HK,prospectus,col_P,value_with_quote,235,medium,named_reviewer
2026Q2,0901.HK,prospectus,col_Q,value_with_quote,2,high,named_reviewer
2026Q2,0901.HK,prospectus,col_R,value_with_quote,2,high,named_reviewer
2026Q2,0901.HK,prospectus,col_S,value_with_quote,2,high,named_reviewer
2026Q2,0901.HK,prospectus,col_T,value_with_quote,2,high,named_reviewer
2026Q2,0901.HK,prospectus,col_U,value_with_quote,2,high,named_reviewer
2026Q2,0901.HK,prospectus,col_AO,value_with_quote,295,high,named_reviewer
2026Q2,0901.HK,prospectus,col_AP,value_with_quote,295,high,named_reviewer
2026Q2,0901.HK,prospectus,col_AQ,value_with_quote,425,high,named_reviewer
2026Q2,0901.HK,prospectus,col_AS,value_with_quote,74,medium,named_reviewer
2026Q2,0901.HK,prospectus,col_BA,value_with_quote,130,high,named_reviewer
2026Q2,0901.HK,prospectus,col_vc_backed,value_with_quote,131,medium,named_reviewer
2026Q2,0901.HK,prospectus,col_pe_backed,value_with_quote,131,low,named_reviewer
2026Q2,0901.HK,prospectus,col_cvc_backed,unknown,,medium,named_reviewer
2026Q2,0901.HK,prospectus,col_gov_backed,value_with_quote,131,medium,named_reviewer
2026Q2,0901.HK,prospectus,col_top_tier_vc,unknown,,low,named_reviewer
2026Q2,0901.HK,prospectus,col_vc_board_seat,value_with_quote,131,medium,named_reviewer
2026Q2,0901.HK,prospectus,col_vc_pe_stake,value_with_quote,130,medium,named_reviewer
2026Q2,0901.HK,prospectus,col_pre_ipo_investors,value_with_quote,130,high,named_reviewer
2026Q2,0901.HK,prospectus,col_BC,value_with_quote,18,high,named_reviewer
2026Q2,0901.HK,prospectus,col_BD,value_with_quote,18,high,named_reviewer
2026Q2,0901.HK,prospectus,col_CC,value_with_quote,5,high,named_reviewer
2026Q2,0901.HK,prospectus,col_CD,value_with_quote,5,high,named_reviewer
2026Q2,0901.HK,prospectus,col_CE,value_with_quote,239,high,named_reviewer
2026Q2,0901.HK,prospectus,col_CI,value_with_quote,24,high,named_reviewer
2026Q2,0901.HK,prospectus,col_CJ,unknown,,high,named_reviewer
2026Q2,0901.HK,allot,col_CK,derived_rule,,high,absent
2026Q2,0901.HK,allot,col_CM,value_with_quote,3,high,absent
2026Q2,0901.HK,allot,col_CN,value_with_quote,3,high,absent
2026Q2,0901.HK,allot,col_CO,value_with_quote,14,medium,absent
2026Q2,0901.HK,allot,col_CQ,unknown,2,high,absent
2026Q2,0901.HK,allot,col_CR,value_with_quote,1,high,absent
2026Q2,0901.HK,allot,col_CS,value_with_quote,3,high,absent
2026Q2,0901.HK,allot,col_CT,value_with_quote,3,high,absent
2026Q2,0901.HK,allot,col_CU,value_with_quote,3,high,absent
2026Q2,0901.HK,allot,col_CV,derived_rule,,high,absent
2026Q2,0901.HK,allot,col_CW,value_with_quote,3,high,absent
2026Q2,0901.HK,allot,col_CX,value_with_quote,3,high,absent
2026Q2,0901.HK,allot,col_CY,value_with_quote,24,high,absent
2026Q2,0901.HK,allot,col_CZ,value_with_quote,3,high,absent
2026Q2,0901.HK,allot,col_DA,derived_rule,,high,absent
2026Q2,0901.HK,allot,col_DC,derived_rule,3,high,absent
2026Q2,2723.HK,prospectus,col_L,value_with_quote,234,high,bulk_stamp
2026Q2,2723.HK,prospectus,col_M,value_with_quote,2,high,bulk_stamp
2026Q2,2723.HK,prospectus,col_N,value_with_quote,234,high,bulk_stamp
2026Q2,2723.HK,prospectus,col_O,value_with_quote,234,high,bulk_stamp
2026Q2,2723.HK,prospectus,col_P,value_with_quote,85,medium,bulk_stamp
2026Q2,2723.HK,prospectus,col_Q,value_with_quote,234,high,bulk_stamp
2026Q2,2723.HK,prospectus,col_R,value_with_quote,2,high,bulk_stamp
2026Q2,2723.HK,prospectus,col_S,value_with_quote,2,high,bulk_stamp
2026Q2,2723.HK,prospectus,col_T,value_with_quote,2,high,bulk_stamp
2026Q2,2723.HK,prospectus,col_U,value_with_quote,2,high,bulk_stamp
2026Q2,2723.HK,prospectus,col_AO,value_with_quote,284,high,bulk_stamp
2026Q2,2723.HK,prospectus,col_AP,value_with_quote,284,high,bulk_stamp
2026Q2,2723.HK,prospectus,col_AQ,unknown,,high,bulk_stamp
2026Q2,2723.HK,prospectus,col_AS,value_with_quote,28,high,bulk_stamp
2026Q2,2723.HK,prospectus,col_BA,value_with_quote,20,high,bulk_stamp
2026Q2,2723.HK,prospectus,col_vc_backed,value_with_quote,138,high,bulk_stamp
2026Q2,2723.HK,prospectus,col_pe_backed,value_with_quote,141,medium,bulk_stamp
2026Q2,2723.HK,prospectus,col_cvc_backed,value_with_quote,141,medium,bulk_stamp
2026Q2,2723.HK,prospectus,col_gov_backed,value_with_quote,141,high,bulk_stamp
2026Q2,2723.HK,prospectus,col_top_tier_vc,unknown,,high,bulk_stamp
2026Q2,2723.HK,prospectus,col_vc_board_seat,value_with_quote,141,high,bulk_stamp
2026Q2,2723.HK,prospectus,col_vc_pe_stake,value_with_quote,135,medium,bulk_stamp
2026Q2,2723.HK,prospectus,col_pre_ipo_investors,value_with_quote,141,medium,bulk_stamp
2026Q2,2723.HK,prospectus,col_BC,value_with_quote,20,high,bulk_stamp
2026Q2,2723.HK,prospectus,col_BD,value_with_quote,20,high,bulk_stamp
2026Q2,2723.HK,prospectus,col_CC,value_with_quote,5,high,bulk_stamp
2026Q2,2723.HK,prospectus,col_CD,value_with_quote,5,high,bulk_stamp
2026Q2,2723.HK,prospectus,col_CE,value_with_quote,349,high,bulk_stamp
2026Q2,2723.HK,prospectus,col_CI,value_with_quote,29,high,bulk_stamp
2026Q2,2723.HK,prospectus,col_CJ,unknown,,high,bulk_stamp
2026Q2,2723.HK,allot,col_CK,derived_rule,,high,absent
2026Q2,2723.HK,allot,col_CM,value_with_quote,4,high,absent
2026Q2,2723.HK,allot,col_CN,value_with_quote,4,high,absent
2026Q2,2723.HK,allot,col_CO,value_with_quote,9,high,absent
2026Q2,2723.HK,allot,col_CQ,value_with_quote,2,high,absent
2026Q2,2723.HK,allot,col_CR,value_with_quote,1,high,absent
2026Q2,2723.HK,allot,col_CS,value_with_quote,3,high,absent
2026Q2,2723.HK,allot,col_CT,value_with_quote,4,high,absent
2026Q2,2723.HK,allot,col_CU,value_with_quote,4,high,absent
2026Q2,2723.HK,allot,col_CV,derived_rule,,high,absent
2026Q2,2723.HK,allot,col_CW,value_with_quote,4,high,absent
2026Q2,2723.HK,allot,col_CX,value_with_quote,3,high,absent
2026Q2,2723.HK,allot,col_CY,value_with_quote,12,high,absent
2026Q2,2723.HK,allot,col_CZ,value_with_quote,3,high,absent
2026Q2,2723.HK,allot,col_DA,derived_rule,,high,absent
2026Q2,2723.HK,allot,col_DC,derived_rule,3,high,absent
2026Q2,3310.HK,prospectus,col_L,value_with_quote,237,high,named_reviewer
2026Q2,3310.HK,prospectus,col_M,value_with_quote,237,high,named_reviewer
2026Q2,3310.HK,prospectus,col_N,value_with_quote,237,high,named_reviewer
2026Q2,3310.HK,prospectus,col_O,value_with_quote,237,high,named_reviewer
2026Q2,3310.HK,prospectus,col_P,value_with_quote,237,medium,named_reviewer
2026Q2,3310.HK,prospectus,col_Q,value_with_quote,237,high,named_reviewer
2026Q2,3310.HK,prospectus,col_R,value_with_quote,2,high,named_reviewer
2026Q2,3310.HK,prospectus,col_S,value_with_quote,2,high,named_reviewer
2026Q2,3310.HK,prospectus,col_T,value_with_quote,2,high,named_reviewer
2026Q2,3310.HK,prospectus,col_U,value_with_quote,2,high,named_reviewer
2026Q2,3310.HK,prospectus,col_AO,value_with_quote,265,high,named_reviewer
2026Q2,3310.HK,prospectus,col_AP,value_with_quote,265,high,named_reviewer
2026Q2,3310.HK,prospectus,col_AQ,value_with_quote,31,high,named_reviewer
2026Q2,3310.HK,prospectus,col_AS,value_with_quote,23,high,named_reviewer
2026Q2,3310.HK,prospectus,col_BA,value_with_quote,23,high,named_reviewer
2026Q2,3310.HK,prospectus,col_vc_backed,value_with_quote,109,high,named_reviewer
2026Q2,3310.HK,prospectus,col_pe_backed,value_with_quote,112,high,named_reviewer
2026Q2,3310.HK,prospectus,col_cvc_backed,value_with_quote,110,high,named_reviewer
2026Q2,3310.HK,prospectus,col_gov_backed,value_with_quote,118,high,named_reviewer
2026Q2,3310.HK,prospectus,col_top_tier_vc,value_with_quote,138,high,named_reviewer
2026Q2,3310.HK,prospectus,col_vc_board_seat,value_with_quote,247,medium,named_reviewer
2026Q2,3310.HK,prospectus,col_vc_pe_stake,unknown,,low,named_reviewer
2026Q2,3310.HK,prospectus,col_pre_ipo_investors,value_with_quote,115,medium,named_reviewer
2026Q2,3310.HK,prospectus,col_BC,value_with_quote,233,high,named_reviewer
2026Q2,3310.HK,prospectus,col_BD,value_with_quote,233,high,named_reviewer
2026Q2,3310.HK,prospectus,col_CC,value_with_quote,5,high,named_reviewer
2026Q2,3310.HK,prospectus,col_CD,value_with_quote,5,high,named_reviewer
2026Q2,3310.HK,prospectus,col_CE,value_with_quote,237,high,named_reviewer
2026Q2,3310.HK,prospectus,col_CI,value_with_quote,232,high,named_reviewer
2026Q2,3310.HK,prospectus,col_CJ,value_with_quote,243,high,named_reviewer
2026Q2,3310.HK,allot,col_CK,value_with_quote,5,high,absent
2026Q2,3310.HK,allot,col_CM,value_with_quote,4,high,absent
2026Q2,3310.HK,allot,col_CN,value_with_quote,4,high,absent
2026Q2,3310.HK,allot,col_CO,value_with_quote,15,medium,absent
2026Q2,3310.HK,allot,col_CQ,unknown,2,high,absent
2026Q2,3310.HK,allot,col_CR,value_with_quote,1,high,absent
2026Q2,3310.HK,allot,col_CS,value_with_quote,2,high,absent
2026Q2,3310.HK,allot,col_CT,value_with_quote,3,high,absent
2026Q2,3310.HK,allot,col_CU,value_with_quote,3,high,absent
2026Q2,3310.HK,allot,col_CV,value_with_quote,1,high,absent
2026Q2,3310.HK,allot,col_CW,value_with_quote,4,high,absent
2026Q2,3310.HK,allot,col_CX,value_with_quote,3,high,absent
2026Q2,3310.HK,allot,col_CY,value_with_quote,22,high,absent
2026Q2,3310.HK,allot,col_CZ,value_with_quote,3,high,absent
2026Q2,3310.HK,allot,col_DA,derived_rule,,high,absent
2026Q2,3310.HK,allot,col_DC,derived_rule,3,high,absent
2026Q2,3388.HK,prospectus,col_L,value_with_quote,263,high,named_reviewer
2026Q2,3388.HK,prospectus,col_M,value_with_quote,263,high,named_reviewer
2026Q2,3388.HK,prospectus,col_N,value_with_quote,263,high,named_reviewer
2026Q2,3388.HK,prospectus,col_O,value_with_quote,263,high,named_reviewer
2026Q2,3388.HK,prospectus,col_P,value_with_quote,263,high,named_reviewer
2026Q2,3388.HK,prospectus,col_Q,value_with_quote,263,high,named_reviewer
2026Q2,3388.HK,prospectus,col_R,value_with_quote,2,high,named_reviewer
2026Q2,3388.HK,prospectus,col_S,value_with_quote,2,high,named_reviewer
2026Q2,3388.HK,prospectus,col_T,value_with_quote,2,high,named_reviewer
2026Q2,3388.HK,prospectus,col_U,value_with_quote,2,medium,named_reviewer
2026Q2,3388.HK,prospectus,col_AO,value_with_quote,307,high,named_reviewer
2026Q2,3388.HK,prospectus,col_AP,value_with_quote,307,high,named_reviewer
2026Q2,3388.HK,prospectus,col_AQ,value_with_quote,307,high,named_reviewer
2026Q2,3388.HK,prospectus,col_AS,value_with_quote,18,high,named_reviewer
2026Q2,3388.HK,prospectus,col_BA,value_with_quote,124,high,named_reviewer
2026Q2,3388.HK,prospectus,col_vc_backed,value_with_quote,120,medium,named_reviewer
2026Q2,3388.HK,prospectus,col_pe_backed,value_with_quote,126,medium,named_reviewer
2026Q2,3388.HK,prospectus,col_cvc_backed,value_with_quote,127,medium,named_reviewer
2026Q2,3388.HK,prospectus,col_gov_backed,value_with_quote,126,medium,named_reviewer
2026Q2,3388.HK,prospectus,col_top_tier_vc,value_with_quote,124,low,named_reviewer
2026Q2,3388.HK,prospectus,col_vc_board_seat,unknown,,low,named_reviewer
2026Q2,3388.HK,prospectus,col_vc_pe_stake,value_with_quote,129,high,named_reviewer
2026Q2,3388.HK,prospectus,col_pre_ipo_investors,value_with_quote,122,high,named_reviewer
2026Q2,3388.HK,prospectus,col_BC,value_with_quote,17,high,named_reviewer
2026Q2,3388.HK,prospectus,col_BD,value_with_quote,17,high,named_reviewer
2026Q2,3388.HK,prospectus,col_CC,value_with_quote,5,high,named_reviewer
2026Q2,3388.HK,prospectus,col_CD,value_with_quote,5,high,named_reviewer
2026Q2,3388.HK,prospectus,col_CE,value_with_quote,263,high,named_reviewer
2026Q2,3388.HK,prospectus,col_CI,value_with_quote,307,high,named_reviewer
2026Q2,3388.HK,prospectus,col_CJ,value_with_quote,271,high,named_reviewer
2026Q2,3388.HK,allot,col_CK,value_with_quote,6,high,absent
2026Q2,3388.HK,allot,col_CM,value_with_quote,4,high,absent
2026Q2,3388.HK,allot,col_CN,value_with_quote,4,high,absent
2026Q2,3388.HK,allot,col_CO,value_with_quote,14,high,absent
2026Q2,3388.HK,allot,col_CQ,unknown,2,high,absent
2026Q2,3388.HK,allot,col_CR,value_with_quote,1,high,absent
2026Q2,3388.HK,allot,col_CS,value_with_quote,3,high,absent
2026Q2,3388.HK,allot,col_CT,value_with_quote,4,high,absent
2026Q2,3388.HK,allot,col_CU,value_with_quote,3,high,absent
2026Q2,3388.HK,allot,col_CV,value_with_quote,1,high,absent
2026Q2,3388.HK,allot,col_CW,value_with_quote,4,high,absent
2026Q2,3388.HK,allot,col_CX,value_with_quote,4,high,absent
2026Q2,3388.HK,allot,col_CY,value_with_quote,22,high,absent
2026Q2,3388.HK,allot,col_CZ,value_with_quote,3,high,absent
2026Q2,3388.HK,allot,col_DA,value_with_quote,22,high,absent
2026Q2,3388.HK,allot,col_DC,value_with_quote,3,high,absent
2026Q2,2553.HK,prospectus,col_L,value_with_quote,18,high,bulk_stamp
2026Q2,2553.HK,prospectus,col_M,value_with_quote,241,high,bulk_stamp
2026Q2,2553.HK,prospectus,col_N,value_with_quote,241,high,bulk_stamp
2026Q2,2553.HK,prospectus,col_O,value_with_quote,241,high,bulk_stamp
2026Q2,2553.HK,prospectus,col_P,value_with_quote,292,medium,bulk_stamp
2026Q2,2553.HK,prospectus,col_Q,value_with_quote,241,high,bulk_stamp
2026Q2,2553.HK,prospectus,col_R,value_with_quote,2,high,bulk_stamp
2026Q2,2553.HK,prospectus,col_S,value_with_quote,2,high,bulk_stamp
2026Q2,2553.HK,prospectus,col_T,value_with_quote,2,high,bulk_stamp
2026Q2,2553.HK,prospectus,col_U,value_with_quote,2,high,bulk_stamp
2026Q2,2553.HK,prospectus,col_AO,value_with_quote,290,high,bulk_stamp
2026Q2,2553.HK,prospectus,col_AP,value_with_quote,290,medium,bulk_stamp
2026Q2,2553.HK,prospectus,col_AQ,value_with_quote,290,high,bulk_stamp
2026Q2,2553.HK,prospectus,col_AS,value_with_quote,18,high,bulk_stamp
2026Q2,2553.HK,prospectus,col_BA,value_with_quote,111,high,bulk_stamp
2026Q2,2553.HK,prospectus,col_vc_backed,value_with_quote,115,high,bulk_stamp
2026Q2,2553.HK,prospectus,col_pe_backed,value_with_quote,113,high,bulk_stamp
2026Q2,2553.HK,prospectus,col_cvc_backed,value_with_quote,114,low,bulk_stamp
2026Q2,2553.HK,prospectus,col_gov_backed,value_with_quote,113,high,bulk_stamp
2026Q2,2553.HK,prospectus,col_top_tier_vc,unknown,,medium,bulk_stamp
2026Q2,2553.HK,prospectus,col_vc_board_seat,value_with_quote,115,medium,bulk_stamp
2026Q2,2553.HK,prospectus,col_vc_pe_stake,value_with_quote,107,low,bulk_stamp
2026Q2,2553.HK,prospectus,col_pre_ipo_investors,value_with_quote,111,medium,bulk_stamp
2026Q2,2553.HK,prospectus,col_BC,value_with_quote,14,high,bulk_stamp
2026Q2,2553.HK,prospectus,col_BD,value_with_quote,60,high,bulk_stamp
2026Q2,2553.HK,prospectus,col_CC,value_with_quote,5,high,bulk_stamp
2026Q2,2553.HK,prospectus,col_CD,value_with_quote,5,high,bulk_stamp
2026Q2,2553.HK,prospectus,col_CE,value_with_quote,239,high,bulk_stamp
2026Q2,2553.HK,prospectus,col_CI,value_with_quote,290,medium,bulk_stamp
2026Q2,2553.HK,prospectus,col_CJ,unknown,,high,bulk_stamp
2026Q2,2553.HK,allot,col_CK,derived_rule,,high,absent
2026Q2,2553.HK,allot,col_CM,value_with_quote,4,high,absent
2026Q2,2553.HK,allot,col_CN,value_with_quote,4,high,absent
2026Q2,2553.HK,allot,col_CO,value_with_quote,10,high,absent
2026Q2,2553.HK,allot,col_CQ,value_with_quote,2,high,absent
2026Q2,2553.HK,allot,col_CR,value_with_quote,1,high,absent
2026Q2,2553.HK,allot,col_CS,value_with_quote,3,high,absent
2026Q2,2553.HK,allot,col_CT,value_with_quote,4,high,absent
2026Q2,2553.HK,allot,col_CU,value_with_quote,5,high,absent
2026Q2,2553.HK,allot,col_CV,derived_rule,,high,absent
2026Q2,2553.HK,allot,col_CW,value_with_quote,4,high,absent
2026Q2,2553.HK,allot,col_CX,value_with_quote,4,high,absent
2026Q2,2553.HK,allot,col_CY,value_with_quote,13,high,absent
2026Q2,2553.HK,allot,col_CZ,value_with_quote,3,high,absent
2026Q2,2553.HK,allot,col_DA,value_with_quote,13,high,absent
2026Q2,2553.HK,allot,col_DC,value_with_quote,13,high,absent
2026Q2,1081.HK,prospectus,col_L,value_with_quote,198,high,bulk_stamp
2026Q2,1081.HK,prospectus,col_M,value_with_quote,198,high,bulk_stamp
2026Q2,1081.HK,prospectus,col_N,value_with_quote,198,high,bulk_stamp
2026Q2,1081.HK,prospectus,col_O,value_with_quote,198,high,bulk_stamp
2026Q2,1081.HK,prospectus,col_P,value_with_quote,18,medium,bulk_stamp
2026Q2,1081.HK,prospectus,col_Q,value_with_quote,198,high,bulk_stamp
2026Q2,1081.HK,prospectus,col_R,value_with_quote,2,high,bulk_stamp
2026Q2,1081.HK,prospectus,col_S,value_with_quote,2,high,bulk_stamp
2026Q2,1081.HK,prospectus,col_T,value_with_quote,2,high,bulk_stamp
2026Q2,1081.HK,prospectus,col_U,unknown,,low,bulk_stamp
2026Q2,1081.HK,prospectus,col_AO,value_with_quote,281,high,bulk_stamp
2026Q2,1081.HK,prospectus,col_AP,value_with_quote,281,high,bulk_stamp
2026Q2,1081.HK,prospectus,col_AQ,value_with_quote,200,high,bulk_stamp
2026Q2,1081.HK,prospectus,col_AS,value_with_quote,110,high,bulk_stamp
2026Q2,1081.HK,prospectus,col_BA,value_with_quote,19,high,bulk_stamp
2026Q2,1081.HK,prospectus,col_vc_backed,value_with_quote,19,high,bulk_stamp
2026Q2,1081.HK,prospectus,col_pe_backed,value_with_quote,19,high,bulk_stamp
2026Q2,1081.HK,prospectus,col_cvc_backed,value_with_quote,19,high,bulk_stamp
2026Q2,1081.HK,prospectus,col_gov_backed,value_with_quote,19,high,bulk_stamp
2026Q2,1081.HK,prospectus,col_top_tier_vc,value_with_quote,19,high,bulk_stamp
2026Q2,1081.HK,prospectus,col_vc_board_seat,value_with_quote,19,high,bulk_stamp
2026Q2,1081.HK,prospectus,col_vc_pe_stake,value_with_quote,19,high,bulk_stamp
2026Q2,1081.HK,prospectus,col_pre_ipo_investors,unknown,,medium,bulk_stamp
2026Q2,1081.HK,prospectus,col_BC,value_with_quote,20,high,bulk_stamp
2026Q2,1081.HK,prospectus,col_BD,value_with_quote,20,high,bulk_stamp
2026Q2,1081.HK,prospectus,col_CC,value_with_quote,5,high,bulk_stamp
2026Q2,1081.HK,prospectus,col_CD,value_with_quote,5,high,bulk_stamp
2026Q2,1081.HK,prospectus,col_CE,value_with_quote,198,high,bulk_stamp
2026Q2,1081.HK,prospectus,col_CI,value_with_quote,20,high,bulk_stamp
2026Q2,1081.HK,prospectus,col_CJ,value_with_quote,204,high,bulk_stamp
2026Q2,1081.HK,allot,col_CK,value_with_quote,7,high,absent
2026Q2,1081.HK,allot,col_CM,value_with_quote,5,high,absent
2026Q2,1081.HK,allot,col_CN,value_with_quote,5,high,absent
2026Q2,1081.HK,allot,col_CO,value_with_quote,15,medium,absent
2026Q2,1081.HK,allot,col_CQ,value_with_quote,2,high,absent
2026Q2,1081.HK,allot,col_CR,value_with_quote,1,high,absent
2026Q2,1081.HK,allot,col_CS,value_with_quote,3,high,absent
2026Q2,1081.HK,allot,col_CT,value_with_quote,5,high,absent
2026Q2,1081.HK,allot,col_CU,value_with_quote,5,high,absent
2026Q2,1081.HK,allot,col_CV,value_with_quote,1,high,absent
2026Q2,1081.HK,allot,col_CW,value_with_quote,5,high,absent
2026Q2,1081.HK,allot,col_CX,value_with_quote,4,high,absent
2026Q2,1081.HK,allot,col_CY,value_with_quote,22,high,absent
2026Q2,1081.HK,allot,col_CZ,value_with_quote,3,high,absent
2026Q2,1081.HK,allot,col_DA,derived_rule,,high,absent
2026Q2,1081.HK,allot,col_DC,derived_rule,3,high,absent
2026Q2,1779.HK,prospectus,col_L,value_with_quote,240,high,named_reviewer
2026Q2,1779.HK,prospectus,col_M,value_with_quote,2,high,named_reviewer
2026Q2,1779.HK,prospectus,col_N,value_with_quote,240,high,named_reviewer
2026Q2,1779.HK,prospectus,col_O,value_with_quote,240,high,named_reviewer
2026Q2,1779.HK,prospectus,col_P,value_with_quote,240,medium,named_reviewer
2026Q2,1779.HK,prospectus,col_Q,value_with_quote,148,high,named_reviewer
2026Q2,1779.HK,prospectus,col_R,value_with_quote,2,high,named_reviewer
2026Q2,1779.HK,prospectus,col_S,value_with_quote,2,high,named_reviewer
2026Q2,1779.HK,prospectus,col_T,value_with_quote,2,high,named_reviewer
2026Q2,1779.HK,prospectus,col_U,value_with_quote,2,medium,named_reviewer
2026Q2,1779.HK,prospectus,col_AO,value_with_quote,276,high,named_reviewer
2026Q2,1779.HK,prospectus,col_AP,value_with_quote,276,high,named_reviewer
2026Q2,1779.HK,prospectus,col_AQ,value_with_quote,276,high,named_reviewer
2026Q2,1779.HK,prospectus,col_AS,value_with_quote,12,high,named_reviewer
2026Q2,1779.HK,prospectus,col_BA,value_with_quote,24,high,named_reviewer
2026Q2,1779.HK,prospectus,col_vc_backed,value_with_quote,142,high,named_reviewer
2026Q2,1779.HK,prospectus,col_pe_backed,value_with_quote,145,medium,named_reviewer
2026Q2,1779.HK,prospectus,col_cvc_backed,value_with_quote,144,medium,named_reviewer
2026Q2,1779.HK,prospectus,col_gov_backed,value_with_quote,145,high,named_reviewer
2026Q2,1779.HK,prospectus,col_top_tier_vc,value_with_quote,142,medium,named_reviewer
2026Q2,1779.HK,prospectus,col_vc_board_seat,value_with_quote,220,medium,named_reviewer
2026Q2,1779.HK,prospectus,col_vc_pe_stake,value_with_quote,150,medium,named_reviewer
2026Q2,1779.HK,prospectus,col_pre_ipo_investors,value_with_quote,149,high,named_reviewer
2026Q2,1779.HK,prospectus,col_BC,value_with_quote,23,high,named_reviewer
2026Q2,1779.HK,prospectus,col_BD,value_with_quote,23,medium,named_reviewer
2026Q2,1779.HK,prospectus,col_CC,value_with_quote,5,high,named_reviewer
2026Q2,1779.HK,prospectus,col_CD,value_with_quote,5,high,named_reviewer
2026Q2,1779.HK,prospectus,col_CE,value_with_quote,25,high,named_reviewer
2026Q2,1779.HK,prospectus,col_CI,value_with_quote,26,high,named_reviewer
2026Q2,1779.HK,prospectus,col_CJ,value_with_quote,261,high,named_reviewer
2026Q2,1779.HK,allot,col_CK,value_with_quote,5,high,absent
2026Q2,1779.HK,allot,col_CM,value_with_quote,4,high,absent
2026Q2,1779.HK,allot,col_CN,value_with_quote,4,high,absent
2026Q2,1779.HK,allot,col_CO,value_with_quote,17,medium,absent
2026Q2,1779.HK,allot,col_CQ,unknown,2,high,absent
2026Q2,1779.HK,allot,col_CR,value_with_quote,1,high,absent
2026Q2,1779.HK,allot,col_CS,value_with_quote,3,high,absent
2026Q2,1779.HK,allot,col_CT,value_with_quote,4,high,absent
2026Q2,1779.HK,allot,col_CU,value_with_quote,4,high,absent
2026Q2,1779.HK,allot,col_CV,value_with_quote,1,high,absent
2026Q2,1779.HK,allot,col_CW,value_with_quote,4,high,absent
2026Q2,1779.HK,allot,col_CX,value_with_quote,3,high,absent
2026Q2,1779.HK,allot,col_CY,value_with_quote,26,high,absent
2026Q2,1779.HK,allot,col_CZ,value_with_quote,3,high,absent
2026Q2,1779.HK,allot,col_DA,derived_rule,,high,absent
2026Q2,1779.HK,allot,col_DC,derived_rule,3,high,absent
2026Q2,2290.HK,prospectus,col_L,value_with_quote,228,high,bulk_stamp
2026Q2,2290.HK,prospectus,col_M,value_with_quote,228,high,bulk_stamp
2026Q2,2290.HK,prospectus,col_N,value_with_quote,228,medium,bulk_stamp
2026Q2,2290.HK,prospectus,col_O,value_with_quote,228,medium,bulk_stamp
2026Q2,2290.HK,prospectus,col_P,value_with_quote,228,medium,bulk_stamp
2026Q2,2290.HK,prospectus,col_Q,value_with_quote,228,high,bulk_stamp
2026Q2,2290.HK,prospectus,col_R,value_with_quote,2,high,bulk_stamp
2026Q2,2290.HK,prospectus,col_S,value_with_quote,2,high,bulk_stamp
2026Q2,2290.HK,prospectus,col_T,value_with_quote,2,high,bulk_stamp
2026Q2,2290.HK,prospectus,col_U,value_with_quote,2,high,bulk_stamp
2026Q2,2290.HK,prospectus,col_AO,value_with_quote,290,high,bulk_stamp
2026Q2,2290.HK,prospectus,col_AP,value_with_quote,290,high,bulk_stamp
2026Q2,2290.HK,prospectus,col_AQ,value_with_quote,290,high,bulk_stamp
2026Q2,2290.HK,prospectus,col_AS,value_with_quote,29,high,bulk_stamp
2026Q2,2290.HK,prospectus,col_BA,value_with_quote,109,high,bulk_stamp
2026Q2,2290.HK,prospectus,col_vc_backed,value_with_quote,109,high,bulk_stamp
2026Q2,2290.HK,prospectus,col_pe_backed,value_with_quote,109,high,bulk_stamp
2026Q2,2290.HK,prospectus,col_cvc_backed,value_with_quote,109,high,bulk_stamp
2026Q2,2290.HK,prospectus,col_gov_backed,value_with_quote,109,high,bulk_stamp
2026Q2,2290.HK,prospectus,col_top_tier_vc,value_with_quote,109,high,bulk_stamp
2026Q2,2290.HK,prospectus,col_vc_board_seat,value_with_quote,109,high,bulk_stamp
2026Q2,2290.HK,prospectus,col_vc_pe_stake,value_with_quote,109,high,bulk_stamp
2026Q2,2290.HK,prospectus,col_pre_ipo_investors,unknown,109,high,bulk_stamp
2026Q2,2290.HK,prospectus,col_BC,value_with_quote,109,high,bulk_stamp
2026Q2,2290.HK,prospectus,col_BD,value_with_quote,98,high,bulk_stamp
2026Q2,2290.HK,prospectus,col_CC,value_with_quote,5,high,bulk_stamp
2026Q2,2290.HK,prospectus,col_CD,value_with_quote,5,high,bulk_stamp
2026Q2,2290.HK,prospectus,col_CE,value_with_quote,109,medium,bulk_stamp
2026Q2,2290.HK,prospectus,col_CI,value_with_quote,22,high,bulk_stamp
2026Q2,2290.HK,prospectus,col_CJ,unknown,,high,bulk_stamp
2026Q2,2290.HK,allot,col_CK,value_with_quote,109,high,absent
2026Q2,2290.HK,allot,col_CM,value_with_quote,4,high,absent
2026Q2,2290.HK,allot,col_CN,value_with_quote,4,high,absent
2026Q2,2290.HK,allot,col_CO,value_with_quote,8,medium,absent
2026Q2,2290.HK,allot,col_CQ,value_with_quote,2,high,absent
2026Q2,2290.HK,allot,col_CR,value_with_quote,1,high,absent
2026Q2,2290.HK,allot,col_CS,value_with_quote,2,high,absent
2026Q2,2290.HK,allot,col_CT,value_with_quote,4,high,absent
2026Q2,2290.HK,allot,col_CU,value_with_quote,4,high,absent
2026Q2,2290.HK,allot,col_CV,derived_rule,,high,absent
2026Q2,2290.HK,allot,col_CW,value_with_quote,4,high,absent
2026Q2,2290.HK,allot,col_CX,value_with_quote,3,high,absent
2026Q2,2290.HK,allot,col_CY,value_with_quote,11,high,absent
2026Q2,2290.HK,allot,col_CZ,value_with_quote,11,high,absent
2026Q2,2290.HK,allot,col_DA,value_with_quote,11,medium,absent
2026Q2,2290.HK,allot,col_DC,value_with_quote,11,high,absent
2026Q2,6658.HK,prospectus,col_L,value_with_quote,169,high,bulk_stamp
2026Q2,6658.HK,prospectus,col_M,value_with_quote,169,high,bulk_stamp
2026Q2,6658.HK,prospectus,col_N,value_with_quote,169,high,bulk_stamp
2026Q2,6658.HK,prospectus,col_O,value_with_quote,169,high,bulk_stamp
2026Q2,6658.HK,prospectus,col_P,value_with_quote,169,medium,bulk_stamp
2026Q2,6658.HK,prospectus,col_Q,value_with_quote,169,high,bulk_stamp
2026Q2,6658.HK,prospectus,col_R,value_with_quote,2,high,bulk_stamp
2026Q2,6658.HK,prospectus,col_S,value_with_quote,2,high,bulk_stamp
2026Q2,6658.HK,prospectus,col_T,value_with_quote,2,high,bulk_stamp
2026Q2,6658.HK,prospectus,col_U,value_with_quote,2,high,bulk_stamp
2026Q2,6658.HK,prospectus,col_AO,value_with_quote,219,high,bulk_stamp
2026Q2,6658.HK,prospectus,col_AP,value_with_quote,219,high,bulk_stamp
2026Q2,6658.HK,prospectus,col_AQ,value_with_quote,219,high,bulk_stamp
2026Q2,6658.HK,prospectus,col_AS,value_with_quote,98,medium,bulk_stamp
2026Q2,6658.HK,prospectus,col_BA,value_with_quote,19,high,bulk_stamp
2026Q2,6658.HK,prospectus,col_vc_backed,value_with_quote,96,medium,bulk_stamp
2026Q2,6658.HK,prospectus,col_pe_backed,value_with_quote,93,high,bulk_stamp
2026Q2,6658.HK,prospectus,col_cvc_backed,value_with_quote,19,low,bulk_stamp
2026Q2,6658.HK,prospectus,col_gov_backed,value_with_quote,174,high,bulk_stamp
2026Q2,6658.HK,prospectus,col_top_tier_vc,value_with_quote,93,medium,bulk_stamp
2026Q2,6658.HK,prospectus,col_vc_board_seat,value_with_quote,94,medium,bulk_stamp
2026Q2,6658.HK,prospectus,col_vc_pe_stake,value_with_quote,93,medium,bulk_stamp
2026Q2,6658.HK,prospectus,col_pre_ipo_investors,value_with_quote,93,high,bulk_stamp
2026Q2,6658.HK,prospectus,col_BC,value_with_quote,172,high,bulk_stamp
2026Q2,6658.HK,prospectus,col_BD,value_with_quote,172,high,bulk_stamp
2026Q2,6658.HK,prospectus,col_CC,value_with_quote,5,high,bulk_stamp
2026Q2,6658.HK,prospectus,col_CD,value_with_quote,5,high,bulk_stamp
2026Q2,6658.HK,prospectus,col_CE,value_with_quote,19,high,bulk_stamp
2026Q2,6658.HK,prospectus,col_CI,value_with_quote,20,high,bulk_stamp
2026Q2,6658.HK,prospectus,col_CJ,value_with_quote,176,high,bulk_stamp
2026Q2,6658.HK,allot,col_CK,value_with_quote,5,high,absent
2026Q2,6658.HK,allot,col_CM,value_with_quote,4,high,absent
2026Q2,6658.HK,allot,col_CN,value_with_quote,4,high,absent
2026Q2,6658.HK,allot,col_CO,value_with_quote,10,medium,absent
2026Q2,6658.HK,allot,col_CQ,unknown,2,high,absent
2026Q2,6658.HK,allot,col_CR,value_with_quote,1,high,absent
2026Q2,6658.HK,allot,col_CS,value_with_quote,3,high,absent
2026Q2,6658.HK,allot,col_CT,value_with_quote,4,high,absent
2026Q2,6658.HK,allot,col_CU,value_with_quote,4,high,absent
2026Q2,6658.HK,allot,col_CV,derived_rule,,high,absent
2026Q2,6658.HK,allot,col_CW,value_with_quote,4,high,absent
2026Q2,6658.HK,allot,col_CX,value_with_quote,3,high,absent
2026Q2,6658.HK,allot,col_CY,value_with_quote,15,high,absent
2026Q2,6658.HK,allot,col_CZ,value_with_quote,3,high,absent
2026Q2,6658.HK,allot,col_DA,value_with_quote,15,high,absent
2026Q2,6658.HK,allot,col_DC,value_with_quote,15,high,absent
2026Q2,6675.HK,prospectus,col_L,value_with_quote,223,high,bulk_stamp
2026Q2,6675.HK,prospectus,col_M,value_with_quote,223,high,bulk_stamp
2026Q2,6675.HK,prospectus,col_N,value_with_quote,223,high,bulk_stamp
2026Q2,6675.HK,prospectus,col_O,value_with_quote,223,high,bulk_stamp
2026Q2,6675.HK,prospectus,col_P,value_with_quote,223,medium,bulk_stamp
2026Q2,6675.HK,prospectus,col_Q,value_with_quote,223,high,bulk_stamp
2026Q2,6675.HK,prospectus,col_R,value_with_quote,2,high,bulk_stamp
2026Q2,6675.HK,prospectus,col_S,value_with_quote,2,high,bulk_stamp
2026Q2,6675.HK,prospectus,col_T,value_with_quote,2,high,bulk_stamp
2026Q2,6675.HK,prospectus,col_U,value_with_quote,2,high,bulk_stamp
2026Q2,6675.HK,prospectus,col_AO,value_with_quote,269,high,bulk_stamp
2026Q2,6675.HK,prospectus,col_AP,value_with_quote,269,high,bulk_stamp
2026Q2,6675.HK,prospectus,col_AQ,value_with_quote,269,high,bulk_stamp
2026Q2,6675.HK,prospectus,col_AS,value_with_quote,138,medium,bulk_stamp
2026Q2,6675.HK,prospectus,col_BA,value_with_quote,18,high,bulk_stamp
2026Q2,6675.HK,prospectus,col_vc_backed,value_with_quote,130,medium,bulk_stamp
2026Q2,6675.HK,prospectus,col_pe_backed,value_with_quote,131,high,bulk_stamp
2026Q2,6675.HK,prospectus,col_cvc_backed,value_with_quote,18,high,bulk_stamp
2026Q2,6675.HK,prospectus,col_gov_backed,value_with_quote,130,high,bulk_stamp
2026Q2,6675.HK,prospectus,col_top_tier_vc,unknown,,low,bulk_stamp
2026Q2,6675.HK,prospectus,col_vc_board_seat,value_with_quote,213,high,bulk_stamp
2026Q2,6675.HK,prospectus,col_vc_pe_stake,value_with_quote,138,medium,bulk_stamp
2026Q2,6675.HK,prospectus,col_pre_ipo_investors,value_with_quote,125,medium,bulk_stamp
2026Q2,6675.HK,prospectus,col_BC,value_with_quote,124,high,bulk_stamp
2026Q2,6675.HK,prospectus,col_BD,value_with_quote,18,high,bulk_stamp
2026Q2,6675.HK,prospectus,col_CC,value_with_quote,5,high,bulk_stamp
2026Q2,6675.HK,prospectus,col_CD,value_with_quote,5,high,bulk_stamp
2026Q2,6675.HK,prospectus,col_CE,value_with_quote,223,high,bulk_stamp
2026Q2,6675.HK,prospectus,col_CI,value_with_quote,20,high,bulk_stamp
2026Q2,6675.HK,prospectus,col_CJ,value_with_quote,206,high,bulk_stamp
2026Q2,6675.HK,allot,col_CK,value_with_quote,6,high,absent
2026Q2,6675.HK,allot,col_CM,value_with_quote,4,high,absent
2026Q2,6675.HK,allot,col_CN,value_with_quote,4,high,absent
2026Q2,6675.HK,allot,col_CO,value_with_quote,17,medium,absent
2026Q2,6675.HK,allot,col_CQ,unknown,2,high,absent
2026Q2,6675.HK,allot,col_CR,value_with_quote,1,high,absent
2026Q2,6675.HK,allot,col_CS,value_with_quote,3,high,absent
2026Q2,6675.HK,allot,col_CT,value_with_quote,4,high,absent
2026Q2,6675.HK,allot,col_CU,value_with_quote,5,high,absent
2026Q2,6675.HK,allot,col_CV,value_with_quote,1,high,absent
2026Q2,6675.HK,allot,col_CW,value_with_quote,4,high,absent
2026Q2,6675.HK,allot,col_CX,value_with_quote,4,high,absent
2026Q2,6675.HK,allot,col_CY,value_with_quote,27,high,absent
2026Q2,6675.HK,allot,col_CZ,value_with_quote,3,high,absent
2026Q2,6675.HK,allot,col_DA,derived_rule,,high,absent
2026Q2,6675.HK,allot,col_DC,derived_rule,3,high,absent
2026Q2,1392.HK,prospectus,col_L,value_with_quote,204,high,named_reviewer
2026Q2,1392.HK,prospectus,col_M,value_with_quote,2,high,named_reviewer
2026Q2,1392.HK,prospectus,col_N,value_with_quote,111,high,named_reviewer
2026Q2,1392.HK,prospectus,col_O,value_with_quote,111,high,named_reviewer
2026Q2,1392.HK,prospectus,col_P,value_with_quote,121,high,named_reviewer
2026Q2,1392.HK,prospectus,col_Q,value_with_quote,121,high,named_reviewer
2026Q2,1392.HK,prospectus,col_R,value_with_quote,2,high,named_reviewer
2026Q2,1392.HK,prospectus,col_S,value_with_quote,2,high,named_reviewer
2026Q2,1392.HK,prospectus,col_T,value_with_quote,2,high,named_reviewer
2026Q2,1392.HK,prospectus,col_U,value_with_quote,2,high,named_reviewer
2026Q2,1392.HK,prospectus,col_AO,value_with_quote,260,high,named_reviewer
2026Q2,1392.HK,prospectus,col_AP,value_with_quote,260,high,named_reviewer
2026Q2,1392.HK,prospectus,col_AQ,unknown,,high,named_reviewer
2026Q2,1392.HK,prospectus,col_AS,value_with_quote,19,high,named_reviewer
2026Q2,1392.HK,prospectus,col_BA,value_with_quote,112,high,named_reviewer
2026Q2,1392.HK,prospectus,col_vc_backed,value_with_quote,116,high,named_reviewer
2026Q2,1392.HK,prospectus,col_pe_backed,value_with_quote,116,high,named_reviewer
2026Q2,1392.HK,prospectus,col_cvc_backed,value_with_quote,116,low,named_reviewer
2026Q2,1392.HK,prospectus,col_gov_backed,value_with_quote,117,high,named_reviewer
2026Q2,1392.HK,prospectus,col_top_tier_vc,unknown,,high,named_reviewer
2026Q2,1392.HK,prospectus,col_vc_board_seat,value_with_quote,194,medium,named_reviewer
2026Q2,1392.HK,prospectus,col_vc_pe_stake,value_with_quote,116,medium,named_reviewer
2026Q2,1392.HK,prospectus,col_pre_ipo_investors,value_with_quote,112,high,named_reviewer
2026Q2,1392.HK,prospectus,col_BC,value_with_quote,21,high,named_reviewer
2026Q2,1392.HK,prospectus,col_BD,value_with_quote,21,high,named_reviewer
2026Q2,1392.HK,prospectus,col_CC,value_with_quote,4,high,named_reviewer
2026Q2,1392.HK,prospectus,col_CD,value_with_quote,4,high,named_reviewer
2026Q2,1392.HK,prospectus,col_CE,value_with_quote,123,high,named_reviewer
2026Q2,1392.HK,prospectus,col_CI,value_with_quote,261,medium,named_reviewer
2026Q2,1392.HK,prospectus,col_CJ,unknown,121,high,named_reviewer
2026Q2,1392.HK,allot,col_CK,value_with_quote,121,high,absent
2026Q2,1392.HK,allot,col_CM,value_with_quote,4,high,absent
2026Q2,1392.HK,allot,col_CN,value_with_quote,4,high,absent
2026Q2,1392.HK,allot,col_CO,value_with_quote,13,medium,absent
2026Q2,1392.HK,allot,col_CQ,unknown,2,high,absent
2026Q2,1392.HK,allot,col_CR,value_with_quote,1,high,absent
2026Q2,1392.HK,allot,col_CS,value_with_quote,3,high,absent
2026Q2,1392.HK,allot,col_CT,value_with_quote,3,high,absent
2026Q2,1392.HK,allot,col_CU,value_with_quote,3,high,absent
2026Q2,1392.HK,allot,col_CV,derived_rule,,high,absent
2026Q2,1392.HK,allot,col_CW,value_with_quote,4,high,absent
2026Q2,1392.HK,allot,col_CX,value_with_quote,3,high,absent
2026Q2,1392.HK,allot,col_CY,value_with_quote,18,high,absent
2026Q2,1392.HK,allot,col_CZ,value_with_quote,3,high,absent
2026Q2,1392.HK,allot,col_DA,derived_rule,,high,absent
2026Q2,1392.HK,allot,col_DC,derived_rule,3,high,absent
2026Q2,6067.HK,prospectus,col_L,value_with_quote,220,high,named_reviewer
2026Q2,6067.HK,prospectus,col_M,value_with_quote,220,high,named_reviewer
2026Q2,6067.HK,prospectus,col_N,value_with_quote,220,high,named_reviewer
2026Q2,6067.HK,prospectus,col_O,value_with_quote,220,high,named_reviewer
2026Q2,6067.HK,prospectus,col_P,value_with_quote,220,medium,named_reviewer
2026Q2,6067.HK,prospectus,col_Q,value_with_quote,220,high,named_reviewer
2026Q2,6067.HK,prospectus,col_R,value_with_quote,2,high,named_reviewer
2026Q2,6067.HK,prospectus,col_S,value_with_quote,2,high,named_reviewer
2026Q2,6067.HK,prospectus,col_T,value_with_quote,2,high,named_reviewer
2026Q2,6067.HK,prospectus,col_U,unknown,,low,named_reviewer
2026Q2,6067.HK,prospectus,col_AO,value_with_quote,275,high,named_reviewer
2026Q2,6067.HK,prospectus,col_AP,value_with_quote,275,high,named_reviewer
2026Q2,6067.HK,prospectus,col_AQ,value_with_quote,223,low,named_reviewer
2026Q2,6067.HK,prospectus,col_AS,value_with_quote,120,medium,named_reviewer
2026Q2,6067.HK,prospectus,col_BA,value_with_quote,118,high,named_reviewer
2026Q2,6067.HK,prospectus,col_vc_backed,value_with_quote,118,high,named_reviewer
2026Q2,6067.HK,prospectus,col_pe_backed,value_with_quote,118,medium,named_reviewer
2026Q2,6067.HK,prospectus,col_cvc_backed,value_with_quote,118,medium,named_reviewer
2026Q2,6067.HK,prospectus,col_gov_backed,unknown,,low,named_reviewer
2026Q2,6067.HK,prospectus,col_top_tier_vc,unknown,,low,named_reviewer
2026Q2,6067.HK,prospectus,col_vc_board_seat,unknown,,low,named_reviewer
2026Q2,6067.HK,prospectus,col_vc_pe_stake,value_with_quote,118,medium,named_reviewer
2026Q2,6067.HK,prospectus,col_pre_ipo_investors,value_with_quote,118,medium,named_reviewer
2026Q2,6067.HK,prospectus,col_BC,value_with_quote,24,high,named_reviewer
2026Q2,6067.HK,prospectus,col_BD,value_with_quote,24,high,named_reviewer
2026Q2,6067.HK,prospectus,col_CC,value_with_quote,5,high,named_reviewer
2026Q2,6067.HK,prospectus,col_CD,value_with_quote,5,high,named_reviewer
2026Q2,6067.HK,prospectus,col_CE,value_with_quote,220,high,named_reviewer
2026Q2,6067.HK,prospectus,col_CI,value_with_quote,265,high,named_reviewer
2026Q2,6067.HK,prospectus,col_CJ,value_with_quote,224,medium,named_reviewer
2026Q2,6067.HK,allot,col_CK,value_with_quote,6,high,absent
2026Q2,6067.HK,allot,col_CM,value_with_quote,4,high,absent
2026Q2,6067.HK,allot,col_CN,value_with_quote,4,high,absent
2026Q2,6067.HK,allot,col_CO,value_with_quote,4,high,absent
2026Q2,6067.HK,allot,col_CQ,value_with_quote,2,high,absent
2026Q2,6067.HK,allot,col_CR,value_with_quote,1,high,absent
2026Q2,6067.HK,allot,col_CS,value_with_quote,2,high,absent
2026Q2,6067.HK,allot,col_CT,value_with_quote,3,high,absent
2026Q2,6067.HK,allot,col_CU,value_with_quote,3,high,absent
2026Q2,6067.HK,allot,col_CV,derived_rule,,high,absent
2026Q2,6067.HK,allot,col_CW,value_with_quote,4,high,absent
2026Q2,6067.HK,allot,col_CX,value_with_quote,3,high,absent
2026Q2,6067.HK,allot,col_CY,value_with_quote,22,high,absent
2026Q2,6067.HK,allot,col_CZ,value_with_quote,3,high,absent
2026Q2,6067.HK,allot,col_DA,derived_rule,,high,absent
2026Q2,6067.HK,allot,col_DC,derived_rule,3,high,absent
2026Q2,6132.HK,prospectus,col_L,value_with_quote,267,high,bulk_stamp
2026Q2,6132.HK,prospectus,col_M,value_with_quote,267,high,bulk_stamp
2026Q2,6132.HK,prospectus,col_N,value_with_quote,267,high,bulk_stamp
2026Q2,6132.HK,prospectus,col_O,value_with_quote,267,high,bulk_stamp
2026Q2,6132.HK,prospectus,col_P,value_with_quote,267,high,bulk_stamp
2026Q2,6132.HK,prospectus,col_Q,value_with_quote,267,high,bulk_stamp
2026Q2,6132.HK,prospectus,col_R,value_with_quote,2,high,bulk_stamp
2026Q2,6132.HK,prospectus,col_S,value_with_quote,2,high,bulk_stamp
2026Q2,6132.HK,prospectus,col_T,value_with_quote,2,high,bulk_stamp
2026Q2,6132.HK,prospectus,col_U,value_with_quote,2,medium,bulk_stamp
2026Q2,6132.HK,prospectus,col_AO,value_with_quote,302,high,bulk_stamp
2026Q2,6132.HK,prospectus,col_AP,value_with_quote,302,medium,bulk_stamp
2026Q2,6132.HK,prospectus,col_AQ,value_with_quote,301,high,bulk_stamp
2026Q2,6132.HK,prospectus,col_AS,value_with_quote,10,high,bulk_stamp
2026Q2,6132.HK,prospectus,col_BA,value_with_quote,148,high,bulk_stamp
2026Q2,6132.HK,prospectus,col_vc_backed,value_with_quote,153,high,bulk_stamp
2026Q2,6132.HK,prospectus,col_pe_backed,value_with_quote,152,high,bulk_stamp
2026Q2,6132.HK,prospectus,col_cvc_backed,value_with_quote,154,high,bulk_stamp
2026Q2,6132.HK,prospectus,col_gov_backed,value_with_quote,151,high,bulk_stamp
2026Q2,6132.HK,prospectus,col_top_tier_vc,value_with_quote,152,high,bulk_stamp
2026Q2,6132.HK,prospectus,col_vc_board_seat,value_with_quote,247,high,bulk_stamp
2026Q2,6132.HK,prospectus,col_vc_pe_stake,value_with_quote,158,high,bulk_stamp
2026Q2,6132.HK,prospectus,col_pre_ipo_investors,value_with_quote,159,medium,bulk_stamp
2026Q2,6132.HK,prospectus,col_BC,value_with_quote,158,high,bulk_stamp
2026Q2,6132.HK,prospectus,col_BD,value_with_quote,158,high,bulk_stamp
2026Q2,6132.HK,prospectus,col_CC,value_with_quote,5,high,bulk_stamp
2026Q2,6132.HK,prospectus,col_CD,value_with_quote,5,high,bulk_stamp
2026Q2,6132.HK,prospectus,col_CE,value_with_quote,267,high,bulk_stamp
2026Q2,6132.HK,prospectus,col_CI,value_with_quote,28,high,bulk_stamp
2026Q2,6132.HK,prospectus,col_CJ,value_with_quote,261,high,bulk_stamp
2026Q2,6132.HK,allot,col_CK,value_with_quote,5,high,absent
2026Q2,6132.HK,allot,col_CM,value_with_quote,4,high,absent
2026Q2,6132.HK,allot,col_CN,value_with_quote,4,high,absent
2026Q2,6132.HK,allot,col_CO,value_with_quote,14,medium,absent
2026Q2,6132.HK,allot,col_CQ,unknown,,low,absent
2026Q2,6132.HK,allot,col_CR,value_with_quote,1,high,absent
2026Q2,6132.HK,allot,col_CS,value_with_quote,3,high,absent
2026Q2,6132.HK,allot,col_CT,value_with_quote,3,high,absent
2026Q2,6132.HK,allot,col_CU,value_with_quote,3,high,absent
2026Q2,6132.HK,allot,col_CV,derived_rule,,high,absent
2026Q2,6132.HK,allot,col_CW,value_with_quote,4,high,absent
2026Q2,6132.HK,allot,col_CX,value_with_quote,3,high,absent
2026Q2,6132.HK,allot,col_CY,value_with_quote,21,high,absent
2026Q2,6132.HK,allot,col_CZ,value_with_quote,3,high,absent
2026Q2,6132.HK,allot,col_DA,value_with_quote,21,medium,absent
2026Q2,6132.HK,allot,col_DC,value_with_quote,3,high,absent
2026Q2,2335.HK,prospectus,col_L,value_with_quote,234,high,bulk_stamp
2026Q2,2335.HK,prospectus,col_M,value_with_quote,234,high,bulk_stamp
2026Q2,2335.HK,prospectus,col_N,value_with_quote,234,high,bulk_stamp
2026Q2,2335.HK,prospectus,col_O,value_with_quote,234,high,bulk_stamp
2026Q2,2335.HK,prospectus,col_P,value_with_quote,293,medium,bulk_stamp
2026Q2,2335.HK,prospectus,col_Q,value_with_quote,234,high,bulk_stamp
2026Q2,2335.HK,prospectus,col_R,value_with_quote,293,high,bulk_stamp
2026Q2,2335.HK,prospectus,col_S,value_with_quote,293,high,bulk_stamp
2026Q2,2335.HK,prospectus,col_T,value_with_quote,2,high,bulk_stamp
2026Q2,2335.HK,prospectus,col_U,value_with_quote,2,high,bulk_stamp
2026Q2,2335.HK,prospectus,col_AO,value_with_quote,291,high,bulk_stamp
2026Q2,2335.HK,prospectus,col_AP,value_with_quote,291,high,bulk_stamp
2026Q2,2335.HK,prospectus,col_AQ,value_with_quote,291,high,bulk_stamp
2026Q2,2335.HK,prospectus,col_AS,value_with_quote,9,high,bulk_stamp
2026Q2,2335.HK,prospectus,col_BA,value_with_quote,17,high,bulk_stamp
2026Q2,2335.HK,prospectus,col_vc_backed,value_with_quote,132,high,bulk_stamp
2026Q2,2335.HK,prospectus,col_pe_backed,value_with_quote,133,medium,bulk_stamp
2026Q2,2335.HK,prospectus,col_cvc_backed,unknown,,medium,bulk_stamp
2026Q2,2335.HK,prospectus,col_gov_backed,value_with_quote,133,high,bulk_stamp
2026Q2,2335.HK,prospectus,col_top_tier_vc,value_with_quote,131,medium,bulk_stamp
2026Q2,2335.HK,prospectus,col_vc_board_seat,value_with_quote,132,high,bulk_stamp
2026Q2,2335.HK,prospectus,col_vc_pe_stake,value_with_quote,141,medium,bulk_stamp
2026Q2,2335.HK,prospectus,col_pre_ipo_investors,value_with_quote,141,high,bulk_stamp
2026Q2,2335.HK,prospectus,col_BC,value_with_quote,17,high,bulk_stamp
2026Q2,2335.HK,prospectus,col_BD,value_with_quote,139,high,bulk_stamp
2026Q2,2335.HK,prospectus,col_CC,value_with_quote,5,high,bulk_stamp
2026Q2,2335.HK,prospectus,col_CD,value_with_quote,5,high,bulk_stamp
2026Q2,2335.HK,prospectus,col_CE,value_with_quote,141,high,bulk_stamp
2026Q2,2335.HK,prospectus,col_CI,value_with_quote,291,high,bulk_stamp
2026Q2,2335.HK,prospectus,col_CJ,value_with_quote,239,high,bulk_stamp
2026Q2,2335.HK,allot,col_CK,value_with_quote,5,high,absent
2026Q2,2335.HK,allot,col_CM,value_with_quote,4,high,absent
2026Q2,2335.HK,allot,col_CN,value_with_quote,4,high,absent
2026Q2,2335.HK,allot,col_CO,value_with_quote,4,high,absent
2026Q2,2335.HK,allot,col_CQ,value_with_quote,2,high,absent
2026Q2,2335.HK,allot,col_CR,value_with_quote,1,high,absent
2026Q2,2335.HK,allot,col_CS,value_with_quote,2,high,absent
2026Q2,2335.HK,allot,col_CT,value_with_quote,3,high,absent
2026Q2,2335.HK,allot,col_CU,value_with_quote,3,high,absent
2026Q2,2335.HK,allot,col_CV,derived_rule,,high,absent
2026Q2,2335.HK,allot,col_CW,unknown,3,high,absent
2026Q2,2335.HK,allot,col_CX,value_with_quote,3,high,absent
2026Q2,2335.HK,allot,col_CY,value_with_quote,15,high,absent
2026Q2,2335.HK,allot,col_CZ,value_with_quote,3,high,absent
2026Q2,2335.HK,allot,col_DA,value_with_quote,15,high,absent
2026Q2,2335.HK,allot,col_DC,value_with_quote,15,medium,absent
2026Q2,6106.HK,prospectus,col_L,value_with_quote,216,high,bulk_stamp
2026Q2,6106.HK,prospectus,col_M,value_with_quote,2,high,bulk_stamp
2026Q2,6106.HK,prospectus,col_N,value_with_quote,216,high,bulk_stamp
2026Q2,6106.HK,prospectus,col_O,value_with_quote,216,high,bulk_stamp
2026Q2,6106.HK,prospectus,col_P,value_with_quote,216,medium,bulk_stamp
2026Q2,6106.HK,prospectus,col_Q,value_with_quote,2,high,bulk_stamp
2026Q2,6106.HK,prospectus,col_R,value_with_quote,2,high,bulk_stamp
2026Q2,6106.HK,prospectus,col_S,value_with_quote,2,high,bulk_stamp
2026Q2,6106.HK,prospectus,col_T,value_with_quote,2,high,bulk_stamp
2026Q2,6106.HK,prospectus,col_U,value_with_quote,2,high,bulk_stamp
2026Q2,6106.HK,prospectus,col_AO,value_with_quote,278,high,bulk_stamp
2026Q2,6106.HK,prospectus,col_AP,value_with_quote,278,high,bulk_stamp
2026Q2,6106.HK,prospectus,col_AQ,value_with_quote,28,high,bulk_stamp
2026Q2,6106.HK,prospectus,col_AS,value_with_quote,9,high,bulk_stamp
2026Q2,6106.HK,prospectus,col_BA,value_with_quote,19,high,bulk_stamp
2026Q2,6106.HK,prospectus,col_vc_backed,value_with_quote,87,high,bulk_stamp
2026Q2,6106.HK,prospectus,col_pe_backed,value_with_quote,87,high,bulk_stamp
2026Q2,6106.HK,prospectus,col_cvc_backed,value_with_quote,86,high,bulk_stamp
2026Q2,6106.HK,prospectus,col_gov_backed,value_with_quote,87,high,bulk_stamp
2026Q2,6106.HK,prospectus,col_top_tier_vc,value_with_quote,86,medium,bulk_stamp
2026Q2,6106.HK,prospectus,col_vc_board_seat,value_with_quote,85,medium,bulk_stamp
2026Q2,6106.HK,prospectus,col_vc_pe_stake,value_with_quote,94,medium,bulk_stamp
2026Q2,6106.HK,prospectus,col_pre_ipo_investors,value_with_quote,94,medium,bulk_stamp
2026Q2,6106.HK,prospectus,col_BC,value_with_quote,94,medium,bulk_stamp
2026Q2,6106.HK,prospectus,col_BD,value_with_quote,20,high,bulk_stamp
2026Q2,6106.HK,prospectus,col_CC,value_with_quote,5,high,bulk_stamp
2026Q2,6106.HK,prospectus,col_CD,value_with_quote,5,high,bulk_stamp
2026Q2,6106.HK,prospectus,col_CE,value_with_quote,216,high,bulk_stamp
2026Q2,6106.HK,prospectus,col_CI,value_with_quote,21,medium,bulk_stamp
2026Q2,6106.HK,prospectus,col_CJ,value_with_quote,265,high,bulk_stamp
2026Q2,6106.HK,allot,col_CK,value_with_quote,7,high,absent
2026Q2,6106.HK,allot,col_CM,value_with_quote,5,high,absent
2026Q2,6106.HK,allot,col_CN,value_with_quote,5,high,absent
2026Q2,6106.HK,allot,col_CO,value_with_quote,5,high,absent
2026Q2,6106.HK,allot,col_CQ,unknown,,low,absent
2026Q2,6106.HK,allot,col_CR,value_with_quote,1,high,absent
2026Q2,6106.HK,allot,col_CS,value_with_quote,4,high,absent
2026Q2,6106.HK,allot,col_CT,value_with_quote,4,high,absent
2026Q2,6106.HK,allot,col_CU,value_with_quote,4,high,absent
2026Q2,6106.HK,allot,col_CV,derived_rule,,high,absent
2026Q2,6106.HK,allot,col_CW,value_with_quote,5,high,absent
2026Q2,6106.HK,allot,col_CX,value_with_quote,5,high,absent
2026Q2,6106.HK,allot,col_CY,value_with_quote,27,high,absent
2026Q2,6106.HK,allot,col_CZ,value_with_quote,4,high,absent
2026Q2,6106.HK,allot,col_DA,unknown,,low,absent
2026Q2,6106.HK,allot,col_DC,unknown,,low,absent
2026Q2,1688.HK,prospectus,col_L,value_with_quote,223,high,bulk_stamp
2026Q2,1688.HK,prospectus,col_M,value_with_quote,223,high,bulk_stamp
2026Q2,1688.HK,prospectus,col_N,value_with_quote,223,high,bulk_stamp
2026Q2,1688.HK,prospectus,col_O,value_with_quote,223,high,bulk_stamp
2026Q2,1688.HK,prospectus,col_P,value_with_quote,223,medium,bulk_stamp
2026Q2,1688.HK,prospectus,col_Q,value_with_quote,2,high,bulk_stamp
2026Q2,1688.HK,prospectus,col_R,value_with_quote,2,high,bulk_stamp
2026Q2,1688.HK,prospectus,col_S,value_with_quote,2,high,bulk_stamp
2026Q2,1688.HK,prospectus,col_T,value_with_quote,2,high,bulk_stamp
2026Q2,1688.HK,prospectus,col_U,unknown,,low,bulk_stamp
2026Q2,1688.HK,prospectus,col_AO,unknown,,low,bulk_stamp
2026Q2,1688.HK,prospectus,col_AP,unknown,,low,bulk_stamp
2026Q2,1688.HK,prospectus,col_AQ,value_with_quote,224,high,bulk_stamp
2026Q2,1688.HK,prospectus,col_AS,value_with_quote,135,medium,bulk_stamp
2026Q2,1688.HK,prospectus,col_BA,value_with_quote,16,high,bulk_stamp
2026Q2,1688.HK,prospectus,col_vc_backed,value_with_quote,16,high,bulk_stamp
2026Q2,1688.HK,prospectus,col_pe_backed,value_with_quote,16,high,bulk_stamp
2026Q2,1688.HK,prospectus,col_cvc_backed,value_with_quote,16,high,bulk_stamp
2026Q2,1688.HK,prospectus,col_gov_backed,value_with_quote,16,high,bulk_stamp
2026Q2,1688.HK,prospectus,col_top_tier_vc,value_with_quote,16,high,bulk_stamp
2026Q2,1688.HK,prospectus,col_vc_board_seat,value_with_quote,16,high,bulk_stamp
2026Q2,1688.HK,prospectus,col_vc_pe_stake,value_with_quote,16,high,bulk_stamp
2026Q2,1688.HK,prospectus,col_pre_ipo_investors,unknown,,low,bulk_stamp
2026Q2,1688.HK,prospectus,col_BC,value_with_quote,17,high,bulk_stamp
2026Q2,1688.HK,prospectus,col_BD,value_with_quote,17,high,bulk_stamp
2026Q2,1688.HK,prospectus,col_CC,value_with_quote,5,high,bulk_stamp
2026Q2,1688.HK,prospectus,col_CD,value_with_quote,5,high,bulk_stamp
2026Q2,1688.HK,prospectus,col_CE,value_with_quote,135,high,bulk_stamp
2026Q2,1688.HK,prospectus,col_CI,value_with_quote,23,high,bulk_stamp
2026Q2,1688.HK,prospectus,col_CJ,value_with_quote,233,high,bulk_stamp
2026Q2,1688.HK,allot,col_CK,value_with_quote,6,high,absent
2026Q2,1688.HK,allot,col_CM,value_with_quote,4,high,absent
2026Q2,1688.HK,allot,col_CN,value_with_quote,4,high,absent
2026Q2,1688.HK,allot,col_CO,value_with_quote,16,high,absent
2026Q2,1688.HK,allot,col_CQ,unknown,,high,absent
2026Q2,1688.HK,allot,col_CR,value_with_quote,1,high,absent
2026Q2,1688.HK,allot,col_CS,value_with_quote,3,high,absent
2026Q2,1688.HK,allot,col_CT,value_with_quote,3,high,absent
2026Q2,1688.HK,allot,col_CU,value_with_quote,3,high,absent
2026Q2,1688.HK,allot,col_CV,derived_rule,,high,absent
2026Q2,1688.HK,allot,col_CW,value_with_quote,4,high,absent
2026Q2,1688.HK,allot,col_CX,value_with_quote,3,high,absent
2026Q2,1688.HK,allot,col_CY,value_with_quote,31,high,absent
2026Q2,1688.HK,allot,col_CZ,value_with_quote,31,medium,absent
2026Q2,1688.HK,allot,col_DA,derived_rule,,high,absent
2026Q2,1688.HK,allot,col_DC,derived_rule,31,high,absent
2026Q2,1956.HK,prospectus,col_L,value_with_quote,224,high,named_reviewer
2026Q2,1956.HK,prospectus,col_M,value_with_quote,224,high,named_reviewer
2026Q2,1956.HK,prospectus,col_N,value_with_quote,224,high,named_reviewer
2026Q2,1956.HK,prospectus,col_O,value_with_quote,224,high,named_reviewer
2026Q2,1956.HK,prospectus,col_P,value_with_quote,224,high,named_reviewer
2026Q2,1956.HK,prospectus,col_Q,value_with_quote,224,high,named_reviewer
2026Q2,1956.HK,prospectus,col_R,value_with_quote,284,high,named_reviewer
2026Q2,1956.HK,prospectus,col_S,value_with_quote,284,high,named_reviewer
2026Q2,1956.HK,prospectus,col_T,value_with_quote,2,medium,named_reviewer
2026Q2,1956.HK,prospectus,col_U,value_with_quote,2,medium,named_reviewer
2026Q2,1956.HK,prospectus,col_AO,value_with_quote,281,high,named_reviewer
2026Q2,1956.HK,prospectus,col_AP,value_with_quote,281,high,named_reviewer
2026Q2,1956.HK,prospectus,col_AQ,value_with_quote,281,high,named_reviewer
2026Q2,1956.HK,prospectus,col_AS,value_with_quote,10,high,named_reviewer
2026Q2,1956.HK,prospectus,col_BA,value_with_quote,19,high,named_reviewer
2026Q2,1956.HK,prospectus,col_vc_backed,value_with_quote,106,high,named_reviewer
2026Q2,1956.HK,prospectus,col_pe_backed,value_with_quote,112,high,named_reviewer
2026Q2,1956.HK,prospectus,col_cvc_backed,value_with_quote,111,medium,named_reviewer
2026Q2,1956.HK,prospectus,col_gov_backed,value_with_quote,105,high,named_reviewer
2026Q2,1956.HK,prospectus,col_top_tier_vc,unknown,,low,named_reviewer
2026Q2,1956.HK,prospectus,col_vc_board_seat,value_with_quote,212,medium,named_reviewer
2026Q2,1956.HK,prospectus,col_vc_pe_stake,value_with_quote,114,medium,named_reviewer
2026Q2,1956.HK,prospectus,col_pre_ipo_investors,value_with_quote,114,high,named_reviewer
2026Q2,1956.HK,prospectus,col_BC,value_with_quote,19,high,named_reviewer
2026Q2,1956.HK,prospectus,col_BD,value_with_quote,19,high,named_reviewer
2026Q2,1956.HK,prospectus,col_CC,value_with_quote,5,high,named_reviewer
2026Q2,1956.HK,prospectus,col_CD,value_with_quote,5,high,named_reviewer
2026Q2,1956.HK,prospectus,col_CE,value_with_quote,224,high,named_reviewer
2026Q2,1956.HK,prospectus,col_CI,value_with_quote,26,high,named_reviewer
2026Q2,1956.HK,prospectus,col_CJ,value_with_quote,263,high,named_reviewer
2026Q2,1956.HK,allot,col_CK,value_with_quote,5,high,absent
2026Q2,1956.HK,allot,col_CM,value_with_quote,4,high,absent
2026Q2,1956.HK,allot,col_CN,value_with_quote,4,high,absent
2026Q2,1956.HK,allot,col_CO,value_with_quote,17,high,absent
2026Q2,1956.HK,allot,col_CQ,unknown,2,high,absent
2026Q2,1956.HK,allot,col_CR,value_with_quote,1,high,absent
2026Q2,1956.HK,allot,col_CS,value_with_quote,3,high,absent
2026Q2,1956.HK,allot,col_CT,value_with_quote,4,high,absent
2026Q2,1956.HK,allot,col_CU,value_with_quote,4,high,absent
2026Q2,1956.HK,allot,col_CV,value_with_quote,2,high,absent
2026Q2,1956.HK,allot,col_CW,value_with_quote,4,high,absent
2026Q2,1956.HK,allot,col_CX,value_with_quote,3,high,absent
2026Q2,1956.HK,allot,col_CY,value_with_quote,24,high,absent
2026Q2,1956.HK,allot,col_CZ,value_with_quote,3,high,absent
2026Q2,1956.HK,allot,col_DA,derived_rule,,high,absent
2026Q2,1956.HK,allot,col_DC,derived_rule,3,high,absent
2026Q2,2272.HK,prospectus,col_L,value_with_quote,402,high,bulk_stamp
2026Q2,2272.HK,prospectus,col_M,value_with_quote,2,high,bulk_stamp
2026Q2,2272.HK,prospectus,col_N,value_with_quote,223,high,bulk_stamp
2026Q2,2272.HK,prospectus,col_O,value_with_quote,223,high,bulk_stamp
2026Q2,2272.HK,prospectus,col_P,value_with_quote,223,high,bulk_stamp
2026Q2,2272.HK,prospectus,col_Q,value_with_quote,2,high,bulk_stamp
2026Q2,2272.HK,prospectus,col_R,value_with_quote,2,high,bulk_stamp
2026Q2,2272.HK,prospectus,col_S,value_with_quote,2,high,bulk_stamp
2026Q2,2272.HK,prospectus,col_T,value_with_quote,2,high,bulk_stamp
2026Q2,2272.HK,prospectus,col_U,value_with_quote,2,high,bulk_stamp
2026Q2,2272.HK,prospectus,col_AO,value_with_quote,284,high,bulk_stamp
2026Q2,2272.HK,prospectus,col_AP,value_with_quote,284,high,bulk_stamp
2026Q2,2272.HK,prospectus,col_AQ,value_with_quote,284,high,bulk_stamp
2026Q2,2272.HK,prospectus,col_AS,value_with_quote,29,medium,bulk_stamp
2026Q2,2272.HK,prospectus,col_BA,value_with_quote,20,high,bulk_stamp
2026Q2,2272.HK,prospectus,col_vc_backed,value_with_quote,118,high,bulk_stamp
2026Q2,2272.HK,prospectus,col_pe_backed,value_with_quote,120,high,bulk_stamp
2026Q2,2272.HK,prospectus,col_cvc_backed,value_with_quote,118,high,bulk_stamp
2026Q2,2272.HK,prospectus,col_gov_backed,unknown,,medium,bulk_stamp
2026Q2,2272.HK,prospectus,col_top_tier_vc,value_with_quote,118,medium,bulk_stamp
2026Q2,2272.HK,prospectus,col_vc_board_seat,value_with_quote,117,medium,bulk_stamp
2026Q2,2272.HK,prospectus,col_vc_pe_stake,unknown,,medium,bulk_stamp
2026Q2,2272.HK,prospectus,col_pre_ipo_investors,value_with_quote,117,high,bulk_stamp
2026Q2,2272.HK,prospectus,col_BC,value_with_quote,108,high,bulk_stamp
2026Q2,2272.HK,prospectus,col_BD,value_with_quote,108,high,bulk_stamp
2026Q2,2272.HK,prospectus,col_CC,value_with_quote,5,high,bulk_stamp
2026Q2,2272.HK,prospectus,col_CD,value_with_quote,5,high,bulk_stamp
2026Q2,2272.HK,prospectus,col_CE,value_with_quote,402,high,bulk_stamp
2026Q2,2272.HK,prospectus,col_CI,value_with_quote,285,high,bulk_stamp
2026Q2,2272.HK,prospectus,col_CJ,unknown,,high,bulk_stamp
2026Q2,2272.HK,allot,col_CK,derived_rule,,high,absent
2026Q2,2272.HK,allot,col_CM,value_with_quote,4,high,absent
2026Q2,2272.HK,allot,col_CN,value_with_quote,4,high,absent
2026Q2,2272.HK,allot,col_CO,value_with_quote,10,medium,absent
2026Q2,2272.HK,allot,col_CQ,unknown,2,high,absent
2026Q2,2272.HK,allot,col_CR,value_with_quote,1,high,absent
2026Q2,2272.HK,allot,col_CS,value_with_quote,2,high,absent
2026Q2,2272.HK,allot,col_CT,value_with_quote,4,high,absent
2026Q2,2272.HK,allot,col_CU,value_with_quote,5,high,absent
2026Q2,2272.HK,allot,col_CV,derived_rule,,high,absent
2026Q2,2272.HK,allot,col_CW,value_with_quote,4,high,absent
2026Q2,2272.HK,allot,col_CX,value_with_quote,3,high,absent
2026Q2,2272.HK,allot,col_CY,value_with_quote,13,high,absent
2026Q2,2272.HK,allot,col_CZ,value_with_quote,3,high,absent
2026Q2,2272.HK,allot,col_DA,value_with_quote,13,high,absent
2026Q2,2272.HK,allot,col_DC,value_with_quote,13,high,absent
2026Q2,3661.HK,prospectus,col_L,value_with_quote,225,high,bulk_stamp
2026Q2,3661.HK,prospectus,col_M,value_with_quote,225,high,bulk_stamp
2026Q2,3661.HK,prospectus,col_N,value_with_quote,225,high,bulk_stamp
2026Q2,3661.HK,prospectus,col_O,value_with_quote,225,high,bulk_stamp
2026Q2,3661.HK,prospectus,col_P,value_with_quote,225,medium,bulk_stamp
2026Q2,3661.HK,prospectus,col_Q,value_with_quote,2,high,bulk_stamp
2026Q2,3661.HK,prospectus,col_R,value_with_quote,269,high,bulk_stamp
2026Q2,3661.HK,prospectus,col_S,value_with_quote,269,high,bulk_stamp
2026Q2,3661.HK,prospectus,col_T,value_with_quote,2,high,bulk_stamp
2026Q2,3661.HK,prospectus,col_U,unknown,,high,bulk_stamp
2026Q2,3661.HK,prospectus,col_AO,value_with_quote,266,high,bulk_stamp
2026Q2,3661.HK,prospectus,col_AP,value_with_quote,266,high,bulk_stamp
2026Q2,3661.HK,prospectus,col_AQ,value_with_quote,266,high,bulk_stamp
2026Q2,3661.HK,prospectus,col_AS,value_with_quote,134,medium,bulk_stamp
2026Q2,3661.HK,prospectus,col_BA,value_with_quote,23,high,bulk_stamp
2026Q2,3661.HK,prospectus,col_vc_backed,value_with_quote,23,high,bulk_stamp
2026Q2,3661.HK,prospectus,col_pe_backed,value_with_quote,23,high,bulk_stamp
2026Q2,3661.HK,prospectus,col_cvc_backed,value_with_quote,23,high,bulk_stamp
2026Q2,3661.HK,prospectus,col_gov_backed,value_with_quote,23,high,bulk_stamp
2026Q2,3661.HK,prospectus,col_top_tier_vc,value_with_quote,23,high,bulk_stamp
2026Q2,3661.HK,prospectus,col_vc_board_seat,value_with_quote,23,high,bulk_stamp
2026Q2,3661.HK,prospectus,col_vc_pe_stake,value_with_quote,23,high,bulk_stamp
2026Q2,3661.HK,prospectus,col_pre_ipo_investors,unknown,,high,bulk_stamp
2026Q2,3661.HK,prospectus,col_BC,value_with_quote,21,high,bulk_stamp
2026Q2,3661.HK,prospectus,col_BD,value_with_quote,21,high,bulk_stamp
2026Q2,3661.HK,prospectus,col_CC,value_with_quote,5,high,bulk_stamp
2026Q2,3661.HK,prospectus,col_CD,value_with_quote,5,high,bulk_stamp
2026Q2,3661.HK,prospectus,col_CE,value_with_quote,225,high,bulk_stamp
2026Q2,3661.HK,prospectus,col_CI,value_with_quote,22,high,bulk_stamp
2026Q2,3661.HK,prospectus,col_CJ,value_with_quote,249,high,bulk_stamp
2026Q2,3661.HK,allot,col_CK,value_with_quote,7,high,absent
2026Q2,3661.HK,allot,col_CM,value_with_quote,4,high,absent
2026Q2,3661.HK,allot,col_CN,value_with_quote,4,high,absent
2026Q2,3661.HK,allot,col_CO,value_with_quote,18,medium,absent
2026Q2,3661.HK,allot,col_CQ,unknown,,high,absent
2026Q2,3661.HK,allot,col_CR,value_with_quote,1,high,absent
2026Q2,3661.HK,allot,col_CS,value_with_quote,3,high,absent
2026Q2,3661.HK,allot,col_CT,value_with_quote,4,high,absent
2026Q2,3661.HK,allot,col_CU,value_with_quote,4,high,absent
2026Q2,3661.HK,allot,col_CV,value_with_quote,1,high,absent
2026Q2,3661.HK,allot,col_CW,value_with_quote,4,high,absent
2026Q2,3661.HK,allot,col_CX,value_with_quote,3,high,absent
2026Q2,3661.HK,allot,col_CY,value_with_quote,28,high,absent
2026Q2,3661.HK,allot,col_CZ,value_with_quote,3,high,absent
2026Q2,3661.HK,allot,col_DA,derived_rule,,high,absent
2026Q2,3661.HK,allot,col_DC,value_with_quote,3,high,absent
2026Q2,6228.HK,prospectus,col_L,value_with_quote,290,high,named_reviewer
2026Q2,6228.HK,prospectus,col_M,value_with_quote,23,high,named_reviewer
2026Q2,6228.HK,prospectus,col_N,value_with_quote,23,high,named_reviewer
2026Q2,6228.HK,prospectus,col_O,value_with_quote,23,high,named_reviewer
2026Q2,6228.HK,prospectus,col_P,value_with_quote,23,low,named_reviewer
2026Q2,6228.HK,prospectus,col_Q,value_with_quote,290,medium,named_reviewer
2026Q2,6228.HK,prospectus,col_R,value_with_quote,2,medium,named_reviewer
2026Q2,6228.HK,prospectus,col_S,value_with_quote,2,medium,named_reviewer
2026Q2,6228.HK,prospectus,col_T,value_with_quote,2,high,named_reviewer
2026Q2,6228.HK,prospectus,col_U,unknown,,low,named_reviewer
2026Q2,6228.HK,prospectus,col_AO,value_with_quote,345,high,named_reviewer
2026Q2,6228.HK,prospectus,col_AP,value_with_quote,345,high,named_reviewer
2026Q2,6228.HK,prospectus,col_AQ,value_with_quote,345,high,named_reviewer
2026Q2,6228.HK,prospectus,col_AS,value_with_quote,19,high,named_reviewer
2026Q2,6228.HK,prospectus,col_BA,value_with_quote,381,high,named_reviewer
2026Q2,6228.HK,prospectus,col_vc_backed,value_with_quote,381,high,named_reviewer
2026Q2,6228.HK,prospectus,col_pe_backed,value_with_quote,381,high,named_reviewer
2026Q2,6228.HK,prospectus,col_cvc_backed,value_with_quote,381,high,named_reviewer
2026Q2,6228.HK,prospectus,col_gov_backed,value_with_quote,381,high,named_reviewer
2026Q2,6228.HK,prospectus,col_top_tier_vc,value_with_quote,381,high,named_reviewer
2026Q2,6228.HK,prospectus,col_vc_board_seat,value_with_quote,381,high,named_reviewer
2026Q2,6228.HK,prospectus,col_vc_pe_stake,value_with_quote,381,high,named_reviewer
2026Q2,6228.HK,prospectus,col_pre_ipo_investors,unknown,,low,named_reviewer
2026Q2,6228.HK,prospectus,col_BC,value_with_quote,14,high,named_reviewer
2026Q2,6228.HK,prospectus,col_BD,value_with_quote,14,medium,named_reviewer
2026Q2,6228.HK,prospectus,col_CC,value_with_quote,5,high,named_reviewer
2026Q2,6228.HK,prospectus,col_CD,value_with_quote,5,high,named_reviewer
2026Q2,6228.HK,prospectus,col_CE,value_with_quote,23,medium,named_reviewer
2026Q2,6228.HK,prospectus,col_CI,value_with_quote,19,medium,named_reviewer
2026Q2,6228.HK,prospectus,col_CJ,value_with_quote,297,high,named_reviewer
2026Q2,6228.HK,allot,col_CK,value_with_quote,5,high,named_reviewer
2026Q2,6228.HK,allot,col_CM,value_with_quote,4,high,named_reviewer
2026Q2,6228.HK,allot,col_CN,value_with_quote,4,high,named_reviewer
2026Q2,6228.HK,allot,col_CO,value_with_quote,15,high,named_reviewer
2026Q2,6228.HK,allot,col_CQ,value_with_quote,2,high,named_reviewer
2026Q2,6228.HK,allot,col_CR,value_with_quote,1,high,named_reviewer
2026Q2,6228.HK,allot,col_CS,value_with_quote,3,high,named_reviewer
2026Q2,6228.HK,allot,col_CT,value_with_quote,4,high,named_reviewer
2026Q2,6228.HK,allot,col_CU,value_with_quote,4,high,named_reviewer
2026Q2,6228.HK,allot,col_CV,value_with_quote,2,high,named_reviewer
2026Q2,6228.HK,allot,col_CW,value_with_quote,4,high,named_reviewer
2026Q2,6228.HK,allot,col_CX,value_with_quote,3,medium,named_reviewer
2026Q2,6228.HK,allot,col_CY,unknown,,high,named_reviewer
2026Q2,6228.HK,allot,col_CZ,value_with_quote,3,high,named_reviewer
2026Q2,6228.HK,allot,col_DA,derived_rule,,high,named_reviewer
2026Q2,6228.HK,allot,col_DC,derived_rule,3,high,named_reviewer
2026Q2,9630.HK,prospectus,col_L,value_with_quote,213,high,bulk_stamp
2026Q2,9630.HK,prospectus,col_M,value_with_quote,213,high,bulk_stamp
2026Q2,9630.HK,prospectus,col_N,value_with_quote,213,high,bulk_stamp
2026Q2,9630.HK,prospectus,col_O,value_with_quote,213,high,bulk_stamp
2026Q2,9630.HK,prospectus,col_P,value_with_quote,213,medium,bulk_stamp
2026Q2,9630.HK,prospectus,col_Q,value_with_quote,2,high,bulk_stamp
2026Q2,9630.HK,prospectus,col_R,value_with_quote,2,high,bulk_stamp
2026Q2,9630.HK,prospectus,col_S,value_with_quote,2,high,bulk_stamp
2026Q2,9630.HK,prospectus,col_T,value_with_quote,2,high,bulk_stamp
2026Q2,9630.HK,prospectus,col_U,value_with_quote,2,high,bulk_stamp
2026Q2,9630.HK,prospectus,col_AO,value_with_quote,281,high,bulk_stamp
2026Q2,9630.HK,prospectus,col_AP,value_with_quote,281,high,bulk_stamp
2026Q2,9630.HK,prospectus,col_AQ,value_with_quote,287,high,bulk_stamp
2026Q2,9630.HK,prospectus,col_AS,value_with_quote,116,medium,bulk_stamp
2026Q2,9630.HK,prospectus,col_BA,value_with_quote,19,high,bulk_stamp
2026Q2,9630.HK,prospectus,col_vc_backed,value_with_quote,19,high,bulk_stamp
2026Q2,9630.HK,prospectus,col_pe_backed,value_with_quote,19,high,bulk_stamp
2026Q2,9630.HK,prospectus,col_cvc_backed,value_with_quote,19,high,bulk_stamp
2026Q2,9630.HK,prospectus,col_gov_backed,value_with_quote,19,high,bulk_stamp
2026Q2,9630.HK,prospectus,col_top_tier_vc,value_with_quote,19,high,bulk_stamp
2026Q2,9630.HK,prospectus,col_vc_board_seat,value_with_quote,19,high,bulk_stamp
2026Q2,9630.HK,prospectus,col_vc_pe_stake,value_with_quote,19,high,bulk_stamp
2026Q2,9630.HK,prospectus,col_pre_ipo_investors,unknown,,low,bulk_stamp
2026Q2,9630.HK,prospectus,col_BC,value_with_quote,20,high,bulk_stamp
2026Q2,9630.HK,prospectus,col_BD,value_with_quote,64,high,bulk_stamp
2026Q2,9630.HK,prospectus,col_CC,value_with_quote,5,high,bulk_stamp
2026Q2,9630.HK,prospectus,col_CD,value_with_quote,5,high,bulk_stamp
2026Q2,9630.HK,prospectus,col_CE,value_with_quote,213,high,bulk_stamp
2026Q2,9630.HK,prospectus,col_CI,value_with_quote,281,high,bulk_stamp
2026Q2,9630.HK,prospectus,col_CJ,value_with_quote,218,medium,bulk_stamp
2026Q2,9630.HK,allot,col_CK,value_with_quote,6,high,absent
2026Q2,9630.HK,allot,col_CM,value_with_quote,3,high,absent
2026Q2,9630.HK,allot,col_CN,value_with_quote,3,high,absent
2026Q2,9630.HK,allot,col_CO,value_with_quote,19,medium,absent
2026Q2,9630.HK,allot,col_CQ,value_with_quote,2,high,absent
2026Q2,9630.HK,allot,col_CR,value_with_quote,1,high,absent
2026Q2,9630.HK,allot,col_CS,value_with_quote,1,high,absent
2026Q2,9630.HK,allot,col_CT,value_with_quote,1,high,absent
2026Q2,9630.HK,allot,col_CU,value_with_quote,30,medium,absent
2026Q2,9630.HK,allot,col_CV,value_with_quote,1,high,absent
2026Q2,9630.HK,allot,col_CW,value_with_quote,3,high,absent
2026Q2,9630.HK,allot,col_CX,value_with_quote,2,high,absent
2026Q2,9630.HK,allot,col_CY,value_with_quote,33,medium,absent
2026Q2,9630.HK,allot,col_CZ,value_with_quote,1,high,absent
2026Q2,9630.HK,allot,col_DA,derived_rule,,high,absent
2026Q2,9630.HK,allot,col_DC,derived_rule,1,high,absent
2026Q2,1191.HK,prospectus,col_L,value_with_quote,208,high,bulk_stamp
2026Q2,1191.HK,prospectus,col_M,value_with_quote,2,high,bulk_stamp
2026Q2,1191.HK,prospectus,col_N,value_with_quote,208,high,bulk_stamp
2026Q2,1191.HK,prospectus,col_O,value_with_quote,208,high,bulk_stamp
2026Q2,1191.HK,prospectus,col_P,value_with_quote,208,high,bulk_stamp
2026Q2,1191.HK,prospectus,col_Q,value_with_quote,208,high,bulk_stamp
2026Q2,1191.HK,prospectus,col_R,value_with_quote,71,high,bulk_stamp
2026Q2,1191.HK,prospectus,col_S,value_with_quote,71,high,bulk_stamp
2026Q2,1191.HK,prospectus,col_T,value_with_quote,2,high,bulk_stamp
2026Q2,1191.HK,prospectus,col_U,value_with_quote,2,high,bulk_stamp
2026Q2,1191.HK,prospectus,col_AO,value_with_quote,262,high,bulk_stamp
2026Q2,1191.HK,prospectus,col_AP,value_with_quote,262,high,bulk_stamp
2026Q2,1191.HK,prospectus,col_AQ,value_with_quote,268,high,bulk_stamp
2026Q2,1191.HK,prospectus,col_AS,value_with_quote,24,high,bulk_stamp
2026Q2,1191.HK,prospectus,col_BA,value_with_quote,23,high,bulk_stamp
2026Q2,1191.HK,prospectus,col_vc_backed,value_with_quote,83,high,bulk_stamp
2026Q2,1191.HK,prospectus,col_pe_backed,value_with_quote,101,high,bulk_stamp
2026Q2,1191.HK,prospectus,col_cvc_backed,value_with_quote,91,medium,bulk_stamp
2026Q2,1191.HK,prospectus,col_gov_backed,value_with_quote,101,high,bulk_stamp
2026Q2,1191.HK,prospectus,col_top_tier_vc,value_with_quote,101,medium,bulk_stamp
2026Q2,1191.HK,prospectus,col_vc_board_seat,value_with_quote,23,medium,bulk_stamp
2026Q2,1191.HK,prospectus,col_vc_pe_stake,value_with_quote,104,medium,bulk_stamp
2026Q2,1191.HK,prospectus,col_pre_ipo_investors,value_with_quote,102,medium,bulk_stamp
2026Q2,1191.HK,prospectus,col_BC,value_with_quote,23,high,bulk_stamp
2026Q2,1191.HK,prospectus,col_BD,value_with_quote,23,high,bulk_stamp
2026Q2,1191.HK,prospectus,col_CC,value_with_quote,5,high,bulk_stamp
2026Q2,1191.HK,prospectus,col_CD,value_with_quote,5,high,bulk_stamp
2026Q2,1191.HK,prospectus,col_CE,value_with_quote,208,high,bulk_stamp
2026Q2,1191.HK,prospectus,col_CI,value_with_quote,25,high,bulk_stamp
2026Q2,1191.HK,prospectus,col_CJ,value_with_quote,212,high,bulk_stamp
2026Q2,1191.HK,allot,col_CK,value_with_quote,5,high,absent
2026Q2,1191.HK,allot,col_CM,value_with_quote,4,high,absent
2026Q2,1191.HK,allot,col_CN,value_with_quote,4,high,absent
2026Q2,1191.HK,allot,col_CO,value_with_quote,17,medium,absent
2026Q2,1191.HK,allot,col_CQ,unknown,2,high,absent
2026Q2,1191.HK,allot,col_CR,value_with_quote,1,high,absent
2026Q2,1191.HK,allot,col_CS,value_with_quote,3,high,absent
2026Q2,1191.HK,allot,col_CT,value_with_quote,4,high,absent
2026Q2,1191.HK,allot,col_CU,value_with_quote,4,high,absent
2026Q2,1191.HK,allot,col_CV,value_with_quote,1,high,absent
2026Q2,1191.HK,allot,col_CW,value_with_quote,4,high,absent
2026Q2,1191.HK,allot,col_CX,value_with_quote,3,high,absent
2026Q2,1191.HK,allot,col_CY,value_with_quote,26,high,absent
2026Q2,1191.HK,allot,col_CZ,value_with_quote,3,high,absent
2026Q2,1191.HK,allot,col_DA,value_with_quote,26,medium,absent
2026Q2,1191.HK,allot,col_DC,value_with_quote,3,high,absent
2026Q2,2672.HK,prospectus,col_L,value_with_quote,276,high,bulk_stamp
2026Q2,2672.HK,prospectus,col_M,value_with_quote,276,high,bulk_stamp
2026Q2,2672.HK,prospectus,col_N,value_with_quote,131,high,bulk_stamp
2026Q2,2672.HK,prospectus,col_O,value_with_quote,131,high,bulk_stamp
2026Q2,2672.HK,prospectus,col_P,value_with_quote,28,medium,bulk_stamp
2026Q2,2672.HK,prospectus,col_Q,value_with_quote,2,high,bulk_stamp
2026Q2,2672.HK,prospectus,col_R,value_with_quote,2,high,bulk_stamp
2026Q2,2672.HK,prospectus,col_S,value_with_quote,2,high,bulk_stamp
2026Q2,2672.HK,prospectus,col_T,value_with_quote,2,high,bulk_stamp
2026Q2,2672.HK,prospectus,col_U,value_with_quote,2,high,bulk_stamp
2026Q2,2672.HK,prospectus,col_AO,value_with_quote,351,medium,bulk_stamp
2026Q2,2672.HK,prospectus,col_AP,value_with_quote,351,medium,bulk_stamp
2026Q2,2672.HK,prospectus,col_AQ,value_with_quote,360,high,bulk_stamp
2026Q2,2672.HK,prospectus,col_AS,value_with_quote,28,high,bulk_stamp
2026Q2,2672.HK,prospectus,col_BA,value_with_quote,28,high,bulk_stamp
2026Q2,2672.HK,prospectus,col_vc_backed,value_with_quote,135,medium,bulk_stamp
2026Q2,2672.HK,prospectus,col_pe_backed,value_with_quote,135,medium,bulk_stamp
2026Q2,2672.HK,prospectus,col_cvc_backed,value_with_quote,135,medium,bulk_stamp
2026Q2,2672.HK,prospectus,col_gov_backed,value_with_quote,135,medium,bulk_stamp
2026Q2,2672.HK,prospectus,col_top_tier_vc,unknown,,low,bulk_stamp
2026Q2,2672.HK,prospectus,col_vc_board_seat,value_with_quote,135,high,bulk_stamp
2026Q2,2672.HK,prospectus,col_vc_pe_stake,value_with_quote,133,medium,bulk_stamp
2026Q2,2672.HK,prospectus,col_pre_ipo_investors,value_with_quote,133,high,bulk_stamp
2026Q2,2672.HK,prospectus,col_BC,value_with_quote,28,high,bulk_stamp
2026Q2,2672.HK,prospectus,col_BD,value_with_quote,28,high,bulk_stamp
2026Q2,2672.HK,prospectus,col_CC,value_with_quote,5,high,bulk_stamp
2026Q2,2672.HK,prospectus,col_CD,value_with_quote,5,high,bulk_stamp
2026Q2,2672.HK,prospectus,col_CE,value_with_quote,29,high,bulk_stamp
2026Q2,2672.HK,prospectus,col_CI,value_with_quote,30,high,bulk_stamp
2026Q2,2672.HK,prospectus,col_CJ,value_with_quote,326,high,bulk_stamp
2026Q2,2672.HK,allot,col_CK,value_with_quote,5,high,absent
2026Q2,2672.HK,allot,col_CM,value_with_quote,4,high,absent
2026Q2,2672.HK,allot,col_CN,value_with_quote,4,high,absent
2026Q2,2672.HK,allot,col_CO,value_with_quote,10,high,absent
2026Q2,2672.HK,allot,col_CQ,unknown,,high,absent
2026Q2,2672.HK,allot,col_CR,value_with_quote,1,high,absent
2026Q2,2672.HK,allot,col_CS,value_with_quote,2,high,absent
2026Q2,2672.HK,allot,col_CT,value_with_quote,4,high,absent
2026Q2,2672.HK,allot,col_CU,value_with_quote,4,high,absent
2026Q2,2672.HK,allot,col_CV,derived_rule,,high,absent
2026Q2,2672.HK,allot,col_CW,value_with_quote,4,high,absent
2026Q2,2672.HK,allot,col_CX,value_with_quote,4,high,absent
2026Q2,2672.HK,allot,col_CY,value_with_quote,12,high,absent
2026Q2,2672.HK,allot,col_CZ,value_with_quote,3,high,absent
2026Q2,2672.HK,allot,col_DA,derived_rule,,high,absent
2026Q2,2672.HK,allot,col_DC,derived_rule,3,high,absent
2026Q2,9637.HK,prospectus,col_L,value_with_quote,243,high,bulk_stamp
2026Q2,9637.HK,prospectus,col_M,value_with_quote,243,high,bulk_stamp
2026Q2,9637.HK,prospectus,col_N,value_with_quote,243,high,bulk_stamp
2026Q2,9637.HK,prospectus,col_O,value_with_quote,243,high,bulk_stamp
2026Q2,9637.HK,prospectus,col_P,value_with_quote,27,medium,bulk_stamp
2026Q2,9637.HK,prospectus,col_Q,value_with_quote,243,high,bulk_stamp
2026Q2,9637.HK,prospectus,col_R,value_with_quote,2,high,bulk_stamp
2026Q2,9637.HK,prospectus,col_S,value_with_quote,2,high,bulk_stamp
2026Q2,9637.HK,prospectus,col_T,value_with_quote,2,high,bulk_stamp
2026Q2,9637.HK,prospectus,col_U,value_with_quote,2,medium,bulk_stamp
2026Q2,9637.HK,prospectus,col_AO,value_with_quote,286,high,bulk_stamp
2026Q2,9637.HK,prospectus,col_AP,value_with_quote,286,high,bulk_stamp
2026Q2,9637.HK,prospectus,col_AQ,value_with_quote,286,high,bulk_stamp
2026Q2,9637.HK,prospectus,col_AS,value_with_quote,10,high,bulk_stamp
2026Q2,9637.HK,prospectus,col_BA,value_with_quote,18,high,bulk_stamp
2026Q2,9637.HK,prospectus,col_vc_backed,value_with_quote,149,high,bulk_stamp
2026Q2,9637.HK,prospectus,col_pe_backed,value_with_quote,147,high,bulk_stamp
2026Q2,9637.HK,prospectus,col_cvc_backed,value_with_quote,147,high,bulk_stamp
2026Q2,9637.HK,prospectus,col_gov_backed,value_with_quote,147,high,bulk_stamp
2026Q2,9637.HK,prospectus,col_top_tier_vc,value_with_quote,149,medium,bulk_stamp
2026Q2,9637.HK,prospectus,col_vc_board_seat,value_with_quote,148,high,bulk_stamp
2026Q2,9637.HK,prospectus,col_vc_pe_stake,value_with_quote,156,medium,bulk_stamp
2026Q2,9637.HK,prospectus,col_pre_ipo_investors,value_with_quote,18,high,bulk_stamp
2026Q2,9637.HK,prospectus,col_BC,value_with_quote,156,high,bulk_stamp
2026Q2,9637.HK,prospectus,col_BD,value_with_quote,156,high,bulk_stamp
2026Q2,9637.HK,prospectus,col_CC,value_with_quote,5,high,bulk_stamp
2026Q2,9637.HK,prospectus,col_CD,value_with_quote,5,high,bulk_stamp
2026Q2,9637.HK,prospectus,col_CE,value_with_quote,157,high,bulk_stamp
2026Q2,9637.HK,prospectus,col_CI,value_with_quote,274,high,bulk_stamp
2026Q2,9637.HK,prospectus,col_CJ,value_with_quote,246,high,bulk_stamp
2026Q2,9637.HK,allot,col_CK,value_with_quote,6,high,absent
2026Q2,9637.HK,allot,col_CM,value_with_quote,4,high,absent
2026Q2,9637.HK,allot,col_CN,value_with_quote,4,high,absent
2026Q2,9637.HK,allot,col_CO,value_with_quote,17,high,absent
2026Q2,9637.HK,allot,col_CQ,unknown,2,high,absent
2026Q2,9637.HK,allot,col_CR,value_with_quote,1,high,absent
2026Q2,9637.HK,allot,col_CS,value_with_quote,3,high,absent
2026Q2,9637.HK,allot,col_CT,value_with_quote,3,high,absent
2026Q2,9637.HK,allot,col_CU,value_with_quote,3,high,absent
2026Q2,9637.HK,allot,col_CV,value_with_quote,1,high,absent
2026Q2,9637.HK,allot,col_CW,value_with_quote,4,high,absent
2026Q2,9637.HK,allot,col_CX,value_with_quote,4,high,absent
2026Q2,9637.HK,allot,col_CY,value_with_quote,25,high,absent
2026Q2,9637.HK,allot,col_CZ,value_with_quote,3,high,absent
2026Q2,9637.HK,allot,col_DA,value_with_quote,25,high,absent
2026Q2,9637.HK,allot,col_DC,value_with_quote,3,high,absent
2026Q2,2697.HK,prospectus,col_L,value_with_quote,241,high,bulk_stamp
2026Q2,2697.HK,prospectus,col_M,value_with_quote,241,high,bulk_stamp
2026Q2,2697.HK,prospectus,col_N,value_with_quote,241,high,bulk_stamp
2026Q2,2697.HK,prospectus,col_O,value_with_quote,241,high,bulk_stamp
2026Q2,2697.HK,prospectus,col_P,value_with_quote,241,medium,bulk_stamp
2026Q2,2697.HK,prospectus,col_Q,value_with_quote,241,high,bulk_stamp
2026Q2,2697.HK,prospectus,col_R,value_with_quote,285,high,bulk_stamp
2026Q2,2697.HK,prospectus,col_S,value_with_quote,285,high,bulk_stamp
2026Q2,2697.HK,prospectus,col_T,value_with_quote,2,high,bulk_stamp
2026Q2,2697.HK,prospectus,col_U,value_with_quote,2,high,bulk_stamp
2026Q2,2697.HK,prospectus,col_AO,value_with_quote,283,high,bulk_stamp
2026Q2,2697.HK,prospectus,col_AP,value_with_quote,283,high,bulk_stamp
2026Q2,2697.HK,prospectus,col_AQ,value_with_quote,425,high,bulk_stamp
2026Q2,2697.HK,prospectus,col_AS,value_with_quote,12,high,bulk_stamp
2026Q2,2697.HK,prospectus,col_BA,value_with_quote,17,high,bulk_stamp
2026Q2,2697.HK,prospectus,col_vc_backed,value_with_quote,136,high,bulk_stamp
2026Q2,2697.HK,prospectus,col_pe_backed,value_with_quote,136,high,bulk_stamp
2026Q2,2697.HK,prospectus,col_cvc_backed,unknown,,high,bulk_stamp
2026Q2,2697.HK,prospectus,col_gov_backed,value_with_quote,141,high,bulk_stamp
2026Q2,2697.HK,prospectus,col_top_tier_vc,unknown,,high,bulk_stamp
2026Q2,2697.HK,prospectus,col_vc_board_seat,value_with_quote,139,high,bulk_stamp
2026Q2,2697.HK,prospectus,col_vc_pe_stake,value_with_quote,133,medium,bulk_stamp
2026Q2,2697.HK,prospectus,col_pre_ipo_investors,value_with_quote,133,medium,bulk_stamp
2026Q2,2697.HK,prospectus,col_BC,value_with_quote,22,high,bulk_stamp
2026Q2,2697.HK,prospectus,col_BD,value_with_quote,22,high,bulk_stamp
2026Q2,2697.HK,prospectus,col_CC,value_with_quote,5,high,bulk_stamp
2026Q2,2697.HK,prospectus,col_CD,value_with_quote,5,high,bulk_stamp
2026Q2,2697.HK,prospectus,col_CE,value_with_quote,22,high,bulk_stamp
2026Q2,2697.HK,prospectus,col_CI,value_with_quote,23,high,bulk_stamp
2026Q2,2697.HK,prospectus,col_CJ,unknown,,high,bulk_stamp
2026Q2,2697.HK,allot,col_CK,derived_rule,,high,absent
2026Q2,2697.HK,allot,col_CM,value_with_quote,4,high,absent
2026Q2,2697.HK,allot,col_CN,value_with_quote,4,high,absent
2026Q2,2697.HK,allot,col_CO,value_with_quote,12,high,absent
2026Q2,2697.HK,allot,col_CQ,value_with_quote,2,high,absent
2026Q2,2697.HK,allot,col_CR,value_with_quote,1,high,absent
2026Q2,2697.HK,allot,col_CS,value_with_quote,2,high,absent
2026Q2,2697.HK,allot,col_CT,value_with_quote,4,high,absent
2026Q2,2697.HK,allot,col_CU,value_with_quote,4,high,absent
2026Q2,2697.HK,allot,col_CV,derived_rule,,high,absent
2026Q2,2697.HK,allot,col_CW,value_with_quote,4,high,absent
2026Q2,2697.HK,allot,col_CX,value_with_quote,4,high,absent
2026Q2,2697.HK,allot,col_CY,value_with_quote,15,high,absent
2026Q2,2697.HK,allot,col_CZ,value_with_quote,3,high,absent
2026Q2,2697.HK,allot,col_DA,derived_rule,,high,absent
2026Q2,2697.HK,allot,col_DC,derived_rule,3,high,absent
2026Q2,3952.HK,prospectus,col_L,value_with_quote,206,high,bulk_stamp
2026Q2,3952.HK,prospectus,col_M,value_with_quote,206,high,bulk_stamp
2026Q2,3952.HK,prospectus,col_N,value_with_quote,117,high,bulk_stamp
2026Q2,3952.HK,prospectus,col_O,value_with_quote,117,high,bulk_stamp
2026Q2,3952.HK,prospectus,col_P,value_with_quote,262,high,bulk_stamp
2026Q2,3952.HK,prospectus,col_Q,value_with_quote,2,high,bulk_stamp
2026Q2,3952.HK,prospectus,col_R,value_with_quote,2,high,bulk_stamp
2026Q2,3952.HK,prospectus,col_S,value_with_quote,2,high,bulk_stamp
2026Q2,3952.HK,prospectus,col_T,value_with_quote,2,high,bulk_stamp
2026Q2,3952.HK,prospectus,col_U,value_with_quote,2,high,bulk_stamp
2026Q2,3952.HK,prospectus,col_AO,value_with_quote,271,high,bulk_stamp
2026Q2,3952.HK,prospectus,col_AP,value_with_quote,271,high,bulk_stamp
2026Q2,3952.HK,prospectus,col_AQ,value_with_quote,271,high,bulk_stamp
2026Q2,3952.HK,prospectus,col_AS,value_with_quote,10,high,bulk_stamp
2026Q2,3952.HK,prospectus,col_BA,value_with_quote,106,high,bulk_stamp
2026Q2,3952.HK,prospectus,col_vc_backed,value_with_quote,111,high,bulk_stamp
2026Q2,3952.HK,prospectus,col_pe_backed,value_with_quote,113,high,bulk_stamp
2026Q2,3952.HK,prospectus,col_cvc_backed,value_with_quote,110,medium,bulk_stamp
2026Q2,3952.HK,prospectus,col_gov_backed,value_with_quote,110,high,bulk_stamp
2026Q2,3952.HK,prospectus,col_top_tier_vc,value_with_quote,110,medium,bulk_stamp
2026Q2,3952.HK,prospectus,col_vc_board_seat,value_with_quote,198,high,bulk_stamp
2026Q2,3952.HK,prospectus,col_vc_pe_stake,unknown,,medium,bulk_stamp
2026Q2,3952.HK,prospectus,col_pre_ipo_investors,value_with_quote,106,high,bulk_stamp
2026Q2,3952.HK,prospectus,col_BC,value_with_quote,17,high,bulk_stamp
2026Q2,3952.HK,prospectus,col_BD,value_with_quote,17,high,bulk_stamp
2026Q2,3952.HK,prospectus,col_CC,value_with_quote,5,high,bulk_stamp
2026Q2,3952.HK,prospectus,col_CD,value_with_quote,5,high,bulk_stamp
2026Q2,3952.HK,prospectus,col_CE,value_with_quote,206,high,bulk_stamp
2026Q2,3952.HK,prospectus,col_CI,value_with_quote,18,high,bulk_stamp
2026Q2,3952.HK,prospectus,col_CJ,value_with_quote,211,high,bulk_stamp
2026Q2,3952.HK,allot,col_CK,value_with_quote,5,high,absent
2026Q2,3952.HK,allot,col_CM,value_with_quote,4,high,absent
2026Q2,3952.HK,allot,col_CN,value_with_quote,4,high,absent
2026Q2,3952.HK,allot,col_CO,value_with_quote,4,high,absent
2026Q2,3952.HK,allot,col_CQ,value_with_quote,5,high,absent
2026Q2,3952.HK,allot,col_CR,value_with_quote,1,high,absent
2026Q2,3952.HK,allot,col_CS,value_with_quote,2,high,absent
2026Q2,3952.HK,allot,col_CT,value_with_quote,2,high,absent
2026Q2,3952.HK,allot,col_CU,value_with_quote,2,high,absent
2026Q2,3952.HK,allot,col_CV,value_with_quote,1,high,absent
2026Q2,3952.HK,allot,col_CW,value_with_quote,4,high,absent
2026Q2,3952.HK,allot,col_CX,value_with_quote,3,high,absent
2026Q2,3952.HK,allot,col_CY,value_with_quote,21,high,absent
2026Q2,3952.HK,allot,col_CZ,value_with_quote,3,high,absent
2026Q2,3952.HK,allot,col_DA,derived_rule,,high,absent
2026Q2,3952.HK,allot,col_DC,derived_rule,3,high,absent
2026Q2,6715.HK,prospectus,col_L,value_with_quote,22,high,bulk_stamp
2026Q2,6715.HK,prospectus,col_M,value_with_quote,2,high,bulk_stamp
2026Q2,6715.HK,prospectus,col_N,value_with_quote,252,high,bulk_stamp
2026Q2,6715.HK,prospectus,col_O,value_with_quote,252,high,bulk_stamp
2026Q2,6715.HK,prospectus,col_P,value_with_quote,22,medium,bulk_stamp
2026Q2,6715.HK,prospectus,col_Q,value_with_quote,252,high,bulk_stamp
2026Q2,6715.HK,prospectus,col_R,value_with_quote,2,high,bulk_stamp
2026Q2,6715.HK,prospectus,col_S,value_with_quote,2,high,bulk_stamp
2026Q2,6715.HK,prospectus,col_T,value_with_quote,2,high,bulk_stamp
2026Q2,6715.HK,prospectus,col_U,value_with_quote,2,high,bulk_stamp
2026Q2,6715.HK,prospectus,col_AO,value_with_quote,276,high,bulk_stamp
2026Q2,6715.HK,prospectus,col_AP,value_with_quote,276,high,bulk_stamp
2026Q2,6715.HK,prospectus,col_AQ,value_with_quote,276,high,bulk_stamp
2026Q2,6715.HK,prospectus,col_AS,value_with_quote,63,medium,bulk_stamp
2026Q2,6715.HK,prospectus,col_BA,value_with_quote,110,high,bulk_stamp
2026Q2,6715.HK,prospectus,col_vc_backed,value_with_quote,119,medium,bulk_stamp
2026Q2,6715.HK,prospectus,col_pe_backed,value_with_quote,111,high,bulk_stamp
2026Q2,6715.HK,prospectus,col_cvc_backed,value_with_quote,120,low,bulk_stamp
2026Q2,6715.HK,prospectus,col_gov_backed,value_with_quote,119,high,bulk_stamp
2026Q2,6715.HK,prospectus,col_top_tier_vc,unknown,,low,bulk_stamp
2026Q2,6715.HK,prospectus,col_vc_board_seat,value_with_quote,111,high,bulk_stamp
2026Q2,6715.HK,prospectus,col_vc_pe_stake,value_with_quote,110,medium,bulk_stamp
2026Q2,6715.HK,prospectus,col_pre_ipo_investors,value_with_quote,110,high,bulk_stamp
2026Q2,6715.HK,prospectus,col_BC,value_with_quote,21,medium,bulk_stamp
2026Q2,6715.HK,prospectus,col_BD,value_with_quote,21,high,bulk_stamp
2026Q2,6715.HK,prospectus,col_CC,value_with_quote,5,high,bulk_stamp
2026Q2,6715.HK,prospectus,col_CD,value_with_quote,5,high,bulk_stamp
2026Q2,6715.HK,prospectus,col_CE,value_with_quote,22,medium,bulk_stamp
2026Q2,6715.HK,prospectus,col_CI,value_with_quote,21,high,bulk_stamp
2026Q2,6715.HK,prospectus,col_CJ,value_with_quote,257,high,bulk_stamp
2026Q2,6715.HK,allot,col_CK,value_with_quote,5,high,absent
2026Q2,6715.HK,allot,col_CM,value_with_quote,4,high,absent
2026Q2,6715.HK,allot,col_CN,value_with_quote,4,high,absent
2026Q2,6715.HK,allot,col_CO,value_with_quote,4,medium,absent
2026Q2,6715.HK,allot,col_CQ,unknown,2,high,absent
2026Q2,6715.HK,allot,col_CR,value_with_quote,1,high,absent
2026Q2,6715.HK,allot,col_CS,value_with_quote,3,high,absent
2026Q2,6715.HK,allot,col_CT,value_with_quote,4,high,absent
2026Q2,6715.HK,allot,col_CU,value_with_quote,4,high,absent
2026Q2,6715.HK,allot,col_CV,derived_rule,,high,absent
2026Q2,6715.HK,allot,col_CW,value_with_quote,4,high,absent
2026Q2,6715.HK,allot,col_CX,value_with_quote,3,high,absent
2026Q2,6715.HK,allot,col_CY,value_with_quote,25,high,absent
2026Q2,6715.HK,allot,col_CZ,value_with_quote,3,high,absent
2026Q2,6715.HK,allot,col_DA,derived_rule,,high,absent
2026Q2,6715.HK,allot,col_DC,derived_rule,3,high,absent
2026Q2,6915.HK,prospectus,col_L,value_with_quote,233,high,named_reviewer
2026Q2,6915.HK,prospectus,col_M,value_with_quote,233,high,named_reviewer
2026Q2,6915.HK,prospectus,col_N,value_with_quote,233,high,named_reviewer
2026Q2,6915.HK,prospectus,col_O,value_with_quote,233,high,named_reviewer
2026Q2,6915.HK,prospectus,col_P,value_with_quote,233,medium,named_reviewer
2026Q2,6915.HK,prospectus,col_Q,value_with_quote,233,high,named_reviewer
2026Q2,6915.HK,prospectus,col_R,value_with_quote,2,high,named_reviewer
2026Q2,6915.HK,prospectus,col_S,value_with_quote,2,high,named_reviewer
2026Q2,6915.HK,prospectus,col_T,value_with_quote,2,high,named_reviewer
2026Q2,6915.HK,prospectus,col_U,value_with_quote,2,high,named_reviewer
2026Q2,6915.HK,prospectus,col_AO,value_with_quote,286,high,named_reviewer
2026Q2,6915.HK,prospectus,col_AP,value_with_quote,286,high,named_reviewer
2026Q2,6915.HK,prospectus,col_AQ,value_with_quote,286,medium,named_reviewer
2026Q2,6915.HK,prospectus,col_AS,value_with_quote,22,high,named_reviewer
2026Q2,6915.HK,prospectus,col_BA,value_with_quote,138,high,named_reviewer
2026Q2,6915.HK,prospectus,col_vc_backed,value_with_quote,139,high,named_reviewer
2026Q2,6915.HK,prospectus,col_pe_backed,value_with_quote,140,high,named_reviewer
2026Q2,6915.HK,prospectus,col_cvc_backed,unknown,,high,named_reviewer
2026Q2,6915.HK,prospectus,col_gov_backed,unknown,,high,named_reviewer
2026Q2,6915.HK,prospectus,col_top_tier_vc,unknown,,high,named_reviewer
2026Q2,6915.HK,prospectus,col_vc_board_seat,value_with_quote,209,low,named_reviewer
2026Q2,6915.HK,prospectus,col_vc_pe_stake,value_with_quote,143,medium,named_reviewer
2026Q2,6915.HK,prospectus,col_pre_ipo_investors,value_with_quote,138,medium,named_reviewer
2026Q2,6915.HK,prospectus,col_BC,value_with_quote,227,medium,named_reviewer
2026Q2,6915.HK,prospectus,col_BD,value_with_quote,22,high,named_reviewer
2026Q2,6915.HK,prospectus,col_CC,value_with_quote,5,high,named_reviewer
2026Q2,6915.HK,prospectus,col_CD,value_with_quote,5,high,named_reviewer
2026Q2,6915.HK,prospectus,col_CE,value_with_quote,227,high,named_reviewer
2026Q2,6915.HK,prospectus,col_CI,value_with_quote,23,high,named_reviewer
2026Q2,6915.HK,prospectus,col_CJ,value_with_quote,230,high,named_reviewer
2026Q2,6915.HK,allot,col_CK,value_with_quote,7,high,absent
2026Q2,6915.HK,allot,col_CM,value_with_quote,5,high,absent
2026Q2,6915.HK,allot,col_CN,value_with_quote,5,high,absent
2026Q2,6915.HK,allot,col_CO,value_with_quote,14,high,absent
2026Q2,6915.HK,allot,col_CQ,value_with_quote,2,high,absent
2026Q2,6915.HK,allot,col_CR,value_with_quote,1,high,absent
2026Q2,6915.HK,allot,col_CS,value_with_quote,4,high,absent
2026Q2,6915.HK,allot,col_CT,value_with_quote,4,high,absent
2026Q2,6915.HK,allot,col_CU,value_with_quote,4,high,absent
2026Q2,6915.HK,allot,col_CV,derived_rule,,high,absent
2026Q2,6915.HK,allot,col_CW,value_with_quote,5,high,absent
2026Q2,6915.HK,allot,col_CX,value_with_quote,5,high,absent
2026Q2,6915.HK,allot,col_CY,value_with_quote,18,high,absent
2026Q2,6915.HK,allot,col_CZ,value_with_quote,4,high,absent
2026Q2,6915.HK,allot,col_DA,value_with_quote,18,high,absent
2026Q2,6915.HK,allot,col_DC,value_with_quote,4,high,absent
2026Q3,0668.HK,prospectus,col_L,value_with_quote,217,high,bulk_stamp
2026Q3,0668.HK,prospectus,col_M,value_with_quote,217,high,bulk_stamp
2026Q3,0668.HK,prospectus,col_N,value_with_quote,217,high,bulk_stamp
2026Q3,0668.HK,prospectus,col_O,value_with_quote,217,high,bulk_stamp
2026Q3,0668.HK,prospectus,col_P,value_with_quote,18,high,bulk_stamp
2026Q3,0668.HK,prospectus,col_Q,value_with_quote,18,high,bulk_stamp
2026Q3,0668.HK,prospectus,col_R,value_with_quote,2,high,bulk_stamp
2026Q3,0668.HK,prospectus,col_S,value_with_quote,2,high,bulk_stamp
2026Q3,0668.HK,prospectus,col_T,value_with_quote,2,high,bulk_stamp
2026Q3,0668.HK,prospectus,col_U,unknown,,high,bulk_stamp
2026Q3,0668.HK,prospectus,col_AO,value_with_quote,260,high,bulk_stamp
2026Q3,0668.HK,prospectus,col_AP,value_with_quote,260,high,bulk_stamp
2026Q3,0668.HK,prospectus,col_AQ,value_with_quote,260,high,bulk_stamp
2026Q3,0668.HK,prospectus,col_AS,value_with_quote,125,medium,bulk_stamp
2026Q3,0668.HK,prospectus,col_BA,unknown,,high,bulk_stamp
2026Q3,0668.HK,prospectus,col_vc_backed,unknown,,high,bulk_stamp
2026Q3,0668.HK,prospectus,col_pe_backed,unknown,,high,bulk_stamp
2026Q3,0668.HK,prospectus,col_cvc_backed,unknown,,high,bulk_stamp
2026Q3,0668.HK,prospectus,col_gov_backed,unknown,,high,bulk_stamp
2026Q3,0668.HK,prospectus,col_top_tier_vc,unknown,,high,bulk_stamp
2026Q3,0668.HK,prospectus,col_vc_board_seat,unknown,,high,bulk_stamp
2026Q3,0668.HK,prospectus,col_vc_pe_stake,unknown,,high,bulk_stamp
2026Q3,0668.HK,prospectus,col_pre_ipo_investors,unknown,,high,bulk_stamp
2026Q3,0668.HK,prospectus,col_BC,value_with_quote,196,medium,bulk_stamp
2026Q3,0668.HK,prospectus,col_BD,value_with_quote,196,high,bulk_stamp
2026Q3,0668.HK,prospectus,col_CC,value_with_quote,5,high,bulk_stamp
2026Q3,0668.HK,prospectus,col_CD,value_with_quote,5,high,bulk_stamp
2026Q3,0668.HK,prospectus,col_CE,value_with_quote,217,high,bulk_stamp
2026Q3,0668.HK,prospectus,col_CI,unknown,,high,bulk_stamp
2026Q3,0668.HK,prospectus,col_CJ,value_with_quote,215,high,bulk_stamp
2026Q3,0668.HK,allot,col_CK,value_with_quote,6,high,bulk_stamp
2026Q3,0668.HK,allot,col_CM,value_with_quote,4,high,bulk_stamp
2026Q3,0668.HK,allot,col_CN,value_with_quote,4,high,bulk_stamp
2026Q3,0668.HK,allot,col_CO,value_with_quote,14,high,bulk_stamp
2026Q3,0668.HK,allot,col_CQ,unknown,,low,bulk_stamp
2026Q3,0668.HK,allot,col_CR,value_with_quote,1,high,bulk_stamp
2026Q3,0668.HK,allot,col_CS,value_with_quote,3,high,bulk_stamp
2026Q3,0668.HK,allot,col_CT,value_with_quote,3,high,bulk_stamp
2026Q3,0668.HK,allot,col_CU,value_with_quote,3,high,bulk_stamp
2026Q3,0668.HK,allot,col_CV,value_with_quote,1,high,bulk_stamp
2026Q3,0668.HK,allot,col_CW,value_with_quote,4,high,bulk_stamp
2026Q3,0668.HK,allot,col_CX,value_with_quote,4,high,bulk_stamp
2026Q3,0668.HK,allot,col_CY,value_with_quote,20,high,bulk_stamp
2026Q3,0668.HK,allot,col_CZ,value_with_quote,3,high,bulk_stamp
2026Q3,0668.HK,allot,col_DA,value_with_quote,20,medium,bulk_stamp
2026Q3,0668.HK,allot,col_DC,value_with_quote,3,high,bulk_stamp
2026Q3,2667.HK,prospectus,col_L,value_with_quote,250,high,bulk_stamp
2026Q3,2667.HK,prospectus,col_M,value_with_quote,2,high,bulk_stamp
2026Q3,2667.HK,prospectus,col_N,value_with_quote,250,high,bulk_stamp
2026Q3,2667.HK,prospectus,col_O,value_with_quote,250,high,bulk_stamp
2026Q3,2667.HK,prospectus,col_P,value_with_quote,32,high,bulk_stamp
2026Q3,2667.HK,prospectus,col_Q,value_with_quote,250,high,bulk_stamp
2026Q3,2667.HK,prospectus,col_R,value_with_quote,303,high,bulk_stamp
2026Q3,2667.HK,prospectus,col_S,value_with_quote,303,high,bulk_stamp
2026Q3,2667.HK,prospectus,col_T,value_with_quote,2,high,bulk_stamp
2026Q3,2667.HK,prospectus,col_U,value_with_quote,2,high,bulk_stamp
2026Q3,2667.HK,prospectus,col_AO,value_with_quote,300,high,bulk_stamp
2026Q3,2667.HK,prospectus,col_AP,value_with_quote,300,high,bulk_stamp
2026Q3,2667.HK,prospectus,col_AQ,value_with_quote,305,high,bulk_stamp
2026Q3,2667.HK,prospectus,col_AS,value_with_quote,25,high,bulk_stamp
2026Q3,2667.HK,prospectus,col_BA,value_with_quote,16,medium,bulk_stamp
2026Q3,2667.HK,prospectus,col_vc_backed,value_with_quote,118,medium,bulk_stamp
2026Q3,2667.HK,prospectus,col_pe_backed,value_with_quote,118,medium,bulk_stamp
2026Q3,2667.HK,prospectus,col_cvc_backed,value_with_quote,118,medium,bulk_stamp
2026Q3,2667.HK,prospectus,col_gov_backed,value_with_quote,215,high,bulk_stamp
2026Q3,2667.HK,prospectus,col_top_tier_vc,unknown,,high,bulk_stamp
2026Q3,2667.HK,prospectus,col_vc_board_seat,unknown,,high,bulk_stamp
2026Q3,2667.HK,prospectus,col_vc_pe_stake,value_with_quote,117,medium,bulk_stamp
2026Q3,2667.HK,prospectus,col_pre_ipo_investors,value_with_quote,117,high,bulk_stamp
2026Q3,2667.HK,prospectus,col_BC,value_with_quote,215,medium,bulk_stamp
2026Q3,2667.HK,prospectus,col_BD,value_with_quote,215,high,bulk_stamp
2026Q3,2667.HK,prospectus,col_CC,value_with_quote,5,high,bulk_stamp
2026Q3,2667.HK,prospectus,col_CD,value_with_quote,5,high,bulk_stamp
2026Q3,2667.HK,prospectus,col_CE,value_with_quote,450,high,bulk_stamp
2026Q3,2667.HK,prospectus,col_CI,value_with_quote,25,medium,bulk_stamp
2026Q3,2667.HK,prospectus,col_CJ,value_with_quote,283,high,bulk_stamp
2026Q3,2667.HK,allot,col_CK,value_with_quote,7,high,bulk_stamp
2026Q3,2667.HK,allot,col_CM,value_with_quote,5,high,bulk_stamp
2026Q3,2667.HK,allot,col_CN,value_with_quote,5,high,bulk_stamp
2026Q3,2667.HK,allot,col_CO,value_with_quote,5,high,bulk_stamp
2026Q3,2667.HK,allot,col_CQ,value_with_quote,2,high,bulk_stamp
2026Q3,2667.HK,allot,col_CR,value_with_quote,1,high,bulk_stamp
2026Q3,2667.HK,allot,col_CS,value_with_quote,4,high,bulk_stamp
2026Q3,2667.HK,allot,col_CT,value_with_quote,4,high,bulk_stamp
2026Q3,2667.HK,allot,col_CU,value_with_quote,4,high,bulk_stamp
2026Q3,2667.HK,allot,col_CV,derived_rule,,high,bulk_stamp
2026Q3,2667.HK,allot,col_CW,value_with_quote,5,high,bulk_stamp
2026Q3,2667.HK,allot,col_CX,value_with_quote,4,high,bulk_stamp
2026Q3,2667.HK,allot,col_CY,value_with_quote,17,high,bulk_stamp
2026Q3,2667.HK,allot,col_CZ,value_with_quote,4,high,bulk_stamp
2026Q3,2667.HK,allot,col_DA,derived_rule,,high,bulk_stamp
2026Q3,2667.HK,allot,col_DC,derived_rule,4,high,bulk_stamp
2026Q3,6880.HK,prospectus,col_L,value_with_quote,254,high,bulk_stamp
2026Q3,6880.HK,prospectus,col_M,value_with_quote,254,high,bulk_stamp
2026Q3,6880.HK,prospectus,col_N,value_with_quote,254,high,bulk_stamp
2026Q3,6880.HK,prospectus,col_O,value_with_quote,254,high,bulk_stamp
2026Q3,6880.HK,prospectus,col_P,value_with_quote,16,high,bulk_stamp
2026Q3,6880.HK,prospectus,col_Q,value_with_quote,16,high,bulk_stamp
2026Q3,6880.HK,prospectus,col_R,value_with_quote,2,high,bulk_stamp
2026Q3,6880.HK,prospectus,col_S,value_with_quote,2,high,bulk_stamp
2026Q3,6880.HK,prospectus,col_T,value_with_quote,2,high,bulk_stamp
2026Q3,6880.HK,prospectus,col_U,value_with_quote,2,high,bulk_stamp
2026Q3,6880.HK,prospectus,col_AO,value_with_quote,305,high,bulk_stamp
2026Q3,6880.HK,prospectus,col_AP,value_with_quote,305,high,bulk_stamp
2026Q3,6880.HK,prospectus,col_AQ,value_with_quote,305,high,bulk_stamp
2026Q3,6880.HK,prospectus,col_AS,value_with_quote,92,high,bulk_stamp
2026Q3,6880.HK,prospectus,col_BA,value_with_quote,16,high,bulk_stamp
2026Q3,6880.HK,prospectus,col_vc_backed,value_with_quote,16,high,bulk_stamp
2026Q3,6880.HK,prospectus,col_pe_backed,value_with_quote,148,high,bulk_stamp
2026Q3,6880.HK,prospectus,col_cvc_backed,value_with_quote,138,high,bulk_stamp
2026Q3,6880.HK,prospectus,col_gov_backed,value_with_quote,147,high,bulk_stamp
2026Q3,6880.HK,prospectus,col_top_tier_vc,value_with_quote,144,high,bulk_stamp
2026Q3,6880.HK,prospectus,col_vc_board_seat,value_with_quote,144,high,bulk_stamp
2026Q3,6880.HK,prospectus,col_vc_pe_stake,value_with_quote,254,medium,bulk_stamp
2026Q3,6880.HK,prospectus,col_pre_ipo_investors,value_with_quote,144,high,bulk_stamp
2026Q3,6880.HK,prospectus,col_BC,value_with_quote,15,high,bulk_stamp
2026Q3,6880.HK,prospectus,col_BD,value_with_quote,15,high,bulk_stamp
2026Q3,6880.HK,prospectus,col_CC,value_with_quote,5,high,bulk_stamp
2026Q3,6880.HK,prospectus,col_CD,value_with_quote,5,high,bulk_stamp
2026Q3,6880.HK,prospectus,col_CE,value_with_quote,254,high,bulk_stamp
2026Q3,6880.HK,prospectus,col_CI,value_with_quote,305,high,bulk_stamp
2026Q3,6880.HK,prospectus,col_CJ,value_with_quote,245,high,bulk_stamp
2026Q3,6880.HK,allot,col_CK,value_with_quote,6,high,bulk_stamp
2026Q3,6880.HK,allot,col_CM,value_with_quote,4,high,bulk_stamp
2026Q3,6880.HK,allot,col_CN,value_with_quote,4,high,bulk_stamp
2026Q3,6880.HK,allot,col_CO,value_with_quote,4,high,bulk_stamp
2026Q3,6880.HK,allot,col_CQ,unknown,2,high,bulk_stamp
2026Q3,6880.HK,allot,col_CR,value_with_quote,1,high,bulk_stamp
2026Q3,6880.HK,allot,col_CS,value_with_quote,3,high,bulk_stamp
2026Q3,6880.HK,allot,col_CT,value_with_quote,3,high,bulk_stamp
2026Q3,6880.HK,allot,col_CU,value_with_quote,3,high,bulk_stamp
2026Q3,6880.HK,allot,col_CV,derived_rule,,high,bulk_stamp
2026Q3,6880.HK,allot,col_CW,value_with_quote,4,high,bulk_stamp
2026Q3,6880.HK,allot,col_CX,value_with_quote,4,high,bulk_stamp
2026Q3,6880.HK,allot,col_CY,value_with_quote,33,high,bulk_stamp
2026Q3,6880.HK,allot,col_CZ,value_with_quote,3,high,bulk_stamp
2026Q3,6880.HK,allot,col_DA,derived_rule,,high,bulk_stamp
2026Q3,6880.HK,allot,col_DC,derived_rule,3,high,bulk_stamp
2026Q3,7656.HK,prospectus,col_L,value_with_quote,228,high,bulk_stamp
2026Q3,7656.HK,prospectus,col_M,value_with_quote,2,high,bulk_stamp
2026Q3,7656.HK,prospectus,col_N,value_with_quote,228,high,bulk_stamp
2026Q3,7656.HK,prospectus,col_O,value_with_quote,228,high,bulk_stamp
2026Q3,7656.HK,prospectus,col_P,value_with_quote,228,medium,bulk_stamp
2026Q3,7656.HK,prospectus,col_Q,value_with_quote,2,high,bulk_stamp
2026Q3,7656.HK,prospectus,col_R,value_with_quote,2,high,bulk_stamp
2026Q3,7656.HK,prospectus,col_S,value_with_quote,2,high,bulk_stamp
2026Q3,7656.HK,prospectus,col_T,value_with_quote,2,high,bulk_stamp
2026Q3,7656.HK,prospectus,col_U,value_with_quote,2,high,bulk_stamp
2026Q3,7656.HK,prospectus,col_AO,value_with_quote,296,high,bulk_stamp
2026Q3,7656.HK,prospectus,col_AP,value_with_quote,296,high,bulk_stamp
2026Q3,7656.HK,prospectus,col_AQ,value_with_quote,298,low,bulk_stamp
2026Q3,7656.HK,prospectus,col_AS,value_with_quote,10,high,bulk_stamp
2026Q3,7656.HK,prospectus,col_BA,value_with_quote,106,high,bulk_stamp
2026Q3,7656.HK,prospectus,col_vc_backed,value_with_quote,103,medium,bulk_stamp
2026Q3,7656.HK,prospectus,col_pe_backed,value_with_quote,103,medium,bulk_stamp
2026Q3,7656.HK,prospectus,col_cvc_backed,value_with_quote,111,medium,bulk_stamp
2026Q3,7656.HK,prospectus,col_gov_backed,value_with_quote,108,medium,bulk_stamp
2026Q3,7656.HK,prospectus,col_top_tier_vc,value_with_quote,111,medium,bulk_stamp
2026Q3,7656.HK,prospectus,col_vc_board_seat,value_with_quote,221,medium,bulk_stamp
2026Q3,7656.HK,prospectus,col_vc_pe_stake,value_with_quote,122,medium,bulk_stamp
2026Q3,7656.HK,prospectus,col_pre_ipo_investors,value_with_quote,123,medium,bulk_stamp
2026Q3,7656.HK,prospectus,col_BC,value_with_quote,13,high,bulk_stamp
2026Q3,7656.HK,prospectus,col_BD,value_with_quote,13,high,bulk_stamp
2026Q3,7656.HK,prospectus,col_CC,value_with_quote,5,high,bulk_stamp
2026Q3,7656.HK,prospectus,col_CD,value_with_quote,5,high,bulk_stamp
2026Q3,7656.HK,prospectus,col_CE,value_with_quote,228,high,bulk_stamp
2026Q3,7656.HK,prospectus,col_CI,value_with_quote,19,high,bulk_stamp
2026Q3,7656.HK,prospectus,col_CJ,unknown,,low,bulk_stamp
2026Q3,7656.HK,allot,col_CK,derived_rule,,high,bulk_stamp
2026Q3,7656.HK,allot,col_CM,value_with_quote,4,high,bulk_stamp
2026Q3,7656.HK,allot,col_CN,value_with_quote,4,high,bulk_stamp
2026Q3,7656.HK,allot,col_CO,value_with_quote,4,high,bulk_stamp
2026Q3,7656.HK,allot,col_CQ,unknown,2,high,bulk_stamp
2026Q3,7656.HK,allot,col_CR,value_with_quote,1,high,bulk_stamp
2026Q3,7656.HK,allot,col_CS,value_with_quote,3,high,bulk_stamp
2026Q3,7656.HK,allot,col_CT,value_with_quote,3,high,bulk_stamp
2026Q3,7656.HK,allot,col_CU,value_with_quote,3,high,bulk_stamp
2026Q3,7656.HK,allot,col_CV,derived_rule,,high,bulk_stamp
2026Q3,7656.HK,allot,col_CW,value_with_quote,4,high,bulk_stamp
2026Q3,7656.HK,allot,col_CX,value_with_quote,3,high,bulk_stamp
2026Q3,7656.HK,allot,col_CY,value_with_quote,19,high,bulk_stamp
2026Q3,7656.HK,allot,col_CZ,value_with_quote,3,high,bulk_stamp
2026Q3,7656.HK,allot,col_DA,derived_rule,,high,bulk_stamp
2026Q3,7656.HK,allot,col_DC,derived_rule,3,high,bulk_stamp
2026Q3,7687.HK,prospectus,col_L,value_with_quote,213,high,bulk_stamp
2026Q3,7687.HK,prospectus,col_M,value_with_quote,213,high,bulk_stamp
2026Q3,7687.HK,prospectus,col_N,value_with_quote,213,high,bulk_stamp
2026Q3,7687.HK,prospectus,col_O,value_with_quote,213,high,bulk_stamp
2026Q3,7687.HK,prospectus,col_P,value_with_quote,213,medium,bulk_stamp
2026Q3,7687.HK,prospectus,col_Q,value_with_quote,2,high,bulk_stamp
2026Q3,7687.HK,prospectus,col_R,value_with_quote,2,high,bulk_stamp
2026Q3,7687.HK,prospectus,col_S,value_with_quote,2,high,bulk_stamp
2026Q3,7687.HK,prospectus,col_T,value_with_quote,2,high,bulk_stamp
2026Q3,7687.HK,prospectus,col_U,value_with_quote,2,high,bulk_stamp
2026Q3,7687.HK,prospectus,col_AO,value_with_quote,272,high,bulk_stamp
2026Q3,7687.HK,prospectus,col_AP,value_with_quote,272,high,bulk_stamp
2026Q3,7687.HK,prospectus,col_AQ,value_with_quote,272,high,bulk_stamp
2026Q3,7687.HK,prospectus,col_AS,value_with_quote,19,high,bulk_stamp
2026Q3,7687.HK,prospectus,col_BA,value_with_quote,12,high,bulk_stamp
2026Q3,7687.HK,prospectus,col_vc_backed,value_with_quote,12,high,bulk_stamp
2026Q3,7687.HK,prospectus,col_pe_backed,value_with_quote,113,medium,bulk_stamp
2026Q3,7687.HK,prospectus,col_cvc_backed,value_with_quote,12,medium,bulk_stamp
2026Q3,7687.HK,prospectus,col_gov_backed,value_with_quote,110,medium,bulk_stamp
2026Q3,7687.HK,prospectus,col_top_tier_vc,value_with_quote,12,medium,bulk_stamp
2026Q3,7687.HK,prospectus,col_vc_board_seat,unknown,,low,bulk_stamp
2026Q3,7687.HK,prospectus,col_vc_pe_stake,unknown,,low,bulk_stamp
2026Q3,7687.HK,prospectus,col_pre_ipo_investors,value_with_quote,12,medium,bulk_stamp
2026Q3,7687.HK,prospectus,col_BC,value_with_quote,202,high,bulk_stamp
2026Q3,7687.HK,prospectus,col_BD,value_with_quote,202,high,bulk_stamp
2026Q3,7687.HK,prospectus,col_CC,value_with_quote,5,high,bulk_stamp
2026Q3,7687.HK,prospectus,col_CD,value_with_quote,5,high,bulk_stamp
2026Q3,7687.HK,prospectus,col_CE,value_with_quote,213,high,bulk_stamp
2026Q3,7687.HK,prospectus,col_CI,value_with_quote,249,medium,bulk_stamp
2026Q3,7687.HK,prospectus,col_CJ,value_with_quote,258,high,bulk_stamp
2026Q3,7687.HK,allot,col_CK,value_with_quote,6,high,bulk_stamp
2026Q3,7687.HK,allot,col_CM,value_with_quote,4,high,bulk_stamp
2026Q3,7687.HK,allot,col_CN,value_with_quote,4,high,bulk_stamp
2026Q3,7687.HK,allot,col_CO,value_with_quote,4,high,bulk_stamp
2026Q3,7687.HK,allot,col_CQ,value_with_quote,2,high,bulk_stamp
2026Q3,7687.HK,allot,col_CR,value_with_quote,1,high,bulk_stamp
2026Q3,7687.HK,allot,col_CS,value_with_quote,3,high,bulk_stamp
2026Q3,7687.HK,allot,col_CT,value_with_quote,3,high,bulk_stamp
2026Q3,7687.HK,allot,col_CU,value_with_quote,3,high,bulk_stamp
2026Q3,7687.HK,allot,col_CV,value_with_quote,1,high,bulk_stamp
2026Q3,7687.HK,allot,col_CW,value_with_quote,4,high,bulk_stamp
2026Q3,7687.HK,allot,col_CX,value_with_quote,4,high,bulk_stamp
2026Q3,7687.HK,allot,col_CY,value_with_quote,33,high,bulk_stamp
2026Q3,7687.HK,allot,col_CZ,value_with_quote,3,high,bulk_stamp
2026Q3,7687.HK,allot,col_DA,derived_rule,,high,bulk_stamp
2026Q3,7687.HK,allot,col_DC,derived_rule,3,high,bulk_stamp
2026Q3,9971.HK,prospectus,col_L,value_with_quote,236,high,bulk_stamp
2026Q3,9971.HK,prospectus,col_M,value_with_quote,236,high,bulk_stamp
2026Q3,9971.HK,prospectus,col_N,value_with_quote,236,high,bulk_stamp
2026Q3,9971.HK,prospectus,col_O,value_with_quote,236,high,bulk_stamp
2026Q3,9971.HK,prospectus,col_P,value_with_quote,236,medium,bulk_stamp
2026Q3,9971.HK,prospectus,col_Q,value_with_quote,236,high,bulk_stamp
2026Q3,9971.HK,prospectus,col_R,value_with_quote,2,high,bulk_stamp
2026Q3,9971.HK,prospectus,col_S,value_with_quote,2,high,bulk_stamp
2026Q3,9971.HK,prospectus,col_T,value_with_quote,2,high,bulk_stamp
2026Q3,9971.HK,prospectus,col_U,value_with_quote,2,high,bulk_stamp
2026Q3,9971.HK,prospectus,col_AO,value_with_quote,279,high,bulk_stamp
2026Q3,9971.HK,prospectus,col_AP,value_with_quote,279,high,bulk_stamp
2026Q3,9971.HK,prospectus,col_AQ,value_with_quote,279,high,bulk_stamp
2026Q3,9971.HK,prospectus,col_AS,value_with_quote,68,high,bulk_stamp
2026Q3,9971.HK,prospectus,col_BA,value_with_quote,19,high,bulk_stamp
2026Q3,9971.HK,prospectus,col_vc_backed,value_with_quote,104,medium,bulk_stamp
2026Q3,9971.HK,prospectus,col_pe_backed,value_with_quote,112,medium,bulk_stamp
2026Q3,9971.HK,prospectus,col_cvc_backed,value_with_quote,120,medium,bulk_stamp
2026Q3,9971.HK,prospectus,col_gov_backed,value_with_quote,120,medium,bulk_stamp
2026Q3,9971.HK,prospectus,col_top_tier_vc,unknown,,low,bulk_stamp
2026Q3,9971.HK,prospectus,col_vc_board_seat,value_with_quote,19,medium,bulk_stamp
2026Q3,9971.HK,prospectus,col_vc_pe_stake,value_with_quote,133,medium,bulk_stamp
2026Q3,9971.HK,prospectus,col_pre_ipo_investors,value_with_quote,133,medium,bulk_stamp
2026Q3,9971.HK,prospectus,col_BC,value_with_quote,18,high,bulk_stamp
2026Q3,9971.HK,prospectus,col_BD,value_with_quote,62,high,bulk_stamp
2026Q3,9971.HK,prospectus,col_CC,value_with_quote,5,high,bulk_stamp
2026Q3,9971.HK,prospectus,col_CD,value_with_quote,5,high,bulk_stamp
2026Q3,9971.HK,prospectus,col_CE,value_with_quote,25,high,bulk_stamp
2026Q3,9971.HK,prospectus,col_CI,value_with_quote,25,high,bulk_stamp
2026Q3,9971.HK,prospectus,col_CJ,unknown,,high,bulk_stamp
2026Q3,9971.HK,allot,col_CK,derived_rule,,high,bulk_stamp
2026Q3,9971.HK,allot,col_CM,value_with_quote,4,high,bulk_stamp
2026Q3,9971.HK,allot,col_CN,value_with_quote,4,high,bulk_stamp
2026Q3,9971.HK,allot,col_CO,value_with_quote,4,high,bulk_stamp
2026Q3,9971.HK,allot,col_CQ,value_with_quote,2,high,bulk_stamp
2026Q3,9971.HK,allot,col_CR,value_with_quote,1,high,bulk_stamp
2026Q3,9971.HK,allot,col_CS,value_with_quote,3,high,bulk_stamp
2026Q3,9971.HK,allot,col_CT,value_with_quote,3,high,bulk_stamp
2026Q3,9971.HK,allot,col_CU,value_with_quote,3,high,bulk_stamp
2026Q3,9971.HK,allot,col_CV,derived_rule,,high,bulk_stamp
2026Q3,9971.HK,allot,col_CW,value_with_quote,4,high,bulk_stamp
2026Q3,9971.HK,allot,col_CX,value_with_quote,4,high,bulk_stamp
2026Q3,9971.HK,allot,col_CY,value_with_quote,23,high,bulk_stamp
2026Q3,9971.HK,allot,col_CZ,value_with_quote,3,high,bulk_stamp
2026Q3,9971.HK,allot,col_DA,derived_rule,,high,bulk_stamp
2026Q3,9971.HK,allot,col_DC,derived_rule,3,high,bulk_stamp
2026Q3,0537.HK,prospectus,col_L,value_with_quote,229,high,bulk_stamp
2026Q3,0537.HK,prospectus,col_M,value_with_quote,2,high,bulk_stamp
2026Q3,0537.HK,prospectus,col_N,value_with_quote,229,high,bulk_stamp
2026Q3,0537.HK,prospectus,col_O,value_with_quote,229,high,bulk_stamp
2026Q3,0537.HK,prospectus,col_P,value_with_quote,229,high,bulk_stamp
2026Q3,0537.HK,prospectus,col_Q,value_with_quote,229,high,bulk_stamp
2026Q3,0537.HK,prospectus,col_R,value_with_quote,2,high,bulk_stamp
2026Q3,0537.HK,prospectus,col_S,value_with_quote,2,high,bulk_stamp
2026Q3,0537.HK,prospectus,col_T,value_with_quote,2,high,bulk_stamp
2026Q3,0537.HK,prospectus,col_U,unknown,,high,bulk_stamp
2026Q3,0537.HK,prospectus,col_AO,value_with_quote,278,high,bulk_stamp
2026Q3,0537.HK,prospectus,col_AP,value_with_quote,278,high,bulk_stamp
2026Q3,0537.HK,prospectus,col_AQ,value_with_quote,220,high,bulk_stamp
2026Q3,0537.HK,prospectus,col_AS,value_with_quote,21,high,bulk_stamp
2026Q3,0537.HK,prospectus,col_BA,value_with_quote,100,high,bulk_stamp
2026Q3,0537.HK,prospectus,col_vc_backed,value_with_quote,100,medium,bulk_stamp
2026Q3,0537.HK,prospectus,col_pe_backed,value_with_quote,101,medium,bulk_stamp
2026Q3,0537.HK,prospectus,col_cvc_backed,value_with_quote,100,medium,bulk_stamp
2026Q3,0537.HK,prospectus,col_gov_backed,value_with_quote,100,low,bulk_stamp
2026Q3,0537.HK,prospectus,col_top_tier_vc,value_with_quote,101,medium,bulk_stamp
2026Q3,0537.HK,prospectus,col_vc_board_seat,value_with_quote,258,medium,bulk_stamp
2026Q3,0537.HK,prospectus,col_vc_pe_stake,unknown,,high,bulk_stamp
2026Q3,0537.HK,prospectus,col_pre_ipo_investors,value_with_quote,100,medium,bulk_stamp
2026Q3,0537.HK,prospectus,col_BC,value_with_quote,20,medium,bulk_stamp
2026Q3,0537.HK,prospectus,col_BD,value_with_quote,20,high,bulk_stamp
2026Q3,0537.HK,prospectus,col_CC,value_with_quote,5,high,bulk_stamp
2026Q3,0537.HK,prospectus,col_CD,value_with_quote,5,high,bulk_stamp
2026Q3,0537.HK,prospectus,col_CE,value_with_quote,229,high,bulk_stamp
2026Q3,0537.HK,prospectus,col_CI,value_with_quote,22,medium,bulk_stamp
2026Q3,0537.HK,prospectus,col_CJ,value_with_quote,221,high,bulk_stamp
2026Q3,0537.HK,allot,col_CK,value_with_quote,5,high,bulk_stamp
2026Q3,0537.HK,allot,col_CM,value_with_quote,4,high,bulk_stamp
2026Q3,0537.HK,allot,col_CN,value_with_quote,4,high,bulk_stamp
2026Q3,0537.HK,allot,col_CO,value_with_quote,4,high,bulk_stamp
2026Q3,0537.HK,allot,col_CQ,value_with_quote,5,high,bulk_stamp
2026Q3,0537.HK,allot,col_CR,value_with_quote,1,high,bulk_stamp
2026Q3,0537.HK,allot,col_CS,value_with_quote,2,high,bulk_stamp
2026Q3,0537.HK,allot,col_CT,value_with_quote,2,high,bulk_stamp
2026Q3,0537.HK,allot,col_CU,value_with_quote,2,high,bulk_stamp
2026Q3,0537.HK,allot,col_CV,derived_rule,,high,bulk_stamp
2026Q3,0537.HK,allot,col_CW,value_with_quote,4,high,bulk_stamp
2026Q3,0537.HK,allot,col_CX,value_with_quote,3,high,bulk_stamp
2026Q3,0537.HK,allot,col_CY,value_with_quote,20,high,bulk_stamp
2026Q3,0537.HK,allot,col_CZ,value_with_quote,3,high,bulk_stamp
2026Q3,0537.HK,allot,col_DA,derived_rule,,high,bulk_stamp
2026Q3,0537.HK,allot,col_DC,derived_rule,3,high,bulk_stamp
2026Q3,1377.HK,prospectus,col_L,value_with_quote,218,high,bulk_stamp
2026Q3,1377.HK,prospectus,col_M,value_with_quote,2,high,bulk_stamp
2026Q3,1377.HK,prospectus,col_N,value_with_quote,218,high,bulk_stamp
2026Q3,1377.HK,prospectus,col_O,value_with_quote,218,high,bulk_stamp
2026Q3,1377.HK,prospectus,col_P,value_with_quote,218,high,bulk_stamp
2026Q3,1377.HK,prospectus,col_Q,value_with_quote,218,high,bulk_stamp
2026Q3,1377.HK,prospectus,col_R,value_with_quote,2,high,bulk_stamp
2026Q3,1377.HK,prospectus,col_S,value_with_quote,2,high,bulk_stamp
2026Q3,1377.HK,prospectus,col_T,value_with_quote,2,high,bulk_stamp
2026Q3,1377.HK,prospectus,col_U,unknown,,high,bulk_stamp
2026Q3,1377.HK,prospectus,col_AO,value_with_quote,274,high,bulk_stamp
2026Q3,1377.HK,prospectus,col_AP,value_with_quote,274,high,bulk_stamp
2026Q3,1377.HK,prospectus,col_AQ,value_with_quote,274,high,bulk_stamp
2026Q3,1377.HK,prospectus,col_AS,value_with_quote,127,medium,bulk_stamp
2026Q3,1377.HK,prospectus,col_BA,value_with_quote,124,medium,bulk_stamp
2026Q3,1377.HK,prospectus,col_vc_backed,value_with_quote,124,medium,bulk_stamp
2026Q3,1377.HK,prospectus,col_pe_backed,value_with_quote,125,medium,bulk_stamp
2026Q3,1377.HK,prospectus,col_cvc_backed,unknown,,high,bulk_stamp
2026Q3,1377.HK,prospectus,col_gov_backed,unknown,,high,bulk_stamp
2026Q3,1377.HK,prospectus,col_top_tier_vc,unknown,,high,bulk_stamp
2026Q3,1377.HK,prospectus,col_vc_board_seat,unknown,,high,bulk_stamp
2026Q3,1377.HK,prospectus,col_vc_pe_stake,unknown,,high,bulk_stamp
2026Q3,1377.HK,prospectus,col_pre_ipo_investors,value_with_quote,124,medium,bulk_stamp
2026Q3,1377.HK,prospectus,col_BC,value_with_quote,199,high,bulk_stamp
2026Q3,1377.HK,prospectus,col_BD,value_with_quote,60,high,bulk_stamp
2026Q3,1377.HK,prospectus,col_CC,value_with_quote,6,high,bulk_stamp
2026Q3,1377.HK,prospectus,col_CD,value_with_quote,6,high,bulk_stamp
2026Q3,1377.HK,prospectus,col_CE,value_with_quote,218,high,bulk_stamp
2026Q3,1377.HK,prospectus,col_CI,value_with_quote,21,high,bulk_stamp
2026Q3,1377.HK,prospectus,col_CJ,value_with_quote,255,high,bulk_stamp
2026Q3,1377.HK,allot,col_CK,value_with_quote,7,high,bulk_stamp
2026Q3,1377.HK,allot,col_CM,value_with_quote,4,high,bulk_stamp
2026Q3,1377.HK,allot,col_CN,value_with_quote,4,high,bulk_stamp
2026Q3,1377.HK,allot,col_CO,value_with_quote,4,high,bulk_stamp
2026Q3,1377.HK,allot,col_CQ,value_with_quote,2,high,bulk_stamp
2026Q3,1377.HK,allot,col_CR,value_with_quote,1,high,bulk_stamp
2026Q3,1377.HK,allot,col_CS,value_with_quote,3,high,bulk_stamp
2026Q3,1377.HK,allot,col_CT,value_with_quote,3,high,bulk_stamp
2026Q3,1377.HK,allot,col_CU,value_with_quote,3,high,bulk_stamp
2026Q3,1377.HK,allot,col_CV,derived_rule,,high,bulk_stamp
2026Q3,1377.HK,allot,col_CW,value_with_quote,4,high,bulk_stamp
2026Q3,1377.HK,allot,col_CX,value_with_quote,3,high,bulk_stamp
2026Q3,1377.HK,allot,col_CY,value_with_quote,34,high,bulk_stamp
2026Q3,1377.HK,allot,col_CZ,value_with_quote,3,high,bulk_stamp
2026Q3,1377.HK,allot,col_DA,derived_rule,,high,bulk_stamp
2026Q3,1377.HK,allot,col_DC,derived_rule,3,high,bulk_stamp
2026Q3,1770.HK,prospectus,col_L,value_with_quote,222,high,bulk_stamp
2026Q3,1770.HK,prospectus,col_M,value_with_quote,222,high,bulk_stamp
2026Q3,1770.HK,prospectus,col_N,value_with_quote,222,high,bulk_stamp
2026Q3,1770.HK,prospectus,col_O,value_with_quote,222,high,bulk_stamp
2026Q3,1770.HK,prospectus,col_P,value_with_quote,129,high,bulk_stamp
2026Q3,1770.HK,prospectus,col_Q,value_with_quote,2,high,bulk_stamp
2026Q3,1770.HK,prospectus,col_R,value_with_quote,2,high,bulk_stamp
2026Q3,1770.HK,prospectus,col_S,value_with_quote,2,high,bulk_stamp
2026Q3,1770.HK,prospectus,col_T,value_with_quote,2,high,bulk_stamp
2026Q3,1770.HK,prospectus,col_U,value_with_quote,278,high,bulk_stamp
2026Q3,1770.HK,prospectus,col_AO,value_with_quote,278,high,bulk_stamp
2026Q3,1770.HK,prospectus,col_AP,value_with_quote,278,high,bulk_stamp
2026Q3,1770.HK,prospectus,col_AQ,value_with_quote,33,high,bulk_stamp
2026Q3,1770.HK,prospectus,col_AS,value_with_quote,68,medium,bulk_stamp
2026Q3,1770.HK,prospectus,col_BA,value_with_quote,123,high,bulk_stamp
2026Q3,1770.HK,prospectus,col_vc_backed,value_with_quote,123,high,bulk_stamp
2026Q3,1770.HK,prospectus,col_pe_backed,value_with_quote,124,high,bulk_stamp
2026Q3,1770.HK,prospectus,col_cvc_backed,value_with_quote,124,high,bulk_stamp
2026Q3,1770.HK,prospectus,col_gov_backed,value_with_quote,124,high,bulk_stamp
2026Q3,1770.HK,prospectus,col_top_tier_vc,unknown,,low,bulk_stamp
2026Q3,1770.HK,prospectus,col_vc_board_seat,value_with_quote,206,high,bulk_stamp
2026Q3,1770.HK,prospectus,col_vc_pe_stake,value_with_quote,129,medium,bulk_stamp
2026Q3,1770.HK,prospectus,col_pre_ipo_investors,value_with_quote,129,medium,bulk_stamp
2026Q3,1770.HK,prospectus,col_BC,value_with_quote,18,high,bulk_stamp
2026Q3,1770.HK,prospectus,col_BD,value_with_quote,18,high,bulk_stamp
2026Q3,1770.HK,prospectus,col_CC,value_with_quote,5,high,bulk_stamp
2026Q3,1770.HK,prospectus,col_CD,value_with_quote,5,high,bulk_stamp
2026Q3,1770.HK,prospectus,col_CE,value_with_quote,222,high,bulk_stamp
2026Q3,1770.HK,prospectus,col_CI,value_with_quote,25,high,bulk_stamp
2026Q3,1770.HK,prospectus,col_CJ,unknown,,high,bulk_stamp
2026Q3,1770.HK,allot,col_CK,derived_rule,,high,bulk_stamp
2026Q3,1770.HK,allot,col_CM,value_with_quote,4,high,bulk_stamp
2026Q3,1770.HK,allot,col_CN,value_with_quote,4,high,bulk_stamp
2026Q3,1770.HK,allot,col_CO,value_with_quote,4,high,bulk_stamp
2026Q3,1770.HK,allot,col_CQ,value_with_quote,2,high,bulk_stamp
2026Q3,1770.HK,allot,col_CR,value_with_quote,1,high,bulk_stamp
2026Q3,1770.HK,allot,col_CS,value_with_quote,2,high,bulk_stamp
2026Q3,1770.HK,allot,col_CT,value_with_quote,2,high,bulk_stamp
2026Q3,1770.HK,allot,col_CU,value_with_quote,2,high,bulk_stamp
2026Q3,1770.HK,allot,col_CV,derived_rule,,high,bulk_stamp
2026Q3,1770.HK,allot,col_CW,value_with_quote,4,high,bulk_stamp
2026Q3,1770.HK,allot,col_CX,value_with_quote,4,high,bulk_stamp
2026Q3,1770.HK,allot,col_CY,value_with_quote,15,high,bulk_stamp
2026Q3,1770.HK,allot,col_CZ,value_with_quote,3,high,bulk_stamp
2026Q3,1770.HK,allot,col_DA,derived_rule,,high,bulk_stamp
2026Q3,1770.HK,allot,col_DC,derived_rule,3,high,bulk_stamp
2026Q3,2475.HK,prospectus,col_L,value_with_quote,217,high,bulk_stamp
2026Q3,2475.HK,prospectus,col_M,value_with_quote,2,high,bulk_stamp
2026Q3,2475.HK,prospectus,col_N,value_with_quote,217,high,bulk_stamp
2026Q3,2475.HK,prospectus,col_O,value_with_quote,217,high,bulk_stamp
2026Q3,2475.HK,prospectus,col_P,value_with_quote,2,high,bulk_stamp
2026Q3,2475.HK,prospectus,col_Q,value_with_quote,2,high,bulk_stamp
2026Q3,2475.HK,prospectus,col_R,value_with_quote,2,high,bulk_stamp
2026Q3,2475.HK,prospectus,col_S,value_with_quote,2,high,bulk_stamp
2026Q3,2475.HK,prospectus,col_T,value_with_quote,2,high,bulk_stamp
2026Q3,2475.HK,prospectus,col_U,unknown,,high,bulk_stamp
2026Q3,2475.HK,prospectus,col_AO,value_with_quote,282,high,bulk_stamp
2026Q3,2475.HK,prospectus,col_AP,value_with_quote,282,high,bulk_stamp
2026Q3,2475.HK,prospectus,col_AQ,value_with_quote,286,high,bulk_stamp
2026Q3,2475.HK,prospectus,col_AS,value_with_quote,284,high,bulk_stamp
2026Q3,2475.HK,prospectus,col_BA,unknown,,high,bulk_stamp
2026Q3,2475.HK,prospectus,col_vc_backed,unknown,,high,bulk_stamp
2026Q3,2475.HK,prospectus,col_pe_backed,unknown,,high,bulk_stamp
2026Q3,2475.HK,prospectus,col_cvc_backed,unknown,,high,bulk_stamp
2026Q3,2475.HK,prospectus,col_gov_backed,unknown,,high,bulk_stamp
2026Q3,2475.HK,prospectus,col_top_tier_vc,unknown,,high,bulk_stamp
2026Q3,2475.HK,prospectus,col_vc_board_seat,unknown,,high,bulk_stamp
2026Q3,2475.HK,prospectus,col_vc_pe_stake,unknown,,high,bulk_stamp
2026Q3,2475.HK,prospectus,col_pre_ipo_investors,unknown,,high,bulk_stamp
2026Q3,2475.HK,prospectus,col_BC,value_with_quote,209,high,bulk_stamp
2026Q3,2475.HK,prospectus,col_BD,value_with_quote,209,high,bulk_stamp
2026Q3,2475.HK,prospectus,col_CC,value_with_quote,5,high,bulk_stamp
2026Q3,2475.HK,prospectus,col_CD,value_with_quote,5,high,bulk_stamp
2026Q3,2475.HK,prospectus,col_CE,value_with_quote,217,high,bulk_stamp
2026Q3,2475.HK,prospectus,col_CI,value_with_quote,19,high,bulk_stamp
2026Q3,2475.HK,prospectus,col_CJ,value_with_quote,274,high,bulk_stamp
2026Q3,2475.HK,allot,col_CK,value_with_quote,10,high,bulk_stamp
2026Q3,2475.HK,allot,col_CM,value_with_quote,5,high,bulk_stamp
2026Q3,2475.HK,allot,col_CN,value_with_quote,5,high,bulk_stamp
2026Q3,2475.HK,allot,col_CO,value_with_quote,5,high,bulk_stamp
2026Q3,2475.HK,allot,col_CQ,value_with_quote,2,high,bulk_stamp
2026Q3,2475.HK,allot,col_CR,value_with_quote,1,high,bulk_stamp
2026Q3,2475.HK,allot,col_CS,value_with_quote,4,high,bulk_stamp
2026Q3,2475.HK,allot,col_CT,value_with_quote,4,high,bulk_stamp
2026Q3,2475.HK,allot,col_CU,value_with_quote,4,high,bulk_stamp
2026Q3,2475.HK,allot,col_CV,value_with_quote,2,high,bulk_stamp
2026Q3,2475.HK,allot,col_CW,value_with_quote,5,high,bulk_stamp
2026Q3,2475.HK,allot,col_CX,value_with_quote,4,high,bulk_stamp
2026Q3,2475.HK,allot,col_CY,value_with_quote,31,high,bulk_stamp
2026Q3,2475.HK,allot,col_CZ,value_with_quote,4,high,bulk_stamp
2026Q3,2475.HK,allot,col_DA,derived_rule,,high,bulk_stamp
2026Q3,2475.HK,allot,col_DC,derived_rule,4,high,bulk_stamp
2026Q3,2797.HK,prospectus,col_L,value_with_quote,210,high,bulk_stamp
2026Q3,2797.HK,prospectus,col_M,value_with_quote,210,high,bulk_stamp
2026Q3,2797.HK,prospectus,col_N,value_with_quote,210,high,bulk_stamp
2026Q3,2797.HK,prospectus,col_O,value_with_quote,210,high,bulk_stamp
2026Q3,2797.HK,prospectus,col_P,value_with_quote,210,high,bulk_stamp
2026Q3,2797.HK,prospectus,col_Q,value_with_quote,210,high,bulk_stamp
2026Q3,2797.HK,prospectus,col_R,value_with_quote,2,high,bulk_stamp
2026Q3,2797.HK,prospectus,col_S,value_with_quote,2,high,bulk_stamp
2026Q3,2797.HK,prospectus,col_T,value_with_quote,2,high,bulk_stamp
2026Q3,2797.HK,prospectus,col_U,value_with_quote,2,high,bulk_stamp
2026Q3,2797.HK,prospectus,col_AO,value_with_quote,263,high,bulk_stamp
2026Q3,2797.HK,prospectus,col_AP,value_with_quote,263,high,bulk_stamp
2026Q3,2797.HK,prospectus,col_AQ,value_with_quote,263,high,bulk_stamp
2026Q3,2797.HK,prospectus,col_AS,value_with_quote,254,high,bulk_stamp
2026Q3,2797.HK,prospectus,col_BA,value_with_quote,101,high,bulk_stamp
2026Q3,2797.HK,prospectus,col_vc_backed,value_with_quote,101,high,bulk_stamp
2026Q3,2797.HK,prospectus,col_pe_backed,value_with_quote,101,high,bulk_stamp
2026Q3,2797.HK,prospectus,col_cvc_backed,value_with_quote,101,high,bulk_stamp
2026Q3,2797.HK,prospectus,col_gov_backed,value_with_quote,101,high,bulk_stamp
2026Q3,2797.HK,prospectus,col_top_tier_vc,value_with_quote,101,high,bulk_stamp
2026Q3,2797.HK,prospectus,col_vc_board_seat,unknown,,medium,bulk_stamp
2026Q3,2797.HK,prospectus,col_vc_pe_stake,value_with_quote,101,high,bulk_stamp
2026Q3,2797.HK,prospectus,col_pre_ipo_investors,value_with_quote,100,high,bulk_stamp
2026Q3,2797.HK,prospectus,col_BC,value_with_quote,189,high,bulk_stamp
2026Q3,2797.HK,prospectus,col_BD,value_with_quote,189,high,bulk_stamp
2026Q3,2797.HK,prospectus,col_CC,value_with_quote,5,high,bulk_stamp
2026Q3,2797.HK,prospectus,col_CD,value_with_quote,5,high,bulk_stamp
2026Q3,2797.HK,prospectus,col_CE,value_with_quote,210,high,bulk_stamp
2026Q3,2797.HK,prospectus,col_CI,value_with_quote,18,high,bulk_stamp
2026Q3,2797.HK,prospectus,col_CJ,unknown,,high,bulk_stamp
2026Q3,2797.HK,allot,col_CK,derived_rule,,high,bulk_stamp
2026Q3,2797.HK,allot,col_CM,value_with_quote,4,high,bulk_stamp
2026Q3,2797.HK,allot,col_CN,value_with_quote,4,high,bulk_stamp
2026Q3,2797.HK,allot,col_CO,value_with_quote,4,high,bulk_stamp
2026Q3,2797.HK,allot,col_CQ,value_with_quote,5,high,bulk_stamp
2026Q3,2797.HK,allot,col_CR,value_with_quote,1,high,bulk_stamp
2026Q3,2797.HK,allot,col_CS,value_with_quote,3,high,bulk_stamp
2026Q3,2797.HK,allot,col_CT,value_with_quote,3,high,bulk_stamp
2026Q3,2797.HK,allot,col_CU,value_with_quote,3,high,bulk_stamp
2026Q3,2797.HK,allot,col_CV,derived_rule,,high,bulk_stamp
2026Q3,2797.HK,allot,col_CW,value_with_quote,4,high,bulk_stamp
2026Q3,2797.HK,allot,col_CX,value_with_quote,3,high,bulk_stamp
2026Q3,2797.HK,allot,col_CY,value_with_quote,11,high,bulk_stamp
2026Q3,2797.HK,allot,col_CZ,value_with_quote,3,high,bulk_stamp
2026Q3,2797.HK,allot,col_DA,derived_rule,,high,bulk_stamp
2026Q3,2797.HK,allot,col_DC,derived_rule,3,high,bulk_stamp
2026Q3,3752.HK,prospectus,col_L,value_with_quote,224,high,bulk_stamp
2026Q3,3752.HK,prospectus,col_M,value_with_quote,2,high,bulk_stamp
2026Q3,3752.HK,prospectus,col_N,value_with_quote,224,high,bulk_stamp
2026Q3,3752.HK,prospectus,col_O,value_with_quote,224,high,bulk_stamp
2026Q3,3752.HK,prospectus,col_P,value_with_quote,224,high,bulk_stamp
2026Q3,3752.HK,prospectus,col_Q,value_with_quote,17,high,bulk_stamp
2026Q3,3752.HK,prospectus,col_R,value_with_quote,2,high,bulk_stamp
2026Q3,3752.HK,prospectus,col_S,value_with_quote,2,high,bulk_stamp
2026Q3,3752.HK,prospectus,col_T,value_with_quote,2,high,bulk_stamp
2026Q3,3752.HK,prospectus,col_U,value_with_quote,2,high,bulk_stamp
2026Q3,3752.HK,prospectus,col_AO,value_with_quote,282,high,bulk_stamp
2026Q3,3752.HK,prospectus,col_AP,value_with_quote,282,high,bulk_stamp
2026Q3,3752.HK,prospectus,col_AQ,value_with_quote,289,high,bulk_stamp
2026Q3,3752.HK,prospectus,col_AS,value_with_quote,17,high,bulk_stamp
2026Q3,3752.HK,prospectus,col_BA,value_with_quote,100,high,bulk_stamp
2026Q3,3752.HK,prospectus,col_vc_backed,value_with_quote,108,high,bulk_stamp
2026Q3,3752.HK,prospectus,col_pe_backed,value_with_quote,111,high,bulk_stamp
2026Q3,3752.HK,prospectus,col_cvc_backed,value_with_quote,109,high,bulk_stamp
2026Q3,3752.HK,prospectus,col_gov_backed,value_with_quote,108,high,bulk_stamp
2026Q3,3752.HK,prospectus,col_top_tier_vc,value_with_quote,110,high,bulk_stamp
2026Q3,3752.HK,prospectus,col_vc_board_seat,unknown,,high,bulk_stamp
2026Q3,3752.HK,prospectus,col_vc_pe_stake,value_with_quote,117,high,bulk_stamp
2026Q3,3752.HK,prospectus,col_pre_ipo_investors,value_with_quote,103,high,bulk_stamp
2026Q3,3752.HK,prospectus,col_BC,value_with_quote,117,high,bulk_stamp
2026Q3,3752.HK,prospectus,col_BD,value_with_quote,16,high,bulk_stamp
2026Q3,3752.HK,prospectus,col_CC,value_with_quote,5,high,bulk_stamp
2026Q3,3752.HK,prospectus,col_CD,value_with_quote,5,high,bulk_stamp
2026Q3,3752.HK,prospectus,col_CE,value_with_quote,224,high,bulk_stamp
2026Q3,3752.HK,prospectus,col_CI,value_with_quote,282,high,bulk_stamp
2026Q3,3752.HK,prospectus,col_CJ,value_with_quote,271,high,bulk_stamp
2026Q3,3752.HK,allot,col_CK,value_with_quote,6,high,bulk_stamp
2026Q3,3752.HK,allot,col_CM,value_with_quote,4,high,bulk_stamp
2026Q3,3752.HK,allot,col_CN,value_with_quote,4,high,bulk_stamp
2026Q3,3752.HK,allot,col_CO,value_with_quote,4,high,bulk_stamp
2026Q3,3752.HK,allot,col_CQ,unknown,2,high,bulk_stamp
2026Q3,3752.HK,allot,col_CR,value_with_quote,1,high,bulk_stamp
2026Q3,3752.HK,allot,col_CS,value_with_quote,3,high,bulk_stamp
2026Q3,3752.HK,allot,col_CT,value_with_quote,4,high,bulk_stamp
2026Q3,3752.HK,allot,col_CU,value_with_quote,5,high,bulk_stamp
2026Q3,3752.HK,allot,col_CV,value_with_quote,1,high,bulk_stamp
2026Q3,3752.HK,allot,col_CW,value_with_quote,4,high,bulk_stamp
2026Q3,3752.HK,allot,col_CX,value_with_quote,3,high,bulk_stamp
2026Q3,3752.HK,allot,col_CY,value_with_quote,17,high,bulk_stamp
2026Q3,3752.HK,allot,col_CZ,value_with_quote,3,high,bulk_stamp
2026Q3,3752.HK,allot,col_DA,derived_rule,,high,bulk_stamp
2026Q3,3752.HK,allot,col_DC,derived_rule,3,high,bulk_stamp
2026Q3,6951.HK,prospectus,col_L,value_with_quote,243,high,bulk_stamp
2026Q3,6951.HK,prospectus,col_M,value_with_quote,243,high,bulk_stamp
2026Q3,6951.HK,prospectus,col_N,value_with_quote,243,high,bulk_stamp
2026Q3,6951.HK,prospectus,col_O,value_with_quote,243,high,bulk_stamp
2026Q3,6951.HK,prospectus,col_P,value_with_quote,27,medium,bulk_stamp
2026Q3,6951.HK,prospectus,col_Q,value_with_quote,2,high,bulk_stamp
2026Q3,6951.HK,prospectus,col_R,value_with_quote,2,high,bulk_stamp
2026Q3,6951.HK,prospectus,col_S,value_with_quote,2,high,bulk_stamp
2026Q3,6951.HK,prospectus,col_T,value_with_quote,2,high,bulk_stamp
2026Q3,6951.HK,prospectus,col_U,unknown,,high,bulk_stamp
2026Q3,6951.HK,prospectus,col_AO,value_with_quote,281,high,bulk_stamp
2026Q3,6951.HK,prospectus,col_AP,value_with_quote,281,high,bulk_stamp
2026Q3,6951.HK,prospectus,col_AQ,value_with_quote,281,high,bulk_stamp
2026Q3,6951.HK,prospectus,col_AS,value_with_quote,307,high,bulk_stamp
2026Q3,6951.HK,prospectus,col_BA,unknown,,medium,bulk_stamp
2026Q3,6951.HK,prospectus,col_vc_backed,unknown,,medium,bulk_stamp
2026Q3,6951.HK,prospectus,col_pe_backed,unknown,,medium,bulk_stamp
2026Q3,6951.HK,prospectus,col_cvc_backed,unknown,,medium,bulk_stamp
2026Q3,6951.HK,prospectus,col_gov_backed,unknown,,medium,bulk_stamp
2026Q3,6951.HK,prospectus,col_top_tier_vc,unknown,,medium,bulk_stamp
2026Q3,6951.HK,prospectus,col_vc_board_seat,unknown,,medium,bulk_stamp
2026Q3,6951.HK,prospectus,col_vc_pe_stake,unknown,,medium,bulk_stamp
2026Q3,6951.HK,prospectus,col_pre_ipo_investors,unknown,,high,bulk_stamp
2026Q3,6951.HK,prospectus,col_BC,value_with_quote,26,high,bulk_stamp
2026Q3,6951.HK,prospectus,col_BD,value_with_quote,61,high,bulk_stamp
2026Q3,6951.HK,prospectus,col_CC,value_with_quote,5,high,bulk_stamp
2026Q3,6951.HK,prospectus,col_CD,value_with_quote,5,high,bulk_stamp
2026Q3,6951.HK,prospectus,col_CE,value_with_quote,243,high,bulk_stamp
2026Q3,6951.HK,prospectus,col_CI,value_with_quote,281,high,bulk_stamp
2026Q3,6951.HK,prospectus,col_CJ,value_with_quote,266,high,bulk_stamp
2026Q3,6951.HK,allot,col_CK,value_with_quote,6,high,bulk_stamp
2026Q3,6951.HK,allot,col_CM,value_with_quote,4,high,bulk_stamp
2026Q3,6951.HK,allot,col_CN,value_with_quote,4,high,bulk_stamp
2026Q3,6951.HK,allot,col_CO,value_with_quote,4,high,bulk_stamp
2026Q3,6951.HK,allot,col_CQ,value_with_quote,2,high,bulk_stamp
2026Q3,6951.HK,allot,col_CR,value_with_quote,1,high,bulk_stamp
2026Q3,6951.HK,allot,col_CS,value_with_quote,2,high,bulk_stamp
2026Q3,6951.HK,allot,col_CT,value_with_quote,2,high,bulk_stamp
2026Q3,6951.HK,allot,col_CU,value_with_quote,2,high,bulk_stamp
2026Q3,6951.HK,allot,col_CV,value_with_quote,1,high,bulk_stamp
2026Q3,6951.HK,allot,col_CW,value_with_quote,4,high,bulk_stamp
2026Q3,6951.HK,allot,col_CX,value_with_quote,4,high,bulk_stamp
2026Q3,6951.HK,allot,col_CY,value_with_quote,23,high,bulk_stamp
2026Q3,6951.HK,allot,col_CZ,value_with_quote,3,high,bulk_stamp
2026Q3,6951.HK,allot,col_DA,derived_rule,,high,bulk_stamp
2026Q3,6951.HK,allot,col_DC,derived_rule,3,high,bulk_stamp
2026Q3,2249.HK,prospectus,col_L,value_with_quote,188,high,bulk_stamp
2026Q3,2249.HK,prospectus,col_M,value_with_quote,2,high,bulk_stamp
2026Q3,2249.HK,prospectus,col_N,value_with_quote,188,high,bulk_stamp
2026Q3,2249.HK,prospectus,col_O,value_with_quote,188,high,bulk_stamp
2026Q3,2249.HK,prospectus,col_P,value_with_quote,188,high,bulk_stamp
2026Q3,2249.HK,prospectus,col_Q,value_with_quote,188,high,bulk_stamp
2026Q3,2249.HK,prospectus,col_R,value_with_quote,2,high,bulk_stamp
2026Q3,2249.HK,prospectus,col_S,value_with_quote,2,high,bulk_stamp
2026Q3,2249.HK,prospectus,col_T,value_with_quote,2,high,bulk_stamp
2026Q3,2249.HK,prospectus,col_U,value_with_quote,2,high,bulk_stamp
2026Q3,2249.HK,prospectus,col_AO,value_with_quote,251,high,bulk_stamp
2026Q3,2249.HK,prospectus,col_AP,value_with_quote,251,high,bulk_stamp
2026Q3,2249.HK,prospectus,col_AQ,value_with_quote,189,high,bulk_stamp
2026Q3,2249.HK,prospectus,col_AS,value_with_quote,33,high,bulk_stamp
2026Q3,2249.HK,prospectus,col_BA,value_with_quote,110,medium,bulk_stamp
2026Q3,2249.HK,prospectus,col_vc_backed,unknown,,high,bulk_stamp
2026Q3,2249.HK,prospectus,col_pe_backed,value_with_quote,107,low,bulk_stamp
2026Q3,2249.HK,prospectus,col_cvc_backed,value_with_quote,108,medium,bulk_stamp
2026Q3,2249.HK,prospectus,col_gov_backed,value_with_quote,107,high,bulk_stamp
2026Q3,2249.HK,prospectus,col_top_tier_vc,unknown,,high,bulk_stamp
2026Q3,2249.HK,prospectus,col_vc_board_seat,value_with_quote,108,medium,bulk_stamp
2026Q3,2249.HK,prospectus,col_vc_pe_stake,unknown,,low,bulk_stamp
2026Q3,2249.HK,prospectus,col_pre_ipo_investors,value_with_quote,110,medium,bulk_stamp
2026Q3,2249.HK,prospectus,col_BC,value_with_quote,186,medium,bulk_stamp
2026Q3,2249.HK,prospectus,col_BD,value_with_quote,186,medium,bulk_stamp
2026Q3,2249.HK,prospectus,col_CC,value_with_quote,5,high,bulk_stamp
2026Q3,2249.HK,prospectus,col_CD,value_with_quote,5,high,bulk_stamp
2026Q3,2249.HK,prospectus,col_CE,value_with_quote,188,high,bulk_stamp
2026Q3,2249.HK,prospectus,col_CI,value_with_quote,27,low,bulk_stamp
2026Q3,2249.HK,prospectus,col_CJ,value_with_quote,227,high,bulk_stamp
2026Q3,2249.HK,allot,col_CK,value_with_quote,13,high,bulk_stamp
2026Q3,2249.HK,allot,col_CM,value_with_quote,4,high,bulk_stamp
2026Q3,2249.HK,allot,col_CN,value_with_quote,4,high,bulk_stamp
2026Q3,2249.HK,allot,col_CO,value_with_quote,4,high,bulk_stamp
2026Q3,2249.HK,allot,col_CQ,value_with_quote,2,high,bulk_stamp
2026Q3,2249.HK,allot,col_CR,value_with_quote,1,high,bulk_stamp
2026Q3,2249.HK,allot,col_CS,value_with_quote,3,high,bulk_stamp
2026Q3,2249.HK,allot,col_CT,value_with_quote,3,high,bulk_stamp
2026Q3,2249.HK,allot,col_CU,value_with_quote,3,high,bulk_stamp
2026Q3,2249.HK,allot,col_CV,value_with_quote,2,high,bulk_stamp
2026Q3,2249.HK,allot,col_CW,value_with_quote,4,high,bulk_stamp
2026Q3,2249.HK,allot,col_CX,value_with_quote,3,high,bulk_stamp
2026Q3,2249.HK,allot,col_CY,value_with_quote,27,high,bulk_stamp
2026Q3,2249.HK,allot,col_CZ,value_with_quote,3,high,bulk_stamp
2026Q3,2249.HK,allot,col_DA,derived_rule,,high,bulk_stamp
2026Q3,2249.HK,allot,col_DC,derived_rule,3,high,bulk_stamp
2026Q3,6745.HK,prospectus,col_L,value_with_quote,224,high,bulk_stamp
2026Q3,6745.HK,prospectus,col_M,value_with_quote,2,high,bulk_stamp
2026Q3,6745.HK,prospectus,col_N,value_with_quote,224,high,bulk_stamp
2026Q3,6745.HK,prospectus,col_O,value_with_quote,224,high,bulk_stamp
2026Q3,6745.HK,prospectus,col_P,value_with_quote,21,high,bulk_stamp
2026Q3,6745.HK,prospectus,col_Q,value_with_quote,21,high,bulk_stamp
2026Q3,6745.HK,prospectus,col_R,value_with_quote,2,high,bulk_stamp
2026Q3,6745.HK,prospectus,col_S,value_with_quote,2,high,bulk_stamp
2026Q3,6745.HK,prospectus,col_T,value_with_quote,2,high,bulk_stamp
2026Q3,6745.HK,prospectus,col_U,value_with_quote,2,high,bulk_stamp
2026Q3,6745.HK,prospectus,col_AO,value_with_quote,275,high,bulk_stamp
2026Q3,6745.HK,prospectus,col_AP,value_with_quote,275,high,bulk_stamp
2026Q3,6745.HK,prospectus,col_AQ,value_with_quote,2,high,bulk_stamp
2026Q3,6745.HK,prospectus,col_AS,value_with_quote,21,high,bulk_stamp
2026Q3,6745.HK,prospectus,col_BA,unknown,,high,bulk_stamp
2026Q3,6745.HK,prospectus,col_vc_backed,unknown,,high,bulk_stamp
2026Q3,6745.HK,prospectus,col_pe_backed,unknown,,high,bulk_stamp
2026Q3,6745.HK,prospectus,col_cvc_backed,unknown,,high,bulk_stamp
2026Q3,6745.HK,prospectus,col_gov_backed,unknown,,high,bulk_stamp
2026Q3,6745.HK,prospectus,col_top_tier_vc,unknown,,high,bulk_stamp
2026Q3,6745.HK,prospectus,col_vc_board_seat,unknown,,high,bulk_stamp
2026Q3,6745.HK,prospectus,col_vc_pe_stake,unknown,,high,bulk_stamp
2026Q3,6745.HK,prospectus,col_pre_ipo_investors,unknown,,high,bulk_stamp
2026Q3,6745.HK,prospectus,col_BC,value_with_quote,212,high,bulk_stamp
2026Q3,6745.HK,prospectus,col_BD,value_with_quote,212,high,bulk_stamp
2026Q3,6745.HK,prospectus,col_CC,value_with_quote,5,high,bulk_stamp
2026Q3,6745.HK,prospectus,col_CD,value_with_quote,5,high,bulk_stamp
2026Q3,6745.HK,prospectus,col_CE,value_with_quote,224,high,bulk_stamp
2026Q3,6745.HK,prospectus,col_CI,value_with_quote,22,high,bulk_stamp
2026Q3,6745.HK,prospectus,col_CJ,value_with_quote,216,high,bulk_stamp
2026Q3,6745.HK,allot,col_CK,value_with_quote,5,high,bulk_stamp
2026Q3,6745.HK,allot,col_CM,value_with_quote,4,high,bulk_stamp
2026Q3,6745.HK,allot,col_CN,value_with_quote,4,high,bulk_stamp
2026Q3,6745.HK,allot,col_CO,value_with_quote,4,high,bulk_stamp
2026Q3,6745.HK,allot,col_CQ,value_with_quote,2,high,bulk_stamp
2026Q3,6745.HK,allot,col_CR,value_with_quote,1,high,bulk_stamp
2026Q3,6745.HK,allot,col_CS,value_with_quote,3,high,bulk_stamp
2026Q3,6745.HK,allot,col_CT,value_with_quote,3,high,bulk_stamp
2026Q3,6745.HK,allot,col_CU,value_with_quote,3,high,bulk_stamp
2026Q3,6745.HK,allot,col_CV,derived_rule,,high,bulk_stamp
2026Q3,6745.HK,allot,col_CW,value_with_quote,4,high,bulk_stamp
2026Q3,6745.HK,allot,col_CX,value_with_quote,3,high,bulk_stamp
2026Q3,6745.HK,allot,col_CY,value_with_quote,16,high,bulk_stamp
2026Q3,6745.HK,allot,col_CZ,value_with_quote,3,high,bulk_stamp
2026Q3,6745.HK,allot,col_DA,derived_rule,,high,bulk_stamp
2026Q3,6745.HK,allot,col_DC,derived_rule,3,high,bulk_stamp
2026Q3,3308.HK,prospectus,col_L,value_with_quote,234,high,bulk_stamp
2026Q3,3308.HK,prospectus,col_M,value_with_quote,234,high,bulk_stamp
2026Q3,3308.HK,prospectus,col_N,value_with_quote,234,high,bulk_stamp
2026Q3,3308.HK,prospectus,col_O,value_with_quote,234,high,bulk_stamp
2026Q3,3308.HK,prospectus,col_P,value_with_quote,234,high,bulk_stamp
2026Q3,3308.HK,prospectus,col_Q,value_with_quote,234,high,bulk_stamp
2026Q3,3308.HK,prospectus,col_R,value_with_quote,2,high,bulk_stamp
2026Q3,3308.HK,prospectus,col_S,value_with_quote,2,high,bulk_stamp
2026Q3,3308.HK,prospectus,col_T,value_with_quote,2,high,bulk_stamp
2026Q3,3308.HK,prospectus,col_U,unknown,,high,bulk_stamp
2026Q3,3308.HK,prospectus,col_AO,value_with_quote,308,high,bulk_stamp
2026Q3,3308.HK,prospectus,col_AP,value_with_quote,308,high,bulk_stamp
2026Q3,3308.HK,prospectus,col_AQ,value_with_quote,308,high,bulk_stamp
2026Q3,3308.HK,prospectus,col_AS,value_with_quote,159,high,bulk_stamp
2026Q3,3308.HK,prospectus,col_BA,value_with_quote,23,high,bulk_stamp
2026Q3,3308.HK,prospectus,col_vc_backed,value_with_quote,23,high,bulk_stamp
2026Q3,3308.HK,prospectus,col_pe_backed,value_with_quote,23,high,bulk_stamp
2026Q3,3308.HK,prospectus,col_cvc_backed,value_with_quote,23,high,bulk_stamp
2026Q3,3308.HK,prospectus,col_gov_backed,value_with_quote,23,high,bulk_stamp
2026Q3,3308.HK,prospectus,col_top_tier_vc,value_with_quote,23,high,bulk_stamp
2026Q3,3308.HK,prospectus,col_vc_board_seat,value_with_quote,23,high,bulk_stamp
2026Q3,3308.HK,prospectus,col_vc_pe_stake,value_with_quote,23,high,bulk_stamp
2026Q3,3308.HK,prospectus,col_pre_ipo_investors,unknown,,high,bulk_stamp
2026Q3,3308.HK,prospectus,col_BC,value_with_quote,232,high,bulk_stamp
2026Q3,3308.HK,prospectus,col_BD,value_with_quote,232,high,bulk_stamp
2026Q3,3308.HK,prospectus,col_CC,value_with_quote,5,high,bulk_stamp
2026Q3,3308.HK,prospectus,col_CD,value_with_quote,5,high,bulk_stamp
2026Q3,3308.HK,prospectus,col_CE,value_with_quote,234,high,bulk_stamp
2026Q3,3308.HK,prospectus,col_CI,value_with_quote,23,high,bulk_stamp
2026Q3,3308.HK,prospectus,col_CJ,value_with_quote,287,high,bulk_stamp
2026Q3,3308.HK,allot,col_CK,value_with_quote,5,high,bulk_stamp
2026Q3,3308.HK,allot,col_CM,value_with_quote,2,high,bulk_stamp
2026Q3,3308.HK,allot,col_CN,value_with_quote,2,high,bulk_stamp
2026Q3,3308.HK,allot,col_CO,value_with_quote,15,high,bulk_stamp
2026Q3,3308.HK,allot,col_CQ,value_with_quote,2,high,bulk_stamp
2026Q3,3308.HK,allot,col_CR,value_with_quote,1,high,bulk_stamp
2026Q3,3308.HK,allot,col_CS,value_with_quote,1,high,bulk_stamp
2026Q3,3308.HK,allot,col_CT,value_with_quote,2,high,bulk_stamp
2026Q3,3308.HK,allot,col_CU,value_with_quote,3,high,bulk_stamp
2026Q3,3308.HK,allot,col_CV,value_with_quote,1,high,bulk_stamp
2026Q3,3308.HK,allot,col_CW,value_with_quote,2,high,bulk_stamp
2026Q3,3308.HK,allot,col_CX,value_with_quote,2,high,bulk_stamp
2026Q3,3308.HK,allot,col_CY,value_with_quote,33,high,bulk_stamp
2026Q3,3308.HK,allot,col_CZ,value_with_quote,1,high,bulk_stamp
2026Q3,3308.HK,allot,col_DA,derived_rule,,high,bulk_stamp
2026Q3,3308.HK,allot,col_DC,derived_rule,1,high,bulk_stamp
2026Q3,2261.HK,prospectus,col_L,value_with_quote,221,high,bulk_stamp
2026Q3,2261.HK,prospectus,col_M,value_with_quote,221,high,bulk_stamp
2026Q3,2261.HK,prospectus,col_N,value_with_quote,221,high,bulk_stamp
2026Q3,2261.HK,prospectus,col_O,value_with_quote,221,high,bulk_stamp
2026Q3,2261.HK,prospectus,col_P,value_with_quote,221,high,bulk_stamp
2026Q3,2261.HK,prospectus,col_Q,value_with_quote,221,high,bulk_stamp
2026Q3,2261.HK,prospectus,col_R,value_with_quote,2,high,bulk_stamp
2026Q3,2261.HK,prospectus,col_S,value_with_quote,2,high,bulk_stamp
2026Q3,2261.HK,prospectus,col_T,value_with_quote,2,high,bulk_stamp
2026Q3,2261.HK,prospectus,col_U,value_with_quote,2,high,bulk_stamp
2026Q3,2261.HK,prospectus,col_AO,value_with_quote,276,high,bulk_stamp
2026Q3,2261.HK,prospectus,col_AP,value_with_quote,276,high,bulk_stamp
2026Q3,2261.HK,prospectus,col_AQ,value_with_quote,276,high,bulk_stamp
2026Q3,2261.HK,prospectus,col_AS,value_with_quote,26,high,bulk_stamp
2026Q3,2261.HK,prospectus,col_BA,value_with_quote,19,high,bulk_stamp
2026Q3,2261.HK,prospectus,col_vc_backed,value_with_quote,123,high,bulk_stamp
2026Q3,2261.HK,prospectus,col_pe_backed,value_with_quote,123,high,bulk_stamp
2026Q3,2261.HK,prospectus,col_cvc_backed,value_with_quote,125,high,bulk_stamp
2026Q3,2261.HK,prospectus,col_gov_backed,value_with_quote,124,high,bulk_stamp
2026Q3,2261.HK,prospectus,col_top_tier_vc,value_with_quote,125,high,bulk_stamp
2026Q3,2261.HK,prospectus,col_vc_board_seat,value_with_quote,199,high,bulk_stamp
2026Q3,2261.HK,prospectus,col_vc_pe_stake,value_with_quote,116,high,bulk_stamp
2026Q3,2261.HK,prospectus,col_pre_ipo_investors,value_with_quote,115,high,bulk_stamp
2026Q3,2261.HK,prospectus,col_BC,value_with_quote,18,high,bulk_stamp
2026Q3,2261.HK,prospectus,col_BD,value_with_quote,18,high,bulk_stamp
2026Q3,2261.HK,prospectus,col_CC,value_with_quote,5,high,bulk_stamp
2026Q3,2261.HK,prospectus,col_CD,value_with_quote,5,high,bulk_stamp
2026Q3,2261.HK,prospectus,col_CE,value_with_quote,221,high,bulk_stamp
2026Q3,2261.HK,prospectus,col_CI,value_with_quote,25,high,bulk_stamp
2026Q3,2261.HK,prospectus,col_CJ,unknown,,high,bulk_stamp
2026Q3,2261.HK,allot,col_CK,derived_rule,,high,bulk_stamp
2026Q3,2261.HK,allot,col_CM,value_with_quote,4,high,bulk_stamp
2026Q3,2261.HK,allot,col_CN,value_with_quote,4,high,bulk_stamp
2026Q3,2261.HK,allot,col_CO,value_with_quote,12,high,bulk_stamp
2026Q3,2261.HK,allot,col_CQ,unknown,,low,bulk_stamp
2026Q3,2261.HK,allot,col_CR,value_with_quote,1,high,bulk_stamp
2026Q3,2261.HK,allot,col_CS,value_with_quote,3,high,bulk_stamp
2026Q3,2261.HK,allot,col_CT,value_with_quote,3,high,bulk_stamp
2026Q3,2261.HK,allot,col_CU,value_with_quote,3,high,bulk_stamp
2026Q3,2261.HK,allot,col_CV,derived_rule,,high,bulk_stamp
2026Q3,2261.HK,allot,col_CW,value_with_quote,4,high,bulk_stamp
2026Q3,2261.HK,allot,col_CX,value_with_quote,3,high,bulk_stamp
2026Q3,2261.HK,allot,col_CY,value_with_quote,18,high,bulk_stamp
2026Q3,2261.HK,allot,col_CZ,value_with_quote,3,high,bulk_stamp
2026Q3,2261.HK,allot,col_DA,value_with_quote,18,medium,bulk_stamp
2026Q3,2261.HK,allot,col_DC,value_with_quote,3,high,bulk_stamp
2026Q3,3223.HK,prospectus,col_L,value_with_quote,257,high,bulk_stamp
2026Q3,3223.HK,prospectus,col_M,value_with_quote,257,high,bulk_stamp
2026Q3,3223.HK,prospectus,col_N,value_with_quote,257,high,bulk_stamp
2026Q3,3223.HK,prospectus,col_O,value_with_quote,257,high,bulk_stamp
2026Q3,3223.HK,prospectus,col_P,value_with_quote,257,high,bulk_stamp
2026Q3,3223.HK,prospectus,col_Q,value_with_quote,257,high,bulk_stamp
2026Q3,3223.HK,prospectus,col_R,value_with_quote,2,high,bulk_stamp
2026Q3,3223.HK,prospectus,col_S,value_with_quote,2,high,bulk_stamp
2026Q3,3223.HK,prospectus,col_T,value_with_quote,2,high,bulk_stamp
2026Q3,3223.HK,prospectus,col_U,unknown,,high,bulk_stamp
2026Q3,3223.HK,prospectus,col_AO,value_with_quote,293,high,bulk_stamp
2026Q3,3223.HK,prospectus,col_AP,value_with_quote,293,high,bulk_stamp
2026Q3,3223.HK,prospectus,col_AQ,value_with_quote,431,high,bulk_stamp
2026Q3,3223.HK,prospectus,col_AS,value_with_quote,76,high,bulk_stamp
2026Q3,3223.HK,prospectus,col_BA,value_with_quote,139,high,bulk_stamp
2026Q3,3223.HK,prospectus,col_vc_backed,value_with_quote,139,high,bulk_stamp
2026Q3,3223.HK,prospectus,col_pe_backed,value_with_quote,139,high,bulk_stamp
2026Q3,3223.HK,prospectus,col_cvc_backed,value_with_quote,139,high,bulk_stamp
2026Q3,3223.HK,prospectus,col_gov_backed,value_with_quote,139,high,bulk_stamp
2026Q3,3223.HK,prospectus,col_top_tier_vc,value_with_quote,139,high,bulk_stamp
2026Q3,3223.HK,prospectus,col_vc_board_seat,value_with_quote,139,high,bulk_stamp
2026Q3,3223.HK,prospectus,col_vc_pe_stake,value_with_quote,139,high,bulk_stamp
2026Q3,3223.HK,prospectus,col_pre_ipo_investors,value_with_quote,139,high,bulk_stamp
2026Q3,3223.HK,prospectus,col_BC,value_with_quote,260,high,bulk_stamp
2026Q3,3223.HK,prospectus,col_BD,value_with_quote,260,high,bulk_stamp
2026Q3,3223.HK,prospectus,col_CC,value_with_quote,5,high,bulk_stamp
2026Q3,3223.HK,prospectus,col_CD,value_with_quote,5,high,bulk_stamp
2026Q3,3223.HK,prospectus,col_CE,value_with_quote,257,high,bulk_stamp
2026Q3,3223.HK,prospectus,col_CI,value_with_quote,22,high,bulk_stamp
2026Q3,3223.HK,prospectus,col_CJ,value_with_quote,263,high,bulk_stamp
2026Q3,3223.HK,allot,col_CK,value_with_quote,6,high,bulk_stamp
2026Q3,3223.HK,allot,col_CM,value_with_quote,4,high,bulk_stamp
2026Q3,3223.HK,allot,col_CN,value_with_quote,4,high,bulk_stamp
2026Q3,3223.HK,allot,col_CO,value_with_quote,14,high,bulk_stamp
2026Q3,3223.HK,allot,col_CQ,unknown,,low,bulk_stamp
2026Q3,3223.HK,allot,col_CR,value_with_quote,1,high,bulk_stamp
2026Q3,3223.HK,allot,col_CS,value_with_quote,3,high,bulk_stamp
2026Q3,3223.HK,allot,col_CT,value_with_quote,4,high,bulk_stamp
2026Q3,3223.HK,allot,col_CU,value_with_quote,5,high,bulk_stamp
2026Q3,3223.HK,allot,col_CV,derived_rule,,high,bulk_stamp
2026Q3,3223.HK,allot,col_CW,value_with_quote,4,high,bulk_stamp
2026Q3,3223.HK,allot,col_CX,value_with_quote,4,high,bulk_stamp
2026Q3,3223.HK,allot,col_CY,value_with_quote,25,high,bulk_stamp
2026Q3,3223.HK,allot,col_CZ,value_with_quote,3,high,bulk_stamp
2026Q3,3223.HK,allot,col_DA,derived_rule,,high,bulk_stamp
2026Q3,3223.HK,allot,col_DC,derived_rule,3,high,bulk_stamp
2026Q3,0625.HK,prospectus,col_L,value_with_quote,269,high,bulk_stamp
2026Q3,0625.HK,prospectus,col_M,value_with_quote,267,high,bulk_stamp
2026Q3,0625.HK,prospectus,col_N,value_with_quote,267,high,bulk_stamp
2026Q3,0625.HK,prospectus,col_O,value_with_quote,267,high,bulk_stamp
2026Q3,0625.HK,prospectus,col_P,value_with_quote,267,high,bulk_stamp
2026Q3,0625.HK,prospectus,col_Q,value_with_quote,267,high,bulk_stamp
2026Q3,0625.HK,prospectus,col_R,value_with_quote,2,high,bulk_stamp
2026Q3,0625.HK,prospectus,col_S,value_with_quote,2,high,bulk_stamp
2026Q3,0625.HK,prospectus,col_T,value_with_quote,2,high,bulk_stamp
2026Q3,0625.HK,prospectus,col_U,value_with_quote,2,high,bulk_stamp
2026Q3,0625.HK,prospectus,col_AO,value_with_quote,304,high,bulk_stamp
2026Q3,0625.HK,prospectus,col_AP,value_with_quote,304,high,bulk_stamp
2026Q3,0625.HK,prospectus,col_AQ,value_with_quote,304,high,bulk_stamp
2026Q3,0625.HK,prospectus,col_AS,value_with_quote,2,high,bulk_stamp
2026Q3,0625.HK,prospectus,col_BA,value_with_quote,156,high,bulk_stamp
2026Q3,0625.HK,prospectus,col_vc_backed,value_with_quote,163,high,bulk_stamp
2026Q3,0625.HK,prospectus,col_pe_backed,value_with_quote,165,high,bulk_stamp
2026Q3,0625.HK,prospectus,col_cvc_backed,value_with_quote,116,high,bulk_stamp
2026Q3,0625.HK,prospectus,col_gov_backed,value_with_quote,162,high,bulk_stamp
2026Q3,0625.HK,prospectus,col_top_tier_vc,value_with_quote,163,high,bulk_stamp
2026Q3,0625.HK,prospectus,col_vc_board_seat,value_with_quote,280,high,bulk_stamp
2026Q3,0625.HK,prospectus,col_vc_pe_stake,value_with_quote,162,high,bulk_stamp
2026Q3,0625.HK,prospectus,col_pre_ipo_investors,value_with_quote,163,high,bulk_stamp
2026Q3,0625.HK,prospectus,col_BC,value_with_quote,29,high,bulk_stamp
2026Q3,0625.HK,prospectus,col_BD,value_with_quote,29,high,bulk_stamp
2026Q3,0625.HK,prospectus,col_CC,value_with_quote,5,high,bulk_stamp
2026Q3,0625.HK,prospectus,col_CD,value_with_quote,5,high,bulk_stamp
2026Q3,0625.HK,prospectus,col_CE,value_with_quote,269,high,bulk_stamp
2026Q3,0625.HK,prospectus,col_CI,value_with_quote,28,high,bulk_stamp
2026Q3,0625.HK,prospectus,col_CJ,value_with_quote,262,high,bulk_stamp
2026Q3,0625.HK,allot,col_CK,value_with_quote,6,high,bulk_stamp
2026Q3,0625.HK,allot,col_CM,value_with_quote,4,high,bulk_stamp
2026Q3,0625.HK,allot,col_CN,value_with_quote,4,high,bulk_stamp
2026Q3,0625.HK,allot,col_CO,value_with_quote,22,high,bulk_stamp
2026Q3,0625.HK,allot,col_CQ,unknown,,low,bulk_stamp
2026Q3,0625.HK,allot,col_CR,value_with_quote,1,high,bulk_stamp
2026Q3,0625.HK,allot,col_CS,value_with_quote,3,high,bulk_stamp
2026Q3,0625.HK,allot,col_CT,value_with_quote,3,high,bulk_stamp
2026Q3,0625.HK,allot,col_CU,value_with_quote,3,high,bulk_stamp
2026Q3,0625.HK,allot,col_CV,unknown,,high,bulk_stamp
2026Q3,0625.HK,allot,col_CW,value_with_quote,4,high,bulk_stamp
2026Q3,0625.HK,allot,col_CX,value_with_quote,4,high,bulk_stamp
2026Q3,0625.HK,allot,col_CY,value_with_quote,31,high,bulk_stamp
2026Q3,0625.HK,allot,col_CZ,value_with_quote,3,high,bulk_stamp
2026Q3,0625.HK,allot,col_DA,derived_rule,,high,bulk_stamp
2026Q3,0625.HK,allot,col_DC,derived_rule,3,high,bulk_stamp
2026Q3,9615.HK,prospectus,col_L,value_with_quote,254,high,bulk_stamp
2026Q3,9615.HK,prospectus,col_M,value_with_quote,254,high,bulk_stamp
2026Q3,9615.HK,prospectus,col_N,value_with_quote,254,high,bulk_stamp
2026Q3,9615.HK,prospectus,col_O,value_with_quote,254,high,bulk_stamp
2026Q3,9615.HK,prospectus,col_P,value_with_quote,254,high,bulk_stamp
2026Q3,9615.HK,prospectus,col_Q,value_with_quote,254,high,bulk_stamp
2026Q3,9615.HK,prospectus,col_R,value_with_quote,2,high,bulk_stamp
2026Q3,9615.HK,prospectus,col_S,value_with_quote,2,high,bulk_stamp
2026Q3,9615.HK,prospectus,col_T,value_with_quote,2,high,bulk_stamp
2026Q3,9615.HK,prospectus,col_U,value_with_quote,2,high,bulk_stamp
2026Q3,9615.HK,prospectus,col_AO,value_with_quote,303,high,bulk_stamp
2026Q3,9615.HK,prospectus,col_AP,value_with_quote,303,high,bulk_stamp
2026Q3,9615.HK,prospectus,col_AQ,value_with_quote,307,high,bulk_stamp
2026Q3,9615.HK,prospectus,col_AS,value_with_quote,2,high,bulk_stamp
2026Q3,9615.HK,prospectus,col_BA,value_with_quote,21,high,bulk_stamp
2026Q3,9615.HK,prospectus,col_vc_backed,value_with_quote,127,high,bulk_stamp
2026Q3,9615.HK,prospectus,col_pe_backed,value_with_quote,125,high,bulk_stamp
2026Q3,9615.HK,prospectus,col_cvc_backed,value_with_quote,125,high,bulk_stamp
2026Q3,9615.HK,prospectus,col_gov_backed,value_with_quote,125,high,bulk_stamp
2026Q3,9615.HK,prospectus,col_top_tier_vc,value_with_quote,127,high,bulk_stamp
2026Q3,9615.HK,prospectus,col_vc_board_seat,value_with_quote,236,high,bulk_stamp
2026Q3,9615.HK,prospectus,col_vc_pe_stake,value_with_quote,134,high,bulk_stamp
2026Q3,9615.HK,prospectus,col_pre_ipo_investors,value_with_quote,125,high,bulk_stamp
2026Q3,9615.HK,prospectus,col_BC,value_with_quote,20,high,bulk_stamp
2026Q3,9615.HK,prospectus,col_BD,value_with_quote,20,high,bulk_stamp
2026Q3,9615.HK,prospectus,col_CC,value_with_quote,5,high,bulk_stamp
2026Q3,9615.HK,prospectus,col_CD,value_with_quote,5,high,bulk_stamp
2026Q3,9615.HK,prospectus,col_CE,value_with_quote,254,high,bulk_stamp
2026Q3,9615.HK,prospectus,col_CI,value_with_quote,287,high,bulk_stamp
2026Q3,9615.HK,prospectus,col_CJ,value_with_quote,248,high,bulk_stamp
2026Q3,9615.HK,allot,col_CK,value_with_quote,6,high,bulk_stamp
2026Q3,9615.HK,allot,col_CM,value_with_quote,5,high,bulk_stamp
2026Q3,9615.HK,allot,col_CN,value_with_quote,5,high,bulk_stamp
2026Q3,9615.HK,allot,col_CO,value_with_quote,17,high,bulk_stamp
2026Q3,9615.HK,allot,col_CQ,unknown,,low,bulk_stamp
2026Q3,9615.HK,allot,col_CR,value_with_quote,1,high,bulk_stamp
2026Q3,9615.HK,allot,col_CS,value_with_quote,3,high,bulk_stamp
2026Q3,9615.HK,allot,col_CT,value_with_quote,3,high,bulk_stamp
2026Q3,9615.HK,allot,col_CU,value_with_quote,3,high,bulk_stamp
2026Q3,9615.HK,allot,col_CV,unknown,,high,bulk_stamp
2026Q3,9615.HK,allot,col_CW,value_with_quote,5,high,bulk_stamp
2026Q3,9615.HK,allot,col_CX,value_with_quote,4,high,bulk_stamp
2026Q3,9615.HK,allot,col_CY,value_with_quote,25,high,bulk_stamp
2026Q3,9615.HK,allot,col_CZ,value_with_quote,3,high,bulk_stamp
2026Q3,9615.HK,allot,col_DA,value_with_quote,25,medium,bulk_stamp
2026Q3,9615.HK,allot,col_DC,value_with_quote,3,high,bulk_stamp
2026Q3,2041.HK,prospectus,col_L,value_with_quote,274,high,bulk_stamp
2026Q3,2041.HK,prospectus,col_M,value_with_quote,274,high,bulk_stamp
2026Q3,2041.HK,prospectus,col_N,value_with_quote,274,high,bulk_stamp
2026Q3,2041.HK,prospectus,col_O,value_with_quote,274,high,bulk_stamp
2026Q3,2041.HK,prospectus,col_P,value_with_quote,2,high,bulk_stamp
2026Q3,2041.HK,prospectus,col_Q,value_with_quote,274,high,bulk_stamp
2026Q3,2041.HK,prospectus,col_R,value_with_quote,2,high,bulk_stamp
2026Q3,2041.HK,prospectus,col_S,value_with_quote,2,high,bulk_stamp
2026Q3,2041.HK,prospectus,col_T,value_with_quote,2,high,bulk_stamp
2026Q3,2041.HK,prospectus,col_U,unknown,,high,bulk_stamp
2026Q3,2041.HK,prospectus,col_AO,value_with_quote,289,high,bulk_stamp
2026Q3,2041.HK,prospectus,col_AP,value_with_quote,289,high,bulk_stamp
2026Q3,2041.HK,prospectus,col_AQ,value_with_quote,2,high,bulk_stamp
2026Q3,2041.HK,prospectus,col_AS,value_with_quote,19,high,bulk_stamp
2026Q3,2041.HK,prospectus,col_BA,value_with_quote,17,high,bulk_stamp
2026Q3,2041.HK,prospectus,col_vc_backed,value_with_quote,17,high,bulk_stamp
2026Q3,2041.HK,prospectus,col_pe_backed,value_with_quote,17,high,bulk_stamp
2026Q3,2041.HK,prospectus,col_cvc_backed,value_with_quote,17,high,bulk_stamp
2026Q3,2041.HK,prospectus,col_gov_backed,value_with_quote,141,high,bulk_stamp
2026Q3,2041.HK,prospectus,col_top_tier_vc,value_with_quote,141,high,bulk_stamp
2026Q3,2041.HK,prospectus,col_vc_board_seat,value_with_quote,75,high,bulk_stamp
2026Q3,2041.HK,prospectus,col_vc_pe_stake,value_with_quote,141,high,bulk_stamp
2026Q3,2041.HK,prospectus,col_pre_ipo_investors,value_with_quote,141,high,bulk_stamp
2026Q3,2041.HK,prospectus,col_BC,value_with_quote,17,high,bulk_stamp
2026Q3,2041.HK,prospectus,col_BD,value_with_quote,17,high,bulk_stamp
2026Q3,2041.HK,prospectus,col_CC,value_with_quote,5,high,bulk_stamp
2026Q3,2041.HK,prospectus,col_CD,value_with_quote,5,high,bulk_stamp
2026Q3,2041.HK,prospectus,col_CE,value_with_quote,442,high,bulk_stamp
2026Q3,2041.HK,prospectus,col_CI,value_with_quote,20,high,bulk_stamp
2026Q3,2041.HK,prospectus,col_CJ,unknown,,high,bulk_stamp
2026Q3,2041.HK,allot,col_CK,derived_rule,,high,bulk_stamp
2026Q3,2041.HK,allot,col_CM,value_with_quote,4,high,bulk_stamp
2026Q3,2041.HK,allot,col_CN,value_with_quote,4,high,bulk_stamp
2026Q3,2041.HK,allot,col_CO,value_with_quote,12,high,bulk_stamp
2026Q3,2041.HK,allot,col_CQ,unknown,,low,bulk_stamp
2026Q3,2041.HK,allot,col_CR,value_with_quote,1,high,bulk_stamp
2026Q3,2041.HK,allot,col_CS,value_with_quote,3,high,bulk_stamp
2026Q3,2041.HK,allot,col_CT,value_with_quote,3,high,bulk_stamp
2026Q3,2041.HK,allot,col_CU,value_with_quote,3,high,bulk_stamp
2026Q3,2041.HK,allot,col_CV,unknown,,high,bulk_stamp
2026Q3,2041.HK,allot,col_CW,value_with_quote,4,high,bulk_stamp
2026Q3,2041.HK,allot,col_CX,value_with_quote,3,high,bulk_stamp
2026Q3,2041.HK,allot,col_CY,value_with_quote,15,high,bulk_stamp
2026Q3,2041.HK,allot,col_CZ,value_with_quote,3,high,bulk_stamp
2026Q3,2041.HK,allot,col_DA,derived_rule,,high,bulk_stamp
2026Q3,2041.HK,allot,col_DC,derived_rule,3,high,bulk_stamp
2026Q3,9976.HK,prospectus,col_L,value_with_quote,295,high,bulk_stamp
2026Q3,9976.HK,prospectus,col_M,value_with_quote,295,high,bulk_stamp
2026Q3,9976.HK,prospectus,col_N,value_with_quote,295,high,bulk_stamp
2026Q3,9976.HK,prospectus,col_O,value_with_quote,295,high,bulk_stamp
2026Q3,9976.HK,prospectus,col_P,value_with_quote,295,high,bulk_stamp
2026Q3,9976.HK,prospectus,col_Q,value_with_quote,295,high,bulk_stamp
2026Q3,9976.HK,prospectus,col_R,value_with_quote,2,high,bulk_stamp
2026Q3,9976.HK,prospectus,col_S,value_with_quote,2,high,bulk_stamp
2026Q3,9976.HK,prospectus,col_T,value_with_quote,2,high,bulk_stamp
2026Q3,9976.HK,prospectus,col_U,unknown,,high,bulk_stamp
2026Q3,9976.HK,prospectus,col_AO,value_with_quote,332,high,bulk_stamp
2026Q3,9976.HK,prospectus,col_AP,value_with_quote,332,high,bulk_stamp
2026Q3,9976.HK,prospectus,col_AQ,value_with_quote,332,high,bulk_stamp
2026Q3,9976.HK,prospectus,col_AS,value_with_quote,170,medium,bulk_stamp
2026Q3,9976.HK,prospectus,col_BA,value_with_quote,158,high,bulk_stamp
2026Q3,9976.HK,prospectus,col_vc_backed,value_with_quote,158,high,bulk_stamp
2026Q3,9976.HK,prospectus,col_pe_backed,value_with_quote,158,high,bulk_stamp
2026Q3,9976.HK,prospectus,col_cvc_backed,value_with_quote,158,high,bulk_stamp
2026Q3,9976.HK,prospectus,col_gov_backed,value_with_quote,160,high,bulk_stamp
2026Q3,9976.HK,prospectus,col_top_tier_vc,value_with_quote,158,high,bulk_stamp
2026Q3,9976.HK,prospectus,col_vc_board_seat,value_with_quote,158,high,bulk_stamp
2026Q3,9976.HK,prospectus,col_vc_pe_stake,value_with_quote,160,high,bulk_stamp
2026Q3,9976.HK,prospectus,col_pre_ipo_investors,value_with_quote,160,high,bulk_stamp
2026Q3,9976.HK,prospectus,col_BC,value_with_quote,30,high,bulk_stamp
2026Q3,9976.HK,prospectus,col_BD,value_with_quote,30,high,bulk_stamp
2026Q3,9976.HK,prospectus,col_CC,value_with_quote,5,high,bulk_stamp
2026Q3,9976.HK,prospectus,col_CD,value_with_quote,5,high,bulk_stamp
2026Q3,9976.HK,prospectus,col_CE,value_with_quote,295,high,bulk_stamp
2026Q3,9976.HK,prospectus,col_CI,value_with_quote,333,high,bulk_stamp
2026Q3,9976.HK,prospectus,col_CJ,value_with_quote,299,high,bulk_stamp
2026Q3,9976.HK,allot,col_CK,value_with_quote,7,high,bulk_stamp
2026Q3,9976.HK,allot,col_CM,value_with_quote,5,high,bulk_stamp
2026Q3,9976.HK,allot,col_CN,value_with_quote,5,high,bulk_stamp
2026Q3,9976.HK,allot,col_CO,value_with_quote,20,high,bulk_stamp
2026Q3,9976.HK,allot,col_CQ,unknown,,low,bulk_stamp
2026Q3,9976.HK,allot,col_CR,value_with_quote,1,high,bulk_stamp
2026Q3,9976.HK,allot,col_CS,value_with_quote,3,high,bulk_stamp
2026Q3,9976.HK,allot,col_CT,value_with_quote,3,high,bulk_stamp
2026Q3,9976.HK,allot,col_CU,value_with_quote,3,high,bulk_stamp
2026Q3,9976.HK,allot,col_CV,unknown,,high,bulk_stamp
2026Q3,9976.HK,allot,col_CW,value_with_quote,5,high,bulk_stamp
2026Q3,9976.HK,allot,col_CX,value_with_quote,4,high,bulk_stamp
2026Q3,9976.HK,allot,col_CY,value_with_quote,31,high,bulk_stamp
2026Q3,9976.HK,allot,col_CZ,value_with_quote,3,high,bulk_stamp
2026Q3,9976.HK,allot,col_DA,value_with_quote,31,medium,bulk_stamp
2026Q3,9976.HK,allot,col_DC,value_with_quote,3,high,bulk_stamp
2026Q3,3231.HK,prospectus,col_L,value_with_quote,234,high,bulk_stamp
2026Q3,3231.HK,prospectus,col_M,value_with_quote,234,high,bulk_stamp
2026Q3,3231.HK,prospectus,col_N,value_with_quote,234,high,bulk_stamp
2026Q3,3231.HK,prospectus,col_O,value_with_quote,234,high,bulk_stamp
2026Q3,3231.HK,prospectus,col_P,value_with_quote,234,high,bulk_stamp
2026Q3,3231.HK,prospectus,col_Q,value_with_quote,234,high,bulk_stamp
2026Q3,3231.HK,prospectus,col_R,value_with_quote,2,high,bulk_stamp
2026Q3,3231.HK,prospectus,col_S,value_with_quote,2,high,bulk_stamp
2026Q3,3231.HK,prospectus,col_T,value_with_quote,2,high,bulk_stamp
2026Q3,3231.HK,prospectus,col_U,value_with_quote,2,high,bulk_stamp
2026Q3,3231.HK,prospectus,col_AO,value_with_quote,289,high,bulk_stamp
2026Q3,3231.HK,prospectus,col_AP,value_with_quote,289,high,bulk_stamp
2026Q3,3231.HK,prospectus,col_AQ,value_with_quote,2,high,bulk_stamp
2026Q3,3231.HK,prospectus,col_AS,value_with_quote,2,high,bulk_stamp
2026Q3,3231.HK,prospectus,col_BA,value_with_quote,98,high,bulk_stamp
2026Q3,3231.HK,prospectus,col_vc_backed,value_with_quote,98,high,bulk_stamp
2026Q3,3231.HK,prospectus,col_pe_backed,value_with_quote,98,high,bulk_stamp
2026Q3,3231.HK,prospectus,col_cvc_backed,value_with_quote,98,high,bulk_stamp
2026Q3,3231.HK,prospectus,col_gov_backed,value_with_quote,108,high,bulk_stamp
2026Q3,3231.HK,prospectus,col_top_tier_vc,value_with_quote,98,high,bulk_stamp
2026Q3,3231.HK,prospectus,col_vc_board_seat,value_with_quote,97,high,bulk_stamp
2026Q3,3231.HK,prospectus,col_vc_pe_stake,value_with_quote,108,high,bulk_stamp
2026Q3,3231.HK,prospectus,col_pre_ipo_investors,value_with_quote,115,high,bulk_stamp
2026Q3,3231.HK,prospectus,col_BC,value_with_quote,107,high,bulk_stamp
2026Q3,3231.HK,prospectus,col_BD,value_with_quote,107,high,bulk_stamp
2026Q3,3231.HK,prospectus,col_CC,value_with_quote,5,high,bulk_stamp
2026Q3,3231.HK,prospectus,col_CD,value_with_quote,5,high,bulk_stamp
2026Q3,3231.HK,prospectus,col_CE,value_with_quote,234,high,bulk_stamp
2026Q3,3231.HK,prospectus,col_CI,value_with_quote,289,high,bulk_stamp
2026Q3,3231.HK,prospectus,col_CJ,value_with_quote,231,high,bulk_stamp
2026Q3,3231.HK,allot,col_CK,value_with_quote,5,high,bulk_stamp
2026Q3,3231.HK,allot,col_CM,value_with_quote,4,high,bulk_stamp
2026Q3,3231.HK,allot,col_CN,value_with_quote,4,high,bulk_stamp
2026Q3,3231.HK,allot,col_CO,value_with_quote,18,high,bulk_stamp
2026Q3,3231.HK,allot,col_CQ,unknown,,low,bulk_stamp
2026Q3,3231.HK,allot,col_CR,value_with_quote,1,high,bulk_stamp
2026Q3,3231.HK,allot,col_CS,value_with_quote,3,high,bulk_stamp
2026Q3,3231.HK,allot,col_CT,value_with_quote,3,high,bulk_stamp
2026Q3,3231.HK,allot,col_CU,value_with_quote,3,high,bulk_stamp
2026Q3,3231.HK,allot,col_CV,unknown,,high,bulk_stamp
2026Q3,3231.HK,allot,col_CW,value_with_quote,4,high,bulk_stamp
2026Q3,3231.HK,allot,col_CX,value_with_quote,3,high,bulk_stamp
2026Q3,3231.HK,allot,col_CY,value_with_quote,22,high,bulk_stamp
2026Q3,3231.HK,allot,col_CZ,value_with_quote,3,high,bulk_stamp
2026Q3,3231.HK,allot,col_DA,value_with_quote,22,high,bulk_stamp
2026Q3,3231.HK,allot,col_DC,value_with_quote,3,high,bulk_stamp
