code,field,pdf_page,pool,applied_shares,valid_applications,product,applied_bbox,applications_bbox
2290.HK,col_CO,7,A,500,46124,23062000,"[117.99369812011719, 266.7687072753906, 130.39369201660156, 277.9287109375]","[186.7637939453125, 266.7687072753906, 209.76377868652344, 277.9287109375]"
2290.HK,col_CO,7,A,1000,9299,9299000,"[111.59369659423828, 283.603271484375, 130.3936767578125, 294.7632751464844]","[190.96380615234375, 283.603271484375, 209.7637939453125, 294.7632751464844]"
2290.HK,col_CO,7,A,1500,25001,37501500,"[111.59369659423828, 300.4378662109375, 130.3936767578125, 311.5978698730469]","[186.7637939453125, 300.4378662109375, 209.76377868652344, 311.5978698730469]"
2290.HK,col_CO,7,A,2000,3063,6126000,"[111.59369659423828, 317.2724914550781, 130.3936767578125, 328.4324951171875]","[190.96380615234375, 317.2724914550781, 209.7637939453125, 328.4324951171875]"
2290.HK,col_CO,7,A,2500,2111,5277500,"[111.59369659423828, 334.107177734375, 130.3936767578125, 345.2671813964844]","[190.96380615234375, 334.107177734375, 209.7637939453125, 345.2671813964844]"
2290.HK,col_CO,7,A,3000,1604,4812000,"[111.59369659423828, 350.9418640136719, 130.3936767578125, 362.10186767578125]","[190.96380615234375, 350.9418640136719, 209.7637939453125, 362.10186767578125]"
2290.HK,col_CO,7,A,3500,940,3290000,"[111.59369659423828, 367.7764892578125, 130.3936767578125, 378.9364929199219]","[197.36380004882812, 367.7764892578125, 209.7637939453125, 378.9364929199219]"
2290.HK,col_CO,7,A,4000,1002,4008000,"[111.59369659423828, 384.611083984375, 130.3936767578125, 395.7710876464844]","[190.96380615234375, 384.611083984375, 209.7637939453125, 395.7710876464844]"
2290.HK,col_CO,7,A,4500,806,3627000,"[111.59369659423828, 401.4457702636719, 130.3936767578125, 412.60577392578125]","[197.36380004882812, 401.4457702636719, 209.7637939453125, 412.60577392578125]"
2290.HK,col_CO,7,A,5000,4594,22970000,"[111.59369659423828, 418.2803649902344, 130.3936767578125, 429.44036865234375]","[190.96380615234375, 418.2803649902344, 209.7637939453125, 429.44036865234375]"
2290.HK,col_CO,7,A,6000,1330,7980000,"[111.59369659423828, 435.1150817871094, 130.3936767578125, 446.27508544921875]","[190.96380615234375, 435.1150817871094, 209.7637939453125, 446.27508544921875]"
2290.HK,col_CO,7,A,7000,9591,67137000,"[111.59369659423828, 451.9496765136719, 130.3936767578125, 463.10968017578125]","[190.96380615234375, 451.9496765136719, 209.7637939453125, 463.10968017578125]"
2290.HK,col_CO,7,A,8000,1014,8112000,"[111.59369659423828, 468.78436279296875, 130.3936767578125, 479.9443664550781]","[190.96380615234375, 468.78436279296875, 209.7637939453125, 479.9443664550781]"
2290.HK,col_CO,7,A,9000,672,6048000,"[111.59369659423828, 485.6189880371094, 130.3936767578125, 496.77899169921875]","[197.36380004882812, 485.6189880371094, 209.7637939453125, 496.77899169921875]"
2290.HK,col_CO,7,A,10000,2937,29370000,"[107.3936996459961, 502.45367431640625, 130.3936767578125, 513.6137084960938]","[190.96380615234375, 502.45367431640625, 209.7637939453125, 513.6137084960938]"
2290.HK,col_CO,7,A,15000,2287,34305000,"[107.3936996459961, 519.288330078125, 130.3936767578125, 530.4483032226562]","[190.96380615234375, 519.288330078125, 209.7637939453125, 530.4483032226562]"
2290.HK,col_CO,7,A,20000,1160,23200000,"[107.3936996459961, 536.1229248046875, 130.3936767578125, 547.2828979492188]","[190.96380615234375, 536.1229248046875, 209.7637939453125, 547.2828979492188]"
2290.HK,col_CO,7,A,25000,898,22450000,"[107.3936996459961, 552.9576416015625, 130.3936767578125, 564.1176147460938]","[197.36380004882812, 552.9576416015625, 209.7637939453125, 564.1176147460938]"
2290.HK,col_CO,7,A,30000,858,25740000,"[107.3936996459961, 569.7922973632812, 130.3936767578125, 580.9522705078125]","[197.36380004882812, 569.7922973632812, 209.7637939453125, 580.9522705078125]"
2290.HK,col_CO,7,A,35000,551,19285000,"[107.3936996459961, 586.6268920898438, 130.3936767578125, 597.786865234375]","[197.36380004882812, 586.6268920898438, 209.7637939453125, 597.786865234375]"
2290.HK,col_CO,7,A,40000,535,21400000,"[107.3936996459961, 603.4614868164062, 130.3936767578125, 614.6214599609375]","[197.36380004882812, 603.4614868164062, 209.7637939453125, 614.6214599609375]"
2290.HK,col_CO,7,A,45000,432,19440000,"[107.3936996459961, 620.2962036132812, 130.3936767578125, 631.4561767578125]","[197.36380004882812, 620.2962036132812, 209.7637939453125, 631.4561767578125]"
2290.HK,col_CO,7,A,50000,1223,61150000,"[107.3936996459961, 637.1307983398438, 130.3936767578125, 648.290771484375]","[190.96380615234375, 637.1307983398438, 209.7637939453125, 648.290771484375]"
2290.HK,col_CO,7,A,60000,745,44700000,"[107.3936996459961, 653.9655151367188, 130.3936767578125, 665.12548828125]","[197.36380004882812, 653.9655151367188, 209.7637939453125, 665.12548828125]"
2290.HK,col_CO,7,A,70000,750,52500000,"[107.3936996459961, 670.8001098632812, 130.3936767578125, 681.9600830078125]","[197.36380004882812, 670.8001098632812, 209.7637939453125, 681.9600830078125]"
2290.HK,col_CO,7,A,80000,755,60400000,"[107.3936996459961, 687.6348266601562, 130.3936767578125, 698.7947998046875]","[197.36380004882812, 687.6348266601562, 209.7637939453125, 698.7947998046875]"
2290.HK,col_CO,7,A,90000,604,54360000,"[107.3936996459961, 704.4694213867188, 130.3936767578125, 715.62939453125]","[197.36380004882812, 704.4694213867188, 209.7637939453125, 715.62939453125]"
2290.HK,col_CO,7,A,100000,3414,341400000,"[103.1937026977539, 721.3040161132812, 130.3936767578125, 732.4639892578125]","[190.96380615234375, 721.3040161132812, 209.7637939453125, 732.4639892578125]"
2290.HK,col_CO,8,A,200000,1545,309000000,"[103.1937026977539, 165.09947204589844, 130.3936767578125, 176.25946044921875]","[190.96380615234375, 165.09947204589844, 209.7637939453125, 176.25946044921875]"
2290.HK,col_CO,8,A,300000,1070,321000000,"[103.1937026977539, 181.93406677246094, 130.3936767578125, 193.09405517578125]","[190.96380615234375, 181.93406677246094, 209.7637939453125, 193.09405517578125]"
2290.HK,col_CO,8,A,400000,708,283200000,"[103.1937026977539, 198.7687225341797, 130.3936767578125, 209.9287109375]","[197.36380004882812, 198.7687225341797, 209.7637939453125, 209.9287109375]"
2290.HK,col_CO,8,A,500000,582,291000000,"[103.1937026977539, 215.6033172607422, 130.3936767578125, 226.7633056640625]","[197.36380004882812, 215.6033172607422, 209.7637939453125, 226.7633056640625]"
2290.HK,col_CO,8,A,600000,424,254400000,"[103.1937026977539, 232.4379119873047, 130.3936767578125, 243.597900390625]","[197.36380004882812, 232.4379119873047, 209.7637939453125, 243.597900390625]"
2290.HK,col_CO,8,A,700000,701,490700000,"[103.1937026977539, 249.2725067138672, 130.3936767578125, 260.4324951171875]","[197.36380004882812, 249.2725067138672, 209.7637939453125, 260.4324951171875]"
2290.HK,col_CO,8,B,800000,1432,1145600000,"[103.1937026977539, 457.4797668457031, 130.3936767578125, 468.6397705078125]","[190.96380615234375, 457.4797668457031, 209.7637939453125, 468.6397705078125]"
2290.HK,col_CO,8,B,900000,538,484200000,"[103.1937026977539, 488.31439208984375, 130.3936767578125, 499.4743957519531]","[197.36380004882812, 488.31439208984375, 209.7637939453125, 499.4743957519531]"
2290.HK,col_CO,8,B,1000000,1109,1109000000,"[96.793701171875, 519.1490478515625, 130.3936767578125, 530.3090209960938]","[190.96380615234375, 519.1490478515625, 209.7637939453125, 530.3090209960938]"
2290.HK,col_CO,8,B,2000000,370,740000000,"[96.793701171875, 549.9837036132812, 130.3936767578125, 561.1436767578125]","[197.36380004882812, 549.9837036132812, 209.7637939453125, 561.1436767578125]"
2290.HK,col_CO,8,B,3000000,137,411000000,"[96.793701171875, 566.8182983398438, 130.3936767578125, 577.978271484375]","[197.36380004882812, 566.8182983398438, 209.7637939453125, 577.978271484375]"
2290.HK,col_CO,8,B,4000000,94,376000000,"[96.793701171875, 583.6530151367188, 130.3936767578125, 594.81298828125]","[201.5637969970703, 583.6530151367188, 209.7637939453125, 594.81298828125]"
2290.HK,col_CO,8,B,5000000,33,165000000,"[96.793701171875, 600.4876098632812, 130.3936767578125, 611.6475830078125]","[201.5637969970703, 600.4876098632812, 209.7637939453125, 611.6475830078125]"
2290.HK,col_CO,8,B,6250000,146,912500000,"[96.793701171875, 617.3223266601562, 130.3936767578125, 628.4822998046875]","[197.36380004882812, 617.3223266601562, 209.7637939453125, 628.4822998046875]"
1392.HK,col_CO,13,A,500,55745,27872500,"[125.05999755859375, 243.72804260253906, 143.05999755859375, 257.0120544433594]","[209.08999633789062, 243.72804260253906, 242.08999633789062, 257.0120544433594]"
1392.HK,col_CO,13,A,1000,28250,28250000,"[116.05999755859375, 273.8780212402344, 143.05999755859375, 287.1620178222656]","[209.08999633789062, 273.8780212402344, 242.08999633789062, 287.1620178222656]"
1392.HK,col_CO,13,A,1500,8229,12343500,"[116.05999755859375, 304.1180114746094, 143.05999755859375, 317.4020080566406]","[215.08999633789062, 304.1180114746094, 242.08999633789062, 317.4020080566406]"
1392.HK,col_CO,13,A,2000,4470,8940000,"[116.05999755859375, 334.3580322265625, 143.05999755859375, 347.64202880859375]","[215.08999633789062, 334.3580322265625, 242.08999633789062, 347.64202880859375]"
1392.HK,col_CO,13,A,2500,4575,11437500,"[116.05999755859375, 364.5980224609375, 143.05999755859375, 377.88201904296875]","[215.08999633789062, 364.5980224609375, 242.08999633789062, 377.88201904296875]"
1392.HK,col_CO,13,A,3000,3218,9654000,"[116.05999755859375, 394.8380432128906, 143.05999755859375, 408.1220397949219]","[215.08999633789062, 394.8380432128906, 242.08999633789062, 408.1220397949219]"
1392.HK,col_CO,13,A,3500,2139,7486500,"[116.05999755859375, 425.0780334472656, 143.05999755859375, 438.3620300292969]","[215.08999633789062, 425.0780334472656, 242.08999633789062, 438.3620300292969]"
1392.HK,col_CO,13,A,4000,2336,9344000,"[116.05999755859375, 455.3380432128906, 143.05999755859375, 468.6220397949219]","[215.08999633789062, 455.3380432128906, 242.08999633789062, 468.6220397949219]"
1392.HK,col_CO,13,A,4500,1901,8554500,"[116.05999755859375, 485.5780334472656, 143.05999755859375, 498.8620300292969]","[215.08999633789062, 485.5780334472656, 242.08999633789062, 498.8620300292969]"
1392.HK,col_CO,13,A,5000,7153,35765000,"[116.05999755859375, 515.8179931640625, 143.05999755859375, 529.1019897460938]","[215.08999633789062, 515.8179931640625, 242.08999633789062, 529.1019897460938]"
1392.HK,col_CO,13,A,6000,12903,77418000,"[116.05999755859375, 546.0579833984375, 143.05999755859375, 559.3419799804688]","[209.08999633789062, 546.0579833984375, 242.08999633789062, 559.3419799804688]"
1392.HK,col_CO,13,A,7000,3110,21770000,"[116.05999755859375, 576.2979736328125, 143.05999755859375, 589.5819702148438]","[215.57000732421875, 576.2979736328125, 242.0900115966797, 589.5819702148438]"
1392.HK,col_CO,13,A,8000,2416,19328000,"[116.05999755859375, 606.5380249023438, 143.05999755859375, 619.822021484375]","[215.08999633789062, 606.5380249023438, 242.08999633789062, 619.822021484375]"
1392.HK,col_CO,13,A,9000,2316,20844000,"[116.05999755859375, 636.8079833984375, 143.05999755859375, 650.0919799804688]","[215.08999633789062, 636.8079833984375, 242.08999633789062, 650.0919799804688]"
1392.HK,col_CO,13,A,10000,10714,107140000,"[110.05999755859375, 667.0479736328125, 143.05999755859375, 680.3319702148438]","[209.08999633789062, 667.0479736328125, 242.08999633789062, 680.3319702148438]"
1392.HK,col_CO,13,A,15000,5646,84690000,"[110.05999755859375, 697.2880249023438, 143.05999755859375, 710.572021484375]","[215.08999633789062, 697.2880249023438, 242.08999633789062, 710.572021484375]"
1392.HK,col_CO,13,A,20000,3866,77320000,"[110.05999755859375, 727.5280151367188, 143.05999755859375, 740.81201171875]","[215.08999633789062, 727.5280151367188, 242.08999633789062, 740.81201171875]"
1392.HK,col_CO,14,A,25000,3500,87500000,"[110.05999755859375, 178.08802795410156, 143.05999755859375, 191.3720245361328]","[215.08999633789062, 178.08802795410156, 242.08999633789062, 191.3720245361328]"
1392.HK,col_CO,14,A,30000,2766,82980000,"[110.05999755859375, 208.32801818847656, 143.05999755859375, 221.6120147705078]","[215.08999633789062, 208.32801818847656, 242.08999633789062, 221.6120147705078]"
1392.HK,col_CO,14,A,35000,1953,68355000,"[110.05999755859375, 238.56800842285156, 143.05999755859375, 251.8520050048828]","[215.08999633789062, 238.56800842285156, 242.08999633789062, 251.8520050048828]"
1392.HK,col_CO,14,A,40000,2077,83080000,"[110.05999755859375, 268.8380432128906, 143.05999755859375, 282.1220397949219]","[215.08999633789062, 268.8380432128906, 242.08999633789062, 282.1220397949219]"
1392.HK,col_CO,14,A,45000,1687,75915000,"[110.05999755859375, 299.0780334472656, 143.05999755859375, 312.3620300292969]","[215.08999633789062, 299.0780334472656, 242.08999633789062, 312.3620300292969]"
1392.HK,col_CO,14,A,50000,3570,178500000,"[110.05999755859375, 329.3180236816406, 143.05999755859375, 342.6020202636719]","[215.08999633789062, 329.3180236816406, 242.08999633789062, 342.6020202636719]"
1392.HK,col_CO,14,A,60000,2840,170400000,"[110.05999755859375, 359.55804443359375, 143.05999755859375, 372.842041015625]","[215.08999633789062, 359.55804443359375, 242.08999633789062, 372.842041015625]"
1392.HK,col_CO,14,A,70000,2494,174580000,"[110.05999755859375, 389.79803466796875, 143.05999755859375, 403.08203125]","[215.08999633789062, 389.79803466796875, 242.08999633789062, 403.08203125]"
1392.HK,col_CO,14,A,80000,2126,170080000,"[110.05999755859375, 420.03802490234375, 143.05999755859375, 433.322021484375]","[215.08999633789062, 420.03802490234375, 242.08999633789062, 433.322021484375]"
1392.HK,col_CO,14,A,90000,1598,143820000,"[110.05999755859375, 450.29803466796875, 143.05999755859375, 463.58203125]","[215.08999633789062, 450.29803466796875, 242.08999633789062, 463.58203125]"
1392.HK,col_CO,14,A,100000,11217,1121700000,"[104.05999755859375, 480.53802490234375, 143.05999755859375, 493.822021484375]","[209.57000732421875, 480.53802490234375, 242.0900115966797, 493.822021484375]"
1392.HK,col_CO,14,A,200000,7156,1431200000,"[104.05999755859375, 510.7780456542969, 143.05999755859375, 524.06201171875]","[215.08999633789062, 510.7780456542969, 242.08999633789062, 524.06201171875]"
1392.HK,col_CO,14,A,300000,5384,1615200000,"[104.05999755859375, 541.0180053710938, 143.05999755859375, 554.302001953125]","[215.08999633789062, 541.0180053710938, 242.08999633789062, 554.302001953125]"
1392.HK,col_CO,14,A,400000,3917,1566800000,"[104.05999755859375, 571.2579956054688, 143.05999755859375, 584.5419921875]","[215.08999633789062, 571.2579956054688, 242.08999633789062, 584.5419921875]"
1392.HK,col_CO,14,A,500000,4073,2036500000,"[104.05999755859375, 601.3779907226562, 143.05999755859375, 614.6619873046875]","[215.08999633789062, 601.3779907226562, 242.08999633789062, 614.6619873046875]"
1392.HK,col_CO,14,A,600000,6952,4171200000,"[104.05999755859375, 631.6480102539062, 143.05999755859375, 644.9320068359375]","[215.08999633789062, 631.6480102539062, 242.08999633789062, 644.9320068359375]"
1392.HK,col_CO,15,B,700000,7164,5014800000,"[108.62000274658203, 193.08802795410156, 147.6199951171875, 206.3720245361328]","[224.08999633789062, 193.08802795410156, 251.08999633789062, 206.3720245361328]"
1392.HK,col_CO,15,B,800000,2799,2239200000,"[108.62000274658203, 223.32801818847656, 147.6199951171875, 236.6120147705078]","[224.08999633789062, 223.32801818847656, 251.08999633789062, 236.6120147705078]"
1392.HK,col_CO,15,B,900000,2385,2146500000,"[108.62000274658203, 253.56800842285156, 147.6199951171875, 266.8520202636719]","[224.08999633789062, 253.56800842285156, 251.08999633789062, 266.8520202636719]"
1392.HK,col_CO,15,B,1000000,8197,8197000000,"[99.6240005493164, 283.8380432128906, 147.62399291992188, 297.1220397949219]","[224.08999633789062, 283.8380432128906, 251.08999633789062, 297.1220397949219]"
1392.HK,col_CO,15,B,2000000,3954,7908000000,"[99.6240005493164, 314.0780334472656, 147.62399291992188, 327.3620300292969]","[224.08999633789062, 314.0780334472656, 251.08999633789062, 327.3620300292969]"
1392.HK,col_CO,15,B,3000000,2366,7098000000,"[99.6240005493164, 344.3180236816406, 147.62399291992188, 357.6020202636719]","[224.08999633789062, 344.3180236816406, 251.08999633789062, 357.6020202636719]"
1392.HK,col_CO,15,B,4258000,3478,14809324000,"[99.6240005493164, 374.43804931640625, 147.62399291992188, 387.7220458984375]","[224.08999633789062, 374.43804931640625, 251.08999633789062, 387.7220458984375]"
2335.HK,col_CO,11,A,200,44060,8812000,"[114.5843505859375, 268.4433288574219, 130.39434814453125, 279.50677490234375]","[180.4396209716797, 268.4433288574219, 209.7646026611328, 279.50677490234375]"
2335.HK,col_CO,11,A,400,24701,9880400,"[114.5843505859375, 282.4437255859375, 130.39434814453125, 293.5071716308594]","[180.4396209716797, 282.4437255859375, 209.7646026611328, 293.5071716308594]"
2335.HK,col_CO,11,A,600,4048,2428800,"[114.5843505859375, 296.4441223144531, 130.39434814453125, 307.507568359375]","[185.79461669921875, 296.4441223144531, 209.7646026611328, 307.507568359375]"
2335.HK,col_CO,11,A,800,2703,2162400,"[114.5843505859375, 310.44451904296875, 130.39434814453125, 321.5079650878906]","[185.79461669921875, 310.44451904296875, 209.7646026611328, 321.5079650878906]"
2335.HK,col_CO,11,A,1000,3083,3083000,"[106.42434692382812, 324.4449157714844, 130.39434814453125, 335.50836181640625]","[185.79461669921875, 324.4449157714844, 209.7646026611328, 335.50836181640625]"
2335.HK,col_CO,11,A,1200,1918,2301600,"[106.42434692382812, 338.4453125, 130.39434814453125, 349.5087585449219]","[185.79461669921875, 338.4453125, 209.7646026611328, 349.5087585449219]"
2335.HK,col_CO,11,A,1400,1344,1881600,"[106.42434692382812, 352.4457092285156, 130.39434814453125, 363.5091552734375]","[185.79461669921875, 352.4457092285156, 209.7646026611328, 363.5091552734375]"
2335.HK,col_CO,11,A,1600,1425,2280000,"[106.42434692382812, 366.44610595703125, 130.39434814453125, 377.5095520019531]","[185.79461669921875, 366.44610595703125, 209.7646026611328, 377.5095520019531]"
2335.HK,col_CO,11,A,1800,1500,2700000,"[106.42434692382812, 380.4465026855469, 130.39434814453125, 391.50994873046875]","[185.79461669921875, 380.4465026855469, 209.7646026611328, 391.50994873046875]"
2335.HK,col_CO,11,A,2000,12982,25964000,"[106.42434692382812, 394.4468994140625, 130.39434814453125, 405.5103454589844]","[180.4396209716797, 394.4468994140625, 209.7646026611328, 405.5103454589844]"
2335.HK,col_CO,11,A,3000,3436,10308000,"[106.42434692382812, 408.4472961425781, 130.39434814453125, 419.5107421875]","[185.79461669921875, 408.4472961425781, 209.7646026611328, 419.5107421875]"
2335.HK,col_CO,11,A,4000,4863,19452000,"[106.42434692382812, 422.44769287109375, 130.39434814453125, 433.5111389160156]","[185.79461669921875, 422.44769287109375, 209.7646026611328, 433.5111389160156]"
2335.HK,col_CO,11,A,5000,1990,9950000,"[106.42434692382812, 436.4480895996094, 130.39434814453125, 447.51153564453125]","[185.79461669921875, 436.4480895996094, 209.7646026611328, 447.51153564453125]"
2335.HK,col_CO,11,A,6000,1481,8886000,"[106.42434692382812, 450.448486328125, 130.39434814453125, 461.5119323730469]","[185.79461669921875, 450.448486328125, 209.7646026611328, 461.5119323730469]"
2335.HK,col_CO,11,A,7000,1130,7910000,"[106.42434692382812, 464.4488830566406, 130.39434814453125, 475.5123291015625]","[185.79461669921875, 464.4488830566406, 209.7646026611328, 475.5123291015625]"
2335.HK,col_CO,11,A,8000,1070,8560000,"[106.42434692382812, 478.44927978515625, 130.39434814453125, 489.5127258300781]","[185.79461669921875, 478.44927978515625, 209.7646026611328, 489.5127258300781]"
2335.HK,col_CO,11,A,9000,1558,14022000,"[106.42434692382812, 492.4496765136719, 130.39434814453125, 503.51312255859375]","[185.79461669921875, 492.4496765136719, 209.7646026611328, 503.51312255859375]"
2335.HK,col_CO,11,A,10000,6201,62010000,"[101.06935119628906, 506.4501037597656, 130.39434814453125, 517.5135498046875]","[185.79461669921875, 506.4501037597656, 209.7646026611328, 517.5135498046875]"
2335.HK,col_CO,11,A,20000,5421,108420000,"[101.06935119628906, 520.4505004882812, 130.39434814453125, 531.513916015625]","[185.79461669921875, 520.4505004882812, 209.7646026611328, 531.513916015625]"
2335.HK,col_CO,11,A,30000,3691,110730000,"[101.06935119628906, 534.4508666992188, 130.39434814453125, 545.5142822265625]","[185.79461669921875, 534.4508666992188, 209.7646026611328, 545.5142822265625]"
2335.HK,col_CO,11,A,40000,2469,98760000,"[101.06935119628906, 548.4512939453125, 130.39434814453125, 559.5147094726562]","[185.79461669921875, 548.4512939453125, 209.7646026611328, 559.5147094726562]"
2335.HK,col_CO,11,A,50000,1567,78350000,"[101.06935119628906, 562.4517211914062, 130.39434814453125, 573.51513671875]","[185.79461669921875, 562.4517211914062, 209.7646026611328, 573.51513671875]"
2335.HK,col_CO,11,A,60000,1352,81120000,"[101.06935119628906, 576.4520874023438, 130.39434814453125, 587.5155029296875]","[185.79461669921875, 576.4520874023438, 209.7646026611328, 587.5155029296875]"
2335.HK,col_CO,11,A,70000,1071,74970000,"[101.06935119628906, 590.4524536132812, 130.39434814453125, 601.515869140625]","[185.79461669921875, 590.4524536132812, 209.7646026611328, 601.515869140625]"
2335.HK,col_CO,11,A,80000,750,60000000,"[101.06935119628906, 604.452880859375, 130.39434814453125, 615.5162963867188]","[193.95462036132812, 604.452880859375, 209.76461791992188, 615.5162963867188]"
2335.HK,col_CO,11,A,90000,647,58230000,"[101.06935119628906, 618.4533081054688, 130.39434814453125, 629.5167236328125]","[193.95462036132812, 618.4533081054688, 209.76461791992188, 629.5167236328125]"
2335.HK,col_CO,11,A,100000,4429,442900000,"[95.71435546875, 632.4536743164062, 130.39434814453125, 643.51708984375]","[185.79461669921875, 632.4536743164062, 209.7646026611328, 643.51708984375]"
2335.HK,col_CO,11,A,200000,4791,958200000,"[95.71435546875, 646.4540405273438, 130.39434814453125, 657.5174560546875]","[185.79461669921875, 646.4540405273438, 209.7646026611328, 657.5174560546875]"
2335.HK,col_CO,12,B,300000,4433,1329900000,"[95.71334838867188, 198.44334411621094, 130.39334106445312, 209.5067901611328]","[185.79360961914062, 198.44334411621094, 209.7635955810547, 209.5067901611328]"
2335.HK,col_CO,12,B,400000,912,364800000,"[95.71334838867188, 226.4429168701172, 130.39334106445312, 237.50636291503906]","[193.95361328125, 226.4429168701172, 209.76361083984375, 237.50636291503906]"
2335.HK,col_CO,12,B,500000,725,362500000,"[95.71334838867188, 254.44248962402344, 130.39334106445312, 265.50592041015625]","[193.95361328125, 254.44248962402344, 209.76361083984375, 265.50592041015625]"
2335.HK,col_CO,12,B,600000,348,208800000,"[95.71334838867188, 282.44207763671875, 130.39334106445312, 293.5055236816406]","[193.95361328125, 282.44207763671875, 209.76361083984375, 293.5055236816406]"
2335.HK,col_CO,12,B,700000,339,237300000,"[95.71334838867188, 310.4416809082031, 130.39334106445312, 321.505126953125]","[193.95361328125, 310.4416809082031, 209.76361083984375, 321.505126953125]"
2335.HK,col_CO,12,B,800000,204,163200000,"[95.71334838867188, 324.44207763671875, 130.39334106445312, 335.5055236816406]","[193.95361328125, 324.44207763671875, 209.76361083984375, 335.5055236816406]"
2335.HK,col_CO,12,B,900000,123,110700000,"[95.71334838867188, 352.4416809082031, 130.39334106445312, 363.505126953125]","[193.95361328125, 352.4416809082031, 209.76361083984375, 363.505126953125]"
2335.HK,col_CO,12,B,1000000,618,618000000,"[87.55337524414062, 380.4412841796875, 130.39337158203125, 391.5047302246094]","[193.95364379882812, 380.4412841796875, 209.76364135742188, 391.5047302246094]"
2335.HK,col_CO,12,B,2000000,126,252000000,"[87.55337524414062, 408.4408874511719, 130.39337158203125, 419.50433349609375]","[193.95364379882812, 408.4408874511719, 209.76364135742188, 419.50433349609375]"
2335.HK,col_CO,12,B,2902800,323,937604400,"[87.55337524414062, 422.4412841796875, 130.39337158203125, 433.5047302246094]","[193.95364379882812, 422.4412841796875, 209.76364135742188, 433.5047302246094]"
6106.HK,col_CO,16,A,50,70566,3528300,"[115.62466430664062, 225.6707305908203, 124.72467041015625, 240.17872619628906]","[179.0698699951172, 225.6707305908203, 204.09487915039062, 240.17872619628906]"
6106.HK,col_CO,16,A,100,10449,1044900,"[111.07467651367188, 240.67274475097656, 124.72468566894531, 255.1807403564453]","[179.06988525390625, 240.67274475097656, 204.0948944091797, 255.1807403564453]"
6106.HK,col_CO,16,A,150,5530,829500,"[111.07467651367188, 255.6747589111328, 124.72468566894531, 270.1827697753906]","[183.619873046875, 255.6747589111328, 204.09487915039062, 270.1827697753906]"
6106.HK,col_CO,16,A,200,4371,874200,"[111.07467651367188, 270.6767578125, 124.72468566894531, 285.1847839355469]","[183.619873046875, 270.6767578125, 204.09487915039062, 285.1847839355469]"
6106.HK,col_CO,16,A,250,3763,940750,"[111.07467651367188, 285.67877197265625, 124.72468566894531, 300.1867980957031]","[183.619873046875, 285.67877197265625, 204.09487915039062, 300.1867980957031]"
6106.HK,col_CO,16,A,300,3298,989400,"[111.07467651367188, 300.6807861328125, 124.72468566894531, 315.1888122558594]","[183.619873046875, 300.6807861328125, 204.09487915039062, 315.1888122558594]"
6106.HK,col_CO,16,A,350,3045,1065750,"[111.07467651367188, 315.68280029296875, 124.72468566894531, 330.1908264160156]","[183.619873046875, 315.68280029296875, 204.09487915039062, 330.1908264160156]"
6106.HK,col_CO,16,A,400,2617,1046800,"[111.07467651367188, 330.684814453125, 124.72468566894531, 345.1928405761719]","[183.619873046875, 330.684814453125, 204.09487915039062, 345.1928405761719]"
6106.HK,col_CO,16,A,450,14742,6633900,"[111.07467651367188, 345.68682861328125, 124.72468566894531, 360.1948547363281]","[179.06988525390625, 345.68682861328125, 204.0948944091797, 360.1948547363281]"
6106.HK,col_CO,16,A,500,7310,3655000,"[111.07467651367188, 360.6888427734375, 124.72468566894531, 375.1968688964844]","[183.619873046875, 360.6888427734375, 204.09487915039062, 375.1968688964844]"
6106.HK,col_CO,16,A,600,3410,2046000,"[111.07467651367188, 375.69085693359375, 124.72468566894531, 390.1988830566406]","[183.619873046875, 375.69085693359375, 204.09487915039062, 390.1988830566406]"
6106.HK,col_CO,16,A,700,2370,1659000,"[111.07467651367188, 390.69287109375, 124.72468566894531, 405.2008972167969]","[183.619873046875, 390.69287109375, 204.09487915039062, 405.2008972167969]"
6106.HK,col_CO,16,A,800,1765,1412000,"[111.07467651367188, 405.69488525390625, 124.72468566894531, 420.2029113769531]","[183.619873046875, 405.69488525390625, 204.09487915039062, 420.2029113769531]"
6106.HK,col_CO,16,A,900,3854,3468600,"[111.07467651367188, 420.6968994140625, 124.72468566894531, 435.2049255371094]","[183.619873046875, 420.6968994140625, 204.09487915039062, 435.2049255371094]"
6106.HK,col_CO,16,A,1000,6394,6394000,"[104.24969482421875, 435.69891357421875, 124.7247085571289, 450.2069396972656]","[183.61990356445312, 435.69891357421875, 204.09490966796875, 450.2069396972656]"
6106.HK,col_CO,16,A,1500,4303,6454500,"[104.24972534179688, 450.700927734375, 124.72473907470703, 465.2089538574219]","[183.61993408203125, 450.700927734375, 204.09494018554688, 465.2089538574219]"
6106.HK,col_CO,16,A,2000,3327,6654000,"[104.249755859375, 465.70294189453125, 124.72476959228516, 480.2109680175781]","[183.61996459960938, 465.70294189453125, 204.094970703125, 480.2109680175781]"
6106.HK,col_CO,16,A,2500,2527,6317500,"[104.24978637695312, 480.7049560546875, 124.72480010986328, 495.2129821777344]","[183.6199951171875, 480.7049560546875, 204.09500122070312, 495.2129821777344]"
6106.HK,col_CO,16,A,3000,2395,7185000,"[104.24981689453125, 495.70697021484375, 124.7248306274414, 510.2149963378906]","[183.62002563476562, 495.70697021484375, 204.09503173828125, 510.2149963378906]"
6106.HK,col_CO,16,A,3500,1832,6412000,"[104.24984741210938, 510.708984375, 124.72486114501953, 525.2169799804688]","[183.62005615234375, 510.708984375, 204.09506225585938, 525.2169799804688]"
6106.HK,col_CO,16,A,4000,1780,7120000,"[104.2498779296875, 525.7109985351562, 124.72489166259766, 540.218994140625]","[183.62008666992188, 525.7109985351562, 204.0950927734375, 540.218994140625]"
6106.HK,col_CO,16,A,4500,1450,6525000,"[104.24990844726562, 540.7130126953125, 124.72492218017578, 555.2210083007812]","[183.6201171875, 540.7130126953125, 204.09512329101562, 555.2210083007812]"
6106.HK,col_CO,16,A,5000,3436,17180000,"[104.24993896484375, 555.7150268554688, 124.7249526977539, 570.2230224609375]","[183.62014770507812, 555.7150268554688, 204.09515380859375, 570.2230224609375]"
6106.HK,col_CO,16,A,6000,2496,14976000,"[104.24996948242188, 570.7169799804688, 124.72498321533203, 585.2249755859375]","[183.62017822265625, 570.7169799804688, 204.09518432617188, 585.2249755859375]"
6106.HK,col_CO,16,A,7000,3053,21371000,"[104.25, 585.718994140625, 124.72501373291016, 600.2269897460938]","[183.62020874023438, 585.718994140625, 204.09521484375, 600.2269897460938]"
6106.HK,col_CO,16,A,8000,1672,13376000,"[104.25003051757812, 600.7210083007812, 124.72504425048828, 615.22900390625]","[183.6202392578125, 600.7210083007812, 204.09524536132812, 615.22900390625]"
6106.HK,col_CO,16,A,9000,1424,12816000,"[104.25006103515625, 615.7229614257812, 124.7250747680664, 630.23095703125]","[183.62026977539062, 615.7229614257812, 204.09527587890625, 630.23095703125]"
6106.HK,col_CO,16,A,10000,8958,89580000,"[99.7000732421875, 630.7249755859375, 124.72509002685547, 645.2329711914062]","[183.62026977539062, 630.7249755859375, 204.09527587890625, 645.2329711914062]"
6106.HK,col_CO,16,A,20000,6846,136920000,"[99.7000732421875, 645.7269897460938, 124.72509002685547, 660.2349853515625]","[183.62026977539062, 645.7269897460938, 204.09527587890625, 660.2349853515625]"
6106.HK,col_CO,16,A,30000,4268,128040000,"[99.7000732421875, 660.72900390625, 124.72509002685547, 675.2369995117188]","[183.62026977539062, 660.72900390625, 204.09527587890625, 675.2369995117188]"
6106.HK,col_CO,16,A,40000,7179,287160000,"[99.7000732421875, 675.7310180664062, 124.72509002685547, 690.239013671875]","[183.62026977539062, 675.7310180664062, 204.09527587890625, 690.239013671875]"
6106.HK,col_CO,17,B,50000,7560,378000000,"[99.69966125488281, 148.65699768066406, 124.72467803955078, 163.1649932861328]","[183.619873046875, 148.65699768066406, 204.09487915039062, 163.1649932861328]"
6106.HK,col_CO,17,B,60000,2376,142560000,"[99.69967651367188, 163.6590118408203, 124.72469329833984, 178.16700744628906]","[183.619873046875, 163.6590118408203, 204.09487915039062, 178.16700744628906]"
6106.HK,col_CO,17,B,70000,2373,166110000,"[99.69967651367188, 178.66102600097656, 124.72469329833984, 193.1690216064453]","[183.619873046875, 178.66102600097656, 204.09487915039062, 193.1690216064453]"
6106.HK,col_CO,17,B,80000,1249,99920000,"[99.69967651367188, 193.6630401611328, 124.72469329833984, 208.17103576660156]","[183.619873046875, 193.6630401611328, 204.09487915039062, 208.17103576660156]"
6106.HK,col_CO,17,B,90000,725,65250000,"[99.69967651367188, 208.66505432128906, 124.72469329833984, 223.1730499267578]","[190.44488525390625, 208.66505432128906, 204.0948944091797, 223.1730499267578]"
6106.HK,col_CO,17,B,100000,2713,271300000,"[95.14968872070312, 223.6670684814453, 124.7247085571289, 238.17506408691406]","[183.61990356445312, 223.6670684814453, 204.09490966796875, 238.17506408691406]"
6106.HK,col_CO,17,B,150000,1599,239850000,"[95.14971923828125, 238.66908264160156, 124.72473907470703, 253.1770782470703]","[183.61993408203125, 238.66908264160156, 204.09494018554688, 253.1770782470703]"
6106.HK,col_CO,17,B,200000,1376,275200000,"[95.14974975585938, 253.6710968017578, 124.72476959228516, 268.1791076660156]","[183.61996459960938, 253.6710968017578, 204.094970703125, 268.1791076660156]"
6106.HK,col_CO,17,B,262450,2565,673184250,"[95.1497802734375, 268.673095703125, 124.72480010986328, 283.1811218261719]","[183.6199951171875, 268.673095703125, 204.09500122070312, 283.1811218261719]"
3952.HK,col_CO,14,A,100,63206,6320600,"[92.83330535888672, 168.50018310546875, 107.71331024169922, 181.89218139648438]","[150.9805145263672, 168.50018310546875, 178.5804901123047, 181.89218139648438]"
3952.HK,col_CO,14,A,200,7754,1550800,"[92.83334350585938, 182.50421142578125, 107.71334838867188, 195.89620971679688]","[156.02053833007812, 182.50421142578125, 178.5805206298828, 195.89620971679688]"
3952.HK,col_CO,14,A,300,5117,1535100,"[92.83334350585938, 196.50823974609375, 107.71334838867188, 209.90023803710938]","[156.02053833007812, 196.50823974609375, 178.5805206298828, 209.90023803710938]"
3952.HK,col_CO,14,A,400,3421,1368400,"[92.83334350585938, 210.51226806640625, 107.71334838867188, 223.90426635742188]","[156.02053833007812, 210.51226806640625, 178.5805206298828, 223.90426635742188]"
3952.HK,col_CO,14,A,500,17665,8832500,"[92.83334350585938, 224.51629638671875, 107.71334838867188, 237.90829467773438]","[150.9805450439453, 224.51629638671875, 178.5805206298828, 237.90829467773438]"
3952.HK,col_CO,14,A,600,3061,1836600,"[92.83334350585938, 238.52032470703125, 107.71334838867188, 251.91232299804688]","[156.02053833007812, 238.52032470703125, 178.5805206298828, 251.91232299804688]"
3952.HK,col_CO,14,A,700,1686,1180200,"[92.83334350585938, 252.52435302734375, 107.71334838867188, 265.9163513183594]","[156.02053833007812, 252.52435302734375, 178.5805206298828, 265.9163513183594]"
3952.HK,col_CO,14,A,800,1569,1255200,"[92.83334350585938, 266.52838134765625, 107.71334838867188, 279.9203796386719]","[156.02053833007812, 266.52838134765625, 178.5805206298828, 279.9203796386719]"
3952.HK,col_CO,14,A,900,1051,945900,"[92.83334350585938, 280.5323791503906, 107.71334838867188, 293.92437744140625]","[156.02053833007812, 280.5323791503906, 178.5805206298828, 293.92437744140625]"
3952.HK,col_CO,14,A,1000,9827,9827000,"[85.1533203125, 294.536376953125, 107.71332550048828, 307.9283752441406]","[156.02052307128906, 294.536376953125, 178.58050537109375, 307.9283752441406]"
3952.HK,col_CO,14,A,1500,3021,4531500,"[85.1533203125, 308.5403747558594, 107.71332550048828, 321.932373046875]","[156.02052307128906, 308.5403747558594, 178.58050537109375, 321.932373046875]"
3952.HK,col_CO,14,A,2000,2946,5892000,"[85.1533203125, 322.54437255859375, 107.71332550048828, 335.9363708496094]","[156.02052307128906, 322.54437255859375, 178.58050537109375, 335.9363708496094]"
3952.HK,col_CO,14,A,2500,2049,5122500,"[85.1533203125, 336.5483703613281, 107.71332550048828, 349.94036865234375]","[156.02052307128906, 336.5483703613281, 178.58050537109375, 349.94036865234375]"
3952.HK,col_CO,14,A,3000,2182,6546000,"[85.1533203125, 350.5523681640625, 107.71332550048828, 363.9443664550781]","[156.02052307128906, 350.5523681640625, 178.58050537109375, 363.9443664550781]"
3952.HK,col_CO,14,A,3500,1633,5715500,"[85.1533203125, 364.5563659667969, 107.71332550048828, 377.9483642578125]","[156.02052307128906, 364.5563659667969, 178.58050537109375, 377.9483642578125]"
3952.HK,col_CO,14,A,4000,1511,6044000,"[85.1533203125, 378.56036376953125, 107.71332550048828, 391.9523620605469]","[156.02052307128906, 378.56036376953125, 178.58050537109375, 391.9523620605469]"
3952.HK,col_CO,14,A,4500,1303,5863500,"[85.1533203125, 392.5643615722656, 107.71332550048828, 405.95635986328125]","[156.02052307128906, 392.5643615722656, 178.58050537109375, 405.95635986328125]"
3952.HK,col_CO,14,A,5000,2915,14575000,"[85.1533203125, 406.568359375, 107.71332550048828, 419.9603576660156]","[156.02052307128906, 406.568359375, 178.58050537109375, 419.9603576660156]"
3952.HK,col_CO,14,A,6000,2387,14322000,"[85.1533203125, 420.5723571777344, 107.71332550048828, 433.96435546875]","[156.02052307128906, 420.5723571777344, 178.58050537109375, 433.96435546875]"
3952.HK,col_CO,14,A,7000,1934,13538000,"[85.1533203125, 434.57635498046875, 107.71332550048828, 447.9683532714844]","[156.02052307128906, 434.57635498046875, 178.58050537109375, 447.9683532714844]"
3952.HK,col_CO,14,A,8000,1644,13152000,"[85.1533203125, 448.5803527832031, 107.71332550048828, 461.97235107421875]","[156.02052307128906, 448.5803527832031, 178.58050537109375, 461.97235107421875]"
3952.HK,col_CO,14,A,9000,1239,11151000,"[85.1533203125, 462.5843505859375, 107.71332550048828, 475.9763488769531]","[156.02052307128906, 462.5843505859375, 178.58050537109375, 475.9763488769531]"
3952.HK,col_CO,14,A,10000,7917,79170000,"[80.11334228515625, 476.5883483886719, 107.71334838867188, 489.9803466796875]","[156.02053833007812, 476.5883483886719, 178.5805206298828, 489.9803466796875]"
3952.HK,col_CO,14,A,20000,5648,112960000,"[80.11334228515625, 490.59234619140625, 107.71334838867188, 503.9843444824219]","[156.02053833007812, 490.59234619140625, 178.5805206298828, 503.9843444824219]"
3952.HK,col_CO,14,A,30000,4205,126150000,"[80.11334228515625, 504.5963134765625, 107.71334838867188, 517.9883422851562]","[156.02053833007812, 504.5963134765625, 178.5805206298828, 517.9883422851562]"
3952.HK,col_CO,14,A,40000,2614,104560000,"[80.11334228515625, 518.600341796875, 107.71334838867188, 531.9923706054688]","[156.02053833007812, 518.600341796875, 178.5805206298828, 531.9923706054688]"
3952.HK,col_CO,14,A,50000,4478,223900000,"[80.11334228515625, 532.6043701171875, 107.71334838867188, 545.9963989257812]","[156.02053833007812, 532.6043701171875, 178.5805206298828, 545.9963989257812]"
3952.HK,col_CO,15,B,60000,6419,385140000,"[80.11328887939453, 142.26019287109375, 107.71329498291016, 155.65219116210938]","[156.02049255371094, 142.26019287109375, 178.58047485351562, 155.65219116210938]"
3952.HK,col_CO,15,B,70000,1835,128450000,"[80.11328125, 156.26422119140625, 107.71328735351562, 169.65621948242188]","[156.02047729492188, 156.26422119140625, 178.58045959472656, 169.65621948242188]"
3952.HK,col_CO,15,B,80000,1283,102640000,"[80.11328125, 170.26824951171875, 107.71328735351562, 183.66024780273438]","[156.02047729492188, 170.26824951171875, 178.58045959472656, 183.66024780273438]"
3952.HK,col_CO,15,B,90000,982,88380000,"[80.11328125, 184.27227783203125, 107.71328735351562, 197.66427612304688]","[163.7004852294922, 184.27227783203125, 178.58047485351562, 197.66427612304688]"
3952.HK,col_CO,15,B,100000,2838,283800000,"[75.07327270507812, 198.27630615234375, 107.7132797241211, 211.66830444335938]","[156.02047729492188, 198.27630615234375, 178.58045959472656, 211.66830444335938]"
3952.HK,col_CO,15,B,150000,1654,248100000,"[75.07327270507812, 212.28033447265625, 107.7132797241211, 225.67233276367188]","[156.02047729492188, 212.28033447265625, 178.58045959472656, 225.67233276367188]"
3952.HK,col_CO,15,B,200000,1035,207000000,"[75.07327270507812, 226.28436279296875, 107.7132797241211, 239.67636108398438]","[156.02047729492188, 226.28436279296875, 178.58045959472656, 239.67636108398438]"
3952.HK,col_CO,15,B,250000,651,162750000,"[75.07327270507812, 240.28839111328125, 107.7132797241211, 253.68038940429688]","[163.70046997070312, 240.28839111328125, 178.58045959472656, 253.68038940429688]"
3952.HK,col_CO,15,B,300000,345,103500000,"[75.07327270507812, 254.29241943359375, 107.7132797241211, 267.6844177246094]","[163.70046997070312, 254.29241943359375, 178.58045959472656, 267.6844177246094]"
3952.HK,col_CO,15,B,336000,1712,575232000,"[75.07327270507812, 268.29644775390625, 107.7132797241211, 281.6884460449219]","[156.02047729492188, 268.29644775390625, 178.58045959472656, 281.6884460449219]"
2667.HK,col_CO,12,A,500,31095,15547500,"[102.27146911621094, 567.798583984375, 116.22146606445312, 581.1906127929688]","[169.71746826171875, 567.798583984375, 195.59249877929688, 581.1906127929688]"
2667.HK,col_CO,12,A,1000,4943,4943000,"[95.07147216796875, 581.8026123046875, 116.22146606445312, 595.1946411132812]","[174.44247436523438, 581.8026123046875, 195.59249877929688, 595.1946411132812]"
2667.HK,col_CO,12,A,1500,11161,16741500,"[95.07147216796875, 595.8065795898438, 116.22146606445312, 609.1986083984375]","[169.71746826171875, 595.8065795898438, 195.59249877929688, 609.1986083984375]"
2667.HK,col_CO,12,A,2000,1637,3274000,"[95.07147216796875, 609.810546875, 116.22146606445312, 623.2025756835938]","[174.44247436523438, 609.810546875, 195.59249877929688, 623.2025756835938]"
2667.HK,col_CO,12,A,2500,1193,2982500,"[95.07147216796875, 623.8145751953125, 116.22146606445312, 637.2066040039062]","[174.44247436523438, 623.8145751953125, 195.59249877929688, 637.2066040039062]"
2667.HK,col_CO,12,A,3000,716,2148000,"[95.07147216796875, 637.818603515625, 116.22146606445312, 651.2106323242188]","[181.64248657226562, 637.818603515625, 195.59249877929688, 651.2106323242188]"
2667.HK,col_CO,12,A,3500,378,1323000,"[95.07147216796875, 651.8225708007812, 116.22146606445312, 665.214599609375]","[181.64248657226562, 651.8225708007812, 195.59249877929688, 665.214599609375]"
2667.HK,col_CO,12,A,4000,340,1360000,"[95.07147216796875, 665.8265380859375, 116.22146606445312, 679.2185668945312]","[181.64248657226562, 665.8265380859375, 195.59249877929688, 679.2185668945312]"
2667.HK,col_CO,12,A,4500,261,1174500,"[95.07147216796875, 679.83056640625, 116.22146606445312, 693.2225952148438]","[181.64248657226562, 679.83056640625, 195.59249877929688, 693.2225952148438]"
2667.HK,col_CO,12,A,5000,3022,15110000,"[95.07147216796875, 693.8345947265625, 116.22146606445312, 707.2266235351562]","[174.44247436523438, 693.8345947265625, 195.59249877929688, 707.2266235351562]"
2667.HK,col_CO,12,A,6000,351,2106000,"[95.07147216796875, 707.8385620117188, 116.22146606445312, 721.2305908203125]","[181.64248657226562, 707.8385620117188, 195.59249877929688, 721.2305908203125]"
2667.HK,col_CO,12,A,7000,1669,11683000,"[95.07147216796875, 721.8425903320312, 116.22146606445312, 735.234619140625]","[174.44247436523438, 721.8425903320312, 195.59249877929688, 735.234619140625]"
2667.HK,col_CO,13,A,8000,366,2928000,"[95.07099914550781, 156.24810791015625, 116.22099304199219, 169.64010620117188]","[181.64199829101562, 156.24810791015625, 195.59201049804688, 169.64010620117188]"
2667.HK,col_CO,13,A,9000,206,1854000,"[95.07098388671875, 170.25213623046875, 116.22097778320312, 183.64413452148438]","[181.64199829101562, 170.25213623046875, 195.59201049804688, 183.64413452148438]"
2667.HK,col_CO,13,A,10000,1074,10740000,"[90.34600830078125, 184.25616455078125, 116.22100067138672, 197.64816284179688]","[174.4420166015625, 184.25616455078125, 195.592041015625, 197.64816284179688]"
2667.HK,col_CO,13,A,15000,1297,19455000,"[90.34600830078125, 198.26019287109375, 116.22100067138672, 211.65219116210938]","[174.4420166015625, 198.26019287109375, 195.592041015625, 211.65219116210938]"
2667.HK,col_CO,13,A,20000,503,10060000,"[90.34600830078125, 212.26422119140625, 116.22100067138672, 225.65621948242188]","[181.64199829101562, 212.26422119140625, 195.59201049804688, 225.65621948242188]"
2667.HK,col_CO,13,A,25000,403,10075000,"[90.34600830078125, 226.26824951171875, 116.22100067138672, 239.66024780273438]","[181.64199829101562, 226.26824951171875, 195.59201049804688, 239.66024780273438]"
2667.HK,col_CO,13,A,30000,301,9030000,"[90.34600830078125, 240.27227783203125, 116.22100067138672, 253.66427612304688]","[181.64199829101562, 240.27227783203125, 195.59201049804688, 253.66427612304688]"
2667.HK,col_CO,13,A,35000,195,6825000,"[90.34600830078125, 254.27630615234375, 116.22100067138672, 267.6683044433594]","[181.64199829101562, 254.27630615234375, 195.59201049804688, 267.6683044433594]"
2667.HK,col_CO,13,A,40000,183,7320000,"[90.34600830078125, 268.28033447265625, 116.22100067138672, 281.6723327636719]","[181.64199829101562, 268.28033447265625, 195.59201049804688, 281.6723327636719]"
2667.HK,col_CO,13,A,45000,117,5265000,"[90.34600830078125, 282.2843322753906, 116.22100067138672, 295.67633056640625]","[181.64199829101562, 282.2843322753906, 195.59201049804688, 295.67633056640625]"
2667.HK,col_CO,13,A,50000,628,31400000,"[90.34600830078125, 296.288330078125, 116.22100067138672, 309.6803283691406]","[181.64199829101562, 296.288330078125, 195.59201049804688, 309.6803283691406]"
2667.HK,col_CO,13,A,60000,193,11580000,"[90.34600830078125, 310.2923278808594, 116.22100067138672, 323.684326171875]","[181.64199829101562, 310.2923278808594, 195.59201049804688, 323.684326171875]"
2667.HK,col_CO,13,A,70000,161,11270000,"[90.34600830078125, 324.29632568359375, 116.22100067138672, 337.6883239746094]","[181.64199829101562, 324.29632568359375, 195.59201049804688, 337.6883239746094]"
2667.HK,col_CO,13,A,80000,213,17040000,"[90.34600830078125, 338.3003234863281, 116.22100067138672, 351.69232177734375]","[181.64199829101562, 338.3003234863281, 195.59201049804688, 351.69232177734375]"
2667.HK,col_CO,13,A,90000,123,11070000,"[90.34600830078125, 352.3043212890625, 116.22100067138672, 365.6963195800781]","[181.64199829101562, 352.3043212890625, 195.59201049804688, 365.6963195800781]"
2667.HK,col_CO,13,A,100000,885,88500000,"[85.6209716796875, 366.3083190917969, 116.22096252441406, 379.7003173828125]","[181.6419677734375, 366.3083190917969, 195.59197998046875, 379.7003173828125]"
2667.HK,col_CO,13,A,200000,507,101400000,"[85.6209716796875, 380.31231689453125, 116.22096252441406, 393.7043151855469]","[181.6419677734375, 380.31231689453125, 195.59197998046875, 393.7043151855469]"
2667.HK,col_CO,13,A,300000,298,89400000,"[85.6209716796875, 394.3163146972656, 116.22096252441406, 407.70831298828125]","[181.6419677734375, 394.3163146972656, 195.59197998046875, 407.70831298828125]"
2667.HK,col_CO,13,A,400000,220,88000000,"[85.6209716796875, 408.3203125, 116.22096252441406, 421.7123107910156]","[181.6419677734375, 408.3203125, 195.59197998046875, 421.7123107910156]"
2667.HK,col_CO,13,A,500000,200,100000000,"[85.6209716796875, 422.3243103027344, 116.22096252441406, 435.71630859375]","[181.6419677734375, 422.3243103027344, 195.59197998046875, 435.71630859375]"
2667.HK,col_CO,13,A,600000,126,75600000,"[85.6209716796875, 436.32830810546875, 116.22096252441406, 449.7203063964844]","[181.6419677734375, 436.32830810546875, 195.59197998046875, 449.7203063964844]"
2667.HK,col_CO,13,A,700000,95,66500000,"[85.6209716796875, 450.3323059082031, 116.22096252441406, 463.72430419921875]","[186.36697387695312, 450.3323059082031, 195.59197998046875, 463.72430419921875]"
2667.HK,col_CO,13,A,800000,238,190400000,"[85.6209716796875, 464.3363037109375, 116.22096252441406, 477.7283020019531]","[181.6419677734375, 464.3363037109375, 195.59197998046875, 477.7283020019531]"
2667.HK,col_CO,13,B,900000,484,435600000,"[85.62110900878906, 543.0889892578125, 116.22109985351562, 556.4810180664062]","[181.64210510253906, 543.0889892578125, 195.5921173095703, 556.4810180664062]"
2667.HK,col_CO,13,B,1000000,333,333000000,"[78.42111206054688, 557.093017578125, 116.22109985351562, 570.4850463867188]","[181.64212036132812, 557.093017578125, 195.59213256835938, 570.4850463867188]"
2667.HK,col_CO,13,B,2000000,110,220000000,"[78.42111206054688, 571.0969848632812, 116.22109985351562, 584.489013671875]","[181.64212036132812, 571.0969848632812, 195.59213256835938, 584.489013671875]"
2667.HK,col_CO,13,B,3000000,84,252000000,"[78.42111206054688, 585.1009521484375, 116.22109985351562, 598.4929809570312]","[186.36712646484375, 585.1009521484375, 195.59213256835938, 598.4929809570312]"
2667.HK,col_CO,13,B,5407500,81,438007500,"[78.42111206054688, 599.10498046875, 116.22109985351562, 612.4970092773438]","[186.36712646484375, 599.10498046875, 195.59213256835938, 612.4970092773438]"
6880.HK,col_CO,23,A,20,86896,1737920,"[111.3558349609375, 232.8256378173828, 121.88582611083984, 247.33363342285156]","[191.85183715820312, 232.8256378173828, 221.10183715820312, 247.33363342285156]"
6880.HK,col_CO,23,A,40,9962,398480,"[111.35586547851562, 248.3216094970703, 121.88585662841797, 262.8296203613281]","[197.17666625976562, 248.3216094970703, 221.09666442871094, 262.8296203613281]"
6880.HK,col_CO,23,A,60,3920,235200,"[111.34548950195312, 263.81756591796875, 121.87548065185547, 278.3255920410156]","[197.16629028320312, 263.81756591796875, 221.08628845214844, 278.3255920410156]"
6880.HK,col_CO,23,A,80,2629,210320,"[111.33511352539062, 279.31353759765625, 121.86510467529297, 293.8215637207031]","[197.15591430664062, 279.31353759765625, 221.07591247558594, 293.8215637207031]"
6880.HK,col_CO,23,A,100,3922,392200,"[105.99993896484375, 294.80950927734375, 121.85992431640625, 309.3175354003906]","[197.15594482421875, 294.80950927734375, 221.07594299316406, 309.3175354003906]"
6880.HK,col_CO,23,A,120,1888,226560,"[105.99993896484375, 310.30548095703125, 121.85992431640625, 324.8135070800781]","[197.15594482421875, 310.30548095703125, 221.07594299316406, 324.8135070800781]"
6880.HK,col_CO,23,A,140,1710,239400,"[105.99993896484375, 325.8014831542969, 121.85992431640625, 340.30950927734375]","[197.15594482421875, 325.8014831542969, 221.07594299316406, 340.30950927734375]"
6880.HK,col_CO,23,A,160,11079,1772640,"[105.99993896484375, 341.2974853515625, 121.85992431640625, 355.8055114746094]","[191.82073974609375, 341.2974853515625, 221.07073974609375, 355.8055114746094]"
6880.HK,col_CO,23,A,180,1625,292500,"[105.99993896484375, 356.7934875488281, 121.85992431640625, 371.301513671875]","[197.15594482421875, 356.7934875488281, 221.07594299316406, 371.301513671875]"
6880.HK,col_CO,23,A,200,8338,1667600,"[105.99993896484375, 372.28948974609375, 121.85992431640625, 386.7975158691406]","[197.15594482421875, 372.28948974609375, 221.07594299316406, 386.7975158691406]"
6880.HK,col_CO,23,A,300,8157,2447100,"[105.99993896484375, 387.7854919433594, 121.85992431640625, 402.29351806640625]","[197.15594482421875, 387.7854919433594, 221.07594299316406, 402.29351806640625]"
6880.HK,col_CO,23,A,400,3422,1368800,"[105.99993896484375, 403.281494140625, 121.85992431640625, 417.7895202636719]","[197.15594482421875, 403.281494140625, 221.07594299316406, 417.7895202636719]"
6880.HK,col_CO,23,A,500,2349,1174500,"[105.99993896484375, 418.7774963378906, 121.85992431640625, 433.2855224609375]","[197.15594482421875, 418.7774963378906, 221.07594299316406, 433.2855224609375]"
6880.HK,col_CO,23,A,600,2455,1473000,"[105.99993896484375, 434.27349853515625, 121.85992431640625, 448.7815246582031]","[197.15594482421875, 434.27349853515625, 221.07594299316406, 448.7815246582031]"
6880.HK,col_CO,23,A,700,1745,1221500,"[105.99993896484375, 449.7695007324219, 121.85992431640625, 464.27752685546875]","[197.15594482421875, 449.7695007324219, 221.07594299316406, 464.27752685546875]"
6880.HK,col_CO,23,A,800,1923,1538400,"[105.99993896484375, 465.2655029296875, 121.85992431640625, 479.7735290527344]","[197.15594482421875, 465.2655029296875, 221.07594299316406, 479.7735290527344]"
6880.HK,col_CO,23,A,900,1190,1071000,"[105.99993896484375, 480.7615051269531, 121.85992431640625, 495.26953125]","[197.15594482421875, 480.7615051269531, 221.07594299316406, 495.26953125]"
6880.HK,col_CO,23,A,1000,8590,8590000,"[97.93991088867188, 496.25750732421875, 121.8598861694336, 510.7655334472656]","[197.15591430664062, 496.25750732421875, 221.07591247558594, 510.7655334472656]"
6880.HK,col_CO,23,A,2000,7380,14760000,"[97.93991088867188, 511.75347900390625, 121.8598861694336, 526.261474609375]","[197.15591430664062, 511.75347900390625, 221.07591247558594, 526.261474609375]"
6880.HK,col_CO,23,A,3000,4141,12423000,"[97.93991088867188, 527.24951171875, 121.8598861694336, 541.7575073242188]","[197.15591430664062, 527.24951171875, 221.07591247558594, 541.7575073242188]"
6880.HK,col_CO,23,A,4000,3844,15376000,"[97.93991088867188, 542.7455444335938, 121.8598861694336, 557.2535400390625]","[197.15591430664062, 542.7455444335938, 221.07591247558594, 557.2535400390625]"
6880.HK,col_CO,23,A,5000,2486,12430000,"[97.93991088867188, 558.2415161132812, 121.8598861694336, 572.74951171875]","[197.15591430664062, 558.2415161132812, 221.07591247558594, 572.74951171875]"
6880.HK,col_CO,23,A,6000,2072,12432000,"[97.93991088867188, 573.7374877929688, 121.8598861694336, 588.2454833984375]","[197.15591430664062, 573.7374877929688, 221.07591247558594, 588.2454833984375]"
6880.HK,col_CO,23,A,7000,1754,12278000,"[97.93991088867188, 604.7424926757812, 121.8598861694336, 619.25048828125]","[197.15591430664062, 604.7424926757812, 221.07591247558594, 619.25048828125]"
6880.HK,col_CO,23,A,8000,1190,9520000,"[97.93984985351562, 635.7474975585938, 121.85982513427734, 650.2554931640625]","[197.15585327148438, 635.7474975585938, 221.0758514404297, 650.2554931640625]"
6880.HK,col_CO,23,A,9000,882,7938000,"[97.93984985351562, 666.7525024414062, 121.85982513427734, 681.260498046875]","[205.21585083007812, 666.7525024414062, 221.0758514404297, 681.260498046875]"
6880.HK,col_CO,23,A,10000,9621,96210000,"[92.60470581054688, 697.7575073242188, 121.85467529296875, 712.2655029296875]","[197.1455078125, 697.7575073242188, 221.0655059814453, 712.2655029296875]"
6880.HK,col_CO,24,B,20000,8930,178600000,"[92.63052368164062, 171.9385528564453, 121.8804931640625, 186.44654846191406]","[197.17132568359375, 171.9385528564453, 221.09132385253906, 186.44654846191406]"
6880.HK,col_CO,24,B,30000,1478,44340000,"[92.62014770507812, 200.94154357910156, 121.8701171875, 215.4495391845703]","[197.16094970703125, 200.94154357910156, 221.08094787597656, 215.4495391845703]"
6880.HK,col_CO,24,B,40000,943,37720000,"[92.60977172851562, 229.9445343017578, 121.8597412109375, 244.45252990722656]","[205.2105712890625, 229.9445343017578, 221.07057189941406, 244.45252990722656]"
6880.HK,col_CO,24,B,50000,501,25050000,"[92.59939575195312, 258.947509765625, 121.849365234375, 273.4555358886719]","[205.2001953125, 258.947509765625, 221.06019592285156, 273.4555358886719]"
6880.HK,col_CO,24,B,60000,365,21900000,"[92.58901977539062, 287.95050048828125, 121.8389892578125, 302.4585266113281]","[205.1898193359375, 287.95050048828125, 221.04981994628906, 302.4585266113281]"
6880.HK,col_CO,24,B,70000,276,19320000,"[92.57864379882812, 316.9534912109375, 121.82861328125, 331.4615173339844]","[205.179443359375, 316.9534912109375, 221.03944396972656, 331.4615173339844]"
6880.HK,col_CO,24,B,80000,182,14560000,"[92.56826782226562, 345.95648193359375, 121.8182373046875, 360.4645080566406]","[205.1690673828125, 345.95648193359375, 221.02906799316406, 360.4645080566406]"
6880.HK,col_CO,24,B,90000,135,12150000,"[92.55789184570312, 374.95947265625, 121.807861328125, 389.4674987792969]","[205.15869140625, 374.95947265625, 221.01869201660156, 389.4674987792969]"
6880.HK,col_CO,24,B,100000,568,56800000,"[87.22268676757812, 403.96246337890625, 121.80265045166016, 418.4704895019531]","[205.15869140625, 403.96246337890625, 221.01869201660156, 418.4704895019531]"
6880.HK,col_CO,24,B,200000,225,45000000,"[87.22268676757812, 432.9654541015625, 121.80265045166016, 447.4734802246094]","[205.15869140625, 432.9654541015625, 221.01869201660156, 447.4734802246094]"
6880.HK,col_CO,24,B,300000,85,25500000,"[87.22268676757812, 461.96844482421875, 121.80265045166016, 476.4764709472656]","[210.48348999023438, 461.96844482421875, 221.01348876953125, 476.4764709472656]"
6880.HK,col_CO,24,B,400000,48,19200000,"[87.22268676757812, 490.971435546875, 121.80265045166016, 505.4794616699219]","[210.48348999023438, 490.971435546875, 221.01348876953125, 505.4794616699219]"
6880.HK,col_CO,24,B,500000,39,19500000,"[87.22268676757812, 519.9744262695312, 121.80265045166016, 534.482421875]","[210.48348999023438, 519.9744262695312, 221.01348876953125, 534.482421875]"
6880.HK,col_CO,24,B,600000,16,9600000,"[87.22268676757812, 548.9774169921875, 121.80265045166016, 563.4854125976562]","[210.48348999023438, 548.9774169921875, 221.01348876953125, 563.4854125976562]"
6880.HK,col_CO,24,B,700000,17,11900000,"[87.22268676757812, 577.9804077148438, 121.80265045166016, 592.4884033203125]","[210.48348999023438, 577.9804077148438, 221.01348876953125, 592.4884033203125]"
6880.HK,col_CO,24,B,800000,11,8800000,"[87.22268676757812, 606.9833984375, 121.80265045166016, 621.4913940429688]","[210.48348999023438, 606.9833984375, 221.01348876953125, 621.4913940429688]"
6880.HK,col_CO,24,B,900000,5,4500000,"[87.22268676757812, 635.9863891601562, 121.80265045166016, 650.494384765625]","[215.8186798095703, 635.9863891601562, 221.0186767578125, 650.494384765625]"
6880.HK,col_CO,24,B,996920,51,50842920,"[87.22268676757812, 664.9893798828125, 121.80265045166016, 679.4973754882812]","[210.48348999023438, 664.9893798828125, 221.01348876953125, 679.4973754882812]"
7656.HK,col_CO,15,A,200,68857,13771400,"[122.11770629882812, 248.61325073242188, 135.38832092285156, 258.6155090332031]","[194.07589721679688, 248.61325073242188, 219.05136108398438, 258.6155090332031]"
7656.HK,col_CO,15,A,400,28373,11349200,"[122.11773681640625, 279.000732421875, 135.3883514404297, 289.00299072265625]","[194.075927734375, 279.000732421875, 219.0513916015625, 289.00299072265625]"
7656.HK,col_CO,15,A,600,5566,3339600,"[122.11776733398438, 309.3882141113281, 135.43356323242188, 319.3904724121094]","[198.6568145751953, 309.3882141113281, 219.12091064453125, 319.3904724121094]"
7656.HK,col_CO,15,A,800,1808,1446400,"[122.11776733398438, 325.7726745605469, 135.4302215576172, 335.7749328613281]","[198.6534881591797, 325.7726745605469, 219.1108856201172, 335.7749328613281]"
7656.HK,col_CO,15,A,1000,3667,3667000,"[114.97450256347656, 342.21331787109375, 135.44276428222656, 352.215576171875]","[198.666015625, 342.21331787109375, 219.12843322753906, 352.215576171875]"
7656.HK,col_CO,15,A,1200,1029,1234800,"[114.97450256347656, 358.6539611816406, 135.43524169921875, 368.6562194824219]","[198.65850830078125, 358.6539611816406, 219.11590576171875, 368.6562194824219]"
7656.HK,col_CO,15,A,1400,963,1348200,"[114.97450256347656, 375.0946044921875, 135.43524169921875, 385.09686279296875]","[205.85867309570312, 375.0946044921875, 219.11590576171875, 385.09686279296875]"
7656.HK,col_CO,15,A,1600,811,1297600,"[114.97450256347656, 391.5352478027344, 135.43524169921875, 401.5375061035156]","[205.85867309570312, 391.5352478027344, 219.11590576171875, 401.5375061035156]"
7656.HK,col_CO,15,A,1800,761,1369800,"[114.97450256347656, 407.97589111328125, 135.43524169921875, 417.9781494140625]","[205.85867309570312, 407.97589111328125, 219.11590576171875, 417.9781494140625]"
7656.HK,col_CO,15,A,2000,14916,29832000,"[114.97450256347656, 424.4165344238281, 135.4034423828125, 434.4187927246094]","[194.09103393554688, 424.4165344238281, 219.06236267089844, 434.4187927246094]"
7656.HK,col_CO,15,A,3000,2565,7695000,"[114.97451782226562, 454.80401611328125, 135.44277954101562, 464.8062744140625]","[198.66603088378906, 454.80401611328125, 219.12844848632812, 464.8062744140625]"
7656.HK,col_CO,15,A,4000,3933,15732000,"[114.97451782226562, 471.2446594238281, 135.44277954101562, 481.2469177246094]","[198.66603088378906, 471.2446594238281, 219.12844848632812, 481.2469177246094]"
7656.HK,col_CO,15,A,5000,1578,7890000,"[114.97451782226562, 487.685302734375, 135.44277954101562, 497.68756103515625]","[198.66603088378906, 487.685302734375, 219.12844848632812, 497.68756103515625]"
7656.HK,col_CO,15,A,6000,998,5988000,"[114.97451782226562, 504.1259460449219, 135.4327392578125, 514.128173828125]","[205.85617065429688, 504.1259460449219, 219.11172485351562, 514.128173828125]"
7656.HK,col_CO,15,A,7000,664,4648000,"[114.97451782226562, 520.5665893554688, 135.4352569580078, 530.56884765625]","[205.85870361328125, 520.5665893554688, 219.11593627929688, 530.56884765625]"
7656.HK,col_CO,15,A,8000,746,5968000,"[114.97451782226562, 537.0072021484375, 135.4327392578125, 547.0094604492188]","[205.85617065429688, 537.0072021484375, 219.11172485351562, 547.0094604492188]"
7656.HK,col_CO,15,A,9000,684,6156000,"[114.97451782226562, 553.4478759765625, 135.4327392578125, 563.4501342773438]","[205.85617065429688, 553.4478759765625, 219.11172485351562, 563.4501342773438]"
7656.HK,col_CO,15,A,10000,3824,38240000,"[110.4388427734375, 569.8885498046875, 135.4461212158203, 579.8908081054688]","[198.66937255859375, 569.8885498046875, 219.1317901611328, 579.8908081054688]"
7656.HK,col_CO,15,A,20000,3386,67720000,"[110.4388427734375, 586.3291625976562, 135.4461212158203, 596.3314208984375]","[198.66937255859375, 586.3291625976562, 219.1317901611328, 596.3314208984375]"
7656.HK,col_CO,15,A,30000,1886,56580000,"[110.4388427734375, 602.7698364257812, 135.4461212158203, 612.7720947265625]","[198.66937255859375, 602.7698364257812, 219.1317901611328, 612.7720947265625]"
7656.HK,col_CO,15,A,40000,1749,69960000,"[110.4388427734375, 619.2105102539062, 135.4461212158203, 629.2127685546875]","[198.66937255859375, 619.2105102539062, 219.1317901611328, 629.2127685546875]"
7656.HK,col_CO,15,A,50000,1768,88400000,"[110.4388427734375, 635.6511840820312, 135.4461212158203, 645.6534423828125]","[198.66937255859375, 635.6511840820312, 219.1317901611328, 645.6534423828125]"
7656.HK,col_CO,15,A,60000,1129,67740000,"[110.4388427734375, 652.0918579101562, 135.4461212158203, 662.0941162109375]","[198.66937255859375, 652.0918579101562, 219.1317901611328, 662.0941162109375]"
7656.HK,col_CO,15,A,70000,771,53970000,"[110.4388427734375, 668.532470703125, 135.4327392578125, 678.5347290039062]","[205.85617065429688, 668.532470703125, 219.11172485351562, 678.5347290039062]"
7656.HK,col_CO,15,A,80000,945,75600000,"[110.4388427734375, 684.9169311523438, 135.4327392578125, 694.919189453125]","[205.85617065429688, 684.9169311523438, 219.11172485351562, 694.919189453125]"
7656.HK,col_CO,15,A,90000,588,52920000,"[110.4388427734375, 701.3576049804688, 135.4327392578125, 711.35986328125]","[205.85617065429688, 701.3576049804688, 219.11172485351562, 711.35986328125]"
7656.HK,col_CO,15,A,100000,1540,154000000,"[105.90316772460938, 717.7982788085938, 135.449462890625, 727.800537109375]","[198.67271423339844, 717.7982788085938, 219.1351318359375, 727.800537109375]"
7656.HK,col_CO,16,A,120000,836,100320000,"[105.9039306640625, 162.49685668945312, 135.43350219726562, 172.4990997314453]","[205.85693359375, 162.49685668945312, 219.11248779296875, 172.4990997314453]"
7656.HK,col_CO,16,A,140000,659,92260000,"[105.9039306640625, 178.93753051757812, 135.43350219726562, 188.9397735595703]","[205.85693359375, 178.93753051757812, 219.11248779296875, 188.9397735595703]"
7656.HK,col_CO,16,A,160000,550,88000000,"[105.9039306640625, 195.37820434570312, 135.43350219726562, 205.3804473876953]","[205.85693359375, 195.37820434570312, 219.11248779296875, 205.3804473876953]"
7656.HK,col_CO,16,A,180000,440,79200000,"[105.9039306640625, 211.81887817382812, 135.43350219726562, 221.8211212158203]","[205.85693359375, 211.81887817382812, 219.11248779296875, 221.8211212158203]"
7656.HK,col_CO,16,A,200000,2253,450600000,"[105.9039306640625, 228.25955200195312, 135.45860290527344, 238.2617950439453]","[198.68185424804688, 228.25955200195312, 219.1476287841797, 238.2617950439453]"
7656.HK,col_CO,16,B,250000,4641,1160250000,"[105.90191650390625, 415.5720520019531, 135.4398651123047, 425.5743103027344]","[198.66311645507812, 415.5720520019531, 219.1221923828125, 425.5743103027344]"
7656.HK,col_CO,16,B,300000,1268,380400000,"[105.90194702148438, 445.95953369140625, 135.4231414794922, 455.9617919921875]","[198.64639282226562, 445.95953369140625, 219.09877014160156, 455.9617919921875]"
7656.HK,col_CO,16,B,350000,457,159950000,"[105.9019775390625, 476.3470153808594, 135.44410705566406, 486.3492736816406]","[205.86752319335938, 476.3470153808594, 219.12808227539062, 486.3492736816406]"
7656.HK,col_CO,16,B,400000,470,188000000,"[105.90200805664062, 506.7344665527344, 135.4441375732422, 516.7366943359375]","[205.8675537109375, 506.7344665527344, 219.12811279296875, 516.7366943359375]"
7656.HK,col_CO,16,B,450000,215,96750000,"[105.90203857421875, 537.1219482421875, 135.4441680908203, 547.1242065429688]","[205.86758422851562, 537.1219482421875, 219.12814331054688, 547.1242065429688]"
7656.HK,col_CO,16,B,500000,416,208000000,"[105.90206909179688, 567.5094604492188, 135.44419860839844, 577.51171875]","[205.86761474609375, 567.5094604492188, 219.128173828125, 577.51171875]"
7656.HK,col_CO,16,B,600000,233,139800000,"[105.902099609375, 597.8969116210938, 135.44422912597656, 607.899169921875]","[205.86764526367188, 597.8969116210938, 219.12820434570312, 607.899169921875]"
7656.HK,col_CO,16,B,702200,1608,1129137600,"[105.90213012695312, 628.2843627929688, 135.44007873535156, 638.28662109375]","[198.663330078125, 628.2843627929688, 219.12240600585938, 638.28662109375]"
7687.HK,col_CO,24,A,50,45741,2287050,"[85.38053894042969, 531.4898681640625, 95.22054290771484, 544.8818969726562]","[152.6573486328125, 531.4898681640625, 180.25732421875, 544.8818969726562]"
7687.HK,col_CO,24,A,100,23813,2381300,"[80.340576171875, 549.993896484375, 95.2205810546875, 563.3859252929688]","[152.65737915039062, 549.993896484375, 180.25735473632812, 563.3859252929688]"
7687.HK,col_CO,24,A,150,3244,486600,"[80.34060668945312, 568.4978637695312, 95.22061157226562, 581.889892578125]","[157.69740295410156, 568.4978637695312, 180.25738525390625, 581.889892578125]"
7687.HK,col_CO,24,A,200,1489,297800,"[80.34060668945312, 587.0018310546875, 95.22061157226562, 600.3938598632812]","[157.69740295410156, 587.0018310546875, 180.25738525390625, 600.3938598632812]"
7687.HK,col_CO,24,A,250,1567,391750,"[80.34060668945312, 605.505859375, 95.22061157226562, 618.8978881835938]","[157.69740295410156, 605.505859375, 180.25738525390625, 618.8978881835938]"
7687.HK,col_CO,24,A,300,991,297300,"[80.34060668945312, 624.0098876953125, 95.22061157226562, 637.4019165039062]","[165.37741088867188, 624.0098876953125, 180.2574005126953, 637.4019165039062]"
7687.HK,col_CO,24,A,350,619,216650,"[80.34060668945312, 642.5138549804688, 95.22061157226562, 655.9058837890625]","[165.37741088867188, 642.5138549804688, 180.2574005126953, 655.9058837890625]"
7687.HK,col_CO,24,A,400,581,232400,"[80.34060668945312, 661.017822265625, 95.22061157226562, 674.4098510742188]","[165.37741088867188, 661.017822265625, 180.2574005126953, 674.4098510742188]"
7687.HK,col_CO,24,A,450,422,189900,"[80.34060668945312, 679.5218505859375, 95.22061157226562, 692.9138793945312]","[165.37741088867188, 679.5218505859375, 180.2574005126953, 692.9138793945312]"
7687.HK,col_CO,24,A,500,11210,5605000,"[80.34060668945312, 698.02587890625, 95.22061157226562, 711.4179077148438]","[152.65740966796875, 698.02587890625, 180.25738525390625, 711.4179077148438]"
7687.HK,col_CO,24,A,600,1005,603000,"[80.34060668945312, 716.5298461914062, 95.22061157226562, 729.921875]","[157.69740295410156, 716.5298461914062, 180.25738525390625, 729.921875]"
7687.HK,col_CO,24,A,700,524,366800,"[80.34060668945312, 735.0338745117188, 95.22061157226562, 748.4259033203125]","[165.37741088867188, 735.0338745117188, 180.2574005126953, 748.4259033203125]"
7687.HK,col_CO,25,A,800,487,389600,"[80.3309326171875, 133.26019287109375, 95.2109375, 146.65219116210938]","[165.36773681640625, 133.26019287109375, 180.2477264404297, 146.65219116210938]"
7687.HK,col_CO,25,A,900,324,291600,"[80.33096313476562, 151.76422119140625, 95.21096801757812, 165.15621948242188]","[165.36776733398438, 151.76422119140625, 180.2477569580078, 165.15621948242188]"
7687.HK,col_CO,25,A,1000,3456,3456000,"[72.65097045898438, 170.26824951171875, 95.21097564697266, 183.66024780273438]","[157.68777465820312, 170.26824951171875, 180.2477569580078, 183.66024780273438]"
7687.HK,col_CO,25,A,1500,1372,2058000,"[72.65097045898438, 188.77227783203125, 95.21097564697266, 202.16427612304688]","[157.68777465820312, 188.77227783203125, 180.2477569580078, 202.16427612304688]"
7687.HK,col_CO,25,A,2000,1188,2376000,"[72.65097045898438, 207.27630615234375, 95.21097564697266, 220.66830444335938]","[157.68777465820312, 207.27630615234375, 180.2477569580078, 220.66830444335938]"
7687.HK,col_CO,25,A,2500,1115,2787500,"[72.65097045898438, 225.78033447265625, 95.21097564697266, 239.17233276367188]","[157.68777465820312, 225.78033447265625, 180.2477569580078, 239.17233276367188]"
7687.HK,col_CO,25,A,3000,609,1827000,"[72.65097045898438, 244.28436279296875, 95.21097564697266, 257.6763610839844]","[165.36776733398438, 244.28436279296875, 180.2477569580078, 257.6763610839844]"
7687.HK,col_CO,25,A,3500,455,1592500,"[72.65097045898438, 262.78839111328125, 95.21097564697266, 276.1803894042969]","[165.36776733398438, 262.78839111328125, 180.2477569580078, 276.1803894042969]"
7687.HK,col_CO,25,A,4000,371,1484000,"[72.65097045898438, 281.2923889160156, 95.21097564697266, 294.68438720703125]","[165.36776733398438, 281.2923889160156, 180.2477569580078, 294.68438720703125]"
7687.HK,col_CO,25,A,4500,297,1336500,"[72.65097045898438, 299.79638671875, 95.21097564697266, 313.1883850097656]","[165.36776733398438, 299.79638671875, 180.2477569580078, 313.1883850097656]"
7687.HK,col_CO,25,A,5000,1147,5735000,"[72.65097045898438, 318.3003845214844, 95.21097564697266, 331.6923828125]","[157.68777465820312, 318.3003845214844, 180.2477569580078, 331.6923828125]"
7687.HK,col_CO,25,A,6000,724,4344000,"[72.65097045898438, 336.80438232421875, 95.21097564697266, 350.1963806152344]","[165.36776733398438, 336.80438232421875, 180.2477569580078, 350.1963806152344]"
7687.HK,col_CO,25,A,7000,408,2856000,"[72.65097045898438, 355.3083801269531, 95.21097564697266, 368.70037841796875]","[165.36776733398438, 355.3083801269531, 180.2477569580078, 368.70037841796875]"
7687.HK,col_CO,25,A,8000,313,2504000,"[72.65097045898438, 373.8123779296875, 95.21097564697266, 387.2043762207031]","[165.36776733398438, 373.8123779296875, 180.2477569580078, 387.2043762207031]"
7687.HK,col_CO,25,A,9000,233,2097000,"[72.65097045898438, 392.3163757324219, 95.21097564697266, 405.7083740234375]","[165.36776733398438, 392.3163757324219, 180.2477569580078, 405.7083740234375]"
7687.HK,col_CO,25,A,10000,1805,18050000,"[67.6109619140625, 410.82037353515625, 95.21096801757812, 424.2123718261719]","[157.68777465820312, 410.82037353515625, 180.2477569580078, 424.2123718261719]"
7687.HK,col_CO,25,A,20000,1217,24340000,"[67.6109619140625, 429.3243713378906, 95.21096801757812, 442.71636962890625]","[157.68777465820312, 429.3243713378906, 180.2477569580078, 442.71636962890625]"
7687.HK,col_CO,25,A,30000,756,22680000,"[67.6109619140625, 447.828369140625, 95.21096801757812, 461.2203674316406]","[165.36776733398438, 447.828369140625, 180.2477569580078, 461.2203674316406]"
7687.HK,col_CO,25,A,40000,426,17040000,"[67.6109619140625, 466.3323669433594, 95.21096801757812, 479.724365234375]","[165.36776733398438, 466.3323669433594, 180.2477569580078, 479.724365234375]"
7687.HK,col_CO,25,A,50000,1338,66900000,"[67.6109619140625, 484.83636474609375, 95.21096801757812, 498.2283630371094]","[157.68777465820312, 484.83636474609375, 180.2477569580078, 498.2283630371094]"
7687.HK,col_CO,25,B,100000,756,75600000,"[62.57098388671875, 540.348388671875, 95.21099090576172, 553.7404174804688]","[165.3677978515625, 540.348388671875, 180.24778747558594, 553.7404174804688]"
7687.HK,col_CO,25,B,150000,106,15900000,"[62.571044921875, 558.8523559570312, 95.21105194091797, 572.244384765625]","[165.36785888671875, 558.8523559570312, 180.2478485107422, 572.244384765625]"
7687.HK,col_CO,25,B,200000,161,32200000,"[62.57110595703125, 577.3563232421875, 95.21111297607422, 590.7483520507812]","[165.367919921875, 577.3563232421875, 180.24790954589844, 590.7483520507812]"
7687.HK,col_CO,25,B,400000,42,16800000,"[62.5711669921875, 595.8603515625, 95.21117401123047, 609.2523803710938]","[170.407958984375, 595.8603515625, 180.24795532226562, 609.2523803710938]"
7687.HK,col_CO,25,B,600000,21,12600000,"[62.5711669921875, 614.3643798828125, 95.21117401123047, 627.7564086914062]","[170.407958984375, 614.3643798828125, 180.24795532226562, 627.7564086914062]"
7687.HK,col_CO,25,B,800000,5,4000000,"[62.5711669921875, 632.8683471679688, 95.21117401123047, 646.2603759765625]","[175.44796752929688, 632.8683471679688, 180.2479705810547, 646.2603759765625]"
7687.HK,col_CO,25,B,1000000,16,16000000,"[54.891204833984375, 651.372314453125, 95.21121215820312, 664.7643432617188]","[170.40802001953125, 651.372314453125, 180.24801635742188, 664.7643432617188]"
7687.HK,col_CO,25,B,1306600,32,41811200,"[54.891204833984375, 669.8763427734375, 95.21121215820312, 683.2683715820312]","[170.40802001953125, 669.8763427734375, 180.24801635742188, 683.2683715820312]"
9971.HK,col_CO,19,A,200,99878,19975600,"[92.84681701660156, 238.48809814453125, 107.72682189941406, 251.88009643554688]","[150.9940185546875, 238.48809814453125, 178.593994140625, 251.88009643554688]"
9971.HK,col_CO,19,A,400,11148,4459200,"[92.84683227539062, 252.49212646484375, 107.72683715820312, 265.8841247558594]","[150.99403381347656, 252.49212646484375, 178.59400939941406, 265.8841247558594]"
9971.HK,col_CO,19,A,600,6025,3615000,"[92.84683227539062, 266.49615478515625, 107.72683715820312, 279.8881530761719]","[156.03402709960938, 266.49615478515625, 178.59400939941406, 279.8881530761719]"
9971.HK,col_CO,19,A,800,2744,2195200,"[92.84683227539062, 280.5001525878906, 107.72683715820312, 293.89215087890625]","[156.03402709960938, 280.5001525878906, 178.59400939941406, 293.89215087890625]"
9971.HK,col_CO,19,A,1000,3948,3948000,"[85.16680908203125, 294.504150390625, 107.72681427001953, 307.8961486816406]","[156.0340118408203, 294.504150390625, 178.593994140625, 307.8961486816406]"
9971.HK,col_CO,19,A,1200,1607,1928400,"[85.166748046875, 308.5081481933594, 107.72675323486328, 321.900146484375]","[156.03395080566406, 308.5081481933594, 178.59393310546875, 321.900146484375]"
9971.HK,col_CO,19,A,1400,11136,15590400,"[85.166748046875, 322.51214599609375, 107.72675323486328, 335.9041442871094]","[150.99395751953125, 322.51214599609375, 178.59393310546875, 335.9041442871094]"
9971.HK,col_CO,19,A,1600,2395,3832000,"[85.166748046875, 336.5161437988281, 107.72675323486328, 349.90814208984375]","[156.03395080566406, 336.5161437988281, 178.59393310546875, 349.90814208984375]"
9971.HK,col_CO,19,A,1800,927,1668600,"[85.166748046875, 350.5201416015625, 107.72675323486328, 363.9121398925781]","[163.71395874023438, 350.5201416015625, 178.5939483642578, 363.9121398925781]"
9971.HK,col_CO,19,A,2000,9404,18808000,"[85.166748046875, 364.5241394042969, 107.72675323486328, 377.9161376953125]","[156.03395080566406, 364.5241394042969, 178.59393310546875, 377.9161376953125]"
9971.HK,col_CO,19,A,3000,5426,16278000,"[85.166748046875, 378.52813720703125, 107.72675323486328, 391.9201354980469]","[156.03395080566406, 378.52813720703125, 178.59393310546875, 391.9201354980469]"
9971.HK,col_CO,19,A,4000,2776,11104000,"[85.166748046875, 392.5321350097656, 107.72675323486328, 405.92413330078125]","[156.03395080566406, 392.5321350097656, 178.59393310546875, 405.92413330078125]"
9971.HK,col_CO,19,A,5000,1684,8420000,"[85.166748046875, 406.5361328125, 107.72675323486328, 419.9281311035156]","[156.03395080566406, 406.5361328125, 178.59393310546875, 419.9281311035156]"
9971.HK,col_CO,19,A,6000,1809,10854000,"[85.166748046875, 420.5401306152344, 107.72675323486328, 433.93212890625]","[156.03395080566406, 420.5401306152344, 178.59393310546875, 433.93212890625]"
9971.HK,col_CO,19,A,7000,1073,7511000,"[85.166748046875, 434.54412841796875, 107.72675323486328, 447.9361267089844]","[156.03395080566406, 434.54412841796875, 178.59393310546875, 447.9361267089844]"
9971.HK,col_CO,19,A,8000,1145,9160000,"[85.166748046875, 448.5481262207031, 107.72675323486328, 461.94012451171875]","[156.03395080566406, 448.5481262207031, 178.59393310546875, 461.94012451171875]"
9971.HK,col_CO,19,A,9000,792,7128000,"[85.166748046875, 462.5521240234375, 107.72675323486328, 475.9441223144531]","[163.71395874023438, 462.5521240234375, 178.5939483642578, 475.9441223144531]"
9971.HK,col_CO,19,A,10000,5619,56190000,"[80.12677001953125, 476.5561218261719, 107.72677612304688, 489.9481201171875]","[156.03396606445312, 476.5561218261719, 178.5939483642578, 489.9481201171875]"
9971.HK,col_CO,19,A,20000,4636,92720000,"[80.12677001953125, 490.56011962890625, 107.72677612304688, 503.9521179199219]","[156.03396606445312, 490.56011962890625, 178.5939483642578, 503.9521179199219]"
9971.HK,col_CO,19,A,30000,2938,88140000,"[80.12677001953125, 504.5640869140625, 107.72677612304688, 517.9561157226562]","[156.03396606445312, 504.5640869140625, 178.5939483642578, 517.9561157226562]"
9971.HK,col_CO,19,A,40000,2492,99680000,"[80.12677001953125, 518.568115234375, 107.72677612304688, 531.9601440429688]","[156.03396606445312, 518.568115234375, 178.5939483642578, 531.9601440429688]"
9971.HK,col_CO,19,A,50000,1584,79200000,"[80.12677001953125, 532.5721435546875, 107.72677612304688, 545.9641723632812]","[156.03396606445312, 532.5721435546875, 178.5939483642578, 545.9641723632812]"
9971.HK,col_CO,19,A,60000,1670,100200000,"[80.12677001953125, 546.5761108398438, 107.72677612304688, 559.9681396484375]","[156.03396606445312, 546.5761108398438, 178.5939483642578, 559.9681396484375]"
9971.HK,col_CO,19,A,70000,1117,78190000,"[80.12677001953125, 560.580078125, 107.72677612304688, 573.9721069335938]","[156.03396606445312, 560.580078125, 178.5939483642578, 573.9721069335938]"
9971.HK,col_CO,19,A,80000,1016,81280000,"[80.12677001953125, 574.5841064453125, 107.72677612304688, 587.9761352539062]","[156.03396606445312, 574.5841064453125, 178.5939483642578, 587.9761352539062]"
9971.HK,col_CO,19,A,90000,885,79650000,"[80.12677001953125, 588.588134765625, 107.72677612304688, 601.9801635742188]","[163.71397399902344, 588.588134765625, 178.59396362304688, 601.9801635742188]"
9971.HK,col_CO,19,A,100000,1623,162300000,"[75.08676147460938, 602.5921020507812, 107.72676849365234, 615.984130859375]","[156.03396606445312, 602.5921020507812, 178.5939483642578, 615.984130859375]"
9971.HK,col_CO,19,A,120000,1193,143160000,"[75.08676147460938, 616.5960693359375, 107.72676849365234, 629.9880981445312]","[156.03396606445312, 616.5960693359375, 178.5939483642578, 629.9880981445312]"
9971.HK,col_CO,19,A,140000,2963,414820000,"[75.08676147460938, 630.60009765625, 107.72676849365234, 643.9921264648438]","[156.03396606445312, 630.60009765625, 178.5939483642578, 643.9921264648438]"
9971.HK,col_CO,20,B,160000,5404,864640000,"[75.07719421386719, 170.24810791015625, 107.71720123291016, 183.64010620117188]","[156.02439880371094, 170.24810791015625, 178.58438110351562, 183.64010620117188]"
9971.HK,col_CO,20,B,180000,1165,209700000,"[75.07717895507812, 184.25213623046875, 107.7171859741211, 197.64413452148438]","[156.02438354492188, 184.25213623046875, 178.58436584472656, 197.64413452148438]"
9971.HK,col_CO,20,B,200000,2239,447800000,"[75.07717895507812, 198.25616455078125, 107.7171859741211, 211.64816284179688]","[156.02438354492188, 198.25616455078125, 178.58436584472656, 211.64816284179688]"
9971.HK,col_CO,20,B,250000,1174,293500000,"[75.07717895507812, 212.26019287109375, 107.7171859741211, 225.65219116210938]","[156.02438354492188, 212.26019287109375, 178.58436584472656, 225.65219116210938]"
9971.HK,col_CO,20,B,300000,1056,316800000,"[75.07717895507812, 226.26422119140625, 107.7171859741211, 239.65621948242188]","[156.02438354492188, 226.26422119140625, 178.58436584472656, 239.65621948242188]"
9971.HK,col_CO,20,B,350000,596,208600000,"[75.07717895507812, 240.26824951171875, 107.7171859741211, 253.66024780273438]","[163.70437622070312, 240.26824951171875, 178.58436584472656, 253.66024780273438]"
9971.HK,col_CO,20,B,400000,659,263600000,"[75.07717895507812, 254.27227783203125, 107.7171859741211, 267.6642761230469]","[163.70437622070312, 254.27227783203125, 178.58436584472656, 267.6642761230469]"
9971.HK,col_CO,20,B,450000,347,156150000,"[75.07717895507812, 268.27630615234375, 107.7171859741211, 281.6683044433594]","[163.70437622070312, 268.27630615234375, 178.58436584472656, 281.6683044433594]"
9971.HK,col_CO,20,B,500000,372,186000000,"[75.07717895507812, 282.2803039550781, 107.7171859741211, 295.67230224609375]","[163.70437622070312, 282.2803039550781, 178.58436584472656, 295.67230224609375]"
9971.HK,col_CO,20,B,550000,212,116600000,"[75.07717895507812, 296.2843017578125, 107.7171859741211, 309.6763000488281]","[163.70437622070312, 296.2843017578125, 178.58436584472656, 309.6763000488281]"
9971.HK,col_CO,20,B,600000,310,186000000,"[75.07717895507812, 310.2882995605469, 107.7171859741211, 323.6802978515625]","[163.70437622070312, 310.2882995605469, 178.58436584472656, 323.6802978515625]"
9971.HK,col_CO,20,B,650000,155,100750000,"[75.07717895507812, 324.29229736328125, 107.7171859741211, 337.6842956542969]","[163.70437622070312, 324.29229736328125, 178.58436584472656, 337.6842956542969]"
9971.HK,col_CO,20,B,684600,2364,1618394400,"[75.07717895507812, 338.2962951660156, 107.7171859741211, 351.68829345703125]","[156.02438354492188, 338.2962951660156, 178.58436584472656, 351.68829345703125]"
1377.HK,col_CO,18,A,100,69534,6953400,"[28.34564208984375, 240.26239013671875, 43.3880615234375, 250.9553680419922]","[161.62998962402344, 240.26239013671875, 189.7120819091797, 250.9553680419922]"
1377.HK,col_CO,18,A,200,9557,1911400,"[28.34564208984375, 256.19256591796875, 43.3880615234375, 266.8855285644531]","[166.78887939453125, 256.19256591796875, 189.70062255859375, 266.8855285644531]"
1377.HK,col_CO,18,A,300,2315,694500,"[28.34564208984375, 272.12274169921875, 43.3880615234375, 282.8157043457031]","[166.78887939453125, 272.12274169921875, 189.70062255859375, 282.8157043457031]"
1377.HK,col_CO,18,A,400,1304,521600,"[28.34564208984375, 288.11029052734375, 43.418663024902344, 298.8032531738281]","[166.81947326660156, 288.11029052734375, 189.74940490722656, 298.8032531738281]"
1377.HK,col_CO,18,A,500,1508,754000,"[28.34564208984375, 304.04046630859375, 43.418663024902344, 314.7334289550781]","[166.81947326660156, 304.04046630859375, 189.74940490722656, 314.7334289550781]"
1377.HK,col_CO,18,A,600,892,535200,"[28.34564208984375, 319.97064208984375, 43.389015197753906, 330.6636047363281]","[174.669677734375, 319.97064208984375, 189.71304321289062, 330.6636047363281]"
1377.HK,col_CO,18,A,700,580,406000,"[28.34564208984375, 335.90081787109375, 43.389015197753906, 346.5937805175781]","[174.669677734375, 335.90081787109375, 189.71304321289062, 346.5937805175781]"
1377.HK,col_CO,18,A,800,715,572000,"[28.34564208984375, 351.83099365234375, 43.389015197753906, 362.5239562988281]","[174.669677734375, 351.83099365234375, 189.71304321289062, 362.5239562988281]"
1377.HK,col_CO,18,A,900,544,489600,"[28.34564208984375, 367.76116943359375, 43.389015197753906, 378.4541320800781]","[174.669677734375, 367.76116943359375, 189.71304321289062, 378.4541320800781]"
1377.HK,col_CO,18,A,1000,6467,6467000,"[28.34564208984375, 383.74871826171875, 51.36452102661133, 394.4416809082031]","[166.8280792236328, 383.74871826171875, 189.7503662109375, 394.4416809082031]"
1377.HK,col_CO,18,A,1500,2169,3253500,"[28.34564208984375, 399.67889404296875, 51.36452102661133, 410.3718566894531]","[166.8280792236328, 399.67889404296875, 189.7503662109375, 410.3718566894531]"
1377.HK,col_CO,18,A,2000,1964,3928000,"[28.34564208984375, 415.60906982421875, 51.36452102661133, 426.3020324707031]","[166.8280792236328, 415.60906982421875, 189.7503662109375, 426.3020324707031]"
1377.HK,col_CO,18,A,2500,1305,3262500,"[28.34564208984375, 431.53924560546875, 51.36452102661133, 442.2322082519531]","[166.8280792236328, 431.53924560546875, 189.7503662109375, 442.2322082519531]"
1377.HK,col_CO,18,A,3000,1477,4431000,"[28.34564208984375, 447.46942138671875, 51.36452102661133, 458.1623840332031]","[166.8280792236328, 447.46942138671875, 189.7503662109375, 458.1623840332031]"
1377.HK,col_CO,18,A,3500,803,2810500,"[28.34564208984375, 463.39959716796875, 51.36069107055664, 474.0925598144531]","[174.705078125, 463.39959716796875, 189.74557495117188, 474.0925598144531]"
1377.HK,col_CO,18,A,4000,928,3712000,"[28.34564208984375, 479.38714599609375, 51.36069107055664, 490.0801086425781]","[174.705078125, 479.38714599609375, 189.74557495117188, 490.0801086425781]"
1377.HK,col_CO,18,A,4500,517,2326500,"[28.34564208984375, 495.31732177734375, 51.368350982666016, 506.0102844238281]","[174.71273803710938, 495.31732177734375, 189.75514221191406, 506.0102844238281]"
1377.HK,col_CO,18,A,5000,1335,6675000,"[28.34564208984375, 511.24749755859375, 51.368350982666016, 521.9404907226562]","[166.83287048339844, 511.24749755859375, 189.75894165039062, 521.9404907226562]"
1377.HK,col_CO,18,A,6000,801,4806000,"[28.34564208984375, 527.1776733398438, 51.36069107055664, 537.8706665039062]","[174.705078125, 527.1776733398438, 189.74557495117188, 537.8706665039062]"
1377.HK,col_CO,18,A,7000,683,4781000,"[28.34564208984375, 543.1078491210938, 51.36069107055664, 553.8008422851562]","[174.705078125, 543.1078491210938, 189.74557495117188, 553.8008422851562]"
1377.HK,col_CO,18,A,8000,750,6000000,"[28.34564208984375, 559.0380249023438, 51.36069107055664, 569.7310180664062]","[174.705078125, 559.0380249023438, 189.74557495117188, 569.7310180664062]"
1377.HK,col_CO,18,A,9000,449,4041000,"[28.34564208984375, 575.0255737304688, 51.368350982666016, 585.7185668945312]","[174.71273803710938, 575.0255737304688, 189.75514221191406, 585.7185668945312]"
1377.HK,col_CO,18,A,10000,4748,47480000,"[28.34564208984375, 590.9557495117188, 56.41532516479492, 601.6487426757812]","[166.7764434814453, 590.9557495117188, 189.6996612548828, 601.6487426757812]"
1377.HK,col_CO,19,B,20000,4583,91660000,"[28.344696044921875, 176.086669921875, 56.44401931762695, 186.77964782714844]","[166.8051300048828, 176.086669921875, 189.76280212402344, 186.77964782714844]"
1377.HK,col_CO,19,B,30000,1106,33180000,"[28.344696044921875, 192.07421875, 56.41437911987305, 202.76719665527344]","[166.77549743652344, 192.07421875, 189.69871520996094, 202.76719665527344]"
1377.HK,col_CO,19,B,40000,601,24040000,"[28.344696044921875, 208.00439453125, 56.41629409790039, 218.69737243652344]","[174.65919494628906, 208.00439453125, 189.70254516601562, 218.69737243652344]"
1377.HK,col_CO,19,B,50000,381,19050000,"[28.344696044921875, 223.9345703125, 56.41437911987305, 234.62754821777344]","[174.65631103515625, 223.9345703125, 189.69871520996094, 234.62754821777344]"
1377.HK,col_CO,19,B,60000,216,12960000,"[28.344696044921875, 239.86474609375, 56.408634185791016, 250.55772399902344]","[174.6505584716797, 239.86474609375, 189.69105529785156, 250.55772399902344]"
1377.HK,col_CO,19,B,70000,155,10850000,"[28.3447265625, 271.72625732421875, 56.40866470336914, 282.4192199707031]","[174.6505889892578, 271.72625732421875, 189.6910858154297, 282.4192199707031]"
1377.HK,col_CO,19,B,80000,109,8720000,"[28.3447265625, 303.64398193359375, 56.40866470336914, 314.3369445800781]","[174.6505889892578, 303.64398193359375, 189.6910858154297, 314.3369445800781]"
1377.HK,col_CO,19,B,90000,57,5130000,"[28.3447265625, 335.5055236816406, 56.394325256347656, 346.198486328125]","[179.79513549804688, 335.5055236816406, 189.67962646484375, 346.198486328125]"
1377.HK,col_CO,19,B,100000,268,26800000,"[28.3447265625, 367.3670654296875, 61.59144973754883, 378.0600280761719]","[174.67449951171875, 367.3670654296875, 189.758056640625, 378.0600280761719]"
1377.HK,col_CO,19,B,200000,92,18400000,"[28.3447265625, 399.2847900390625, 61.57328796386719, 409.9777526855469]","[179.81521606445312, 399.2847900390625, 189.69970703125, 409.9777526855469]"
1377.HK,col_CO,19,B,300000,22,6600000,"[28.3447265625, 415.2149658203125, 61.55320358276367, 425.9079284667969]","[179.79513549804688, 415.2149658203125, 189.67962646484375, 425.9079284667969]"
1377.HK,col_CO,19,B,400000,10,4000000,"[28.3447265625, 447.0765075683594, 61.57328796386719, 457.76947021484375]","[179.81521606445312, 447.0765075683594, 189.69970703125, 457.76947021484375]"
1377.HK,col_CO,19,B,500000,17,8500000,"[28.3447265625, 463.0066833496094, 61.62015151977539, 473.69964599609375]","[179.86209106445312, 463.0066833496094, 189.74658203125, 473.69964599609375]"
1377.HK,col_CO,19,B,568400,29,16483600,"[28.3447265625, 494.9244079589844, 61.55320358276367, 505.61737060546875]","[179.79513549804688, 494.9244079589844, 189.67962646484375, 505.61737060546875]"
1770.HK,col_CO,10,A,50,79597,3979850,"[121.1689453125, 226.94119262695312, 130.39395141601562, 237.33349609375]","[183.8890380859375, 226.94119262695312, 209.76406860351562, 237.33349609375]"
1770.HK,col_CO,10,A,100,6989,698900,"[116.4439468383789, 240.94161987304688, 130.39395141601562, 251.33392333984375]","[188.61404418945312, 240.94161987304688, 209.76406860351562, 251.33392333984375]"
1770.HK,col_CO,10,A,150,2117,317550,"[116.4439468383789, 254.94204711914062, 130.39395141601562, 265.3343505859375]","[188.61404418945312, 254.94204711914062, 209.76406860351562, 265.3343505859375]"
1770.HK,col_CO,10,A,200,1557,311400,"[116.4439468383789, 268.9424743652344, 130.39395141601562, 279.33477783203125]","[188.61404418945312, 268.9424743652344, 209.76406860351562, 279.33477783203125]"
1770.HK,col_CO,10,A,250,2222,555500,"[116.4439468383789, 282.94287109375, 130.39395141601562, 293.3351745605469]","[188.61404418945312, 282.94287109375, 209.76406860351562, 293.3351745605469]"
1770.HK,col_CO,10,A,300,892,267600,"[116.4439468383789, 296.9432678222656, 130.39395141601562, 307.3355712890625]","[195.8140411376953, 296.9432678222656, 209.76405334472656, 307.3355712890625]"
1770.HK,col_CO,10,A,350,500,175000,"[116.4439468383789, 310.94366455078125, 130.39395141601562, 321.3359680175781]","[195.8140411376953, 310.94366455078125, 209.76405334472656, 321.3359680175781]"
1770.HK,col_CO,10,A,400,631,252400,"[116.4439468383789, 324.9440612792969, 130.39395141601562, 335.33636474609375]","[195.8140411376953, 324.9440612792969, 209.76405334472656, 335.33636474609375]"
1770.HK,col_CO,10,A,450,6760,3042000,"[116.4439468383789, 338.9444580078125, 130.39395141601562, 349.3367614746094]","[188.61404418945312, 338.9444580078125, 209.76406860351562, 349.3367614746094]"
1770.HK,col_CO,10,A,500,6438,3219000,"[116.4439468383789, 352.9448547363281, 130.39395141601562, 363.337158203125]","[188.61404418945312, 352.9448547363281, 209.76406860351562, 363.337158203125]"
1770.HK,col_CO,10,A,600,568,340800,"[116.4439468383789, 366.94525146484375, 130.39395141601562, 377.3375549316406]","[195.8140411376953, 366.94525146484375, 209.76405334472656, 377.3375549316406]"
1770.HK,col_CO,10,A,700,375,262500,"[116.4439468383789, 380.9456481933594, 130.39395141601562, 391.33795166015625]","[195.8140411376953, 380.9456481933594, 209.76405334472656, 391.33795166015625]"
1770.HK,col_CO,10,A,800,377,301600,"[116.4439468383789, 394.946044921875, 130.39395141601562, 405.3383483886719]","[195.8140411376953, 394.946044921875, 209.76405334472656, 405.3383483886719]"
1770.HK,col_CO,10,A,900,1227,1104300,"[116.4439468383789, 408.9464416503906, 130.39395141601562, 419.3387451171875]","[188.61404418945312, 408.9464416503906, 209.76406860351562, 419.3387451171875]"
1770.HK,col_CO,10,A,1000,1693,1693000,"[109.24394989013672, 422.94683837890625, 130.39395141601562, 433.3391418457031]","[188.61404418945312, 422.94683837890625, 209.76406860351562, 433.3391418457031]"
1770.HK,col_CO,10,A,1500,912,1368000,"[109.24394989013672, 436.9472351074219, 130.39395141601562, 447.33953857421875]","[195.8140411376953, 436.9472351074219, 209.76405334472656, 447.33953857421875]"
1770.HK,col_CO,10,A,2000,851,1702000,"[109.24394989013672, 450.9476318359375, 130.39395141601562, 461.3399353027344]","[195.8140411376953, 450.9476318359375, 209.76405334472656, 461.3399353027344]"
1770.HK,col_CO,10,A,2500,634,1585000,"[109.24394989013672, 464.9480285644531, 130.39395141601562, 475.34033203125]","[195.8140411376953, 464.9480285644531, 209.76405334472656, 475.34033203125]"
1770.HK,col_CO,10,A,3000,480,1440000,"[109.24394989013672, 478.94842529296875, 130.39395141601562, 489.3407287597656]","[195.8140411376953, 478.94842529296875, 209.76405334472656, 489.3407287597656]"
1770.HK,col_CO,10,A,3500,266,931000,"[109.24394989013672, 492.9488220214844, 130.39395141601562, 503.34112548828125]","[195.8140411376953, 492.9488220214844, 209.76405334472656, 503.34112548828125]"
1770.HK,col_CO,10,A,4000,342,1368000,"[109.24394989013672, 506.9492492675781, 130.39395141601562, 517.341552734375]","[195.8140411376953, 506.9492492675781, 209.76405334472656, 517.341552734375]"
1770.HK,col_CO,10,A,4500,275,1237500,"[109.24394989013672, 520.9496459960938, 130.39395141601562, 531.3419189453125]","[195.8140411376953, 520.9496459960938, 209.76405334472656, 531.3419189453125]"
1770.HK,col_CO,10,A,5000,1020,5100000,"[109.24394989013672, 534.9500122070312, 130.39395141601562, 545.34228515625]","[188.61404418945312, 534.9500122070312, 209.76406860351562, 545.34228515625]"
1770.HK,col_CO,10,A,6000,403,2418000,"[109.24394989013672, 548.950439453125, 130.39395141601562, 559.3427124023438]","[195.8140411376953, 548.950439453125, 209.76405334472656, 559.3427124023438]"
1770.HK,col_CO,10,A,7000,293,2051000,"[109.24394989013672, 562.9508666992188, 130.39395141601562, 573.3431396484375]","[195.8140411376953, 562.9508666992188, 209.76405334472656, 573.3431396484375]"
1770.HK,col_CO,10,A,8000,283,2264000,"[109.24394989013672, 576.9512329101562, 130.39395141601562, 587.343505859375]","[195.8140411376953, 576.9512329101562, 209.76405334472656, 587.343505859375]"
1770.HK,col_CO,10,A,9000,254,2286000,"[109.24394989013672, 590.9515991210938, 130.39395141601562, 601.3438720703125]","[195.8140411376953, 590.9515991210938, 209.76405334472656, 601.3438720703125]"
1770.HK,col_CO,10,A,10000,1699,16990000,"[104.51895141601562, 604.9520263671875, 130.39395141601562, 615.3442993164062]","[188.61404418945312, 604.9520263671875, 209.76406860351562, 615.3442993164062]"
1770.HK,col_CO,10,A,20000,1053,21060000,"[104.51895141601562, 618.9524536132812, 130.39395141601562, 629.3447265625]","[188.61404418945312, 618.9524536132812, 209.76406860351562, 629.3447265625]"
1770.HK,col_CO,10,A,30000,626,18780000,"[104.51895141601562, 632.9528198242188, 130.39395141601562, 643.3450927734375]","[195.8140411376953, 632.9528198242188, 209.76405334472656, 643.3450927734375]"
1770.HK,col_CO,10,A,40000,733,29320000,"[104.51895141601562, 646.9531860351562, 130.39395141601562, 657.345458984375]","[195.8140411376953, 646.9531860351562, 209.76405334472656, 657.345458984375]"
1770.HK,col_CO,11,B,50000,2104,105200000,"[104.51803588867188, 200.94119262695312, 130.39303588867188, 211.33349609375]","[188.61312866210938, 200.94119262695312, 209.76315307617188, 211.33349609375]"
1770.HK,col_CO,11,B,60000,760,45600000,"[104.51803588867188, 214.94161987304688, 130.39303588867188, 225.33392333984375]","[195.81312561035156, 214.94161987304688, 209.7631378173828, 225.33392333984375]"
1770.HK,col_CO,11,B,70000,320,22400000,"[104.51803588867188, 228.94204711914062, 130.39303588867188, 239.3343505859375]","[195.81312561035156, 228.94204711914062, 209.7631378173828, 239.3343505859375]"
1770.HK,col_CO,11,B,80000,332,26560000,"[104.51803588867188, 242.94247436523438, 130.39303588867188, 253.33477783203125]","[195.81312561035156, 242.94247436523438, 209.7631378173828, 253.33477783203125]"
1770.HK,col_CO,11,B,90000,152,13680000,"[104.51803588867188, 256.9429016113281, 130.39303588867188, 267.335205078125]","[195.81312561035156, 256.9429016113281, 209.7631378173828, 267.335205078125]"
1770.HK,col_CO,11,B,100000,497,49700000,"[99.79303741455078, 270.9433288574219, 130.39303588867188, 281.33563232421875]","[195.81312561035156, 270.9433288574219, 209.7631378173828, 281.33563232421875]"
1770.HK,col_CO,11,B,150000,206,30900000,"[99.79303741455078, 298.94293212890625, 130.39303588867188, 309.3352355957031]","[195.81312561035156, 298.94293212890625, 209.7631378173828, 309.3352355957031]"
1770.HK,col_CO,11,B,200000,122,24400000,"[99.79304504394531, 326.9425354003906, 130.39303588867188, 337.3348388671875]","[195.81314086914062, 326.9425354003906, 209.76315307617188, 337.3348388671875]"
1770.HK,col_CO,11,B,255950,397,101612150,"[99.79216003417969, 340.94293212890625, 130.39215087890625, 351.3352355957031]","[195.812255859375, 340.94293212890625, 209.76226806640625, 351.3352355957031]"
2475.HK,col_CO,22,A,100,26463,2646300,"[91.10399627685547, 244.46334838867188, 107.66398620605469, 256.68463134765625]","[174.5, 244.46334838867188, 204.86001586914062, 256.68463134765625]"
2475.HK,col_CO,22,A,200,3403,680600,"[91.10399627685547, 257.1833190917969, 107.66398620605469, 269.40460205078125]","[180.02000427246094, 257.1833190917969, 204.86001586914062, 269.40460205078125]"
2475.HK,col_CO,22,A,300,1641,492300,"[91.10399627685547, 295.1333312988281, 107.66398620605469, 307.3546142578125]","[180.02000427246094, 295.1333312988281, 204.86001586914062, 307.3546142578125]"
2475.HK,col_CO,22,A,400,1300,520000,"[91.10399627685547, 333.0533447265625, 107.66398620605469, 345.2746276855469]","[180.02000427246094, 333.0533447265625, 204.86001586914062, 345.2746276855469]"
2475.HK,col_CO,22,A,500,2346,1173000,"[91.10399627685547, 371.0933532714844, 107.66398620605469, 383.31463623046875]","[180.02000427246094, 371.0933532714844, 204.86001586914062, 383.31463623046875]"
2475.HK,col_CO,22,A,600,481,288600,"[91.10399627685547, 409.0133361816406, 107.66398620605469, 421.234619140625]","[188.2100067138672, 409.0133361816406, 204.77001953125, 421.234619140625]"
2475.HK,col_CO,22,A,700,2086,1460200,"[91.10399627685547, 434.3333435058594, 107.66398620605469, 446.55462646484375]","[180.02000427246094, 434.3333435058594, 204.86001586914062, 446.55462646484375]"
2475.HK,col_CO,22,A,800,390,312000,"[91.10399627685547, 472.2733459472656, 107.66398620605469, 484.49462890625]","[188.2100067138672, 472.2733459472656, 204.77001953125, 484.49462890625]"
2475.HK,col_CO,22,A,900,206,185400,"[91.10399627685547, 497.5933532714844, 107.66398620605469, 509.81463623046875]","[188.2100067138672, 497.5933532714844, 204.77001953125, 509.81463623046875]"
2475.HK,col_CO,22,A,1000,2376,2376000,"[82.94400024414062, 522.7933349609375, 107.78398895263672, 535.0146484375]","[180.02000427246094, 522.7933349609375, 204.86001586914062, 535.0146484375]"
2475.HK,col_CO,22,A,1500,1201,1801500,"[82.94400024414062, 548.11328125, 107.78398895263672, 560.3345947265625]","[180.02000427246094, 548.11328125, 204.86001586914062, 560.3345947265625]"
2475.HK,col_CO,22,A,2000,812,1624000,"[82.94400024414062, 586.0333251953125, 107.78398895263672, 598.254638671875]","[188.2100067138672, 586.0333251953125, 204.77001953125, 598.254638671875]"
2475.HK,col_CO,22,A,2500,317,792500,"[82.94400024414062, 611.3533935546875, 107.78398895263672, 623.5746459960938]","[188.2100067138672, 611.3533935546875, 204.77001953125, 623.5746459960938]"
2475.HK,col_CO,22,A,3000,494,1482000,"[82.94400024414062, 636.703369140625, 107.78398895263672, 648.9246215820312]","[188.2100067138672, 636.703369140625, 204.77001953125, 648.9246215820312]"
2475.HK,col_CO,22,A,3500,174,609000,"[82.94400024414062, 674.623291015625, 107.78398895263672, 686.8446044921875]","[188.2100067138672, 674.623291015625, 204.77001953125, 686.8446044921875]"
2475.HK,col_CO,22,A,4000,210,840000,"[82.94400024414062, 699.943359375, 107.78398895263672, 712.1646118164062]","[188.2100067138672, 699.943359375, 204.77001953125, 712.1646118164062]"
2475.HK,col_CO,22,A,4500,135,607500,"[82.94400024414062, 725.2633056640625, 107.78398895263672, 737.484619140625]","[188.2100067138672, 725.2633056640625, 204.77001953125, 737.484619140625]"
2475.HK,col_CO,23,A,5000,467,2335000,"[82.94400024414062, 72.36337280273438, 107.78398895263672, 84.58465576171875]","[188.2100067138672, 72.36337280273438, 204.77001953125, 84.58465576171875]"
2475.HK,col_CO,23,A,6000,336,2016000,"[82.94400024414062, 110.30331420898438, 107.78398895263672, 122.52459716796875]","[188.2100067138672, 110.30331420898438, 204.77001953125, 122.52459716796875]"
2475.HK,col_CO,23,A,7000,192,1344000,"[82.94400024414062, 148.22335815429688, 107.78398895263672, 160.44464111328125]","[188.2100067138672, 148.22335815429688, 204.77001953125, 160.44464111328125]"
2475.HK,col_CO,23,A,8000,173,1384000,"[82.94400024414062, 173.54336547851562, 107.78398895263672, 185.7646484375]","[188.2100067138672, 173.54336547851562, 204.77001953125, 185.7646484375]"
2475.HK,col_CO,23,A,9000,110,990000,"[82.94400024414062, 198.86337280273438, 107.78398895263672, 211.08465576171875]","[188.2100067138672, 198.86337280273438, 204.77001953125, 211.08465576171875]"
2475.HK,col_CO,23,A,10000,798,7980000,"[77.42400360107422, 224.18331909179688, 107.78398895263672, 236.40460205078125]","[188.2100067138672, 224.18331909179688, 204.77001953125, 236.40460205078125]"
2475.HK,col_CO,23,A,20000,382,7640000,"[77.42400360107422, 249.50332641601562, 107.78398895263672, 261.724609375]","[188.2100067138672, 249.50332641601562, 204.77001953125, 261.724609375]"
2475.HK,col_CO,23,A,30000,184,5520000,"[77.42400360107422, 287.4533386230469, 107.78398895263672, 299.67462158203125]","[188.2100067138672, 287.4533386230469, 204.77001953125, 299.67462158203125]"
2475.HK,col_CO,23,A,40000,89,3560000,"[77.42400360107422, 325.37335205078125, 107.78398895263672, 337.5946350097656]","[193.72999572753906, 325.37335205078125, 204.77000427246094, 337.5946350097656]"
2475.HK,col_CO,23,A,50000,90,4500000,"[77.42400360107422, 350.6933288574219, 107.78398895263672, 362.91461181640625]","[193.72999572753906, 350.6933288574219, 204.77000427246094, 362.91461181640625]"
2475.HK,col_CO,23,A,60000,39,2340000,"[77.42400360107422, 376.0133361816406, 107.78398895263672, 388.234619140625]","[193.72999572753906, 376.0133361816406, 204.77000427246094, 388.234619140625]"
2475.HK,col_CO,23,A,70000,70,4900000,"[77.42400360107422, 413.933349609375, 107.78398895263672, 426.1546325683594]","[193.72999572753906, 413.933349609375, 204.77000427246094, 426.1546325683594]"
2475.HK,col_CO,23,B,80000,127,10160000,"[77.42400360107422, 605.2332763671875, 107.78398895263672, 617.45458984375]","[188.2100067138672, 605.2332763671875, 204.77001953125, 617.45458984375]"
2475.HK,col_CO,23,B,90000,20,1800000,"[77.42400360107422, 617.953369140625, 107.78398895263672, 630.1746215820312]","[193.72999572753906, 617.953369140625, 204.77000427246094, 630.1746215820312]"
2475.HK,col_CO,23,B,100000,89,8900000,"[71.90399932861328, 630.5533447265625, 107.78398132324219, 642.774658203125]","[193.72999572753906, 630.5533447265625, 204.77000427246094, 642.774658203125]"
2475.HK,col_CO,23,B,200000,37,7400000,"[71.90399932861328, 643.3033447265625, 107.78398132324219, 655.524658203125]","[193.72999572753906, 643.3033447265625, 204.77000427246094, 655.524658203125]"
2475.HK,col_CO,23,B,300000,20,6000000,"[71.90399932861328, 655.9033203125, 107.78398132324219, 668.1246337890625]","[193.72999572753906, 655.9033203125, 204.77000427246094, 668.1246337890625]"
2475.HK,col_CO,23,B,400000,12,4800000,"[71.90399932861328, 668.623291015625, 107.78398132324219, 680.8446044921875]","[193.72999572753906, 668.623291015625, 204.77000427246094, 680.8446044921875]"
2475.HK,col_CO,23,B,500000,6,3000000,"[71.90399932861328, 681.223388671875, 107.78398132324219, 693.4446411132812]","[199.25, 681.223388671875, 204.77000427246094, 693.4446411132812]"
2475.HK,col_CO,23,B,600000,2,1200000,"[71.90399932861328, 693.8233642578125, 107.78398132324219, 706.0446166992188]","[199.25, 693.8233642578125, 204.77000427246094, 706.0446166992188]"
2475.HK,col_CO,23,B,700000,4,2800000,"[71.90399932861328, 706.5433349609375, 107.78398132324219, 718.7646484375]","[199.25, 706.5433349609375, 204.77000427246094, 718.7646484375]"
2475.HK,col_CO,23,B,800000,6,4800000,"[71.90399932861328, 719.143310546875, 107.78398132324219, 731.3646240234375]","[199.25, 719.143310546875, 204.77000427246094, 731.3646240234375]"
2475.HK,col_CO,23,B,900000,3,2700000,"[71.90399932861328, 731.86328125, 107.78398132324219, 744.0845947265625]","[199.25, 731.86328125, 204.77000427246094, 744.0845947265625]"
2475.HK,col_CO,23,B,1000000,11,11000000,"[63.624000549316406, 744.4593505859375, 107.78398132324219, 756.6806030273438]","[193.72999572753906, 744.4593505859375, 204.77000427246094, 756.6806030273438]"
2475.HK,col_CO,23,B,2000000,3,6000000,"[63.624000549316406, 757.059326171875, 107.78398132324219, 769.2806396484375]","[199.25, 757.059326171875, 204.77000427246094, 769.2806396484375]"
2475.HK,col_CO,24,B,3000000,1,3000000,"[63.624000549316406, 72.36337280273438, 107.78398132324219, 84.58465576171875]","[199.25, 72.36337280273438, 204.77000427246094, 84.58465576171875]"
2475.HK,col_CO,24,B,4000000,1,4000000,"[63.624000549316406, 84.98336791992188, 107.78398132324219, 97.20465087890625]","[199.25, 84.98336791992188, 204.77000427246094, 97.20465087890625]"
2475.HK,col_CO,24,B,5000000,1,5000000,"[63.624000549316406, 97.70333862304688, 107.78398132324219, 109.92462158203125]","[199.25, 97.70333862304688, 204.77000427246094, 109.92462158203125]"
2797.HK,col_CO,8,A,500,47933,23966500,"[99.60861206054688, 254.74424743652344, 116.5020980834961, 266.0858154296875]","[156.81686401367188, 254.74424743652344, 188.26148986816406, 266.0858154296875]"
2797.HK,col_CO,8,A,1000,21291,21291000,"[90.82132720947266, 268.69110107421875, 116.50316619873047, 280.03265380859375]","[156.81793212890625, 268.69110107421875, 188.26255798339844, 280.03265380859375]"
2797.HK,col_CO,8,A,1500,2384,3576000,"[90.82132720947266, 282.63787841796875, 116.50424194335938, 293.9794616699219]","[162.60223388671875, 282.63787841796875, 188.26580810546875, 293.9794616699219]"
2797.HK,col_CO,8,A,2000,827,1654000,"[90.82132720947266, 296.584716796875, 116.50101470947266, 307.92626953125]","[171.3292694091797, 296.584716796875, 188.22059631347656, 307.92626953125]"
2797.HK,col_CO,8,A,2500,949,2372500,"[90.82132720947266, 310.531494140625, 116.50101470947266, 321.8730773925781]","[171.3292694091797, 310.531494140625, 188.22059631347656, 321.8730773925781]"
2797.HK,col_CO,8,A,3000,479,1437000,"[90.82132720947266, 324.47833251953125, 116.50101470947266, 335.81988525390625]","[171.3292694091797, 324.47833251953125, 188.22059631347656, 335.81988525390625]"
2797.HK,col_CO,8,A,3500,350,1225000,"[90.82132720947266, 338.42510986328125, 116.50101470947266, 349.7666931152344]","[171.3292694091797, 338.42510986328125, 188.22059631347656, 349.7666931152344]"
2797.HK,col_CO,8,A,4000,385,1540000,"[90.82132720947266, 352.3719482421875, 116.50101470947266, 363.7135009765625]","[171.3292694091797, 352.3719482421875, 188.22059631347656, 363.7135009765625]"
2797.HK,col_CO,8,A,4500,281,1264500,"[90.82132720947266, 366.3187255859375, 116.50101470947266, 377.6603088378906]","[171.3292694091797, 366.3187255859375, 188.22059631347656, 377.6603088378906]"
2797.HK,col_CO,8,A,5000,6260,31300000,"[90.82132720947266, 380.26556396484375, 116.50424194335938, 391.60711669921875]","[162.6033172607422, 380.26556396484375, 188.2625732421875, 391.60711669921875]"
2797.HK,col_CO,8,A,7500,1129,8467500,"[90.82132720947266, 394.21234130859375, 116.50424194335938, 405.5539245605469]","[162.6033172607422, 394.21234130859375, 188.2625732421875, 405.5539245605469]"
2797.HK,col_CO,8,A,10000,1369,13690000,"[85.09512329101562, 408.1591796875, 116.54082489013672, 419.500732421875]","[162.639892578125, 408.1591796875, 188.2991485595703, 419.500732421875]"
2797.HK,col_CO,8,A,12500,589,7362500,"[85.09512329101562, 422.10595703125, 116.54835510253906, 433.4475402832031]","[171.37661743164062, 422.10595703125, 188.26473999023438, 433.4475402832031]"
2797.HK,col_CO,8,A,15000,421,6315000,"[85.09512329101562, 436.05279541015625, 116.54835510253906, 447.39434814453125]","[171.37661743164062, 436.05279541015625, 188.26473999023438, 447.39434814453125]"
2797.HK,col_CO,8,A,17500,247,4322500,"[85.09512329101562, 449.99957275390625, 116.5386734008789, 461.3411560058594]","[171.36692810058594, 449.99957275390625, 188.25502014160156, 461.3411560058594]"
2797.HK,col_CO,8,A,20000,295,5900000,"[85.09512329101562, 463.9464111328125, 116.54835510253906, 475.2879638671875]","[171.37661743164062, 463.9464111328125, 188.26473999023438, 475.2879638671875]"
2797.HK,col_CO,8,A,22500,236,5310000,"[85.09512329101562, 477.8931884765625, 116.54835510253906, 489.2347717285156]","[171.37661743164062, 477.8931884765625, 188.26473999023438, 489.2347717285156]"
2797.HK,col_CO,8,A,25000,540,13500000,"[85.09512329101562, 491.84002685546875, 116.54835510253906, 503.18157958984375]","[171.37661743164062, 491.84002685546875, 188.26473999023438, 503.18157958984375]"
2797.HK,col_CO,8,A,30000,331,9930000,"[85.09512329101562, 505.786865234375, 116.54835510253906, 517.12841796875]","[171.37661743164062, 505.786865234375, 188.26473999023438, 517.12841796875]"
2797.HK,col_CO,8,A,35000,256,8960000,"[85.09512329101562, 519.733642578125, 116.54835510253906, 531.0751953125]","[171.37661743164062, 519.733642578125, 188.26473999023438, 531.0751953125]"
2797.HK,col_CO,8,A,40000,266,10640000,"[85.09512329101562, 533.6804809570312, 116.54835510253906, 545.0220336914062]","[171.37661743164062, 533.6804809570312, 188.26473999023438, 545.0220336914062]"
2797.HK,col_CO,8,A,45000,192,8640000,"[85.09512329101562, 547.6273193359375, 116.54835510253906, 558.9688720703125]","[171.37661743164062, 547.6273193359375, 188.26473999023438, 558.9688720703125]"
2797.HK,col_CO,8,A,50000,1289,64450000,"[85.09512329101562, 561.5740966796875, 116.54190063476562, 572.9156494140625]","[162.639892578125, 561.5740966796875, 188.29916381835938, 572.9156494140625]"
2797.HK,col_CO,8,A,100000,850,85000000,"[79.3689193725586, 575.5209350585938, 116.54190063476562, 586.8624877929688]","[171.37014770507812, 575.5209350585938, 188.25823974609375, 586.8624877929688]"
2797.HK,col_CO,8,A,150000,573,85950000,"[79.36891174316406, 589.4677734375, 116.5418930053711, 600.809326171875]","[171.37014770507812, 589.4677734375, 188.25823974609375, 600.809326171875]"
2797.HK,col_CO,8,A,200000,347,69400000,"[79.36891174316406, 603.41455078125, 116.5418930053711, 614.756103515625]","[171.37014770507812, 603.41455078125, 188.25823974609375, 614.756103515625]"
2797.HK,col_CO,8,A,250000,825,206250000,"[79.36891174316406, 617.3613891601562, 116.5418930053711, 628.7029418945312]","[171.37014770507812, 617.3613891601562, 188.25823974609375, 628.7029418945312]"
2797.HK,col_CO,8,A,300000,249,74700000,"[79.36891174316406, 631.3082275390625, 116.5418930053711, 642.6497802734375]","[171.37014770507812, 631.3082275390625, 188.25823974609375, 642.6497802734375]"
2797.HK,col_CO,8,A,350000,213,74550000,"[79.36891174316406, 645.2550659179688, 116.5418930053711, 656.5966186523438]","[171.37014770507812, 645.2550659179688, 188.25823974609375, 656.5966186523438]"
2797.HK,col_CO,8,A,400000,206,82400000,"[79.36891174316406, 659.201904296875, 116.5418930053711, 670.54345703125]","[171.37014770507812, 659.201904296875, 188.25823974609375, 670.54345703125]"
2797.HK,col_CO,8,A,450000,153,68850000,"[79.36891174316406, 673.148681640625, 116.5418930053711, 684.490234375]","[171.37014770507812, 673.148681640625, 188.25823974609375, 684.490234375]"
2797.HK,col_CO,8,A,500000,761,380500000,"[79.36891174316406, 687.0955200195312, 116.5418930053711, 698.4370727539062]","[171.37014770507812, 687.0955200195312, 188.25823974609375, 698.4370727539062]"
2797.HK,col_CO,9,B,750000,1222,916500000,"[79.3699951171875, 220.83885192871094, 116.54727935791016, 232.18040466308594]","[162.64527893066406, 220.83885192871094, 188.30455017089844, 232.18040466308594]"
2797.HK,col_CO,9,B,1000000,369,369000000,"[70.58273315429688, 256.7257080078125, 116.5440673828125, 268.0672607421875]","[171.372314453125, 256.7257080078125, 188.26043701171875, 268.0672607421875]"
2797.HK,col_CO,9,B,1250000,1240,1550000000,"[70.58273315429688, 274.640380859375, 116.55697631835938, 285.9819641113281]","[162.65496826171875, 274.640380859375, 188.32284545898438, 285.9819641113281]"
3752.HK,col_CO,14,A,100,31222,3122200,"[97.54119873046875, 224.50421142578125, 110.56118774414062, 237.89620971679688]","[148.77279663085938, 224.50421142578125, 172.9228057861328, 237.89620971679688]"
3752.HK,col_CO,14,A,200,12125,2425000,"[97.549560546875, 238.50823974609375, 110.56954956054688, 251.90023803710938]","[148.78115844726562, 238.50823974609375, 172.93116760253906, 251.90023803710938]"
3752.HK,col_CO,14,A,300,2481,744300,"[97.5579833984375, 252.51226806640625, 110.57797241210938, 265.9042663574219]","[153.1995849609375, 252.51226806640625, 172.93959045410156, 265.9042663574219]"
3752.HK,col_CO,14,A,400,703,281200,"[97.56640625, 266.51629638671875, 110.58639526367188, 279.9082946777344]","[159.92800903320312, 266.51629638671875, 172.94801330566406, 279.9082946777344]"
3752.HK,col_CO,14,A,500,1078,539000,"[97.5748291015625, 280.5202941894531, 110.59481811523438, 293.91229248046875]","[153.2164306640625, 280.5202941894531, 172.95643615722656, 293.91229248046875]"
3752.HK,col_CO,14,A,600,422,253200,"[97.583251953125, 294.5242919921875, 110.60324096679688, 307.9162902832031]","[159.94485473632812, 294.5242919921875, 172.96485900878906, 307.9162902832031]"
3752.HK,col_CO,14,A,700,267,186900,"[97.5916748046875, 308.5282897949219, 110.61166381835938, 321.9202880859375]","[159.95327758789062, 308.5282897949219, 172.97328186035156, 321.9202880859375]"
3752.HK,col_CO,14,A,800,380,304000,"[97.60009765625, 322.53228759765625, 110.62008666992188, 335.9242858886719]","[159.96170043945312, 322.53228759765625, 172.98170471191406, 335.9242858886719]"
3752.HK,col_CO,14,A,900,196,176400,"[97.6085205078125, 336.5362854003906, 110.62850952148438, 349.92828369140625]","[159.97012329101562, 336.5362854003906, 172.99012756347656, 349.92828369140625]"
3752.HK,col_CO,14,A,1000,4782,4782000,"[90.89691162109375, 350.540283203125, 110.63689422607422, 363.9322814941406]","[153.25851440429688, 350.540283203125, 172.99851989746094, 363.9322814941406]"
3752.HK,col_CO,14,A,1500,822,1233000,"[90.90533447265625, 364.5442810058594, 110.64531707763672, 377.936279296875]","[159.9869384765625, 364.5442810058594, 173.00694274902344, 377.936279296875]"
3752.HK,col_CO,14,A,2000,742,1484000,"[90.91375732421875, 378.54827880859375, 110.65373992919922, 391.9402770996094]","[159.995361328125, 378.54827880859375, 173.01536560058594, 391.9402770996094]"
3752.HK,col_CO,14,A,2500,739,1847500,"[90.92218017578125, 392.5522766113281, 110.66216278076172, 405.94427490234375]","[160.0037841796875, 392.5522766113281, 173.02378845214844, 405.94427490234375]"
3752.HK,col_CO,14,A,3000,552,1656000,"[90.93060302734375, 406.5562744140625, 110.67058563232422, 419.9482727050781]","[160.01220703125, 406.5562744140625, 173.03221130371094, 419.9482727050781]"
3752.HK,col_CO,14,A,3500,232,812000,"[90.93902587890625, 420.5602722167969, 110.67900848388672, 433.9522705078125]","[160.0206298828125, 420.5602722167969, 173.04063415527344, 433.9522705078125]"
3752.HK,col_CO,14,A,4000,268,1072000,"[90.94744873046875, 434.56427001953125, 110.68743133544922, 447.9562683105469]","[160.029052734375, 434.56427001953125, 173.04905700683594, 447.9562683105469]"
3752.HK,col_CO,14,A,4500,177,796500,"[90.95587158203125, 448.5682678222656, 110.69585418701172, 461.96026611328125]","[160.0374755859375, 448.5682678222656, 173.05747985839844, 461.96026611328125]"
3752.HK,col_CO,14,A,5000,530,2650000,"[90.96429443359375, 462.572265625, 110.70427703857422, 475.9642639160156]","[160.0458984375, 462.572265625, 173.06590270996094, 475.9642639160156]"
3752.HK,col_CO,14,A,6000,398,2388000,"[90.97271728515625, 476.5762634277344, 110.71269989013672, 489.96826171875]","[160.0543212890625, 476.5762634277344, 173.07432556152344, 489.96826171875]"
3752.HK,col_CO,14,A,7000,243,1701000,"[90.98114013671875, 490.58026123046875, 110.72112274169922, 503.9722595214844]","[160.062744140625, 490.58026123046875, 173.08274841308594, 503.9722595214844]"
3752.HK,col_CO,14,A,8000,276,2208000,"[90.98956298828125, 504.584228515625, 110.72954559326172, 517.9762573242188]","[160.0711669921875, 504.584228515625, 173.09117126464844, 517.9762573242188]"
3752.HK,col_CO,14,A,9000,153,1377000,"[90.99798583984375, 518.5882568359375, 110.73796844482422, 531.9802856445312]","[160.07958984375, 518.5882568359375, 173.09959411621094, 531.9802856445312]"
3752.HK,col_CO,14,A,10000,1225,12250000,"[86.596435546875, 532.59228515625, 110.74641418457031, 545.9843139648438]","[153.3680419921875, 532.59228515625, 173.10804748535156, 545.9843139648438]"
3752.HK,col_CO,14,A,20000,637,12740000,"[86.6048583984375, 546.5962524414062, 110.75483703613281, 559.98828125]","[160.09645080566406, 546.5962524414062, 173.116455078125, 559.98828125]"
3752.HK,col_CO,14,A,30000,507,15210000,"[86.61328125, 560.6002197265625, 110.76325988769531, 573.9922485351562]","[160.10487365722656, 560.6002197265625, 173.1248779296875, 573.9922485351562]"
3752.HK,col_CO,14,A,40000,224,8960000,"[86.6217041015625, 574.604248046875, 110.77168273925781, 587.9962768554688]","[160.11329650878906, 574.604248046875, 173.13330078125, 587.9962768554688]"
3752.HK,col_CO,14,A,50000,638,31900000,"[86.630126953125, 588.6082763671875, 110.78010559082031, 602.0003051757812]","[160.12171936035156, 588.6082763671875, 173.1417236328125, 602.0003051757812]"
3752.HK,col_CO,14,A,60000,137,8220000,"[86.6385498046875, 602.6122436523438, 110.78852844238281, 616.0042724609375]","[160.13014221191406, 602.6122436523438, 173.150146484375, 616.0042724609375]"
3752.HK,col_CO,14,A,70000,86,6020000,"[86.64697265625, 616.6162109375, 110.79695129394531, 630.0082397460938]","[164.54856872558594, 616.6162109375, 173.1585693359375, 630.0082397460938]"
3752.HK,col_CO,14,A,80000,95,7600000,"[86.6553955078125, 630.6202392578125, 110.80537414550781, 644.0122680664062]","[164.55699157714844, 630.6202392578125, 173.1669921875, 644.0122680664062]"
3752.HK,col_CO,14,A,90000,65,5850000,"[86.663818359375, 644.624267578125, 110.81379699707031, 658.0162963867188]","[164.56541442871094, 644.624267578125, 173.1754150390625, 658.0162963867188]"
3752.HK,col_CO,14,A,100000,464,46400000,"[82.26220703125, 658.6282348632812, 110.82218170166016, 672.020263671875]","[160.16380310058594, 658.6282348632812, 173.18380737304688, 672.020263671875]"
3752.HK,col_CO,15,B,200000,297,59400000,"[75.86947631835938, 156.26422119140625, 110.5494613647461, 169.65621948242188]","[168.44467163085938, 156.26422119140625, 184.25466918945312, 169.65621948242188]"
3752.HK,col_CO,15,B,300000,63,18900000,"[75.86947631835938, 170.26824951171875, 110.5494613647461, 183.66024780273438]","[173.7996826171875, 170.26824951171875, 184.2546844482422, 183.66024780273438]"
3752.HK,col_CO,15,B,400000,29,11600000,"[75.86947631835938, 184.27227783203125, 110.5494613647461, 197.66427612304688]","[173.7996826171875, 184.27227783203125, 184.2546844482422, 197.66427612304688]"
3752.HK,col_CO,15,B,500000,31,15500000,"[75.86947631835938, 198.27630615234375, 110.5494613647461, 211.66830444335938]","[173.7996826171875, 198.27630615234375, 184.2546844482422, 211.66830444335938]"
3752.HK,col_CO,15,B,600000,13,7800000,"[75.86947631835938, 212.28033447265625, 110.5494613647461, 225.67233276367188]","[173.7996826171875, 212.28033447265625, 184.2546844482422, 225.67233276367188]"
3752.HK,col_CO,15,B,700000,9,6300000,"[75.86947631835938, 226.28436279296875, 110.5494613647461, 239.67636108398438]","[179.15467834472656, 226.28436279296875, 184.2546844482422, 239.67636108398438]"
3752.HK,col_CO,15,B,800000,12,9600000,"[75.86947631835938, 240.28839111328125, 110.5494613647461, 253.68038940429688]","[173.7996826171875, 240.28839111328125, 184.2546844482422, 253.68038940429688]"
3752.HK,col_CO,15,B,900000,2,1800000,"[75.86947631835938, 254.29241943359375, 110.5494613647461, 267.6844177246094]","[179.15467834472656, 254.29241943359375, 184.2546844482422, 267.6844177246094]"
3752.HK,col_CO,15,B,1000000,8,8000000,"[67.70950317382812, 268.29644775390625, 110.54949188232422, 281.6884460449219]","[179.15469360351562, 268.29644775390625, 184.25469970703125, 281.6884460449219]"
3752.HK,col_CO,15,B,1151600,30,34548000,"[67.70950317382812, 282.3004455566406, 110.54949188232422, 295.69244384765625]","[173.79969787597656, 282.3004455566406, 184.25469970703125, 295.69244384765625]"
6951.HK,col_CO,15,A,100,62183,6218300,"[103.0999984741211, 678.4679565429688, 117.92059326171875, 691.751953125]","[172.49000549316406, 678.5879516601562, 200.0252227783203, 691.8719482421875]"
6951.HK,col_CO,15,A,200,8572,1714400,"[103.0999984741211, 701.14794921875, 117.92059326171875, 714.4319458007812]","[177.41000366210938, 701.14794921875, 200.02999877929688, 714.4319458007812]"
6951.HK,col_CO,15,A,300,6795,2038500,"[103.0999984741211, 723.7079467773438, 117.92059326171875, 736.991943359375]","[177.41000366210938, 723.7079467773438, 200.02999877929688, 736.991943359375]"
6951.HK,col_CO,15,A,400,17053,6821200,"[103.0999984741211, 746.14794921875, 117.92059326171875, 759.4319458007812]","[172.49000549316406, 746.14794921875, 200.0252227783203, 759.4319458007812]"
6951.HK,col_CO,16,A,500,3523,1761500,"[103.0999984741211, 41.86799621582031, 117.92059326171875, 55.15199661254883]","[177.41000366210938, 41.86799621582031, 200.02999877929688, 55.15199661254883]"
6951.HK,col_CO,16,A,600,1778,1066800,"[103.0999984741211, 64.32795715332031, 117.92059326171875, 77.6119613647461]","[177.41000366210938, 64.32795715332031, 200.02999877929688, 77.6119613647461]"
6951.HK,col_CO,16,A,700,1451,1015700,"[103.0999984741211, 193.68800354003906, 117.92059326171875, 206.9720001220703]","[177.41000366210938, 193.80799865722656, 200.02342224121094, 207.0919952392578]"
6951.HK,col_CO,16,A,800,1499,1199200,"[103.0999984741211, 216.39796447753906, 117.92059326171875, 229.6819610595703]","[177.41000366210938, 216.51795959472656, 200.02342224121094, 229.8019561767578]"
6951.HK,col_CO,16,A,900,5414,4872600,"[103.0999984741211, 238.9579620361328, 117.92059326171875, 252.24195861816406]","[177.41000366210938, 239.0779571533203, 200.02342224121094, 252.36195373535156]"
6951.HK,col_CO,16,A,1000,7519,7519000,"[95.18399810791016, 261.5179748535156, 117.7973861694336, 274.8019714355469]","[177.41000366210938, 261.6379699707031, 200.02342224121094, 274.9219665527344]"
6951.HK,col_CO,16,A,1500,3578,5367000,"[95.18399810791016, 284.0780029296875, 117.7973861694336, 297.36199951171875]","[177.41000366210938, 284.197998046875, 200.02342224121094, 297.48199462890625]"
6951.HK,col_CO,16,A,2000,4087,8174000,"[95.18399810791016, 306.63800048828125, 117.7973861694336, 319.9219970703125]","[177.41000366210938, 306.75799560546875, 200.02342224121094, 320.0419921875]"
6951.HK,col_CO,16,A,2500,2234,5585000,"[95.18399810791016, 329.197998046875, 117.7973861694336, 342.48199462890625]","[177.41000366210938, 329.3179931640625, 200.02342224121094, 342.60198974609375]"
6951.HK,col_CO,16,A,3000,2589,7767000,"[95.18399810791016, 351.75799560546875, 117.7973861694336, 365.0419921875]","[177.41000366210938, 351.87799072265625, 200.02342224121094, 365.1619873046875]"
6951.HK,col_CO,16,A,3500,1471,5148500,"[95.18399810791016, 374.3379821777344, 117.7973861694336, 387.6219787597656]","[177.41000366210938, 374.4579772949219, 200.02342224121094, 387.7419738769531]"
6951.HK,col_CO,16,A,4000,1814,7256000,"[95.18399810791016, 396.8979797363281, 117.7973861694336, 410.1819763183594]","[177.41000366210938, 396.8979797363281, 200.02342224121094, 410.1819763183594]"
6951.HK,col_CO,16,A,4500,1186,5337000,"[95.18399810791016, 419.4579772949219, 117.7973861694336, 432.7419738769531]","[177.41000366210938, 419.4579772949219, 200.02342224121094, 432.7419738769531]"
6951.HK,col_CO,16,A,5000,2893,14465000,"[95.18399810791016, 442.01800537109375, 117.7973861694336, 455.302001953125]","[177.41000366210938, 442.01800537109375, 200.02342224121094, 455.302001953125]"
6951.HK,col_CO,16,A,6000,1898,11388000,"[95.18399810791016, 464.5780029296875, 117.7973861694336, 477.86199951171875]","[177.41000366210938, 464.5780029296875, 200.02342224121094, 477.86199951171875]"
6951.HK,col_CO,16,A,7000,1438,10066000,"[95.18399810791016, 487.01800537109375, 117.7973861694336, 500.302001953125]","[177.41000366210938, 487.13800048828125, 200.02342224121094, 500.4219970703125]"
6951.HK,col_CO,16,A,8000,1437,11496000,"[95.18399810791016, 509.6080017089844, 117.7973861694336, 522.8919677734375]","[177.41000366210938, 509.7279968261719, 200.02342224121094, 523.011962890625]"
6951.HK,col_CO,16,A,9000,1211,10899000,"[95.18399810791016, 532.16796875, 117.7973861694336, 545.4519653320312]","[177.41000366210938, 532.16796875, 200.02342224121094, 545.4519653320312]"
6951.HK,col_CO,16,A,10000,7290,72900000,"[90.26399993896484, 554.7279663085938, 117.79378509521484, 568.011962890625]","[177.41000366210938, 554.7279663085938, 200.02342224121094, 568.011962890625]"
6951.HK,col_CO,16,A,20000,4809,96180000,"[90.26399993896484, 577.16796875, 117.79378509521484, 590.4519653320312]","[177.41000366210938, 577.16796875, 200.02342224121094, 590.4519653320312]"
6951.HK,col_CO,16,A,30000,2674,80220000,"[90.26399993896484, 599.7279663085938, 117.79378509521484, 613.011962890625]","[177.41000366210938, 599.7279663085938, 200.02342224121094, 613.011962890625]"
6951.HK,col_CO,16,A,40000,3267,130680000,"[90.26399993896484, 622.16796875, 117.79378509521484, 635.4519653320312]","[177.41000366210938, 622.16796875, 200.02342224121094, 635.4519653320312]"
6951.HK,col_CO,17,B,50000,10033,501650000,"[90.26399993896484, 160.80799865722656, 117.79378509521484, 174.0919952392578]","[172.49000549316406, 161.88795471191406, 200.0252227783203, 175.1719512939453]"
6951.HK,col_CO,17,B,100000,2279,227900000,"[85.2239990234375, 183.4879913330078, 117.7925796508789, 196.77198791503906]","[177.41000366210938, 184.4479522705078, 200.02342224121094, 197.73194885253906]"
6951.HK,col_CO,17,B,150000,968,145200000,"[85.2239990234375, 205.92799377441406, 117.79219055175781, 219.2119903564453]","[184.85000610351562, 206.91798400878906, 200.02999877929688, 220.2019805908203]"
6951.HK,col_CO,17,B,200000,651,130200000,"[85.2239990234375, 228.51795959472656, 117.7925796508789, 241.8019561767578]","[184.85000610351562, 229.3579864501953, 200.02999877929688, 242.64198303222656]"
6951.HK,col_CO,17,B,250000,759,189750000,"[85.2239990234375, 250.9579620361328, 117.7925796508789, 264.2419738769531]","[184.85000610351562, 251.91798400878906, 200.02999877929688, 265.2019958496094]"
6951.HK,col_CO,17,B,500000,306,153000000,"[85.2239990234375, 273.51800537109375, 117.7925796508789, 286.802001953125]","[184.85000610351562, 274.3580017089844, 200.02999877929688, 287.6419982910156]"
6951.HK,col_CO,17,B,750000,98,73500000,"[85.2239990234375, 295.9579772949219, 117.79499053955078, 309.2419738769531]","[189.88999938964844, 296.9179992675781, 200.02999877929688, 310.2019958496094]"
6951.HK,col_CO,17,B,1000000,84,84000000,"[77.78399658203125, 318.51800537109375, 117.78837585449219, 331.802001953125]","[189.64999389648438, 319.3580017089844, 199.7899932861328, 332.6419982910156]"
6951.HK,col_CO,17,B,1250000,28,35000000,"[77.78399658203125, 340.9579772949219, 117.78837585449219, 354.2419738769531]","[189.64999389648438, 341.9179992675781, 199.7899932861328, 355.2019958496094]"
6951.HK,col_CO,17,B,1500000,24,36000000,"[77.78399658203125, 363.5379943847656, 117.78837585449219, 376.8219909667969]","[189.64999389648438, 364.37799072265625, 199.7899932861328, 377.6619873046875]"
6951.HK,col_CO,17,B,2000000,46,92000000,"[77.78399658203125, 385.9779968261719, 117.78837585449219, 399.2619934082031]","[189.64999389648438, 386.93798828125, 199.7899932861328, 400.22198486328125]"
6951.HK,col_CO,17,B,2500000,4,10000000,"[77.78399658203125, 408.5379943847656, 117.78837585449219, 421.8219909667969]","[194.57000732421875, 409.37799072265625, 199.67001342773438, 422.6619873046875]"
6951.HK,col_CO,17,B,3000000,8,24000000,"[77.78399658203125, 430.9779968261719, 117.78837585449219, 444.2619934082031]","[194.57000732421875, 431.93798828125, 199.67001342773438, 445.22198486328125]"
6951.HK,col_CO,17,B,3568200,33,117750600,"[77.78399658203125, 453.5379943847656, 117.78837585449219, 466.8219909667969]","[189.64999389648438, 454.37799072265625, 199.7899932861328, 467.6619873046875]"
2249.HK,col_CO,15,A,100,44149,4414900,"[109.79995727539062, 255.47396850585938, 121.88996124267578, 265.148681640625]","[181.66995239257812, 255.47396850585938, 204.09495544433594, 265.148681640625]"
2249.HK,col_CO,15,A,200,7729,1545800,"[109.79995727539062, 269.4743957519531, 121.88996124267578, 279.14910888671875]","[185.76416015625, 269.4743957519531, 204.0941619873047, 279.14910888671875]"
2249.HK,col_CO,15,A,300,17609,5282700,"[109.79995727539062, 283.47479248046875, 121.88996124267578, 293.1495056152344]","[181.66915893554688, 283.47479248046875, 204.0941619873047, 293.1495056152344]"
2249.HK,col_CO,15,A,400,3413,1365200,"[109.79995727539062, 297.4751892089844, 121.88996124267578, 307.14990234375]","[185.76416015625, 297.4751892089844, 204.0941619873047, 307.14990234375]"
2249.HK,col_CO,15,A,500,4555,2277500,"[109.79995727539062, 311.4755859375, 121.88996124267578, 321.1502990722656]","[185.76416015625, 311.4755859375, 204.0941619873047, 321.1502990722656]"
2249.HK,col_CO,15,A,600,2861,1716600,"[109.79995727539062, 325.4759826660156, 121.88996124267578, 335.15069580078125]","[185.76416015625, 325.4759826660156, 204.0941619873047, 335.15069580078125]"
2249.HK,col_CO,15,A,700,2183,1528100,"[109.79995727539062, 339.47637939453125, 121.88996124267578, 349.1510925292969]","[185.76416015625, 339.47637939453125, 204.0941619873047, 349.1510925292969]"
2249.HK,col_CO,15,A,800,2191,1752800,"[109.79995727539062, 353.4767761230469, 121.88996124267578, 363.1514892578125]","[185.76416015625, 353.4767761230469, 204.0941619873047, 363.1514892578125]"
2249.HK,col_CO,15,A,900,1910,1719000,"[109.79995727539062, 367.4771728515625, 121.88996124267578, 377.1518859863281]","[185.76416015625, 367.4771728515625, 204.0941619873047, 377.1518859863281]"
2249.HK,col_CO,15,A,1000,21502,21502000,"[103.5599594116211, 381.4775695800781, 121.88996124267578, 391.15228271484375]","[181.66915893554688, 381.4775695800781, 204.0941619873047, 391.15228271484375]"
2249.HK,col_CO,15,A,2000,8011,16022000,"[103.5599594116211, 395.47796630859375, 121.88996124267578, 405.1526794433594]","[185.76416015625, 395.47796630859375, 204.0941619873047, 405.1526794433594]"
2249.HK,col_CO,15,A,3000,8682,26046000,"[103.5599594116211, 409.4783630371094, 121.88996124267578, 419.153076171875]","[185.76416015625, 409.4783630371094, 204.0941619873047, 419.153076171875]"
2249.HK,col_CO,15,A,4000,3493,13972000,"[103.5599594116211, 423.478759765625, 121.88996124267578, 433.1534729003906]","[185.76416015625, 423.478759765625, 204.0941619873047, 433.1534729003906]"
2249.HK,col_CO,15,A,5000,3498,17490000,"[103.5599594116211, 437.4791564941406, 121.88996124267578, 447.15386962890625]","[185.76416015625, 437.4791564941406, 204.0941619873047, 447.15386962890625]"
2249.HK,col_CO,15,A,6000,2626,15756000,"[103.5599594116211, 451.47955322265625, 121.88996124267578, 461.1542663574219]","[185.76416015625, 451.47955322265625, 204.0941619873047, 461.1542663574219]"
2249.HK,col_CO,15,A,7000,2072,14504000,"[103.5599594116211, 465.4799499511719, 121.88996124267578, 475.1546630859375]","[185.76416015625, 465.4799499511719, 204.0941619873047, 475.1546630859375]"
2249.HK,col_CO,15,A,8000,1912,15296000,"[103.5599594116211, 479.4803466796875, 121.88996124267578, 489.1550598144531]","[185.76416015625, 479.4803466796875, 204.0941619873047, 489.1550598144531]"
2249.HK,col_CO,15,A,9000,1817,16353000,"[103.5599594116211, 493.4807434082031, 121.88996124267578, 503.15545654296875]","[185.76416015625, 493.4807434082031, 204.0941619873047, 503.15545654296875]"
2249.HK,col_CO,15,A,10000,10205,102050000,"[99.46495819091797, 507.4811706542969, 121.88996124267578, 517.1558837890625]","[181.66915893554688, 507.4811706542969, 204.0941619873047, 517.1558837890625]"
2249.HK,col_CO,15,A,20000,5896,117920000,"[99.46495819091797, 521.4815673828125, 121.88996124267578, 531.15625]","[185.76416015625, 521.4815673828125, 204.0941619873047, 531.15625]"
2249.HK,col_CO,15,A,30000,4279,128370000,"[99.46420288085938, 535.48193359375, 121.88920593261719, 545.1566162109375]","[185.76341247558594, 535.48193359375, 204.09341430664062, 545.1566162109375]"
2249.HK,col_CO,15,A,40000,2888,115520000,"[99.46420288085938, 549.4822998046875, 121.88920593261719, 559.1570434570312]","[185.76341247558594, 549.4822998046875, 204.09341430664062, 559.1570434570312]"
2249.HK,col_CO,15,A,50000,2620,131000000,"[99.46420288085938, 563.4827880859375, 121.88920593261719, 573.157470703125]","[185.76341247558594, 563.4827880859375, 204.09341430664062, 573.157470703125]"
2249.HK,col_CO,15,A,60000,2112,126720000,"[99.46420288085938, 577.483154296875, 121.88920593261719, 587.1578369140625]","[185.76419067382812, 577.483154296875, 204.0941925048828, 587.1578369140625]"
2249.HK,col_CO,15,A,70000,1587,111090000,"[99.46420288085938, 591.4835205078125, 121.88920593261719, 601.158203125]","[185.76419067382812, 591.4835205078125, 204.0941925048828, 601.158203125]"
2249.HK,col_CO,15,A,80000,1560,124800000,"[99.46420288085938, 605.48388671875, 121.88920593261719, 615.1586303710938]","[185.76419067382812, 605.48388671875, 204.0941925048828, 615.1586303710938]"
2249.HK,col_CO,15,A,90000,1760,158400000,"[99.46420288085938, 619.484375, 121.88920593261719, 629.1590576171875]","[185.76419067382812, 619.484375, 204.0941925048828, 629.1590576171875]"
2249.HK,col_CO,15,A,100000,10224,1022400000,"[95.36920166015625, 633.4847412109375, 121.88920593261719, 643.159423828125]","[181.669189453125, 633.4847412109375, 204.0941925048828, 643.159423828125]"
2249.HK,col_CO,16,B,200000,6513,1302600000,"[95.36997985839844, 187.47396850585938, 121.88998413085938, 197.148681640625]","[185.7649688720703, 187.47396850585938, 204.094970703125, 197.148681640625]"
2249.HK,col_CO,16,B,300000,1947,584100000,"[95.3699951171875, 201.47439575195312, 121.88999938964844, 211.14910888671875]","[185.7642059326172, 201.47439575195312, 204.09420776367188, 211.14910888671875]"
2249.HK,col_CO,16,B,400000,1009,403600000,"[95.3699951171875, 215.47482299804688, 121.88999938964844, 225.1495361328125]","[185.7642059326172, 215.47482299804688, 204.09420776367188, 225.1495361328125]"
2249.HK,col_CO,16,B,500000,1612,806000000,"[95.3699951171875, 229.47525024414062, 121.88999938964844, 239.14996337890625]","[185.7642059326172, 229.47525024414062, 204.09420776367188, 239.14996337890625]"
2249.HK,col_CO,16,B,1000000,542,542000000,"[89.1300048828125, 243.47567749023438, 121.89000701904297, 253.150390625]","[192.00421142578125, 243.47567749023438, 204.09420776367188, 253.150390625]"
2249.HK,col_CO,16,B,1500000,201,301500000,"[89.1300048828125, 257.4761047363281, 121.89000701904297, 267.15081787109375]","[192.00421142578125, 257.4761047363281, 204.09420776367188, 267.15081787109375]"
2249.HK,col_CO,16,B,2000000,160,320000000,"[89.1300048828125, 271.4765319824219, 121.89000701904297, 281.1512451171875]","[192.00421142578125, 271.4765319824219, 204.09420776367188, 281.1512451171875]"
2249.HK,col_CO,16,B,3000000,77,231000000,"[89.1300048828125, 285.4769287109375, 121.89000701904297, 295.1516418457031]","[196.09921264648438, 285.4769287109375, 204.09420776367188, 295.1516418457031]"
2249.HK,col_CO,16,B,4000000,47,188000000,"[89.1300048828125, 299.4773254394531, 121.89000701904297, 309.15203857421875]","[196.09921264648438, 299.4773254394531, 204.09420776367188, 309.15203857421875]"
2249.HK,col_CO,16,B,6000000,17,102000000,"[89.1300048828125, 313.47772216796875, 121.89000701904297, 323.1524353027344]","[196.09921264648438, 313.47772216796875, 204.09420776367188, 323.1524353027344]"
2249.HK,col_CO,16,B,8000000,16,128000000,"[89.1300048828125, 327.4781188964844, 121.89000701904297, 337.15283203125]","[196.09921264648438, 327.4781188964844, 204.09420776367188, 337.15283203125]"
2249.HK,col_CO,16,B,10808300,20,216166000,"[85.03497314453125, 341.478515625, 121.88997650146484, 351.1532287597656]","[196.09918212890625, 341.478515625, 204.09417724609375, 351.1532287597656]"
6745.HK,col_CO,12,A,1000,31717,31717000,"[97.92720031738281, 224.50421142578125, 121.8971939086914, 237.89620971679688]","[183.28079223632812, 224.50421142578125, 212.60577392578125, 237.89620971679688]"
6745.HK,col_CO,12,A,2000,20958,41916000,"[97.92718505859375, 238.50823974609375, 121.89717864990234, 251.90023803710938]","[183.28079223632812, 238.50823974609375, 212.60577392578125, 251.90023803710938]"
6745.HK,col_CO,12,A,3000,2645,7935000,"[97.92718505859375, 252.51226806640625, 121.89717864990234, 265.9042663574219]","[188.63577270507812, 252.51226806640625, 212.6057586669922, 265.9042663574219]"
6745.HK,col_CO,12,A,4000,1224,4896000,"[97.92718505859375, 266.51629638671875, 121.89717864990234, 279.9082946777344]","[188.63577270507812, 266.51629638671875, 212.6057586669922, 279.9082946777344]"
6745.HK,col_CO,12,A,5000,1656,8280000,"[97.92718505859375, 280.5202941894531, 121.89717864990234, 293.91229248046875]","[188.63577270507812, 280.5202941894531, 212.6057586669922, 293.91229248046875]"
6745.HK,col_CO,12,A,6000,942,5652000,"[97.92718505859375, 294.5242919921875, 121.89717864990234, 307.9162902832031]","[196.7957763671875, 294.5242919921875, 212.60577392578125, 307.9162902832031]"
6745.HK,col_CO,12,A,7000,781,5467000,"[97.92718505859375, 308.5282897949219, 121.89717864990234, 321.9202880859375]","[196.7957763671875, 308.5282897949219, 212.60577392578125, 321.9202880859375]"
6745.HK,col_CO,12,A,8000,772,6176000,"[97.92718505859375, 322.53228759765625, 121.89717864990234, 335.9242858886719]","[196.7957763671875, 322.53228759765625, 212.60577392578125, 335.9242858886719]"
6745.HK,col_CO,12,A,9000,426,3834000,"[97.92718505859375, 336.5362854003906, 121.89717864990234, 349.92828369140625]","[196.7957763671875, 336.5362854003906, 212.60577392578125, 349.92828369140625]"
6745.HK,col_CO,12,A,10000,10102,101020000,"[92.57220458984375, 350.540283203125, 121.8971939086914, 363.9322814941406]","[183.28079223632812, 350.540283203125, 212.60577392578125, 363.9322814941406]"
6745.HK,col_CO,12,A,15000,923,13845000,"[92.57220458984375, 364.5442810058594, 121.8971939086914, 377.936279296875]","[196.79580688476562, 364.5442810058594, 212.60580444335938, 377.936279296875]"
6745.HK,col_CO,12,A,20000,852,17040000,"[92.572265625, 378.54827880859375, 121.89725494384766, 391.9402770996094]","[196.79586791992188, 378.54827880859375, 212.60586547851562, 391.9402770996094]"
6745.HK,col_CO,12,A,25000,2923,73075000,"[92.572265625, 392.5522766113281, 121.89725494384766, 405.94427490234375]","[188.6358642578125, 392.5522766113281, 212.60585021972656, 405.94427490234375]"
6745.HK,col_CO,12,A,30000,771,23130000,"[92.572265625, 406.5562744140625, 121.89725494384766, 419.9482727050781]","[196.79586791992188, 406.5562744140625, 212.60586547851562, 419.9482727050781]"
6745.HK,col_CO,12,A,35000,360,12600000,"[92.572265625, 420.5602722167969, 121.89725494384766, 433.9522705078125]","[196.79586791992188, 420.5602722167969, 212.60586547851562, 433.9522705078125]"
6745.HK,col_CO,12,A,40000,439,17560000,"[92.572265625, 434.56427001953125, 121.89725494384766, 447.9562683105469]","[196.79586791992188, 434.56427001953125, 212.60586547851562, 447.9562683105469]"
6745.HK,col_CO,12,A,45000,296,13320000,"[92.572265625, 448.5682678222656, 121.89725494384766, 461.96026611328125]","[196.79586791992188, 448.5682678222656, 212.60586547851562, 461.96026611328125]"
6745.HK,col_CO,12,A,50000,877,43850000,"[92.572265625, 462.572265625, 121.89725494384766, 475.9642639160156]","[196.79586791992188, 462.572265625, 212.60586547851562, 475.9642639160156]"
6745.HK,col_CO,12,A,60000,609,36540000,"[92.572265625, 476.5762634277344, 121.89725494384766, 489.96826171875]","[196.79586791992188, 476.5762634277344, 212.60586547851562, 489.96826171875]"
6745.HK,col_CO,12,A,70000,498,34860000,"[92.572265625, 490.58026123046875, 121.89725494384766, 503.9722595214844]","[196.79586791992188, 490.58026123046875, 212.60586547851562, 503.9722595214844]"
6745.HK,col_CO,12,A,80000,476,38080000,"[92.572265625, 504.584228515625, 121.89725494384766, 517.9762573242188]","[196.79586791992188, 504.584228515625, 212.60586547851562, 517.9762573242188]"
6745.HK,col_CO,12,A,90000,264,23760000,"[92.572265625, 518.5882568359375, 121.89725494384766, 531.9802856445312]","[196.79586791992188, 518.5882568359375, 212.60586547851562, 531.9802856445312]"
6745.HK,col_CO,12,A,100000,1547,154700000,"[87.21725463867188, 532.59228515625, 121.8972396850586, 545.9843139648438]","[188.63584899902344, 532.59228515625, 212.6058349609375, 545.9843139648438]"
6745.HK,col_CO,12,A,200000,994,198800000,"[87.21725463867188, 546.5962524414062, 121.8972396850586, 559.98828125]","[196.7958526611328, 546.5962524414062, 212.60585021972656, 559.98828125]"
6745.HK,col_CO,12,A,300000,759,227700000,"[87.21725463867188, 560.6002197265625, 121.8972396850586, 573.9922485351562]","[196.7958526611328, 560.6002197265625, 212.60585021972656, 573.9922485351562]"
6745.HK,col_CO,13,A,400000,543,217200000,"[87.21719360351562, 142.26019287109375, 121.89717864990234, 155.65219116210938]","[196.79579162597656, 142.26019287109375, 212.6057891845703, 155.65219116210938]"
6745.HK,col_CO,13,A,500000,1615,807500000,"[87.21719360351562, 170.25616455078125, 121.89717864990234, 183.64816284179688]","[188.6357879638672, 170.25616455078125, 212.60577392578125, 183.64816284179688]"
6745.HK,col_CO,13,A,1000000,939,939000000,"[79.05722045898438, 198.25213623046875, 121.89720916748047, 211.64413452148438]","[196.7958221435547, 198.25213623046875, 212.60581970214844, 211.64413452148438]"
6745.HK,col_CO,13,B,1500000,1118,1677000000,"[79.05290222167969, 278.6130065917969, 121.89289093017578, 292.0050048828125]","[188.63150024414062, 278.6130065917969, 212.6014862060547, 292.0050048828125]"
6745.HK,col_CO,13,B,2000000,303,606000000,"[79.05294799804688, 292.61700439453125, 121.89293670654297, 306.0090026855469]","[196.7915496826172, 292.61700439453125, 212.60154724121094, 306.0090026855469]"
6745.HK,col_CO,13,B,2500000,136,340000000,"[79.05300903320312, 306.6210021972656, 121.89299774169922, 320.01300048828125]","[196.79161071777344, 306.6210021972656, 212.6016082763672, 320.01300048828125]"
6745.HK,col_CO,13,B,3000000,144,432000000,"[79.05307006835938, 320.625, 121.89305877685547, 334.0169982910156]","[196.7916717529297, 320.625, 212.60166931152344, 334.0169982910156]"
6745.HK,col_CO,13,B,4000000,67,268000000,"[79.05313110351562, 334.6289978027344, 121.89311981201172, 348.02099609375]","[202.146728515625, 334.6289978027344, 212.6017303466797, 348.02099609375]"
6745.HK,col_CO,13,B,5000000,49,245000000,"[79.05313110351562, 348.63299560546875, 121.89311981201172, 362.0249938964844]","[202.146728515625, 348.63299560546875, 212.6017303466797, 362.0249938964844]"
6745.HK,col_CO,13,B,6000000,22,132000000,"[79.05313110351562, 362.6369934082031, 121.89311981201172, 376.02899169921875]","[202.146728515625, 362.6369934082031, 212.6017303466797, 376.02899169921875]"
6745.HK,col_CO,13,B,7000000,20,140000000,"[79.05313110351562, 376.6409912109375, 121.89311981201172, 390.0329895019531]","[202.146728515625, 376.6409912109375, 212.6017303466797, 390.0329895019531]"
6745.HK,col_CO,13,B,8000000,17,136000000,"[79.05313110351562, 390.6449890136719, 121.89311981201172, 404.0369873046875]","[202.146728515625, 390.6449890136719, 212.6017303466797, 404.0369873046875]"
6745.HK,col_CO,13,B,9000000,10,90000000,"[79.05313110351562, 404.64898681640625, 121.89311981201172, 418.0409851074219]","[202.146728515625, 404.64898681640625, 212.6017303466797, 418.0409851074219]"
6745.HK,col_CO,13,B,10000000,31,310000000,"[73.69808959960938, 418.6529846191406, 121.89307403564453, 432.04498291015625]","[202.14669799804688, 418.6529846191406, 212.60169982910156, 432.04498291015625]"
6745.HK,col_CO,13,B,17606000,30,528180000,"[73.69808959960938, 432.656982421875, 121.89307403564453, 446.0489807128906]","[202.14669799804688, 432.656982421875, 212.60169982910156, 446.0489807128906]"
9976.HK,col_CO,20,A,50,13704,685200,"[100.43072509765625, 224.50018310546875, 108.42572784423828, 237.89218139648438]","[156.8637237548828, 224.50018310546875, 179.28872680664062, 237.89218139648438]"
9976.HK,col_CO,20,A,100,3585,358500,"[96.33575439453125, 238.50421142578125, 108.4257583618164, 251.89620971679688]","[160.95875549316406, 238.50421142578125, 179.28875732421875, 251.89620971679688]"
9976.HK,col_CO,20,A,150,1494,224100,"[96.33575439453125, 252.50823974609375, 108.4257583618164, 265.9002380371094]","[160.95875549316406, 252.50823974609375, 179.28875732421875, 265.9002380371094]"
9976.HK,col_CO,20,A,200,2070,414000,"[96.33575439453125, 266.51226806640625, 108.4257583618164, 279.9042663574219]","[160.95875549316406, 266.51226806640625, 179.28875732421875, 279.9042663574219]"
9976.HK,col_CO,20,A,250,1080,270000,"[96.33575439453125, 280.5162658691406, 108.4257583618164, 293.90826416015625]","[160.95875549316406, 280.5162658691406, 179.28875732421875, 293.90826416015625]"
9976.HK,col_CO,20,A,300,661,198300,"[96.33575439453125, 294.520263671875, 108.4257583618164, 307.9122619628906]","[167.19876098632812, 294.520263671875, 179.28875732421875, 307.9122619628906]"
9976.HK,col_CO,20,A,350,422,147700,"[96.33575439453125, 308.5242614746094, 108.4257583618164, 321.916259765625]","[167.19876098632812, 308.5242614746094, 179.28875732421875, 321.916259765625]"
9976.HK,col_CO,20,A,400,647,258800,"[96.33575439453125, 322.52825927734375, 108.4257583618164, 335.9202575683594]","[167.19876098632812, 322.52825927734375, 179.28875732421875, 335.9202575683594]"
9976.HK,col_CO,20,A,450,398,179100,"[96.33575439453125, 336.5322570800781, 108.4257583618164, 349.92425537109375]","[167.19876098632812, 336.5322570800781, 179.28875732421875, 349.92425537109375]"
9976.HK,col_CO,20,A,500,1826,913000,"[96.33575439453125, 350.5362548828125, 108.4257583618164, 363.9282531738281]","[160.95875549316406, 350.5362548828125, 179.28875732421875, 363.9282531738281]"
9976.HK,col_CO,20,A,600,492,295200,"[96.33575439453125, 364.5402526855469, 108.4257583618164, 377.9322509765625]","[167.19876098632812, 364.5402526855469, 179.28875732421875, 377.9322509765625]"
9976.HK,col_CO,20,A,700,355,248500,"[96.33575439453125, 378.54425048828125, 108.4257583618164, 391.9362487792969]","[167.19876098632812, 378.54425048828125, 179.28875732421875, 391.9362487792969]"
9976.HK,col_CO,20,A,800,408,326400,"[96.33575439453125, 392.5482482910156, 108.4257583618164, 405.94024658203125]","[167.19876098632812, 392.5482482910156, 179.28875732421875, 405.94024658203125]"
9976.HK,col_CO,20,A,900,298,268200,"[96.33575439453125, 406.55224609375, 108.4257583618164, 419.9442443847656]","[167.19876098632812, 406.55224609375, 179.28875732421875, 419.9442443847656]"
9976.HK,col_CO,20,A,1000,2013,2013000,"[90.09573364257812, 420.5562438964844, 108.42573547363281, 433.9482421875]","[160.958740234375, 420.5562438964844, 179.2887420654297, 433.9482421875]"
9976.HK,col_CO,20,A,2000,1285,2570000,"[90.09573364257812, 434.56024169921875, 108.42573547363281, 447.9522399902344]","[160.958740234375, 434.56024169921875, 179.2887420654297, 447.9522399902344]"
9976.HK,col_CO,20,A,3000,735,2205000,"[90.09573364257812, 448.5642395019531, 108.42573547363281, 461.95623779296875]","[167.19873046875, 448.5642395019531, 179.28872680664062, 461.95623779296875]"
9976.HK,col_CO,20,A,4000,597,2388000,"[90.09573364257812, 462.5682373046875, 108.42573547363281, 475.9602355957031]","[167.19873046875, 462.5682373046875, 179.28872680664062, 475.9602355957031]"
9976.HK,col_CO,20,A,5000,578,2890000,"[90.09573364257812, 476.5722351074219, 108.42573547363281, 489.9642333984375]","[167.19873046875, 476.5722351074219, 179.28872680664062, 489.9642333984375]"
9976.HK,col_CO,20,A,6000,263,1578000,"[90.09573364257812, 490.57623291015625, 108.42573547363281, 503.9682312011719]","[167.19873046875, 490.57623291015625, 179.28872680664062, 503.9682312011719]"
9976.HK,col_CO,20,A,7000,181,1267000,"[90.09573364257812, 504.5802001953125, 108.42573547363281, 517.9722290039062]","[167.19873046875, 504.5802001953125, 179.28872680664062, 517.9722290039062]"
9976.HK,col_CO,20,A,8000,706,5648000,"[90.09573364257812, 518.584228515625, 108.42573547363281, 531.9762573242188]","[167.19873046875, 518.584228515625, 179.28872680664062, 531.9762573242188]"
9976.HK,col_CO,20,A,9000,145,1305000,"[90.09573364257812, 532.5882568359375, 108.42573547363281, 545.9802856445312]","[167.19873046875, 532.5882568359375, 179.28872680664062, 545.9802856445312]"
9976.HK,col_CO,20,A,10000,949,9490000,"[86.000732421875, 546.5922241210938, 108.42573547363281, 559.9842529296875]","[167.19873046875, 546.5922241210938, 179.28872680664062, 559.9842529296875]"
9976.HK,col_CO,20,A,20000,649,12980000,"[86.000732421875, 560.59619140625, 108.42573547363281, 573.9882202148438]","[167.19873046875, 560.59619140625, 179.28872680664062, 573.9882202148438]"
9976.HK,col_CO,21,B,30000,340,10200000,"[85.29205322265625, 156.26019287109375, 107.71705627441406, 169.65219116210938]","[166.49005126953125, 156.26019287109375, 178.58004760742188, 169.65219116210938]"
9976.HK,col_CO,21,B,40000,106,4240000,"[85.29205322265625, 170.26422119140625, 107.71705627441406, 183.65621948242188]","[166.49005126953125, 170.26422119140625, 178.58004760742188, 183.65621948242188]"
9976.HK,col_CO,21,B,50000,72,3600000,"[85.29205322265625, 184.26824951171875, 107.71705627441406, 197.66024780273438]","[170.58505249023438, 184.26824951171875, 178.58004760742188, 197.66024780273438]"
9976.HK,col_CO,21,B,60000,42,2520000,"[85.29205322265625, 198.27227783203125, 107.71705627441406, 211.66427612304688]","[170.58505249023438, 198.27227783203125, 178.58004760742188, 211.66427612304688]"
9976.HK,col_CO,21,B,70000,24,1680000,"[85.29205322265625, 212.27630615234375, 107.71705627441406, 225.66830444335938]","[170.58505249023438, 212.27630615234375, 178.58004760742188, 225.66830444335938]"
9976.HK,col_CO,21,B,80000,18,1440000,"[85.29205322265625, 226.28033447265625, 107.71705627441406, 239.67233276367188]","[170.58505249023438, 226.28033447265625, 178.58004760742188, 239.67233276367188]"
9976.HK,col_CO,21,B,90000,11,990000,"[85.29205322265625, 240.28436279296875, 107.71705627441406, 253.67636108398438]","[170.58505249023438, 240.28436279296875, 178.58004760742188, 253.67636108398438]"
9976.HK,col_CO,21,B,100000,69,6900000,"[81.19708251953125, 254.28839111328125, 107.71708679199219, 267.6803894042969]","[170.5850830078125, 254.28839111328125, 178.580078125, 267.6803894042969]"
9976.HK,col_CO,21,B,200000,32,6400000,"[81.1971435546875, 268.29241943359375, 107.71714782714844, 281.6844177246094]","[170.58514404296875, 268.29241943359375, 178.58013916015625, 281.6844177246094]"
9976.HK,col_CO,21,B,300000,7,2100000,"[81.1971435546875, 282.2964172363281, 107.71714782714844, 295.68841552734375]","[174.68014526367188, 282.2964172363281, 178.58013916015625, 295.68841552734375]"
9976.HK,col_CO,21,B,400000,5,2000000,"[81.1971435546875, 296.3004150390625, 107.71714782714844, 309.6924133300781]","[174.68014526367188, 296.3004150390625, 178.58013916015625, 309.6924133300781]"
9976.HK,col_CO,21,B,500000,10,5000000,"[81.1971435546875, 310.3044128417969, 107.71714782714844, 323.6964111328125]","[170.58514404296875, 310.3044128417969, 178.58013916015625, 323.6964111328125]"
9976.HK,col_CO,21,B,750000,1,750000,"[81.1971435546875, 324.30841064453125, 107.71714782714844, 337.7004089355469]","[174.68014526367188, 324.30841064453125, 178.58013916015625, 337.7004089355469]"
9976.HK,col_CO,21,B,1000000,3,3000000,"[74.95712280273438, 338.3124084472656, 107.71712493896484, 351.70440673828125]","[174.68011474609375, 338.3124084472656, 178.58010864257812, 351.70440673828125]"
9976.HK,col_CO,21,B,1303900,4,5215600,"[74.95712280273438, 352.31640625, 107.71712493896484, 365.7084045410156]","[174.68011474609375, 352.31640625, 178.58010864257812, 365.7084045410156]"
