HKEx file# of the year,Stock Code,Company Name at time of listing,Date of Prospectus (dd/mm/yy),Date of Listing (dd/mm/yy),Sponsor(s),Reporting Accountants,Valuer(s),Funds Raised HK (a),Funds Raised Int.(b),IPO Subscription Price (HK$),Total (without option),Global Offering (without option),Number of offer shares under the capitalization Issue,Number of offer shares under Capitalization Rest,Sale Shares,New shares,Placing Shares,Public Offer shares,Maximum Offer Price,Minimum Offer Price,Filing price revision (%),Filing range width (%),Pricing position in filing range,currency in financial information,total assets in year-3 (3 years before IPO),total assets in year-2,total assets in year-1,total equity in year-3,total equity in year-2,total equity in year-1,total liability in year-3,total liability in year-2,total liability in year-1,Net sales in year-3,Net sales in year-2,Net sales in year-1,Profit before tax in year-3,Profit before tax in year-2,Profit before tax in year-1,Profit for the year in year-3,Profit for the year in year-2,Profit for the year in year-1,Underwriting Commission (% of fund raised HK (a),Underwriting Commission (% of fund raised Int.(b),Over-allotment Option (%),Principal business / industry,Listing route / applicable chapter,Year-1 financial period end (dd/mm/yy),Operating cash flow in year-1 (before annualization),Cash and cash equivalents at year-1 end,R&D expensed in year-1 (before annualization),"Development costs capitalized in year-1 (additions, before annualization)",Top 5 customers (% of year-1 revenue),Comments / Annualization factor,Pre-IPO VC/PE backing (1=yes; 0=no),Pre-IPO VC backing (1=yes; 0=no),Pre-IPO PE backing (1=yes; 0=no),Pre-IPO CVC backing (1=yes; 0=no),Pre-IPO State/Gov backing (1=yes; 0=no),Top-tier VC/PE backing (1=yes; 0=no),Key Pre-IPO investors,Pre-IPO institutional shareholding (%),Pre-IPO investor board seat (1=yes; 0=no),Earliest Pre-IPO investment round,Pre-IPO holding duration (years),Ultimate controller type,Controller economic interest at listing (%),Controller voting rights at listing (%),Interest-bearing debt at year-1 end,Technology commercialization stage,Debt repayment (% of planned net IPO proceeds),Listing board,Share class,A+H issuer flag,WVR flag,Chapter 18A flag,Chapter 18C flag,Industry classification code,Industry classification system and version,Incorporation date,Firm age at IPO (years),Place of incorporation,Principal place of business,Financial statement unit multiplier,Accounting standard,Year-3 financial period start,Year-3 financial period end,Year-2 financial period start,Year-2 financial period end,Year-1 financial period start,"Year-1 net sales (original, pre-annualization)",Year-1 profit before tax (original),Year-1 profit for period (original),Subscription opening date,Subscription closing date,H shares after IPO (base; no options),Gross profit in year-1,Capital expenditure in year-1,Audit opinion (year-1),Listing expenses (HK$),Cornerstone investor names,Final cornerstone allocation (% of base offer),Earliest cornerstone unlock date (dd/mm/yy),Subscription Ratio (times),Public applicants,Public valid applied shares,Public subscription original wording,Pricing date,Allotment announcement date,Final global offering shares (before over-allotment),Final public offer shares,Final placing shares,Over-allotment shares actually issued,Greenshoe exercise rate (%),Actual clawback / reallocation description,Net IPO proceeds to issuer (HK$),Public shareholding at listing (%),Share base used for both public shareholding ratios,Unrestricted public shareholding at listing (%),Free float denominator description,Free float denominator shares,HSI return over 20 trading days before prospectus (%),HK ordinary IPO count in 90 calendar days before prospectus,1-month HIBOR before prospectus (%),Banking system aggregate balance before prospectus (HK$),First trading day closing price (HK$),First-day return / Underpricing (%),Money left on the table (HK$),First trading day opening price (HK$),First trading day high (HK$),First trading day low (HK$),First trading day volume (shares),First-day flipping ratio (%),First trading day turnover (HK$),Offer mechanism,Applicable IPO rules / transition basis,Company Chinese Name,Current listing status,1-month post-IPO close price (HK$),1-month BHR from Day-1 close (%),1-month total return from offer price (%),1-month HSI return (%),1-month HSTECH return (%),1-month wealth relative vs HSI,1-month wealth relative vs HSTECH,1-month average daily turnover (HK$),6-month post-IPO close price (HK$),6-month BHR from Day-1 close (%),6-month total return from offer price (%),6-month HSI return (%),6-month HSTECH return (%),6-month wealth relative vs HSI,6-month wealth relative vs HSTECH,6-month average daily turnover (HK$),Liquidity decay ratio (6M vs Day-1 turnover),1-year post-IPO return (%) [Reserved],1-year wealth relative vs HSI [Reserved],3-year post-IPO return (%) [Reserved],3-year wealth relative vs HSI [Reserved],18A/18C regulatory milestone status,Stabilizing manager,Stabilization period end date,Stabilization purchases occurred,Over-allocation shares,Over-allocation (% of base offer),Over-allotment option exercise date,Shares issued under over-allotment option,Over-allotment exercise percentage (%),"Post-stabilization cliff return [-5, +5] (%)","Post-stabilization 20-day return [0, +20] (%)",Post-stabilization volume decay ratio (%),Day-5 BHR from Day-1 close (%),Day-5 wealth relative vs HSI,Day-20 BHR from Day-1 close (%),Day-20 wealth relative vs HSI,3-month BHR from Day-1 close (%),3-month wealth relative vs HSI,3-month wealth relative vs HSTECH,3-month average daily turnover (HK$),Amihud illiquidity (6M mean),Zero-volume days count (first 6M),"Return volatility (first 6M daily std dev, %)","Maximum drawdown (first 6M, %)",Controlling shareholder 6-month disposal lockup expiry date,Controlling shareholder 12-month cessation of control expiry date,"Cornerstone unlock CAR [-5, +5] (%)","Cornerstone unlock CAR [-20, +20] (%)",Cornerstone unlock volume shock ratio,Lead sponsor name,Joint sponsor count,Sponsor commercial bank affiliate flag,Underwriting base commission rate (%),Underwriting discretionary incentive fee rate (%),Total underwriting fee rate (%),Cornerstone investor count,Cornerstone state-owned presence flag,Crossover fund presence flag,Pre-IPO institutional investor count,Pre-IPO state-owned backing flag,FINI digital settlement regime,2025 pricing reform regime
1,6082.HK,"Shanghai Biren Technology Co., Ltd.- H shares",2025-12-22,2026-01-02,China International Capital Corporation Hong Kong Securities Limited / Ping An of China Capital (Hong Kong) Company Limited / BOCI Asia Limited,PricewaterhouseCoopers,AVISTA Valuation Advisory Limited,970956560,5449482080,19.6,2358977900,247692800,2111285100,2111285100,0,247692800,235308000,12384800,19.6,17,0.071038,0.142077,At high,RMB,3397768000,3041147000,4020289000,-5969861000,-7424205000,-8997718000,9367629000,10465352000,13018007000,62030000,336803000,117806000,-1744058000,-1538189000,-3201052000,-1743955000,-1538100000,-3201052000,0.015,0.015,0.15,GPGPU chips and GPGPU-based intelligent computing solutions for AI,Main Board Chapter 18C Specialist Technology Company (unable to meet Rule 8.05(1)/(2)/(3)),2025-06-30,-1073324000,1285098000,571616000,0,0.979,0.5,1,1,0,1,1,1,Qiming Venture Partners; Country Garden VC; Sky9 Capital; Songhe Capital; Zhuhai Gree; Walden International; Shanghai SOE Reform Fund,0.6852,1,Series Pre-A,6.04,自然人,0.1587,0.1587,48517000,已量产：2023年实现BR106量产并开始产生收入；仍处于商业化早期阶段,0,Main Board,H Shares,0,0,0,1,703010,HSICS (Hang Seng Industry Classification System) 2026,2019-09-09,6.32,PRC,"Shanghai, PRC",1000,IFRS Accounting Standards,2023-01-01,2023-12-31,2024-01-01,2024-12-31,2025-01-01,58903000,-1600526000,-1600526000,2025-12-22,2025-12-29,1120964824,18769000,93249000,无保留意见 (Unqualified opinion),182100000,"3W Fund; Qiming Venture Partners (QM125, QM120); AMF; WT Asset Management; Hao Great China Focus Fund; Ping An Life Insurance; Huadeng Technology; Lion Global; CICC FT (Shanghai Greenwoods OTC Swaps); MY Asian; Eastspring; UBS AM Singapore; Taikang Life; Aspirational China Growth; Charoen Pokphand; Digital China; GTJA HK (Jinxiu 608/Zhonghe OTC Swaps); China Southern; Fullgoal (Fullgoal Fund, Fullgoal HK); Yeebo; EIP; Tessy Holding Limited; New Opportunities SPC",0.5193,2026-07-02,2347.53,471116,29073659800,"Subscription level 2,347.53 times",2025-12-30,2025-12-31,284846600,49538600,235308000,42726800,1,"No. of Offer Shares reallocated from the International Offer (claw-back) 37,153,800; final no. of Offer Shares under the Public Offer (after reallocation) 49,538,600.",5374500000,0.4833,2396131700,0.0571,"Free float denominator = total issued share capital of the Company upon Listing (2,396,131,700 Shares, taking into account the full exercise of the Offer Size Adjustment Option and before any exercise of the Over-allotment Option); H Shares held by the Cornerstone Investors (six-month lock-up) are excluded from free float.",2396131700,0.0186562,39,0.0316798,53926000000,34.46,0.758163,4232820476,35.7,42.88,33.5,150709945,0.529092,5521275600,Mechanism A,FINI (from 22/11/2023); 2025-08-04 pricing reform (Mechanism A/B; six-month cornerstone lock-up retained); this IPO: Mechanism A,上海壁仞科技股份有限公司,Active,35.2,0.021474,0.795918,0.061872,0.018245,0.962,1.0032,683071810,48.32,0.402205,1.46531,-0.124663,-0.223511,1.6019,1.8058,871107890,0.157773,,,,,18C (Specialist Tech),"China International Capital Corporation Hong Kong 
Securities Limited",2026-01-28,0,42726800,0.15,2026-01-28,42726800,1,-0.083147,-0.053846,0.324883,-0.024376,0.9827,0.021474,0.962,-0.052234,0.9641,1.1043,3.50518e+08,0.000139841,0,0.0929989,0.36424,2026-07-02,2027-01-02,-0.177192,-0.670933,1.4033,"China International Capital Corporation Hong Kong 
Securities Limited",0,0,0.00015,0.01,0.01015,25,1,1,8,1,POST_FINI,POST_2025_REFORM
2,2513.HK,Knowledge Atlas Technology Joint Stock Company Limited - H shares,2025-12-30,2026-01-08,China International Capital Corporation Hong Kong Securities Limited,KPMG,N/A,869629180,4130735700,116.2,440230190,37419500,402810690,402810690,0,37419500,35548500,1871000,116.2,116.2,0,0,Fixed price,RMB,2860153000,4375769000,5100711000,-982593000,-3955145000,-6150841000,3842746000,8330914000,11251552000,124538000,312414000,381754000,-787957000,-2958007000,-4715704000,-787957000,-2958007000,-4715704000,0.02,0.02,0.15,Leading AI company in China dedicated to developing general-purpose large models / MaaS platform,Chapter 18C Specialist Technology Company (Commercial Company),2025-06-30,-1327150000,2551970000,1594661000,0,0.4,0.5,1,1,0,1,1,1,Qiming Venture Partners; HongShan; Legend Capital; Meituan; Alibaba; Tencent; Xiaomi; Prosperity7; Beijing AI Fund,0.6518,1,Series Angel,4.58,自然人（Dr. Liu 为最终控制人，与一致行动人共同构成控股股东集团）,0.3022,0.3022,350672000,"规模商业化（已建立大规模可扩展业务；原文：commenced commercialization in 2021, a large and scalable business）",0,Main Board,H Shares,0,0,0,1,702030,HSICS (Hang Seng Industry Classification System) 2026,2019-06-11,6.58,PRC,"Beijing, PRC",1000,IFRS Accounting Standards,2023-01-01,2023-12-31,2024-01-01,2024-12-31,2025-01-01,190877000,-2357852000,-2357852000,2025-12-30,2026-01-05,215701705,95424000,23908000,无保留意见（Unqualified opinion）,174700000,JSC International Investment Fund SPC (acting for and on behalf of Qizhi SP); JinYi Capital Multi-Strategy Fund SPC Ltd. (acting for and on behalf of Structured Credit SP Fund); Perseverance Asset Management; Shanghai Gaoyi and CICC Financial Trading Limited (in connection with Gaoyi OTC Swaps); WT Asset Management; Taikang Life; GF Fund; 3W Fund; RIME; Optimas Capital Limited; Luster LightTech International Limited,0.6863,2026-07-08,1159.46,204871,2169357600,"Subscription level 1,159.46 times",,2026-01-07,37419500,7483900,29935600,5612900,1,"The Hong Kong Public Offering was over-subscribed by more than 50 times, so the reallocation procedure was applied: the Offer Shares initially available under the Hong Kong Public Offering (1,871,000 Shares, approximately 5%) were reallocated from the International Offering, and the final number of Offer Shares under the Hong Kong Public Offering was adjusted to 7,483,900 Shares, representing 20% of the Global Offering (assuming the Over-allotment Option is not exercised).",4173400000,0.4673,440230190,0.0267,"Free float denominator = total issued shares upon Listing (440,230,190 shares); Shares held by the Cornerstone Investors are excluded from the free float because they are subject to a six-month lock-up following the Listing Date.",440230190,-0.0119749,41,0.033506,53950000000,131.5,0.13167,572518350,120,135,116.1,17518159,0.468156,2229091600,Mechanism A,FINI (from 22/11/2023); 2025-08-04 pricing reform (Mechanism A/B; six-month cornerstone lock-up retained); this IPO: Mechanism A,北京智谱华章科技股份有限公司,Active,227.2,0.727757,0.95525,0.026693,-0.054928,1.6828,1.8282,748625800,1825,12.8783,14.7057,-0.074566,-0.16683,14.9966,16.6573,5832790800,2.61667,,,,,18C (Specialist Tech),"China International Capital Corporation Hong Kong 
Securities Limited",2026-02-04,1,5612900,0.15,2026-02-04,5612900,1,0.370175,1.53081,2.26443,0.642586,1.5908,0.727757,1.6828,6.20913,7.2863,8.437,1.51676e+09,5.5881e-05,0,0.120632,0.486577,2026-07-08,2027-01-08,-0.218399,0.092105,2.0206,"China International Capital Corporation Hong Kong 
Securities Limited",0,0,0.0002,0.01,0.0102,11,1,0,9,1,POST_FINI,POST_2025_REFORM
3,9903.HK,"Shanghai Iluvatar CoreX Semiconductor Co., Ltd. - H shares",2025-12-30,2026-01-08,Huatai Financial Holdings (Hong Kong) Limited,Ernst & Young,N/A,367746720,3309691560,144.6,254317736,25431800,228885936,228885936,0,25431800,22888600,2543200,144.6,144.6,0,0,Fixed price,RMB,1592979000,1685175000,3560579000,878338000,688669000,2515854000,714641000,996506000,1044725000,289041000,539511000,648526000,-817424000,-892433000,-1218632000,-817424000,-892433000,-1218632000,0.03,0.03,0,"GPGPU products and AI computing solutions (chips, accelerators, servers and clusters)",Main Board Rule 8.05(3) market capitalization/revenue test,2025-06-30,-715589000,1713176000,451496000,0,0.386,0.5,1,1,0,0,1,1,Princeville Global; HongShan; Shanghai Lianhe Investment; Cathay Capital; Greater Bay Area Fund,0.584,1,Series A,9.42,无实际控制人,0.2125,0.2125,667312000,商业化初期,0,Main Board,H Shares,0,0,0,0,703010,HSICS (Hang Seng Industry Classification System) 2026,2015-12-29,10.03,PRC,"Shanghai, PRC",1000,HKFRS Accounting Standards,2023-01-01,2023-12-31,2024-01-01,2024-12-31,2025-01-01,324263000,-609316000,-609316000,2025-12-30,2026-01-05,245101965,162433000,41600000,无保留意见,198800000,ZTE HK; XN Mountain; Wind Sabre; UBS AM Singapore; Teamsun HK; Qin Wan; OCM; Ocean Fine Industrial; Huatai OTC Swaps — Hengxin Fund Management; Fourth Paradigm; Engine International; Duckling Fund; DeepRoot Alpha; China Universal (HK); China Orient EIF; China Orient MSMF; China AMC (HK); CFIG; Alphahill Capital,0.4302,2026-07-08,414.24,180802,1053503300,Subscription level 414.24 times,,2026-01-07,25431800,2543200,22888600,0,0,Claw-back triggered: N/A; Number of Offer Shares reallocated from International Offering to Hong Kong Public Offering: 0,3509300000,0.4187,254317736,0.057,Free float denominator = total issued shares upon listing (col_CZ); numerator = offer shares minus cornerstone allocation,254317736,-0.0119749,41,0.033506,53950000000,156.8,0.084371,310267960,190.2,192,148.9,8228204,0.32354,1404435100,Mechanism B,FINI (from 22/11/2023); 2025-08-04 pricing reform (Mechanism A/B; six-month cornerstone lock-up retained); this IPO: Mechanism B,上海天数智芯半导体股份有限公司,Active,57.867,-0.63095,-0.599813,0.026693,-0.054928,0.3595,0.3905,2.89287e+08,186.667,0.190478,0.29092,-0.074566,-0.16683,1.2864,1.4289,1256884913,0.89494,,,,,Standard,China International Capital Corporation / Sponsor-OC,2026-02-07,0,0,0.15,2026-01-08,0,0,0.556719,0.842105,1.35748,0.090554,1.0562,0.107142,1.0784,1.1977,2.2212,2.572,2.88161e+08,0.000179278,0,0.106364,0.459154,2026-07-08,2027-01-08,-0.334267,0.170909,1.5484,China International Capital Corporation / Sponsor-OC,0,0,0.0003,0.01,0.0103,19,1,0,5,1,POST_FINI,POST_2025_REFORM
4,2675.HK,"Shenzhen Edge Medical Co., Ltd.- B - H shares",2025-12-30,2026-01-08,Morgan Stanley Asia Limited / GF Capital (Hong Kong) Limited,KPMG,N/A,119874252,1258638568,43.24,387722200,27722200,360000000,360000000,0,27722200,24949900,2772300,43.24,43.24,0,0,Fixed price,RMB,1555646000,1360730000,1306252000,1438346000,1259956000,1184584000,117300000,100774000,121668000,48042000,159994000,298766000,-212869000,-218509000,-178130000,-212869000,-218509000,-178174000,0.03,0.03,0.15,Surgical robots / medical devices,Chapter 18A,2025-06-30,-96910000,94457000,96502000,0,0.461,0.5,1,1,1,0,0,1,LYFE Capital; Legend Star; Boyu Capital; Sequoia China; OrbiMed; Temasek,0.5482,1,Series Angel,8.16,自然人（Dr. Wang 与 Dr. Gao，夫妻，共同构成控股股东组）,0.4306,0.4306,13621000,商业化初期（early commercialization stage）,0,Main Board,H Shares,0,0,1,0,282010,HSICS (Hang Seng Industry Classification System) 2026,2017-05-04,8.68,PRC,"Shenzhen, PRC",1000,IFRS Accounting Standards,2023-01-01,2023-12-31,2024-01-01,2024-12-31,2025-01-01,149383000,-89065000,-89087000,2025-12-30,2026-01-05,323602948,93850000,1572000,无保留意见（Unqualified opinion）,82100000,"Abu Dhabi Investment Authority; UBS Asset Management (Singapore) Ltd.; OrbiMed Genesis Master Fund, L.P.; Huang River Investment Limited; China Asset Management (Hong Kong) Limited; LYFE Capital Fund IV (Dragon), L.P.; Mega Prime Development Limited; Poly Platinum Enterprises Limited; China Alpha Fund Management (HK) Ltd; Tekful Limited; Integrated Core Strategies (Asia) Pte. Ltd.; Sage Partners Master Fund; Panjing Harbourview Investment Fund; Infini Global Master Fund",0.4868,2026-07-08,1091.94,196179,3027186100,"Subscription level 1,091.94 times",,2026-01-07,27722200,2772300,24949900,4158300,1,Claw-back triggered: No,1116600000,0.4948,387722200,0.0367,Shares held by the Cornerstone Investors upon the Listing shall not be counted towards the free float of the Shares of the Company at the time of Listing.,387722200,-0.0119749,41,0.033506,53950000000,56.6,0.308973,370368592,59,60,48,12673990,0.457178,709649200,Mechanism B,FINI (from 22/11/2023); 2025-08-04 pricing reform (Mechanism A/B; six-month cornerstone lock-up retained); this IPO: Mechanism B,深圳市精锋医疗科技股份有限公司,Active,59.55,0.05212,0.377197,0.026693,-0.054928,1.0248,1.1133,93951265,39.98,-0.29364,-0.075393,-0.074566,-0.16683,0.7633,0.8478,36783560,0.051833,,,,,18A (Biotech / B-tag),Morgan Stanley Asia Limited,2026-02-04,0,4158300,0.15,2026-02-04,4158300,1,-0.013057,0.025189,0.191918,0.234099,1.1952,0.05212,1.0248,-0.051237,0.9589,1.1104,4.06166e+07,0.00181783,0,0.0545783,0.526459,2026-07-08,2027-01-08,0.014835,-0.084978,0.3844,Morgan Stanley Asia Limited,0,0,0.0003,0.01,0.0103,16,1,0,6,1,POST_FINI,POST_2025_REFORM
5,0100.HK,MiniMax Group Inc. - W - P,2025-12-31,2026-01-09,China International Capital Corporation Hong Kong Securities Limited / UBS Securities Hong Kong Limited,Ernst & Young,N/A,837846900,4702397700,165,305447288,25389220,280058068,280058068,0,25389220,24119740,1269480,165,151,0.044304,0.088608,At high,USD,324007000,910584000,1133092000,-341914000,-799320000,-1303499000,665921000,1709904000,2436591000,3460000,30523000,7.12493e+07,-269246000,-465238000,-682684000,-269246000,-465238000,-682684000,0.02,0.02,0.15,Global AI foundation model company,Chapter 18C Specialist Technology Company (Pre-Commercial Company); WVR (Chapter 8A),2025-09-30,-209396000,362647000,180312000,0,0.217,0.75,1,1,0,1,0,1,Alisoft China (Alibaba); miHoYo; IDG Capital; Tencent; Future Capital,0.4532,1,Series Angel,4.08,自然人,0.259,0.7205,21733000,商业化初期（nascent stage of monetization and commercialization）,0,Main Board,Class A Ordinary Shares,0,1,0,1,702030,HSICS (Hang Seng Industry Classification System) 2026,2021-06-30,4.53,Cayman Islands,"Shanghai, PRC",1000,IFRS Accounting Standards,2023-01-01,2023-12-31,2024-01-01,2024-12-31,2025-01-01,53437000,-512013000,-512013000,2025-12-31,2026-01-06,305447288,12476000,479000,无保留意见 (Unqualified opinion),193200000,"ADIA; Alisoft China; Aspex Master Fund; Boyu; China Universal (HK); Eastspring; E Fund Management; IDG Breyer Fund; Janchor Funds; Martis Fund, L.P.; Mirae Asset Securities; MPC VII; Perseverance Asset Management; Taikang Life",0.5653,2026-07-09,1837.17,417646,2332255220,"Subscription level 1,837.17 times",2026-01-07,2026-01-08,29197600,5077860,24119740,4379640,1,"No. of Offer Shares reallocated from the International Offer (claw-back) 3,808,380 Final no. of Offer Shares under the Public Offer (after reallocation) 5,077,860",4596100000,0.804,228153134,0.0556,Class A Ordinary Shares held by the Cornerstone Investors upon the Listing shall not be counted towards the free float of the Class A Ordinary Shares of the Company at the time of Listing,228153134,-0.00016594,47,0.0321107,53950000000,345,1.09091,5255568000,235.4,351.8,220,15921864,0.545314,4004592510,Mechanism A,FINI (from 22/11/2023); 2025-08-04 pricing reform (Mechanism A/B; six-month cornerstone lock-up retained); this IPO: Mechanism A,,Active,486,0.408696,1.94545,0.024911,-0.049411,1.3745,1.4819,1047544366,297.4,-0.137971,0.802424,-0.083929,-0.168025,0.941,1.0361,1.33711e+09,0.333895,,,,,18C (Specialist Tech),China International Capital Corporation / Sponsor-OC,2026-02-08,0,0,0.15,2026-01-09,4379640,1,0.617956,1.10485,2.10605,0.037681,1.011,0.408696,1.3745,1.45652,2.4835,2.8443,1.5904e+09,5.97381e-05,0,0.138122,0.837594,2026-07-09,2027-01-09,-0.357111,-0.259533,2.1551,China International Capital Corporation / Sponsor-OC,0,0,0.0002,0.01,0.0102,15,1,1,6,1,POST_FINI,POST_2025_REFORM
6,6938.HK,"Suzhou Ribo Life Science Co., Ltd. - B - H shares",2025-12-31,2026-01-09,China International Capital Corporation Hong Kong Securities Limited / Citigroup Global Markets Asia Limited,Ernst & Young,Asia-Pacific Consulting and Appraisal Limited,159347936,1947965910,57.97,161690510,27487400,134203110,134203110,0,27487400,24738600,2748800,57.97,57.97,0,0,Fixed price,RMB,716248000,650858000,1000581000,115723000,-111067000,59017000,600525000,761925000,941564000,44000,142627000,207626000,-437148000,-257047000,-187734000,-437296000,-281492000,-195530000,0.03,0.03,0.15,biopharmaceutical company engaged in oligonucleotide/siRNA therapeutics R&D,Chapter 18A,2025-06-30,-96473000,358535000,129142000,0,0.995,0.5,1,1,1,0,1,1,Panlin Capital; Legend Capital; CITIC Securities Investment; CS Capital; Guoshun Fund,0.482,1,Series A,10.12,无实际控制人（单一最大股东集团：由 Dr. LIANG 等一致行动人士组成的 Concert Parties，合计持股 24.82%，招股书未披露单一实际控制人）,0.2482,0.2482,345589000,"临床开发阶段（尚无产品获批商业化销售：all of our drug candidates were in various clinical development stages, and none had been approved for commercial sale）",0,Main Board,H Shares,0,0,1,0,281020,HSICS (Hang Seng Industry Classification System) 2026,2007-01-18,18.98,PRC,"Kunshan City, Jiangsu Province, PRC",1000,IFRS Accounting Standards,2023-01-01,2023-12-31,2024-01-01,2024-12-31,2025-01-01,103813000,-93867000,-97765000,2025-12-31,2026-01-06,161690510,97222000,511000,无保留意见 (Unqualified opinion),119900000,"Arc Avenue; Bright Stone; China AMC; Da Cheng International and Dacheng Fund; Erik Selin Fastigheter AB; Himension Fund; IvyRock; Mingxin Growth Ventures; Springs Capital (Hong Kong); Taikang Life; Tenbagger Nengxin, Tenbagger Ziran and Huatai Capital Investment Limited",0.425,2026-07-09,101.06,42771,277804200,Subscription level 101.06 times,,2026-01-08,31610400,2748800,28861600,4741400,1,Claw-back triggered: N/A. No. of Offer Shares reallocated from the International Offering (claw-back): 0.,1701800000,0.6688,165813510,0.1097,"Free float upon Listing = the Company's H Shares not subject to disposal restrictions = 18,190,000 Shares, being the Offer Shares other than those allocated to Cornerstone Investors (six-month lock-up); all existing Shareholders (including Pre-IPO Investors) are subject to a 12-month lock-up under applicable PRC laws and are excluded. Denominator basis = total issued share capital upon Listing (165,813,510 Shares, before any exercise of the Over-allotment Option).",18190000,-0.00016594,47,0.0321107,53950000000,82.1,0.41625,762758952,75,87,65.9,14151773,0.447694,1056891100,Mechanism B,FINI (from 22/11/2023); 2025-08-04 pricing reform (Mechanism A/B; six-month cornerstone lock-up retained); this IPO: Mechanism B,苏州瑞博生物技术股份有限公司,Active,70.9,-0.136419,0.223046,0.024911,-0.049411,0.8426,0.9085,111186810,48.54,-0.40877,-0.16267,-0.083929,-0.168025,0.6454,0.7106,11649370,0.011022,,,,,18A (Biotech / B-tag),"China International Capital Corporation Hong Kong 
Securities Limited",2026-02-05,0,4741400,0.15,2026-02-05,4741400,1,0.014384,-0.157264,0.146023,-0.073691,0.9025,-0.136419,0.8426,-0.135201,0.8743,1.0013,4.55132e+07,0.00238882,0,0.0520647,0.53048,2026-07-09,2027-01-09,-0.070052,0.020552,1.6989,"China International Capital Corporation Hong Kong 
Securities Limited",0,0,0.0003,0.01,0.0103,12,1,0,5,1,POST_FINI,POST_2025_REFORM
7,3636.HK,"Yunnan Jinxun Resources Co., Ltd. - H shares",2025-12-31,2026-01-09,Huatai Financial Holdings (Hong Kong) Limited,KPMG,N/A,110298000,1158114000,30,147062243,36765600,110296643,110296643,0,36765600,33089000,3676600,30,30,0,0,Fixed price,RMB,882818000,1373816000,1462959000,389273000,534982000,668741000,493545000,838834000,794218000,675701000,1769833000,1927570000,26023000,242762000,322408000,29146000,202438000,269964000,0.015,0.015,0.15,"mineral processing, smelting and trading of non-ferrous metals (copper cathodes, copper concentrates and cobalt)",Main Board (Chapter 19A PRC issuer; profit test),2025-06-30,111533000,126510000,,0,0.678,0.5,1,0,1,0,1,1,Chuanghe Xincai (CITIC Goldstone),0.082,0,Pre-IPO,3.02,自然人,0.7494,0.7494,245726000,规模商业化（已量产：铜阴极、氢氧化钴已投产销售）,0.1001,Main Board,H Shares,0,0,0,0,052020,HSICS (Hang Seng Industry Classification System) 2026,2010-01-21,15.97,PRC,"Kunming, Yunnan Province, PRC",1000,IFRS Accounting Standards,2023-01-01,2023-12-31,2024-01-01,2024-12-31,2025-01-01,963785000,161204000,134982000,2025-12-31,2026-01-06,36765600,222680000,72120000,无保留意见 (Unqualified opinion),60400000,Glencore AG; Stoneylake Global; North Rock; ChinaAMC (HK); New Asia Ferrell; Bridge Zone Group; Zhengxin Group; Sunwoda Treasury,0.425,2026-07-09,143.46,64456,527434000,Subscription level 143.46 times,,2026-01-08,36765600,3676600,33089000,5514800,1,Claw-back triggered: No,1042600000,0.25,147062243,0.1438,Free float denominator = total issued shares upon listing (col_CZ); numerator = offer shares minus cornerstone allocation,147062243,-0.00016594,47,0.0321107,53950000000,37.427,0.247567,2.73058e+08,37.627,38.747,35.727,12900893,0.350896,483458480,Mechanism B,FINI (from 22/11/2023); 2025-08-04 pricing reform (Mechanism A/B; six-month cornerstone lock-up retained); this IPO: Mechanism B,云南金浔资源股份有限公司,Active,40.387,0.079087,0.346233,0.024911,-0.049411,1.0529,1.1352,72323825,13.43,-0.641168,-0.552333,-0.083929,-0.168025,0.3917,0.4313,5.36538e+06,0.011098,,,,,Standard,Huatai Financial Holdings (Hong Kong) Limited,2026-02-05,0,5514800,0.15,2026-02-05,5514800,1,-0.24636,-0.231758,0.323889,0.058247,1.0311,0.079087,1.0529,-0.313143,0.6944,0.7953,3.5535e+07,0.00639259,0,0.0696496,0.78591,2026-07-09,2027-01-09,-0.220671,0.122378,1.0202,Huatai Financial Holdings (Hong Kong) Limited,0,0,0.00015,0.01,0.01015,8,0,0,1,1,POST_FINI,POST_2025_REFORM
8,0501.HK,"OmniVision Integrated Circuits Group, Inc. - H shares",2025-12-31,2026-01-12,UBS Securities Hong Kong Limited / China International Capital Corporation Hong Kong Securities Limited / Ping An of China Capital (Hong Kong) Company Limited / GF Capital (Hong Kong) Limited,BDO Limited,N/A,479984000,4837683280,104.8,1255474412,45800000,1209674412,1209674412,0,45800000,41220000,4580000,104.8,,0,0,Fixed price,RMB,37743164000,38964574000,42484301000,21494687000,24202390000,26187007000,16248477000,14762184000,16297294000,20984259000,25706819000,27888286000,691573000,3272807000,4384100000,543950000,3278641000,4040786000,0.006,0.006,0.15,"Fabless semiconductor design: design, development and sale of integrated circuits (CIS)",Main Board; Chapter 19A PRC issuer with other listed shares (A+H),2025-06-30,1790999000,11183571000,1367726000,359743000,0.503,0.5,0,0,0,0,0,0,,0,0,None,0,自然人,0.3015,0.3015,10144100000,已量产（mass production）,0,Main Board,H Shares,1,0,0,0,703010,HSICS (Hang Seng Industry Classification System) 2026,2007-05-15,18.66,PRC,"Shanghai, PRC",1000,IFRS Accounting Standards,2023-01-01,2023-12-31,2024-01-01,2024-12-31,2025-01-01,13944143000,2192050000,2020393000,2025-12-31,2026-01-07,45800000,4126000000,699600000,Unqualified opinion（无保留意见）,106660000,"Wildlife Willow Limited; UBS AM Singapore; FOL; Huaqin Telecom Hong Kong Limited; SKY ROYAL TRADING LIMITED; Pudong Science and Technology (Cayman) Co., Ltd.; JSC International Investment Fund SPC; Ghisallo Fund Master Ltd; Dajia Life; PSBC Wealth Management Co., Ltd.",0.4528,2026-07-12,9.28,14551,42511100,Subscription level 9.28 times,2026-01-08,2026-01-09,45800000,4580000,41220000,4941100,0.719229,"Claw-back not triggered (Claw-back triggered: N/A); the final number of Offer Shares under the Hong Kong Public Offering was 4,580,000, the same as the number initially available (10% of the Global Offering).",4693200000,0.03648,1255474412,0.01996,"Free float / public shareholding denominator = number of issued Shares upon Listing (before exercise of the Over-allotment Option), 1,255,474,412 Shares including 3,921,163 treasury A Shares; H Shares held by the Cornerstone Investors (six-month lock-up) are excluded from the free float.",1255474412,-0.00016594,47,0.0321107,53950000000,121.686,0.161126,773378800,107.886,121.686,107.886,7260177,0.158519,818673480,Mechanism B,FINI (from 22/11/2023); 2025-08-04 pricing reform (Mechanism A/B; six-month cornerstone lock-up retained); this IPO: Mechanism B,豪威集成电路（集团）股份有限公司,Active,104.686,-0.139704,-0.001088,-0.001824,-0.088177,0.8619,0.9435,1.12016e+08,77.55,-0.362704,-0.260019,-0.09,-0.20241,0.7003,0.799,72406991,0.088444,,,,,Standard,China International Capital Corporation Hong Kong Securities Limited,2026-02-06,1,6870000,0.15,2026-02-06,4941100,0.7192,-0.034389,-0.058747,0.503441,-0.070674,0.9211,-0.139704,0.8619,-0.342685,0.6626,0.7569,7.13895e+07,0.000481952,0,0.0371775,0.449098,2026-07-12,2027-01-12,0.018095,0.004558,1.0749,China International Capital Corporation Hong Kong Securities Limited,0,0,6e-05,0.01,0.01006,12,1,0,0,0,POST_FINI,POST_2025_REFORM
9,3986.HK,GigaDevice Semiconductor Inc. - H shares,2025-12-31,2026-01-13,China International Capital Corporation Hong Kong Securities Limited / Huatai Financial Holdings (Hong Kong) Limited,KPMG,N/A,468439200,4918563000,162,696765151,28915800,667849351,667849351,0,28915800,26024200,2891600,162,132,0.102041,0.204082,At high,RMB,16455780000,19228830000,19800067000,15199573000,16678777000,17435246000,1256207000,2550053000,2364821000,5760823000,7355978000,8300618000,124748000,1123663000,1192158000,161141000,1100881000,1175670000,0.004,0.004,0.15,"Fabless IC design house: specialty memory chips (NOR Flash, SLC NAND, niche DRAM), MCU, analog and sensor chips",Main Board; Chapter 19A PRC issuer with other listed shares (A+H),2025-06-30,957821000,7829677000,567680000,91824000,0.294,0.5,1,1,0,0,0,1,Tus Zhonghai Venture Capital; Insight Power; InfoGrid,0.1189,0,Series A,12.5,自然人,0.0844,0.0844,734317000,已量产/规模商业化（large-scale mass production）,0,Main Board,H Shares,1,0,0,0,703010,HSICS (Hang Seng Industry Classification System) 2026,2005-04-06,20.77,PRC,"Beijing, PRC",1000,IFRS Accounting Standards,2023-01-01,2023-12-31,2024-01-01,2024-12-31,2025-01-01,4150309000,596079000,587835000,2025-12-31,2026-01-08,28915800,1532726000,412484000,无保留意见 (Unqualified opinion),69960000,Yuanfeng Asset Management and HTCI (in connection with the Yuanfeng Asset Management OTC Swaps); CPE; Shanghai Greenwoods and HTCI (in connection with the Greenwoods OTC Swaps); Yunfeng Capital New Alternative Limited; New Golden Future Limited; DAMSIMF; CloudAlpha Capital; 3W Fund; HUAQIN TELECOM HONG KONG LIMITED; Metazone; Sky Royal Trading Limited; Green Better; New China Asset Management; Taikang Life; Summit Ridge; ICBC Wealth; GBAD Fund Management; Wind Sabre,0.4978,2026-07-13,542.22,148419,1567888600,Subscription level 542.22 times,2026-01-09,2026-01-12,28915800,2891600,26024200,4337300,1,"Claw-back triggered: N/A. Final no. of Offer Shares under the Hong Kong Public Offering 2,891,600, same as initially available; no reallocation from the International Offering.",4610900000,0.0415,696765151,0.0208,"Free float denominator = total number of issued Shares upon Listing (before exercise of the Over-allotment Option) = 696,765,151 Shares; H Shares held by the Cornerstone Investors upon Listing (six-month lock-up) are excluded from free float.",696765151,-0.00016594,47,0.0321107,53950000000,221.945,0.370031,1733357631,234.145,247.945,219.145,10433965,0.36084,2393989930,Mechanism B,FINI (from 22/11/2023); 2025-08-04 pricing reform (Mechanism A/B; six-month cornerstone lock-up retained); this IPO: Mechanism B,兆易创新科技集团股份有限公司,Active,313.145,0.410913,0.932994,0.006655,-0.077037,1.4016,1.5287,5.15852e+08,629,1.83404,2.88272,-0.098134,-0.203305,3.1424,3.5572,3.20531e+09,1.3389,,,,,Standard,Huatai Financial Holdings (Hong Kong) Limited,2026-02-07,0,4337300,0.15,2026-02-07,4337300,1,0.337132,0.146897,1.11842,0.302778,1.3167,0.410913,1.4016,0.937169,1.9881,2.2549,6.25038e+08,7.31508e-05,0,0.0856934,0.572516,2026-07-13,2027-01-13,-0.476589,-0.182211,1.2463,Huatai Financial Holdings (Hong Kong) Limited,0,0,4e-05,0.01,0.01004,18,1,0,3,1,POST_FINI,POST_2025_REFORM
10,1641.HK,"Hongxing Coldchain (Hunan) Co., Ltd.- H shares",2025-12-31,2026-01-13,CCB International Capital Limited / ABCI Capital Limited,Ernst & Young,Jones Lang LaSalle Corporate Appraisal and Advisory Limited,28522890,256681490,12.26,98263000,23263000,75000000,75000000,0,23263000,20936500,2326500,12.26,12.26,0,0,Fixed price,RMB,1289104000,1211953000,1221976000,881529000,824409000,824092000,407575000,387544000,397884000,201760000,233576000,236096000,100945000,111231000,106614000,75312000,82880000,79366000,0.03,0.03,0,frozen food storage services and frozen food space leasing services,Main Board (Chapter 19A PRC issuer),2025-06-30,75552000,78238000,513000,0,0.075,0.5,0,0,0,0,0,0,,0,0,None,0,"集体所有制企业（长沙红星投资经营管理中心，由2,000余名红星村村民集体所有，无单一自然人/国资实际控制人）",0.5417,0.5417,208452000,"已商业化运营（各期项目已竣工验收并投入运营；2024年Phase V扩建项目通过竣工验收，总可用仓储容量超过230,000吨）",0,Main Board,H Shares,0,0,0,0,601030,HSICS (Hang Seng Industry Classification System) 2026,2006-10-16,19.24,PRC,"Changsha City, Hunan Province, the PRC",1000,IFRS Accounting Standards,2023-01-01,2023-12-31,2024-01-01,2024-12-31,2025-01-01,118048000,53307000,39683000,2025-12-31,2026-01-08,24566464,62861000,16830000,无保留意见 (Unqualified opinion),32900000,FUHUIDA (HK) LIMITED,0.0766,2026-07-13,2309.25,103102,5372469000,"Subscription level 2,309.25 times",,2026-01-12,23263000,2326500,20936500,0,0,Claw-back triggered: No. No. of Offer Shares reallocated from the International Offering (claw-back): N/A,252330000,0.25,98263000,0.2186,Excluding the Offer Shares to be allocated to the cornerstone investor that are subject to a lock-up period of six months following the Listing Date and the H Shares to be converted from Unlisted Shares that are subjected to a lockup period of 12 months following the Listing Date,21482000,-0.00016594,47,0.0321107,53950000000,11.949,-0.025367,-7234793,19.229,19.349,11.649,13868000,0.59614,212183760,Mechanism B,FINI (from 22/11/2023); 2025-08-04 pricing reform (Mechanism A/B; six-month cornerstone lock-up retained); this IPO: Mechanism B,红星冷链(湖南)股份有限公司,Active,8.049,-0.326387,-0.343475,0.006655,-0.077037,0.6692,0.7298,15266736,4.3,-0.640137,-0.649266,-0.098134,-0.203305,0.399,0.4517,111651,0.000526,,,,,Standard,China International Capital Corporation / Sponsor-OC,2026-02-12,0,0,0.15,2026-01-13,0,0,-0.039658,-0.139843,0.102559,-0.146456,0.8627,-0.326387,0.6692,-0.419282,0.596,0.676,5.44596e+06,0.109955,1,0.038544,0.792289,2026-07-13,2027-01-13,-0.063189,-0.211067,3.3207,China International Capital Corporation / Sponsor-OC,0,0,0.0003,0.01,0.0103,1,0,0,0,0,POST_FINI,POST_2025_REFORM
11,9611.HK,"Shanghai Longcheer Technology Co., Ltd.- H shares",2026-01-14,2026-01-22,Citigroup Global Markets Asia Limited / Haitong International Capital Limited / Guotai Junan Capital Limited,Ernst & Young,N/A,162006000,1458026100,31,522590644,52259100,470331544,470331544,0,52259100,47033100,5226000,31,,0,0,Fixed price,RMB,19838899000,26345614000,27306843000,3825397000,5593130000,5739830000,16013502000,20752484000,21567013000,27185064000,46382472000,4.17755e+10,651080000,514004000,733184000,602711000,493350000,6.85979e+08,0.022,0.022,0.15,"Smart devices and services provider offering solutions including product research, design, manufacturing, and support",Main Board (Chapter 19A PRC issuer),2025-09-30,915761000,6850371000,1951106000,12463000,0.794,0.75,1,1,0,1,0,1,Suzhou Industrial Park Shunwei Technology Venture Investment (Shunwei Capital),0.091,0,Series A,10.2,自然人,0.3476,0.3476,3877178000,已量产（规模商业化，mass production）,0,Main Board,H Shares,0,0,0,0,701010,HSICS (Hang Seng Industry Classification System) 2026,2004-10-27,21.24,PRC,"Shanghai, PRC",1000,IFRS Accounting Standards,2023-01-01,2023-12-31,2024-01-01,2024-12-31,2025-01-01,31331603000,549888000,514484000,2026-01-14,2026-01-19,52259100,2606382000,708030000,无保留意见（Unqualified opinion）,100100000,Qualcomm; Jiangxi Guokong; OmniVision HK; Hong Kong Yuto; Qingdao Guanlan and Guotai Junan Investments (Hong Kong) Limited (in connection with Guanlan OTC Swaps); Endless Growth,0.2718,2026-07-22,1149.76,145096,6008667200,"Subscription level 1,149.76 times",2026-01-20,2026-01-21,52259100,5226000,47033100,0,0,"Reallocation: No; number of Offer Shares reallocated from the International Offering: 0; final number of Offer Shares under the Hong Kong Public Offering: 5,226,000.",1519900000,0.1002,522590644,0.0728,"Free float denominator = total issued share capital of the Company upon Listing (522,590,644 Shares, before any exercise of the Over-allotment Option); H Shares held by the Cornerstone Investors (14,200,900 Shares, subject to a six-month lock-up) are excluded from the free float; free float 7.28% at the final Offer Price of HK$31.00.",522590644,0.051623,54,0.0269,53973000000,31.529,0.017065,2.76451e+07,34.429,36.289,30.649,24635488,0.47141,836579720,Mechanism B,FINI (from 22/11/2023); 2025-08-04 pricing reform (Mechanism A/B; six-month cornerstone lock-up retained); this IPO: Mechanism B,上海龙旗科技股份有限公司,Active,29.989,-0.048844,-0.032613,0.016971,-0.065439,0.9353,1.0178,82898825,21.74,-0.310476,-0.29871,-0.065239,-0.189887,0.7376,0.8511,1.81021e+07,0.021638,,,,,Standard,China International Capital Corporation / Sponsor-OC,2026-02-21,0,0,0.1111,2026-01-14,0,0,-0.039231,-0.295442,0.312266,-0.034889,0.9236,-0.048844,0.9353,-0.345713,0.6785,0.7811,4.14275e+07,0.00170504,0,0.0392523,0.443109,2026-07-22,2027-01-22,-0.078404,-0.158173,1.1393,China International Capital Corporation / Sponsor-OC,0,0,0.00022,0.01,0.01022,6,1,0,1,1,POST_FINI,POST_2025_REFORM
12,1768.HK,"BUSY MING GROUP CO., LTD.- H shares",2026-01-20,2026-01-28,Goldman Sachs (Asia) L.L.C / Huatai Financial Holdings (Hong Kong) Limited,Ernst & Young,N/A,333653320,3886770160,236.6,214101100,14101100,200000000,200000000,0,14101100,12690900,1410200,236.6,229.6,0.015015,0.03003,At high,RMB,6698734000,10168219000,11545217000,4594816000,5727799000,7222202000,2103918000,4440420000,4323015000,10295318000,39343511000,61828620000,324606000,1152234000,2906468000,217534000,829156000,2078376000,0.03,0.03,0.15,Food and beverage retailer (snack and beverage chain retail under franchise model),Main Board (Chapter 19A PRC issuer),2025-09-30,2189464000,3028411000,,0,0.013,0.75,1,1,1,0,0,1,HongShan; Gaocheng Capital; Black Ant Capital,0.265,1,Series A,4.67,自然人,0.5776,0.5776,306982000,已商业化／规模化经营（原文：established and robustly growing food and beverage retailer）,0,Main Board,H Shares,0,0,0,0,251010,HSICS (Hang Seng Industry Classification System) 2026,2019-12-12,6.13,PRC,"Changsha, Hunan Province, PRC",1000,IFRS Accounting Standards,2023-01-01,2023-12-31,2024-01-01,2024-12-31,2025-01-01,46371465000,2179851000,1558782000,2026-01-20,2026-01-23,212180651,4510011000,230130000,Unqualified opinion,189400000,Tencent; Temasek; BlackRock; FIL Investment; Bosera International; E Fund; Springs Capital (Hong Kong); Taikang Life,0.4141,2026-07-28,1899.49,229245,2678666900,"Subscription level 1,899.49 times",2026-01-26,2026-01-27,15511200,1410200,14101000,2326600,1,Claw-back triggered: No; No. of Offer Shares reallocated from the International Offering: N/A,3528000000,0.3395,215511200,0.0422,"Total issued share capital of the Company upon Listing (215,511,200 Shares; taking into account the full exercise of the Offer Size Adjustment Option and before any exercise of the Over-allotment Option); H Shares; the Offer Shares allocated to Cornerstone Investors are subject to a six-month lock-up and do not count towards free float.",215511200,0.0429986,51,0.0277673,54049000000,400,0.690617,2534530080,445,445,399.2,7881401,0.50811,3312071120,Mechanism B,FINI (from 22/11/2023); 2025-08-04 pricing reform (Mechanism A/B; six-month cornerstone lock-up retained); this IPO: Mechanism B,湖南鸣鸣很忙商业连锁股份有限公司,Active,424.2,0.0605,0.792899,-0.042993,-0.129203,1.1081,1.2179,337110266,382.4,-0.044,0.61623,-0.090418,-0.198223,1.051,1.1924,150550206,0.045455,,,,,Standard,China International Capital Corporation / Sponsor-OC,2026-02-27,0,0,0.15,2026-02-10,2326600,1,0.013065,-0.097124,0.202802,0.019,1.0567,0.0605,1.1081,0.118,1.2012,1.3381,1.58373e+08,0.000335698,0,0.0735101,0.374141,2026-07-28,2027-01-28,-0.044116,0.213301,1.272,China International Capital Corporation / Sponsor-OC,0,0,0.0003,0.01,0.0103,8,1,0,3,1,POST_FINI,POST_2025_REFORM
13,9980.HK,"Eastroc Beverage (Group) Co., Ltd. - H shares",2026-01-26,2026-02-03,Huatai Financial Holdings (Hong Kong) Limited / Morgan Stanley Asia Limited / UBS Securities Hong Kong Limited,Deloitte Touche Tohmatsu,N/A,1014072000,10085341600,248,560902900,40889900,520013000,520013000,0,40889900,36800900,4089000,248,,0,0,Fixed price,RMB,14710050000,22676297000,23943346000,6323757000,7691581000,8801215000,8386293000,14984716000,15142131000,11257135000,15830336000,2.24501e+10,2579270000,4107313000,6.37037e+09,2039772000,3326430000,5.01308e+09,0.006,0.006,0.15,Largest functional beverage company in China (energy drinks and soft beverages),Main Board (Chapter 19A PRC issuer),2025-09-30,3132634000,2212533000,51705000,0,0.046,0.75,0,0,0,0,0,0,,0,0,None,0,自然人（Mr. Lin 林木勤，个人直接及通过受控法团控股）,0.465,0.465,7398504000,已实现规模商业化（产品大规模量产并在中国全国销售）,0,Main Board,H Shares,0,0,0,0,251030,HSICS (Hang Seng Industry Classification System) 2026,1994-06-30,31.6,PRC,"Shenzhen, Guangdong Province, PRC（香港主要营业地点：Hong Kong）",1000,IFRS Accounting Standards,2023-01-01,2023-12-31,2024-01-01,2024-12-31,2025-01-01,16837571000,4777777000,3759812000,2026-01-26,2026-01-29,40889900,7477457000,1696293000,无保留意见 Unqualified opinion,146400000,"Al-Rayyan Holding LLC; Taibai Investments Pte. Ltd.; True Light Investments H Pte. Ltd.; BlackRock Funds; UBS Asset Management (Singapore) Ltd.; Huang River Investment Limited; HSG Growth VII Holdco, Ltd.; JPMorgan Asset Management (Asia Pacific) Limited; Azure Skylines Limited; Taikang Life Insurance Co., Ltd; Pacific Century Pines Investments 1 Limited; FMR Participating Funds; Velmar Company Limited; Pinpoint Asset Management Limited; Amazing Mountain Limited; Great China Motivation Fund Phase II L.P.",0.4921,2026-08-03,57.46,66692,234972700,Subscription level 57.46 times,2026-01-30,2026-02-02,40889900,4089000,36800900,3865800,0.630278,Reallocation: No. No. of Offer Shares reallocated from the International Offering: 0,9994300000,0.0729,560902900,0.037,"Free float denominator = total issued share capital of the Company upon Listing (560,902,900 Shares); H Shares held by the Cornerstone Investors are excluded from free float because they are subject to a six-month lock-up following the Listing Date.",560902900,0.0378429,51,0.0279292,53828000000,188.03,-0.241815,-2452167303,185.107,188.03,183.261,5536841,0.135409,1377054170,Mechanism B,FINI (from 22/11/2023); 2025-08-04 pricing reform (Mechanism A/B; six-month cornerstone lock-up retained); this IPO: Mechanism B,东鹏饮料（集团）股份有限公司,Active,166.338,-0.115365,-0.329282,-0.056398,-0.122718,0.9375,1.0084,240597753,115.833,-0.383965,-0.532931,-0.030757,-0.108217,0.6356,0.6908,7.85622e+07,0.057051,,,,,Standard,Morgan Stanley Asia Limited,2026-02-28,1,6133400,0.15,2026-02-28,3865800,0.6303,-0.163802,-0.082137,0.29576,0.025368,1.0181,-0.115365,0.9375,-0.127623,0.8865,0.934,1.16692e+08,0.000485302,0,0.0446886,0.545408,2026-08-03,2027-02-03,0.114864,-0.089248,0.9839,Morgan Stanley Asia Limited,0,0,6e-05,0.01,0.01006,18,1,0,0,0,POST_FINI,POST_2025_REFORM
14,2768.HK,"Qingdao Gon Technology Co., Ltd. - H shares",2026-01-27,2026-02-04,"China Merchants Securities (HK) Co., Limited",SHINEWING (HK) CPA Limited,N/A,108000000,972000000,36,301250000,30000000,271250000,271250000,0,30000000,27000000,3000000,42,34,-0.052632,0.210526,Within range,RMB,15053205000,18351448000,19436864000,6379967000,7032329000,7588642000,8673238000,11319119000,11848222000,17438779000,19187511000,20932638000,577933000,797075000,983862000,539610000,720586000,865179600,0.035,0.035,0,Supplier of new chemical materials and upstream and downstream products derived from gelatin and collagen,Main Board; Chapter 19A PRC issuer with other listed shares (A+H),2025-10-31,618394000,2160454000,548933000,0,0.244,0.833333,0,0,0,0,0,0,,0,0,None,0,自然人（Mr. Wang Aiguo 王愛國 与 Ms. Xu Bo 徐波，夫妻）,0.5079,0.5079,6709152000,已商业化（商业化阶段）,0,Main Board,H Shares,1,0,0,0,053040,HSICS (Hang Seng Industry Classification System) 2026,2000-12-22,25.12,PRC,"Qingdao City, Shandong Province, PRC",1000,IFRS Accounting Standards,2023-01-01,2023-12-31,2024-01-01,2024-12-31,2025-01-01,17443865000,819885000,720983000,2026-01-27,2026-01-30,30000000,1811021000,608496000,无保留意见 (Unqualified opinion),82300000,Nice First; SLD International; Cheng A International; Shenwan Hongyuan Securities; First Seafront Fund Series SPC; New Harvest; Luminous Horizon; Fullgoal HK,0.2956,2026-08-04,2251.85,171047,6755553800,"Subscription level 2,251.85 times",2026-02-02,2026-02-03,30000000,3000000,27000000,0,0,Reallocation: No. No. of Offer Shares reallocated from the International Offering: 0,1000400000,0.1017,301250000,0.0701,"Free float denominator = number of issued Shares upon Listing (301,250,000 Shares); H Shares held by the Cornerstone Investors upon Listing (six-month lock-up) are excluded from the free float.",301250000,0.0366626,47,0.0278167,53828000000,26.747,-0.257028,-277590000,30.017,33.936,26.504,25417400,0.847247,1145643930,Mechanism B,FINI (from 22/11/2023); 2025-08-04 pricing reform (Mechanism A/B; six-month cornerstone lock-up retained); this IPO: Mechanism B,青岛国恩科技股份有限公司,Active,31.72,0.185927,-0.118889,-0.040601,-0.078067,1.2361,1.2863,130930319,31.14,0.164243,-0.135,-0.037039,-0.089599,1.209,1.2788,6.05835e+07,0.052882,,,,,Standard,China International Capital Corporation / Sponsor-OC,2026-03-06,0,0,0.15,2026-03-06,0,0,-0.08736,0.040038,0.303403,0.108124,1.0944,0.185927,1.2361,0.311736,1.3366,1.3883,6.69841e+07,0.000962222,0,0.0616546,0.53828,2026-08-04,2027-02-04,0.183643,-0.343306,0.8186,China International Capital Corporation / Sponsor-OC,0,0,0.00035,0.01,0.01035,8,1,0,0,0,POST_FINI,POST_2025_REFORM
15,2677.HK,Distinct Healthcare Holdings Limited,2026-01-29,2026-02-06,Haitong International Capital Limited / SPDB International Capital Limited,PricewaterhouseCoopers,N/A,28452500,267818890,59.9,64384350,4750000,59634350,59634350,0,4750000,4275000,475000,66.6,57.7,-0.036203,0.143202,Within range,RMB,1118675000,1325323000,1315282000,-1761329000,-1759425000,-1670610000,2880004000,3084748000,2985892000,690435000,958578000,1043500500,-362194000,79744000,124543500,-353245000,80227000,124816500,0.03,0.03,0.15,Private healthcare services,Main Board Rule 8.05(2) market capitalization/revenue/cash flow test,2025-08-31,112449000,158498000,,0,0.015,0.666667,1,1,1,1,0,1,Matrix Partners; Waterwood DHC; Tiantu Capital; Tencent,0.521,1,Series A,11.75,自然人,0.2669,0.3079,330068000,已商业化运营（拥有并运营19家医疗服务机构，含17家诊所及2家医院）,0,Main Board,Ordinary Shares,0,0,0,0,282020,HSICS (Hang Seng Industry Classification System) 2026,2014-02-13,11.98,Cayman Islands,"Shenzhen, PRC",1000,IFRS Accounting Standards,2023-01-01,2023-12-31,2024-01-01,2024-12-31,2025-01-01,695667000,83029000,83211000,2026-01-29,2026-02-03,64384350,167271000,61100000,无保留意见,70500000,Health Vision; Kingmed Diagnostics; Mininglamp Technology; Galaxy Dynasty,0.3159,2026-08-06,2730.73,147844,1297094450,"Subscription level 2,730.73 times",2026-02-04,2026-02-05,4750000,475000,4275000,196100,0.275228,Reallocation: No,208860000,0.2998,64384350,0.0505,"As such, Shares held by them upon the Listing shall not be 
counted towards the free float of the Shares of the Company at the time of Listing.",64384350,0.0762847,48,0.0266321,53835000000,67.9,0.133556,38000000,81,90.85,65.15,2417400,0.508926,202700400,Mechanism B,FINI (from 22/11/2023); 2025-08-04 pricing reform (Mechanism A/B; six-month cornerstone lock-up retained); this IPO: Mechanism B,卓正医疗控股有限公司,Active,64.65,-0.047865,0.079299,-0.022592,-0.053434,0.9741,1.0059,16980955,21.6,-0.681885,-0.639399,-0.038768,-0.098279,0.3309,0.3528,108175,0.000534,,,,,Standard,China International Capital Corporation / Sponsor-OC,2026-03-05,1,712500,0.15,2026-03-05,196100,0.2752,0.115188,-0.418,0.109096,-0.138439,0.8465,-0.047865,0.9741,-0.583211,0.4195,0.439,6.10648e+06,0.443047,0,0.0485117,0.768409,2026-08-06,2027-02-06,0.008682,-0.186194,1.1609,China International Capital Corporation / Sponsor-OC,0,0,0.0003,0.01,0.0103,4,0,0,4,1,POST_FINI,POST_2025_REFORM
16,2714.HK,"Muyuan Foods Co., Ltd. - H shares",2026-01-29,2026-02-06,Morgan Stanley Asia Limited / CITIC Securities (Hong Kong) Limited / Goldman Sachs (Asia) L.L.C.,KPMG Huazhen LLP,Jones Lang LaSalle Corporate Appraisal and Advisory Limited,1068412800,11030288100,39,5736722666,273951400,5462771266,5462771266,0,273951400,246556200,27395200,39,,0,0,Fixed price,RMB,195404600000,187648700000,180755900000,74036700000,77536200000,80439800000,121367900000,110112500000,100316100000,110860700000,137946900000,1.49053e+11,-4170100000,18896400000,2.01285e+10,-4167900000,18925000000,2.01495e+10,0.008,0.008,0.15,"Technology-driven leading pork company, pioneering smart hog farming; vertically-integrated business model spanning hog breeding, hog farming, feed production, slaughtering and meat production",Main Board; Chapter 19A PRC issuer with other listed shares (A+H),2025-09-30,28579500000,17268700000,1263300000,0,0.083,0.75,1,0,1,0,0,0,Henan Hongbao Group; Beixin Ruifeng Fund,0.035,0,Pre-IPO,6.42,自然人/家族,0.5229,0.5293,71212600000,规模商业化（已大规模产业化、智能化量产）,0,Main Board,H Shares,1,0,0,0,252010,HSICS (Hang Seng Industry Classification System) 2026,2000-07-13,25.57,PRC,"Nanyang, Henan Province, PRC",1000000,China Accounting Standards for Business Enterprises (CASBE),2023-01-01,2023-12-31,2024-01-01,2024-12-31,2025-01-01,111790000000,15096400000,15112100000,2026-01-29,2026-02-03,273951400,20934500000,7286600000,Unqualified opinion,224400000,Charoen Pokphand Foods; Wilmar; Sinochem HK; Hong Kong Henan Agri International; FIL Investment; RBC GAM; Perseverance Asset Management; Shanghai Gaoyi and HTCI (in connection with Gaoyi OTC Swaps); Ping An Life Insurance; Dajia Life; UBS AM Singapore; Midea Development Holding BVI; Millennium; Jane Street,0.5,2026-08-06,5.88,21268,161061400,Subscription level 5.88 times,2026-02-04,2026-02-05,273951400,27395200,246556200,36271700,0.88268,"Claw-back triggered: N/A; 0 Offer Shares reallocated from the International Offering; final number of Offer Shares under the Hong Kong Public Offering remains 27,395,200.",10470400000,0.0478,5736722666,0.0239,"Free float denominator = number of issued Shares upon Listing (before exercise of the Over-allotment Option) = 5,736,722,666 Shares (including 69,586,523 treasury A Shares; excluding A Shares issuable on conversion of the outstanding Convertible Bonds); H Shares held by the Cornerstone Investors (six-month lock-up) are excluded from free float.",5736722666,0.0762847,48,0.0266321,53835000000,40.032,0.026462,2.82718e+08,38.512,41.232,38.492,40589241,0.148162,1630588940,Mechanism B,FINI (from 22/11/2023); 2025-08-04 pricing reform (Mechanism A/B; six-month cornerstone lock-up retained); this IPO: Mechanism B,牧原食品股份有限公司,Active,44.532,0.11241,0.141846,-0.022592,-0.053434,1.1381,1.1752,237130173,31.52,-0.21263,-0.191795,-0.038768,-0.098279,0.8191,0.8732,1.00269e+08,0.061492,,,,,Standard,Morgan Stanley Asia Limited,2026-03-05,1,41092700,0.15,2026-03-05,36271700,0.8827,0.172624,-0.051586,0.850252,-0.032974,0.9501,0.11241,1.1381,-0.032974,0.9733,1.0185,1.66699e+08,0.000186389,0,0.0281409,0.443161,2026-08-06,2027-02-06,0.051904,0.096589,1.3222,Morgan Stanley Asia Limited,0,0,8e-05,0.01,0.01008,14,1,0,2,1,POST_FINI,POST_2025_REFORM
17,3200.HK,"Shenzhen Han's CNC Technology Co., Ltd. - H shares",2026-01-29,2026-02-06,China International Capital Corporation Hong Kong Securities Limited,Ernst & Young,N/A,483330160,5074937940,95.8,475960952,50451800,425509152,425509152,0,50451800,45406600,5045200,95.8,,0,0,Fixed price,RMB,5979127000,7186497000,9568686000,4688545000,5136377000,5684292000,1290582000,2050120000,3884394000,1634311000,3343091000,5176975200,137426000,329583000,707899200,135668000,299582000,622702800,0.025,0.025,0.15,"Specialized PCB production equipment (R&D, production and sales)",Main Board; Chapter 19A PRC issuer with other listed shares (A+H),2025-10-31,-754356000,1146344000,299957000,0,0.325,0.833333,0,0,0,0,0,0,,0,0,None,0,自然人（Mr. Gao Yunfeng 高雲峰，ultimate beneficial owner of Dazu Holdings）,0.7545,0.7145,860116000,规模商业化/已量产（中国最大专用PCB生产设备制造商，2024年市场份额10.1%，钻孔设备市场份额超过30%；部分新代钻孔设备仍处于early stage of commercialization）,0,Main Board,H Shares,1,0,0,0,101020,HSICS (Hang Seng Industry Classification System) 2026,2002-04-22,23.79,PRC,"Shenzhen, Guangdong Province, PRC",1000,IFRS Accounting Standards,2023-01-01,2023-12-31,2024-01-01,2024-12-31,2025-01-01,4314146000,589916000,518919000,2026-01-29,2026-02-03,50451800,1342856000,114200000,无保留意见（Unqualified/true and fair view）,202600000,"Hongxing International; GIC Private Limited; Schroders; HHLRA; MSIP; Fullgoal (Fullgoal HK, Fullgoal Fund); Tibet Longrising and CICC Financial Trading Limited (in connection with Tibet Longrising OTC Swaps); ICBC Wealth; Wind Sabre; OmniVision HK",0.4999,2026-08-06,446.39,159985,2252124400,Subscription level 446.39 times,2026-02-04,2026-02-05,50451800,5045200,45406600,7567700,1,"Claw-back triggered: N/A. Final no. of Offer Shares under the Hong Kong Public Offering (5,045,200) equals the initial number; no Offer Shares reallocated from the International Offering.",4630700000,0.106,475960952,0.053,"Free float upon Listing = H Shares held by the public other than the H Shares held by the Cornerstone Investors (six-month lock-up, excluded from free float); denominator = total issued share capital of the Company upon Listing, being 475,960,952 Shares (before exercise of the Over-allotment Option).",475960952,0.0762847,48,0.0266321,53835000000,109.314,0.141065,6.81806e+08,105.314,115.314,104.414,13100659,0.259667,1458683390,Mechanism B,FINI (from 22/11/2023); 2025-08-04 pricing reform (Mechanism A/B; six-month cornerstone lock-up retained); this IPO: Mechanism B,深圳市大族数控科技股份有限公司,Active,117.914,0.078672,0.230835,-0.022592,-0.053434,1.1036,1.1396,2.2052e+08,102.5,-0.062334,0.069937,-0.038768,-0.098279,0.9755,1.0399,227422247,0.155909,,,,,Standard,"China International Capital Corporation Hong Kong 
Securities Limited",2026-03-05,0,7567700,0.15,2026-03-05,7567700,1,-0.092249,-0.099903,0.354753,0.080502,1.0616,0.078672,1.1036,0.484714,1.4943,1.5637,1.93104e+08,0.00026219,0,0.0618671,0.590622,2026-08-06,2027-02-06,0.321498,-0.283636,0.9803,"China International Capital Corporation Hong Kong 
Securities Limited",0,0,0.00025,0.01,0.01025,11,1,0,0,0,POST_FINI,POST_2025_REFORM
18,6809.HK,"Montage Technology Co., Ltd. - H shares",2026-01-30,2026-02-09,China International Capital Corporation Hong Kong Securities Limited / Morgan Stanley Asia Limited / UBS Securities Hong Kong Limited,Ernst & Young,Savills Valuation and Professional Services (China) Limited,704298210,7395131205,106.89,1212316521,65890000,1146426521,1146426521,0,65890000,59301000,6589000,106.89,,0,0,Fixed price,RMB,10697540000,12218910000,13751629000,10206620000,11396504000,12257090000,490920000,822406000,1494539000,2285738000,3638911000,5.41025e+09,472219000,1412617000,2.25731e+09,451148000,1340735000,2101820000,0.0065,0.0065,0.15,"Leading global fabless IC design company dedicated to providing innovative, reliable and power-efficient interconnect solutions for cloud computing and AI infrastructure",Main Board; Chapter 19A PRC issuer with other listed shares (A+H),2025-09-30,1600671000,8771934000,533161000,0,0.768,0.75,1,0,0,1,0,1,Intel Capital,0.1,0,Strategic Round,9.5,无实际控制人,0.0684,0.0684,38202000,已量产（Mass production）,0,Main Board,H Shares,1,0,0,0,703010,HSICS (Hang Seng Industry Classification System) 2026,2004-05-27,21.71,PRC,"Shanghai, PRC",1000,IFRS Accounting Standards,2023-01-01,2023-12-31,2024-01-01,2024-12-31,2025-01-01,4057688000,1692985000,1576365000,2026-01-30,2026-02-04,65890000,2493802000,227860000,无保留意见,138400000,JPMIMI; UBS AM; New Alternative; New Golden Future; Alisoft China; Aspex; Janchor Fund; abrdn Asia; Barings; Mirae Asset; AGIC; Hel Ved; Huaqin Telecom; Huadeng Technology; PSBC Wealth; Taikang Life; MY Asian; Qube,0.4982,2026-08-09,707.3,260646,4660409500,Subscription level 707.3 times,2026-02-05,2026-02-06,65890000,6589000,59301000,9883500,1,"Claw-back triggered: N/A (no reallocation). No. of Offer Shares reallocated from the International Offering: none; final number of Offer Shares under the Hong Kong Public Offering 6,589,000, unchanged from the 6,589,000 initially available.",6904600000,0.0544,1212316521,0.0273,"Free float denominator = total issued Shares upon Listing before exercise of the Over-allotment Option (1,212,316,521 Shares). Free float = the 65,890,000 H Shares under the Global Offering less the 32,828,000 H Shares allocated to the Cornerstone Investors, which are subject to a six-month lock-up ending August 8, 2026 and are therefore excluded.",1212316521,0.0912018,48,0.0265,53835000000,174.559,0.633071,4458710410,167.559,175.559,155.559,21167253,0.321251,3396100770,Mechanism B,FINI (from 22/11/2023); 2025-08-04 pricing reform (Mechanism A/B; six-month cornerstone lock-up retained); this IPO: Mechanism B,澜起科技股份有限公司,Active,178.459,0.022342,0.669557,-0.041751,-0.066958,1.0669,1.0957,5.97331e+08,257.6,0.475719,1.40995,-0.040318,-0.091948,1.5377,1.6251,1724044708,0.507654,,,,,Standard,China International Capital Corporation / Sponsor-OC,2026-03-11,0,0,0.15,2026-03-11,9883500,1,0.164909,0.19108,0.565255,0.057287,1.0756,0.022342,1.0669,1.56738,2.6726,2.8149,7.39632e+08,7.45079e-05,0,0.0910387,0.541432,2026-08-09,2027-02-09,0.255719,-0.117234,0.6206,China International Capital Corporation / Sponsor-OC,0,0,6.5e-05,0.01,0.010065,18,1,0,1,1,POST_FINI,POST_2025_REFORM
19,0600.HK,"Axera Semiconductor Co., Ltd. - H shares",2026-01-30,2026-02-10,China International Capital Corporation Hong Kong Securities Limited / Guotai Junan Capital Limited / BOCOM International (Asia) Limited,KPMG,N/A,295863120,2695911540,28.2,587760481,104915200,482845281,482845281,0,104915200,94423600,10491600,28.2,28.2,0,0,Fixed price,RMB,2533166000,3007959000,3028879000,-1531058000,-2375894000,-4517599000,4064224000,5383853000,7546478000,230127000,472892000,358712000,-743071000,-904197000,-1.14093e+09,-743071000,-904197000,-1.14093e+09,0.02,0.02,0.15,Provider of artificial intelligence (“AI”) inference systems-on-a-chip (“SoCs”),Main Board under Rule 8.05(3) of the Listing Rules (market capitalization/revenue test),2025-09-30,-548875000,340433000,413854000,0,0.75,0.75,1,1,0,1,0,1,Qiming Venture Partners; Meituan; Tencent; GGV Capital; Walden International; Boyuan Capital,0.567,1,Series Angel,6.25,自然人,0.187,0.187,704075000,已实现大规模量产（商业化）,0,Main Board,H Shares,0,0,0,0,703010,HSICS (Hang Seng Industry Classification System) 2026,2020-04-20,5.81,PRC,"Ningbo, Zhejiang, PRC",1000,IFRS Accounting Standards,2023-01-01,2023-12-31,2024-01-01,2024-12-31,2025-01-01,269034000,-855700000,-855700000,2026-01-30,2026-02-05,587760481,56964000,143700000,无保留意见（Unqualified opinion）,168500000,WILL semiconductor Limited; Xin Ma Apparel International Limited; JSC International Investment Fund SPC; NGS Super Pty Limited; Desay SV Automotive Singapore Pte. Ltd.; Factorial Master Fund; Hel Ved Master Fund; Valliance Asset Management Limited; Alphahill Capital Limited; Joyson Electronics Holdings Hong Kong Limited; Jupiter Global Master Fund Ltd.; GRANITE ASIA IX VCC; Longhorn and CICC Financial Trading Limited; NonaVerse (Hong Kong) Limited; Qingdao Guanlan and Guotai Junan Investments (Hong Kong) Limited; Jinyi Capital Multi-Strategy Fund SPC Ltd.,0.4876,2026-08-10,104.82,85091,1099698000,Subscription level 104.82 times,,2026-02-09,104915200,10491600,94423600,1176100,0.074733,"No claw-back was triggered and no Offer Shares were reallocated from the International Offering; the final number of Offer Shares under the Hong Kong Public Offering (10,491,600) equals the number initially available.",2799000000,0.6033,587760481,0.0915,"Free float denominator = number of issued Shares upon Listing (before exercise of the Over-allotment Option) = 587,760,481 Shares; the 51,156,300 Offer Shares allocated to Cornerstone Investors (six-month lock-up) are excluded from the free float.",587760481,0.0912018,48,0.0265,53835000000,28.2,0,0,28.2,29.18,28.2,22587400,0.215292,635409810,Mechanism B,FINI (from 22/11/2023); 2025-08-04 pricing reform (Mechanism A/B; six-month cornerstone lock-up retained); this IPO: Mechanism B,爱芯元智半导体股份有限公司,Active,26,-0.078014,-0.078014,-0.053945,-0.077672,0.9746,0.9996,135534053,13.65,-0.515957,-0.515957,-0.045825,-0.097517,0.5073,0.5363,2.1084e+07,0.033182,,,,,Standard,China International Capital Corporation Hong Kong Securities Limited,2026-03-07,1,15737200,0.15,2026-03-07,1176100,0.0747,-0.111427,-0.189516,0.104925,0.002128,1.02,-0.078014,0.9746,-0.251773,0.7922,0.8418,5.96783e+07,0.0025489,0,0.0605687,0.733062,2026-08-10,2027-02-10,0.228263,0.280606,0.8115,China International Capital Corporation Hong Kong Securities Limited,0,0,0.0002,0.01,0.0102,16,1,0,6,1,POST_FINI,POST_2025_REFORM
20,2720.HK,Ridge Outdoor International Limited,2026-01-30,2026-02-10,China International Capital Corporation Hong Kong Securities Limited,KPMG,N/A,34551125,310960125,12.25,128205000,28205000,100000000,100000000,0,28205000,25384500,2820500,12.25,11.25,0.042553,0.085106,At high,RMB,241657000,340334000,378887000,136986000,-45305000,10650000,104671000,385639000,368237000,463251000,573463000,690403500,64678000,79005000,111928500,49001000,59405000,84361500,0.04,0.04,0,Fishing-related equipment OEM/ODM manufacturing,Main Board,2025-08-31,68939000,106353000,3821000,0,0.549,0.666667,0,0,0,0,0,0,,0,0,None,0,自然人,0.7392,0.7392,231662000,规模商业化（已量产）,0,Main Board,Ordinary Shares,0,0,0,0,232030,HSICS (Hang Seng Industry Classification System) 2026,2024-07-17,1.57,Cayman Islands,"Hangzhou, Zhejiang Province, PRC",1000,IFRS Accounting Standards,2023-01-01,2023-12-31,2024-01-01,2024-12-31,2025-01-01,460269000,74619000,56241000,2026-01-31,2026-02-05,128205000,127515000,2900000,无保留意见（Unqualified opinion）,59600000,"Orbit Venture Capital Management Co., Limited; Huangshan Dejun Enterprise Management Co., Ltd.",0.3762,2026-08-10,3654.23,111036,10306751000,"Subscription level 3,654.23 times",2026-02-06,2026-02-09,28205000,2820500,25384500,0,0,"Reallocation: N/A; no Offer Shares reallocated from the International Offering; final number of Offer Shares under the Hong Kong Public Offering remains 2,820,500 Shares (10% of the Global Offering).",285200000,0.2608,128205000,0.1372,"Free float denominator = total issued Shares of the Company upon Listing (128,205,000 Shares, same as col_CZ); Shares held by the Cornerstone Investors upon Listing are excluded from free float.",128205000,0.0912018,48,0.0265,53835000000,24.78,1.02286,353408650,24.02,29.4,21.5,6228020,0.220813,147957400,Mechanism B,FINI (from 22/11/2023); 2025-08-04 pricing reform (Mechanism A/B; six-month cornerstone lock-up retained); this IPO: Mechanism B,乐欣户外国际有限公司,Active,26.9,0.085553,1.19592,-0.053945,-0.077672,1.1475,1.177,16447160,24.14,-0.025827,0.970612,-0.045825,-0.097517,1.021,1.0794,964780,0.006521,,,,,Standard,China International Capital Corporation / Sponsor-OC,2026-03-12,0,0,0.15,2026-02-10,0,0,0.132906,-0.022305,0.11067,0.212268,1.2339,0.085553,1.1475,-0.016949,1.0408,1.106,6.21059e+06,0.0320372,0,0.110216,0.523544,2026-08-10,2027-02-10,-0.022642,0.291961,1.0536,China International Capital Corporation / Sponsor-OC,0,0,0.0004,0.01,0.0104,4,1,0,0,0,POST_FINI,POST_2025_REFORM
21,0470.HK,"WUXI LEAD INTELLIGENT EQUIPMENT CO., LTD. - H shares",2026-02-03,2026-02-11,CITIC Securities (Hong Kong) Limited / J.P. Morgan Securities (Far East) Limited,Deloitte Touche Tohmatsu,N/A,428761280,4520313440,45.8,1659779034,93616000,1566163034,1566163034,0,93616000,84254400,9361600,45.8,,0,0,Fixed price,RMB,35222000000,36094000000,38923000000,11847000000,11579000000,12702000000,23374000000,24515000000,26221000000,16483341000,11773350000,1.38501e+10,1910699000,112255000,1710404000,1770777000,268031000,1.54839e+09,0.01,0.01,0.15,"New energy intelligent equipment and intelligent manufacturing solutions (lithium-ion battery, PV, 3C, intelligent logistics, hydrogen energy)",Main Board; Chapter 19A PRC issuer with other listed shares (A+H),2025-09-30,3835248000,4785399000,1231206000,0,0.524,0.75,0,0,0,0,0,0,,0,0,None,0,自然人,0.3051,0.3051,3754111000,已量产（规模商业化，mass production）,0,Main Board,H Shares,1,0,0,0,101020,HSICS (Hang Seng Industry Classification System) 2026,2002-04-30,23.79,PRC,"Wuxi City, Jiangsu Province, PRC",1000,IFRS Accounting Standards,2023-01-01,2023-12-31,2024-01-01,2024-12-31,2025-01-01,10387540000,1282803000,1161295000,2026-02-03,2026-02-06,93616000,3204568000,374777000,无保留意见（Unqualified opinion）,121500000,Oaktree; Pinpoint; AMF; MY Asian; MSIP; Ovata Capital; QRT; Wuxi Jinchou and GTHT (in connection with the Wuxi Jinchou OTC Swaps); Millennium; Rome Garden,0.4348,2026-08-11,79.54,57322,744604700,Subscription level 79.54 times,2026-02-09,2026-02-10,107658400,9361600,98296800,400000,0.02477,"Claw-back triggered: N/A; no Offer Shares reallocated from the International Offering to the Hong Kong Public Offering; the 14,042,400 additional Offer Shares from the full exercise of the Offer Size Adjustment Option were allocated in full to the International Offering",4796400000,0.06432,1673821434,0.03636,"Free float denominator = number of issued Shares upon Listing (before exercise of the Over-allotment Option) = 1,673,821,434 Shares; H Shares held by the Cornerstone Investors upon Listing (subject to a six-month lock-up) are not counted towards the free float of the H Shares",1673821434,0.0162571,47,0.0253363,53835000000,45.471,-0.007183,-3.54196e+07,45.931,46.211,44.711,26371151,0.244952,1215061730,Mechanism B,FINI (from 22/11/2023); 2025-08-04 pricing reform (Mechanism A/B; six-month cornerstone lock-up retained); this IPO: Mechanism B,无锡先导智能装备股份有限公司,Active,45.391,-0.001759,-0.00893,-0.066044,-0.094893,1.0688,1.1029,1.51649e+08,31.38,-0.30989,-0.314847,-0.059178,-0.122831,0.7335,0.7867,38865295,0.031986,,,,,Standard,J.P. Morgan Securities (Asia Pacific) Limited,2026-03-08,1,16148700,0.15,2026-03-08,16148700,1,-0.02079,0.185728,0.428625,-0.006158,1.0259,-0.001759,1.0688,0.108861,1.172,1.2555,1.16778e+08,0.000464849,0,0.0417138,0.570228,2026-08-11,2027-02-11,0.068229,-0.068475,1.2079,J.P. Morgan Securities (Asia Pacific) Limited,0,0,0.0001,0.01,0.0101,10,1,0,0,0,POST_FINI,POST_2025_REFORM
22,2706.HK,"Beijing Haizhi Technology Group Co., Ltd. - H Shares",2026-02-05,2026-02-13,CMB International Capital Limited / BOCI Asia Limited / Shenwan Hongyuan Capital (H.K.) Limited,KPMG,N/A,75854592,682642620,27.06,400430680,28030200,372400480,372400480,0,28030200,25227000,2803200,28,25.6,0.009701,0.089552,Within range,RMB,1062551000,633505000,830705000,-1233571000,-1350745000,-1476077000,2296122000,1984250000,2306782000,375573000,503129000,3.32099e+08,-271721000,-94594000,-2.86431e+08,-265650000,-93733000,-281092000,0.03,0.03,0,Leading company in China that develops Atlas graph solutions and industry-level intelligent agents by integrating knowledge graphs and LLMs and offers industry-level AI solutions,Main Board Rule 8.05(3) capitalization/revenue test,2025-09-30,-144409000,42494000,56760000,0,0.321,0.75,1,1,1,1,0,1,Legend Capital; IDG Capital; Baidu; CICC Alpha,0.423,1,Series A-1,11.42,自然人,0.2739,0.2739,12473000,已商业化（Atlas graph solutions 已广泛采用并贡献主要收入，Atlas AI agent 加速商业化中）,0,Main Board,H Shares,0,0,0,0,702015,HSICS (Hang Seng Industry Classification System) 2026,2013-08-23,12.48,PRC,"Beijing, PRC",1000,IFRS Accounting Standards,2023-01-01,2023-12-31,2024-01-01,2024-12-31,2025-01-01,249074000,-214823000,-210819000,2026-02-05,2026-02-10,400430680,98895000,4600000,Unqualified opinion (无保留意见),102800000,JSC International Investment Fund SPC (acting for and on behalf of Etown SP); JINGSHENG HENGXING; Infini; Mega Prime,0.1537,2026-08-13,5065.06,232258,14198363600,"Subscription level 5,065.06 times",2026-02-11,2026-02-12,28030200,2803200,25227000,0,0,"Claw-back triggered: N/A. Final no. of Offer Shares under the Hong Kong Public Offering 2,803,200, same as the number initially available (10% of the Global Offering); no Offer Shares were reallocated from the International Offering.",655400000,0.5753,400430680,0.0592,"Denominator = total number of issued Shares upon Listing (400,430,680 Shares); H Shares held by the Cornerstone Investors upon Listing (six-month lock-up) are not counted towards the free float of the H Shares of the Company.",400430680,0.0146783,44,0.0249435,53812000000,92.6,2.42203,1837099308,82.3,99.6,82.3,9807072,0.349875,863448700,Mechanism B,FINI (from 22/11/2023); 2025-08-04 pricing reform (Mechanism A/B; six-month cornerstone lock-up retained); this IPO: Mechanism B,北京海致科技集团股份有限公司,Active,83.05,-0.103132,2.06911,-0.026295,-0.047157,0.9211,0.9413,392113740,43.72,-0.527862,0.615669,-0.044062,-0.105967,0.4939,0.5281,237463300,0.275017,,,,,Standard,China International Capital Corporation / Sponsor-OC,2026-03-15,0,0,0.15,2026-02-13,0,0,-0.103165,-0.210332,0.246296,0.318575,1.3174,-0.103132,0.9211,-0.403348,0.6244,0.6707,1.88924e+08,0.000646865,0,0.245249,0.867327,2026-08-13,2027-02-13,-0.120604,0.522519,0.7385,China International Capital Corporation / Sponsor-OC,0,0,0.0003,0.01,0.0103,4,1,0,4,1,POST_FINI,POST_2025_REFORM
23,9981.HK,"Shenzhen Woer Heat-Shrinkable Material Co., Ltd. - H Shares",2026-02-05,2026-02-13,"China Securities (International) Corporate Finance Company Limited / China Merchants Securities (HK) Co., Limited",Moore CPA Limited,N/A,281239910,2531135082,20.09,1399887362,139988800,1259898562,1259898562,0,139988800,125989800,13999000,20.09,,0,0,Fixed price,RMB,8980436000,10230326000,11636384000,5462504000,6128329000,6465696000,3517932000,4101997000,5170688000,5718841000,6920102000,8.10224e+09,872877000,1073863000,1381448000,757727000,920503000,1.17774e+09,0.012,0.012,0,"Electronic communications business, electrical power transmission business, and wind power operations",Main Board; Chapter 19A PRC issuer with other listed shares (A+H),2025-09-30,886257000,931647000,325688000,0,0.193,0.75,1,0,1,0,0,0,Xuanyuan Private Fund,0.024,0,Pre-IPO,3.25,自然人（周和平先生与易华蓉女士为单一最大股东，无控股股东）,0.1354,0.1364,2530497000,规模商业化（已量产）,0,Main Board,H Shares,1,0,0,0,101020,HSICS (Hang Seng Industry Classification System) 2026,1998-06-19,27.66,PRC,"Shenzhen, PRC",1000,IFRS Accounting Standards,2023-01-01,2023-12-31,2024-01-01,2024-12-31,2025-01-01,6076678000,1036086000,883303000,2026-02-05,2026-02-10,139988800,1877737000,776065000,无保留意见（Unqualified opinion）,78800000,"HHLR Advisors, Ltd.; Shanghai Greenwoods and Huatai Capital Investment Limited (in connection with Greenwoods OTC Swaps); Jump Trading Pacific Pte. Ltd.; Huizhou Huilian Investment Partnership (Limited Partnership); JCC and Guotai Junan Investments (Hong Kong) Limited (in connection with JCC OTC Swaps); Shen Zhen New World Investment (H.K) Limited; BEST CHEER DEVELOPMENT LIMITED; RIME Capital Limited; SCV Alpha LP; Yield Royal Investment Holding (Singapore) PTE. LTD.; Guohui (HK) Holdings Co., Limited; Pu Xin Guotai Junan Investments (Hong Kong) Limited (in connection with Pu Xin OTC Swaps); CAPCHEM (HONGKONG) CO., LIMITED; Enhanced Investment Products Limited; Factorial Master Fund; Qianhai Starlight Capital SPC",0.3445,2026-08-13,569.58,141463,7973503000,Subscription level 569.58 times,2026-02-11,2026-02-12,139988800,13999000,125989800,0,0,"Claw-back triggered: N/A — no reallocation from the International Offering; the final number of Hong Kong Offer Shares (13,999,000) equals the initial number and represents 10.00% of the Global Offering.",2733600000,0.1007,1399887362,0.0655,"Free float denominator = total issued share capital upon Listing (1,399,887,362 Shares); H Shares held by the Cornerstone Investors (six-month lock-up until August 12, 2026) are excluded from the free float.",1399887362,0.0146783,44,0.0249435,53812000000,20.491,0.01996,5.61355e+07,19.911,21.611,19.911,31940320,0.228163,676860690,Mechanism B,FINI (from 22/11/2023); 2025-08-04 pricing reform (Mechanism A/B; six-month cornerstone lock-up retained); this IPO: Mechanism B,深圳市沃尔核材股份有限公司,Active,20.411,-0.003904,0.015978,-0.026295,-0.047157,1.023,1.0454,1.4847e+08,10.65,-0.48026,-0.469886,-0.044062,-0.105967,0.5437,0.5813,15526065,0.022938,,,,,Standard,China International Capital Corporation / Sponsor-OC,2026-03-15,0,0,0.15,2026-02-13,0,0,0.04938,-0.015128,0.609153,0.015617,1.0147,-0.003904,1.023,-0.336733,0.6941,0.7455,8.77223e+07,0.000864754,0,0.0379338,0.57344,2026-08-13,2027-02-13,-0.135446,-0.084519,1.0141,China International Capital Corporation / Sponsor-OC,0,0,0.00012,0.01,0.01012,19,1,0,1,1,POST_FINI,POST_2025_REFORM
24,2649.HK,"ALSCO Pooling Service Co., Ltd. - H Shares",2026-02-27,2026-03-09,China Securities (International) Corporate Finance Company Limited,Ernst & Young,N/A,22374000,201322000,11,90336000,20336000,70000000,70000000,0,20336000,18302000,2034000,14,11,-0.12,0.24,At low,RMB,844409000,865825000,894849000,399652000,430166000,457412000,444757000,435659000,437437000,794019000,837620000,800004000,81142000,64487000,52431000,64149000,50741000,40338000,0.03,0.03,0.15,"Reusable package services, primarily pooling and rental of reusable containers for automotive parts manufacturers and OEMs",Main Board (Chapter 19A PRC issuer),2025-08-31,111489000,88915000,8630000,0,0.265,0.666667,1,1,0,1,1,0,Suzhou Industrial Park Fund; Green Pine Capital; Hengxu Capital,0.185,0,Series Pre-A,5.33,自然人,0.4363,0.4363,193927000,已量产（规模商业化，mass production）,0,Main Board,H Shares,0,0,0,0,103020,HSICS (Hang Seng Industry Classification System) 2026,2016-12-12,9.24,PRC,"Suzhou, Jiangsu, PRC",1000,IFRS Accounting Standards,2023-01-01,2023-12-31,2024-01-01,2024-12-31,2025-01-01,533336000,34954000,26892000,2026-02-27,2026-03-04,87653705,111198000,98800000,Unqualified opinion,49400000,,0,,5297.23,162571,10774571500,"Subscription level 5,297.23 times",2026-03-05,2026-03-06,20336000,2034000,18302000,0,0,Claw-back triggered: No,175520000,0.3045,90336000,0.2251,"Free float denominator = total number of issued Shares upon Listing (90,336,000 Shares); all existing Shareholders (70,000,000 Shares) are subject to a 12-month lock-up under applicable PRC laws and there are no cornerstone investors, so the free float consists of the 20,336,000 H Shares under the Global Offering.",90336000,-0.0143655,48,0.024322,53891000000,6.2,-0.436364,-97612800,7.5,7.9,6,18761400,0.922571,186591000,Mechanism B,FINI (from 22/11/2023); 2025-08-04 pricing reform (Mechanism A/B; six-month cornerstone lock-up retained); this IPO: Mechanism B,苏州优乐赛共享服务股份有限公司,Suspended,,,,,,,,,,,,,,,,,,,,,,Standard,China International Capital Corporation / Sponsor-OC,2026-04-08,0,0,0.15,2026-03-09,0,0,,,,-0.196774,0.8014,,,,,,,0.0141484,0,0.111193,0.532911,2026-09-09,2027-03-09,,,,China International Capital Corporation / Sponsor-OC,0,0,0.0003,0.01,0.0103,0,0,0,3,1,POST_FINI,POST_2025_REFORM
25,2715.HK,"ESTUN AUTOMATION CO., LTD - H Shares",2026-02-27,2026-03-09,Huatai Financial Holdings (Hong Kong) Limited,KPMG,N/A,148654080,1337886720,15.36,967798453,96780000,871018453,871018453,0,96780000,87102000,9678000,17,15.36,-0.05068,0.10136,At low,RMB,10081499000,10140899000,10133433000,2822014000,1892702000,1983749000,7259485000,8248197000,8149684000,4651949000,4008772000,5.07143e+09,167537000,-775524000,7.97733e+07,133627000,-817685000,39600000,0.016,0.016,0.15,"Leading industrial robotics company in China, offering (i) industrial robots and intelligent manufacturing systems and (ii) core automation components and motion control systems",Main Board; Rule 8.05(3) (market capitalization/revenue test); Chapter 19A PRC issuer (A+H),2025-09-30,300061000,1121966000,318511000,35703000,0.372,0.75,0,0,0,0,0,0,,0,0,None,0,自然人,0.3794,0.3794,4518826000,规模商业化,0.1,Main Board,H Shares,1,0,0,0,701030,HSICS (Hang Seng Industry Classification System) 2026,2002-02-26,24.03,PRC,"Nanjing, Jiangsu Province, PRC",1000,IFRS Accounting Standards,2023-01-01,2023-12-31,2024-01-01,2024-12-31,2025-01-01,3803570000,59830000,29700000,2026-02-27,2026-03-04,96780000,1070715000,171600000,Unqualified opinion,79900000,Harvest Oriental; Hengtong Optic-electric International; Dream’ee HK Fund; Deep Source; Haitian Huayuan; New Fortune; Qianhai Hezhong Investment,0.3518,2026-09-09,19.67,27190,190369800,Subscription level 19.67 times,2026-03-05,2026-03-06,96780000,9678000,87102000,0,0,"Claw-back triggered: N/A; final number of Offer Shares under the Hong Kong Public Offering = initial 9,678,000 (no shares reallocated from the International Offering)",1411530000,0.1,967798453,0.0648,"Total issued Shares upon Listing (before exercise of the Over-allotment Option) = 967,798,453; H Shares held by Cornerstone Investors upon Listing are excluded from free float (six-month lock-up)",967798453,-0.0143655,48,0.024322,53891000000,12.9,-0.160156,-238078800,15.36,15.36,12.5,20582460,0.212673,293044500,Mechanism B,FINI (from 22/11/2023); 2025-08-04 pricing reform (Mechanism A/B; six-month cornerstone lock-up retained); this IPO: Mechanism B,南京埃斯顿自动化股份有限公司,Active,12.87,-0.002326,-0.162109,0.019071,-0.00374,0.979,1.0014,32601815,15.24,0.181395,-0.007812,-0.005254,-0.105417,1.1876,1.3206,104176330,0.355497,,,,,Standard,China International Capital Corporation / Sponsor-OC,2026-04-08,0,0,0.15,2026-03-09,0,0,0.075644,0.137529,0.790988,0,0.9978,-0.002326,0.979,0.368217,1.4243,1.431,1.15303e+08,0.000923587,0,0.0652666,0.417876,2026-09-09,2027-03-09,-0.08606,-0.215582,0.3782,China International Capital Corporation / Sponsor-OC,0,0,0.00016,0.01,0.01016,7,1,0,0,0,POST_FINI,POST_2025_REFORM
26,2692.HK,"Shenzhen Zhaowei Machinery & Electronics Co., Ltd. - H Shares",2026-02-27,2026-03-09,"China Merchants Securities (HK) Co., Limited / Deutsche Securities Asia Limited",Ernst & Young,N/A,190666872,1715951952,71.28,267482700,26748300,240734400,240734400,0,26748300,24073400,2674900,73.68,,0,0,Fixed price,RMB,3804044000,4121910000,4236374000,3087682000,3226211000,3406966000,716362000,895699000,829408000,1205945000,1524599000,1.67359e+09,192175000,244716000,2.65651e+08,179923000,225419000,2.42813e+08,0.017,0.017,0,"No. 1 provider of integrated micro transmission and drive system products in China and No. 4 globally; designs, manufactures and sells micro transmission and drive systems and precision components",Main Board; Chapter 19A PRC issuer with other listed shares (A+H),2025-09-30,102235000,211312000,127914000,0,0.442,0.75,0,0,0,0,0,0,,0,0,None,0,自然人,0.5616,0.5616,152807000,商业化/已量产（首批商业化高自由度灵巧手产品；微型传动系统已实现量产）,0,Main Board,H Shares,1,0,0,0,101020,HSICS (Hang Seng Industry Classification System) 2026,2001-04-19,24.89,PRC,"Shenzhen, PRC",1000,IFRS Accounting Standards,2023-01-01,2023-12-31,2024-01-01,2024-12-31,2025-01-01,1255189000,199238000,182110000,2026-02-27,2026-03-04,26748300,409937000,123856000,无保留意见 (Unqualified opinion),78500000,HHLRA; Mirae Asset Securities HK; Perseverance Asset Management; Da Cheng International; GF Fund HK; Oakwise Growth Fund; Jump Trading; VVC Technology; FMF; Taihu Golden Valley; Topstar Worldwide; Virtues Capital and China Securities (International) Investment Company Limited (in connection with the OTC Swaps); Hengbang and China Galaxy International Investment Company Limited (in connection with the Hengbang OTC Swaps); W Investment; BeingBoom Capital; Mr. He Maoling; Mr. Luo Jie; Bridge Zone Group; CMBC International; RIME; Main Source Capital,0.3417,2026-09-09,1536.76,180292,4110686100,"Subscription level 1,536.76 times",2026-03-05,2026-03-06,26748300,2674900,24073400,0,0,"Claw-back triggered: N/A; final HK Public Offering shares (2,674,900) equal the number initially available (2,674,900), i.e. no claw-back and no reallocation from the International Offering",1827730000,0.1,267482700,0.0658,"Free float denominator = number of issued Shares upon Listing (before exercise of the Over-allotment Option) = 267,482,700 Shares (240,734,400 A Shares + 26,748,300 H Shares); H Shares held by the Cornerstone Investors (9,140,700, six-month lock-up) are excluded from the free float",267482700,-0.0143655,48,0.024322,53891000000,72.564,0.018013,3.43448e+07,77.564,79.364,71.164,5117000,0.191302,400713230,Mechanism B,FINI (from 22/11/2023); 2025-08-04 pricing reform (Mechanism A/B; six-month cornerstone lock-up retained); this IPO: Mechanism B,深圳市兆威机电股份有限公司,Active,66.264,-0.08682,-0.07037,0.019071,-0.00374,0.8961,0.9166,1.1242e+08,38.66,-0.467229,-0.457632,-0.005254,-0.105417,0.5356,0.5956,1.69447e+07,0.042286,,,,,Standard,China International Capital Corporation / Sponsor-OC,2026-04-08,0,0,0.15,2026-03-09,0,0,-0.022688,0.041501,0.43797,0.053057,1.0507,-0.08682,0.8961,-0.123532,0.9124,0.9167,1.01006e+08,0.00100567,0,0.056835,0.592005,2026-09-09,2027-03-09,-0.007655,-0.176957,0.5975,China International Capital Corporation / Sponsor-OC,0,0,0.00017,0.01,0.01017,21,1,0,0,0,POST_FINI,POST_2025_REFORM
27,3268.HK,"MeiG Smart Technology Co., Ltd. - H Shares",2026-02-27,2026-03-10,China International Capital Corporation Hong Kong Securities Ltd.,Ernst & Young,N/A,101010000,1060605000,28.86,296756700,35000000,261756700,261756700,0,35000000,31500000,3500000,28.86,,0,0,Fixed price,RMB,2144722000,2759557000,2850665000,1479793000,1567113000,1681325000,664929000,1192444000,1169340000,2147336000,2941374000,3.76172e+09,63127000,124141000,1.62853e+08,62609000,134375000,1.50893e+08,0.0265,0.0265,0.15,"Wireless communication modules and solutions (focus on smart modules, particularly high-computing-power smart modules; applied across general IoT, ICV and wireless broadband sectors)",Main Board; Chapter 19A PRC issuer with other listed shares (A+H),2025-09-30,44460000,315854000,153125000,8420000,0.495,0.75,1,1,0,0,0,0,Fenghuangshan Investment,0.052,0,Pre-IPO,4.5,自然人,0.4336,0.4336,358339000,已量产（Mass production）,0.15,Main Board,H Shares,1,0,0,0,701010,HSICS (Hang Seng Industry Classification System) 2026,2007-04-05,18.93,PRC,"Shenzhen, PRC",1000,IFRS Accounting Standards,2023-01-01,2023-12-31,2024-01-01,2024-12-31,2025-01-01,2821288000,122140000,113170000,2026-02-27,2026-03-05,35000000,356579000,21966000,无保留意见,65600000,"Baoyue Lake Shenzhen Industrial Investment Win-Win Enterprise Management Limited (Baoyue Win-Win); Meiko Elec. Hong Kong Co., Limited (Meiko HK); Streamax Electronics Limited (Streamax Electronics); Harvest International Premium Value (Secondary Market) Fund SPC on behalf of Harvest Oriental SP (Harvest); Jinyi Capital Multi-Strategy Fund SPC Ltd. (JinYi Capital); Open Wealth Management Limited (Open Wealth); China Winning Limited (China Winning); Chau Tsang Cheong (Mr. Chau)",0.3947,2026-09-10,174.12,57965,609436500,Subscription level 174.12 times,2026-03-06,2026-03-09,40250000,3500000,36750000,0,0,Claw-back triggered: N/A（无回拨，国际配售未向公开发售重新分配股份）,1090800000,0.1333,302006700,0.0807,"Free float shares = Offer Shares under the Global Offering after full exercise of the Offer Size Adjustment Option but before the Over-allotment Option (col_CS = 40,250,000) less H Shares allocated to Cornerstone Investors (15,887,400, subject to a six-month lock-up); denominator = total issued share capital of the Company upon Listing (302,006,700 Shares).",302006700,-0.0143655,48,0.024322,53891000000,29.185,0.011261,13081250,28.925,30.545,28.305,9834700,0.24434,286433680,Mechanism B,FINI (from 22/11/2023); 2025-08-04 pricing reform (Mechanism A/B; six-month cornerstone lock-up retained); this IPO: Mechanism B,美格智能技术股份有限公司,Active,21.685,-0.256981,-0.248614,-0.007993,-0.047201,0.749,0.7798,8.18129e+07,19.75,-0.323283,-0.315662,-0.03873,-0.144262,0.704,0.7908,3.22723e+07,0.112669,,,,,Standard,China International Capital Corporation / Sponsor-OC,2026-04-09,0,0,0.15,2026-03-10,0,1,0.123077,0.077473,0.428412,-0.078808,0.9257,-0.256981,0.749,-0.283707,0.7668,0.7786,5.61821e+07,0.00163374,0,0.0494103,0.531081,2026-09-10,2027-03-10,0.042751,0.207109,0.4647,China International Capital Corporation / Sponsor-OC,0,0,0.000265,0.01,0.010265,9,1,0,1,0,POST_FINI,POST_2025_REFORM
29,1989.HK,Delton Technology (Guangzhou) Inc. - H Shares,2026-03-12,2026-03-20,CITIC Securities (Hong Kong) Limited / HSBC Corporate Finance (Hong Kong) Limited,Ernst & Young,N/A,330648000,2975832000,71.88,472446482,46000000,426446482,426446482,0,46000000,41400000,4600000,71.88,,0,0,Fixed price,RMB,3812432000,5685756000,6771716000,1830314000,3073846000,3633951000,1982118000,2611910000,3137765000,2678270000,3734285000,5.11351e+09,496883000,762481000,1097952000,414686000,676100000,965092000,0.02,0.02,0,"Development, manufacture and sales of customized printed circuit boards (PCBs) for high performance servers and other computing applications",Main Board; Chapter 19A PRC issuer with other listed shares (A+H),2025-09-30,759552000,702425000,193920000,0,0.593,0.75,1,1,0,0,1,0,Shenzhen Talent Innovation Venture Fund No. 2,0.041,0,Pre-IPO,4,自然人,0.4843,0.4843,571914000,已量产,0,Main Board,H Shares,1,0,0,0,101025,HSICS (Hang Seng Industry Classification System) 2026,2002-06-17,23.76,PRC,"Guangzhou, PRC",1000,IFRS Accounting Standards,2023-01-01,2023-12-31,2024-01-01,2024-12-31,2025-01-01,3835129000,823464000,723819000,2026-03-12,2026-03-17,46000000,1336538000,716933000,无保留意见（Unqualified opinion）,131100000,CPE; Yuanfeng Asset Management and GTINV (in connection with the Yuanfeng OTC Swaps); Shanghai Greenwoods and CITIC Securities International Capital Management Limited (in connection with CITICS Back-to-back TRS and CITICS Client TRS); HK Greenwoods; UBS AM Singapore; Value Partners; Eastspring; GBAHIL; MY Asian; Barings; Dajia Life; ICBC Wealth,0.4494,2026-09-20,1070.72,202417,4925330400,"Subscription level 1,070.72 times",2026-03-18,2026-03-19,46000000,4600000,41400000,0,0,Claw-back triggered: N/A (no claw-back); Number of Offer Shares reallocated from the International Offering to the Hong Kong Public Offering: 0,3185260000,0.0974,472446482,0.0536,"Free float denominator = total issued Shares upon Listing (472,446,482 Shares) at the final Offer Price of HK$71.88; the 20,674,500 H Shares (4.38%) allocated to the Cornerstone Investors are subject to a six-month lock-up from the Listing Date and excluded from free float; free float = 46,000,000 Offer Shares − 20,674,500 Cornerstone Shares = 25,325,500 H Shares (5.36%).",472446482,-0.0248942,44,0.0202982,53874000000,95.257,0.325223,1075342000,94.307,147.157,94.257,26811648,0.582862,2775598170,Mechanism B,FINI (from 22/11/2023); 2025-08-04 pricing reform (Mechanism A/B; six-month cornerstone lock-up retained); this IPO: Mechanism B,广州广合科技股份有限公司,Active,148.657,0.560589,1.06813,0.047875,0.038815,1.4893,1.5023,5.32655e+08,123,0.291244,0.711185,-0.009281,-0.092171,1.3033,1.4223,1.99418e+08,0.071847,,,,,Standard,China International Capital Corporation / Sponsor-OC,2026-04-19,0,0,0.15,2026-03-20,0,0,0.280964,0.120862,0.678032,0.05249,1.0703,0.560589,1.4893,0.783145,1.9252,1.9397,3.73308e+08,0.000226857,0,0.0789562,0.623289,2026-09-20,2027-03-20,0.111701,0.086483,8.5416,China International Capital Corporation / Sponsor-OC,0,0,0.0002,0.01,0.0102,12,1,0,1,1,POST_FINI,POST_2025_REFORM
30,2701.HK,Nsing Technologies Inc. - H Shares,2026-03-13,2026-03-23,CITIC Securities (Hong Kong) Limited,Deloitte Touche Tohmatsu,Jones Lang LaSalle Corporate Appraisal and Advisory Limited,102600000,923400000,10.8,678126700,95000000,583126700,583126700,0,95000000,85500000,9500000,10.8,,0,0,Fixed price,RMB,3802580000,3712937000,3565848000,1245502000,1052762000,976503000,2557078000,2660175000,2589345000,1036753000,1167550000,1.27775e+09,-603920000,-269084000,-114852000,-593990000,-255724000,-1.00995e+08,0.025,0.025,0,"Platform-based integrated circuit (IC) design company focusing on delivering control chips and system solutions, and lithium-ion battery anode material business",Main Board under Rule 8.05(3) of the Listing Rules (market capitalization/revenue test),2025-09-30,-49673000,187870000,120082000,43899000,0.478,0.75,0,0,0,0,0,0,,0,0,None,0,无实际控制人,0.0228,0.0228,1682708000,规模商业化（已量产）,0.15,Main Board,H Shares,0,0,0,0,703010,HSICS (Hang Seng Industry Classification System) 2026,2000-03-20,26.01,PRC,"Shenzhen, PRC",1000,IFRS Accounting Standards,2023-01-01,2023-12-31,2024-01-01,2024-12-31,2025-01-01,958315000,-86139000,-75746000,2026-03-13,2026-03-18,95000000,182686000,112000000,无保留意见 (Unqualified opinion),82000000,Guohua Life Insurance; Harvest Oriental II; Ms. Tai; Mr. An; Sunwoda Treasury,0.1364,2026-09-23,131.83,56547,1252387600,Subscription level 131.83 times,2026-03-19,2026-03-20,95000000,9500000,85500000,0,0,"Claw-back triggered: No — no Offer Shares were reallocated from the International Offering to the Hong Kong Public Offering; the final number of Hong Kong Offer Shares (9,500,000) equals the number initially available (10% of the Global Offering).",943900000,0.1401,678126700,0.121,"Denominator = total issued share capital immediately upon Listing (678,126,700 Shares, excluding treasury shares); H Shares held by the Cornerstone Investors (six-month lock-up until September 22, 2026) are not counted towards the free float of the H Shares of the Company.",678126700,-0.0484846,44,0.0202982,53854000000,11.25,0.041667,42750000,14.3,16.5,10.9,58692800,0.617819,747406900,Mechanism B,FINI (from 22/11/2023); 2025-08-04 pricing reform (Mechanism A/B; six-month cornerstone lock-up retained); this IPO: Mechanism B,国民技术股份有限公司,Active,12.49,0.110222,0.156481,0.073035,0.05336,1.0347,1.054,236981330,,,,,,,,,,,,,,Standard,China International Capital Corporation / Sponsor-OC,2026-04-22,0,0,0.15,2026-03-23,0,0,-0.03695,0.122498,0.935756,0.144,1.1179,0.110222,1.0347,0.144889,1.2097,1.2245,2.01662e+08,0.000460136,0,0.04436,0.563011,2026-09-23,2027-03-23,,,,China International Capital Corporation / Sponsor-OC,0,0,0.00025,0.01,0.01025,5,0,0,0,0,POST_FINI,POST_2025_REFORM
31,3355.HK,FS.COM Ltd. - H Shares,2026-03-13,2026-03-23,"China International Capital Corporation Hong Kong Securities Limited / China Securities (International) Corporate Finance Company Limited / China Merchants Securities (HK) Co., Limited",Deloitte Touche Tohmatsu,Jones Lang LaSalle Corporate Appraisal and Advisory Limited,166400000,1733709120,41.6,400000000,40000000,360000000,360000000,0,40000000,36000000,4000000,41.6,35.2,0.083333,0.166667,At high,RMB,2719416000,3550399000,3721620000,1997982000,2400737000,1984512000,721434000,1149662000,1737108000,2212851000,2611793000,2899624000,513250000,456575000,6.43931e+08,456747000,397257000,564232000,0.023,0.023,0.15,Online DTC networking solution provider,Main Board (Chapter 19A PRC issuer),2025-09-30,542647000,613353000,124273000,0,0.069,0.75,1,1,1,0,0,1,Fortune Venture Capital (达晨财智); Harvest Capital; Shenzhen Chiyu,0.226,1,Series Pre-A,7.42,自然人,0.5504,0.5504,649587000,规模商业化,0,Main Board,H Shares,0,0,0,0,702025,HSICS (Hang Seng Industry Classification System) 2026,2009-04-09,16.95,PRC,"Shenzhen, PRC",1000,IFRS Accounting Standards,2023-01-01,2023-12-31,2024-01-01,2024-12-31,2025-01-01,2174718000,482948000,423174000,2026-03-13,2026-03-18,400000000,1142819000,59893000,无保留意见,102400000,Hao Fund; Great Holding; WT Asset Management; Caitong SEIII; Intewise Ultimate Clients and CICC FT (in connection with the Intewise OTC Swaps); Foresight; SCGC Capital; Aether; GF Fund HK; Kaifeng Ultimate Clients and CICC FT (in connection with the Kaifeng OTC Swaps); Wider Huge,0.4231,2026-09-23,1579.71,196756,6318827400,"Subscription level 1,579.71 times",2026-03-19,2026-03-20,40000000,4000000,36000000,5675700,0.94595,"Claw-back triggered: N/A. Final no. of Offer Shares under the Hong Kong Public Offering (after reallocation) was 4,000,000, same as the number initially available; no Offer Shares were reallocated from the International Offering.",1559030000,0.2837,400000000,0.0577,"Free float = H Shares under the Global Offering excluding the Over-allotment Option (40,000,000), less the H Shares allocated to the Cornerstone Investors and subject to their six-month lock-up ending 22 September 2026 (16,922,900); denominator = total number of issued Shares upon Listing (400,000,000), before exercise of the Over-allotment Option.",400000000,-0.0484846,44,0.0202982,53854000000,46.635,0.121034,201400000,55.435,56.435,42.735,13032960,0.325824,706589260,Mechanism B,FINI (from 22/11/2023); 2025-08-04 pricing reform (Mechanism A/B; six-month cornerstone lock-up retained); this IPO: Mechanism B,深圳市飞速创新技术股份有限公司,Active,50.035,0.072907,0.202764,0.073035,0.05336,0.9999,1.0186,93320849,,,,,,,,,,,,,,Standard,"China International Capital Corporation Hong Kong Securities 
Limited",2026-04-17,1,6000000,0.15,2026-04-17,5675700,0.9459,0.045955,-0.152275,0.255636,-0.025732,0.952,0.072907,0.9999,-0.206604,0.8383,0.8486,4.25542e+07,0.00331843,0,0.0578347,0.471959,2026-09-23,2027-03-23,,,,"China International Capital Corporation Hong Kong Securities 
Limited",0,0,0.00023,0.01,0.01023,11,1,0,3,1,POST_FINI,POST_2025_REFORM
32,2632.HK,"Jiangsu New Vision Automotive Electronics Co., Ltd. - H Shares",2026-03-16,2026-03-24,Haitong International Capital Limited. / CITIC Securities (Hong Kong) Limited,Ernst & Young,N/A,71721130,645490170,44.2,123395266,16226500,107168766,107168766,0,16226500,14603850,1622650,48,42,-0.017778,0.133333,Within range,RMB,565749000,776136000,763522000,-643726000,-897390000,-1235990000,1209475000,1673526000,1999512000,549362000,577620000,6.39895e+08,-174563000,-136556000,-4.54595e+08,-174618000,-137851000,-4.58247e+08,0.03,0.03,0,"Automotive head-up display (HUD) solutions - research and development, production and sale of HUD solutions, testing solutions and other innovative initiatives",Main Board - Rule 8.05(3) market capitalization/revenue test,2025-09-30,-48969000,104764000,48880000,0,0.831,0.75,1,1,0,1,0,1,Shunwei Capital; Cathay Capital; SAIC Capital; Baidu Ventures,0.384,1,Series A,8.64,自然人,0.3879,0.3879,130357000,规模商业化（已量产）,0,Main Board,H Shares,0,0,0,0,231020,HSICS (Hang Seng Industry Classification System) 2026,2015-05-29,10.82,PRC,"Yizheng, Yangzhou, Jiangsu Province, PRC",1000,IFRS Accounting Standards,2023-01-01,2023-12-31,2024-01-01,2024-12-31,2025-01-01,479921000,-340946000,-343685000,2026-03-16,2026-03-19,109037029,114894000,43400000,无保留意见,68100000,"Yingke No. 1 (Hongkong) Limited; Hongkong High Tech Industrial (Beijing) Development Investment Co., Limited",0.1533,2026-09-24,68.89,31183,111790150,Subscription level 68.89 times,2026-03-20,2026-03-23,16226500,1622650,14603850,0,0,Reallocation: No; No. of Offer Shares reallocated from the International Offering (reallocation): 0,649670000,0.6121,123395266,0.1113,"Free float denominator = number of issued Shares upon Listing (123,395,266 Shares); excluded from free float: H Shares held by the Cornerstone Investors (six-month lock-up) and by existing Shareholders (12-month lock-up under applicable PRC laws).",123395266,-0.0631844,44,0.0207583,53854000000,27.88,-0.369231,-264816480,43.9,45.8,27.7,5219350,0.321656,230200300,Mechanism B,FINI (from 22/11/2023); 2025-08-04 pricing reform (Mechanism A/B; six-month cornerstone lock-up retained); this IPO: Mechanism B,江苏泽景汽车电子股份有限公司,Active,86.8,2.11334,0.963801,0.033973,0.007168,3.011,3.0912,29613460,,,,,,,,,,,,,,Standard,China International Capital Corporation / Sponsor-OC,2026-04-23,0,0,0.15,2026-03-24,0,0,0.427372,0.412442,0.562823,0.685796,1.7071,2.11334,3.011,3.24677,4.6948,4.8209,1.75755e+07,0.0190379,0,0.107174,0.618909,2026-09-24,2027-03-24,,,,China International Capital Corporation / Sponsor-OC,0,0,0.0003,0.01,0.0103,3,1,0,4,1,POST_FINI,POST_2025_REFORM
33,2729.HK,"Zhejiang Galaxis Technology Group Co., Ltd. - H Shares",2026-03-16,2026-03-24,Guotai Junan Capital Limited / CITIC Securities (Hong Kong) Limited,KPMG,N/A,61305468,551749212,16.66,427883729,36798000,391085729,391085729,0,36798000,33118200,3679800,20.4,16.4,-0.094565,0.217391,Within range,RMB,2149769000,2006318000,1925095000,-893636000,-1065759000,-1195899000,3043405000,3072077000,3120994000,550790000,721417000,735516000,-241381000,-176921000,-1.78543e+08,-241614000,-178058000,-1.79295e+08,0.02,0.02,0.15,"Intelligent intralogistics robotics provider (MSRs, AMRs and CSRs)",Main Board Rule 8.05(3) market capitalization/revenue test,2025-09-30,-35288000,81893000,48113000,0,0.274,0.75,1,1,0,1,0,1,ByteDance; Legend Star; Infore Capital,0.321,1,Series A,7.5,自然人,0.2726,0.2726,84967000,规模商业化（已量产）,0,Main Board,H Shares,0,0,0,0,701030,HSICS (Hang Seng Industry Classification System) 2026,2016-10-20,9.42,PRC,"Jiaxing City, Zhejiang Province, PRC",1000,IFRS Accounting Standards,2023-01-01,2023-12-31,2024-01-01,2024-12-31,2025-01-01,551637000,-133907000,-134471000,2026-03-16,2026-03-19,427883729,91412000,3000000,无保留意见 (Unqualified opinion),59600000,,0,,2153.26,107253,7923551200,Subscription level 2153.26 times,2026-03-20,2026-03-23,36798000,3679800,33118200,0,0,"Reallocation: N/A (no clawback); final number of Offer Shares under the Hong Kong Public Offering remains 3,679,800, being 10% of the Global Offering.",555700000,0.5985,427883729,0.086,"Free float denominator = total issued Shares upon Listing (427,883,729 Shares, same as col_CZ), excluding Shares issuable under the Pre-IPO Share Option Scheme; free float shares = Global Offering Shares 36,798,000 minus cornerstone allocation 0.",427883729,-0.0631844,44,0.0207583,53854000000,30.7,0.842737,516643920,32,34.98,29,11298600,0.307044,334777000,Mechanism B,FINI (from 22/11/2023); 2025-08-04 pricing reform (Mechanism A/B; six-month cornerstone lock-up retained); this IPO: Mechanism B,浙江凯乐士科技集团股份有限公司,Active,37.92,0.235179,1.27611,0.033973,0.007168,1.1946,1.2264,44924785,,,,,,,,,,,,,,Standard,China International Capital Corporation / Sponsor-OC,2026-04-23,0,0,0.15,2026-04-23,0,0,-0.131553,-0.146097,0.43558,-0.054072,0.9579,0.235179,1.1946,-0.028664,1.0738,1.1026,2.57654e+07,0.00372331,0,0.0909483,0.417447,2026-09-24,2027-03-24,,,,China International Capital Corporation / Sponsor-OC,0,0,0.0002,0.01,0.0102,0,0,0,3,1,POST_FINI,POST_2025_REFORM
34,1021.HK,"Guangdong Huayan Robotics Co., Ltd. - H Shares",2026-03-20,2026-03-30,China International Capital Corporation Hong Kong Securities Limited / Deutsche Securities Asia Limited,Ernst & Young,N/A,274669000,1533648200,17,531479980,80785000,450694980,450694980,0,80785000,76745600,4039400,17,17,0,0,Fixed price,RMB,584215000,616563000,680231000,478065000,496259000,528093000,106150000,120304000,152138000,175380000,310441000,3.74507e+08,-39547000,16709000,-25584000,1895000,17869000,-20784000,0.0225,0.0225,0.15,"Collaborative robotics company engaged in the development, manufacturing and sale of collaborative robots (“cobots”) and core motion components for industrial automation applications",Chapter 18C Specialist Technology Company (Commercial Company),2025-09-30,-18313000,101151000,50978000,0,0.553,0.75,1,1,0,1,1,0,Foxconn (Industrial Fulian); Guangdong Semiconductor Fund; Yuecai Venture Capital,0.6056,1,Series A,6.33,自然人,0.3006,0.3345,16580000,商业化阶段（已实现成功的商业化，符合上市规则第18C章 Commercial Company 收入要求）,0,Main Board,H Shares,0,0,0,1,701030,HSICS (Hang Seng Industry Classification System) 2026,2017-09-07,8.56,PRC,"Foshan City, Guangdong Province, PRC",1000,IFRS Accounting Standards,2023-01-01,2023-12-31,2024-01-01,2024-12-31,2025-01-01,280880000,-19188000,-15588000,2026-03-20,2026-03-25,513452180,105552000,6297000,无保留意见 (Unqualified opinion),92900000,HHLRA; GF Fund; MSIP; Samson Group; Haojun Investment and HTCI (in connection with Haojun Investment OTC Swaps); Eternal Summer; Shrewd Pioneer; Richfirm; VVC Technology,0.4872,2026-09-30,5059.38,227070,20436879200,"Subscription level (before taking into account the Offer Size Adjustment Option) 5,059.38 times",,2026-03-27,92902600,16157000,76745600,13469000,0.966532,"12,117,600 Offer Shares reallocated from the International Offering to the Hong Kong Public Offering (claw-back), giving a final Hong Kong Public Offering of 16,157,000 Offer Shares",1478180000,0.5339,543597580,0.0876,"Free float denominator = number of issued Shares upon Listing (543,597,580 Shares, after full exercise of the Offer Size Adjustment Option and before exercise of the Over-allotment Option); the Company confirms it satisfies the Rule 19A.13C free float requirement at the final Offer Price of HK$17.00 per H Share.",543597580,-0.0451345,40,0.0205446,53770000000,18.4,0.082353,130063640,16.8,21.52,16.5,44789300,0.48211,842825030,Mechanism A,FINI (from 22/11/2023); 2025-08-04 pricing reform (Mechanism A/B; six-month cornerstone lock-up retained); this IPO: Mechanism A,广东华沿机器人股份有限公司,Active,19.9,0.081522,0.170588,0.05499,0.046895,1.0251,1.0331,114006531,,,,,,,,,,,,,,18C (Specialist Tech),"China International Capital Corporation Hong Kong Securities 
Limited",2026-04-24,1,13935200,0.15,2026-04-24,13935200,1,-0.007035,-0.151764,0.245843,-0.039674,0.918,0.081522,1.0251,-0.094022,0.9603,0.9445,5.18252e+07,0.0028624,0,0.0606684,0.666998,2026-09-30,2027-03-30,,,,"China International Capital Corporation Hong Kong Securities 
Limited",0,0,0.000225,0.01,0.010225,9,1,0,3,1,POST_FINI,POST_2025_REFORM
35,2526.HK,"Hangzhou Diagens Biotechnology Co., Ltd. - B - H Shares",2026-03-20,2026-03-30,Huatai Financial Holdings (Hong Kong) Limited,Ernst & Young,N/A,79195050,712725750,99,88879200,7999200,80880000,80880000,0,7999200,7199250,799950,112.5,95.6,-0.048534,0.162422,Within range,RMB,221090000,212474000,244069000,-85618000,174182000,196062000,306708000,38292000,48007000,52844000,70352000,1.48821e+08,-56184000,-43389000,-48884000,-56116000,-43375000,-4.88653e+07,0.03,0.03,0,Medical devices company focusing on medical imaging products and services,Chapter 18A,2025-09-30,-21553000,39595000,68672000,0,0.56,0.75,1,1,1,0,1,1,Lilly Asia Ventures; CDH Investments; Hangzhou High-Tech Venture Fund,0.445,1,Series A,7.42,自然人,0.4737,0.4737,11938000,"Commercialized — one commercialized product (AutoVision®), three commercialized medical devices and four key reagents and consumables; Core Product AI AutoVision® at registration stage",0,Main Board,H Shares,0,0,1,0,282010,HSICS (Hang Seng Industry Classification System) 2026,2016-09-19,9.52,PRC,"Hangzhou, Zhejiang, PRC",1000,HKFRS Accounting Standards,2023-01-01,2023-12-31,2024-01-01,2024-12-31,2025-01-01,111616000,-36663000,-36649000,2026-03-20,2026-03-25,88879200,84669000,6200000,Unqualified opinion,69800000,,0,,1073.37,115017,858643350,"Subscription level 1,073.37 times",2026-03-26,2026-03-27,7999200,799950,7199250,0,0,Reallocation: No; No. of Offer Shares reallocated from the International Offering: 0,719800000,0.5263,88879200,0.09,"Free float denominator = total number of issued Shares upon Listing (88,879,200 Shares); all existing Shareholders (80,880,000 Shares) are subject to a 12-month lock-up under the PRC Company Law and there are no cornerstone investors, so the free float consists of the 7,999,200 H Shares under the Global Offering.",88879200,-0.0451345,40,0.0205446,53770000000,209.6,1.11717,884711520,219,226,191,2240320,0.280068,446524500,Mechanism B,FINI (from 22/11/2023); 2025-08-04 pricing reform (Mechanism A/B; six-month cornerstone lock-up retained); this IPO: Mechanism B,杭州德适生物科技股份有限公司,Active,271,0.292939,1.73737,0.05499,0.046895,1.2255,1.235,101206090,,,,,,,,,,,,,,18A (Biotech / B-tag),China International Capital Corporation / Sponsor-OC,2026-04-29,0,0,0.15,2026-03-30,0,0,0.088459,0.309963,0.564035,0.302481,1.245,0.292939,1.2255,0.479008,1.5677,1.5418,5.72559e+07,0.00234563,0,0.135274,0.493661,2026-09-30,2027-03-30,,,,China International Capital Corporation / Sponsor-OC,0,0,0.0003,0.01,0.0103,0,0,0,3,1,POST_FINI,POST_2025_REFORM
36,2726.HK,"Epiworld International Co., Ltd. - H Shares",2026-03-20,2026-03-30,China International Capital Corporation Hong Kong Securities Limited,BDO Limited,N/A,163901805,1475081928,76.26,425584810,21492050,404092760,404092760,0,21492050,19342800,2149250,76.26,76.26,0,0,Fixed price,RMB,3073598000,4502944000,4366624000,1464167000,2813484000,2977464000,1609431000,1689460000,1389160000,1142502000,974316000,7.13417e+08,163153000,208181000,58968000,107505000,165067000,2.81933e+07,0.025,0.025,0,"Silicon carbide (SiC) epitaxy industry; research and development, mass production and sales of SiC epitaxial wafers",Main Board (Chapter 19A PRC issuer),2025-09-30,176241000,1832787000,50374000,0,0.619,0.75,1,0,0,1,1,1,Huawei Hubble; BYD; SAIC; Guangdong Semiconductor Fund,0.368,1,Series A,6.5,自然人,0.2739,0.2739,769604000,已量产/规模商业化——全球最大碳化硅外延代工厂，SiC 外延片已实现大规模商业化供应（含 8 英寸）,0,Main Board,H Shares,0,0,0,0,703020,HSICS (Hang Seng Industry Classification System) 2026,2011-03-31,15,PRC,"Xiamen, Fujian, PRC",1000,IFRS Accounting Standards,2023-01-01,2023-12-31,2024-01-01,2024-12-31,2025-01-01,535063000,44226000,21145000,2026-03-20,2026-03-25,425584810,137081000,69806000,无保留意见 (Unqualified opinion),78900000,Xiamen Advanced Intelligent Manufacturing Industry Investment Limited,0.468,2026-09-30,50.66,45084,108882750,Subscription level 50.66 times,,2026-03-27,21492050,2149250,19342800,0,0,0 Offer Shares reallocated from the International Offering to the Hong Kong Public Offering,1559500000,0.1506,425584810,0.0268655,Existing Shareholders' Shares (subject to a one-year lock-up under the PRC Company Law) and the Cornerstone Investor's H Shares are excluded from the free float; denominator is the issued share capital upon Listing,425584810,-0.0451345,40,0.0205446,53770000000,103,0.350643,574697417,110,116,92.3,2471710,0.115006,258528900,Mechanism B,FINI (from 22/11/2023); 2025-08-04 pricing reform (Mechanism A/B; six-month cornerstone lock-up retained); this IPO: Mechanism B,瀚天天成电子科技（厦门）股份有限公司,Active,104.2,0.01165,0.366378,0.05499,0.046895,0.9589,0.9663,36502105,,,,,,,,,,,,,,Standard,China International Capital Corporation / Sponsor-OC,2026-04-29,0,0,0.15,2026-03-30,0,0,0.08078,0.012476,0.766114,0.07767,1.0301,0.01165,0.9589,0.012621,1.0734,1.0556,3.02022e+07,0.00131962,0,0.058644,0.421986,2026-09-30,2027-03-30,,,,China International Capital Corporation / Sponsor-OC,0,0,0.00025,0.01,0.01025,1,1,0,4,1,POST_FINI,POST_2025_REFORM
37,6636.HK,"Shandong Extreme Vision Technology Co., Ltd. - H Shares",2026-03-20,2026-03-30,CITIC Securities (Hong Kong) Limited,Ernst & Young,N/A,99840000,399360000,40,112914783,12480000,100434783,100434783,0,12480000,11856000,624000,40,40,0,0,Fixed price,RMB,335225000,470796000,474647000,212488000,242982000,215974000,122737000,227814000,258673000,127681000,257296000,1.81739e+08,-56025000,4925000,-49232000,-56246000,8708000,-4.83947e+07,0.03,0.03,0,"AI computer vision solution provider delivering end-to-end solution development, deployment and management services",Chapter 18C Specialist Technology Company (Commercial Company),2025-09-30,-21373000,19684000,46860000,0,0.305,0.75,1,1,0,1,1,1,Qualcomm Ventures; China Resources Capital; Shandong Development Fund,0.412,1,Series Angel,9.33,自然人,0.2654,0.2654,81962000,"商业化阶段：以项目制模式交付（project-based business model），累计交付逾6,000个项目、服务逾3,000名客户，产品复购率超80%；大型模型解决方案自2024年起推向市场",0,Main Board,H Shares,0,0,0,1,702015,HSICS (Hang Seng Industry Classification System) 2026,2015-06-15,10.79,PRC,"Qingdao, Shandong Province, PRC",1000,IFRS Accounting Standards,2023-01-01,2023-12-31,2024-01-01,2024-12-31,2025-01-01,136304000,-36924000,-36296000,2026-03-20,2026-03-25,112352436,61144000,1021000,无保留意见（Unqualified opinion）,64200000,Zhengjin International; GKI,0.0946,2026-09-30,4591.37,159089,2865013350,"Subscription level 4,591.37 times",,2026-03-27,12480000,2496000,9984000,0,0,"Claw-back triggered: Yes; 1,872,000 Offer Shares reallocated from the International Offering to the Hong Kong Public Offering (Hong Kong Public Offering increased from 624,000 to 2,496,000 Offer Shares, i.e. 20% of the Global Offering).",434400000,0.6038,112914783,0.1001,"Free float denominator = total number of issued Shares upon Listing = 112,914,783 Shares. Free float comprises H Shares held by the public and not subject to any disposal restrictions: the 12,480,000 Global Offering H Shares less the 1,180,000 H Shares allocated to Cornerstone Investors; all existing Shareholders are subject to a 12-month lock-up under applicable PRC law.",112914783,-0.0451345,40,0.0205446,53770000000,100,1.5,748800000,59.95,100,56,8025925,0.643103,579463300,Mechanism A,FINI (from 22/11/2023); 2025-08-04 pricing reform (Mechanism A/B; six-month cornerstone lock-up retained); this IPO: Mechanism A,山东极视角科技股份有限公司,Active,100.5,0.005,1.5125,0.05499,0.046895,0.9526,0.96,149804695,,,,,,,,,,,,,,18C (Specialist Tech),China International Capital Corporation / Sponsor-OC,2026-04-29,0,0,0.15,2026-03-30,0,0,-0.189542,-0.046269,0.247678,0.01,0.9654,0.005,0.9526,-0.1615,0.8888,0.8741,6.62155e+07,0.00235868,0,0.149458,0.478642,2026-09-30,2027-03-30,,,,China International Capital Corporation / Sponsor-OC,0,0,0.0003,0.01,0.0103,2,0,0,3,1,POST_FINI,POST_2025_REFORM
38,0664.HK,"Hangzhou Tongshifu Cultural and Creative (Group) Co., Ltd. - H Shares",2026-03-23,2026-03-31,CMB International Capital Limited,Deloitte Touche Tohmatsu,Cushman & Wakefield Limited,66660000,377748000,60,64406800,7406800,57000000,57000000,0,7406800,6666100,740700,68,60,-0.0625,0.125,At low,RMB,417479000,489024000,536587000,330159000,409141000,450694000,87320000,79883000,85893000,506383000,571188000,596896000,46841000,88066000,5.88933e+07,44131000,78982000,55404000,0.03,0.03,0.15,Developing copper-based cultural and creative products by integrating traditional techniques with modern design and usage scenarios,Main Board (Chapter 19A PRC issuer),2025-09-30,34673000,91940000,24703000,0,0.096,0.75,1,1,1,1,0,1,Shunwei Capital; Xiaomi; Tiantu Capital,0.294,1,Series A,8.5,自然人,0.2324,0.2324,5851000,商业化初期 - 铜文化创意产品持续规模化销售并拓展至金/银/塑料材质；研发聚焦原创设计、打样与工艺改进，而非基础技术,0,Main Board,H Shares,0,0,0,0,232030,HSICS (Hang Seng Industry Classification System) 2026,2013-03-26,13.01,PRC,"Jiande City, Zhejiang Province, PRC",1000,IFRS Accounting Standards,2023-01-01,2023-12-31,2024-01-01,2024-12-31,2025-01-01,447672000,44170000,41553000,2026-03-23,2026-03-26,62227201,153607000,23100000,Unqualified opinion (无保留意见),56100000,Jiantou International,0.0675,2026-09-30,59.55,26280,44111400,Subscription level 59.55 times,2026-03-27,2026-03-30,7406800,1111000,6295800,0,0,"370,300 H Shares reallocated from the International Offering to the Hong Kong Public Offering",390160000,0.583,64406800,0.1072,"Free float denominator = number of issued Shares upon Listing (before exercise of the Over-allotment Option) = 64,406,800 Shares; 500,000 H Shares held by the Cornerstone Investor upon Listing (six-month lock-up) are excluded from the free float",64406800,-0.0430097,37,0.0202375,53770000000,30.5,-0.491667,-218500600,35.42,42,30.26,2897000,0.391127,111474300,Mechanism B,FINI (from 22/11/2023); 2025-08-04 pricing reform (Mechanism A/B; six-month cornerstone lock-up retained); this IPO: Mechanism B,杭州铜师傅文创（集团）股份有限公司,Active,22.48,-0.262951,-0.625333,0.039873,0.047636,0.7088,0.7035,13271480,,,,,,,,,,,,,,Standard,China International Capital Corporation / Sponsor-OC,2026-04-30,1,0,0.15,2026-03-31,0,0,-0.076923,0.071174,0.17582,-0.127869,0.8395,-0.262951,0.7088,-0.501639,0.5231,0.5103,5.36922e+06,0.29995,0,0.0642663,0.716667,2026-09-30,2027-03-31,,,,China International Capital Corporation / Sponsor-OC,0,0,0.0003,0.01,0.0103,1,0,0,3,1,POST_FINI,POST_2025_REFORM
39,3625.HK,"Shanghai FourSemi Semiconductor Co., Ltd. - H Shares",2026-03-23,2026-03-31,Guotai Junan Capital Limited / Orient Capital (Hong Kong) Limited,Ernst & Young,N/A,96000000,384000000,40,112000000,12000000,100000000,100000000,0,12000000,11400000,600000,50,40,-0.111111,0.222222,At low,RMB,321686000,321427000,302784000,211454000,161873000,116361000,110232000,159554000,186423000,150291000,355195000,336933600,-94130000,-56844000,-62131200,-94130000,-56844000,-62131200,0.025,0.025,0.15,Provider of power amplifier audio chips and haptic drivers (fabless semiconductor design),Chapter 18C Specialist Technology Company (Commercial Company),2025-10-31,-57267000,73463000,55690000,0,0.882,0.833333,1,1,0,1,1,1,Tencent; Didi; NIO Capital; NavInfo; Hefei High-Tech Fund,0.513,1,Pre-Series A,7.5,自然人（Mr. Xu Xiaolin 与 Mr. Liu Baoliang 为一致行动人，共同构成控股股东）,0.315,0.315,101451000,商业化阶段：芯片设计企业，产品已商业化并实现量产（多处表述 achieved mass production / successfully launched and commercialized）,0,Main Board,H Shares,0,0,0,1,703010,HSICS (Hang Seng Industry Classification System) 2026,2016-05-17,9.87,PRC,"Lin-gang Special Area, China (Shanghai) Free Trade Pilot Zone, PRC",1000,IFRS Accounting Standards,2023-01-01,2023-12-31,2024-01-01,2024-12-31,2025-01-01,280778000,-51776000,-51776000,2026-03-23,2026-03-26,110889800,56057000,882000,无保留意见 (unqualified opinion),59700000,,0,,3118.43,118537,1871057300,"Subscription level 3,118.43 times",2026-03-27,2026-03-30,12000000,2400000,9600000,0,0,"1,800,000 H Shares reallocated from the International Offer to the Hong Kong Public Offering (clawback); final Public Offer 2,400,000 H Shares (20.00% of the Global Offering), claw-back triggered",422700000,0.6751,112000000,0.1071,"Free float denominator = total issued Shares upon Listing (112,000,000 Shares); free float = Global Offering Shares before over-allotment (12,000,000) less cornerstone allocation (0) = 12,000,000 H Shares (approximately 10.71%). Existing Shareholders' Shares subject to lock-up undertakings upon Listing are excluded from free float.",112000000,-0.0430097,37,0.0202375,53770000000,80,1,480000000,85.05,87,78,4894400,0.407867,400733900,Mechanism A,FINI (from 22/11/2023); 2025-08-04 pricing reform (Mechanism A/B; six-month cornerstone lock-up retained); this IPO: Mechanism A,上海傅里叶半导体股份有限公司,Active,125.9,0.57375,2.1475,0.039873,0.047636,1.5134,1.5022,67841610,,,,,,,,,,,,,,18C (Specialist Tech),China International Capital Corporation / Sponsor-OC,2026-04-30,0,0,0.05,2026-03-23,0,0,0.046699,-0.135028,0.320603,0.41125,1.3584,0.57375,1.5134,0.154375,1.2117,1.182,3.35171e+07,0.00320408,0,0.104923,0.601307,2026-09-30,2027-03-31,,,,China International Capital Corporation / Sponsor-OC,0,0,0.00025,0.01,0.01025,0,0,0,5,1,POST_FINI,POST_2025_REFORM
