cohort,cross_cohort_duplicate,HKEx file# of the year,Stock Code,Company Name at time of listing,Date of Prospectus (dd/mm/yy),Date of Listing (dd/mm/yy),Sponsor(s),Reporting Accountants,Valuer(s),Funds Raised HK (a),Funds Raised Int.(b),IPO Subscription Price (HK$),Total (without option),Global Offering (without option),Number of offer shares under the capitalization Issue,Number of offer shares under Capitalization Rest,Sale Shares,New shares,Placing Shares,Public Offer shares,Maximum Offer Price,Minimum Offer Price,Filing price revision (%),Filing range width (%),Pricing position in filing range,currency in financial information,total assets in year-3 (3 years before IPO),total assets in year-2,total assets in year-1,total equity in year-3,total equity in year-2,total equity in year-1,total liability in year-3,total liability in year-2,total liability in year-1,Net sales in year-3,Net sales in year-2,Net sales in year-1,Profit before tax in year-3,Profit before tax in year-2,Profit before tax in year-1,Profit for the year in year-3,Profit for the year in year-2,Profit for the year in year-1,Underwriting Commission (% of fund raised HK (a),Underwriting Commission (% of fund raised Int.(b),Over-allotment Option (%),Principal business / industry,Listing route / applicable chapter,Year-1 financial period end (dd/mm/yy),Operating cash flow in year-1 (before annualization),Cash and cash equivalents at year-1 end,R&D expensed in year-1 (before annualization),"Development costs capitalized in year-1 (additions, before annualization)",Top 5 customers (% of year-1 revenue),Comments / Annualization factor,Pre-IPO VC/PE backing (1=yes; 0=no),Pre-IPO VC backing (1=yes; 0=no),Pre-IPO PE backing (1=yes; 0=no),Pre-IPO CVC backing (1=yes; 0=no),Pre-IPO State/Gov backing (1=yes; 0=no),Top-tier VC/PE backing (1=yes; 0=no),Key Pre-IPO investors,Pre-IPO institutional shareholding (%),Pre-IPO investor board seat (1=yes; 0=no),Earliest Pre-IPO investment round,Pre-IPO holding duration (years),Ultimate controller type,Controller economic interest at listing (%),Controller voting rights at listing (%),Interest-bearing debt at year-1 end,Technology commercialization stage,Debt repayment (% of planned net IPO proceeds),Listing board,Share class,A+H issuer flag,WVR flag,Chapter 18A flag,Chapter 18C flag,Industry classification code,Industry classification system and version,Incorporation date,Firm age at IPO (years),Place of incorporation,Principal place of business,Financial statement unit multiplier,Accounting standard,Year-3 financial period start,Year-3 financial period end,Year-2 financial period start,Year-2 financial period end,Year-1 financial period start,"Year-1 net sales (original, pre-annualization)",Year-1 profit before tax (original),Year-1 profit for period (original),Subscription opening date,Subscription closing date,H shares after IPO (base; no options),Gross profit in year-1,Capital expenditure in year-1,Audit opinion (year-1),Listing expenses (HK$),Cornerstone investor names,Final cornerstone allocation (% of base offer),Earliest cornerstone unlock date (dd/mm/yy),Subscription Ratio (times),Public applicants,Public valid applied shares,Public subscription original wording,Pricing date,Allotment announcement date,Final global offering shares (before over-allotment),Final public offer shares,Final placing shares,Over-allotment shares actually issued,Greenshoe exercise rate (%),Actual clawback / reallocation description,Net IPO proceeds to issuer (HK$),Public shareholding at listing (%),Share base used for both public shareholding ratios,Unrestricted public shareholding at listing (%),Free float denominator description,Free float denominator shares,HSI return over 20 trading days before prospectus (%),HK ordinary IPO count in 90 calendar days before prospectus,1-month HIBOR before prospectus (%),Banking system aggregate balance before prospectus (HK$),First trading day closing price (HK$),First-day return / Underpricing (%),Money left on the table (HK$),First trading day opening price (HK$),First trading day high (HK$),First trading day low (HK$),First trading day volume (shares),First-day flipping ratio (%),First trading day turnover (HK$),Offer mechanism,Applicable IPO rules / transition basis,Company Chinese Name,Current listing status,1-month post-IPO close price (HK$),1-month BHR from Day-1 close (%),1-month total return from offer price (%),1-month HSI return (%),1-month HSTECH return (%),1-month wealth relative vs HSI,1-month wealth relative vs HSTECH,1-month average daily turnover (HK$),6-month post-IPO close price (HK$),6-month BHR from Day-1 close (%),6-month total return from offer price (%),6-month HSI return (%),6-month HSTECH return (%),6-month wealth relative vs HSI,6-month wealth relative vs HSTECH,6-month average daily turnover (HK$),Liquidity decay ratio (6M vs Day-1 turnover),1-year post-IPO return (%) [Reserved],1-year wealth relative vs HSI [Reserved],3-year post-IPO return (%) [Reserved],3-year wealth relative vs HSI [Reserved],18A/18C regulatory milestone status,Stabilizing manager,Stabilization period end date,Stabilization purchases occurred,Over-allocation shares,Over-allocation (% of base offer),Over-allotment option exercise date,Shares issued under over-allotment option,Over-allotment exercise percentage (%),"Post-stabilization cliff return [-5, +5] (%)","Post-stabilization 20-day return [0, +20] (%)",Post-stabilization volume decay ratio (%),Day-5 BHR from Day-1 close (%),Day-5 wealth relative vs HSI,Day-20 BHR from Day-1 close (%),Day-20 wealth relative vs HSI,3-month BHR from Day-1 close (%),3-month wealth relative vs HSI,3-month wealth relative vs HSTECH,3-month average daily turnover (HK$),Amihud illiquidity (6M mean),Zero-volume days count (first 6M),"Return volatility (first 6M daily std dev, %)","Maximum drawdown (first 6M, %)",Controlling shareholder 6-month disposal lockup expiry date,Controlling shareholder 12-month cessation of control expiry date,"Cornerstone unlock CAR [-5, +5] (%)","Cornerstone unlock CAR [-20, +20] (%)",Cornerstone unlock volume shock ratio,Lead sponsor name,Joint sponsor count,Sponsor commercial bank affiliate flag,Underwriting base commission rate (%),Underwriting discretionary incentive fee rate (%),Total underwriting fee rate (%),Cornerstone investor count,Cornerstone state-owned presence flag,Crossover fund presence flag,Pre-IPO institutional investor count,Pre-IPO state-owned backing flag,FINI digital settlement regime,2025 pricing reform regime,leverage_y1,roa_y1,sales_growth_y1,log_proceeds_hkd,public_offer_fraction,sponsor_reputation_tier
2025Q1,0,1,6681.HK,BrainAurora Medical Technology Limited - B,2024-12-30,2025-01-08,"China International Capital Corporation
Hong Kong Securities Limited/
SPDB International Capital Limited",Deloitte Touche Tohmatsu,,58320640,5.2486e+08,3.22,1266278000,181112000,1085166000,1085166000,0,181112000,163000000,18112000,3.22,3.22,0,0,Fixed price,RMB,418088000,394854000,318927000,-1094243000,-332181000,-411266000,1512331000,727035000,730193000,11291000,67200000,103774000,-502461000,-359116000,-228778000,-502461000,-359116000,-228778000,0.025,0.025,0.15,Cognitive impairment digital therapeutics (DTx) integral software solutions / medical devices,Main Board Chapter 18A of the Listing Rules,2024-06-30,-75527000,55906000,64231000,0,0.556,1,1,1,1,0,0,,"Northern Light Venture Capital funds (NLSF/NLVF/NLPF via IMMENSE VANTAGE), Zhongwei Growth, Shanghai Pegasus, Tianjin Kangsheng, Tianjin Tianjian, Tianjin Chengye, Anji Shundian, Hainan Synthesis, CICC Healthcare Fund, Mr. Tan",,1,Series Angel,9.8,Individuals (Mr. Tan Zheng and Dr. Wang Xiaoyi),0.3628,0.4411,676213000,Commercial stage,0,Main Board,Ordinary Shares,0,0,1,0,282020,HSICS (Hang Seng Industry Classification System) 2026,2023-04-25,1.71,Cayman Islands,PRC (Beijing),,IFRS,2021-07-01,2022-06-30,2022-07-01,2023-06-30,2023-07-01,103774000,-228778000,-228778000,2024-12-30,2025-01-03,,24520000,10269000,Unaudited,81857000,Tasly (Hong Kong) Pharmaceutical Investment Limited; Tasly (International) Healthcare Investment&Development Company Limited; Huang Guangwei; Suzhou Ceyuan Fuhai Enterprise Management Partnership (Limited Partnership),0.6427,2025-07-08,11.39,10891,206386000,Subscription level 11.39 times,,2025-01-07,181112000,18112000,163000000,0,0,"Claw-back triggered: No; final no. of Offer Shares under the Hong Kong Public Offering remained at the initial 18,112,000 (no clawback from the International Offering)",501320000,0.2939,1266278000,0.0511,"Total issued share capital of the Company immediately following the completion of the Global Offering (Number of issued Shares upon Listing, before exercise of the Over-allotment Option; the Over-allotment Option was not exercised)",1266278000,0.0248598,22,0.0458435,45746000000,3.33,0.034161,19922320,3.22,3.49,3.13,18896100,0.104334,61637900,PN18 statutory clawback,FINI (from 22/11/2023),脑动极光医疗科技有限公司,Active,5.63,0.690691,0.748447,0.096147,0.195698,1.5424,1.414,11750145,5.71,0.714715,0.773292,0.252504,0.236465,1.369,1.3868,5200620,0.084374,,,,,18A (Biotech / B-tag),China International Capital Corporation / Sponsor-OC,2025-02-07,0,0,0.15,2025-02-07,0,0,0.336364,0.049734,0.458637,0.078078,1.0814,0.690691,1.5424,0.867868,1.7413,1.6714,8.57297e+06,0.00436943,0,0.04788,0.285531,2025-07-08,2026-01-08,-0.162206,-0.290976,0.6264,CICC,2,0,0.025,0.01,0.035,4,0,0,6,0,POST_FINI,PRE_2025_REFORM,2.289530,-0.717337,0.544256,20.959348,0.100004,1
2025Q1,0,2,2560.HK,"Anhui Conch Material Technology Co., Ltd. 
- H shares",2024-12-31,2025-01-09,"China Securities (International)
Corporate Finance Company Limited",KPMG,,130479000,304443000,3,579894000,144974000,434920000,434920000,0,144974000,130476000,14498000,3.3,3,-0.047619,0.095238,At low,RMB,2139100000,2345500000,2415600000,646500000,948500000,1008700000,1492600000,1397000000,1406900000,1839600000,2395500000,2206800000,109644000,170029000,141622000,92400000,143900000,120400000,0.013,0.013,0.15,Cement and concrete admixtures and their in-process intermediaries (fine chemical materials),Main Board of The Stock Exchange of Hong Kong Limited (H Shares),2024-06-30,30600000,143500000,29400000,0,0.444,1,1,0,1,0,1,0,CCB Financial Asset Investment; Anhui Huiyuan LP; Wuhu Longmen LP; Wuhu Industrial Fund (Kegai Ceyuan LP and Anhui Zhongan LP exited in 2023),0.0781,1,Pre-IPO Investment (January 2023),1.98,国资委 (SASAC of Anhui Provincial Government),0.3647,0.3647,969000000,Commercialized at scale (mass production and sale),0.15,Main Board,H Shares,0,0,0,0,053040,HSICS (Hang Seng Industry Classification System) 2026,2018-05-28,6.62,PRC,"Wuhu City, Anhui Province, China",,IFRSs,2021-07-01,2022-06-30,2022-07-01,2023-06-30,2023-07-01,2206800000,141622000,120400000,2024-12-31,2025-01-06,185370800,209100000,43200000,Unqualified opinion,39000000,国轩高科股份有限公司(Gotion High-tech); 安徽盛昌化工有限公司(Anhui Shengchang); 芜湖阿泰克生物科技有限公司(Wuhu Artec); SCGC Capital Holding Company Limited; 广东纵行科技有限公司(Guangdong Zongxing); 深圳高灯计算机科技有限公司(Shenzhen Gaodeng),0.6992,2025-07-09,25.83,11856,374447000,Subscription level 25.83 times,2025-01-07,2025-01-08,144974000,43493000,101481000,0,0,"No. of Offer Shares reallocated from the International Placing (claw-back) 28,995,000",395900000,,579894000,0.0752,"% of total issued share capital upon Listing (579,894,000 shares, before exercise of the Over-allotment Option)",579894000,0.0348252,25,0.0459286,45752000000,1.203,-0.599,-260518278,1.433,1.563,1.203,49011000,0.338068,86807260,PN18 statutory clawback,FINI (from 22/11/2023),安徽海螺材料科技股份有限公司,Active,1.023,-0.149626,-0.659,0.118554,0.226165,0.7602,0.6935,7.15305e+06,1.467,0.219451,-0.511,0.241747,0.213485,0.982,1.0049,841058,0.009689,,,,,Standard,China International Capital Corporation / Sponsor-OC,2025-02-08,0,0,0.15,2025-02-08,0,0,0.030211,0.117302,0.287518,-0.099751,0.8981,-0.149626,0.7602,0.149626,1.0576,1.0115,3.89427e+06,0.0228508,0,0.0673675,0.383877,2025-07-09,2026-01-09,0.165335,0.310815,2.9779,CICC,2,0,0.025,0.01,0.035,4,0,0,6,0,POST_FINI,PRE_2025_REFORM,0.582423,0.049843,-0.078773,20.178356,0.100004,3
2025Q1,0,3,2613.HK,"ContiOcean Environment Tech Group Co., Ltd.
- H shares",2024-12-31,2025-01-09,"CITIC Securities (Hong Kong) Limited/
China Galaxy International Securities 
(Hong Kong) Co., Limited",Deloitte Touche Tohmatsu,,60235560,257764440,31.8,40000000,10000000,30000000,30000000,0,10000000,9000000,1000000,39.8,31.8,-0.111732,0.223464,At low,RMB,358405000,376716000,522500000,113600000,135903000,254791000,244805000,240813000,267709000,140521000,267233000,510255000,14764000,42895000,140784000,12769000,36777000,120534000,0.025,0.025,0,"marine exhaust gas cleaning systems, marine energy-saving devices, marine clean-energy supply systems and maritime services",Main Board,2023-12-31,151107000,177414000,18929000,0,0.843,1,0,0,0,0,0,0,,0,0,,,natural persons,0.7125,0.7125,22788000,Commercialized at scale (mass production and sale),0,Main Board,H shares,0,0,0,0,101010,HSICS (Hang Seng Industry Classification System) 2026,2017-05-31,7.61,PRC,"Shanghai, the PRC",1000,IFRS,2021-01-01,2021-12-31,2022-01-01,2022-12-31,2023-01-01,510255000,140784000,120534000,2024-12-31,2025-01-06,10000000,241737000,3467000,unqualified,46000000,Harvest International Premium Value (Secondary Market) Fund SPC on behalf of Harvest Oriental SP,0.2443,2025-07-09,55.33,12389,55332300,Subscription level 55.33 times (Hong Kong Public Offering); International Offering subscription level 0.95 times,2025-01-07,2025-01-08,10000000,1894200,8105800,0,0,"894,200 Offer Shares reallocated from the International Offering to the Hong Kong Public Offering; final Hong Kong Public Offering increased from 1,000,000 to 1,894,200 H Shares (~18.94% of the Global Offering)",273400000,0.25,40000000,0.188925,"Total issued share capital of the Company upon Listing = 40,000,000 shares (30,000,000 domestic shares + 10,000,000 H Shares), assuming options under the Pre-IPO Share Option Scheme are not exercised",40000000,0.0348252,25,0.0459286,45752000000,32.177,0.011855,3770000,32.327,33.327,31.527,2054100,0.20541,69585090,PN18 statutory clawback,FINI (from 22/11/2023),上海汇舸环保科技集团股份有限公司,Active,28.977,-0.09945,-0.088774,0.118554,0.226165,0.8051,0.7344,5771307,23.75,-0.261895,-0.253145,0.241747,0.213485,0.5944,0.6083,196176,0.002819,,,,,Standard,China International Capital Corporation / Sponsor-OC,2025-02-08,0,0,0.15,2025-02-08,0,0,-0.183518,0.039687,0.110718,-0.111881,0.886,-0.09945,0.8051,-0.174037,0.7599,0.7267,2.16858e+06,0.167771,1,0.0287311,0.294866,2025-07-09,2026-01-09,-0.001799,0.063224,0.9652,CICC,2,0,0.025,0.01,0.035,4,0,0,6,0,POST_FINI,PRE_2025_REFORM,0.512362,0.230687,0.909401,17.504390,0.100000,1
2025Q1,0,4,0325.HK,Bloks Group Limited,2024-12-31,2025-01-10,"Goldman Sachs (Asia) L.L.C./
Huatai Financial Holdings (Hong Kong) Limited",Ernst & Young,,727839105,1197265545,60.35,24120300,24120300,0,0,0,24120300,21708000,2412300,60.35,55.65,0.040517,0.081034,At high,RMB,1945851000,1012656000,,-1377115000,-1608294000,,3322966000,2620950000,,325574000,876686000,2172400000,-456771000,-189839000,,-422705000,-207481000,,0.027625,0.027625,0.15,"Design, R&D and sales of assembly character toys (toy industry)",Main Board (Listing Rule 8.05(3) market capitalisation/revenue test),2024-09-30,,,,0,,1,1,1,1,0,1,1,"Legend Capital (via Idea Great and LC Fund), Yunfeng Capital (Yunfeng Blocks/Tuoyuan), Gaorong (Gaorong BLK Holding), Gaintex, BlueCo (Mr. Charlie Cao), JYCP/JYMB Holding, SinoMedia (Asia Pacific), NAW, Way Elegance, Mr. Qi Daqing",,0,Series Angel Investment (2018),6.9,"Individual/founder (Mr. Zhu Weisong, via Next Bloks/Smart Bloks and Wise Global Trust)",0.4947,0.4947,,Commercialised (products sold at scale),0,Main Board,"Ordinary Shares (US$0.0001 par value, single class)",0,0,0,0,232030,HSICS (Hang Seng Industry Classification System) 2026,2021-07-28,3.46,Cayman Islands,PRC (Shanghai),,IFRS,2021-10-01,2022-09-30,2022-10-01,2023-09-30,2023-10-01,2172400000,,,2024-12-31,2025-01-07,,866800000,,Unaudited (reviewed by Reporting Accountants),105200000,"Greenwoods Asset Management Hong Kong Limited;UBS Asset Management (Singapore) Ltd.;Fullgoal Fund Management Co., Ltd.;Fullgoal Asset Management (HK) Limited",0.232,2025-07-10,5999.96,126841,14473713600,"Subscription level 5,999.96 times",2025-01-08,2025-01-09,27738300,12060300,15678000,4160700,1,"Hong Kong Public Offering oversubscribed by more than 100 times triggered reallocation; final HK Public Offering shares adjusted from 2,412,300 to 12,060,300 (International adjusted to 15,678,000)",1557000000,0.4893,245090245,0.0869,"Total issued share capital upon Listing before any exercise of the Over-allotment Option (245,090,245 Shares); no separate free float denominator stated in the announcement",245090245,0.0348252,25,0.0459286,45752000000,84.675,0.403065,6.74734e+08,109.275,109.575,84.575,26806252,0.966399,2676233570,PN18 statutory clawback,FINI (from 22/11/2023),布鲁可集团有限公司,Active,91.325,0.078536,0.513256,0.117003,0.206883,0.9656,0.8937,209639246,145.275,0.715678,1.40721,0.260386,0.224318,1.3612,1.4013,2.97675e+08,0.111229,,,,,Standard,China International Capital Corporation / Sponsor-OC,2025-02-09,0,0,0.15,2025-02-09,0,0,-0.128636,0.082541,0.28565,0.027163,1.003,0.078536,0.9656,0.392087,1.2391,1.1827,1.40343e+08,0.00034577,0,0.0664665,0.356927,2025-07-10,2026-01-10,-0.057769,-0.399731,0.6178,CICC,2,0,0.025,0.01,0.035,4,0,0,6,0,POST_FINI,PRE_2025_REFORM,NaN,NaN,1.477968,16.998564,0.100011,1
2025Q1,0,5,2530.HK,Numans Health Food Holdings Company Limited,2024-12-30,2025-01-10,"Caitong International Capital Co., Limited",Forvis Mazars CPA Limited,,80000000,120000000,0.8,1000000000,250000000,750000000,750000000,0,250000000,225000000,25000000,1.09,0.8,-0.153439,0.306878,At low,RMB,403581000,470017000,502846000,247240000,410076000,458206000,156341000,59941000,44640000,367297000,426545000,292172000,98413000,194621000,103398000,87522000,159344000,90562000,0.035,0.035,0.15,"Marketing, sales and distribution of finished nutritional products in the PRC (algal oil DHA, probiotics, vitamins, multi-nutrients and algal calcium products)",Main Board,2024-06-30,32193000,295607000,0,0,0.744,1,0,0,0,0,0,0,,,0,,,individual,0.75,0.75,6041000,,0,Main Board,ordinary shares,0,0,0,0,282030,HSICS (Hang Seng Industry Classification System) 2026,2019-01-21,5.97,Cayman Islands,Hong Kong,,HKFRS,2021-07-01,2022-06-30,2022-07-01,2023-06-30,2023-07-01,292172000,103398000,90562000,2024-12-30,2025-01-07,,104963000,1095000,unqualified,81200000,,0,,65.17,9340,1629192000,Subscription level 65.17 times,2025-01-08,2025-01-09,250000000,100000000,150000000,0,0,"75,000,000 Offer Shares reallocated from the International Placing to the Hong Kong Public Offering (claw-back)",120500000,0.25,1000000000,0.25,Total number of issued Shares upon Listing (no over-allocation; Over-allotment Option not exercised),1000000000,0.0248598,22,0.0458435,45746000000,0.611,-0.23625,-47250000,0.711,0.711,0.501,123024000,0.492096,89626200,PN18 statutory clawback,FINI (from 22/11/2023),纽曼思健康食品控股有限公司,Active,0.611,0,-0.23625,0.117003,0.206883,0.8953,0.8286,8001954,0.625,0.022913,-0.21875,0.260386,0.224318,0.8116,0.8355,577684,0.006445,,,,,Standard,China International Capital Corporation / Sponsor-OC,2025-02-09,0,0,0.15,2025-02-09,0,0,0,0.124805,0.222541,-0.0491,0.9286,0,0.8953,-0.032733,0.861,0.8218,3.43865e+06,0.154801,2,0.060425,0.408627,2025-07-10,2026-01-10,,,,CICC,2,0,0.025,0.01,0.035,4,0,0,6,0,POST_FINI,PRE_2025_REFORM,0.088775,0.180099,-0.315027,20.723266,0.100000,3
2025Q1,0,6,0805.HK,New Gonow Recreational Vehicles Inc.,2024-12-31,2025-01-13,Huatai Financial Holdings (Hong Kong) Limited,KPMG,,30480000,274320000,1.27,960000000,240000000,720000000,720000000,0,240000000,216000000,24000000,1.64,1.24,-0.118056,0.277778,Within range,RMB,224320000,300223000,398798000,26970000,56954000,27186000,197350000,243269000,371612000,299672000,498780000,720303000,34325000,44261000,107676000,25080000,32956000,78768000,0.03,0.03,0.15,Recreational vehicles (RVs),Main Board,2023-12-31,119770000,14345000,7968000,0,0.552,1,0,0,0,0,0,0,,,0,None,,Family,0.744,0.744,103994000,Mass production,0,Main Board,Ordinary Shares,0,0,0,0,231010,HSICS (Hang Seng Industry Classification System) 2026,2022-05-17,2.66,Cayman Islands,"Tongxiang, Zhejiang Province, PRC",1000,HKFRSs,2021-01-01,2021-12-31,2022-01-01,2022-12-31,2023-01-01,720303000,107676000,78768000,2024-12-31,2025-01-08,960000000,181051000,7185000,Unqualified opinion,53000000,,0,,2.52,2336,60428000,Subscription level 2.52 times,2025-01-09,2025-01-10,240000000,24000000,216000000,0,0,Claw-back triggered No,253410000,0.25,960000000,0.25,"issued share capital of the Company immediately following the completion of the Global Offering (960,000,000 Shares upon Listing); no exclusions",960000000,0.0348252,25,0.0459286,45752000000,0.98,-0.228346,-69600000,0.98,1.23,0.9,8738000,0.036408,9176480,PN18 statutory clawback,FINI (from 22/11/2023),新吉奥房车有限公司,Active,0.93,-0.05102,-0.267717,0.158088,0.250895,0.8194,0.7586,6.2337e+06,1.15,0.173469,-0.094488,0.282353,0.251445,0.9151,0.9377,1358047,0.147992,,,,,Standard,China International Capital Corporation / Sponsor-OC,2025-02-12,0,0,0.15,2025-02-12,0,0,0.045455,0.236559,0.123217,0.459184,1.4063,-0.05102,0.8194,0.22449,1.0766,1.0378,2.78546e+06,0.0498346,0,0.0667186,0.482353,2025-07-13,2026-01-13,,,,CICC,2,0,0.025,0.01,0.035,4,0,0,6,0,POST_FINI,PRE_2025_REFORM,0.931830,0.197514,0.444130,20.682444,0.100000,2
2025Q1,0,7,2596.HK,"Yibin City Commercial Bank Co., Ltd - H Shares",2024-12-30,2025-01-13,"CCB International Capital Limited/
ICBC International Capital Limited",PricewaterhouseCoopers,,37653420,1745302580,2.59,4588400000,688400000,3900000000,3900000000,0,688400000,619560000,68840000,2.72,2.59,-0.024482,0.048964,At low,RMB,80413277000,93444044000,100192656000,8667952000,9286500000,9614197000,71745325000,84157544000,90578459000,,,,477529000,542567000,693964000,432532000,477416000,523664000,0.015,0.015,0.15,"Banking - city commercial bank (corporate banking, retail banking, financial markets)","Hong Kong Main Board H-share listing (Listing Rules, PRC issuer, Stock Code 2596)",2024-06-30,4964236000,7177645000,,,,1,0,0,0,0,1,0,主要上市前股东：Wuliangye Group(19.99%)、宜宾市财政局(19.987%)、宜宾市翠屏区财政局(19.98%)、宜宾市南溪区财政局(16.94%)；无 VC/PE,0,0,,,"State-owned (no single controlling shareholder; largest shareholder Wuliangye Group is state-owned, controlled by Yibin SASAC 90% / Sichuan Finance Dept 10% via Yibin Development Holding)",,,,,0,Main Board,"H Shares (ordinary shares, RMB1.00 par)",0,0,0,0,501010,HSICS (Hang Seng Industry Classification System) 2026,2006-12-27,18.05,PRC,"Yibin, Sichuan Province, the PRC",,IFRS Accounting Standards (as issued by the IASB),2021-07-01,2022-06-30,2022-07-01,2023-06-30,2023-07-01,,693964000,523664000,2024-12-30,2025-01-08,688400000,,14542000,Unaudited (interim),74300000,,0,,0.21,2352,14538000,Subscription level 0.21 times,2025-01-09,2025-01-10,688400000,14538000,673862000,0,0,"Hong Kong Public Offering undersubscribed: 54,302,000 Offer Shares initially under the Hong Kong Public Offering reallocated to the International Offering (claw-forward); final Hong Kong Public Offering adjusted to 14,538,000 Shares",1709280000,0.15,4588400000,0.15,"Number of issued Shares upon Listing (assuming the Over-allotment Option is not exercised), i.e. total issued share capital of 4,588,400,000 Shares comprising H Shares and Domestic Unlisted Shares",4588400000,0.0248598,22,0.0458435,45746000000,2.514,-0.029344,-52318400,2.494,2.594,2.494,25689500,0.037318,66431310,PN18 statutory clawback,FINI (from 22/11/2023),宜宾市商业银行股份有限公司,Active,2.504,-0.003978,-0.033205,0.158088,0.250895,0.8601,0.7962,5.23072e+06,2.559,0.0179,-0.011969,0.282353,0.251445,0.7938,0.8134,49525.5,0.000746,,,,,Standard,China International Capital Corporation / Sponsor-OC,2025-02-12,0,0,0.15,2025-02-12,0,0,0.00401,0.007987,0.027208,-0.003978,0.9599,-0.003978,0.8601,0.003978,0.8827,0.8509,1.74437e+06,0.0624043,15,0.00517484,0.038551,2025-07-13,2026-01-13,,,,CICC,2,0,0.025,0.01,0.035,4,0,0,6,0,POST_FINI,PRE_2025_REFORM,0.904043,0.005227,NaN,22.246797,0.100000,2
2025Q1,0,8,2571.HK,"Beijing Saimo Technology Co., Ltd. - H shares",2024-12-31,2025-01-15,CEB International Capital Corporation Limited,PricewaterhouseCoopers,,43300866,389700000,12.99,133333400,33333400,100000000,100000000,0,33333400,30000000,3333400,18,12,-0.134,0.4,Within range,RMB,315964000,544759000,600814000,265022000,446843000,501412000,50942000,97916000,99402000,106906000,145385000,175703000,39131000,48686000,50755000,37571000,48686000,53431000,0.03,0.03,0.15,"ICV simulation testing technologies; design and R&D of ICV simulation testing products and provision of related testing, validation and evaluation solutions",Main Board,2023-12-31,50466000,118431000,71331000,5056000,0.558,1,1,1,1,1,1,,"GQC Zhiyuan, Beijing Shunyi, Hubble, Beijing Cornerstone, CITICS Investment, Jingwei Hengrun, GQC Junhe, Zhongguancun",0.234,0,2020 Financing,5,Natural person,0.341,0.341,40520000,Commercialisation stage,0,Main Board,H Shares,0,0,0,0,702030,HSICS (Hang Seng Industry Classification System) 2026,2014-01-24,10.98,PRC,"Rooms 301, 304, 305, 306, 307 and 308, Zhongguancun International Innovation Building, No. 67 North Fourth Ring West Road, Haidian District, Beijing, the PRC",1000,IFRS Accounting Standards,2021-01-01,2021-12-31,2022-01-01,2022-12-31,2023-01-01,175703000,50755000,53431000,2024-12-31,2025-01-10,33333400,124564000,69365000,Unqualified,72046733,China Mobile International Holdings Limited,0.343,2025-07-15,2.66,4565,8855400,"No. of valid applications 4,565 No. of successful applications 4,565 Subscription level 2.66 times Claw-back triggered No",2025-01-13,2025-01-14,33333400,3333400,30000000,0,0,"Claw-back triggered No; no reallocation - Final no. of Offer Shares under the International Offer (after reallocation) 30,000,000, unchanged from initial 30,000,000",358600000,0.25,133333400,0.16426,"Total issued share capital upon Listing = Number of issued shares upon Listing 133,333,400 Shares (H Shares plus domestic shares), before exercise of the Over-allotment Option (No. of Offer Shares over-allocated: 0)",133333400,0.0348252,25,0.0459286,45752000000,13.18,0.014627,6333346,13.3,14.66,13.02,7720400,0.231612,101952200,PN18 statutory clawback,FINI (from 22/11/2023),北京赛目科技股份有限公司,Active,14.36,0.08953,0.105466,0.172884,0.266381,0.9289,0.8603,9903200,12.98,-0.015175,-0.00077,0.27502,0.244627,0.7724,0.7913,2456255,0.024092,,,,,Standard,China International Capital Corporation / Sponsor-OC,2025-02-14,0,0,0.15,2025-02-14,0,0,0.046154,-0.052925,0.12842,-0.013657,0.9461,0.08953,0.9289,-0.034901,0.87,0.8617,3.77912e+06,0.106743,2,0.0287253,0.27451,2025-07-15,2026-01-15,-0.039446,-0.025608,0.2516,CICC,2,0,0.025,0.01,0.035,4,0,0,6,0,POST_FINI,PRE_2025_REFORM,0.165446,0.088931,0.208536,18.708363,0.100002,3
2025Q1,0,9,1364.HK,Guming Holdings Limited,2025-02-04,2025-02-12,"Goldman Sachs (Asia) L.L.C./
UBS Securities Hong Kong Limited",Ernst & Young,,788301640,1242169992,9.94,2332525060,158612000,2173913060,2173913060,0,158612000,142750800,15861200,9.94,8.68,0.067669,0.135338,At high,RMB,2043500000,3031676000,5152929000,-1205811000,-816594000,615506000,3249311000,3848270000,4537423000,4383901000,5559222000,7675665000,247093000,650357000,1445087000,23992000,372025000,1096354000,0.03,0.03,0.15,Freshly-made beverages,Main Board,2023-12-31,1573306000,2357961000,198736000,0,0.032,1,1,1,1,,0,1,"Long-Z, HongShan, New Budding and Coatue 34",0.132,1,Pre-IPO Investments (2020),4.85,自然人,0.7409,0.7409,3350203000,,0,Main Board,Ordinary Shares,0,0,0,0,251030,HSICS (Hang Seng Industry Classification System) 2026,2021-08-31,3.45,Cayman Islands,"Hangzhou, Zhejiang Province, China",1000,IFRSs,2021-01-01,2021-12-31,2022-01-01,2022-12-31,2023-01-01,7675665000,1445087000,1096354000,2025-02-04,2025-02-07,2332525060,2403331000,398800000,Unqualified opinion,121000000,"Huang River Investment Limited; GM Charm Yield (BVI) Limited; LVC; Long-Z Fund I, LP; Duckling Fund, L.P.",0.3051,2025-08-12,194.87,29086,3090796400,Subscription level 194.87 times,2025-02-10,2025-02-11,182403600,79306000,103097600,21869200,0.799297,"63,444,800 Offer Shares reallocated from the International Offering (claw-back) to the Hong Kong Public Offering",1721000000,0.2614,2356316660,0.0538,Approximate percentage of total issued Shares immediately following completion of the Global Offering (assuming the Over-allotment Option is not exercised),2356316660,0.00784204,24,0.0373589,44614000000,8.12,-0.183099,-331974552,8.82,9.22,7.75,134002435,0.734648,1356758270,PN18 statutory clawback,FINI (from 22/11/2023),古茗控股有限公司,Active,13.86,0.706897,0.394366,0.088033,0.129905,1.5688,1.5107,153805330,22.1,1.72168,1.22334,0.142363,0.029914,2.3825,2.6426,99713748,0.073494,,,,,Standard,China International Capital Corporation / Sponsor-OC,2025-03-14,0,0,0.15,2025-03-14,0,0,0.464427,0.063915,0.531055,0.051724,1.0005,0.706897,1.5688,1.84729,2.6659,2.8472,1.04625e+08,0.000439849,0,0.0571125,0.255031,2025-08-12,2026-02-12,-0.078263,-0.28016,1.5403,CICC,2,0,0.025,0.01,0.035,4,0,0,6,0,POST_FINI,PRE_2025_REFORM,0.880552,0.212763,0.380708,21.570217,0.100000,1
2025Q1,0,11,2097.HK,MIXUE Group - H shares,2025-02-21,2025-03-03,"Merrill Lynch (Asia Pacific) Limited/
Goldman Sachs (Asia) L.L.C./
UBS Securities Hong Kong Limited",Ernst & Young,,1727325000,2245482000,202.5,377059900,17059900,360000000,360000000,0,17059900,15353900,1706000,202.5,202.5,0,0,Fixed price,RMB,7316383000,9945356000,14593566000,5542710000,7479267000,10595465000,1773673000,2466089000,3998101000,10350986000,13575577000,20302465000,2558874000,2658043000,4154002000,1911942000,2013091000,3186605000,0.011,0.011,0.15,Freshly-made drinks company (franchise model),Main Board (H shares),2023-12-31,3793872000,5621904000,85000000,0,0.011,1,1,1,1,0,0,1,Longzhu Meicheng; Shenzhen Yunqi; Tianjin Panxue,0.0955,0,Pre-IPO Investment (December 2020),4.2,Individual founders,0.4127,0.4127,259748000,Mass commercialization,0,Main Board,H shares,0,0,0,0,251030,HSICS (Hang Seng Industry Classification System) 2026,2008-04-01,16.92,PRC,"Zhengzhou, Henan Province, the PRC",1000,IFRS,2021-01-01,2021-12-31,2022-01-01,2022-12-31,2023-01-01,20302465000,4154002000,3186605000,2025-02-21,2025-02-26,148324158,5998967000,1690766000,Unqualified,163700000,"M&G Investments; HongShan Growth; Persistence Growth Limited; HHLR Fund, L.P.; Long-Z Fund I, LP",0.4509,2025-09-03,5258.21,264992,8970506500,"Subscription level 5,258.21 times",2025-02-21,2025-02-28,17059900,8530000,8529900,2558900,1,"As a result of such reallocation, the final number of Offer Shares under the Hong Kong Public Offering is adjusted to 8,530,000 H Shares",3291000000,0.1,377059900,0.024843,"Total issued share capital of the Company upon Listing (before exercise of the Over-allotment Option), 377,059,900 Shares (H Shares plus unlisted domestic shares)",377059900,0.133052,22,0.0405833,44631000000,290,0.432099,1492741250,262,298,256,16058876,0.941323,4333988600,PN18 statutory clawback,FINI (from 22/11/2023),蜜雪冰城股份有限公司,Active,432,0.489655,1.13333,0.01827,-0.005309,1.4629,1.4976,657746425,409,0.410345,1.01975,0.101588,0.026713,1.2803,1.3737,259519385,0.05988,,,,,Standard,China International Capital Corporation / Sponsor-OC,2025-04-02,0,0,0.15,2025-04-02,0,0,0.004386,0.229947,0.340294,0.224138,1.1623,0.489655,1.4629,1.12241,2.0643,2.2513,3.53248e+08,0.000115667,0,0.0572053,0.34422,2025-09-03,2026-03-03,-0.152553,-0.30812,0.817,CICC,2,0,0.025,0.01,0.035,4,0,0,6,0,POST_FINI,PRE_2025_REFORM,0.273963,0.218357,0.495514,19.747915,0.100001,1
2025Q1,0,13,6693.HK,"Chifeng Jilong Gold Mining Co., Ltd. - H shares",2025-02-28,2025-03-10,CITIC Securities (Hong Kong) Limited,Ernst & Young,,282154544,2962622712,13.72,1869563378,205652000,1663911378,1663911378,0,205652000,185086800,20565200,15.83,13.72,-0.071404,0.142809,At low,RMB,17544294000,18717793000,19895168000,7408303000,8542208000,9799898000,10135991000,10175585000,10095270000,6266787000,7220952000,8297108000,822012000,1206795000,2464046667,493880000,871585000,1686358667,0.018,0.018,0.15,"Mining, processing and sales of gold",Chapter 18 of the Listing Rules (mineral company),2024-09-30,2043988000,2094141000,47893000,2800000,0.788,1,0,0,0,0,0,0,,0,0,,,individual,0.1294,0.1294,2146122000,,0,Main Board,H shares,0,0,0,0,051010,HSICS (Hang Seng Industry Classification System) 2026,1998-06-22,26.72,PRC,"Beijing, PRC",,IFRS,2021-10-01,2022-09-30,2022-10-01,2023-09-30,2023-10-01,8297108000,2464046667,1686358667,2025-02-28,2025-03-05,205652000,2622016000,1125413000,,151700000,Gold Mountains (H.K.) International Mining Company Limited; Sparky International Company Limited,0.264,2025-09-10,9.53,29964,196012200,Subscription level 9.53 times,2025-03-06,2025-03-07,205652000,20565200,185086800,30847800,1,Claw-back triggered No; No. of Offer Shares reallocated from the International Offering (claw-back) N/A,2676300000,0.11,1869563378,0.081,Total issued share capital upon Listing (before exercise of the Over-allotment Option),1869563378,0.174302,19,0.0398155,44690000000,13.18,-0.039359,-111052080,13.18,13.38,13,50199919,0.244101,690919580,PN18 statutory clawback,FINI (from 22/11/2023),赤峰吉隆黄金矿业股份有限公司,Active,15.72,0.192716,0.145773,-0.1663,-0.252142,1.4306,1.5948,2.00311e+08,33.014,1.50486,1.40627,0.101615,0.002922,2.2738,2.4976,369387891,0.534632,,,,,Standard,China International Capital Corporation / Sponsor-OC,2025-04-09,0,0,0.15,2025-04-09,0,0,0.933165,0.48741,6.24538,0.021244,1.0137,0.192716,1.4306,1.12519,2.0743,2.2945,6.5499e+08,0.000102333,0,0.0544874,0.362988,2025-09-10,2026-03-10,-0.014769,0.251313,1.1796,CICC,2,0,0.025,0.01,0.035,4,0,0,6,0,POST_FINI,PRE_2025_REFORM,0.507423,0.084762,0.149032,21.348971,0.100000,1
2025Q1,0,14,2561.HK,VISEN Pharmaceuticals -B,2025-03-13,2025-03-21,"Morgan Stanley Asia Limited/
Jefferies Hong Kong Limited",Ernst & Young,,313315200,469972800,68.8,112441864,9900000,102541864,102541864,0,9900000,8910000,990000,75.28,68.44,-0.042583,0.095185,Within range,RMB,741272000,443796000,338936000,652605000,390875000,289598000,88667000,52921000,49338000,,,,-288967000,-249570000,-172660000,-288967000,-249570000,-172660000,0.03,0.03,0.15,Biopharmaceutical (endocrinology therapies),Chapter 18A of the Listing Rules,2024-09-30,-102406000,242647000,58907000,0,,1,1,1,1,0,1,1,Ascendis Pharma; Vivo Capital; Sofinnova; HongShan Growth; OrbiMed; Sherpa Healthcare Partners; Cormorant; HBM Healthcare Investments; Pivotal bioVenture Partners China; Logos Capital; CRF Investment,0.512,1,Series A,6.35,外资,0.6872,0.6872,2988000,"Late-stage, near-commercialization (no product approved)",0,Main Board,Shares,0,0,1,0,281020,HSICS (Hang Seng Industry Classification System) 2026,2018-11-01,6.38,Cayman Islands,"Suzhou, PRC",,IFRS Accounting Standards,2021-10-01,2022-09-30,2022-10-01,2023-09-30,2023-10-01,,-172660000,-172660000,2025-03-13,2025-03-18,112441864,,117000,Unaudited,108100000,"AnkeBio (HongKong) Co., Limited; Suzhou Harvest International Co., Limited; Vivo Capital; WuXi Biologics HealthCare Venture; Reynold Lemkins Group (Asia) Limited",0.65,2025-09-21,72.64,22345,71908900,Subscription level 72.64 times (over-subscribed 50 times or more but less than 100 times),2025-03-19,2025-03-20,11385000,4554000,6831000,0,0,"As the Hong Kong Public Offering has been over-subscribed 50 times or more but less than 100 times, 2,970,000 Offer Shares were reallocated from the International Offering (clawback) to the Hong Kong Public Offering",672300000,0.2688,113926864,0.034958,"Total issued share capital of the Company upon Listing, taking into account the full exercise of the Offer Size Adjustment Option and without taking into account the Over-allotment Option (before any exercise of the Over-allotment Option)",113926864,0.0797144,18,0.0383792,44720000000,68.8,0,0,68.8,69.15,64.8,3408600,0.299394,228142200,PN18 statutory clawback,FINI (from 22/11/2023),维升药业,Active,44.3,-0.356105,-0.356105,-0.089803,-0.131278,0.7074,0.7412,23191970,43.42,-0.368895,-0.368895,0.112049,0.109645,0.5675,0.5687,823740,0.003611,,,,,18A (Biotech / B-tag),China International Capital Corporation / Sponsor-OC,2025-04-20,0,0,0.15,2025-04-20,0,0,0.043891,0.062077,0.113688,-0.204215,0.7995,-0.356105,0.7074,-0.301599,0.6843,0.7434,9.34913e+06,0.0116257,0,0.0346666,0.409978,2025-09-21,2026-03-21,-0.062882,-0.121003,1.9885,CICC,2,0,0.025,0.01,0.035,4,0,0,6,0,POST_FINI,PRE_2025_REFORM,0.145567,-0.509418,NaN,18.537947,0.100000,1
2025Q1,0,15,2610.HK,Nanshan Aluminium International Holdings Limited,2025-03-17,2025-03-25,Huatai Financial Holdings (Hong Kong) Limited,KPMG,Jones Lang LaSalle Corporate Appraisal and Advisory Limited,234707760,2144268560,26.6,588235300,88235300,500000000,500000000,0,88235300,79411700,8823600,31.5,26.6,-0.084337,0.168675,At low,USD,1202411000,1282117000,1437962000,1005493000,995509000,1269640000,196918000,286608000,168322000,172842000,466777000,677785000,41658000,103132000,187089000,39710000,96092000,173525000,0.018,0.018,0.15,Alumina manufacturer,Main Board,2023-12-31,96269000,251561000,,,1,1,0,0,0,0,0,0,Press Metal (via Press Metal SPV); Redstone,0,1,,,Listed company (A-share controlling shareholder),0.6009,0.6009,907000,,0,Main Board,Ordinary Shares,0,0,0,0,052030,HSICS (Hang Seng Industry Classification System) 2026,2023-06-28,1.74,Cayman Islands,Indonesia,1000,HKFRS,2021-01-01,2021-12-31,2022-01-01,2022-12-31,2023-01-01,677785000,187089000,173525000,2025-03-17,2025-03-20,588235300,197668000,72800000,Unqualified,132800000,"Glencore International AG; Hongkong Topway Trading Co., Limited; Reijong International Industrial Equipment (HK) Limited; PT Indika Energy Tbk.",0.3982,2025-09-25,3.89,12791,34327300,Subscription level 3.89 times (Hong Kong Public Offering); International Placing Subscription Level 1.67 times; Claw-back triggered: No,2025-03-24,2025-03-24,88235300,8823600,79411700,1199900,0.090659,"Claw-back triggered: No; no reallocation between the Hong Kong Public Offering and the International Placing. Over-allocation of 13,235,200 shares may be covered by exercising the Over-allotment Option, secondary market purchases or deferred delivery",2220800000,0.15,588235300,0.0903,"Denominator: total issued Shares upon Listing 588,235,300 (before exercise of the Over-allotment Option); free float excludes 35,136,300 Cornerstone Investor shares subject to six-month lock-up (all 500,000,000 pre-IPO shares held by existing Shareholders are also locked up)",588235300,0.0592233,18,0.0375143,44720000000,24.03,-0.096617,-226764721,25.38,25.68,24.03,12882800,0.146005,340663520,PN18 statutory clawback,FINI (from 22/11/2023),南山铝业国际控股有限公司,Active,23.48,-0.022888,-0.117293,-0.061449,-0.098165,1.0411,1.0835,3.36554e+07,39.15,0.629213,0.471805,0.134527,0.15617,1.436,1.4091,3.95986e+07,0.11624,,,,,Standard,China International Capital Corporation / Sponsor-OC,2025-04-24,0,0,0.15,2025-04-24,0,0,-0.075457,0.083049,0.400279,-0.002081,1.0076,-0.022888,1.0411,0.19767,1.1494,1.2363,1.88258e+07,0.00232123,0,0.0433942,0.236585,2025-09-25,2026-03-25,-0.018956,-0.077409,1.1032,CICC,2,0,0.025,0.01,0.035,4,0,0,6,0,POST_FINI,PRE_2025_REFORM,0.117056,0.120674,0.452053,20.192638,0.100001,2
2025Q1,0,16,2569.HK,Soft International Group Ltd,2025-03-19,2025-03-27,Sunny Fortune Capital Limited,Forvis Mazars CPA Limited,BonVision International Appraisals Limited,63750000,63750000,0.51,1000000000,250000000,750000000,750000000,0,250000000,225000000,25000000,0.6,0.5,-0.072727,0.181818,Within range,RMB,435222000,523892000,519438000,-16265000,25051000,82991000,451487000,498841000,436447000,263226000,408066000,654560000,12467000,50904000,66612000,10002000,41859000,57689000,0.06,0.06,0.15,"Development, manufacture and sale of personal hygienic disposables",Main Board,2023-12-31,155964000,63000000,20638000,0,0.641,1,0,0,0,0,0,0,,,0,,,自然人,0.675,0.675,13734000,,0,Main Board,Ordinary shares,0,0,0,0,253020,HSICS (Hang Seng Industry Classification System) 2026,2023-11-22,1.34,Cayman Islands,"Quanzhou Jinjiang, Fujian Province, China",1000,IFRS Accounting Standards,2021-01-01,2021-12-31,2022-01-01,2022-12-31,2023-01-01,654560000,66612000,57689000,2025-03-19,2025-03-24,1000000000,197267000,39746000,Unqualified,41500000,,0,,167.09,19843,4177170000,Subscription level 167.09 times,2025-03-25,2025-03-26,250000000,125000000,125000000,0,0,"100,000,000 Offer Shares reallocated from the International Offering to the Hong Kong Public Offering (clawback); final Hong Kong Public Offering 125,000,000 shares (50% of Global Offering)",86000000,0.25,1000000000,0.25,"Total issued share capital of the Company upon Listing (1,000,000,000 Shares); announcement expresses shareholding ratios as % of total issued share capital upon Listing, before exercise of the Over-allotment Option (over-allocation = 0)",1000000000,0.0767626,18,0.0378315,44720000000,0.67,0.313725,40000000,0.49,0.82,0.485,272546000,1.09018,169663300,PN18 statutory clawback,FINI (from 22/11/2023),舒宝国际集团有限公司,Active,0.67,0,0.313725,-0.068148,-0.107384,1.0731,1.1203,20388405,0.72,0.074627,0.411765,0.129102,0.131529,0.9518,0.9497,1194200,0.007039,,,,,Standard,China International Capital Corporation / Sponsor-OC,2025-04-26,0,0,0.15,2025-04-26,0,0,0.175439,0.313433,0.396284,-0.223881,0.7887,0,1.0731,1.04478,2.0029,2.1552,1.42221e+07,0.00925947,0,0.0679234,0.595238,2025-09-27,2026-03-27,,,,CICC,2,0,0.025,0.01,0.035,4,0,0,6,0,POST_FINI,PRE_2025_REFORM,0.840229,0.111060,0.604054,20.723266,0.100000,3
2025Q1,0,17,2625.HK,Jiangsu Horizon Chain Supermarket Company Limited - H shares,2025-03-21,2025-03-31,Red Solar Capital Limited,KPMG,,22230000,111675000,2.5,214246910,53562000,160684910,160684910,0,53562000,48205000,5357000,3,2.5,-0.090909,0.181818,At low,RMB,1177000000,1331539000,1407136000,397511000,446780000,493341000,779489000,884759000,913795000,1432193000,1328685000,1401972000,47696000,68487000,70058000,35080000,51065000,51602000,0.045,0.045,0.15,"Wholesale of grains and oil; supermarket, convenience store and mall retail operations",Main Board,2023-12-31,69219000,236226000,,,0.318,1,1,0,1,0,1,0,"Jiangdu Fund, Jiequan Fund, Minsheng Agricultural, Batch A Investors and Batch B Investors",0.2393,0,July 2019,5.7,Individual,0.3111,0.3111,575445000,,0,Main Board,H Shares,0,0,0,0,253010,HSICS (Hang Seng Industry Classification System) 2026,2005-10-19,19.45,PRC,PRC,1000,IFRS,2021-01-01,2021-12-31,2022-01-01,2022-12-31,2023-01-01,1401972000,70058000,51602000,2025-03-21,2025-03-26,214246910,301376000,40731000,Unqualified,42200000,Top Legend SPC (for and on behalf of Ocean One SP),0.2883,2025-09-30,46.96,9084,251552000,Subscription level 46.96 times (Hong Kong Public Offering); International Offering Subscription Level 0.93 times,2025-03-27,2025-03-28,53562000,8892000,44670000,0,0,"International Offering undersubscribed (0.93x) and Hong Kong Public Offering oversubscribed (46.96x); reallocation applied: HK Public Offering increased from 5,357,000 to 8,892,000 H Shares (10% to 16.60%), International Offering reduced from 48,205,000 to 44,670,000 H Shares (i.e. 3,535,000 shares reallocated); Claw-back triggered: No",92550000,,214246910,0.1779,"Denominator is the total number of issued shares (all H Shares) upon Listing before exercise of the Over-allotment Option: 214,246,910 shares; no over-allocation occurred so the Over-allotment Option was not exercised (per announcement, no over-allocation of International Offer Shares)",214246910,0.0727718,16,0.038128,44595000000,2.5,0,0,3.44,3.65,2.39,27790000,0.518838,80316400,PN18 statutory clawback,FINI (from 22/11/2023),江苏宏信超市连锁股份有限公司,Active,2.79,0.116,0.116,-0.043261,-0.056963,1.1665,1.1834,7581890,5.99,1.396,1.396,0.161594,0.198516,2.0627,1.9991,1409940,0.017555,,,,,Standard,China International Capital Corporation / Sponsor-OC,2025-04-30,0,0,0.15,2025-04-30,0,0,0.316206,0.121864,0.367802,-0.092,1.0587,0.116,1.1665,0.136,1.0911,1.1709,3.68954e+06,0.0596015,0,0.0512879,0.419178,2025-09-30,2026-03-31,0.660145,0.313771,5.0944,CICC,2,0,0.025,0.01,0.035,4,0,0,6,0,POST_FINI,PRE_2025_REFORM,0.649401,0.036672,0.055158,19.182640,0.100015,3
2025Q2,0,18,3677.HK,"Jiangsu Zenergy Battery Technologies Group Co., Ltd.- H shares",2025-04-03,2025-04-14,"China International Capital Corporation 
Hong Kong Securities Limited/
CMB International Capital Limited",Ernst & Young,,100500348,904500651,8.27,2508500103,121523700,2386976403,2386976403,0,121523700,109371300,12152400,8.27,8.27,0,0,Fixed price,RMB,10450817000,14130782000,15594231000,2472564000,4747233000,5897122000,7978253000,9383549000,9697109000,3290253000,4161670000,5130317000,-1731048000,-604379000,79043000,-1719981000,-589867000,91014000,0.02,0.02,0.15,Lithium-ion battery manufacturer (EV battery and ESS battery products),Main Board - Rule 8.05(3) market capitalization/revenue test,2024-12-31,-361142000,2199072000,556165000,0,0.882,1,1,1,1,,1,,Oceanpine Capital; Nanjing Jiangning; CICC SAIC Investment; Southeast Xinneng; Chuanghe Xincai; C&D Investment; Juxin Xihai; Lianhe Jiaying; Jiaxing Chenyue; Xiamen ITG Group; Nanjing Heyi; Anhui Haichuang,0.1604,0,Series A,,"Individual (Ms. Cao and Dr. Chen, acting in concert)",0.4621,0.4621,4014484000,"Commercialization stage (NCM and LFP products commercialized; LMFP, sodium-ion and semi-solid-state in pipeline)",0,Main Board,H Shares and Unlisted Shares,0,0,0,0,101070,HSICS (Hang Seng Industry Classification System) 2026,2019-02-26,6.13,PRC,"No. 68 Xin'anjiang Road, Dongnan Community, Changshu, Jiangsu Province, the PRC",1000,IFRS,2022-01-01,2022-12-31,2023-01-01,2023-12-31,2024-01-01,5130317000,79043000,91014000,2025-04-03,2025-04-09,1439372739,748444000,614798000,true and fair view,77550000,Jiangsu Mixed Ownership Reform Fund; Suzhou High-end Equipment Fund; Southeast Investment Holding,0.6179,2025-10-14,3.51,5998,42696000,Subscription level 3.51 times,,2025-04-11,121523700,12152400,109371300,0,0,"Claw-back triggered No; no reallocation, final HKPO stays at 12,152,400 (approximately 10% of the Global Offering)",927500000,0.2116,2508500103,0.01851,"分母为上市时已发行股份总数 2,508,500,103 股（假设非上市股份转换为 H 股已完成，且超额配售权未行使）",2508500103,-0.0166008,15,0.034872,44694000000,8.39,0.01451,14582844,8.46,8.46,8.33,3230400,0.026582,27167900,PN18 statutory clawback,FINI (from 22/11/2023),江苏正力新能电池技术股份有限公司,Active,9.61,0.145411,0.162031,0.095052,0.056374,1.046,1.0843,12683475,11.86,0.413588,0.434099,0.187882,0.18108,1.19,1.1969,108347715,3.98808,,,,,Standard,China International Capital Corporation / Sponsor-OC,2025-05-14,0,0,0.15,2025-05-14,0,0,0.075792,0.149028,0.983436,-0.014303,0.9791,0.145411,1.046,0.239571,1.0828,1.1473,1.08635e+07,0.00117729,0,0.0270226,0.179508,2025-10-14,2026-04-14,-0.104706,-0.221232,0.4612,China International Capital Corporation / Sponsor-OC,0,0,0.025,0.01,0.035,4,0,0,6,0,POST_FINI,PRE_2025_REFORM,0.621840,0.005836,0.232754,21.642951,0.100000,1
2025Q2,0,19,9606.HK,"Duality Biotherapeutics, Inc. - B",2025-04-07,2025-04-15,"Morgan Stanley Asia Limited/
Jefferies Hong Kong Limited/
CITIC Securities (Hong Kong) Limited",PricewaterhouseCoopers,,712886680,1172689980,94.6,83175764,15071600,68104164,68104164,0,15071600,13564400,1507200,103.2,94.6,-0.043478,0.086957,At low,RMB,,1499909000,2090222000,,-1123913000,-2021899000,,2623822000,4112121000,,1786540000,1941257000,,-202249000,-1014546000,,-357512000,-1050434000,0.03,0.03,0.15,抗体偶联药物（ADC）创新药研发（生物科技）,Chapter 18A of the Listing Rules（18A 生物科技公司）,2024-12-31,285781000,1208906000,836726000,0,1,1,1,1,1,,1,1,LAV USD; King Star Med; Shanghai Yingjia; Orchids; Golden Sword; China Singapore Suzhou Industrial Park Ventures (CSVC),,1,"Series Seed Financing (April 24, 2020)",4.9,无单一控股股东；创始人朱忠远博士与单一最大股东 LAV USD,0.2389,0.2389,5289000,尚无产品获批上市（临床开发阶段，未取得任何药品上市许可）,0,Main Board,Ordinary Shares,0,0,1,0,281020,HSICS (Hang Seng Industry Classification System) 2026,2019-07-03,5.79,,"Unit 301, Building 3, Zone B, Phase III, Biopharmaceutical Industrial Park, Pudong New Area, Shanghai, the PRC",1000,IFRS,2022-01-01,2022-12-31,2023-01-01,2023-12-31,2024-01-01,1941257000,-1014546000,-1050434000,2025-04-07,2025-04-10,83175764,784667000,4079000,Unqualified (true and fair view),120300000,"BioNTech SE; LAV Star Opportunities Limited; Lake Bleu Prime Healthcare Master Fund Limited; Lake Bleu Innovation Healthcare Master Fund Limited; TruMed Healthcare Master Fund; ABS Direct Equity Fund LLC Asia Series 11; TruMed Health Innovation Fund LP; Fullgoal Asset Management (HK) Limited; Fullgoal Fund Management Co., Ltd.; E Fund Management Co., Ltd.; E Fund Management (Hong Kong) Co., Ltd.; China Universal Asset Management Co., Ltd.; Panjing Harbourview Investment Fund; MY Asian Opportunities Master Fund, L.P.; Emerging Markets Healthcare Partners LLC; Worldwide Healthcare Partners LLC; Suzhou Suchuang Biomedical Health Venture Capital Fund Partnership (Limited Partnership)",0.3082,2025-10-15,115.14,26857,173541500,Subscription level 115.14 times,2025-04-11,2025-04-14,17332300,7535800,9796500,2599800,1,"Claw-back triggered: Yes; 6,028,600 Offer Shares reallocated from the International Offering to the Hong Kong Public Offering; final Hong Kong Public Offering 7,535,800 Shares (approximately 43.48% of the Global Offering)",1512620000,0.7286,85436464,0.14034,"分母为上市时已发行股份总数85,436,464股（含发售规模调整权全额行使、不含超额配售权）；公告仅披露公众持股62,253,243股(72.86%)，未单列自由流通量，自由流通股数=全球发售17,332,300股−基石获配5,341,800股=11,990,500股",85436464,-0.0623684,15,0.0343667,44689000000,205,1.16702,1913485920,181,222,181,10825216,0.624569,2030244000,PN18 statutory clawback,FINI (from 22/11/2023),映恩生物,Active,194.4,-0.051707,1.05497,0.087522,0.060169,0.872,0.8945,223357185,314,0.531707,2.31924,0.207038,0.219542,1.269,1.256,450534065,0.221911,,,,,18A (Biotech / B-tag),China International Capital Corporation / Sponsor-OC,2025-05-15,0,0,0.15,2025-05-15,0,0,0.025871,0.513514,0.379238,0.066341,1.037,-0.051707,0.872,0.601951,1.4036,1.4646,1.24459e+08,0.000415032,0,0.11688,0.476841,2025-10-15,2026-04-15,0.019748,-0.405517,2.3639,China International Capital Corporation / Sponsor-OC,0,0,0.025,0.01,0.035,4,0,0,6,0,POST_FINI,PRE_2025_REFORM,1.967313,-0.502547,0.086601,18.236467,0.100003,1
2025Q2,0,20,1333.HK,"Breton Technology Co., Ltd.- H shares",2025-04-25,2025-05-07,"China International Capital Corporation 
Hong Kong Securities Limited/
CMB International Capital Limited",KPMG,,46800000,187200000,18,379651762,13000000,366651762,366651762,0,13000000,11700000,1300000,18,18,0,0,Fixed price,CNY,927817000,1421814000,1438340000,553936276,922299540,682280994,373881000,499515000,756059000,360106324,463738031,635456675,-177470438,-229412150,-274457165,-178100753,-229413531,-274547480,0.1423,0.1423,0.15,China-based provider of electric-powered engineering machinery (battery-electric loaders and wide-body dump trucks with autonomous capabilities),Main Board - Rule 8.05(3) (market capitalization/revenue test),2024-12-31,-269950792,199254000,81706535,,0.435,1,1,1,1,1,1,,Zhongding No.5; Xiangtan Caixin; Changjiang Automobile Valley; Huzhou Qingyun; Jinhua Boleidun; Kesheng Center; Shandong Kinetic Energy; Rockets Capital L.P.; Broad-Ocean Motor,,0,Series A financing (October 2018),,Individual founder (Mr. Chen) acting in concert with his controlled entities,0.3107,0.3107,352313000,Commercialized (products in mass production generating revenue during Track Record Period),0,Main Board,H Shares,0,0,0,0,101040,HSICS (Hang Seng Industry Classification System) 2026,2016-11-28,8.44,PRC,"Room 208, 2/F, Block 3, No. 168 Shennan Road, Minhang District, Shanghai, PRC",1,IFRS,2022-01-01,2022-12-31,2023-01-01,2023-12-31,2024-01-01,635456675,-274457165,-274547480,2025-04-25,2025-04-30,241241531,36838867,80894068,Unqualified opinion (true and fair view),86200000,"HongKong Xinwei Electronic Co., Limited (香港欣威電子有限公司); Changfeng Growth Equity Fund OFC (長風成長股票開放式基金型公司)",0.2697,2025-11-07,198.72,30638,258340400,Subscription level 198.72 times,,2025-05-06,13000000,2600000,10400000,0,0,"1,300,000 Offer Shares reallocated from the International Offering to the Hong Kong Public Offering; final number of Offer Shares under the Hong Kong Public Offering adjusted to 2,600,000 (20% of the Global Offering) and International Offering reduced to 10,400,000 (80%), because the International Offer Shares were undersubscribed (0.92 times) and the Hong Kong Public Offer Shares were oversubscribed.",147800000,0.4423,379651762,0.025,"Denominator = total number of issued Shares upon Listing (379,651,762 Shares, i.e. H Shares plus Unlisted Shares converted into H Shares upon Listing), the base used for the 44.23% public float statement.",379651762,-0.0834869,9,0.0376208,44547000000,24.9,0.383333,89700000,29,32.5,23.5,8331032,0.640849,222147750,PN18 statutory clawback,FINI (from 22/11/2023),博雷顿科技股份公司,Active,29.6,0.188755,0.644444,0.036163,-0.002029,1.1473,1.1912,27547993,34.38,0.380723,0.91,0.156441,0.122561,1.1939,1.23,37018032,0.166637,,,,,Standard,China International Capital Corporation / Sponsor-OC,2025-06-06,0,0,0.15,2025-06-06,0,0,0.0859,-0.021672,0.539379,-0.026104,0.9563,0.188755,1.1473,0.108434,1.0169,1.0516,1.55988e+07,0.00303945,0,0.0641662,0.39514,2025-11-07,2026-05-07,-0.155396,-0.38088,1.4294,China International Capital Corporation / Sponsor-OC,0,0,0.025,0.01,0.035,4,0,0,6,0,POST_FINI,PRE_2025_REFORM,0.525647,-0.190878,0.370292,19.754765,0.100000,1
2025Q2,0,21,2589.HK,"Auntea Jenny (Shanghai) Industrial Co., Ltd.
- H shares",2025-04-28,2025-05-08,"CITIC Securities (Hong Kong) Limited/
Haitong International Capital Limited/
Orient Capital (Hong Kong) Limited",Ernst & Young,,1.36385e+08,177298632,113.12,104841340,2411340,102430000,102430000,0,2411340,2170200,241140,113.12,95.57,0.084096,0.168192,At high,RMB,925195000,1548079000,1855783000,364575000,838969000,1184086000,560620000,709110000,671697000,2199005000,3348201000,3284576000,201940000,510511000,449402000,149470000,387902000,328931000,0.03,0.03,0.15,Freshly-made tea drinks / freshly-made beverage chain (mainly franchised),Main Board,2024-12-31,420544000,342659000,51865000,0,0.016,1,1,1,1,1,,,Suzhou Yizhong Venture Capital Partnership; Jinyi Capital (Zhuhai Jinyiming Equity Investment Fund Partnership); Suzhou Xiangzhong Venture Capital Partnership; InnoVision Capital (Zhuhai Hengqin Zhiyi Qianrui Investment Partnership); Desai Innovation (Beijing Desai Innovation Equity Investment Center); Shibei Hi-tech (Shanghai Shibei Hi-tech Venture Capital Partnership); Nanjing Xiangzhong Venture Capital Partnership; Yiyu Consulting; Hanshuai Investment; Jinxiao Investment; Yinlin Investment; Shanghai Yipu,0.1652,0,Series A,4.6,"Natural persons (Mr. Shan Weijun and Ms. Zhou Rong, acting in concert)",0.7878,0.7878,126011000,,0,Main Board,H Shares,0,0,0,0,251030,HSICS (Hang Seng Industry Classification System) 2026,2013-11-08,11.5,PRC,"5/F, Building A, Helen Center, Financial Street, 440 Helen Road, Hongkou District, Shanghai, PRC",1000,IFRS,2022-01-01,2022-12-31,2023-01-01,2023-12-31,2024-01-01,3284576000,449402000,328931000,2025-04-28,2025-05-02,59065046,1027319000,24147000,Unqualified opinion (true and fair view),78460000,Infore Holding (Hong Kong) Limited; Sino Top Trading Limited,0.2597,2025-11-08,3616.83,127637,872162250,"Subscription level 3,616.83 times",2025-05-06,2025-05-07,2411340,1205670,1205670,361680,1,"公开发售超额认购超过100倍，触发回拨机制；由国际配售回拨至公开发售后，公开发售最终为 1,205,670 股 H 股，占全球发售（假设超额配售权未行使）的 50%；国际配售由初始 2,170,200 股降至 1,205,670 股。",195000000,0.1502,104841340,0.017,"分母为上市时已发行股份总数 104,841,340 股（未行使超额配售权口径，Number of issued Shares upon Listing (before exercise of the Over-allotment Option)）；公众持股 15.02% 与自由流通比例均以此为分母，未剔除基石及其他受禁售限制的上市前股东股份。",104841340,-0.0584088,9,0.0382994,44822000000,154.197,0.363128,9.90506e+07,186.397,193.397,147.797,3268382,1.35542,567839880,PN18 statutory clawback,FINI (from 22/11/2023),沪上阿姨（上海）实业股份有限公司,Active,120.397,-0.2192,0.06433,0.038554,-0.001891,0.7518,0.7823,5.12253e+07,89.397,-0.420242,-0.209715,0.170054,0.131318,0.4955,0.5125,13249450,0.023333,,,,,Standard,China International Capital Corporation / Sponsor-OC,2025-06-07,0,0,0.15,2025-06-07,0,0,0.03295,0.157289,0.290919,-0.17121,0.7985,-0.2192,0.7518,-0.146566,0.7806,0.8083,2.43677e+07,0.00176377,0,0.0468801,0.584549,2025-11-08,2026-05-08,0.221726,-0.192126,6.3614,China International Capital Corporation / Sponsor-OC,0,0,0.025,0.01,0.035,4,0,0,6,0,POST_FINI,PRE_2025_REFORM,0.361948,0.177246,-0.019003,18.467959,0.100002,1
2025Q2,0,22,2865.HK,"Hainan Drinda New Energy Technology Co., Ltd. 
- H shares",2025-04-28,2025-05-08,"Huatai Financial Holdings (Hong Kong) Limited/
CMB International Capital Limited/
Deutsche Securities Asia Limited",Deloitte Touche Tohmatsu,,140504095,1264521350,22.15,292584052,63432300,229151752,229151752,0,63432300,57089000,6343300,28.6,20.4,-0.095918,0.334694,Within range,RMB,8839676000,17925955000,16444209000,1050830000,4709240000,3886997000,7788846000,13216715000,12557212000,11085713000,18610794000,9923894000,679936000,744489000,-731419000,820987000,815642000,-591113000,0.025,0.025,0.15,"Photovoltaic cells - R&D, manufacturing and sales of high-efficiency PV cells",Main Board listing under Rule 8.05(3) market capitalization/revenue test,2024-12-31,780545000,2616276000,206953000,0,0.415,1,,,,,1,,,,0,,,Natural persons (Yang Family) acting in concert,0.1771,0.1771,5377936000,Commercialised - large-scale mass production,0,Main Board,H Shares,0,0,0,0,101050,HSICS (Hang Seng Industry Classification System) 2026,2003-04-03,22.1,PRC,"Hainan Drinda Building, Haikou Free Trade Zone, No. 168 Nanhai Avenue, Haikou, Hainan, PRC",1000,IFRS,2022-01-01,2022-12-31,2023-01-01,2023-12-31,2024-01-01,9923894000,-731419000,-591113000,2025-04-28,2025-05-02,63432300,-85058000,604501000,Unqualified opinion (true and fair view),120100000,"Zhuhai Gokin New Energy Investment Co., Ltd; Modern Direct Investment New Energy Technology Co., Limited",0.3482,2025-11-08,3.5,9151,22227000,Subscription level 3.50 times,2025-05-06,2025-05-07,63432300,6343300,57089000,0,0,"Claw-back triggered No; oversubscribed by less than 15 times and no reallocation, no clawback arrangement triggered",1291670000,0.25,292584052,0.14131,"分母为上市时已发行股份总数 292,584,052 股（含 63,432,300 股 H 股及 A 股等非上市股份；超额配售权未行使且将不行使），不含超额配售部分",292584052,-0.0584088,9,0.0382994,44822000000,26.6,0.200903,282273735,22.2,27.5,22.1,6655000,0.104915,160785100,PN18 statutory clawback,FINI (from 22/11/2023),海南钧达新能源科技股份有限公司,Active,25.25,-0.050752,0.139955,0.038554,-0.001891,0.914,0.951,36639560,19.45,-0.268797,-0.121896,0.170054,0.131318,0.6249,0.6463,31243985,0.194321,,,,,Standard,China International Capital Corporation / Sponsor-OC,2025-06-07,0,0,0.15,2025-06-07,0,0,-0.240137,-0.021368,1.91112,-0.090226,0.8765,-0.050752,0.914,-0.184211,0.7461,0.7726,6.36338e+07,0.00107,0,0.0347742,0.421141,2025-11-08,2026-05-08,-0.057589,-0.158671,0.7965,China International Capital Corporation / Sponsor-OC,0,0,0.025,0.01,0.035,4,0,0,6,0,POST_FINI,PRE_2025_REFORM,0.763625,-0.035947,-0.466767,19.494263,0.100001,2
2025Q2,0,23,6831.HK,Green Tea Group Limited,2025-05-08,2025-05-16,"Citigroup Global Markets Asia Limited/
CMB International Capital Limited",KPMG,,605268580,605268580,7.19,673454800,168364000,555600000,505090800,50509200,117854800,151527600,16836400,7.19,7.19,0,0,Fixed price,CNY,1813681000,2421004000,2464345000,468041000,414511000,771133000,1345640000,2006493000,1693212000,2375453000,3589178000,3838202000,43177000,387973000,418655000,16579000,295543000,350167000,0.03,0.03,0.15,Casual Chinese restaurant operator (restaurant operations in Mainland China),Main Board; Rule 8.05(1) profit test,2024-12-31,733964000,247152000,,0,,1,1,0,1,0,0,1,"Partners Gourmet (Partners Group Gourmet House Limited), investment vehicles of Partners Group",0.282,1,"Strategic Investment (Series-A Preferred Shares), completed May 25, 2017",8,Individual founders (Mr. Wang Qinsong and Ms. Lu Changmei) through the Green Tea Family Trust,0.5429,0.5429,1102940000,,0,Main Board,"Ordinary shares of US$0.00002 each (Cayman Islands issuer, no H share class)",0,0,0,0,234060,HSICS (Hang Seng Industry Classification System) 2026,2015-06-04,9.95,Cayman Islands,"Room 1918, 19/F, Lee Garden One, 33 Hysan Avenue, Causeway Bay, Hong Kong SAR",1000,IFRS,2022-01-01,2022-12-31,2023-01-01,2023-12-31,2024-01-01,3838202000,418655000,350167000,2025-05-08,2025-05-13,673454800,,336359000,Unqualified opinion (true and fair view),101600000,"Wuxi Zixian Food Co., Ltd. (無錫紫鮮食品有限公司); Anji Liangshan Rural Revitalization Equity Investment Partnership (Limited Partnership) (安吉兩山鄉村振興股權投資合夥企業(有限合夥)); Action Chain International Limited; Chia Tai Food Investment Company Limited (正大食品投資有限公司); Sino Top Trading Limited (華置貿易有限公司)",0.5,2025-11-16,317.54,98482,5346255200,Subscription level 317.54 times,,2025-05-15,168364000,84182000,84182000,0,0,"67,345,600 Shares reallocated from the International Offering to the Hong Kong Public Offering (claw-back); final Hong Kong Public Offering 84,182,000 Shares, 50% of the Global Offering",745780000,0.25,673454800,0.125,"Number of issued shares upon Listing (before exercise of the Over-allotment Option) = 673,454,800 Shares, i.e. total issued share capital immediately following completion of the Global Offering excluding any Over-allotment Option Shares",673454800,-0.0220083,10,0.0308,161313000000,5.44,-0.243394,-294637000,6.34,6.35,5.44,88802599,0.527444,607987730,PN18 statutory clawback,FINI (from 22/11/2023),绿茶集团有限公司,Active,5.39,-0.009191,-0.250348,0.029571,0.009465,0.9624,0.9815,52825702,4.98,-0.084559,-0.307371,0.130187,0.090042,0.81,0.8398,3.77211e+06,0.006204,,,,,Standard,China International Capital Corporation / Sponsor-OC,2025-06-15,0,0,0.15,2025-06-15,0,0,0.181443,0.470163,0.647377,-0.038603,0.9533,-0.009191,0.9624,0.264706,1.1527,1.1862,3.20799e+07,0.00271419,0,0.041974,0.410714,2025-11-16,2026-05-16,-0.004138,-0.023586,1.7181,China International Capital Corporation / Sponsor-OC,0,0,0.025,0.01,0.035,4,0,0,6,0,POST_FINI,PRE_2025_REFORM,0.687084,0.142093,0.069382,20.327931,0.142857,2
2025Q2,0,24,3750.HK,"Contemporary Amperex Technology Co., Limited
- H shares",2025-05-12,2025-05-20,"China International Capital Corporation
Hong Kong Securities Limited/
China Securities (International)
Corporate Finance Company Limited/
J.P. Morgan Securities (Far East) Limited/
Merrill Lynch (Asia Pacific) Limited","Grant Thornton 
Hong Kong Limited",,2674289200,38331434700,263,4521289411,117894500,4403394911,4403394911,0,117894500,109052400,8842100,263,,0,0,Fixed price,RMB,717168041000,786658123000,820097269000,219883150000,273456173000,289139355000,497284891000,513201950000,530957914000,400917045000,362012554000,338818356000,54495054000,64470204000,69500124000,47342035000,55294959000,59445536000,0.002,0.002,0.15,"Research, development, production and sales of EV batteries and ESS batteries (new energy technology)",A+H dual listing: H Shares on the Main Board of the HKEX (A Shares already listed on ChiNext of SZSE),2025-03-31,32868257000,286300836000,4814003000,,0.37,1,,,,,,,,,0,,,"Individual / natural person (Mr. Zeng Yuqun, via Xiamen Ruiting Investment Co., Ltd.)",0.2266,0.2266,137584403000,Mass production / large-scale commercialization stage,0,Main Board,"Ordinary Shares (one class, comprising A Shares and H Shares)",1,0,0,0,101070,HSICS (Hang Seng Industry Classification System) 2026,2011-12-16,13.43,PRC,"No. 2 Xingang Road, Zhangwan Town, Jiaocheng District, Ningde City, Fujian Province, PRC",,IFRS,2022-04-01,2023-03-31,2023-04-01,2024-03-31,2024-04-01,338818356000,69500124000,59445536000,2025-05-12,2025-05-15,117894500,20674478000,10342606000,Unqualified opinion: true and fair view of the consolidated financial position and performance,288300000,"Sinopec (Hong Kong) Limited; Kuwait Investment Authority; HHLR CF, L.P.; Shanghai Gaoyi and CICC Financial Trading Limited (in connection with Gaoyi OTC Swaps); Perseverance Asset Management; Zenith Hop; Abstract Enigma Limited; Shanghai Greenwoods and CICC Financial Trading Limited (in connection with Greenwoods OTC Swaps); HK Greenwoods; Pinpoint; UBS AM Singapore; WT; CPE Investment; Oaktree; MX Bright; Mirae Investors; RBC Global Asset Management (Asia) Limited; CPIC Investors; LMR Master Fund; LUOYANG Sci-Tech Inv.; PSBC Wealth; Taikang Life; Lingotto",0.5713,2025-11-20,151.15,310827,1336520600,Subscription level (before taking into account the Offer Size Adjustment Option) 151.15,,2025-05-19,135578600,10168400,125410200,20336700,1,"No claw-back triggered (Claw-back triggered: N/A); the additional Offer Shares from the full exercise of the Offer Size Adjustment Option were allocated so as to maintain the initial proportionality of 7.5%:92.5% between the Hong Kong Public Offering and the International Offering, with no reallocation between the two tranches",35331200000,0.0299,4538973511,0.012805,"Total issued share capital of the Company upon Listing (4,538,973,511 Shares), after taking into account the full exercise of the Offer Size Adjustment Option and before any exercise of the Over-allotment Option",4538973511,0.153288,12,0.0193655,174100000000,295.584,0.123894,4.41769e+09,285.384,300.784,280.384,27692287,0.204253,8284435400,PN18 statutory clawback,FINI (from 22/11/2023),宁德时代新能源科技股份有限公司,Active,297.784,0.007443,0.132259,0.016026,-0.002944,0.9916,1.0104,2.07815e+09,473.488,0.601873,0.800335,0.090961,0.048731,1.4683,1.5274,1.26908e+09,0.153188,,,,,Standard,China International Capital Corporation / Sponsor-OC,2025-06-19,0,0,0.15,2025-06-19,0,0,0.051577,0.335668,0.559546,0.026388,1.044,0.007443,0.9916,0.374526,1.2881,1.3181,1.37261e+09,1.71984e-05,0,0.0295845,0.153022,2025-11-20,2026-05-20,-0.145268,-0.082569,1.7084,China International Capital Corporation / Sponsor-OC,0,0,0.025,0.01,0.035,4,0,0,6,0,POST_FINI,PRE_2025_REFORM,0.647433,0.072486,-0.064070,22.232063,0.075000,1
2025Q2,0,26,1276.HK,"Jiangsu Hengrui Pharmaceuticals Co., Ltd. 
- H shares",2025-05-15,2025-05-23,"Morgan Stanley Asia Limited/
Citigroup Global Markets Asia Limited/
Huatai Financial Holdings (Hong Kong)",Ernst & Young,,2126372790,9247231490,44.05,6603522074,224519800,6379002274,6379002274,0,224519800,212171200,12348600,44.05,41.45,0.030409,0.060819,At high,RMB,42370875000,43784507000,50135644000,38412908000,41033086000,46090251000,3957967000,2751421000,4045393000,21275271000,22819785000,27984605000,3968492000,4667110000,7169690000,3815141000,4277821000,6336995000,0.006,0.006,0.15,Pharmaceuticals,Main Board,2024-12-31,7422753000,25830396000,6582916000,1732707000,0.587,1,,,,,,,,,0,,,Individual (Mr. Sun Piaoyang),0.2329,0.2329,270154000,Commercial,0,Main Board,"Ordinary Shares (A Shares and H Shares, one class)",0,0,0,0,281010,HSICS (Hang Seng Industry Classification System) 2026,1997-04-28,28.07,PRC,"Lianyungang City, Jiangsu Province, PRC",1000,IFRS,2022-01-01,2022-12-31,2023-01-01,2023-12-31,2024-01-01,27984605000,7169690000,6336995000,2025-05-15,2025-05-20,224519800,24136428000,196288000,Unqualified,140400000,"GIC Private Limited; Invesco Advisers, Inc.; UBS Asset Management (Singapore) Ltd.; Cordial Solar Limited; HHLR CF, L.P.; Integrated Core Strategies (Asia) Pte. Ltd.; Oaktree Capital Management, L.P.",0.4177,2025-11-23,454.85,203874,5616759200,Subscription level 454.85 times,2025-05-21,2025-05-23,224519800,48271800,176248000,33677800,1,"35,923,200 Offer Shares reallocated from the International Offering to the Hong Kong Public Offering (claw-back triggered: Yes); final number of Offer Shares under the Hong Kong Public Offering adjusted to 48,271,800, representing approximately 21.50% of the Global Offering (assuming the Over-allotment Option is not exercised).",9747300000,0.034,6603522074,0.0198,"Denominator = total number of issued Shares upon Listing before exercise of the Over-allotment Option, i.e. 6,603,522,074 Shares (H Shares plus A Shares/unlisted shares) - the same base used for the 3.4% public float statement.",6603522074,0.143067,11,0.0132976,173630000000,54.922,0.24681,2.44098e+09,56.772,60.272,54.922,82663811,0.36818,4733500810,PN18 statutory clawback,FINI (from 22/11/2023),江苏恒瑞医药股份有限公司,Active,56.672,0.031863,0.286538,-0.015403,-0.030218,1.048,1.064,4.48713e+08,69.422,0.264011,0.575982,0.089624,0.056927,1.16,1.1959,3.49828e+08,0.073905,,,,,Standard,China International Capital Corporation / Sponsor-OC,2025-06-22,0,0,0.15,2025-06-22,0,0,-0.096167,0.287656,0.67298,0.042788,1.044,0.031863,1.048,0.426059,1.3374,1.3503,4.01588e+08,8.68492e-05,0,0.0448762,0.284821,2025-11-23,2026-05-23,0.041139,-0.062623,0.7687,China International Capital Corporation / Sponsor-OC,0,0,0.025,0.01,0.035,4,0,0,6,0,POST_FINI,PRE_2025_REFORM,0.080689,0.126397,0.226331,22.610869,0.055000,1
2025Q2,0,25,2629.HK,Mirxes Holding Company Limited - B,2025-05-15,2025-05-23,"China International Capital Corporation
Hong Kong Securities Limited/
CCB International Capital Limited",KPMG,,136857210,949388790,23.3,276342331,46620000,229722331,229722331,0,46620000,41958000,4662000,23.3,23.3,0,0,Fixed price,USD,119827390,107559851,71354352,-61761963,-131896580,-198240839,181589353,239456431,269595191,17758971,24185013,20282675,-55779941,-69480984,-95641398,-56202744,-69569267,-92214731,0.0632,0.0632,,miRNA-based molecular diagnostics for early cancer/disease screening,Chapter 18A of the Main Board Listing Rules (pre-revenue biotech),2024-12-31,-29761402,5073863,19104411,,0.545,1,1,1,1,1,1,1,"Rock Springs Capital; Gaorong Capital; CR-CP Life Science Fund; Central Road Holdings Limited; EDB Investments Pte Ltd; Beijing Fupu; Mitsui & Co., LTD; China Chengtong Investment Company Limited; Keytone Ventures; NHH Venture Fund",0.349,0,Series B Financing (2018),6.5,No single controlling shareholder; largest beneficial holder is an individual (Mr. SUN Tongyu via Central Road Holdings Limited); no act-in-concert agreement among founders,0.1831,0.1831,32702225,Commercialization stage (core product GASTROClear commercialized),0,Main Board,Ordinary shares,0,0,1,0,281020,HSICS (Hang Seng Industry Classification System) 2026,2020-11-17,4.51,Cayman Islands,"1 Biopolis Drive, #02-02/03 Amnios, Singapore 138622",1,IFRS Accounting Standards,2022-01-01,2022-12-31,2023-01-01,2023-12-31,2024-01-01,20282675,-95641398,-92214731,2025-05-15,2025-05-20,276342331,8887010,1796200,Unqualified opinion (true and fair view),205800000,Beijing Xunrui Enterprise Management Partnership (Limited Partnership); Evergreen Gate Limited,0.4137,2025-11-23,25.51,21541,118932600,Subscription level 25.51 times,,2025-05-22,46620000,5873700,40746300,0,0,"Claw-back triggered No；国际配售认购不足、公开发售超额认购，按招股书回拨机制重新分配，公开发售最终 5,873,700 股（占全球发售 12.6%）",880500000,0.4694,276342331,0.0989,"分母为上市时已发行股份总数 276,342,331 股（Number of issued Shares upon Listing），含受禁售限制股份。",276342331,0.143067,11,0.0132976,173630000000,30,0.287554,312354000,29,31.95,29,9178741,0.196884,274942900,PN18 statutory clawback,FINI (from 22/11/2023),,No recent trading (verify status),34.4,0.146667,0.476395,-0.015403,-0.030218,1.1646,1.1824,66958945,53.85,0.795,1.31116,0.089624,0.056927,1.6474,1.6983,48243055,0.175466,,,,,18A (Biotech / B-tag),China International Capital Corporation / Sponsor-OC,2025-06-22,0,0,0.15,2025-06-22,0,0,0.173469,-0.053492,0.356854,-0.01,0.9912,0.146667,1.1646,0.446667,1.3567,1.3698,3.48872e+07,0.000951659,0,0.0605972,0.34282,2025-11-23,2026-05-23,-0.071888,-0.271725,0.8508,China International Capital Corporation / Sponsor-OC,0,0,0.025,0.01,0.035,4,0,0,6,0,POST_FINI,PRE_2025_REFORM,3.778259,-1.292349,-0.161354,19.437151,0.100000,1
2025Q2,0,27,2565.HK,"PegBio Co., Ltd. - B - H shares",2025-05-19,2025-05-27,"China International Capital Corporation
Hong Kong Securities Limited",KPMG,,150415200,150407400,15.6,385955532,19283500,366672032,366672032,0,19283500,17355000,1928500,15.6,15.6,0,0,Fixed price,RMB,,368053000,218357000,305621000,195353000,57470000,,172700000,160887000,0,0,0,,-279181000,-283351000,,-279181000,-283351000,0.05,0.05,0,Biotechnology company focused on in-house discovery and development of innovative therapies (peptide and small molecule drugs) for chronic and metabolic diseases,Chapter 18A of the Listing Rules (pre-revenue biotech company),2024-12-31,-183442000,28392000,95427000,0,,1,1,1,1,1,1,1,Mingly; YuanBio Venture Capital; Tigermed; Yingke PE; Qianhai; True Wing; Nice Credit; Kaifeng VC; TSL HK; Shanghai Yaocui; Zhongxin Huiyuan; Share Link; SIP Investment Fund; Beijing Agile,0.69,1,Series A1,17.2,"Individuals acting in concert (Single Largest Group of Shareholders): Dr. Michael Min XU, Shanghai Sujie, Dr. Yuhong XU, Dr. Xiangjun ZHOU",0.26,0.26,101493000,"Near-commercialized / NDA stage: NDA for Core Product PB-119 accepted by NMPA in September 2023, pre-commercialization",0,Main Board,H Shares and Unlisted Shares (ordinary shares); H Shares listed,0,0,1,0,281020,HSICS (Hang Seng Industry Classification System) 2026,2008-05-13,17.04,PRC,"Room 606, Building 1, Haozhang Tower, Gongshu District, Hangzhou, Zhejiang Province, the PRC",1000000,HKFRS,2022-01-01,2022-12-31,2023-01-01,2023-12-31,2024-01-01,0,-283351000,-283351000,2025-05-19,2025-05-22,279164339,,876000,Unqualified opinion (true and fair view),69100000,益泽康瑞医药(香港)有限公司 (Hangzhou Gongshu Yizekangrui Medical (HK) Limited),0.497,2025-11-27,743.78,49627,1434376000,Subscription level 743.78 times,,2025-05-26,19283500,9642000,9641500,0,0,"由国际发售回拨7,713,500股至香港公开发售；公开发售由1,928,500股增至9,642,000股，约占全球发售50%",231800000,0.5659,385955532,0.0251,"分母为上市时已发行股份总数385,955,532股；公众持股为218,395,213股H股，占56.59%",385955532,0.090004,12,0.0129798,173630000000,11.56,-0.258974,-77905340,13,13.5,11.22,11264800,0.584168,150891100,PN18 statutory clawback,FINI (from 22/11/2023),派格生物医药(杭州)股份有限公司,Active,9,-0.221453,-0.423077,0.013136,0.000851,0.7685,0.7779,13217445,70,5.05536,3.48718,0.109654,0.080162,5.457,5.606,27920060,0.185035,,,,,18A (Biotech / B-tag),China International Capital Corporation / Sponsor-OC,2025-06-26,0,0,0.15,2025-06-26,0,0,0.24115,0.713326,0.727294,-0.16263,0.8455,-0.221453,0.7685,1.891,2.6677,2.6529,1.20066e+07,0.00347843,0,0.0605909,0.338519,2025-11-27,2026-05-27,0.03675,0.306919,0.8778,China International Capital Corporation / Sponsor-OC,0,0,0.025,0.01,0.035,4,0,0,6,0,POST_FINI,PRE_2025_REFORM,0.736807,-1.297650,NaN,19.771233,0.100008,1
2025Q2,0,28,2603.HK,"Xiamen Jihong Co., Ltd - H shares",2025-05-19,2025-05-27,"China International Capital Corporation
Hong Kong Securities Limited/
CMB International Capital Limited",Ernst & Young,,156464640,365084160,7.68,452679288,67910000,384769288,384769288,0,67910000,61119000,6791000,10.68,7.48,-0.154185,0.352423,Within range,RMB,3242386000,3586576000,3503094000,2137165000,2312854000,2208515000,1105221000,1273722000,1294579000,5375884000,6694681000,5529259000,213890000,386466000,218140000,171579000,332122000,184450000,0.028,0.028,,Cross-border social e-commerce and FMCG paper packaging,A+H share listing on the Main Board of the Stock Exchange (PRC joint stock company already listed on the SZSE main board),2024-12-31,386678000,711062000,124429000,0,0.272,1,,,,,,,,,0,,,Individual (natural persons acting in concert),0.273,0.273,332336000,,0,Main Board,A Shares and H Shares,1,0,0,0,237060,HSICS (Hang Seng Industry Classification System) 2026,2003-12-24,21.42,PRC,"No. 9 Putou Road, Dongfu Industry Park II, Haicang District, Xiamen, Fujian Province, PRC",1000,IFRS,2022-01-01,2022-12-31,2023-01-01,2023-12-31,2024-01-01,5529259000,218140000,184450000,2025-05-19,2025-05-22,67910000,2419315000,124600000,Unqualified,112800000,Timber Kangaroo; Yulong International; Ms. Shen Zhenyu (沈臻宇),0.298,2025-11-27,49.39,18521,335391500,Subscription level 49.39 times,2025-05-23,2025-05-26,67910000,20373000,47537000,0,0,"公开发售超额认购超过15倍但少于50倍，触发回拨；由国际配售回拨 13,582,000 股（claw-back）至公开发售，公开发售由初始 6,791,000 股增至最终 20,373,000 股（占全球发售 30%），国际配售由 61,119,000 股降至 47,537,000 股（占 70%）。",415200000,0.15,452679288,0.1053,"分母为上市时已发行股份总数 452,679,288 股（Number of issued Shares upon Listing，含 A 股与 H 股全部类别）；公告以 H 股占已发行股本约 15% 表述公众持股，未剔除基石等受禁售股份，自由流通比例亦以该股数为分母。",452679288,0.090004,12,0.0129798,173630000000,10.277,0.338151,176362270,10.597,12.057,9.797,56699500,0.834921,622543200,PN18 statutory clawback,FINI (from 22/11/2023),厦门吉宏科技股份有限公司,Active,9.957,-0.031137,0.296484,0.013136,0.000851,0.9563,0.968,53859384,11.994,0.167072,0.561719,0.109654,0.080162,1.0517,1.0805,16728198,0.026871,,,,,Standard,China International Capital Corporation / Sponsor-OC,2025-06-26,0,0,0.15,2025-06-26,0,0,0.323692,0.458015,1.50467,-0.038922,0.9704,-0.031137,0.9563,0.643184,1.5163,1.5079,6.14238e+07,0.00110717,0,0.0481643,0.39771,2025-11-27,2026-05-27,-0.020988,-0.10493,2.5243,China International Capital Corporation / Sponsor-OC,0,0,0.025,0.01,0.035,4,0,0,6,0,POST_FINI,PRE_2025_REFORM,0.369553,0.052653,-0.174082,19.930694,0.100000,1
2025Q2,0,29,2621.HK,Shouhui Group Ltd.,2025-05-22,2025-05-30,"China International Capital Corporation
Hong Kong Securities Limited/
Huatai Financial Holdings (Hong Kong)
Limited",KPMG,,98407936,98407936,8.08,226378600,24358400,202020200,202020200,0,24358400,21922400,2436000,8.08,6.48,0.10989,0.21978,At high,RMB,1107046000,1557852000,1836194000,-374105000,-626165000,-739803000,1481151000,2184017000,2575997000,806258000,1634395000,1387086000,148854000,-306298000,-90190000,130987000,-356209000,-135609000,0.03,0.03,0.15,人寿与健康保险互联网中介服务,Main Board,2024-12-31,110100000,113368000,50955000,0,0.707,1,1,1,1,1,0,1,Jidixintian; HongShan Yucheng; Matrix SPV; Gopher SPV; Tibet Juzhi; Tianjin Juxin; StarReach Tech Limited,0.479,1,Angel Investment,10.3,个人,0.2648,0.4764,5717000,,0,Main Board,Ordinary Shares,0,0,0,0,502010,HSICS (Hang Seng Industry Classification System) 2026,2023-08-03,1.82,Cayman Islands,"Binhai High-Tech Zone, Tianjin, PRC",1000,HKFRS,2022-01-01,2022-12-31,2023-01-01,2023-12-31,2024-01-01,1387086000,-90190000,-135609000,2025-05-22,2025-05-27,226378600,528880000,3602000,Unqualified,60900000,"HiTai (Hong Kong) Limited; Taller industrial Co., Limited",0.2492,2025-11-30,990,53647,2411635600,Subscription level 990.00 times,2025-05-28,2025-05-29,24358400,12179200,12179200,0,0,"No. of Offer Shares reallocated from the International Offering (claw-back) 9,743,200",134220000,0.2913,226378600,0.0808,"分母为上市时已发行股份总数 226,378,600 股（Number of issued shares upon Listing, before exercise of the Over-allotment Option），含受禁售限制股份。",226378600,0.1137,13,0.007578,173565000000,6.4,-0.207921,-40922112,7.29,7.29,6.4,21324400,0.875443,154172790,PN18 statutory clawback,FINI (from 22/11/2023),手回集团有限公司,Active,4.66,-0.271875,-0.423267,0.044467,0.033794,0.6971,0.7043,1.12008e+07,3.56,-0.44375,-0.559406,0.117798,0.091739,0.4976,0.5095,282500,0.001832,,,,,Standard,China International Capital Corporation / Sponsor-OC,2025-06-29,0,0,0.15,2025-06-29,0,0,-0.017094,-0.008547,0.128281,-0.129687,0.8478,-0.271875,0.6971,-0.2875,0.6584,0.6466,4.25366e+06,0.0324883,0,0.0279602,0.51166,2025-11-30,2026-05-30,0.002948,-0.113925,1.1384,China International Capital Corporation / Sponsor-OC,0,0,0.025,0.01,0.035,4,0,0,6,0,POST_FINI,PRE_2025_REFORM,1.402900,-0.073853,-0.151315,19.237719,0.100007,1
2025Q2,0,31,2573.HK,"Newtrend Group Holding Co., Ltd. - H shares",2025-05-30,2025-06-10,CMBC International Capital Limited,"Confucius International 
CPA Limited",,31419360,168644700,18.9,96231234,10585400,85645834,85645834,0,10585400,9526800,1058600,20.9,18.9,-0.050251,0.100503,At low,RMB,726661000,713209000,812908000,399691000,434930000,479119000,326970000,278279000,333789000,761499000,446938000,568867000,149316000,48382000,48734000,122021000,44662000,43406000,0.03,0.03,0.15,"Food additives manufacturing – manufacture and sale of food-grade glycine, industrial-grade glycine and sucralose",Main Board standard (general) listing route,2024-12-31,4300000,46129000,16601000,0,0.556,1,1,1,1,,,,Chen Yiyuan; Huang Wenzeng; Yang Haijun; Guoxin Hongsheng; Xingzheng Strategic Venture; Xingzheng Saifu Investment; Xingzheng Saifu No. 1 Investment; Xiuneng Investment; Zhang Chaoyi; Huang Yanlu; Fuxing Investment,0.358,1,Equity transfer from existing shareholders (10 March 2010),,Individual (natural persons) – Mr. Wang and Ms. Ding acting in concert through Newtrend Industrial and Juhexing Investment,0.487,0.487,75024000,Commercialised – products in mass production and sale,0,Main Board,H Shares and Domestic Shares (all ordinary Shares),0,0,0,0,251050,HSICS (Hang Seng Industry Classification System) 2026,2006-09-08,18.75,PRC,"Jinggangshan Economic and Technological Development Zone, Ji’an, Jiangxi, PRC",1000,HKFRS,2022-01-01,2022-12-31,2023-01-01,2023-12-31,2024-01-01,568867000,48734000,43406000,2025-05-30,2025-06-05,55148894,101900000,80193000,true and fair view (unqualified),36300000,"The Reynold Lemkins Group (Asia) Limited; He Win Hong Kong Holdings Co., Limited (合贏香江控股有限公司)",0.2969,2025-12-10,149.37,21482,158124200,Subscription level 149.37 times,2025-06-06,2025-06-09,10585400,1662400,8923000,0,0,"由国际发售回拨603,800股至香港公开发售；公开发售由1,058,600股增至1,662,400股，占全球发售15.70%",164150000,0.347,96231234,0.0773,"分母为上市时已发行股份总数96,231,234股；公众持股为33,380,925股H股，约占34.7%",96231234,0.0711225,17,0.0058857,173434000000,22.95,0.214286,42870870,30.25,30.25,22.1,5221299,0.493255,140431600,PN18 statutory clawback,FINI (from 22/11/2023),新琪安集团股份有限公司,Active,13.58,-0.408279,-0.281481,-0.000612,-0.012284,0.5921,0.5991,13203730,8.56,-0.627015,-0.54709,0.057026,0.035034,0.3529,0.3604,146460,0.001043,,,,,Standard,China International Capital Corporation / Sponsor-OC,2025-07-10,0,0,0.15,2025-07-10,0,0,-0.097222,-0.015372,0.116711,-0.301089,0.7019,-0.408279,0.5921,-0.464052,0.5095,0.5081,5.16389e+06,0.0700052,1,0.0381512,0.718678,2025-12-10,2026-06-10,0.00939,-0.063507,0.6147,China International Capital Corporation / Sponsor-OC,0,0,0.025,0.01,0.035,4,0,0,6,0,POST_FINI,PRE_2025_REFORM,0.410611,0.053396,0.272810,18.382265,0.100006,3
2025Q2,0,30,2605.HK,MetaLight Inc.,2025-06-02,2025-06-10,"China International Capital Corporation
Hong Kong Securities Limited",Ernst & Young,,121173000,121173000,9.75,154276537,24856000,129420537,129420537,0,24856000,22370400,2485600,9.75,9.75,0,0,Fixed price,RMB,185183000,223690000,224166000,-261674000,-266182000,-312092000,446857000,489872000,536258000,135379000,174536000,206137000,-21360000,-16972000,-21744000,-20037000,-20328000,-26138000,,,0,Real-time bus information platform (Chelaile) - mobile advertising and data analytics services,Main Board standard listing (not Chapter 18C / 18A),2024-12-31,56424000,56306000,42512000,0,0.682,1,1,1,1,1,0,1,"HongHe Venture Fund I, L.P.; Cheering Venture Global Limited; Alibaba Investment Limited; China Broadband Capital Partners III, L.P.; Ondine Tech Fund 1 L.P.; Silver Snake; GARAITZ CAPITAL PTE. LTD.; Summer Sea Investment Limited",0.4748,0,"Series Seed (Series Seed A / Series Seed B Preferred Shares, issued 20 October 2015)",9.6,"Single largest shareholders group of individual founders acting in concert (Dr. Sun Xi, Mr. Chen, Mr. Xiao with Bus Dream)",0.2115,0.2115,31286000,,0,Main Board,Ordinary Shares,0,0,0,0,235010,HSICS (Hang Seng Industry Classification System) 2026,2015-05-21,10.06,Cayman Islands,"1/F, Liangdian Creative Park, No. 94, Dongsishitiao Street, Dongcheng District, Beijing, PRC",1000,IFRS,2022-01-01,2022-12-31,2023-01-01,2023-12-31,2024-01-01,206137000,-21744000,-26138000,2025-06-02,2025-06-05,154276537,157447000,300000,"Unqualified (true and fair view, no modification)",82600000,,0,,274.44,32176,682148400,Subscription level 274.44 times,,2025-06-09,24856000,12428000,12428000,0,0,"公开发售超额认购超过100倍，触发回拨（clawback）；由国际配售回拨 9,942,400 股至公开发售，公开发售由初始 2,485,600 股（约10.0%）增至最终 12,428,000 股（占全球发售 50.0%），国际配售由 22,370,400 股降至 12,428,000 股（占 50.0%）。",159730000,0.5207,154276537,0.1611,"分母为上市时已发行股份总数 154,276,537 股（假设股权激励计划不再发行新股），即 Number of issued shares upon Listing；公众持股 52.07% 与自由流通比例均以此为分母，未剔除基石（本次无基石）及其他受禁售限制的上市前股东股份。",154276537,0.052911,17,0.0058762,173434000000,6.8,-0.302564,-73325200,7.6,8.31,6.8,24046400,0.967428,194724000,Chapter 18C.09 clawback,FINI (from 22/11/2023),,Active,6.23,-0.083824,-0.361026,-0.000612,-0.012284,0.9167,0.9276,21588980,3.03,-0.554412,-0.689231,0.057026,0.035034,0.4215,0.4305,251210,0.00129,,,,,Standard,China International Capital Corporation / Sponsor-OC,2025-07-10,0,0,0.15,2025-07-10,0,0,0.013445,-0.036304,0.061635,0.032353,1.0367,-0.083824,0.9167,-0.275,0.6892,0.6874,7.91677e+06,0.0370425,0,0.0375332,0.641396,2025-12-10,2026-06-10,,,,China International Capital Corporation / Sponsor-OC,0,0,0.025,0.01,0.035,4,0,0,6,0,POST_FINI,PRE_2025_REFORM,2.392236,-0.116601,0.181057,18.854257,0.100000,1
2025Q2,0,32,9881.HK,"Rongta Technology (Xiamen) Group Co., Ltd.
- H shares",2025-05-30,2025-06-10,Yue Xiu Capital Limited,PricewaterhouseCoopers,Peak Vision Appraisals Limited,24290000,159710000,10,94733000,18400000,76333000,76333000,0,18400000,16560000,1840000,12,10,-0.090909,0.181818,At low,RMB,405039000,383384000,337128000,175103000,182706000,160063000,229936000,200678000,177065000,393273000,348749000,350062000,42378000,29554000,44885000,37447000,27603000,41347000,,,0.15,"Manufacturing and selling AIDC devices, including specialty printers, scales, POS terminals and PDAs, and providing related solutions",Main Board,2024-12-31,54630000,7609000,15353000,8456000,0.272,1,1,,1,1,,,Raycloud Technology; Xiamen Yijiayi; Xiamen Shangzhi Lianyao; Jiangsu Zhanbo; Xiamen Chengfeng Junhua; Xiamen Jiayi Junde,,0,April 2021 Investment,,Individual,0.7498,0.7498,89512000,,,Main Board,H Shares,0,0,0,0,701020,HSICS (Hang Seng Industry Classification System) 2026,2010-12-20,14.47,PRC,"No. 88 South Tonghui Road, Xiamen, Fujian Province, PRC",1000,IFRS Accounting Standards,2022-01-01,2022-12-31,2023-01-01,2023-12-31,2024-01-01,350062000,44885000,41347000,2025-05-30,2025-06-05,94733000,99365000,4510000,Unqualified opinion (true and fair view),54100000,"Hongkong Linktech Technology Co., Limited; Mr. Cao Ke; Mr. Lin Xiaojian; Sinos Group Limited; Ms. Li Shuhan; Main Achieve Holdings Limited; Mr. Ng Chi Fat",0.4364,2025-12-10,275.96,26751,507769500,Subscription level 275.96 times; the Hong Kong Offer Shares are oversubscribed,2025-06-06,2025-06-09,18400000,2429000,15971000,0,0,"Claw-back triggered: No; 589,000 H Shares reallocated from the International Offering (undersubscribed) to the Hong Kong Public Offering (oversubscribed); final Hong Kong Public Offering 2,429,000 H Shares, representing 13.2% of the Global Offering",131200000,,94733000,0.10947,"分母为上市时已发行股份总数94,733,000股（H股，不含超额配售权，超额配售0股）；公告仅确认公众持股不低于25%，未给出具体股数与比例，自由流通股数=全球发售18,400,000股−基石获配8,030,000股=10,370,000股",94733000,0.0711225,17,0.0058857,173434000000,14.2,0.42,77280000,16.6,17.56,13.12,8501920,0.462061,132692800,PN18 statutory clawback,FINI (from 22/11/2023),容大合众（厦门）科技集团股份公司,No recent trading (verify status),9.23,-0.35,-0.077,-0.000612,-0.012284,0.6504,0.6581,14438865,12.71,-0.10493,0.271,0.057026,0.035034,0.8468,0.8648,1212305,0.009136,,,,,Standard,China International Capital Corporation / Sponsor-OC,2025-07-10,0,0,0.15,2025-07-10,0,0,-0.074074,-0.073786,0.094865,-0.214085,0.7892,-0.35,0.6504,-0.251408,0.7116,0.7097,5892800,0.0314839,0,0.0555645,0.491458,2025-12-10,2026-06-10,0.05838,0.475209,1.8715,China International Capital Corporation / Sponsor-OC,0,0,0.025,0.01,0.035,4,0,0,6,0,POST_FINI,PRE_2025_REFORM,0.525216,0.122645,0.003765,18.366573,0.100000,3
2025Q2,0,33,3288.HK,"Foshan Haitian Flavouring and Food Company Ltd. 
- H shares",2025-06-11,2025-06-19,"China International Capital Corporation
Hong Kong Securities Limited/
Goldman Sachs (Asia) L.L.C./
Morgan Stanley Asia Limited",KPMG,,2006660370,8.56479e+09,36.3,5823838044,263237500,5560600544,5560600544,0,263237500,247443200,15794300,36.3,35,0.018233,0.036466,At high,RMB,34059175000,38423517000,40858435000,26884479000,29032976000,31401944000,7174696000,9390541000,9456491000,25609652000,24559312000,26900978000,7364205000,6739038000,7513082000,6203166000,5642187000,6355861000,0.005,0.005,0.15,"Manufacturing and sales of soy sauce, oyster sauce, flavored sauce and specialty condiment products (condiments industry)",Main Board of the Stock Exchange,2024-12-31,6843710000,11906831000,839532000,0,0.03,1,,,,,,,,,0,,,Concert Party Group (individual founders/management) acting through Guangdong Haitian and Foshan Haipeng,0.6886,0.6886,405026000,,0,Main Board,H Shares,0,0,0,0,251050,HSICS (Hang Seng Industry Classification System) 2026,2000-04-08,25.2,PRC,"No. 16, Wensha Road, Foshan City, Guangdong Province, PRC",1000,IFRS Accounting Standards,2022-01-01,2022-12-31,2023-01-01,2023-12-31,2024-01-01,26900978000,7513082000,6355861000,2025-06-11,2025-06-16,263237500,9725076000,1575700000,Unqualified / true and fair view (no modified opinion),113200000,"HHLR Advisors, Ltd. (HHLRA); GIC Private Limited (GIC); RBC Global Asset Management (Asia) Limited (RBC); China Pinnacle Equity Management Limited (CPE); UBS Asset Management (Singapore) Ltd. (UBS AM Singapore); Supercluster Universe Limited; HSG Growth VII Holdco, Ltd. (HSG Growth); Foshan Development Co., Ltd. (Foshan Development)",0.4608,2025-12-19,918.15,379668,14501552600,Subscription level 918.15 times,2025-06-17,2025-06-18,279031700,55279900,223751800,12192700,0.29131,"Claw-back triggered Yes; 39,485,600 Offer Shares reallocated from the International Offering to the Hong Kong Public Offering, final HKPO 55,279,900 (19.81%)",10009600000,0.0479,5839632244,0.025764,"分母为上市时已发行股份总数 5,839,632,244 股（含 A 股等非上市股份，剔除库存股；已计入发售规模调整权全额行使、未计入超额配售）",5839632244,0.0456373,19,0.0054524,173519000000,34.968,-0.036694,-3.7167e+08,35.968,36.468,34.518,77248982,0.276847,2884542920,PN18 statutory clawback,FINI (from 22/11/2023),佛山市海天调味食品股份有限公司,Active,33.968,-0.028598,-0.064242,0.054274,0.070854,0.9214,0.9071,293818245,32.153,-0.080502,-0.114242,0.105552,0.076788,0.8317,0.8539,39659222,0.013749,,,,,Standard,China International Capital Corporation / Sponsor-OC,2025-07-19,0,0,0.15,2025-07-19,0,0,-0.027285,-0.039803,0.22146,-0.00572,0.944,-0.028598,0.9214,-0.050189,0.8348,0.7952,136208520,0.000186246,0,0.0135593,0.167681,2025-12-19,2026-06-19,0.039355,-0.027876,1.5791,China International Capital Corporation / Sponsor-OC,0,0,0.025,0.01,0.035,4,0,0,6,0,POST_FINI,PRE_2025_REFORM,0.231445,0.155558,0.095347,22.485225,0.060000,1
2025Q2,0,36,2050.HK,"Zhejiang Sanhua Intelligent Controls Co., Ltd.
- H shares",2025-06-13,2025-06-23,"China International Capital Corporation 
Hong Kong Securities Limited/
Huatai Financial Holdings (Hong Kong) Limited",Confucius International CPA Limited,,2474032818,8262332274,22.53,4092719535,360330000,3732389535,3732389535,0,360330000,335106900,25223100,22.53,21.21,0.030178,0.060357,At high,RMB,27961214000,31890585000,36354749000,13119300000,18063708000,19519644000,14841914000,13826877000,16835105000,21347550000,24557802000,27947165000,3051258000,3553264000,3691687000,2608052000,2933715000,3111726000,0.0132,0.0132,0.15,Refrigeration and air-conditioning control components and automotive thermal management system components,Main Board,2024-12-31,4026185000,3443503000,1351799000,0,0.329,1,,,,,,,,,0,,,Individual/family-controlled (Controlling Shareholders Group),0.4069,0.4072,4428026000,Commercialized (mass production; revenue-generating),0,Main Board,Ordinary Shares,0,0,0,0,101020,HSICS (Hang Seng Industry Classification System) 2026,1994-09-10,30.78,PRC,"No. 219 Woxi Avenue, Chengtan Street, Xinchang, Shaoxing, Zhejiang Province, PRC",1000,IFRS,2022-01-01,2022-12-31,2023-01-01,2023-12-31,2024-01-01,27947165000,3691687000,3111726000,2025-06-13,2025-06-18,360330000,7620819000,4114980000,Unqualified (true and fair view),139800000,Schroders; GIC; HK Greenwoods; Shanghai Greenwoods and HTCI (in connection with the Greenwoods OTC Swaps); Green Better; Verition; Eastern Bell Capital VIII; Mirae Securities; ICBC Wealth; PSBC Wealth; Taikang Life; Mega Prime; Wind Sabre; Martis Fund; MSIP; Jane Street; 3W Fund,0.4722,2025-12-23,747.92,334840,18864853500,Subscription level (before taking into account the Offer Size Adjustment Option and reallocation) 747.92 times,2025-06-19,2025-06-20,414379500,109810600,304568900,62156900,1,"Offer Size Adjustment Option exercised in full: 54,049,500 additional Offer Shares (approx. 15.0% of the Offer Shares initially available), allocated between the International Offering and the Hong Kong Public Offering in a 26.5:73.5 ratio; reallocation applied as the Hong Kong Public Offering was oversubscribed by more than 93 times. Final: Hong Kong Public Offering 109,810,600 (26.50%) and International Offering 304,568,900 (73.50%).",9177000000,0.1,4146769035,0.0527,"Denominator = total number of issued Shares upon Listing (4,146,769,035 Shares, including H Shares and A Shares and 2,707,721 A Shares held as treasury Shares), after full exercise of the Offer Size Adjustment Option and before exercise of the Over-allotment Option - the base used for the 10.0% public float statement.",4146769035,0.0248248,19,0.0063185,173483000000,21.907,-0.027652,-2.58158e+08,20.357,21.957,20.107,125316817,0.30242,2737855450,PN18 statutory clawback,FINI (from 22/11/2023),浙江三花智能控制股份有限公司,Active,27.407,0.251061,0.216467,0.055089,0.076825,1.1857,1.1618,4.25977e+08,32.639,0.489889,0.448691,0.088015,0.058199,1.3694,1.4079,598345442,0.218545,,,,,Standard,China International Capital Corporation / Sponsor-OC,2025-07-23,0,0,0.15,2025-07-23,0,0,-0.003951,0.022933,0.448346,0.082166,1.0556,0.251061,1.1857,0.840827,1.6428,1.5226,3.86788e+08,8.13413e-05,0,0.0431776,0.327326,2025-12-23,2026-06-23,0.182793,0.112691,2.0177,China International Capital Corporation / Sponsor-OC,0,0,0.025,0.01,0.035,4,0,0,6,0,POST_FINI,PRE_2025_REFORM,0.463079,0.085593,0.138016,22.132476,0.070000,1
2025Q2,0,34,2609.HK,Bayzed Health Group Inc,2025-06-13,2025-06-23,CMB International Capital Limited,KPMG,,68526048,493180428,4.22,1318466823,133105800,1185361023,1185361023,0,133105800,119794800,13311000,6.75,4.22,-0.230629,0.461258,At low,RMB,2110951000,2211406000,2203086000,1086490000,1175518000,1170066000,1024461000,1035888000,1033020000,802652000,1072173000,1188846000,-62524000,-4610000,13312000,-75515000,-24406000,-3557000,0.035,0.035,,"Oncology healthcare group: operation/management of hospitals and supply of pharmaceuticals, medical equipment and consumables in the PRC",Main Board of The Stock Exchange of Hong Kong Limited,2024-12-31,168540000,294240000,,0,0.158,1,1,1,1,1,1,,Shanghai Xukun Management; Zhengqi (Beijing) Asset Management; Anhui Beiyi Huijin; Anhui Beiyi Huifang; Anhui Beiyi Huitong; Shenzhen Qianhai Yuanming Medical Industry Investment Fund; Ningbo Changshang Kunzhong Investment Partnership; Maisheng Medical Equipment; Wuxi Jintou Luxin Venture Capital Partnership; Shandong Province Luxin New and Old Kinetic Energy Conversion VC FoF; Chengdu Luxin Jingrong Phase II VC Center; Shenzhen Zexin Management Center; Shanghai Dezhen; Venus Tale; SCYC Holdings; Shanghai Duohou; Shanghai Xinlun,0.36076,0,Seed Financing,5.2,Individual / natural person (Ms. Xu),0.63045,0.63045,357190000,,0,Main Board,Ordinary shares,0,0,0,0,282020,HSICS (Hang Seng Industry Classification System) 2026,2021-12-09,3.54,,"Beijing, China (Fengtai District)",1000,IFRS,2022-01-01,2022-12-31,2023-01-01,2023-12-31,2024-01-01,1188846000,13312000,-3557000,2025-06-13,2025-06-18,1318466823,208197000,49959000,Unqualified opinion,107100000,Harvest International Premium Value (Secondary Market) Fund SPC acting on behalf of and for the account of Harvest Oriental SP (Harvest Oriental),0.2653,2025-12-23,25.92,24054,344978400,Subscription level 25.92 times,2025-06-19,2025-06-20,133105800,16238400,116867400,0,0,"No. of Offer Shares reallocated from the International Offer 2,927,400; Final no. of Offer Shares under the Public Offer (after reallocation) 16,238,400",467800000,0.3696,1318466823,0.074168,"Denominator = total issued Shares upon Listing 1,318,466,823; public hands excludes lock-up Shares of controlling shareholders and pre-IPO investors, and excludes the 35,317,800 cornerstone Shares locked to 23 December 2025.",1318466823,0.0248248,19,0.0063185,173483000000,6,0.421801,236928324,5.25,6.02,5.01,21787308,0.163684,117245000,PN18 statutory clawback,FINI (from 22/11/2023),佰泽医疗集团,Active,6.69,0.115,0.585308,0.055089,0.076825,1.0568,1.0355,18383655,4.3,-0.283333,0.018957,0.088015,0.058199,0.6587,0.6773,23497085,0.20041,,,,,Standard,China International Capital Corporation / Sponsor-OC,2025-07-23,0,0,0.15,2025-07-23,0,0,-0.012232,0.067873,0.625695,0.026667,1.0015,0.115,1.0568,0.586667,1.416,1.3124,2.05375e+08,0.001307,0,0.076156,0.784708,2025-12-23,2026-06-23,-0.142287,-0.421689,0.967,China International Capital Corporation / Sponsor-OC,0,0,0.025,0.01,0.035,4,0,0,6,0,POST_FINI,PRE_2025_REFORM,0.468897,-0.001615,0.108819,20.999735,0.100003,2
2025Q2,0,35,2617.HK,"TransThera Sciences (Nanjing), Inc. - B - H shares",2025-06-13,2025-06-23,"CITIC Securities (Hong Kong) Limited/
Huatai Financial Holdings (Hong Kong) Limited",Ernst & Young,,40199550,160745600,13.15,396897633,15281000,381616633,381616633,0,15281000,13752500,1528500,13.15,13.15,0,0,Fixed price,RMB,,887090000,629601000,,783178000,525033000,,103912000,104568000,,1181000,0,,-343394000,-274610000,,-343394000,-274610000,0.03,0.03,0.15,"Clinical-stage biopharmaceutical company developing innovative small molecule therapies for oncology, inflammatory and cardiometabolic diseases","Chapter 18A of the Listing Rules (biotech company, unable to meet Rule 8.05(1),(2),(3))",2024-12-31,-271182000,569506000,244004000,0,,1,1,1,1,1,1,1,"FIIF II, SDIC Greater Bay Area Fund, SDICVC Ningbo Fund, GP Healthcare Capital Phase II, GP Healthcare Capital Phase III, Structural Reform Fund, Shenzhen Linghui, Wuhu Xingrui, Nanjing Lingyi",,1,Series A-1 Financing,8.5,"Individual (founder Dr. Frank Wu, via Nanjing Yipu and Nanjing Jiminrui)",0.312,0.312,4370000,"Registrational clinical stage, pre-commercialization (no products approved for commercial sale)",0,Main Board,H shares,0,0,1,0,281020,HSICS (Hang Seng Industry Classification System) 2026,2014-04-15,11.19,PRC,"Floor 3, Building 9, Accelerator Phase 2, Biotech and Pharmaceutical Valley, Jiangbei New Area, Nanjing, Jiangsu Province, PRC",1000,IFRS,2022-01-01,2022-12-31,2023-01-01,2023-12-31,2024-01-01,0,-274610000,-274610000,2025-06-13,2025-06-18,301666673,0,773000,Unqualified opinion: true and fair view (Ernst & Young),39600000,"Jiangbei Pharmaceutical Technology Hong Kong Limited; Akeso, Inc.; Sinohsc Honest Limited; Pharmablock Horizon Capital Limited; Kelingan (Hong Kong) Technology Co., Limited",0.6396,2025-12-23,3419.87,135427,5227269000,"Subscription level 3,419.87 times",,2025-06-22,15281000,3057000,12224000,0,0,"No. of Offer Shares reallocated from the International Offering 1,528,500; Final no. of Offer Shares under the Hong Kong Public Offering (after reallocation) 3,057,000",161340000,0.557,396897633,0.013875,"Denominator = total issued Shares upon Listing 396,897,633 (all classes, incl. unlisted domestic Shares); public hands excludes lock-up Shares of controlling shareholders, pre-IPO investors and existing shareholders, and excludes the 9,774,000 cornerstone H Shares locked to 22 December 2025.",396897633,0.0248248,19,0.0063185,173483000000,23.5,0.787072,158158350,21.65,24,20.2,8541000,0.558929,191298400,PN18 statutory clawback,FINI (from 22/11/2023),药捷安康(南京)科技股份有限公司,Active,31.8,0.353191,1.41825,0.055089,0.076825,1.2825,1.2566,28040520,138.2,4.88085,9.50951,0.088015,0.058199,5.4051,5.5574,108278870,0.566021,,,,,18A (Biotech / B-tag),China International Capital Corporation / Sponsor-OC,2025-07-23,0,0,0.15,2025-07-23,0,0,0.242138,0.636943,0.33091,0.180851,1.1519,0.353191,1.2825,6.79575,6.9571,6.448,2.82072e+08,0.00204087,0,0.169589,0.833848,2025-12-23,2026-06-23,-0.255593,-0.828864,1.73,China International Capital Corporation / Sponsor-OC,0,0,0.025,0.01,0.035,4,0,0,6,0,POST_FINI,PRE_2025_REFORM,0.166086,-0.436165,-1.000000,19.799189,0.100026,1
2025Q2,0,38,2619.HK,"X.J. Electrics (Hu Bei) Co., Ltd - H Shares",2025-06-17,2025-06-25,"Sinolink Securities (Hong Kong) 
Company Limited",Deloitte Touche Tohmatsu,AVISTA Group,97554600,97554600,2.86,272879509,68220000,204659509,204659509,0,68220000,61398000,6822000,3.35,2.86,-0.078905,0.15781,At low,RMB,1550292000,1706979000,,784935000,926211000,,765357000,780768000,,1188321000,1501510000,,146693000,161315000,,121462000,140425000,,0.05,0.05,0.15,Manufacturer of lifestyle household goods: electric home appliances and non-electric household goods (mainly ODM/OEM),Main Board,2025-04-30,,490300000,,,,1,1,1,1,0,0,0,Huiyin Hefu (深圳市匯銀合富十號投資合夥企業(有限合夥)); Huiyin Ruihe (深圳市匯銀瑞和六號投資合夥企業(有限合夥)); Huiyin Jiafu (深圳市匯銀加富優選一期創業投資合夥企業(有限合夥)),0.0487,0,2017-12,,Individual,0.75,0.75,466500000,,,Main Board,H Shares,0,0,0,0,232010,HSICS (Hang Seng Industry Classification System) 2026,2012-07-23,12.92,PRC,"Unit 2703B, 27/F, 148 Electric Road, North Point, Hong Kong",,IFRS,2022-05-01,2023-04-30,2023-05-01,2024-04-30,2024-05-01,,,,2025-06-17,2025-06-20,68220000,328524000,114706000,Unqualified opinion (true and fair view),40400000,"Hubei Shunjie Investment (Hong Kong) Co., Limited (湖北順捷投資(香港)有限公司); Hong Kong Xinghuang Holdings Limited (香港興黃控股有限公司); Hong Kong Yunxing Technology Trade Management Co., Limited (香港雲星科技貿易管理有限公司)",0.44,2025-12-25,852.38,48554,5814928000,Subscription level 852.38 times,2025-06-23,2025-06-24,68220000,34110000,34110000,0,0,"No. of Offer Shares reallocated from the International Offering (claw-back) 27,288,000; Final no. of Offer Shares under the Hong Kong Public Offering (after reallocation) 34,110,000",155570000,0.25,272879509,0.140003,"Denominator = total issued Shares upon Listing 272,879,509 (incl. unlisted domestic Shares); public hands excludes the 204,659,509 Shares of the controlling shareholder group locked to 24 June 2026 and the 30,016,000 cornerstone H Shares locked to 2028/2030.",272879509,0.0312123,19,0.0053952,173483000000,2.48,-0.132867,-25923600,2.61,2.7,2.47,30003000,0.439798,80835780,PN18 statutory clawback,FINI (from 22/11/2023),湖北香江电器股份有限公司,Active,2.37,-0.044355,-0.171329,0.043449,0.072162,0.9159,0.8913,8.55462e+06,2.31,-0.068548,-0.192308,0.047419,0.023137,0.8893,0.9104,1639456,0.020281,,,,,Standard,China International Capital Corporation / Sponsor-OC,2025-07-25,0,0,0.15,2025-07-25,0,0,-0.037815,-0.012712,0.090199,-0.03629,0.9738,-0.044355,0.9159,-0.229839,0.7155,0.6595,3.40549e+06,0.0340038,0,0.0301449,0.381481,2025-12-25,2026-06-25,0.020034,0.090951,1.0761,China International Capital Corporation / Sponsor-OC,0,0,0.025,0.01,0.035,4,0,0,6,0,POST_FINI,PRE_2025_REFORM,NaN,NaN,NaN,19.424541,0.100000,3
2025Q2,0,37,2643.HK,CaoCao Inc.,2025-06-17,2025-06-25,"Huatai Financial Holdings (Hong Kong) Limited/
ABCI Capital Limited/
GF Capital (Hong Kong) Limited",PricewaterhouseCoopers,,555855984,1296994500,41.94,544178600,44178600,500000000,500000000,0,44178600,39760700,4417900,41.94,41.94,0,0,Fixed price,RMB,4667059000,5072884000,4077652000,-5298050000,-6373594000,-7205579000,9965109000,11446478000,11283231000,7630961000,10667894000,14657499000,-2130304000,-1939996000,-1206342000,-2007100000,-1981058000,-1246389000,0.02,0.02,0.15,Online ride hailing platform / shared mobility services in China,Main Board — Rule 8.05(3) market capitalization/revenue test,2024-12-31,235901000,159497000,234462000,0,0.037,1,1,1,1,0,1,,Xiangcheng Xiangxing VC; Oceanpine Marvel (SanJohn Fund); ABC Investment (Suzhou); Paradise Silicon-valley Tiansheng; Longqi Xinglu; Dongwu Innovation; Tongxiang Wuzhen Fund I,0.161,1,Series A,7.4,Individual / natural person (Mr. Shufu Li),0.771,0.81,7218287000,,0.2,Main Board,Ordinary Shares (par value US$0.00001); all Preferred Shares convert into Ordinary Shares on a one-on-one basis upon Listing,0,0,0,0,234010,HSICS (Hang Seng Industry Classification System) 2026,2021-11-08,3.63,Cayman Islands,"Suzhou, Jiangsu, China",1000,IFRS,2022-01-01,2022-12-31,2023-01-01,2023-12-31,2024-01-01,14657499000,-1206342000,-1246389000,2025-06-17,2025-06-20,544178600,1185980000,339547000,Unmodified opinion (true and fair view),134500000,"Mercedes-Benz Mobility Services GmbH; Mirae Asset Securities (HK) Ltd.; Infini Global Master Fund; GOTION HIGH-TECH (HK) LIMITED; EVE Asia Co., Limited; RoboSense HongKong Limited",0.5125,2025-12-25,21.14,25263,93406300,Subscription level 21.14 times,,2025-06-24,44178600,13253600,30925000,0,0,"No. of Offer Shares reallocated from the International Offering (claw-back) 8,835,700；公开发售超额认购 15 倍以上但不足 50 倍触发回拨",1718350000,0.1901,544178600,0.0396,"分母为上市时已发行股份总数 544,178,600 股（Number of issued shares upon Listing），含受禁售限制股份。",544178600,0.0312123,19,0.0053952,173483000000,36,-0.141631,-262420884,33.8,36.8,32.85,13537900,0.306436,484530500,PN18 statutory clawback,FINI (from 22/11/2023),曹操出行有限公司,Active,41.3,0.147222,-0.01526,0.043449,0.072162,1.0995,1.07,61604055,29.78,-0.172778,-0.289938,0.047419,0.023137,0.7898,0.8085,99832830,0.20604,,,,,Standard,China International Capital Corporation / Sponsor-OC,2025-07-25,0,0,0.15,2025-07-25,0,0,0.15,0.911001,1.09616,-0.027778,0.9824,0.147222,1.0995,0.441667,1.3394,1.2346,1.05272e+08,0.000539452,0,0.0503515,0.686919,2025-12-25,2026-06-25,0.020434,-0.205356,1.329,China International Capital Corporation / Sponsor-OC,0,0,0.025,0.01,0.035,4,0,0,6,0,POST_FINI,PRE_2025_REFORM,2.767090,-0.305663,0.373982,20.114788,0.100001,2
2025Q2,0,40,2508.HK,SAINT BELLA Inc.,2025-06-18,2025-06-26,"UBS Securities Hong Kong Limited/
CITIC Securities (Hong Kong) Limited",Ernst & Young,,313931800,490121170,6.58,595420000,95420000,500000000,500000000,0,95420000,85878000,9542000,6.58,6.58,0,0,Fixed price,RMB,405178000,468582000,621540000,-716223000,-955130000,-1459720000,1121401000,1423712000,2081260000,471522000,559909000,798666000,-411879000,-240715000,-546573000,-411576000,-238894000,-543279000,0.035,0.035,0.15,"Family care: postpartum care and recovery services, home care services and women's health food products in China","Main Board – Rule 8.05(2) (revenue, operating cash flow and market capitalization test)",2024-12-31,49078000,65971000,13261000,0,0.05,1,1,1,1,1,1,1,Tencent Mobility; Gaorong Capital; Kunshan Tanglu; Ningbo Tangzhu; Zhuji Jiantou; C Capital; Pegasus Capital; Elegant Riverine; China Life; PrimeCare International (SHK Strategic); Swire Properties; Mirae Asset; Bourn Well,,1,Series A,7.37,Individual,0.357,0.357,120588000,Commercialized,0,Main Board,Ordinary Shares,0,0,0,0,236020,HSICS (Hang Seng Industry Classification System) 2026,2023-07-04,1.98,Cayman Islands,"Level 1, Building 6, Information Port Phase 6, No. 666, Jianshe 2nd Road, Xiaoshan District, Hangzhou City, Zhejiang Province, China",1000,HKFRS,2022-01-01,2022-12-31,2023-01-01,2023-12-31,2024-01-01,798666000,-546573000,-543279000,2025-06-18,2025-06-23,595420000,270394000,16236000,Unqualified,87396352,GIMM Holding Limited; China Asset Management (Hong Kong) Limited; JKKB Limited; Mr. Carl Wu (吳啟楠); SS Morgan Capital Limited; Minwise Business Consulting Limited; Ms. Wang Qianqing (汪牽擎),0.4496,2025-12-26,193,52464,1841580500,Subscription level 193.00 times,,2025-06-25,109733000,47710000,62023000,12463500,0.757202,"由国际发售回拨38,168,000股至香港公开发售；公开发售最终47,710,000股，占全球发售43.48%（初始9,542,000股）",629950000,0.452,609733000,0.0991,"分母为上市时已发行股份总数609,733,000股（已计入发售规模调整权获全额行使，未计入超额配售权）；计入公众持股量的股份为275,512,350股，占45.2%",609733000,0.0126183,19,0.0052452,173483000000,8.8,0.337386,243607260,8.45,11,8.45,94418160,0.860435,828333300,PN18 statutory clawback,FINI (from 22/11/2023),圣贝拉有限公司,Active,7.15,-0.1875,0.086626,0.05516,0.07443,0.77,0.7562,83002675,3.95,-0.551136,-0.399696,0.053846,0.02579,0.4259,0.4376,3035655,0.003665,,,,,Standard,China International Capital Corporation / Sponsor-OC,2025-07-26,0,0,0.15,2025-07-26,0,0,-0.006702,-0.105744,0.188148,-0.290909,0.7166,-0.1875,0.77,-0.293182,0.6573,0.6126,3.37183e+07,0.00516683,0,0.0481621,0.64,2025-12-26,2026-06-26,-0.097829,0.019109,12.2162,China International Capital Corporation / Sponsor-OC,0,0,0.025,0.01,0.035,4,0,0,6,0,POST_FINI,PRE_2025_REFORM,3.348554,-0.874085,0.426421,20.204778,0.100000,1
2025Q2,0,41,6168.HK,"Zhou Liu Fu Jewellery Co., Ltd. - H shares",2025-06-18,2025-06-26,"China International Capital Corporation
Hong Kong Securities Limited/
China Securities (International) 
Corporate Finance Company Limited",Ernst & Young,,561696000,923988000,24,425520528,46808000,378712528,378712528,0,46808000,42127200,4680800,24,24,0,0,Fixed price,RMB,2584835000,3075203000,3957571000,1905039000,2263624000,2577606000,679796000,811579000,1379965000,3101690000,5149601000,5718195000,742994000,832431000,885198000,575241000,659694000,706312000,0.03,0.03,0.15,"Jewelry company in China - design, procurement and sale of gold jewelry and diamond-set jewelry via offline stores and online channels",Main Board of the Stock Exchange (standard H-share listing),2024-12-31,390085000,176994000,12553000,0,0.153,1,1,1,0,0,0,0,Mingyang Investment; Xianglong Chuangmei; Yongcheng No. 15; Di Ai Jewelry; Zhengfu Investment,0.0325,0,"October 8, 2021",3.7,"Natural persons (Mr. Li Weizhu and Mr. Li Weipeng, acting in concert) via Ruoshui United, Shangshan United, Qiankun United and Chuangming Investment",0.8339,0.8339,686795000,,0,Main Board,Ordinary Shares (H Shares and Unlisted Shares are one class of Shares),0,0,0,0,237050,HSICS (Hang Seng Industry Classification System) 2026,2004-04-28,21.16,PRC,"2301-2409, Zhongguan Business Building, No. 3031 Taibai Road, Dongxiao Street, Dongxiao Community, Luohu District, Shenzhen, Guangdong, PRC",1000,IFRS,2022-01-01,2022-12-31,2023-01-01,2023-12-31,2024-01-01,5718195000,885198000,706312000,2025-06-18,2025-06-23,258593383,1478839000,91300000,"Unqualified (true and fair, no modification)",99200000,"Shenzhen Luohu Investment Holding Co., Ltd. (Luohu Investment); Yongcheng No. 2 Hong Kong Limited; Jump Trading Pacific Pte. Ltd.; Pimlico Family Office Limited; Seraphim Advantage Inc.; CICC Financial Trading Limited (in connection with Dream’ee Yongxin OTC Swaps); Lingbao Gold International Company Limited (Lingbao Gold); GF Fund Management Co., Ltd. (GF Fund)",0.4438,2025-12-26,711.11,126409,3328553300,"Subscription level 711.11 times; the Hong Kong Public Offering has been oversubscribed 100 times or more, triggering reallocation",,2025-06-26,53829200,23404000,30425200,8074300,1,"Claw-back triggered: Yes. 18,723,200 Offer Shares were reallocated from the International Offer to the Public Offer (claw-back) because the Hong Kong Public Offering was oversubscribed 100 times or more, raising the Public Offer from the initial 4,680,800 Offer Shares (10%) to a final 23,404,000 Offer Shares (43.48% of the Global Offering)",1192700000,0.167,432541728,0.0692,"Total number of issued Shares upon Listing of 432,541,728 Shares (all classes), taking into account the full exercise of the Offer Size Adjustment Option and before any exercise of the Over-allotment Option; H Shares counting towards the public float are measured against this base",432541728,0.0126183,19,0.0052452,173483000000,28.99,0.207917,268607708,25.69,28.99,25.69,35215592,0.65421,957118570,PN18 statutory clawback,FINI (from 22/11/2023),周六福珠宝股份有限公司,Active,37.94,0.308727,0.580833,0.05516,0.07443,1.2403,1.2181,2.70598e+08,24.92,-0.140393,0.038333,0.053846,0.02579,0.8157,0.838,160456393,0.167645,,,,,Standard,China International Capital Corporation / Sponsor-OC,2025-07-26,0,0,0.15,2025-07-26,0,0,-0.048127,0.193164,0.267902,0.344947,1.3592,0.308727,1.2403,0.543291,1.4351,1.3376,1.52904e+08,0.000321294,0,0.061107,0.522816,2025-12-26,2026-06-26,-0.36676,-0.509319,0.3568,China International Capital Corporation / Sponsor-OC,0,0,0.025,0.01,0.035,4,0,0,6,0,POST_FINI,PRE_2025_REFORM,0.348690,0.178471,0.110415,19.868824,0.100000,1
2025Q2,0,39,6883.HK,Eternal Beauty Holdings Limited,2025-06-18,2025-06-26,"BNP Paribas Securities (Asia) Limited/
CITIC Securities (Hong Kong) Limited",PricewaterhouseCoopers,,288057600,672134400,2.88,1333400000,333400000,1000000000,1000000000,0,333400000,300060000,33340000,3.38,2.8,-0.067961,0.187702,Within range,RMB,1094599000,1033396000,1211111000,535398000,458545000,690990000,559201000,574851000,520121000,1699144000,1863761000,2083363000,226935000,232617000,260696000,173106000,206473000,227029000,0.025,0.025,0.15,"Distribution and market deployment of perfumes, skincare, color cosmetics, personal care products, eyewear and home fragrances in China (including Hong Kong and Macau)",Main Board,2025-03-31,236703000,255998000,,0,0.249,1,0,0,0,0,0,0,,0,0,,,Individual,0.75,0.75,112106000,,0,Main Board,Ordinary shares,0,0,0,0,282040,HSICS (Hang Seng Industry Classification System) 2026,2024-01-09,1.46,Cayman Islands,"22/F, Enterprise Square Two, No. 3 Sheung Yuet Road, Kowloon, Hong Kong",1000,HKFRS,2022-04-01,2023-03-31,2023-04-01,2024-03-31,2024-04-01,2083363000,260696000,227029000,2025-06-18,2025-06-23,1333400000,1048117000,33600000,Unqualified,79800000,,0,,35.84,31796,1194924000,Subscription level 35.84 times,2025-06-24,2025-06-26,333400000,100020000,233380000,0,0,"66,680,000 Shares reallocated from the International Offer to the Hong Kong Public Offering (claw-back); final Hong Kong Public Offering 100,020,000 Shares, 30.00% of the Global Offering",882520000,0.25,1333400000,0.25,"Number of issued Shares upon Listing (assuming the Over-allotment Option is not exercised and excluding any Shares issued on exercise of Pre-IPO Share Option Scheme / Share Option Scheme options) = 1,333,400,000 Shares",1333400000,0.0126183,19,0.0052452,173483000000,2.26,-0.215278,-206708000,2.44,2.65,2.11,173642999,0.520825,441119970,PN18 statutory clawback,FINI (from 22/11/2023),颖通控股有限公司,No recent trading (verify status),1.96,-0.132743,-0.319444,0.05516,0.07443,0.8219,0.8072,3.73647e+07,2.04,-0.097345,-0.291667,0.053846,0.02579,0.8565,0.88,6.44285e+06,0.014606,,,,,Standard,China International Capital Corporation / Sponsor-OC,2025-07-26,0,0,0.15,2025-07-26,0,0,-0.015464,0.041667,0.287915,-0.066372,0.9435,-0.132743,0.8219,-0.168142,0.7735,0.721,1.70733e+07,0.00298029,0,0.0318363,0.313208,2025-12-26,2026-06-26,,,,China International Capital Corporation / Sponsor-OC,0,0,0.025,0.01,0.035,4,0,0,6,0,POST_FINI,PRE_2025_REFORM,0.429458,0.187455,0.117827,21.010998,0.100000,1
2025Q2,0,43,3880.HK,Medtide Inc. - H shares,2025-06-20,2025-06-30,"Morgan Stanley Asia Limited/
CITIC Securities (Hong Kong) Limited",Ernst & Young,,257040000,257040000,30.6,141800000,16800000,125000000,125000000,0,16800000,15120000,1680000,30.6,28.4,0.037288,0.074576,At high,RMB,1239152000,1308746000,1172628000,202467000,253884000,318750000,1036685000,1054862000,853878000,350840000,336774000,442226000,67556000,61978000,78449000,53980000,48905000,59173000,0.035,0.035,0,Peptide-focused CRDMO (CRO and CDMO services for peptide APIs),Main Board,2024-12-31,120507000,387183000,28748000,0,0.503,1,1,1,1,,,,Puhua Xiaxing; Haibang Taida; Haibang Boyuan; Hangzhou Heda Xinyiyao; Shenzhen Minhe Investment; Nanjing Outao; Hainan Jingsheng Yiqi,0.2079,1,2020 Convertible Bonds (December 2020),4.5,自然人（徐琪博士与李湘莉女士一致行动）,0.6737,0.6737,41143000,Commercial stage (commercial-stage production),0,Main Board,H Shares,0,0,0,0,281050,HSICS (Hang Seng Industry Classification System) 2026,2020-06-11,5.05,PRC,"Room 501-11, Building 6, Yinhai Kechuang Center, Xiasha Street, Qiantang District, Hangzhou City, Zhejiang Province, PRC",1000,IFRS,2022-01-01,2022-12-31,2023-01-01,2023-12-31,2024-01-01,442226000,78449000,59173000,2025-06-20,2025-06-25,73598888,249774000,21022000,Unqualified opinion (true and fair),84381000,CSPC (Dragon Merit Holdings Limited); Welight Capital L.P.,0.1527,2025-12-30,301.15,70338,505934900,Subscription level 301.15 times; the Hong Kong Public Offering has been over-subscribed by more than 100 times of the Offer Shares initially available under the Hong Kong Public Offering,2025-06-26,2025-06-27,16800000,8400000,8400000,0,0,"Claw-back triggered: Yes. 6,720,000 Offer Shares were reallocated from the International Offering to the Hong Kong Public Offering, raising the Hong Kong Public Offering from the initial 1,680,000 Offer Shares (10%) to a final 8,400,000 Offer Shares (50% of the Global Offering)",428770000,0.2619,141800000,0.1004,"Total issued share capital of the Company upon Listing (141,800,000 Shares, comprising domestic Shares and H Shares), with free float measured by reference to H Shares held in public hands",141800000,-0.013021,19,0.0053506,173464000000,30.8,0.006536,3360000,30.3,32.85,28.1,8593800,0.511536,272301100,PN18 statutory clawback,FINI (from 22/11/2023),泰德医药（浙江）股份有限公司,Active,33.7,0.094156,0.101307,0.061891,0.068115,1.0304,1.0244,32740190,30.12,-0.022078,-0.015686,0.07404,0.051965,0.9105,0.9296,4254385,0.015624,,,,,Standard,China International Capital Corporation / Sponsor-OC,2025-07-30,0,0,0.15,2025-07-30,0,0,0.005952,0.120226,0.284108,0.022727,1.0306,0.094156,1.0304,-0.004545,0.9048,0.8275,1.58943e+07,0.0023716,0,0.0276402,0.338447,2025-12-30,2026-06-30,-0.053538,-0.090482,0.8319,China International Capital Corporation / Sponsor-OC,0,0,0.025,0.01,0.035,4,0,0,6,0,POST_FINI,PRE_2025_REFORM,0.728175,0.050462,0.313124,18.769928,0.100000,1
2025Q2,0,42,6603.HK,IFBH Limited,2025-06-20,2025-06-30,CITIC Securities (Hong Kong) Limited,Ernst & Young LLP,,579168520,752918520,27.8,266666800,41666800,225000000,225000000,0,41666800,37500000,4166800,27.8,25.3,0.047081,0.094162,At high,USD,,30511000,74136000,,9506000,48089000,,21005000,26047000,,87442000,157648000,,20188000,40078000,,16754000,33316000,0.0275,0.0275,0.15,Ready-to-consume beverage and food company (RTD coconut water and coconut-based snacks under the if and Innococo brands),"Main Board general route, market capitalization/revenue test under Rule 8.05(3)",2024-12-31,41753000,54818000,,0,0.977,1,1,,1,,,,"FAF2 VCC; Oasis Partners Co., Ltd.; 10BIF Limited",0.0937,1,Series A Investment,2.2,Individual (ultimate Controlling Shareholder Mr. Pongsakorn Pongsak),0.6551,0.6551,319000,,0,Main Board,Ordinary shares,0,0,0,0,251030,HSICS (Hang Seng Industry Classification System) 2026,2024-02-27,1.34,,Singapore,1000,IFRS,2022-01-01,2022-12-31,2023-01-01,2023-12-31,2024-01-01,157648000,40078000,33316000,2025-06-20,2025-06-25,266666800,57859000,187000,Unqualified (true and fair view),82100000,"UBS Asset Management (Singapore) Ltd.; Black Dragon AP SPV1; Enreal China Master Fund; Forreal China Value Fund; HCEP Master Fund; HCEP Long Only Master Fund; China Southern Asset Management Co., Ltd.; GF International Investment Management Limited; Harvest Oriental SP; ICBC Wealth Management Co., Ltd.; Jain Global Master Fund; Jane Street Asia Trading Limited; Mega Prime Development Limited",0.2676,2025-12-30,2682.35,236078,11176661800,"Subscription level 2,682.35 times",2025-06-26,2025-06-27,41666800,20833400,20833400,6250000,1,"16,666,600 Shares reallocated from the International Offer to the Hong Kong Public Offering (claw-back); final Hong Kong Public Offering 20,833,400 Shares, 50.00% of the Global Offering",1073930000,0.315,266666800,0.1144,"Number of issued shares upon Listing (before any exercise of the Over-allotment Option) = 266,666,800 Shares, i.e. total issued share capital immediately following completion of the Global Offering excluding any Over-allotment Option Shares",266666800,-0.013021,19,0.0053506,173464000000,39.297,0.413561,4.79043e+08,43.697,46.297,37.797,38912781,0.933904,1672257950,PN18 statutory clawback,FINI (from 22/11/2023),,Active,38.147,-0.029264,0.372194,0.061891,0.068115,0.9142,0.9088,195601995,15.897,-0.595465,-0.428165,0.07404,0.051965,0.3766,0.3846,2.6056e+07,0.015581,,,,,Standard,China International Capital Corporation / Sponsor-OC,2025-07-30,0,0,0.15,2025-07-30,0,0,-0.008001,-0.116654,0.199769,0.04835,1.0564,-0.029264,0.9142,-0.223427,0.7058,0.6455,1.03363e+08,0.000752651,0,0.0546362,0.706011,2025-12-30,2026-06-30,0.090056,-0.057205,3.3994,China International Capital Corporation / Sponsor-OC,0,0,0.025,0.01,0.035,4,0,0,6,0,POST_FINI,PRE_2025_REFORM,0.351341,0.449390,0.802886,19.401510,0.100003,1
2025Q2,0,44,9678.HK,"Unisound AI Technology Co., Ltd. - H shares",2025-06-20,2025-06-30,"China International Capital Corporation 
Hong Kong Securities Limited/
Haitong International Capital Limited",PricewaterhouseCoopers,,128002000,239997600,205,70953453,1560980,69392473,69392473,0,1560980,1404880,156100,205,165,0.108108,0.216216,At high,RMB,568844000,1104606000,1079976000,-1911238000,-2298757000,-2752908000,2480082000,3403363000,3832884000,600619000,727316000,939017000,-375580000,-373589000,-454373000,-375391000,-376244000,-454211000,0.03,0.03,0.15,AI solution provider – conversational AI products and solutions for daily life and healthcare in China,Main Board of the Hong Kong Stock Exchange (H share listing); no Chapter 18C basis disclosed in prospectus,2024-12-31,-318978000,156476000,370073000,0,0.267,1,1,1,1,1,1,,TBP HK; Qualcomm; CII Fund; JD Shangke; Qirui Tiancheng; CICC Jiatai,,1,Series A (March 2014),11,"Natural persons – founders Dr. Liang, Dr. Huang and Dr. Kang (acting in concert with their vehicles)",0.3318,0.3318,163626000,Commercialised / commercial stage (products commercially deployed and revenue-generating),0,Main Board,"H Shares, Domestic Unlisted Shares and Unlisted Foreign Shares (all ordinary shares)",0,0,0,0,702030,HSICS (Hang Seng Industry Classification System) 2026,2012-06-29,13,PRC,"No. 101-124, 1/F, Building One, Xisanqi Jiancaicheng, Haidian District, Beijing, PRC",1000,IFRS (IFRS Accounting Standards),2022-01-01,2022-12-31,2023-01-01,2023-12-31,2024-01-01,939017000,-454373000,-454211000,2025-06-20,2025-06-25,41387743,364480000,32900000,Unqualified / unmodified opinion (true and fair view),112200000,"SensePower Management Limited; Nebula Asset Management Limited; Runjian International (Hong Kong) Co., Limited",0.2965,2025-12-30,91.66,25483,14307380,Subscription level 91.66 times; Hong Kong Public Offering oversubscribed by more than 50 times and less than 100 times,2025-06-26,2025-06-27,1560980,624400,936580,234140,1,"Claw-back triggered: Yes; 468,300 H Shares reallocated from the International Offering to the Hong Kong Public Offering; final Hong Kong Public Offering 624,400 H Shares (approximately 40% of the Global Offering)",206400000,0.3597,70953453,0.015477,"分母为上市时已发行股份总数70,953,453股（含H股与内资未上市股份、不含超额配售权）；计入公众持股的25,522,081股H股中大部分上市前股份受禁售限制，自由流通股数=全球发售1,560,980股−基石获配462,860股=1,098,120股",70953453,-0.013021,19,0.0053506,173464000000,296.4,0.445854,142673572,205,319.8,198,803070,0.514465,178722000,Chapter 18C.09 clawback,FINI (from 22/11/2023),云知声智能科技股份有限公司,Active,528.5,0.783063,1.57805,0.061891,0.068115,1.6791,1.6694,43185150,404,0.363023,0.970732,0.07404,0.051965,1.2691,1.2957,84813925,0.474558,,,,,Standard,China International Capital Corporation / Sponsor-OC,2025-07-30,0,0,0.15,2025-07-30,0,0,0.090328,0.438356,0.981919,0.304993,1.3151,0.783063,1.6791,0.679487,1.5265,1.3961,6.13083e+07,0.000729825,0,0.0712557,0.544482,2025-12-30,2026-06-30,-0.190146,-0.334292,2.26,China International Capital Corporation / Sponsor-OC,0,0,0.025,0.01,0.035,4,0,0,6,0,POST_FINI,PRE_2025_REFORM,3.549046,-0.420575,0.291072,18.077535,0.100001,1
2026Q1,0,1,6082.HK,"Shanghai Biren Technology Co., Ltd.- H shares",2025-12-22,2026-01-02,China International Capital Corporation Hong Kong Securities Limited / Ping An of China Capital (Hong Kong) Company Limited / BOCI Asia Limited,PricewaterhouseCoopers,AVISTA Valuation Advisory Limited,970956560,5449482080,19.6,2358977900,247692800,2111285100,2111285100,0,247692800,235308000,12384800,19.6,17,0.071038,0.142077,At high,RMB,3397768000,3041147000,4020289000,-5969861000,-7424205000,-8997718000,9367629000,10465352000,13018007000,62030000,336803000,117806000,-1744058000,-1538189000,-3201052000,-1743955000,-1538100000,-3201052000,0.015,0.015,0.15,GPGPU chips and GPGPU-based intelligent computing solutions for AI,Main Board Chapter 18C Specialist Technology Company (unable to meet Rule 8.05(1)/(2)/(3)),2025-06-30,-1073324000,1285098000,571616000,0,0.979,0.5,1,1,0,1,1,1,Qiming Venture Partners; Country Garden VC; Sky9 Capital; Songhe Capital; Zhuhai Gree; Walden International; Shanghai SOE Reform Fund,0.6852,1,Series Pre-A,6.04,自然人,0.1587,0.1587,48517000,已量产：2023年实现BR106量产并开始产生收入；仍处于商业化早期阶段,0,Main Board,H Shares,0,0,0,1,703010,HSICS (Hang Seng Industry Classification System) 2026,2019-09-09,6.32,PRC,"Shanghai, PRC",1000,IFRS Accounting Standards,2023-01-01,2023-12-31,2024-01-01,2024-12-31,2025-01-01,58903000,-1600526000,-1600526000,2025-12-22,2025-12-29,1120964824,18769000,93249000,无保留意见 (Unqualified opinion),182100000,"3W Fund; Qiming Venture Partners (QM125, QM120); AMF; WT Asset Management; Hao Great China Focus Fund; Ping An Life Insurance; Huadeng Technology; Lion Global; CICC FT (Shanghai Greenwoods OTC Swaps); MY Asian; Eastspring; UBS AM Singapore; Taikang Life; Aspirational China Growth; Charoen Pokphand; Digital China; GTJA HK (Jinxiu 608/Zhonghe OTC Swaps); China Southern; Fullgoal (Fullgoal Fund, Fullgoal HK); Yeebo; EIP; Tessy Holding Limited; New Opportunities SPC",0.5193,2026-07-02,2347.53,471116,29073659800,"Subscription level 2,347.53 times",2025-12-30,2025-12-31,284846600,49538600,235308000,42726800,1,"No. of Offer Shares reallocated from the International Offer (claw-back) 37,153,800; final no. of Offer Shares under the Public Offer (after reallocation) 49,538,600.",5374500000,0.4833,2396131700,0.0571,"Free float denominator = total issued share capital of the Company upon Listing (2,396,131,700 Shares, taking into account the full exercise of the Offer Size Adjustment Option and before any exercise of the Over-allotment Option); H Shares held by the Cornerstone Investors (six-month lock-up) are excluded from free float.",2396131700,0.0186562,39,0.0316798,53926000000,34.46,0.758163,4232820476,35.7,42.88,33.5,150709945,0.529092,5521275600,Mechanism A,FINI (from 22/11/2023); 2025-08-04 pricing reform (Mechanism A/B; six-month cornerstone lock-up retained); this IPO: Mechanism A,上海壁仞科技股份有限公司,Active,35.2,0.021474,0.795918,0.061872,0.018245,0.962,1.0032,683071810,48.32,0.402205,1.46531,-0.124663,-0.223511,1.6019,1.8058,871107890,0.157773,,,,,18C (Specialist Tech),"China International Capital Corporation Hong Kong 
Securities Limited",2026-01-28,0,42726800,0.15,2026-01-28,42726800,1,-0.083147,-0.053846,0.324883,-0.024376,0.9827,0.021474,0.962,-0.052234,0.9641,1.1043,3.50518e+08,0.000139841,0,0.0929989,0.36424,2026-07-02,2027-01-02,-0.177192,-0.670933,1.4033,"China International Capital Corporation Hong Kong 
Securities Limited",0,0,0.00015,0.01,0.01015,25,1,1,8,1,POST_FINI,POST_2025_REFORM,3.238077,-0.796224,-0.650223,21.581494,0.050001,1
2026Q1,0,2,2513.HK,Knowledge Atlas Technology Joint Stock Company Limited - H shares,2025-12-30,2026-01-08,China International Capital Corporation Hong Kong Securities Limited,KPMG,N/A,869629180,4130735700,116.2,440230190,37419500,402810690,402810690,0,37419500,35548500,1871000,116.2,116.2,0,0,Fixed price,RMB,2860153000,4375769000,5100711000,-982593000,-3955145000,-6150841000,3842746000,8330914000,11251552000,124538000,312414000,381754000,-787957000,-2958007000,-4715704000,-787957000,-2958007000,-4715704000,0.02,0.02,0.15,Leading AI company in China dedicated to developing general-purpose large models / MaaS platform,Chapter 18C Specialist Technology Company (Commercial Company),2025-06-30,-1327150000,2551970000,1594661000,0,0.4,0.5,1,1,0,1,1,1,Qiming Venture Partners; HongShan; Legend Capital; Meituan; Alibaba; Tencent; Xiaomi; Prosperity7; Beijing AI Fund,0.6518,1,Series Angel,4.58,自然人（Dr. Liu 为最终控制人，与一致行动人共同构成控股股东集团）,0.3022,0.3022,350672000,"规模商业化（已建立大规模可扩展业务；原文：commenced commercialization in 2021, a large and scalable business）",0,Main Board,H Shares,0,0,0,1,702030,HSICS (Hang Seng Industry Classification System) 2026,2019-06-11,6.58,PRC,"Beijing, PRC",1000,IFRS Accounting Standards,2023-01-01,2023-12-31,2024-01-01,2024-12-31,2025-01-01,190877000,-2357852000,-2357852000,2025-12-30,2026-01-05,215701705,95424000,23908000,无保留意见（Unqualified opinion）,174700000,JSC International Investment Fund SPC (acting for and on behalf of Qizhi SP); JinYi Capital Multi-Strategy Fund SPC Ltd. (acting for and on behalf of Structured Credit SP Fund); Perseverance Asset Management; Shanghai Gaoyi and CICC Financial Trading Limited (in connection with Gaoyi OTC Swaps); WT Asset Management; Taikang Life; GF Fund; 3W Fund; RIME; Optimas Capital Limited; Luster LightTech International Limited,0.6863,2026-07-08,1159.46,204871,2169357600,"Subscription level 1,159.46 times",,2026-01-07,37419500,7483900,29935600,5612900,1,"The Hong Kong Public Offering was over-subscribed by more than 50 times, so the reallocation procedure was applied: the Offer Shares initially available under the Hong Kong Public Offering (1,871,000 Shares, approximately 5%) were reallocated from the International Offering, and the final number of Offer Shares under the Hong Kong Public Offering was adjusted to 7,483,900 Shares, representing 20% of the Global Offering (assuming the Over-allotment Option is not exercised).",4173400000,0.4673,440230190,0.0267,"Free float denominator = total issued shares upon Listing (440,230,190 shares); Shares held by the Cornerstone Investors are excluded from the free float because they are subject to a six-month lock-up following the Listing Date.",440230190,-0.0119749,41,0.033506,53950000000,131.5,0.13167,572518350,120,135,116.1,17518159,0.468156,2229091600,Mechanism A,FINI (from 22/11/2023); 2025-08-04 pricing reform (Mechanism A/B; six-month cornerstone lock-up retained); this IPO: Mechanism A,北京智谱华章科技股份有限公司,Active,227.2,0.727757,0.95525,0.026693,-0.054928,1.6828,1.8282,748625800,1825,12.8783,14.7057,-0.074566,-0.16683,14.9966,16.6573,5832790800,2.61667,,,,,18C (Specialist Tech),"China International Capital Corporation Hong Kong 
Securities Limited",2026-02-04,1,5612900,0.15,2026-02-04,5612900,1,0.370175,1.53081,2.26443,0.642586,1.5908,0.727757,1.6828,6.20913,7.2863,8.437,1.51676e+09,5.5881e-05,0,0.120632,0.486577,2026-07-08,2027-01-08,-0.218399,0.092105,2.0206,"China International Capital Corporation Hong Kong 
Securities Limited",0,0,0.0002,0.01,0.0102,11,1,0,9,1,POST_FINI,POST_2025_REFORM,2.205879,-0.924519,0.221949,19.902808,0.050001,1
2026Q1,0,3,9903.HK,"Shanghai Iluvatar CoreX Semiconductor Co., Ltd. - H shares",2025-12-30,2026-01-08,Huatai Financial Holdings (Hong Kong) Limited,Ernst & Young,N/A,367746720,3309691560,144.6,254317736,25431800,228885936,228885936,0,25431800,22888600,2543200,144.6,144.6,0,0,Fixed price,RMB,1592979000,1685175000,3560579000,878338000,688669000,2515854000,714641000,996506000,1044725000,289041000,539511000,648526000,-817424000,-892433000,-1218632000,-817424000,-892433000,-1218632000,0.03,0.03,0,"GPGPU products and AI computing solutions (chips, accelerators, servers and clusters)",Main Board Rule 8.05(3) market capitalization/revenue test,2025-06-30,-715589000,1713176000,451496000,0,0.386,0.5,1,1,0,0,1,1,Princeville Global; HongShan; Shanghai Lianhe Investment; Cathay Capital; Greater Bay Area Fund,0.584,1,Series A,9.42,无实际控制人,0.2125,0.2125,667312000,商业化初期,0,Main Board,H Shares,0,0,0,0,703010,HSICS (Hang Seng Industry Classification System) 2026,2015-12-29,10.03,PRC,"Shanghai, PRC",1000,HKFRS Accounting Standards,2023-01-01,2023-12-31,2024-01-01,2024-12-31,2025-01-01,324263000,-609316000,-609316000,2025-12-30,2026-01-05,245101965,162433000,41600000,无保留意见,198800000,ZTE HK; XN Mountain; Wind Sabre; UBS AM Singapore; Teamsun HK; Qin Wan; OCM; Ocean Fine Industrial; Huatai OTC Swaps — Hengxin Fund Management; Fourth Paradigm; Engine International; Duckling Fund; DeepRoot Alpha; China Universal (HK); China Orient EIF; China Orient MSMF; China AMC (HK); CFIG; Alphahill Capital,0.4302,2026-07-08,414.24,180802,1053503300,Subscription level 414.24 times,,2026-01-07,25431800,2543200,22888600,0,0,Claw-back triggered: N/A; Number of Offer Shares reallocated from International Offering to Hong Kong Public Offering: 0,3509300000,0.4187,254317736,0.057,Free float denominator = total issued shares upon listing (col_CZ); numerator = offer shares minus cornerstone allocation,254317736,-0.0119749,41,0.033506,53950000000,156.8,0.084371,310267960,190.2,192,148.9,8228204,0.32354,1404435100,Mechanism B,FINI (from 22/11/2023); 2025-08-04 pricing reform (Mechanism A/B; six-month cornerstone lock-up retained); this IPO: Mechanism B,上海天数智芯半导体股份有限公司,Active,57.867,-0.63095,-0.599813,0.026693,-0.054928,0.3595,0.3905,2.89287e+08,186.667,0.190478,0.29092,-0.074566,-0.16683,1.2864,1.4289,1256884913,0.89494,,,,,Standard,China International Capital Corporation / Sponsor-OC,2026-02-07,0,0,0.15,2026-01-08,0,0,0.556719,0.842105,1.35748,0.090554,1.0562,0.107142,1.0784,1.1977,2.2212,2.572,2.88161e+08,0.000179278,0,0.106364,0.459154,2026-07-08,2027-01-08,-0.334267,0.170909,1.5484,China International Capital Corporation / Sponsor-OC,0,0,0.0003,0.01,0.0103,19,1,0,5,1,POST_FINI,POST_2025_REFORM,0.293414,-0.342257,0.202063,19.354095,0.100001,2
2026Q1,0,4,2675.HK,"Shenzhen Edge Medical Co., Ltd.- B - H shares",2025-12-30,2026-01-08,Morgan Stanley Asia Limited / GF Capital (Hong Kong) Limited,KPMG,N/A,119874252,1258638568,43.24,387722200,27722200,360000000,360000000,0,27722200,24949900,2772300,43.24,43.24,0,0,Fixed price,RMB,1555646000,1360730000,1306252000,1438346000,1259956000,1184584000,117300000,100774000,121668000,48042000,159994000,298766000,-212869000,-218509000,-178130000,-212869000,-218509000,-178174000,0.03,0.03,0.15,Surgical robots / medical devices,Chapter 18A,2025-06-30,-96910000,94457000,96502000,0,0.461,0.5,1,1,1,0,0,1,LYFE Capital; Legend Star; Boyu Capital; Sequoia China; OrbiMed; Temasek,0.5482,1,Series Angel,8.16,自然人（Dr. Wang 与 Dr. Gao，夫妻，共同构成控股股东组）,0.4306,0.4306,13621000,商业化初期（early commercialization stage）,0,Main Board,H Shares,0,0,1,0,282010,HSICS (Hang Seng Industry Classification System) 2026,2017-05-04,8.68,PRC,"Shenzhen, PRC",1000,IFRS Accounting Standards,2023-01-01,2023-12-31,2024-01-01,2024-12-31,2025-01-01,149383000,-89065000,-89087000,2025-12-30,2026-01-05,323602948,93850000,1572000,无保留意见（Unqualified opinion）,82100000,"Abu Dhabi Investment Authority; UBS Asset Management (Singapore) Ltd.; OrbiMed Genesis Master Fund, L.P.; Huang River Investment Limited; China Asset Management (Hong Kong) Limited; LYFE Capital Fund IV (Dragon), L.P.; Mega Prime Development Limited; Poly Platinum Enterprises Limited; China Alpha Fund Management (HK) Ltd; Tekful Limited; Integrated Core Strategies (Asia) Pte. Ltd.; Sage Partners Master Fund; Panjing Harbourview Investment Fund; Infini Global Master Fund",0.4868,2026-07-08,1091.94,196179,3027186100,"Subscription level 1,091.94 times",,2026-01-07,27722200,2772300,24949900,4158300,1,Claw-back triggered: No,1116600000,0.4948,387722200,0.0367,Shares held by the Cornerstone Investors upon the Listing shall not be counted towards the free float of the Shares of the Company at the time of Listing.,387722200,-0.0119749,41,0.033506,53950000000,56.6,0.308973,370368592,59,60,48,12673990,0.457178,709649200,Mechanism B,FINI (from 22/11/2023); 2025-08-04 pricing reform (Mechanism A/B; six-month cornerstone lock-up retained); this IPO: Mechanism B,深圳市精锋医疗科技股份有限公司,Active,59.55,0.05212,0.377197,0.026693,-0.054928,1.0248,1.1133,93951265,39.98,-0.29364,-0.075393,-0.074566,-0.16683,0.7633,0.8478,36783560,0.051833,,,,,18A (Biotech / B-tag),Morgan Stanley Asia Limited,2026-02-04,0,4158300,0.15,2026-02-04,4158300,1,-0.013057,0.025189,0.191918,0.234099,1.1952,0.05212,1.0248,-0.051237,0.9589,1.1104,4.06166e+07,0.00181783,0,0.0545783,0.526459,2026-07-08,2027-01-08,0.014835,-0.084978,0.3844,Morgan Stanley Asia Limited,0,0,0.0003,0.01,0.0103,16,1,0,6,1,POST_FINI,POST_2025_REFORM,0.093143,-0.136401,0.867358,19.775800,0.100003,1
2026Q1,0,5,0100.HK,MiniMax Group Inc. - W - P,2025-12-31,2026-01-09,China International Capital Corporation Hong Kong Securities Limited / UBS Securities Hong Kong Limited,Ernst & Young,N/A,837846900,4702397700,165,305447288,25389220,280058068,280058068,0,25389220,24119740,1269480,165,151,0.044304,0.088608,At high,USD,324007000,910584000,1133092000,-341914000,-799320000,-1303499000,665921000,1709904000,2436591000,3460000,30523000,7.12493e+07,-269246000,-465238000,-682684000,-269246000,-465238000,-682684000,0.02,0.02,0.15,Global AI foundation model company,Chapter 18C Specialist Technology Company (Pre-Commercial Company); WVR (Chapter 8A),2025-09-30,-209396000,362647000,180312000,0,0.217,0.75,1,1,0,1,0,1,Alisoft China (Alibaba); miHoYo; IDG Capital; Tencent; Future Capital,0.4532,1,Series Angel,4.08,自然人,0.259,0.7205,21733000,商业化初期（nascent stage of monetization and commercialization）,0,Main Board,Class A Ordinary Shares,0,1,0,1,702030,HSICS (Hang Seng Industry Classification System) 2026,2021-06-30,4.53,Cayman Islands,"Shanghai, PRC",1000,IFRS Accounting Standards,2023-01-01,2023-12-31,2024-01-01,2024-12-31,2025-01-01,53437000,-512013000,-512013000,2025-12-31,2026-01-06,305447288,12476000,479000,无保留意见 (Unqualified opinion),193200000,"ADIA; Alisoft China; Aspex Master Fund; Boyu; China Universal (HK); Eastspring; E Fund Management; IDG Breyer Fund; Janchor Funds; Martis Fund, L.P.; Mirae Asset Securities; MPC VII; Perseverance Asset Management; Taikang Life",0.5653,2026-07-09,1837.17,417646,2332255220,"Subscription level 1,837.17 times",2026-01-07,2026-01-08,29197600,5077860,24119740,4379640,1,"No. of Offer Shares reallocated from the International Offer (claw-back) 3,808,380 Final no. of Offer Shares under the Public Offer (after reallocation) 5,077,860",4596100000,0.804,228153134,0.0556,Class A Ordinary Shares held by the Cornerstone Investors upon the Listing shall not be counted towards the free float of the Class A Ordinary Shares of the Company at the time of Listing,228153134,-0.00016594,47,0.0321107,53950000000,345,1.09091,5255568000,235.4,351.8,220,15921864,0.545314,4004592510,Mechanism A,FINI (from 22/11/2023); 2025-08-04 pricing reform (Mechanism A/B; six-month cornerstone lock-up retained); this IPO: Mechanism A,,Active,486,0.408696,1.94545,0.024911,-0.049411,1.3745,1.4819,1047544366,297.4,-0.137971,0.802424,-0.083929,-0.168025,0.941,1.0361,1.33711e+09,0.333895,,,,,18C (Specialist Tech),China International Capital Corporation / Sponsor-OC,2026-02-08,0,0,0.15,2026-01-09,4379640,1,0.617956,1.10485,2.10605,0.037681,1.011,0.408696,1.3745,1.45652,2.4835,2.8443,1.5904e+09,5.97381e-05,0,0.138122,0.837594,2026-07-09,2027-01-09,-0.357111,-0.259533,2.1551,China International Capital Corporation / Sponsor-OC,0,0,0.0002,0.01,0.0102,15,1,1,6,1,POST_FINI,POST_2025_REFORM,2.150391,-0.602497,1.334282,19.537288,0.050001,1
2026Q1,0,6,6938.HK,"Suzhou Ribo Life Science Co., Ltd. - B - H shares",2025-12-31,2026-01-09,China International Capital Corporation Hong Kong Securities Limited / Citigroup Global Markets Asia Limited,Ernst & Young,Asia-Pacific Consulting and Appraisal Limited,159347936,1947965910,57.97,161690510,27487400,134203110,134203110,0,27487400,24738600,2748800,57.97,57.97,0,0,Fixed price,RMB,716248000,650858000,1000581000,115723000,-111067000,59017000,600525000,761925000,941564000,44000,142627000,207626000,-437148000,-257047000,-187734000,-437296000,-281492000,-195530000,0.03,0.03,0.15,biopharmaceutical company engaged in oligonucleotide/siRNA therapeutics R&D,Chapter 18A,2025-06-30,-96473000,358535000,129142000,0,0.995,0.5,1,1,1,0,1,1,Panlin Capital; Legend Capital; CITIC Securities Investment; CS Capital; Guoshun Fund,0.482,1,Series A,10.12,无实际控制人（单一最大股东集团：由 Dr. LIANG 等一致行动人士组成的 Concert Parties，合计持股 24.82%，招股书未披露单一实际控制人）,0.2482,0.2482,345589000,"临床开发阶段（尚无产品获批商业化销售：all of our drug candidates were in various clinical development stages, and none had been approved for commercial sale）",0,Main Board,H Shares,0,0,1,0,281020,HSICS (Hang Seng Industry Classification System) 2026,2007-01-18,18.98,PRC,"Kunshan City, Jiangsu Province, PRC",1000,IFRS Accounting Standards,2023-01-01,2023-12-31,2024-01-01,2024-12-31,2025-01-01,103813000,-93867000,-97765000,2025-12-31,2026-01-06,161690510,97222000,511000,无保留意见 (Unqualified opinion),119900000,"Arc Avenue; Bright Stone; China AMC; Da Cheng International and Dacheng Fund; Erik Selin Fastigheter AB; Himension Fund; IvyRock; Mingxin Growth Ventures; Springs Capital (Hong Kong); Taikang Life; Tenbagger Nengxin, Tenbagger Ziran and Huatai Capital Investment Limited",0.425,2026-07-09,101.06,42771,277804200,Subscription level 101.06 times,,2026-01-08,31610400,2748800,28861600,4741400,1,Claw-back triggered: N/A. No. of Offer Shares reallocated from the International Offering (claw-back): 0.,1701800000,0.6688,165813510,0.1097,"Free float upon Listing = the Company's H Shares not subject to disposal restrictions = 18,190,000 Shares, being the Offer Shares other than those allocated to Cornerstone Investors (six-month lock-up); all existing Shareholders (including Pre-IPO Investors) are subject to a 12-month lock-up under applicable PRC laws and are excluded. Denominator basis = total issued share capital upon Listing (165,813,510 Shares, before any exercise of the Over-allotment Option).",18190000,-0.00016594,47,0.0321107,53950000000,82.1,0.41625,762758952,75,87,65.9,14151773,0.447694,1056891100,Mechanism B,FINI (from 22/11/2023); 2025-08-04 pricing reform (Mechanism A/B; six-month cornerstone lock-up retained); this IPO: Mechanism B,苏州瑞博生物技术股份有限公司,Active,70.9,-0.136419,0.223046,0.024911,-0.049411,0.8426,0.9085,111186810,48.54,-0.40877,-0.16267,-0.083929,-0.168025,0.6454,0.7106,11649370,0.011022,,,,,18A (Biotech / B-tag),"China International Capital Corporation Hong Kong 
Securities Limited",2026-02-05,0,4741400,0.15,2026-02-05,4741400,1,0.014384,-0.157264,0.146023,-0.073691,0.9025,-0.136419,0.8426,-0.135201,0.8743,1.0013,4.55132e+07,0.00238882,0,0.0520647,0.53048,2026-07-09,2027-01-09,-0.070052,0.020552,1.6989,"China International Capital Corporation Hong Kong 
Securities Limited",0,0,0.0003,0.01,0.0103,12,1,0,5,1,POST_FINI,POST_2025_REFORM,0.941017,-0.195416,0.455727,18.901195,0.100002,1
2026Q1,0,7,3636.HK,"Yunnan Jinxun Resources Co., Ltd. - H shares",2025-12-31,2026-01-09,Huatai Financial Holdings (Hong Kong) Limited,KPMG,N/A,110298000,1158114000,30,147062243,36765600,110296643,110296643,0,36765600,33089000,3676600,30,30,0,0,Fixed price,RMB,882818000,1373816000,1462959000,389273000,534982000,668741000,493545000,838834000,794218000,675701000,1769833000,1927570000,26023000,242762000,322408000,29146000,202438000,269964000,0.015,0.015,0.15,"mineral processing, smelting and trading of non-ferrous metals (copper cathodes, copper concentrates and cobalt)",Main Board (Chapter 19A PRC issuer; profit test),2025-06-30,111533000,126510000,,0,0.678,0.5,1,0,1,0,1,1,Chuanghe Xincai (CITIC Goldstone),0.082,0,Pre-IPO,3.02,自然人,0.7494,0.7494,245726000,规模商业化（已量产：铜阴极、氢氧化钴已投产销售）,0.1001,Main Board,H Shares,0,0,0,0,052020,HSICS (Hang Seng Industry Classification System) 2026,2010-01-21,15.97,PRC,"Kunming, Yunnan Province, PRC",1000,IFRS Accounting Standards,2023-01-01,2023-12-31,2024-01-01,2024-12-31,2025-01-01,963785000,161204000,134982000,2025-12-31,2026-01-06,36765600,222680000,72120000,无保留意见 (Unqualified opinion),60400000,Glencore AG; Stoneylake Global; North Rock; ChinaAMC (HK); New Asia Ferrell; Bridge Zone Group; Zhengxin Group; Sunwoda Treasury,0.425,2026-07-09,143.46,64456,527434000,Subscription level 143.46 times,,2026-01-08,36765600,3676600,33089000,5514800,1,Claw-back triggered: No,1042600000,0.25,147062243,0.1438,Free float denominator = total issued shares upon listing (col_CZ); numerator = offer shares minus cornerstone allocation,147062243,-0.00016594,47,0.0321107,53950000000,37.427,0.247567,2.73058e+08,37.627,38.747,35.727,12900893,0.350896,483458480,Mechanism B,FINI (from 22/11/2023); 2025-08-04 pricing reform (Mechanism A/B; six-month cornerstone lock-up retained); this IPO: Mechanism B,云南金浔资源股份有限公司,Active,40.387,0.079087,0.346233,0.024911,-0.049411,1.0529,1.1352,72323825,13.43,-0.641168,-0.552333,-0.083929,-0.168025,0.3917,0.4313,5.36538e+06,0.011098,,,,,Standard,Huatai Financial Holdings (Hong Kong) Limited,2026-02-05,0,5514800,0.15,2026-02-05,5514800,1,-0.24636,-0.231758,0.323889,0.058247,1.0311,0.079087,1.0529,-0.313143,0.6944,0.7953,3.5535e+07,0.00639259,0,0.0696496,0.78591,2026-07-09,2027-01-09,-0.220671,0.122378,1.0202,Huatai Financial Holdings (Hong Kong) Limited,0,0,0.00015,0.01,0.01015,8,0,0,1,1,POST_FINI,POST_2025_REFORM,0.542885,0.184533,0.089125,18.806366,0.100001,2
2026Q1,0,8,0501.HK,"OmniVision Integrated Circuits Group, Inc. - H shares",2025-12-31,2026-01-12,UBS Securities Hong Kong Limited / China International Capital Corporation Hong Kong Securities Limited / Ping An of China Capital (Hong Kong) Company Limited / GF Capital (Hong Kong) Limited,BDO Limited,N/A,479984000,4837683280,104.8,1255474412,45800000,1209674412,1209674412,0,45800000,41220000,4580000,104.8,,0,0,Fixed price,RMB,37743164000,38964574000,42484301000,21494687000,24202390000,26187007000,16248477000,14762184000,16297294000,20984259000,25706819000,27888286000,691573000,3272807000,4384100000,543950000,3278641000,4040786000,0.006,0.006,0.15,"Fabless semiconductor design: design, development and sale of integrated circuits (CIS)",Main Board; Chapter 19A PRC issuer with other listed shares (A+H),2025-06-30,1790999000,11183571000,1367726000,359743000,0.503,0.5,0,0,0,0,0,0,,0,0,None,0,自然人,0.3015,0.3015,10144100000,已量产（mass production）,0,Main Board,H Shares,1,0,0,0,703010,HSICS (Hang Seng Industry Classification System) 2026,2007-05-15,18.66,PRC,"Shanghai, PRC",1000,IFRS Accounting Standards,2023-01-01,2023-12-31,2024-01-01,2024-12-31,2025-01-01,13944143000,2192050000,2020393000,2025-12-31,2026-01-07,45800000,4126000000,699600000,Unqualified opinion（无保留意见）,106660000,"Wildlife Willow Limited; UBS AM Singapore; FOL; Huaqin Telecom Hong Kong Limited; SKY ROYAL TRADING LIMITED; Pudong Science and Technology (Cayman) Co., Ltd.; JSC International Investment Fund SPC; Ghisallo Fund Master Ltd; Dajia Life; PSBC Wealth Management Co., Ltd.",0.4528,2026-07-12,9.28,14551,42511100,Subscription level 9.28 times,2026-01-08,2026-01-09,45800000,4580000,41220000,4941100,0.719229,"Claw-back not triggered (Claw-back triggered: N/A); the final number of Offer Shares under the Hong Kong Public Offering was 4,580,000, the same as the number initially available (10% of the Global Offering).",4693200000,0.03648,1255474412,0.01996,"Free float / public shareholding denominator = number of issued Shares upon Listing (before exercise of the Over-allotment Option), 1,255,474,412 Shares including 3,921,163 treasury A Shares; H Shares held by the Cornerstone Investors (six-month lock-up) are excluded from the free float.",1255474412,-0.00016594,47,0.0321107,53950000000,121.686,0.161126,773378800,107.886,121.686,107.886,7260177,0.158519,818673480,Mechanism B,FINI (from 22/11/2023); 2025-08-04 pricing reform (Mechanism A/B; six-month cornerstone lock-up retained); this IPO: Mechanism B,豪威集成电路（集团）股份有限公司,Active,104.686,-0.139704,-0.001088,-0.001824,-0.088177,0.8619,0.9435,1.12016e+08,77.55,-0.362704,-0.260019,-0.09,-0.20241,0.7003,0.799,72406991,0.088444,,,,,Standard,China International Capital Corporation Hong Kong Securities Limited,2026-02-06,1,6870000,0.15,2026-02-06,4941100,0.7192,-0.034389,-0.058747,0.503441,-0.070674,0.9211,-0.139704,0.8619,-0.342685,0.6626,0.7569,7.13895e+07,0.000481952,0,0.0371775,0.449098,2026-07-12,2027-01-12,0.018095,0.004558,1.0749,China International Capital Corporation Hong Kong Securities Limited,0,0,6e-05,0.01,0.01006,12,1,0,0,0,POST_FINI,POST_2025_REFORM,0.383607,0.095112,0.084859,20.950779,0.100000,1
2026Q1,0,9,3986.HK,GigaDevice Semiconductor Inc. - H shares,2025-12-31,2026-01-13,China International Capital Corporation Hong Kong Securities Limited / Huatai Financial Holdings (Hong Kong) Limited,KPMG,N/A,468439200,4918563000,162,696765151,28915800,667849351,667849351,0,28915800,26024200,2891600,162,132,0.102041,0.204082,At high,RMB,16455780000,19228830000,19800067000,15199573000,16678777000,17435246000,1256207000,2550053000,2364821000,5760823000,7355978000,8300618000,124748000,1123663000,1192158000,161141000,1100881000,1175670000,0.004,0.004,0.15,"Fabless IC design house: specialty memory chips (NOR Flash, SLC NAND, niche DRAM), MCU, analog and sensor chips",Main Board; Chapter 19A PRC issuer with other listed shares (A+H),2025-06-30,957821000,7829677000,567680000,91824000,0.294,0.5,1,1,0,0,0,1,Tus Zhonghai Venture Capital; Insight Power; InfoGrid,0.1189,0,Series A,12.5,自然人,0.0844,0.0844,734317000,已量产/规模商业化（large-scale mass production）,0,Main Board,H Shares,1,0,0,0,703010,HSICS (Hang Seng Industry Classification System) 2026,2005-04-06,20.77,PRC,"Beijing, PRC",1000,IFRS Accounting Standards,2023-01-01,2023-12-31,2024-01-01,2024-12-31,2025-01-01,4150309000,596079000,587835000,2025-12-31,2026-01-08,28915800,1532726000,412484000,无保留意见 (Unqualified opinion),69960000,Yuanfeng Asset Management and HTCI (in connection with the Yuanfeng Asset Management OTC Swaps); CPE; Shanghai Greenwoods and HTCI (in connection with the Greenwoods OTC Swaps); Yunfeng Capital New Alternative Limited; New Golden Future Limited; DAMSIMF; CloudAlpha Capital; 3W Fund; HUAQIN TELECOM HONG KONG LIMITED; Metazone; Sky Royal Trading Limited; Green Better; New China Asset Management; Taikang Life; Summit Ridge; ICBC Wealth; GBAD Fund Management; Wind Sabre,0.4978,2026-07-13,542.22,148419,1567888600,Subscription level 542.22 times,2026-01-09,2026-01-12,28915800,2891600,26024200,4337300,1,"Claw-back triggered: N/A. Final no. of Offer Shares under the Hong Kong Public Offering 2,891,600, same as initially available; no reallocation from the International Offering.",4610900000,0.0415,696765151,0.0208,"Free float denominator = total number of issued Shares upon Listing (before exercise of the Over-allotment Option) = 696,765,151 Shares; H Shares held by the Cornerstone Investors upon Listing (six-month lock-up) are excluded from free float.",696765151,-0.00016594,47,0.0321107,53950000000,221.945,0.370031,1733357631,234.145,247.945,219.145,10433965,0.36084,2393989930,Mechanism B,FINI (from 22/11/2023); 2025-08-04 pricing reform (Mechanism A/B; six-month cornerstone lock-up retained); this IPO: Mechanism B,兆易创新科技集团股份有限公司,Active,313.145,0.410913,0.932994,0.006655,-0.077037,1.4016,1.5287,5.15852e+08,629,1.83404,2.88272,-0.098134,-0.203305,3.1424,3.5572,3.20531e+09,1.3389,,,,,Standard,Huatai Financial Holdings (Hong Kong) Limited,2026-02-07,0,4337300,0.15,2026-02-07,4337300,1,0.337132,0.146897,1.11842,0.302778,1.3167,0.410913,1.4016,0.937169,1.9881,2.2549,6.25038e+08,7.31508e-05,0,0.0856934,0.572516,2026-07-13,2027-01-13,-0.476589,-0.182211,1.2463,Huatai Financial Holdings (Hong Kong) Limited,0,0,4e-05,0.01,0.01004,18,1,0,3,1,POST_FINI,POST_2025_REFORM,0.119435,0.059377,0.128418,20.361959,0.100001,1
2026Q1,0,10,1641.HK,"Hongxing Coldchain (Hunan) Co., Ltd.- H shares",2025-12-31,2026-01-13,CCB International Capital Limited / ABCI Capital Limited,Ernst & Young,Jones Lang LaSalle Corporate Appraisal and Advisory Limited,28522890,256681490,12.26,98263000,23263000,75000000,75000000,0,23263000,20936500,2326500,12.26,12.26,0,0,Fixed price,RMB,1289104000,1211953000,1221976000,881529000,824409000,824092000,407575000,387544000,397884000,201760000,233576000,236096000,100945000,111231000,106614000,75312000,82880000,79366000,0.03,0.03,0,frozen food storage services and frozen food space leasing services,Main Board (Chapter 19A PRC issuer),2025-06-30,75552000,78238000,513000,0,0.075,0.5,0,0,0,0,0,0,,0,0,None,0,"集体所有制企业（长沙红星投资经营管理中心，由2,000余名红星村村民集体所有，无单一自然人/国资实际控制人）",0.5417,0.5417,208452000,"已商业化运营（各期项目已竣工验收并投入运营；2024年Phase V扩建项目通过竣工验收，总可用仓储容量超过230,000吨）",0,Main Board,H Shares,0,0,0,0,601030,HSICS (Hang Seng Industry Classification System) 2026,2006-10-16,19.24,PRC,"Changsha City, Hunan Province, the PRC",1000,IFRS Accounting Standards,2023-01-01,2023-12-31,2024-01-01,2024-12-31,2025-01-01,118048000,53307000,39683000,2025-12-31,2026-01-08,24566464,62861000,16830000,无保留意见 (Unqualified opinion),32900000,FUHUIDA (HK) LIMITED,0.0766,2026-07-13,2309.25,103102,5372469000,"Subscription level 2,309.25 times",,2026-01-12,23263000,2326500,20936500,0,0,Claw-back triggered: No. No. of Offer Shares reallocated from the International Offering (claw-back): N/A,252330000,0.25,98263000,0.2186,Excluding the Offer Shares to be allocated to the cornerstone investor that are subject to a lock-up period of six months following the Listing Date and the H Shares to be converted from Unlisted Shares that are subjected to a lockup period of 12 months following the Listing Date,21482000,-0.00016594,47,0.0321107,53950000000,11.949,-0.025367,-7234793,19.229,19.349,11.649,13868000,0.59614,212183760,Mechanism B,FINI (from 22/11/2023); 2025-08-04 pricing reform (Mechanism A/B; six-month cornerstone lock-up retained); this IPO: Mechanism B,红星冷链(湖南)股份有限公司,Active,8.049,-0.326387,-0.343475,0.006655,-0.077037,0.6692,0.7298,15266736,4.3,-0.640137,-0.649266,-0.098134,-0.203305,0.399,0.4517,111651,0.000526,,,,,Standard,China International Capital Corporation / Sponsor-OC,2026-02-12,0,0,0.15,2026-01-13,0,0,-0.039658,-0.139843,0.102559,-0.146456,0.8627,-0.326387,0.6692,-0.419282,0.596,0.676,5.44596e+06,0.109955,1,0.038544,0.792289,2026-07-13,2027-01-13,-0.063189,-0.211067,3.3207,China International Capital Corporation / Sponsor-OC,0,0,0.0003,0.01,0.0103,1,0,0,0,0,POST_FINI,POST_2025_REFORM,0.325607,0.064949,0.010789,18.403158,0.100009,2
2026Q1,0,11,9611.HK,"Shanghai Longcheer Technology Co., Ltd.- H shares",2026-01-14,2026-01-22,Citigroup Global Markets Asia Limited / Haitong International Capital Limited / Guotai Junan Capital Limited,Ernst & Young,N/A,162006000,1458026100,31,522590644,52259100,470331544,470331544,0,52259100,47033100,5226000,31,,0,0,Fixed price,RMB,19838899000,26345614000,27306843000,3825397000,5593130000,5739830000,16013502000,20752484000,21567013000,27185064000,46382472000,4.17755e+10,651080000,514004000,733184000,602711000,493350000,6.85979e+08,0.022,0.022,0.15,"Smart devices and services provider offering solutions including product research, design, manufacturing, and support",Main Board (Chapter 19A PRC issuer),2025-09-30,915761000,6850371000,1951106000,12463000,0.794,0.75,1,1,0,1,0,1,Suzhou Industrial Park Shunwei Technology Venture Investment (Shunwei Capital),0.091,0,Series A,10.2,自然人,0.3476,0.3476,3877178000,已量产（规模商业化，mass production）,0,Main Board,H Shares,0,0,0,0,701010,HSICS (Hang Seng Industry Classification System) 2026,2004-10-27,21.24,PRC,"Shanghai, PRC",1000,IFRS Accounting Standards,2023-01-01,2023-12-31,2024-01-01,2024-12-31,2025-01-01,31331603000,549888000,514484000,2026-01-14,2026-01-19,52259100,2606382000,708030000,无保留意见（Unqualified opinion）,100100000,Qualcomm; Jiangxi Guokong; OmniVision HK; Hong Kong Yuto; Qingdao Guanlan and Guotai Junan Investments (Hong Kong) Limited (in connection with Guanlan OTC Swaps); Endless Growth,0.2718,2026-07-22,1149.76,145096,6008667200,"Subscription level 1,149.76 times",2026-01-20,2026-01-21,52259100,5226000,47033100,0,0,"Reallocation: No; number of Offer Shares reallocated from the International Offering: 0; final number of Offer Shares under the Hong Kong Public Offering: 5,226,000.",1519900000,0.1002,522590644,0.0728,"Free float denominator = total issued share capital of the Company upon Listing (522,590,644 Shares, before any exercise of the Over-allotment Option); H Shares held by the Cornerstone Investors (14,200,900 Shares, subject to a six-month lock-up) are excluded from the free float; free float 7.28% at the final Offer Price of HK$31.00.",522590644,0.051623,54,0.0269,53973000000,31.529,0.017065,2.76451e+07,34.429,36.289,30.649,24635488,0.47141,836579720,Mechanism B,FINI (from 22/11/2023); 2025-08-04 pricing reform (Mechanism A/B; six-month cornerstone lock-up retained); this IPO: Mechanism B,上海龙旗科技股份有限公司,Active,29.989,-0.048844,-0.032613,0.016971,-0.065439,0.9353,1.0178,82898825,21.74,-0.310476,-0.29871,-0.065239,-0.189887,0.7376,0.8511,1.81021e+07,0.021638,,,,,Standard,China International Capital Corporation / Sponsor-OC,2026-02-21,0,0,0.1111,2026-01-14,0,0,-0.039231,-0.295442,0.312266,-0.034889,0.9236,-0.048844,0.9353,-0.345713,0.6785,0.7811,4.14275e+07,0.00170504,0,0.0392523,0.443109,2026-07-22,2027-01-22,-0.078404,-0.158173,1.1393,China International Capital Corporation / Sponsor-OC,0,0,0.00022,0.01,0.01022,6,1,0,1,1,POST_FINI,POST_2025_REFORM,0.789803,0.025121,-0.099326,20.074309,0.100002,2
2026Q1,0,12,1768.HK,"BUSY MING GROUP CO., LTD.- H shares",2026-01-20,2026-01-28,Goldman Sachs (Asia) L.L.C / Huatai Financial Holdings (Hong Kong) Limited,Ernst & Young,N/A,333653320,3886770160,236.6,214101100,14101100,200000000,200000000,0,14101100,12690900,1410200,236.6,229.6,0.015015,0.03003,At high,RMB,6698734000,10168219000,11545217000,4594816000,5727799000,7222202000,2103918000,4440420000,4323015000,10295318000,39343511000,61828620000,324606000,1152234000,2906468000,217534000,829156000,2078376000,0.03,0.03,0.15,Food and beverage retailer (snack and beverage chain retail under franchise model),Main Board (Chapter 19A PRC issuer),2025-09-30,2189464000,3028411000,,0,0.013,0.75,1,1,1,0,0,1,HongShan; Gaocheng Capital; Black Ant Capital,0.265,1,Series A,4.67,自然人,0.5776,0.5776,306982000,已商业化／规模化经营（原文：established and robustly growing food and beverage retailer）,0,Main Board,H Shares,0,0,0,0,251010,HSICS (Hang Seng Industry Classification System) 2026,2019-12-12,6.13,PRC,"Changsha, Hunan Province, PRC",1000,IFRS Accounting Standards,2023-01-01,2023-12-31,2024-01-01,2024-12-31,2025-01-01,46371465000,2179851000,1558782000,2026-01-20,2026-01-23,212180651,4510011000,230130000,Unqualified opinion,189400000,Tencent; Temasek; BlackRock; FIL Investment; Bosera International; E Fund; Springs Capital (Hong Kong); Taikang Life,0.4141,2026-07-28,1899.49,229245,2678666900,"Subscription level 1,899.49 times",2026-01-26,2026-01-27,15511200,1410200,14101000,2326600,1,Claw-back triggered: No; No. of Offer Shares reallocated from the International Offering: N/A,3528000000,0.3395,215511200,0.0422,"Total issued share capital of the Company upon Listing (215,511,200 Shares; taking into account the full exercise of the Offer Size Adjustment Option and before any exercise of the Over-allotment Option); H Shares; the Offer Shares allocated to Cornerstone Investors are subject to a six-month lock-up and do not count towards free float.",215511200,0.0429986,51,0.0277673,54049000000,400,0.690617,2534530080,445,445,399.2,7881401,0.50811,3312071120,Mechanism B,FINI (from 22/11/2023); 2025-08-04 pricing reform (Mechanism A/B; six-month cornerstone lock-up retained); this IPO: Mechanism B,湖南鸣鸣很忙商业连锁股份有限公司,Active,424.2,0.0605,0.792899,-0.042993,-0.129203,1.1081,1.2179,337110266,382.4,-0.044,0.61623,-0.090418,-0.198223,1.051,1.1924,150550206,0.045455,,,,,Standard,China International Capital Corporation / Sponsor-OC,2026-02-27,0,0,0.15,2026-02-10,2326600,1,0.013065,-0.097124,0.202802,0.019,1.0567,0.0605,1.1081,0.118,1.2012,1.3381,1.58373e+08,0.000335698,0,0.0735101,0.374141,2026-07-28,2027-01-28,-0.044116,0.213301,1.272,China International Capital Corporation / Sponsor-OC,0,0,0.0003,0.01,0.0103,8,1,0,3,1,POST_FINI,POST_2025_REFORM,0.374442,0.180021,0.571507,19.181959,0.100006,1
2026Q1,0,13,9980.HK,"Eastroc Beverage (Group) Co., Ltd. - H shares",2026-01-26,2026-02-03,Huatai Financial Holdings (Hong Kong) Limited / Morgan Stanley Asia Limited / UBS Securities Hong Kong Limited,Deloitte Touche Tohmatsu,N/A,1014072000,10085341600,248,560902900,40889900,520013000,520013000,0,40889900,36800900,4089000,248,,0,0,Fixed price,RMB,14710050000,22676297000,23943346000,6323757000,7691581000,8801215000,8386293000,14984716000,15142131000,11257135000,15830336000,2.24501e+10,2579270000,4107313000,6.37037e+09,2039772000,3326430000,5.01308e+09,0.006,0.006,0.15,Largest functional beverage company in China (energy drinks and soft beverages),Main Board (Chapter 19A PRC issuer),2025-09-30,3132634000,2212533000,51705000,0,0.046,0.75,0,0,0,0,0,0,,0,0,None,0,自然人（Mr. Lin 林木勤，个人直接及通过受控法团控股）,0.465,0.465,7398504000,已实现规模商业化（产品大规模量产并在中国全国销售）,0,Main Board,H Shares,0,0,0,0,251030,HSICS (Hang Seng Industry Classification System) 2026,1994-06-30,31.6,PRC,"Shenzhen, Guangdong Province, PRC（香港主要营业地点：Hong Kong）",1000,IFRS Accounting Standards,2023-01-01,2023-12-31,2024-01-01,2024-12-31,2025-01-01,16837571000,4777777000,3759812000,2026-01-26,2026-01-29,40889900,7477457000,1696293000,无保留意见 Unqualified opinion,146400000,"Al-Rayyan Holding LLC; Taibai Investments Pte. Ltd.; True Light Investments H Pte. Ltd.; BlackRock Funds; UBS Asset Management (Singapore) Ltd.; Huang River Investment Limited; HSG Growth VII Holdco, Ltd.; JPMorgan Asset Management (Asia Pacific) Limited; Azure Skylines Limited; Taikang Life Insurance Co., Ltd; Pacific Century Pines Investments 1 Limited; FMR Participating Funds; Velmar Company Limited; Pinpoint Asset Management Limited; Amazing Mountain Limited; Great China Motivation Fund Phase II L.P.",0.4921,2026-08-03,57.46,66692,234972700,Subscription level 57.46 times,2026-01-30,2026-02-02,40889900,4089000,36800900,3865800,0.630278,Reallocation: No. No. of Offer Shares reallocated from the International Offering: 0,9994300000,0.0729,560902900,0.037,"Free float denominator = total issued share capital of the Company upon Listing (560,902,900 Shares); H Shares held by the Cornerstone Investors are excluded from free float because they are subject to a six-month lock-up following the Listing Date.",560902900,0.0378429,51,0.0279292,53828000000,188.03,-0.241815,-2452167303,185.107,188.03,183.261,5536841,0.135409,1377054170,Mechanism B,FINI (from 22/11/2023); 2025-08-04 pricing reform (Mechanism A/B; six-month cornerstone lock-up retained); this IPO: Mechanism B,东鹏饮料（集团）股份有限公司,Active,166.338,-0.115365,-0.329282,-0.056398,-0.122718,0.9375,1.0084,240597753,115.833,-0.383965,-0.532931,-0.030757,-0.108217,0.6356,0.6908,7.85622e+07,0.057051,,,,,Standard,Morgan Stanley Asia Limited,2026-02-28,1,6133400,0.15,2026-02-28,3865800,0.6303,-0.163802,-0.082137,0.29576,0.025368,1.0181,-0.115365,0.9375,-0.127623,0.8865,0.934,1.16692e+08,0.000485302,0,0.0446886,0.545408,2026-08-03,2027-02-03,0.114864,-0.089248,0.9839,Morgan Stanley Asia Limited,0,0,6e-05,0.01,0.01006,18,1,0,0,0,POST_FINI,POST_2025_REFORM,0.632415,0.209373,0.418170,20.145058,0.100000,1
2026Q1,0,14,2768.HK,"Qingdao Gon Technology Co., Ltd. - H shares",2026-01-27,2026-02-04,"China Merchants Securities (HK) Co., Limited",SHINEWING (HK) CPA Limited,N/A,108000000,972000000,36,301250000,30000000,271250000,271250000,0,30000000,27000000,3000000,42,34,-0.052632,0.210526,Within range,RMB,15053205000,18351448000,19436864000,6379967000,7032329000,7588642000,8673238000,11319119000,11848222000,17438779000,19187511000,20932638000,577933000,797075000,983862000,539610000,720586000,865179600,0.035,0.035,0,Supplier of new chemical materials and upstream and downstream products derived from gelatin and collagen,Main Board; Chapter 19A PRC issuer with other listed shares (A+H),2025-10-31,618394000,2160454000,548933000,0,0.244,0.833333,0,0,0,0,0,0,,0,0,None,0,自然人（Mr. Wang Aiguo 王愛國 与 Ms. Xu Bo 徐波，夫妻）,0.5079,0.5079,6709152000,已商业化（商业化阶段）,0,Main Board,H Shares,1,0,0,0,053040,HSICS (Hang Seng Industry Classification System) 2026,2000-12-22,25.12,PRC,"Qingdao City, Shandong Province, PRC",1000,IFRS Accounting Standards,2023-01-01,2023-12-31,2024-01-01,2024-12-31,2025-01-01,17443865000,819885000,720983000,2026-01-27,2026-01-30,30000000,1811021000,608496000,无保留意见 (Unqualified opinion),82300000,Nice First; SLD International; Cheng A International; Shenwan Hongyuan Securities; First Seafront Fund Series SPC; New Harvest; Luminous Horizon; Fullgoal HK,0.2956,2026-08-04,2251.85,171047,6755553800,"Subscription level 2,251.85 times",2026-02-02,2026-02-03,30000000,3000000,27000000,0,0,Reallocation: No. No. of Offer Shares reallocated from the International Offering: 0,1000400000,0.1017,301250000,0.0701,"Free float denominator = number of issued Shares upon Listing (301,250,000 Shares); H Shares held by the Cornerstone Investors upon Listing (six-month lock-up) are excluded from the free float.",301250000,0.0366626,47,0.0278167,53828000000,26.747,-0.257028,-277590000,30.017,33.936,26.504,25417400,0.847247,1145643930,Mechanism B,FINI (from 22/11/2023); 2025-08-04 pricing reform (Mechanism A/B; six-month cornerstone lock-up retained); this IPO: Mechanism B,青岛国恩科技股份有限公司,Active,31.72,0.185927,-0.118889,-0.040601,-0.078067,1.2361,1.2863,130930319,31.14,0.164243,-0.135,-0.037039,-0.089599,1.209,1.2788,6.05835e+07,0.052882,,,,,Standard,China International Capital Corporation / Sponsor-OC,2026-03-06,0,0,0.15,2026-03-06,0,0,-0.08736,0.040038,0.303403,0.108124,1.0944,0.185927,1.2361,0.311736,1.3366,1.3883,6.69841e+07,0.000962222,0,0.0616546,0.53828,2026-08-04,2027-02-04,0.183643,-0.343306,0.8186,China International Capital Corporation / Sponsor-OC,0,0,0.00035,0.01,0.01035,8,1,0,0,0,POST_FINI,POST_2025_REFORM,0.609575,0.044512,0.090951,19.523451,0.100000,2
2026Q1,0,15,2677.HK,Distinct Healthcare Holdings Limited,2026-01-29,2026-02-06,Haitong International Capital Limited / SPDB International Capital Limited,PricewaterhouseCoopers,N/A,28452500,267818890,59.9,64384350,4750000,59634350,59634350,0,4750000,4275000,475000,66.6,57.7,-0.036203,0.143202,Within range,RMB,1118675000,1325323000,1315282000,-1761329000,-1759425000,-1670610000,2880004000,3084748000,2985892000,690435000,958578000,1043500500,-362194000,79744000,124543500,-353245000,80227000,124816500,0.03,0.03,0.15,Private healthcare services,Main Board Rule 8.05(2) market capitalization/revenue/cash flow test,2025-08-31,112449000,158498000,,0,0.015,0.666667,1,1,1,1,0,1,Matrix Partners; Waterwood DHC; Tiantu Capital; Tencent,0.521,1,Series A,11.75,自然人,0.2669,0.3079,330068000,已商业化运营（拥有并运营19家医疗服务机构，含17家诊所及2家医院）,0,Main Board,Ordinary Shares,0,0,0,0,282020,HSICS (Hang Seng Industry Classification System) 2026,2014-02-13,11.98,Cayman Islands,"Shenzhen, PRC",1000,IFRS Accounting Standards,2023-01-01,2023-12-31,2024-01-01,2024-12-31,2025-01-01,695667000,83029000,83211000,2026-01-29,2026-02-03,64384350,167271000,61100000,无保留意见,70500000,Health Vision; Kingmed Diagnostics; Mininglamp Technology; Galaxy Dynasty,0.3159,2026-08-06,2730.73,147844,1297094450,"Subscription level 2,730.73 times",2026-02-04,2026-02-05,4750000,475000,4275000,196100,0.275228,Reallocation: No,208860000,0.2998,64384350,0.0505,"As such, Shares held by them upon the Listing shall not be 
counted towards the free float of the Shares of the Company at the time of Listing.",64384350,0.0762847,48,0.0266321,53835000000,67.9,0.133556,38000000,81,90.85,65.15,2417400,0.508926,202700400,Mechanism B,FINI (from 22/11/2023); 2025-08-04 pricing reform (Mechanism A/B; six-month cornerstone lock-up retained); this IPO: Mechanism B,卓正医疗控股有限公司,Active,64.65,-0.047865,0.079299,-0.022592,-0.053434,0.9741,1.0059,16980955,21.6,-0.681885,-0.639399,-0.038768,-0.098279,0.3309,0.3528,108175,0.000534,,,,,Standard,China International Capital Corporation / Sponsor-OC,2026-03-05,1,712500,0.15,2026-03-05,196100,0.2752,0.115188,-0.418,0.109096,-0.138439,0.8465,-0.047865,0.9741,-0.583211,0.4195,0.439,6.10648e+06,0.443047,0,0.0485117,0.768409,2026-08-06,2027-02-06,0.008682,-0.186194,1.1609,China International Capital Corporation / Sponsor-OC,0,0,0.0003,0.01,0.0103,4,0,0,4,1,POST_FINI,POST_2025_REFORM,2.270153,0.094897,0.088592,17.980381,0.100000,2
2026Q1,0,16,2714.HK,"Muyuan Foods Co., Ltd. - H shares",2026-01-29,2026-02-06,Morgan Stanley Asia Limited / CITIC Securities (Hong Kong) Limited / Goldman Sachs (Asia) L.L.C.,KPMG Huazhen LLP,Jones Lang LaSalle Corporate Appraisal and Advisory Limited,1068412800,11030288100,39,5736722666,273951400,5462771266,5462771266,0,273951400,246556200,27395200,39,,0,0,Fixed price,RMB,195404600000,187648700000,180755900000,74036700000,77536200000,80439800000,121367900000,110112500000,100316100000,110860700000,137946900000,1.49053e+11,-4170100000,18896400000,2.01285e+10,-4167900000,18925000000,2.01495e+10,0.008,0.008,0.15,"Technology-driven leading pork company, pioneering smart hog farming; vertically-integrated business model spanning hog breeding, hog farming, feed production, slaughtering and meat production",Main Board; Chapter 19A PRC issuer with other listed shares (A+H),2025-09-30,28579500000,17268700000,1263300000,0,0.083,0.75,1,0,1,0,0,0,Henan Hongbao Group; Beixin Ruifeng Fund,0.035,0,Pre-IPO,6.42,自然人/家族,0.5229,0.5293,71212600000,规模商业化（已大规模产业化、智能化量产）,0,Main Board,H Shares,1,0,0,0,252010,HSICS (Hang Seng Industry Classification System) 2026,2000-07-13,25.57,PRC,"Nanyang, Henan Province, PRC",1000000,China Accounting Standards for Business Enterprises (CASBE),2023-01-01,2023-12-31,2024-01-01,2024-12-31,2025-01-01,111790000000,15096400000,15112100000,2026-01-29,2026-02-03,273951400,20934500000,7286600000,Unqualified opinion,224400000,Charoen Pokphand Foods; Wilmar; Sinochem HK; Hong Kong Henan Agri International; FIL Investment; RBC GAM; Perseverance Asset Management; Shanghai Gaoyi and HTCI (in connection with Gaoyi OTC Swaps); Ping An Life Insurance; Dajia Life; UBS AM Singapore; Midea Development Holding BVI; Millennium; Jane Street,0.5,2026-08-06,5.88,21268,161061400,Subscription level 5.88 times,2026-02-04,2026-02-05,273951400,27395200,246556200,36271700,0.88268,"Claw-back triggered: N/A; 0 Offer Shares reallocated from the International Offering; final number of Offer Shares under the Hong Kong Public Offering remains 27,395,200.",10470400000,0.0478,5736722666,0.0239,"Free float denominator = number of issued Shares upon Listing (before exercise of the Over-allotment Option) = 5,736,722,666 Shares (including 69,586,523 treasury A Shares; excluding A Shares issuable on conversion of the outstanding Convertible Bonds); H Shares held by the Cornerstone Investors (six-month lock-up) are excluded from free float.",5736722666,0.0762847,48,0.0266321,53835000000,40.032,0.026462,2.82718e+08,38.512,41.232,38.492,40589241,0.148162,1630588940,Mechanism B,FINI (from 22/11/2023); 2025-08-04 pricing reform (Mechanism A/B; six-month cornerstone lock-up retained); this IPO: Mechanism B,牧原食品股份有限公司,Active,44.532,0.11241,0.141846,-0.022592,-0.053434,1.1381,1.1752,237130173,31.52,-0.21263,-0.191795,-0.038768,-0.098279,0.8191,0.8732,1.00269e+08,0.061492,,,,,Standard,Morgan Stanley Asia Limited,2026-03-05,1,41092700,0.15,2026-03-05,36271700,0.8827,0.172624,-0.051586,0.850252,-0.032974,0.9501,0.11241,1.1381,-0.032974,0.9733,1.0185,1.66699e+08,0.000186389,0,0.0281409,0.443161,2026-08-06,2027-02-06,0.051904,0.096589,1.3222,Morgan Stanley Asia Limited,0,0,8e-05,0.01,0.01008,14,1,0,2,1,POST_FINI,POST_2025_REFORM,0.554981,0.111474,0.080510,22.470154,0.100000,1
2026Q1,0,17,3200.HK,"Shenzhen Han's CNC Technology Co., Ltd. - H shares",2026-01-29,2026-02-06,China International Capital Corporation Hong Kong Securities Limited,Ernst & Young,N/A,483330160,5074937940,95.8,475960952,50451800,425509152,425509152,0,50451800,45406600,5045200,95.8,,0,0,Fixed price,RMB,5979127000,7186497000,9568686000,4688545000,5136377000,5684292000,1290582000,2050120000,3884394000,1634311000,3343091000,5176975200,137426000,329583000,707899200,135668000,299582000,622702800,0.025,0.025,0.15,"Specialized PCB production equipment (R&D, production and sales)",Main Board; Chapter 19A PRC issuer with other listed shares (A+H),2025-10-31,-754356000,1146344000,299957000,0,0.325,0.833333,0,0,0,0,0,0,,0,0,None,0,自然人（Mr. Gao Yunfeng 高雲峰，ultimate beneficial owner of Dazu Holdings）,0.7545,0.7145,860116000,规模商业化/已量产（中国最大专用PCB生产设备制造商，2024年市场份额10.1%，钻孔设备市场份额超过30%；部分新代钻孔设备仍处于early stage of commercialization）,0,Main Board,H Shares,1,0,0,0,101020,HSICS (Hang Seng Industry Classification System) 2026,2002-04-22,23.79,PRC,"Shenzhen, Guangdong Province, PRC",1000,IFRS Accounting Standards,2023-01-01,2023-12-31,2024-01-01,2024-12-31,2025-01-01,4314146000,589916000,518919000,2026-01-29,2026-02-03,50451800,1342856000,114200000,无保留意见（Unqualified/true and fair view）,202600000,"Hongxing International; GIC Private Limited; Schroders; HHLRA; MSIP; Fullgoal (Fullgoal HK, Fullgoal Fund); Tibet Longrising and CICC Financial Trading Limited (in connection with Tibet Longrising OTC Swaps); ICBC Wealth; Wind Sabre; OmniVision HK",0.4999,2026-08-06,446.39,159985,2252124400,Subscription level 446.39 times,2026-02-04,2026-02-05,50451800,5045200,45406600,7567700,1,"Claw-back triggered: N/A. Final no. of Offer Shares under the Hong Kong Public Offering (5,045,200) equals the initial number; no Offer Shares reallocated from the International Offering.",4630700000,0.106,475960952,0.053,"Free float upon Listing = H Shares held by the public other than the H Shares held by the Cornerstone Investors (six-month lock-up, excluded from free float); denominator = total issued share capital of the Company upon Listing, being 475,960,952 Shares (before exercise of the Over-allotment Option).",475960952,0.0762847,48,0.0266321,53835000000,109.314,0.141065,6.81806e+08,105.314,115.314,104.414,13100659,0.259667,1458683390,Mechanism B,FINI (from 22/11/2023); 2025-08-04 pricing reform (Mechanism A/B; six-month cornerstone lock-up retained); this IPO: Mechanism B,深圳市大族数控科技股份有限公司,Active,117.914,0.078672,0.230835,-0.022592,-0.053434,1.1036,1.1396,2.2052e+08,102.5,-0.062334,0.069937,-0.038768,-0.098279,0.9755,1.0399,227422247,0.155909,,,,,Standard,"China International Capital Corporation Hong Kong 
Securities Limited",2026-03-05,0,7567700,0.15,2026-03-05,7567700,1,-0.092249,-0.099903,0.354753,0.080502,1.0616,0.078672,1.1036,0.484714,1.4943,1.5637,1.93104e+08,0.00026219,0,0.0618671,0.590622,2026-08-06,2027-02-06,0.321498,-0.283636,0.9803,"China International Capital Corporation Hong Kong 
Securities Limited",0,0,0.00025,0.01,0.01025,11,1,0,0,0,POST_FINI,POST_2025_REFORM,0.405949,0.065077,0.548559,19.980846,0.100000,1
2026Q1,0,18,6809.HK,"Montage Technology Co., Ltd. - H shares",2026-01-30,2026-02-09,China International Capital Corporation Hong Kong Securities Limited / Morgan Stanley Asia Limited / UBS Securities Hong Kong Limited,Ernst & Young,Savills Valuation and Professional Services (China) Limited,704298210,7395131205,106.89,1212316521,65890000,1146426521,1146426521,0,65890000,59301000,6589000,106.89,,0,0,Fixed price,RMB,10697540000,12218910000,13751629000,10206620000,11396504000,12257090000,490920000,822406000,1494539000,2285738000,3638911000,5.41025e+09,472219000,1412617000,2.25731e+09,451148000,1340735000,2101820000,0.0065,0.0065,0.15,"Leading global fabless IC design company dedicated to providing innovative, reliable and power-efficient interconnect solutions for cloud computing and AI infrastructure",Main Board; Chapter 19A PRC issuer with other listed shares (A+H),2025-09-30,1600671000,8771934000,533161000,0,0.768,0.75,1,0,0,1,0,1,Intel Capital,0.1,0,Strategic Round,9.5,无实际控制人,0.0684,0.0684,38202000,已量产（Mass production）,0,Main Board,H Shares,1,0,0,0,703010,HSICS (Hang Seng Industry Classification System) 2026,2004-05-27,21.71,PRC,"Shanghai, PRC",1000,IFRS Accounting Standards,2023-01-01,2023-12-31,2024-01-01,2024-12-31,2025-01-01,4057688000,1692985000,1576365000,2026-01-30,2026-02-04,65890000,2493802000,227860000,无保留意见,138400000,JPMIMI; UBS AM; New Alternative; New Golden Future; Alisoft China; Aspex; Janchor Fund; abrdn Asia; Barings; Mirae Asset; AGIC; Hel Ved; Huaqin Telecom; Huadeng Technology; PSBC Wealth; Taikang Life; MY Asian; Qube,0.4982,2026-08-09,707.3,260646,4660409500,Subscription level 707.3 times,2026-02-05,2026-02-06,65890000,6589000,59301000,9883500,1,"Claw-back triggered: N/A (no reallocation). No. of Offer Shares reallocated from the International Offering: none; final number of Offer Shares under the Hong Kong Public Offering 6,589,000, unchanged from the 6,589,000 initially available.",6904600000,0.0544,1212316521,0.0273,"Free float denominator = total issued Shares upon Listing before exercise of the Over-allotment Option (1,212,316,521 Shares). Free float = the 65,890,000 H Shares under the Global Offering less the 32,828,000 H Shares allocated to the Cornerstone Investors, which are subject to a six-month lock-up ending August 8, 2026 and are therefore excluded.",1212316521,0.0912018,48,0.0265,53835000000,174.559,0.633071,4458710410,167.559,175.559,155.559,21167253,0.321251,3396100770,Mechanism B,FINI (from 22/11/2023); 2025-08-04 pricing reform (Mechanism A/B; six-month cornerstone lock-up retained); this IPO: Mechanism B,澜起科技股份有限公司,Active,178.228,0.021019,0.667396,-0.041751,-0.066958,1.0655,1.0943,5.97331e+08,257.369,0.474395,1.40779,-0.040318,-0.091948,1.5363,1.6237,1724044708,0.507654,,,,,Standard,China International Capital Corporation / Sponsor-OC,2026-03-11,0,0,0.15,2026-03-11,9883500,1,0.164909,0.19108,0.565255,0.057287,1.0756,0.022342,1.0669,1.56738,2.6726,2.8149,7.39632e+08,7.45079e-05,0,0.0910387,0.541432,2026-08-09,2027-02-09,0.255719,-0.117234,0.6206,China International Capital Corporation / Sponsor-OC,0,0,6.5e-05,0.01,0.010065,18,1,0,1,1,POST_FINI,POST_2025_REFORM,0.108681,0.152842,0.486777,20.915799,0.100000,1
2026Q1,0,19,0600.HK,"Axera Semiconductor Co., Ltd. - H shares",2026-01-30,2026-02-10,China International Capital Corporation Hong Kong Securities Limited / Guotai Junan Capital Limited / BOCOM International (Asia) Limited,KPMG,N/A,295863120,2695911540,28.2,587760481,104915200,482845281,482845281,0,104915200,94423600,10491600,28.2,28.2,0,0,Fixed price,RMB,2533166000,3007959000,3028879000,-1531058000,-2375894000,-4517599000,4064224000,5383853000,7546478000,230127000,472892000,358712000,-743071000,-904197000,-1.14093e+09,-743071000,-904197000,-1.14093e+09,0.02,0.02,0.15,Provider of artificial intelligence (“AI”) inference systems-on-a-chip (“SoCs”),Main Board under Rule 8.05(3) of the Listing Rules (market capitalization/revenue test),2025-09-30,-548875000,340433000,413854000,0,0.75,0.75,1,1,0,1,0,1,Qiming Venture Partners; Meituan; Tencent; GGV Capital; Walden International; Boyuan Capital,0.567,1,Series Angel,6.25,自然人,0.187,0.187,704075000,已实现大规模量产（商业化）,0,Main Board,H Shares,0,0,0,0,703010,HSICS (Hang Seng Industry Classification System) 2026,2020-04-20,5.81,PRC,"Ningbo, Zhejiang, PRC",1000,IFRS Accounting Standards,2023-01-01,2023-12-31,2024-01-01,2024-12-31,2025-01-01,269034000,-855700000,-855700000,2026-01-30,2026-02-05,587760481,56964000,143700000,无保留意见（Unqualified opinion）,168500000,WILL semiconductor Limited; Xin Ma Apparel International Limited; JSC International Investment Fund SPC; NGS Super Pty Limited; Desay SV Automotive Singapore Pte. Ltd.; Factorial Master Fund; Hel Ved Master Fund; Valliance Asset Management Limited; Alphahill Capital Limited; Joyson Electronics Holdings Hong Kong Limited; Jupiter Global Master Fund Ltd.; GRANITE ASIA IX VCC; Longhorn and CICC Financial Trading Limited; NonaVerse (Hong Kong) Limited; Qingdao Guanlan and Guotai Junan Investments (Hong Kong) Limited; Jinyi Capital Multi-Strategy Fund SPC Ltd.,0.4876,2026-08-10,104.82,85091,1099698000,Subscription level 104.82 times,,2026-02-09,104915200,10491600,94423600,1176100,0.074733,"No claw-back was triggered and no Offer Shares were reallocated from the International Offering; the final number of Offer Shares under the Hong Kong Public Offering (10,491,600) equals the number initially available.",2799000000,0.6033,587760481,0.0915,"Free float denominator = number of issued Shares upon Listing (before exercise of the Over-allotment Option) = 587,760,481 Shares; the 51,156,300 Offer Shares allocated to Cornerstone Investors (six-month lock-up) are excluded from the free float.",587760481,0.0912018,48,0.0265,53835000000,28.2,0,0,28.2,29.18,28.2,22587400,0.215292,635409810,Mechanism B,FINI (from 22/11/2023); 2025-08-04 pricing reform (Mechanism A/B; six-month cornerstone lock-up retained); this IPO: Mechanism B,爱芯元智半导体股份有限公司,Active,26,-0.078014,-0.078014,-0.053945,-0.077672,0.9746,0.9996,135534053,13.65,-0.515957,-0.515957,-0.045825,-0.097517,0.5073,0.5363,2.1084e+07,0.033182,,,,,Standard,China International Capital Corporation Hong Kong Securities Limited,2026-03-07,1,15737200,0.15,2026-03-07,1176100,0.0747,-0.111427,-0.189516,0.104925,0.002128,1.02,-0.078014,0.9746,-0.251773,0.7922,0.8418,5.96783e+07,0.0025489,0,0.0605687,0.733062,2026-08-10,2027-02-10,0.228263,0.280606,0.8115,China International Capital Corporation Hong Kong Securities Limited,0,0,0.0002,0.01,0.0102,16,1,0,6,1,POST_FINI,POST_2025_REFORM,2.491509,-0.376684,-0.241450,20.191830,0.100001,1
2026Q1,0,20,2720.HK,Ridge Outdoor International Limited,2026-01-30,2026-02-10,China International Capital Corporation Hong Kong Securities Limited,KPMG,N/A,34551125,310960125,12.25,128205000,28205000,100000000,100000000,0,28205000,25384500,2820500,12.25,11.25,0.042553,0.085106,At high,RMB,241657000,340334000,378887000,136986000,-45305000,10650000,104671000,385639000,368237000,463251000,573463000,690403500,64678000,79005000,111928500,49001000,59405000,84361500,0.04,0.04,0,Fishing-related equipment OEM/ODM manufacturing,Main Board,2025-08-31,68939000,106353000,3821000,0,0.549,0.666667,0,0,0,0,0,0,,0,0,None,0,自然人,0.7392,0.7392,231662000,规模商业化（已量产）,0,Main Board,Ordinary Shares,0,0,0,0,232030,HSICS (Hang Seng Industry Classification System) 2026,2024-07-17,1.57,Cayman Islands,"Hangzhou, Zhejiang Province, PRC",1000,IFRS Accounting Standards,2023-01-01,2023-12-31,2024-01-01,2024-12-31,2025-01-01,460269000,74619000,56241000,2026-01-31,2026-02-05,128205000,127515000,2900000,无保留意见（Unqualified opinion）,59600000,"Orbit Venture Capital Management Co., Limited; Huangshan Dejun Enterprise Management Co., Ltd.",0.3762,2026-08-10,3654.23,111036,10306751000,"Subscription level 3,654.23 times",2026-02-06,2026-02-09,28205000,2820500,25384500,0,0,"Reallocation: N/A; no Offer Shares reallocated from the International Offering; final number of Offer Shares under the Hong Kong Public Offering remains 2,820,500 Shares (10% of the Global Offering).",285200000,0.2608,128205000,0.1372,"Free float denominator = total issued Shares of the Company upon Listing (128,205,000 Shares, same as col_CZ); Shares held by the Cornerstone Investors upon Listing are excluded from free float.",128205000,0.0912018,48,0.0265,53835000000,24.78,1.02286,353408650,24.02,29.4,21.5,6228020,0.220813,147957400,Mechanism B,FINI (from 22/11/2023); 2025-08-04 pricing reform (Mechanism A/B; six-month cornerstone lock-up retained); this IPO: Mechanism B,乐欣户外国际有限公司,Active,26.9,0.085553,1.19592,-0.053945,-0.077672,1.1475,1.177,16447160,24.14,-0.025827,0.970612,-0.045825,-0.097517,1.021,1.0794,964780,0.006521,,,,,Standard,China International Capital Corporation / Sponsor-OC,2026-03-12,0,0,0.15,2026-02-10,0,0,0.132906,-0.022305,0.11067,0.212268,1.2339,0.085553,1.1475,-0.016949,1.0408,1.106,6.21059e+06,0.0320372,0,0.110216,0.523544,2026-08-10,2027-02-10,-0.022642,0.291961,1.0536,China International Capital Corporation / Sponsor-OC,0,0,0.0004,0.01,0.0104,4,1,0,0,0,POST_FINI,POST_2025_REFORM,0.971891,0.222656,0.203920,18.669141,0.100000,1
2026Q1,0,21,0470.HK,"WUXI LEAD INTELLIGENT EQUIPMENT CO., LTD. - H shares",2026-02-03,2026-02-11,CITIC Securities (Hong Kong) Limited / J.P. Morgan Securities (Far East) Limited,Deloitte Touche Tohmatsu,N/A,428761280,4520313440,45.8,1659779034,93616000,1566163034,1566163034,0,93616000,84254400,9361600,45.8,,0,0,Fixed price,RMB,35222000000,36094000000,38923000000,11847000000,11579000000,12702000000,23374000000,24515000000,26221000000,16483341000,11773350000,1.38501e+10,1910699000,112255000,1710404000,1770777000,268031000,1.54839e+09,0.01,0.01,0.15,"New energy intelligent equipment and intelligent manufacturing solutions (lithium-ion battery, PV, 3C, intelligent logistics, hydrogen energy)",Main Board; Chapter 19A PRC issuer with other listed shares (A+H),2025-09-30,3835248000,4785399000,1231206000,0,0.524,0.75,0,0,0,0,0,0,,0,0,None,0,自然人,0.3051,0.3051,3754111000,已量产（规模商业化，mass production）,0,Main Board,H Shares,1,0,0,0,101020,HSICS (Hang Seng Industry Classification System) 2026,2002-04-30,23.79,PRC,"Wuxi City, Jiangsu Province, PRC",1000,IFRS Accounting Standards,2023-01-01,2023-12-31,2024-01-01,2024-12-31,2025-01-01,10387540000,1282803000,1161295000,2026-02-03,2026-02-06,93616000,3204568000,374777000,无保留意见（Unqualified opinion）,121500000,Oaktree; Pinpoint; AMF; MY Asian; MSIP; Ovata Capital; QRT; Wuxi Jinchou and GTHT (in connection with the Wuxi Jinchou OTC Swaps); Millennium; Rome Garden,0.4348,2026-08-11,79.54,57322,744604700,Subscription level 79.54 times,2026-02-09,2026-02-10,107658400,9361600,98296800,400000,0.02477,"Claw-back triggered: N/A; no Offer Shares reallocated from the International Offering to the Hong Kong Public Offering; the 14,042,400 additional Offer Shares from the full exercise of the Offer Size Adjustment Option were allocated in full to the International Offering",4796400000,0.06432,1673821434,0.03636,"Free float denominator = number of issued Shares upon Listing (before exercise of the Over-allotment Option) = 1,673,821,434 Shares; H Shares held by the Cornerstone Investors upon Listing (subject to a six-month lock-up) are not counted towards the free float of the H Shares",1673821434,0.0162571,47,0.0253363,53835000000,45.471,-0.007183,-3.54196e+07,45.931,46.211,44.711,26371151,0.244952,1215061730,Mechanism B,FINI (from 22/11/2023); 2025-08-04 pricing reform (Mechanism A/B; six-month cornerstone lock-up retained); this IPO: Mechanism B,无锡先导智能装备股份有限公司,Active,45.391,-0.001759,-0.00893,-0.066044,-0.094893,1.0688,1.1029,1.51649e+08,31.38,-0.30989,-0.314847,-0.059178,-0.122831,0.7335,0.7867,38865295,0.031986,,,,,Standard,J.P. Morgan Securities (Asia Pacific) Limited,2026-03-08,1,16148700,0.15,2026-03-08,16148700,1,-0.02079,0.185728,0.428625,-0.006158,1.0259,-0.001759,1.0688,0.108861,1.172,1.2555,1.16778e+08,0.000464849,0,0.0417138,0.570228,2026-08-11,2027-02-11,0.068229,-0.068475,1.2079,J.P. Morgan Securities (Asia Pacific) Limited,0,0,0.0001,0.01,0.0101,10,1,0,0,0,POST_FINI,POST_2025_REFORM,0.673663,0.039781,0.176394,21.229950,0.100000,1
2026Q1,0,22,2706.HK,"Beijing Haizhi Technology Group Co., Ltd. - H Shares",2026-02-05,2026-02-13,CMB International Capital Limited / BOCI Asia Limited / Shenwan Hongyuan Capital (H.K.) Limited,KPMG,N/A,75854592,682642620,27.06,400430680,28030200,372400480,372400480,0,28030200,25227000,2803200,28,25.6,0.009701,0.089552,Within range,RMB,1062551000,633505000,830705000,-1233571000,-1350745000,-1476077000,2296122000,1984250000,2306782000,375573000,503129000,3.32099e+08,-271721000,-94594000,-2.86431e+08,-265650000,-93733000,-281092000,0.03,0.03,0,Leading company in China that develops Atlas graph solutions and industry-level intelligent agents by integrating knowledge graphs and LLMs and offers industry-level AI solutions,Main Board Rule 8.05(3) capitalization/revenue test,2025-09-30,-144409000,42494000,56760000,0,0.321,0.75,1,1,1,1,0,1,Legend Capital; IDG Capital; Baidu; CICC Alpha,0.423,1,Series A-1,11.42,自然人,0.2739,0.2739,12473000,已商业化（Atlas graph solutions 已广泛采用并贡献主要收入，Atlas AI agent 加速商业化中）,0,Main Board,H Shares,0,0,0,0,702015,HSICS (Hang Seng Industry Classification System) 2026,2013-08-23,12.48,PRC,"Beijing, PRC",1000,IFRS Accounting Standards,2023-01-01,2023-12-31,2024-01-01,2024-12-31,2025-01-01,249074000,-214823000,-210819000,2026-02-05,2026-02-10,400430680,98895000,4600000,Unqualified opinion (无保留意见),102800000,JSC International Investment Fund SPC (acting for and on behalf of Etown SP); JINGSHENG HENGXING; Infini; Mega Prime,0.1537,2026-08-13,5065.06,232258,14198363600,"Subscription level 5,065.06 times",2026-02-11,2026-02-12,28030200,2803200,25227000,0,0,"Claw-back triggered: N/A. Final no. of Offer Shares under the Hong Kong Public Offering 2,803,200, same as the number initially available (10% of the Global Offering); no Offer Shares were reallocated from the International Offering.",655400000,0.5753,400430680,0.0592,"Denominator = total number of issued Shares upon Listing (400,430,680 Shares); H Shares held by the Cornerstone Investors upon Listing (six-month lock-up) are not counted towards the free float of the H Shares of the Company.",400430680,0.0146783,44,0.0249435,53812000000,92.6,2.42203,1837099308,82.3,99.6,82.3,9807072,0.349875,863448700,Mechanism B,FINI (from 22/11/2023); 2025-08-04 pricing reform (Mechanism A/B; six-month cornerstone lock-up retained); this IPO: Mechanism B,北京海致科技集团股份有限公司,Active,83.05,-0.103132,2.06911,-0.026295,-0.047157,0.9211,0.9413,392113740,43.72,-0.527862,0.615669,-0.044062,-0.105967,0.4939,0.5281,237463300,0.275017,,,,,Standard,China International Capital Corporation / Sponsor-OC,2026-03-15,0,0,0.15,2026-02-13,0,0,-0.103165,-0.210332,0.246296,0.318575,1.3174,-0.103132,0.9211,-0.403348,0.6244,0.6707,1.88924e+08,0.000646865,0,0.245249,0.867327,2026-08-13,2027-02-13,-0.120604,0.522519,0.7385,China International Capital Corporation / Sponsor-OC,0,0,0.0003,0.01,0.0103,4,1,0,4,1,POST_FINI,POST_2025_REFORM,2.776897,-0.338378,-0.339933,19.808051,0.100006,2
2026Q1,0,23,9981.HK,"Shenzhen Woer Heat-Shrinkable Material Co., Ltd. - H Shares",2026-02-05,2026-02-13,"China Securities (International) Corporate Finance Company Limited / China Merchants Securities (HK) Co., Limited",Moore CPA Limited,N/A,281239910,2531135082,20.09,1399887362,139988800,1259898562,1259898562,0,139988800,125989800,13999000,20.09,,0,0,Fixed price,RMB,8980436000,10230326000,11636384000,5462504000,6128329000,6465696000,3517932000,4101997000,5170688000,5718841000,6920102000,8.10224e+09,872877000,1073863000,1381448000,757727000,920503000,1.17774e+09,0.012,0.012,0,"Electronic communications business, electrical power transmission business, and wind power operations",Main Board; Chapter 19A PRC issuer with other listed shares (A+H),2025-09-30,886257000,931647000,325688000,0,0.193,0.75,1,0,1,0,0,0,Xuanyuan Private Fund,0.024,0,Pre-IPO,3.25,自然人（周和平先生与易华蓉女士为单一最大股东，无控股股东）,0.1354,0.1364,2530497000,规模商业化（已量产）,0,Main Board,H Shares,1,0,0,0,101020,HSICS (Hang Seng Industry Classification System) 2026,1998-06-19,27.66,PRC,"Shenzhen, PRC",1000,IFRS Accounting Standards,2023-01-01,2023-12-31,2024-01-01,2024-12-31,2025-01-01,6076678000,1036086000,883303000,2026-02-05,2026-02-10,139988800,1877737000,776065000,无保留意见（Unqualified opinion）,78800000,"HHLR Advisors, Ltd.; Shanghai Greenwoods and Huatai Capital Investment Limited (in connection with Greenwoods OTC Swaps); Jump Trading Pacific Pte. Ltd.; Huizhou Huilian Investment Partnership (Limited Partnership); JCC and Guotai Junan Investments (Hong Kong) Limited (in connection with JCC OTC Swaps); Shen Zhen New World Investment (H.K) Limited; BEST CHEER DEVELOPMENT LIMITED; RIME Capital Limited; SCV Alpha LP; Yield Royal Investment Holding (Singapore) PTE. LTD.; Guohui (HK) Holdings Co., Limited; Pu Xin Guotai Junan Investments (Hong Kong) Limited (in connection with Pu Xin OTC Swaps); CAPCHEM (HONGKONG) CO., LIMITED; Enhanced Investment Products Limited; Factorial Master Fund; Qianhai Starlight Capital SPC",0.3445,2026-08-13,569.58,141463,7973503000,Subscription level 569.58 times,2026-02-11,2026-02-12,139988800,13999000,125989800,0,0,"Claw-back triggered: N/A — no reallocation from the International Offering; the final number of Hong Kong Offer Shares (13,999,000) equals the initial number and represents 10.00% of the Global Offering.",2733600000,0.1007,1399887362,0.0655,"Free float denominator = total issued share capital upon Listing (1,399,887,362 Shares); H Shares held by the Cornerstone Investors (six-month lock-up until August 12, 2026) are excluded from the free float.",1399887362,0.0146783,44,0.0249435,53812000000,20.491,0.01996,5.61355e+07,19.911,21.611,19.911,31940320,0.228163,676860690,Mechanism B,FINI (from 22/11/2023); 2025-08-04 pricing reform (Mechanism A/B; six-month cornerstone lock-up retained); this IPO: Mechanism B,深圳市沃尔核材股份有限公司,Active,20.411,-0.003904,0.015978,-0.026295,-0.047157,1.023,1.0454,1.4847e+08,10.65,-0.48026,-0.469886,-0.044062,-0.105967,0.5437,0.5813,15526065,0.022938,,,,,Standard,China International Capital Corporation / Sponsor-OC,2026-03-15,0,0,0.15,2026-02-13,0,0,0.04938,-0.015128,0.609153,0.015617,1.0147,-0.003904,1.023,-0.336733,0.6941,0.7455,8.77223e+07,0.000864754,0,0.0379338,0.57344,2026-08-13,2027-02-13,-0.135446,-0.084519,1.0141,China International Capital Corporation / Sponsor-OC,0,0,0.00012,0.01,0.01012,19,1,0,1,1,POST_FINI,POST_2025_REFORM,0.444355,0.101212,0.170827,21.059658,0.100001,2
2026Q1,0,24,2649.HK,"ALSCO Pooling Service Co., Ltd. - H Shares",2026-02-27,2026-03-09,China Securities (International) Corporate Finance Company Limited,Ernst & Young,N/A,22374000,201322000,11,90336000,20336000,70000000,70000000,0,20336000,18302000,2034000,14,11,-0.12,0.24,At low,RMB,844409000,865825000,894849000,399652000,430166000,457412000,444757000,435659000,437437000,794019000,837620000,800004000,81142000,64487000,52431000,64149000,50741000,40338000,0.03,0.03,0.15,"Reusable package services, primarily pooling and rental of reusable containers for automotive parts manufacturers and OEMs",Main Board (Chapter 19A PRC issuer),2025-08-31,111489000,88915000,8630000,0,0.265,0.666667,1,1,0,1,1,0,Suzhou Industrial Park Fund; Green Pine Capital; Hengxu Capital,0.185,0,Series Pre-A,5.33,自然人,0.4363,0.4363,193927000,已量产（规模商业化，mass production）,0,Main Board,H Shares,0,0,0,0,103020,HSICS (Hang Seng Industry Classification System) 2026,2016-12-12,9.24,PRC,"Suzhou, Jiangsu, PRC",1000,IFRS Accounting Standards,2023-01-01,2023-12-31,2024-01-01,2024-12-31,2025-01-01,533336000,34954000,26892000,2026-02-27,2026-03-04,87653705,111198000,98800000,Unqualified opinion,49400000,,0,,5297.23,162571,10774571500,"Subscription level 5,297.23 times",2026-03-05,2026-03-06,20336000,2034000,18302000,0,0,Claw-back triggered: No,175520000,0.3045,90336000,0.2251,"Free float denominator = total number of issued Shares upon Listing (90,336,000 Shares); all existing Shareholders (70,000,000 Shares) are subject to a 12-month lock-up under applicable PRC laws and there are no cornerstone investors, so the free float consists of the 20,336,000 H Shares under the Global Offering.",90336000,-0.0143655,48,0.024322,53891000000,6.2,-0.436364,-97612800,7.5,7.9,6,18761400,0.922571,186591000,Mechanism B,FINI (from 22/11/2023); 2025-08-04 pricing reform (Mechanism A/B; six-month cornerstone lock-up retained); this IPO: Mechanism B,苏州优乐赛共享服务股份有限公司,Suspended,,,,,,,,,,,,,,,,,,,,,,Standard,China International Capital Corporation / Sponsor-OC,2026-04-08,0,0,0.15,2026-03-09,0,0,,,,-0.196774,0.8014,,,,,,,0.0141484,0,0.111193,0.532911,2026-09-09,2027-03-09,,,,China International Capital Corporation / Sponsor-OC,0,0,0.0003,0.01,0.0103,0,0,0,3,1,POST_FINI,POST_2025_REFORM,0.488839,0.045078,-0.044908,18.319047,0.100020,3
2026Q1,0,25,2715.HK,"ESTUN AUTOMATION CO., LTD - H Shares",2026-02-27,2026-03-09,Huatai Financial Holdings (Hong Kong) Limited,KPMG,N/A,148654080,1337886720,15.36,967798453,96780000,871018453,871018453,0,96780000,87102000,9678000,17,15.36,-0.05068,0.10136,At low,RMB,10081499000,10140899000,10133433000,2822014000,1892702000,1983749000,7259485000,8248197000,8149684000,4651949000,4008772000,5.07143e+09,167537000,-775524000,7.97733e+07,133627000,-817685000,39600000,0.016,0.016,0.15,"Leading industrial robotics company in China, offering (i) industrial robots and intelligent manufacturing systems and (ii) core automation components and motion control systems",Main Board; Rule 8.05(3) (market capitalization/revenue test); Chapter 19A PRC issuer (A+H),2025-09-30,300061000,1121966000,318511000,35703000,0.372,0.75,0,0,0,0,0,0,,0,0,None,0,自然人,0.3794,0.3794,4518826000,规模商业化,0.1,Main Board,H Shares,1,0,0,0,701030,HSICS (Hang Seng Industry Classification System) 2026,2002-02-26,24.03,PRC,"Nanjing, Jiangsu Province, PRC",1000,IFRS Accounting Standards,2023-01-01,2023-12-31,2024-01-01,2024-12-31,2025-01-01,3803570000,59830000,29700000,2026-02-27,2026-03-04,96780000,1070715000,171600000,Unqualified opinion,79900000,Harvest Oriental; Hengtong Optic-electric International; Dream’ee HK Fund; Deep Source; Haitian Huayuan; New Fortune; Qianhai Hezhong Investment,0.3518,2026-09-09,19.67,27190,190369800,Subscription level 19.67 times,2026-03-05,2026-03-06,96780000,9678000,87102000,0,0,"Claw-back triggered: N/A; final number of Offer Shares under the Hong Kong Public Offering = initial 9,678,000 (no shares reallocated from the International Offering)",1411530000,0.1,967798453,0.0648,"Total issued Shares upon Listing (before exercise of the Over-allotment Option) = 967,798,453; H Shares held by Cornerstone Investors upon Listing are excluded from free float (six-month lock-up)",967798453,-0.0143655,48,0.024322,53891000000,12.9,-0.160156,-238078800,15.36,15.36,12.5,20582460,0.212673,293044500,Mechanism B,FINI (from 22/11/2023); 2025-08-04 pricing reform (Mechanism A/B; six-month cornerstone lock-up retained); this IPO: Mechanism B,南京埃斯顿自动化股份有限公司,Active,12.87,-0.002326,-0.162109,0.019071,-0.00374,0.979,1.0014,32601815,15.24,0.181395,-0.007812,-0.005254,-0.105417,1.1876,1.3206,104176330,0.355497,,,,,Standard,China International Capital Corporation / Sponsor-OC,2026-04-08,0,0,0.15,2026-03-09,0,0,0.075644,0.137529,0.790988,0,0.9978,-0.002326,0.979,0.368217,1.4243,1.431,1.15303e+08,0.000923587,0,0.0652666,0.417876,2026-09-09,2027-03-09,-0.08606,-0.215582,0.3782,China International Capital Corporation / Sponsor-OC,0,0,0.00016,0.01,0.01016,7,1,0,0,0,POST_FINI,POST_2025_REFORM,0.804237,0.003908,0.265083,20.690534,0.100000,2
2026Q1,0,26,2692.HK,"Shenzhen Zhaowei Machinery & Electronics Co., Ltd. - H Shares",2026-02-27,2026-03-09,"China Merchants Securities (HK) Co., Limited / Deutsche Securities Asia Limited",Ernst & Young,N/A,190666872,1715951952,71.28,267482700,26748300,240734400,240734400,0,26748300,24073400,2674900,73.68,,0,0,Fixed price,RMB,3804044000,4121910000,4236374000,3087682000,3226211000,3406966000,716362000,895699000,829408000,1205945000,1524599000,1.67359e+09,192175000,244716000,2.65651e+08,179923000,225419000,2.42813e+08,0.017,0.017,0,"No. 1 provider of integrated micro transmission and drive system products in China and No. 4 globally; designs, manufactures and sells micro transmission and drive systems and precision components",Main Board; Chapter 19A PRC issuer with other listed shares (A+H),2025-09-30,102235000,211312000,127914000,0,0.442,0.75,0,0,0,0,0,0,,0,0,None,0,自然人,0.5616,0.5616,152807000,商业化/已量产（首批商业化高自由度灵巧手产品；微型传动系统已实现量产）,0,Main Board,H Shares,1,0,0,0,101020,HSICS (Hang Seng Industry Classification System) 2026,2001-04-19,24.89,PRC,"Shenzhen, PRC",1000,IFRS Accounting Standards,2023-01-01,2023-12-31,2024-01-01,2024-12-31,2025-01-01,1255189000,199238000,182110000,2026-02-27,2026-03-04,26748300,409937000,123856000,无保留意见 (Unqualified opinion),78500000,HHLRA; Mirae Asset Securities HK; Perseverance Asset Management; Da Cheng International; GF Fund HK; Oakwise Growth Fund; Jump Trading; VVC Technology; FMF; Taihu Golden Valley; Topstar Worldwide; Virtues Capital and China Securities (International) Investment Company Limited (in connection with the OTC Swaps); Hengbang and China Galaxy International Investment Company Limited (in connection with the Hengbang OTC Swaps); W Investment; BeingBoom Capital; Mr. He Maoling; Mr. Luo Jie; Bridge Zone Group; CMBC International; RIME; Main Source Capital,0.3417,2026-09-09,1536.76,180292,4110686100,"Subscription level 1,536.76 times",2026-03-05,2026-03-06,26748300,2674900,24073400,0,0,"Claw-back triggered: N/A; final HK Public Offering shares (2,674,900) equal the number initially available (2,674,900), i.e. no claw-back and no reallocation from the International Offering",1827730000,0.1,267482700,0.0658,"Free float denominator = number of issued Shares upon Listing (before exercise of the Over-allotment Option) = 267,482,700 Shares (240,734,400 A Shares + 26,748,300 H Shares); H Shares held by the Cornerstone Investors (9,140,700, six-month lock-up) are excluded from the free float",267482700,-0.0143655,48,0.024322,53891000000,72.564,0.018013,3.43448e+07,77.564,79.364,71.164,5117000,0.191302,400713230,Mechanism B,FINI (from 22/11/2023); 2025-08-04 pricing reform (Mechanism A/B; six-month cornerstone lock-up retained); this IPO: Mechanism B,深圳市兆威机电股份有限公司,Active,66.264,-0.08682,-0.07037,0.019071,-0.00374,0.8961,0.9166,1.1242e+08,38.66,-0.467229,-0.457632,-0.005254,-0.105417,0.5356,0.5956,1.69447e+07,0.042286,,,,,Standard,China International Capital Corporation / Sponsor-OC,2026-04-08,0,0,0.15,2026-03-09,0,0,-0.022688,0.041501,0.43797,0.053057,1.0507,-0.08682,0.8961,-0.123532,0.9124,0.9167,1.01006e+08,0.00100567,0,0.056835,0.592005,2026-09-09,2027-03-09,-0.007655,-0.176957,0.5975,China International Capital Corporation / Sponsor-OC,0,0,0.00017,0.01,0.01017,21,1,0,0,0,POST_FINI,POST_2025_REFORM,0.195783,0.057316,0.097725,19.404565,0.100003,2
2026Q1,0,27,3268.HK,"MeiG Smart Technology Co., Ltd. - H Shares",2026-02-27,2026-03-10,China International Capital Corporation Hong Kong Securities Ltd.,Ernst & Young,N/A,101010000,1060605000,28.86,296756700,35000000,261756700,261756700,0,35000000,31500000,3500000,28.86,,0,0,Fixed price,RMB,2144722000,2759557000,2850665000,1479793000,1567113000,1681325000,664929000,1192444000,1169340000,2147336000,2941374000,3.76172e+09,63127000,124141000,1.62853e+08,62609000,134375000,1.50893e+08,0.0265,0.0265,0.15,"Wireless communication modules and solutions (focus on smart modules, particularly high-computing-power smart modules; applied across general IoT, ICV and wireless broadband sectors)",Main Board; Chapter 19A PRC issuer with other listed shares (A+H),2025-09-30,44460000,315854000,153125000,8420000,0.495,0.75,1,1,0,0,0,0,Fenghuangshan Investment,0.052,0,Pre-IPO,4.5,自然人,0.4336,0.4336,358339000,已量产（Mass production）,0.15,Main Board,H Shares,1,0,0,0,701010,HSICS (Hang Seng Industry Classification System) 2026,2007-04-05,18.93,PRC,"Shenzhen, PRC",1000,IFRS Accounting Standards,2023-01-01,2023-12-31,2024-01-01,2024-12-31,2025-01-01,2821288000,122140000,113170000,2026-02-27,2026-03-05,35000000,356579000,21966000,无保留意见,65600000,"Baoyue Lake Shenzhen Industrial Investment Win-Win Enterprise Management Limited (Baoyue Win-Win); Meiko Elec. Hong Kong Co., Limited (Meiko HK); Streamax Electronics Limited (Streamax Electronics); Harvest International Premium Value (Secondary Market) Fund SPC on behalf of Harvest Oriental SP (Harvest); Jinyi Capital Multi-Strategy Fund SPC Ltd. (JinYi Capital); Open Wealth Management Limited (Open Wealth); China Winning Limited (China Winning); Chau Tsang Cheong (Mr. Chau)",0.3947,2026-09-10,174.12,57965,609436500,Subscription level 174.12 times,2026-03-06,2026-03-09,40250000,3500000,36750000,0,0,Claw-back triggered: N/A（无回拨，国际配售未向公开发售重新分配股份）,1090800000,0.1333,302006700,0.0807,"Free float shares = Offer Shares under the Global Offering after full exercise of the Offer Size Adjustment Option but before the Over-allotment Option (col_CS = 40,250,000) less H Shares allocated to Cornerstone Investors (15,887,400, subject to a six-month lock-up); denominator = total issued share capital of the Company upon Listing (302,006,700 Shares).",302006700,-0.0143655,48,0.024322,53891000000,29.185,0.011261,13081250,28.925,30.545,28.305,9834700,0.24434,286433680,Mechanism B,FINI (from 22/11/2023); 2025-08-04 pricing reform (Mechanism A/B; six-month cornerstone lock-up retained); this IPO: Mechanism B,美格智能技术股份有限公司,Active,21.685,-0.256981,-0.248614,-0.007993,-0.047201,0.749,0.7798,8.18129e+07,19.75,-0.323283,-0.315662,-0.03873,-0.144262,0.704,0.7908,3.22723e+07,0.112669,,,,,Standard,China International Capital Corporation / Sponsor-OC,2026-04-09,0,0,0.15,2026-03-10,0,1,0.123077,0.077473,0.428412,-0.078808,0.9257,-0.256981,0.749,-0.283707,0.7668,0.7786,5.61821e+07,0.00163374,0,0.0494103,0.531081,2026-09-10,2027-03-10,0.042751,0.207109,0.4647,China International Capital Corporation / Sponsor-OC,0,0,0.000265,0.01,0.010265,9,1,0,1,0,POST_FINI,POST_2025_REFORM,0.410199,0.052933,0.278899,19.508423,0.100000,1
2026Q1,0,29,1989.HK,Delton Technology (Guangzhou) Inc. - H Shares,2026-03-12,2026-03-20,CITIC Securities (Hong Kong) Limited / HSBC Corporate Finance (Hong Kong) Limited,Ernst & Young,N/A,330648000,2975832000,71.88,472446482,46000000,426446482,426446482,0,46000000,41400000,4600000,71.88,,0,0,Fixed price,RMB,3812432000,5685756000,6771716000,1830314000,3073846000,3633951000,1982118000,2611910000,3137765000,2678270000,3734285000,5.11351e+09,496883000,762481000,1097952000,414686000,676100000,965092000,0.02,0.02,0,"Development, manufacture and sales of customized printed circuit boards (PCBs) for high performance servers and other computing applications",Main Board; Chapter 19A PRC issuer with other listed shares (A+H),2025-09-30,759552000,702425000,193920000,0,0.593,0.75,1,1,0,0,1,0,Shenzhen Talent Innovation Venture Fund No. 2,0.041,0,Pre-IPO,4,自然人,0.4843,0.4843,571914000,已量产,0,Main Board,H Shares,1,0,0,0,101025,HSICS (Hang Seng Industry Classification System) 2026,2002-06-17,23.76,PRC,"Guangzhou, PRC",1000,IFRS Accounting Standards,2023-01-01,2023-12-31,2024-01-01,2024-12-31,2025-01-01,3835129000,823464000,723819000,2026-03-12,2026-03-17,46000000,1336538000,716933000,无保留意见（Unqualified opinion）,131100000,CPE; Yuanfeng Asset Management and GTINV (in connection with the Yuanfeng OTC Swaps); Shanghai Greenwoods and CITIC Securities International Capital Management Limited (in connection with CITICS Back-to-back TRS and CITICS Client TRS); HK Greenwoods; UBS AM Singapore; Value Partners; Eastspring; GBAHIL; MY Asian; Barings; Dajia Life; ICBC Wealth,0.4494,2026-09-20,1070.72,202417,4925330400,"Subscription level 1,070.72 times",2026-03-18,2026-03-19,46000000,4600000,41400000,0,0,Claw-back triggered: N/A (no claw-back); Number of Offer Shares reallocated from the International Offering to the Hong Kong Public Offering: 0,3185260000,0.0974,472446482,0.0536,"Free float denominator = total issued Shares upon Listing (472,446,482 Shares) at the final Offer Price of HK$71.88; the 20,674,500 H Shares (4.38%) allocated to the Cornerstone Investors are subject to a six-month lock-up from the Listing Date and excluded from free float; free float = 46,000,000 Offer Shares − 20,674,500 Cornerstone Shares = 25,325,500 H Shares (5.36%).",472446482,-0.0248942,44,0.0202982,53874000000,95.257,0.325223,1075342000,94.307,147.157,94.257,26811648,0.582862,2775598170,Mechanism B,FINI (from 22/11/2023); 2025-08-04 pricing reform (Mechanism A/B; six-month cornerstone lock-up retained); this IPO: Mechanism B,广州广合科技股份有限公司,Active,148.657,0.560589,1.06813,0.047875,0.038815,1.4893,1.5023,5.32655e+08,123,0.291244,0.711185,-0.009281,-0.092171,1.3033,1.4223,1.99418e+08,0.071847,,,,,Standard,China International Capital Corporation / Sponsor-OC,2026-04-19,0,0,0.15,2026-03-20,0,0,0.280964,0.120862,0.678032,0.05249,1.0703,0.560589,1.4893,0.783145,1.9252,1.9397,3.73308e+08,0.000226857,0,0.0789562,0.623289,2026-09-20,2027-03-20,0.111701,0.086483,8.5416,China International Capital Corporation / Sponsor-OC,0,0,0.0002,0.01,0.0102,12,1,0,1,1,POST_FINI,POST_2025_REFORM,0.463363,0.142518,0.369341,19.973435,0.100000,1
2026Q1,0,30,2701.HK,Nsing Technologies Inc. - H Shares,2026-03-13,2026-03-23,CITIC Securities (Hong Kong) Limited,Deloitte Touche Tohmatsu,Jones Lang LaSalle Corporate Appraisal and Advisory Limited,102600000,923400000,10.8,678126700,95000000,583126700,583126700,0,95000000,85500000,9500000,10.8,,0,0,Fixed price,RMB,3802580000,3712937000,3565848000,1245502000,1052762000,976503000,2557078000,2660175000,2589345000,1036753000,1167550000,1.27775e+09,-603920000,-269084000,-114852000,-593990000,-255724000,-1.00995e+08,0.025,0.025,0,"Platform-based integrated circuit (IC) design company focusing on delivering control chips and system solutions, and lithium-ion battery anode material business",Main Board under Rule 8.05(3) of the Listing Rules (market capitalization/revenue test),2025-09-30,-49673000,187870000,120082000,43899000,0.478,0.75,0,0,0,0,0,0,,0,0,None,0,无实际控制人,0.0228,0.0228,1682708000,规模商业化（已量产）,0.15,Main Board,H Shares,0,0,0,0,703010,HSICS (Hang Seng Industry Classification System) 2026,2000-03-20,26.01,PRC,"Shenzhen, PRC",1000,IFRS Accounting Standards,2023-01-01,2023-12-31,2024-01-01,2024-12-31,2025-01-01,958315000,-86139000,-75746000,2026-03-13,2026-03-18,95000000,182686000,112000000,无保留意见 (Unqualified opinion),82000000,Guohua Life Insurance; Harvest Oriental II; Ms. Tai; Mr. An; Sunwoda Treasury,0.1364,2026-09-23,131.83,56547,1252387600,Subscription level 131.83 times,2026-03-19,2026-03-20,95000000,9500000,85500000,0,0,"Claw-back triggered: No — no Offer Shares were reallocated from the International Offering to the Hong Kong Public Offering; the final number of Hong Kong Offer Shares (9,500,000) equals the number initially available (10% of the Global Offering).",943900000,0.1401,678126700,0.121,"Denominator = total issued share capital immediately upon Listing (678,126,700 Shares, excluding treasury shares); H Shares held by the Cornerstone Investors (six-month lock-up until September 22, 2026) are not counted towards the free float of the H Shares of the Company.",678126700,-0.0484846,44,0.0202982,53854000000,11.25,0.041667,42750000,14.3,16.5,10.9,58692800,0.617819,747406900,Mechanism B,FINI (from 22/11/2023); 2025-08-04 pricing reform (Mechanism A/B; six-month cornerstone lock-up retained); this IPO: Mechanism B,国民技术股份有限公司,Active,12.49,0.110222,0.156481,0.073035,0.05336,1.0347,1.054,236981330,8.745,-0.222667,-0.190278,0.018523,-0.07075,0.7632,0.8365,21900510,0.029302,,,,,Standard,China International Capital Corporation / Sponsor-OC,2026-04-22,0,0,0.15,2026-03-23,0,0,-0.03695,0.122498,0.935756,0.144,1.1179,0.110222,1.0347,0.144889,1.2097,1.2245,2.01662e+08,0.000460136,0,0.04436,0.563011,2026-09-23,2027-03-23,,,,China International Capital Corporation / Sponsor-OC,0,0,0.00025,0.01,0.01025,5,0,0,0,0,POST_FINI,POST_2025_REFORM,0.726151,-0.028323,0.094386,20.334845,0.100000,1
2026Q1,0,31,3355.HK,FS.COM Ltd. - H Shares,2026-03-13,2026-03-23,"China International Capital Corporation Hong Kong Securities Limited / China Securities (International) Corporate Finance Company Limited / China Merchants Securities (HK) Co., Limited",Deloitte Touche Tohmatsu,Jones Lang LaSalle Corporate Appraisal and Advisory Limited,166400000,1733709120,41.6,400000000,40000000,360000000,360000000,0,40000000,36000000,4000000,41.6,35.2,0.083333,0.166667,At high,RMB,2719416000,3550399000,3721620000,1997982000,2400737000,1984512000,721434000,1149662000,1737108000,2212851000,2611793000,2899624000,513250000,456575000,6.43931e+08,456747000,397257000,564232000,0.023,0.023,0.15,Online DTC networking solution provider,Main Board (Chapter 19A PRC issuer),2025-09-30,542647000,613353000,124273000,0,0.069,0.75,1,1,1,0,0,1,Fortune Venture Capital (达晨财智); Harvest Capital; Shenzhen Chiyu,0.226,1,Series Pre-A,7.42,自然人,0.5504,0.5504,649587000,规模商业化,0,Main Board,H Shares,0,0,0,0,702025,HSICS (Hang Seng Industry Classification System) 2026,2009-04-09,16.95,PRC,"Shenzhen, PRC",1000,IFRS Accounting Standards,2023-01-01,2023-12-31,2024-01-01,2024-12-31,2025-01-01,2174718000,482948000,423174000,2026-03-13,2026-03-18,400000000,1142819000,59893000,无保留意见,102400000,Hao Fund; Great Holding; WT Asset Management; Caitong SEIII; Intewise Ultimate Clients and CICC FT (in connection with the Intewise OTC Swaps); Foresight; SCGC Capital; Aether; GF Fund HK; Kaifeng Ultimate Clients and CICC FT (in connection with the Kaifeng OTC Swaps); Wider Huge,0.4231,2026-09-23,1579.71,196756,6318827400,"Subscription level 1,579.71 times",2026-03-19,2026-03-20,40000000,4000000,36000000,5675700,0.94595,"Claw-back triggered: N/A. Final no. of Offer Shares under the Hong Kong Public Offering (after reallocation) was 4,000,000, same as the number initially available; no Offer Shares were reallocated from the International Offering.",1559030000,0.2837,400000000,0.0577,"Free float = H Shares under the Global Offering excluding the Over-allotment Option (40,000,000), less the H Shares allocated to the Cornerstone Investors and subject to their six-month lock-up ending 22 September 2026 (16,922,900); denominator = total number of issued Shares upon Listing (400,000,000), before exercise of the Over-allotment Option.",400000000,-0.0484846,44,0.0202982,53854000000,46.635,0.121034,201400000,55.435,56.435,42.735,13032960,0.325824,706589260,Mechanism B,FINI (from 22/11/2023); 2025-08-04 pricing reform (Mechanism A/B; six-month cornerstone lock-up retained); this IPO: Mechanism B,深圳市飞速创新技术股份有限公司,Active,50.035,0.072907,0.202764,0.073035,0.05336,0.9999,1.0186,93320849,39.24,-0.158572,-0.056731,0.018523,-0.07075,0.8261,0.9055,3.07954e+07,0.043583,,,,,Standard,"China International Capital Corporation Hong Kong Securities 
Limited",2026-04-17,1,6000000,0.15,2026-04-17,5675700,0.9459,0.045955,-0.152275,0.255636,-0.025732,0.952,0.072907,0.9999,-0.206604,0.8383,0.8486,4.25542e+07,0.00331843,0,0.0578347,0.471959,2026-09-23,2027-03-23,,,,"China International Capital Corporation Hong Kong Securities 
Limited",0,0,0.00023,0.01,0.01023,11,1,0,3,1,POST_FINI,POST_2025_REFORM,0.466761,0.151609,0.110204,19.806975,0.100000,1
2026Q1,0,32,2632.HK,"Jiangsu New Vision Automotive Electronics Co., Ltd. - H Shares",2026-03-16,2026-03-24,Haitong International Capital Limited. / CITIC Securities (Hong Kong) Limited,Ernst & Young,N/A,71721130,645490170,44.2,123395266,16226500,107168766,107168766,0,16226500,14603850,1622650,48,42,-0.017778,0.133333,Within range,RMB,565749000,776136000,763522000,-643726000,-897390000,-1235990000,1209475000,1673526000,1999512000,549362000,577620000,6.39895e+08,-174563000,-136556000,-4.54595e+08,-174618000,-137851000,-4.58247e+08,0.03,0.03,0,"Automotive head-up display (HUD) solutions - research and development, production and sale of HUD solutions, testing solutions and other innovative initiatives",Main Board - Rule 8.05(3) market capitalization/revenue test,2025-09-30,-48969000,104764000,48880000,0,0.831,0.75,1,1,0,1,0,1,Shunwei Capital; Cathay Capital; SAIC Capital; Baidu Ventures,0.384,1,Series A,8.64,自然人,0.3879,0.3879,130357000,规模商业化（已量产）,0,Main Board,H Shares,0,0,0,0,231020,HSICS (Hang Seng Industry Classification System) 2026,2015-05-29,10.82,PRC,"Yizheng, Yangzhou, Jiangsu Province, PRC",1000,IFRS Accounting Standards,2023-01-01,2023-12-31,2024-01-01,2024-12-31,2025-01-01,479921000,-340946000,-343685000,2026-03-16,2026-03-19,109037029,114894000,43400000,无保留意见,68100000,"Yingke No. 1 (Hongkong) Limited; Hongkong High Tech Industrial (Beijing) Development Investment Co., Limited",0.1533,2026-09-24,68.89,31183,111790150,Subscription level 68.89 times,2026-03-20,2026-03-23,16226500,1622650,14603850,0,0,Reallocation: No; No. of Offer Shares reallocated from the International Offering (reallocation): 0,649670000,0.6121,123395266,0.1113,"Free float denominator = number of issued Shares upon Listing (123,395,266 Shares); excluded from free float: H Shares held by the Cornerstone Investors (six-month lock-up) and by existing Shareholders (12-month lock-up under applicable PRC laws).",123395266,-0.0631844,44,0.0207583,53854000000,27.88,-0.369231,-264816480,43.9,45.8,27.7,5219350,0.321656,230200300,Mechanism B,FINI (from 22/11/2023); 2025-08-04 pricing reform (Mechanism A/B; six-month cornerstone lock-up retained); this IPO: Mechanism B,江苏泽景汽车电子股份有限公司,Active,86.8,2.11334,0.963801,0.033973,0.007168,3.011,3.0912,29613460,62,1.22382,0.402715,-0.012072,-0.097241,2.251,2.4634,9239090,0.040135,,,,,Standard,China International Capital Corporation / Sponsor-OC,2026-04-23,0,0,0.15,2026-03-24,0,0,0.427372,0.412442,0.562823,0.685796,1.7071,2.11334,3.011,3.24677,4.6948,4.8209,1.75755e+07,0.0190379,0,0.107174,0.618909,2026-09-24,2027-03-24,,,,China International Capital Corporation / Sponsor-OC,0,0,0.0003,0.01,0.0103,3,1,0,4,1,POST_FINI,POST_2025_REFORM,2.618801,-0.600175,0.107813,18.630903,0.100000,1
2026Q1,0,33,2729.HK,"Zhejiang Galaxis Technology Group Co., Ltd. - H Shares",2026-03-16,2026-03-24,Guotai Junan Capital Limited / CITIC Securities (Hong Kong) Limited,KPMG,N/A,61305468,551749212,16.66,427883729,36798000,391085729,391085729,0,36798000,33118200,3679800,20.4,16.4,-0.094565,0.217391,Within range,RMB,2149769000,2006318000,1925095000,-893636000,-1065759000,-1195899000,3043405000,3072077000,3120994000,550790000,721417000,735516000,-241381000,-176921000,-1.78543e+08,-241614000,-178058000,-1.79295e+08,0.02,0.02,0.15,"Intelligent intralogistics robotics provider (MSRs, AMRs and CSRs)",Main Board Rule 8.05(3) market capitalization/revenue test,2025-09-30,-35288000,81893000,48113000,0,0.274,0.75,1,1,0,1,0,1,ByteDance; Legend Star; Infore Capital,0.321,1,Series A,7.5,自然人,0.2726,0.2726,84967000,规模商业化（已量产）,0,Main Board,H Shares,0,0,0,0,701030,HSICS (Hang Seng Industry Classification System) 2026,2016-10-20,9.42,PRC,"Jiaxing City, Zhejiang Province, PRC",1000,IFRS Accounting Standards,2023-01-01,2023-12-31,2024-01-01,2024-12-31,2025-01-01,551637000,-133907000,-134471000,2026-03-16,2026-03-19,427883729,91412000,3000000,无保留意见 (Unqualified opinion),59600000,,0,,2153.26,107253,7923551200,Subscription level 2153.26 times,2026-03-20,2026-03-23,36798000,3679800,33118200,0,0,"Reallocation: N/A (no clawback); final number of Offer Shares under the Hong Kong Public Offering remains 3,679,800, being 10% of the Global Offering.",555700000,0.5985,427883729,0.086,"Free float denominator = total issued Shares upon Listing (427,883,729 Shares, same as col_CZ), excluding Shares issuable under the Pre-IPO Share Option Scheme; free float shares = Global Offering Shares 36,798,000 minus cornerstone allocation 0.",427883729,-0.0631844,44,0.0207583,53854000000,30.7,0.842737,516643920,32,34.98,29,11298600,0.307044,334777000,Mechanism B,FINI (from 22/11/2023); 2025-08-04 pricing reform (Mechanism A/B; six-month cornerstone lock-up retained); this IPO: Mechanism B,浙江凯乐士科技集团股份有限公司,Active,37.92,0.235179,1.27611,0.033973,0.007168,1.1946,1.2264,44924785,28.08,-0.085342,0.685474,-0.012072,-0.097241,0.9258,1.0132,33550995,0.100219,,,,,Standard,China International Capital Corporation / Sponsor-OC,2026-04-23,0,0,0.15,2026-04-23,0,0,-0.131553,-0.146097,0.43558,-0.054072,0.9579,0.235179,1.1946,-0.028664,1.0738,1.1026,2.57654e+07,0.00372331,0,0.0909483,0.417447,2026-09-24,2027-03-24,,,,China International Capital Corporation / Sponsor-OC,0,0,0.0002,0.01,0.0102,0,0,0,3,1,POST_FINI,POST_2025_REFORM,1.621216,-0.093136,0.019543,19.874362,0.100000,1
2026Q1,0,34,1021.HK,"Guangdong Huayan Robotics Co., Ltd. - H Shares",2026-03-20,2026-03-30,China International Capital Corporation Hong Kong Securities Limited / Deutsche Securities Asia Limited,Ernst & Young,N/A,274669000,1533648200,17,531479980,80785000,450694980,450694980,0,80785000,76745600,4039400,17,17,0,0,Fixed price,RMB,584215000,616563000,680231000,478065000,496259000,528093000,106150000,120304000,152138000,175380000,310441000,3.74507e+08,-39547000,16709000,-25584000,1895000,17869000,-20784000,0.0225,0.0225,0.15,"Collaborative robotics company engaged in the development, manufacturing and sale of collaborative robots (“cobots”) and core motion components for industrial automation applications",Chapter 18C Specialist Technology Company (Commercial Company),2025-09-30,-18313000,101151000,50978000,0,0.553,0.75,1,1,0,1,1,0,Foxconn (Industrial Fulian); Guangdong Semiconductor Fund; Yuecai Venture Capital,0.6056,1,Series A,6.33,自然人,0.3006,0.3345,16580000,商业化阶段（已实现成功的商业化，符合上市规则第18C章 Commercial Company 收入要求）,0,Main Board,H Shares,0,0,0,1,701030,HSICS (Hang Seng Industry Classification System) 2026,2017-09-07,8.56,PRC,"Foshan City, Guangdong Province, PRC",1000,IFRS Accounting Standards,2023-01-01,2023-12-31,2024-01-01,2024-12-31,2025-01-01,280880000,-19188000,-15588000,2026-03-20,2026-03-25,513452180,105552000,6297000,无保留意见 (Unqualified opinion),92900000,HHLRA; GF Fund; MSIP; Samson Group; Haojun Investment and HTCI (in connection with Haojun Investment OTC Swaps); Eternal Summer; Shrewd Pioneer; Richfirm; VVC Technology,0.4872,2026-09-30,5059.38,227070,20436879200,"Subscription level (before taking into account the Offer Size Adjustment Option) 5,059.38 times",,2026-03-27,92902600,16157000,76745600,13469000,0.966532,"12,117,600 Offer Shares reallocated from the International Offering to the Hong Kong Public Offering (claw-back), giving a final Hong Kong Public Offering of 16,157,000 Offer Shares",1478180000,0.5339,543597580,0.0876,"Free float denominator = number of issued Shares upon Listing (543,597,580 Shares, after full exercise of the Offer Size Adjustment Option and before exercise of the Over-allotment Option); the Company confirms it satisfies the Rule 19A.13C free float requirement at the final Offer Price of HK$17.00 per H Share.",543597580,-0.0451345,40,0.0205446,53770000000,18.4,0.082353,130063640,16.8,21.52,16.5,44789300,0.48211,842825030,Mechanism A,FINI (from 22/11/2023); 2025-08-04 pricing reform (Mechanism A/B; six-month cornerstone lock-up retained); this IPO: Mechanism A,广东华沿机器人股份有限公司,Active,19.9,0.081522,0.170588,0.05499,0.046895,1.0251,1.0331,114006531,,,,,,,,,,,,,,18C (Specialist Tech),"China International Capital Corporation Hong Kong Securities 
Limited",2026-04-24,1,13935200,0.15,2026-04-24,13935200,1,-0.007035,-0.151764,0.245843,-0.039674,0.918,0.081522,1.0251,-0.094022,0.9603,0.9445,5.18252e+07,0.0028624,0,0.0606684,0.666998,2026-09-30,2027-03-30,,,,"China International Capital Corporation Hong Kong Securities 
Limited",0,0,0.000225,0.01,0.010225,9,1,0,3,1,POST_FINI,POST_2025_REFORM,0.223656,-0.030554,0.206371,20.091176,0.050002,1
2026Q1,0,35,2526.HK,"Hangzhou Diagens Biotechnology Co., Ltd. - B - H Shares",2026-03-20,2026-03-30,Huatai Financial Holdings (Hong Kong) Limited,Ernst & Young,N/A,79195050,712725750,99,88879200,7999200,80880000,80880000,0,7999200,7199250,799950,112.5,95.6,-0.048534,0.162422,Within range,RMB,221090000,212474000,244069000,-85618000,174182000,196062000,306708000,38292000,48007000,52844000,70352000,1.48821e+08,-56184000,-43389000,-48884000,-56116000,-43375000,-4.88653e+07,0.03,0.03,0,Medical devices company focusing on medical imaging products and services,Chapter 18A,2025-09-30,-21553000,39595000,68672000,0,0.56,0.75,1,1,1,0,1,1,Lilly Asia Ventures; CDH Investments; Hangzhou High-Tech Venture Fund,0.445,1,Series A,7.42,自然人,0.4737,0.4737,11938000,"Commercialized — one commercialized product (AutoVision®), three commercialized medical devices and four key reagents and consumables; Core Product AI AutoVision® at registration stage",0,Main Board,H Shares,0,0,1,0,282010,HSICS (Hang Seng Industry Classification System) 2026,2016-09-19,9.52,PRC,"Hangzhou, Zhejiang, PRC",1000,HKFRS Accounting Standards,2023-01-01,2023-12-31,2024-01-01,2024-12-31,2025-01-01,111616000,-36663000,-36649000,2026-03-20,2026-03-25,88879200,84669000,6200000,Unqualified opinion,69800000,,0,,1073.37,115017,858643350,"Subscription level 1,073.37 times",2026-03-26,2026-03-27,7999200,799950,7199250,0,0,Reallocation: No; No. of Offer Shares reallocated from the International Offering: 0,719800000,0.5263,88879200,0.09,"Free float denominator = total number of issued Shares upon Listing (88,879,200 Shares); all existing Shareholders (80,880,000 Shares) are subject to a 12-month lock-up under the PRC Company Law and there are no cornerstone investors, so the free float consists of the 7,999,200 H Shares under the Global Offering.",88879200,-0.0451345,40,0.0205446,53770000000,209.6,1.11717,884711520,219,226,191,2240320,0.280068,446524500,Mechanism B,FINI (from 22/11/2023); 2025-08-04 pricing reform (Mechanism A/B; six-month cornerstone lock-up retained); this IPO: Mechanism B,杭州德适生物科技股份有限公司,Active,271,0.292939,1.73737,0.05499,0.046895,1.2255,1.235,101206090,,,,,,,,,,,,,,18A (Biotech / B-tag),China International Capital Corporation / Sponsor-OC,2026-04-29,0,0,0.15,2026-03-30,0,0,0.088459,0.309963,0.564035,0.302481,1.245,0.292939,1.2255,0.479008,1.5677,1.5418,5.72559e+07,0.00234563,0,0.135274,0.493661,2026-09-30,2027-03-30,,,,China International Capital Corporation / Sponsor-OC,0,0,0.0003,0.01,0.0103,0,0,0,3,1,POST_FINI,POST_2025_REFORM,0.196694,-0.200211,1.115377,18.302789,0.100004,2
2026Q1,0,36,2726.HK,"Epiworld International Co., Ltd. - H Shares",2026-03-20,2026-03-30,China International Capital Corporation Hong Kong Securities Limited,BDO Limited,N/A,163901805,1475081928,76.26,425584810,21492050,404092760,404092760,0,21492050,19342800,2149250,76.26,76.26,0,0,Fixed price,RMB,3073598000,4502944000,4366624000,1464167000,2813484000,2977464000,1609431000,1689460000,1389160000,1142502000,974316000,7.13417e+08,163153000,208181000,58968000,107505000,165067000,2.81933e+07,0.025,0.025,0,"Silicon carbide (SiC) epitaxy industry; research and development, mass production and sales of SiC epitaxial wafers",Main Board (Chapter 19A PRC issuer),2025-09-30,176241000,1832787000,50374000,0,0.619,0.75,1,0,0,1,1,1,Huawei Hubble; BYD; SAIC; Guangdong Semiconductor Fund,0.368,1,Series A,6.5,自然人,0.2739,0.2739,769604000,已量产/规模商业化——全球最大碳化硅外延代工厂，SiC 外延片已实现大规模商业化供应（含 8 英寸）,0,Main Board,H Shares,0,0,0,0,703020,HSICS (Hang Seng Industry Classification System) 2026,2011-03-31,15,PRC,"Xiamen, Fujian, PRC",1000,IFRS Accounting Standards,2023-01-01,2023-12-31,2024-01-01,2024-12-31,2025-01-01,535063000,44226000,21145000,2026-03-20,2026-03-25,425584810,137081000,69806000,无保留意见 (Unqualified opinion),78900000,Xiamen Advanced Intelligent Manufacturing Industry Investment Limited,0.468,2026-09-30,50.66,45084,108882750,Subscription level 50.66 times,,2026-03-27,21492050,2149250,19342800,0,0,0 Offer Shares reallocated from the International Offering to the Hong Kong Public Offering,1559500000,0.1506,425584810,0.0268655,Existing Shareholders' Shares (subject to a one-year lock-up under the PRC Company Law) and the Cornerstone Investor's H Shares are excluded from the free float; denominator is the issued share capital upon Listing,425584810,-0.0451345,40,0.0205446,53770000000,103,0.350643,574697417,110,116,92.3,2471710,0.115006,258528900,Mechanism B,FINI (from 22/11/2023); 2025-08-04 pricing reform (Mechanism A/B; six-month cornerstone lock-up retained); this IPO: Mechanism B,瀚天天成电子科技（厦门）股份有限公司,Active,104.2,0.01165,0.366378,0.05499,0.046895,0.9589,0.9663,36502105,,,,,,,,,,,,,,Standard,China International Capital Corporation / Sponsor-OC,2026-04-29,0,0,0.15,2026-03-30,0,0,0.08078,0.012476,0.766114,0.07767,1.0301,0.01165,0.9589,0.012621,1.0734,1.0556,3.02022e+07,0.00131962,0,0.058644,0.421986,2026-09-30,2027-03-30,,,,China International Capital Corporation / Sponsor-OC,0,0,0.00025,0.01,0.01025,1,1,0,4,1,POST_FINI,POST_2025_REFORM,0.318131,0.006457,-0.267777,19.868975,0.100002,1
2026Q1,0,37,6636.HK,"Shandong Extreme Vision Technology Co., Ltd. - H Shares",2026-03-20,2026-03-30,CITIC Securities (Hong Kong) Limited,Ernst & Young,N/A,99840000,399360000,40,112914783,12480000,100434783,100434783,0,12480000,11856000,624000,40,40,0,0,Fixed price,RMB,335225000,470796000,474647000,212488000,242982000,215974000,122737000,227814000,258673000,127681000,257296000,1.81739e+08,-56025000,4925000,-49232000,-56246000,8708000,-4.83947e+07,0.03,0.03,0,"AI computer vision solution provider delivering end-to-end solution development, deployment and management services",Chapter 18C Specialist Technology Company (Commercial Company),2025-09-30,-21373000,19684000,46860000,0,0.305,0.75,1,1,0,1,1,1,Qualcomm Ventures; China Resources Capital; Shandong Development Fund,0.412,1,Series Angel,9.33,自然人,0.2654,0.2654,81962000,"商业化阶段：以项目制模式交付（project-based business model），累计交付逾6,000个项目、服务逾3,000名客户，产品复购率超80%；大型模型解决方案自2024年起推向市场",0,Main Board,H Shares,0,0,0,1,702015,HSICS (Hang Seng Industry Classification System) 2026,2015-06-15,10.79,PRC,"Qingdao, Shandong Province, PRC",1000,IFRS Accounting Standards,2023-01-01,2023-12-31,2024-01-01,2024-12-31,2025-01-01,136304000,-36924000,-36296000,2026-03-20,2026-03-25,112352436,61144000,1021000,无保留意见（Unqualified opinion）,64200000,Zhengjin International; GKI,0.0946,2026-09-30,4591.37,159089,2865013350,"Subscription level 4,591.37 times",,2026-03-27,12480000,2496000,9984000,0,0,"Claw-back triggered: Yes; 1,872,000 Offer Shares reallocated from the International Offering to the Hong Kong Public Offering (Hong Kong Public Offering increased from 624,000 to 2,496,000 Offer Shares, i.e. 20% of the Global Offering).",434400000,0.6038,112914783,0.1001,"Free float denominator = total number of issued Shares upon Listing = 112,914,783 Shares. Free float comprises H Shares held by the public and not subject to any disposal restrictions: the 12,480,000 Global Offering H Shares less the 1,180,000 H Shares allocated to Cornerstone Investors; all existing Shareholders are subject to a 12-month lock-up under applicable PRC law.",112914783,-0.0451345,40,0.0205446,53770000000,100,1.5,748800000,59.95,100,56,8025925,0.643103,579463300,Mechanism A,FINI (from 22/11/2023); 2025-08-04 pricing reform (Mechanism A/B; six-month cornerstone lock-up retained); this IPO: Mechanism A,山东极视角科技股份有限公司,Active,100.5,0.005,1.5125,0.05499,0.046895,0.9526,0.96,149804695,,,,,,,,,,,,,,18C (Specialist Tech),China International Capital Corporation / Sponsor-OC,2026-04-29,0,0,0.15,2026-03-30,0,0,-0.189542,-0.046269,0.247678,0.01,0.9654,0.005,0.9526,-0.1615,0.8888,0.8741,6.62155e+07,0.00235868,0,0.149458,0.478642,2026-09-30,2027-03-30,,,,China International Capital Corporation / Sponsor-OC,0,0,0.0003,0.01,0.0103,2,0,0,3,1,POST_FINI,POST_2025_REFORM,0.544980,-0.101959,-0.293658,18.542144,0.050000,1
2026Q1,0,38,0664.HK,"Hangzhou Tongshifu Cultural and Creative (Group) Co., Ltd. - H Shares",2026-03-23,2026-03-31,CMB International Capital Limited,Deloitte Touche Tohmatsu,Cushman & Wakefield Limited,66660000,377748000,60,64406800,7406800,57000000,57000000,0,7406800,6666100,740700,68,60,-0.0625,0.125,At low,RMB,417479000,489024000,536587000,330159000,409141000,450694000,87320000,79883000,85893000,506383000,571188000,596896000,46841000,88066000,5.88933e+07,44131000,78982000,55404000,0.03,0.03,0.15,Developing copper-based cultural and creative products by integrating traditional techniques with modern design and usage scenarios,Main Board (Chapter 19A PRC issuer),2025-09-30,34673000,91940000,24703000,0,0.096,0.75,1,1,1,1,0,1,Shunwei Capital; Xiaomi; Tiantu Capital,0.294,1,Series A,8.5,自然人,0.2324,0.2324,5851000,商业化初期 - 铜文化创意产品持续规模化销售并拓展至金/银/塑料材质；研发聚焦原创设计、打样与工艺改进，而非基础技术,0,Main Board,H Shares,0,0,0,0,232030,HSICS (Hang Seng Industry Classification System) 2026,2013-03-26,13.01,PRC,"Jiande City, Zhejiang Province, PRC",1000,IFRS Accounting Standards,2023-01-01,2023-12-31,2024-01-01,2024-12-31,2025-01-01,447672000,44170000,41553000,2026-03-23,2026-03-26,62227201,153607000,23100000,Unqualified opinion (无保留意见),56100000,Jiantou International,0.0675,2026-09-30,59.55,26280,44111400,Subscription level 59.55 times,2026-03-27,2026-03-30,7406800,1111000,6295800,0,0,"370,300 H Shares reallocated from the International Offering to the Hong Kong Public Offering",390160000,0.583,64406800,0.1072,"Free float denominator = number of issued Shares upon Listing (before exercise of the Over-allotment Option) = 64,406,800 Shares; 500,000 H Shares held by the Cornerstone Investor upon Listing (six-month lock-up) are excluded from the free float",64406800,-0.0430097,37,0.0202375,53770000000,30.5,-0.491667,-218500600,35.42,42,30.26,2897000,0.391127,111474300,Mechanism B,FINI (from 22/11/2023); 2025-08-04 pricing reform (Mechanism A/B; six-month cornerstone lock-up retained); this IPO: Mechanism B,杭州铜师傅文创（集团）股份有限公司,Active,22.48,-0.262951,-0.625333,0.039873,0.047636,0.7088,0.7035,13271480,,,,,,,,,,,,,,Standard,China International Capital Corporation / Sponsor-OC,2026-04-30,1,0,0.15,2026-03-31,0,0,-0.076923,0.071174,0.17582,-0.127869,0.8395,-0.262951,0.7088,-0.501639,0.5231,0.5103,5.36922e+06,0.29995,0,0.0642663,0.716667,2026-09-30,2027-03-31,,,,China International Capital Corporation / Sponsor-OC,0,0,0.0003,0.01,0.0103,1,0,0,3,1,POST_FINI,POST_2025_REFORM,0.160073,0.103253,0.045008,17.980730,0.100003,2
2026Q1,0,39,3625.HK,"Shanghai FourSemi Semiconductor Co., Ltd. - H Shares",2026-03-23,2026-03-31,Guotai Junan Capital Limited / Orient Capital (Hong Kong) Limited,Ernst & Young,N/A,96000000,384000000,40,112000000,12000000,100000000,100000000,0,12000000,11400000,600000,50,40,-0.111111,0.222222,At low,RMB,321686000,321427000,302784000,211454000,161873000,116361000,110232000,159554000,186423000,150291000,355195000,336933600,-94130000,-56844000,-62131200,-94130000,-56844000,-62131200,0.025,0.025,0.15,Provider of power amplifier audio chips and haptic drivers (fabless semiconductor design),Chapter 18C Specialist Technology Company (Commercial Company),2025-10-31,-57267000,73463000,55690000,0,0.882,0.833333,1,1,0,1,1,1,Tencent; Didi; NIO Capital; NavInfo; Hefei High-Tech Fund,0.513,1,Pre-Series A,7.5,自然人（Mr. Xu Xiaolin 与 Mr. Liu Baoliang 为一致行动人，共同构成控股股东）,0.315,0.315,101451000,商业化阶段：芯片设计企业，产品已商业化并实现量产（多处表述 achieved mass production / successfully launched and commercialized）,0,Main Board,H Shares,0,0,0,1,703010,HSICS (Hang Seng Industry Classification System) 2026,2016-05-17,9.87,PRC,"Lin-gang Special Area, China (Shanghai) Free Trade Pilot Zone, PRC",1000,IFRS Accounting Standards,2023-01-01,2023-12-31,2024-01-01,2024-12-31,2025-01-01,280778000,-51776000,-51776000,2026-03-23,2026-03-26,110889800,56057000,882000,无保留意见 (unqualified opinion),59700000,,0,,3118.43,118537,1871057300,"Subscription level 3,118.43 times",2026-03-27,2026-03-30,12000000,2400000,9600000,0,0,"1,800,000 H Shares reallocated from the International Offer to the Hong Kong Public Offering (clawback); final Public Offer 2,400,000 H Shares (20.00% of the Global Offering), claw-back triggered",422700000,0.6751,112000000,0.1071,"Free float denominator = total issued Shares upon Listing (112,000,000 Shares); free float = Global Offering Shares before over-allotment (12,000,000) less cornerstone allocation (0) = 12,000,000 H Shares (approximately 10.71%). Existing Shareholders' Shares subject to lock-up undertakings upon Listing are excluded from free float.",112000000,-0.0430097,37,0.0202375,53770000000,80,1,480000000,85.05,87,78,4894400,0.407867,400733900,Mechanism A,FINI (from 22/11/2023); 2025-08-04 pricing reform (Mechanism A/B; six-month cornerstone lock-up retained); this IPO: Mechanism A,上海傅里叶半导体股份有限公司,Active,125.9,0.57375,2.1475,0.039873,0.047636,1.5134,1.5022,67841610,,,,,,,,,,,,,,18C (Specialist Tech),China International Capital Corporation / Sponsor-OC,2026-04-30,0,0,0.05,2026-03-23,0,0,0.046699,-0.135028,0.320603,0.41125,1.3584,0.57375,1.5134,0.154375,1.2117,1.182,3.35171e+07,0.00320408,0,0.104923,0.601307,2026-09-30,2027-03-31,,,,China International Capital Corporation / Sponsor-OC,0,0,0.00025,0.01,0.01025,0,0,0,5,1,POST_FINI,POST_2025_REFORM,0.615696,-0.205200,-0.051412,18.534009,0.050000,3
2026Q2,0,40,6656.HK,"Sigenergy Technology Co., Ltd. - H Shares",2026-04-08,2026-04-16,"CITIC Securities (Hong Kong) Limited /
BNP Paribas Securities (Asia) Limited",Ernst & Young,,440069080,4620660500,324.2,246796930,13573900,233223030,233223030,0,13573900,12216500,1357400,324.2,324.2,0,0,Fixed price,RMB,655979000,1626010000,8447914000,263805000,582032000,3787986000,392174000,1043978000,4659928000,58302000,1329838000,9000512000,-373286000,55647000,3296226000,-373452000,83845000,2918832000,0.0225,0.0225,0.15,Renewable energy - distributed energy storage system (DESS) solutions,Main Board - Rule 8.05(3) market capitalisation/revenue test,2025-12-31,-199990000,1109293000,494028000,0,0.45,1,1,1,1,,1,1,Shanghai Yusong; Jiefeng Technology; Zhuhai Meiheng; Guangzhou Huaxin; Andaman International; Jiaxing Yuzai; Suzhou V Fund; Jinan V Fund; Gongqingcheng Yunteng; Jiaxing Dingyun; Xiamen Xiaoyu; Hangzhou Yiyun; Xingxu Yaoneng; Xingxu New Energy; TTGG Ventures,0.3958,1,Series Seed (June 2022),3.77,"Individual (founder, Mr. Xu)",0.4658,0.4658,1720433000,Commercialized - commenced commercial production and sales in May 2023,0,Main Board,H Shares,0,0,0,0,101070,HSICS (Hang Seng Industry Classification System) 2026,2022-05-24,3.9,,"Building 12-2, 678 Yunqiao Road, Pilot Free Trade Zone, Shanghai, PRC",1000,IFRS Accounting Standards,2023-01-01,2023-12-31,2024-01-01,2024-12-31,2025-01-01,9000512000,3296226000,2918832000,2026-04-08,2026-04-13,139732341,4504853000,353107000,Unqualified (true and fair view),210800000,"Aranda Investments Pte. Ltd.; Shanghai Lujiazui (Group) Co., Ltd. (GUOTAI JUNAN INVESTMENTS (HONG KONG) LIMITED OTC Swap); Goldman Sachs Asset Management (Hong Kong) Limited; HHLR Advisors, Ltd.; Hillhouse Investment Management, Ltd.; UBS Asset Management (Singapore) Ltd.; AXA Investment Managers UK Limited; CPE Energy Investment Limited; Lazurite Hime L.P.; Baring Asset Management (Asia) Limited; Charoen Pokphand Robot Limited; CPIC Investment Management (H.K.) Company Limited; Fullgoal Asset Management (HK) Limited; Fullgoal Fund Management Co., Ltd.; Greenwoods Asset Management Hong Kong Limited; Huadeng Technology Space Ventures Ltd; ICBC Wealth Management Co., Ltd.; Perseverance Asset Management International (Singapore) Pte. Ltd.; Scene Cloud Global Limited; Tropical Terrain Limited; 3W Fund Management Limited",0.498,2026-10-16,1102.05,202730,1495920500,"Subscription level 1,102.05 times",,2026-04-15,13573900,1357400,12216500,2036000,1,"No clawback triggered (Claw-back triggered: N/A); the final number of Offer Shares under the Hong Kong Public Offering (1,357,400) equals the initial number and represents 10.0% of the Global Offering.",4189900000,0.2744,246796930,0.0276,"Free float denominator = total issued shares upon Listing (before exercise of the Over-allotment Option) = 246,796,930; numerator = Offer Shares minus cornerstone allocation.",246796930,-0.00808847,37,0.0198601,53851000000,656.802,1.02592,4.51471e+09,578.302,666.302,557.802,7713823,0.568283,4596550510,Mechanism B,FINI (from 22/11/2023); 2025-08-04 pricing reform (Mechanism A/B; six-month cornerstone lock-up retained); this IPO: Mechanism B,思格新能源（上海）股份有限公司,Active,518.302,-0.21087,0.598711,-0.000198,-0.003119,0.7893,0.7916,5.15838e+08,,,,,,,,,,,,,,Standard,CLSA Limited,2026-05-13,0,2036000,0.15,2026-05-13,2036000,1,-0.052603,-0.321721,0.289579,-0.140073,0.8675,-0.21087,0.7893,-0.585263,0.4457,0.4568,2.39412e+08,0.00039108,0,0.108398,0.594178,2026-10-16,2027-04-16,,,,CICC,2,0,0.025,0.01,0.035,4,0,0,6,0,POST_FINI,POST_2025_REFORM,0.551607,0.345509,5.768127,19.324076,0.100001,1
2026Q2,0,42,0068.HK,Manycore Tech Inc.,2026-04-09,2026-04-17,"J.P. Morgan Securities (Far East) Limited/ 
CCB International Capital Limited",KPMG,,122392440,1285109190,7.62,1700106840,160619000,1539487840,1539487840,0,160619000,144557000,16062000,7.62,6.72,0.062762,0.125523,At high,RMB,766084000,616198000,550796000,-3328016000,-3858035000,-4183858000,4094100000,4474233000,4734654000,663540000,754830000,819994000,-646097000,-513472000,-427905000,-646097000,-513472000,-427905000,0.04,0.04,0.15,Cloud-native spatial design software (spatial design software industry),Main Board of the Stock Exchange,2025-12-31,-19217000,356927000,290940000,0,0.091,1,1,1,1,1,1,1,"GGV Capital V L.P.; GGV Capital V Entrepreneurs Fund L.P.; Shanghai Yuanyan Enterprise Management Consulting Partnership (Limited Partnership); Shunwei Growth III Limited; Astrend Opportunity III Alpha Limited; IDG Technology Venture Investment IV, L.P.; IDG Technology Venture Investment V, L.P.; New Gultar Limited; HH SUM-I Holdings Limited; MPC III L.P.; MPC III-A L.P.; Coatue PE Asia 36 LLC; Coatue PE Asia 73 LLC; HES VENTURES I, INC.; HEARST VENTURES, INC.; QINGTING INVESTMENTS PTE. LTD.; Linear Venture, Ltd.; Mountain Glacier Investments Ltd.; Planetree Partners I, L.P.; EXC Investment LLC; Planetree EXC Investment LLC; Aquanauts 3820 III L.P.",0.656,1,Series A,12.32,None (no controlling shareholder),,,4103552000,,0,Main Board,Ordinary Shares,0,0,0,0,702030,HSICS (Hang Seng Industry Classification System) 2026,2013-07-29,12.72,,"Room 1920, 19/F, Lee Garden One, 33 Hysan Avenue, Causeway Bay, Hong Kong",1000,IFRS,2023-01-01,2023-12-31,2024-01-01,2024-12-31,2025-01-01,819994000,-427905000,-427905000,2026-04-09,2026-04-14,1700106840,674288000,35300000,Unqualified — true and fair view,127600000,"Taikang Life Insurance Co., Ltd; Sunshine Life Insurance Corporation Limited; GF Fund Management Co., Ltd.; GF International Investment Management Limited; REDWOOD ELITE LIMITED; Mirae Asset Securities Co., Ltd.; RIME Capital Limited; Hesai Hong Kong Limited; Guohui (HK) Holdings Co., Limited; CR Construction Group Holdings Limited",0.3714,2026-10-17,1590.56,240700,25547639500,"Subscription level 1,590.56 times",2026-04-15,2026-04-16,160619000,16062000,144557000,24092500,1,"Reallocation: No. No. of Offer Shares reallocated from the International Offering: 0. Final no. of Offer Shares under the Hong Kong Public Offering: 16,062,000, being 10% of the Global Offering before exercise of the Over-allotment Option.",1092000000,0.3534,1700106840,0.0594,Free float denominator = total issued shares upon listing (col_CZ); numerator = offer shares minus cornerstone allocation,1700106840,0.00526962,34,0.0207798,53942000000,18.6,1.44094,1763596620,20.7,21.86,16.5,134488211,0.837312,2590288990,Mechanism B,FINI (from 22/11/2023); 2025-08-04 pricing reform (Mechanism A/B; six-month cornerstone lock-up retained); this IPO: Mechanism B,群核科技,Active,19.8,0.064516,1.59842,-0.007553,-0.020136,1.0726,1.0864,8.79982e+08,,,,,,,,,,,,,,Standard,China International Capital Corporation / Sponsor-OC,2026-05-17,0,0,0.15,2026-04-20,24092500,1,-0.216105,-0.235142,0.145232,0.633333,1.6488,0.064516,1.0726,-0.566667,0.4509,0.4598,3.31648e+08,0.00132553,0,0.182162,0.847423,2026-10-17,2027-04-17,,,,CICC,2,0,0.025,0.01,0.035,4,0,0,6,0,POST_FINI,POST_2025_REFORM,8.596021,-0.776885,0.086329,21.253957,0.100001,1
2026Q2,0,41,3277.HK,Gpixel Changchun Microelectronics Inc. - H Shares,2026-04-09,2026-04-17,"CITIC Securities (Hong Kong) Limited/
Guotai Junan Capital Limited",Ernst & Young,,260396460,2734124944,39.88,435294200,65294200,370000000,370000000,0,65294200,58764700,6529500,39.88,39.88,0,0,Fixed price,RMB,1313888000,1491080000,2087058000,963148000,1212010000,1571750000,350740000,279070000,515308000,604835000,673048000,856513000,190491000,220836000,324121000,169847000,196982000,293146000,0.02,0.02,0.15,CMOS image sensor design and sales (semiconductor industry),Main Board,2025-12-31,466346000,236305000,186168000,0,0.407,1,1,1,1,,1,1,Zhuhai Qixin; Gaoling Yurun; Xianjin Zhizao; Guoce Xiangchi; Xiamen Yuanfeng; Huashun Guangzhou; Shenzhen Jiusi; Juyuan Xincheng; QIN Hao; Wuhu Tuochen; Suzhou Fangguang; Yibin Chendao; Shengyu Huatian; Zhongke Chuangxing; Changzhou Fangguang; Pingyang Yuanxin; Donghu Guolong; Zhongke Xiandao; Ningbo Yuxi; Zhongke Ketou; Thriving Capital; Jilin Yuanheng,0.1084,0,Pre-IPO Investments (June 2022),3.83,Natural person,0.421,0.421,6322000,,0,Main Board,H Shares,0,0,0,0,703010,HSICS (Hang Seng Industry Classification System) 2026,2012-09-03,13.62,,"Headquarters and Principal Place of Business in the PRC: Office Buildings 1 and 5, Phase I, Optoelectronic Information Industrial Park, No. 7691, Ziyou Road, Changchun Economic and Technological Development Zone, Jilin Province, PRC",1000,HKFRS,2023-01-01,2023-12-31,2024-01-01,2024-12-31,2025-01-01,856513000,324121000,293146000,2026-04-09,2026-04-14,291138500,573281000,24500000,Unqualified,100400000,CPE Peepal; HHLRA; UBS AM Singapore; Arc Avenue; Boyu; Fullgoal; GF Fund; Greenwoods; Mirae HK; Perseverance Asset Management; Yield Royal Investment; 3W Fund; Eastern Bell Capital VIII; ICBC Wealth; Protium Capital Limited; Source Code Capital; WT Asset Management; E Fund; China AMC; Cithara Fund; Panjing Fund; Value Partners; China Orient Multi-Strategy Master Fund; CMSIM,0.5,2026-10-17,1138.21,266501,7431943800,"Subscription level 1,138.21 times",,2026-04-16,65294200,6529500,58764700,9794100,1,"No clawback triggered (Claw-back triggered: No); the final number of Offer Shares under the Hong Kong Public Offering (6,529,500) equals the initial number and represents 10.00% of the Global Offering, with no reallocation from the International Offering.",2503600000,0.1829,435294200,0.075,"Free float excludes H Shares held by Cornerstone Investors upon Listing (six-month lock-up); denominator = total issued shares upon Listing (before exercise of the Over-allotment Option) = 435,294,200.",435294200,0.00526962,34,0.0207798,53942000000,69.713,0.748069,1.94792e+09,71.713,84.713,66.363,28022939,0.42918,2010048990,Mechanism B,FINI (from 22/11/2023); 2025-08-04 pricing reform (Mechanism A/B; six-month cornerstone lock-up retained); this IPO: Mechanism B,长春长光辰芯微电子股份有限公司,Active,81.363,0.167114,1.0402,-0.007553,-0.020136,1.176,1.1911,4.14496e+08,,,,,,,,,,,,,,Standard,China International Capital Corporation / Sponsor-OC,2026-05-17,0,0,0.15,2026-05-17,9794100,1,0.375421,0.058433,0.345976,0.154204,1.1651,0.167114,1.176,-0.100598,0.9358,0.9544,2.06177e+08,0.00076445,0,0.100792,0.49877,2026-10-17,2027-04-17,,,,CICC,2,0,0.025,0.01,0.035,4,0,0,6,0,POST_FINI,POST_2025_REFORM,0.246906,0.140459,0.272588,19.891533,0.100001,1
2026Q2,0,44,2476.HK,"Victory Giant Technology (HuiZhou) Co., Ltd. - H Shares",2026-04-13,2026-04-21,"J.P. Morgan Securities (Far East) Limited /
China Securities (International) Corporate Finance Company Limited /
GF Capital (Hong Kong) Limited",BDO Limited,,1749307824,21385239876,209.88,955905313,83348000,872557313,872557313,0,83348000,75013200,8334800,209.88,,0,0,Fixed price,RMB,17383616000,19175313000,35244489000,7625730000,8927933000,16617608000,9757886000,10247380000,18626881000,7931248000,10731469000,19292313000,749214000,1311823000,5021716000,671346000,1154431000,4311988000,0.008,0.008,0.15,"Printed circuit board (PCB) manufacturing - research and development, manufacturing and sales of high-precision multilayer PCBs, HDIs and FPCs",Main Board - Chapter 19A of the Listing Rules (PRC issuer with other listed shares),2025-12-31,4620074000,3206572000,777643000,0,0.51,1,1,1,1,,,,Oriental Fortune (Wuhu) Equity Investment Fund (Limited Partnership); Guoke Ruihua Venture Capital Enterprise; Oriental Fortune (Wuhu) No. 2 Equity Investment Fund (Limited Partnership); Huizhou Kaichuang Venture Capital Partnership (Limited Partnership); Jiaxing Shidai Jingxuan Venture Capital Partnership (Limited Partnership),,0,2011 institutional investor introduction,,Individual (natural person) - Mr. Chen Tao,0.2825,0.2825,6445696000,Commercialized (mass production),0,Main Board,H Shares,1,0,0,0,101025,HSICS (Hang Seng Industry Classification System) 2026,2006-07-28,19.73,,"Hangcheng Technology Park, Xinqiao Village, Danshui Town, Huiyang District, Huizhou City, Guangdong Province, PRC",1000,IFRS Accounting Standards,2023-01-01,2023-12-31,2024-01-01,2024-12-31,2025-01-01,19292313000,5021716000,4311988000,2026-04-13,2026-04-16,83348000,6795424000,6388985000,Unqualified opinion (true and fair view),264000000,"CPE Rosewood Investment Limited; Janchor Partners Pan-Asian Master Fund; New Alternative Limited; New Golden Future Limited; Deliante Holdings Co., Ltd.; Hong Kong Mason Electronics Co., Ltd.; Morgan Stanley & Co. International plc; Foresight Global Superior Choice SPC - Global Superior Choice Fund 1 SP; Foresight Global Superior Choice SPC - Vision Fund 1 SP; Foresight Global Superior Choice SPC - Horizon Fund 1 SP; HHLR Advisors, Ltd.; Pinpoint Asset Management Limited; Sunshine Life Insurance Corporation Limited; Tanwan Inc.; Tropical Terrain Limited; Yong Rong (HK) Asset Management Limited; Huizhou Huilian Investment Partnership (Limited Partnership); Greenwoods Asset Management Hong Kong Limited; Bosera Asset Management (International) Co., Limited; Cloudview Capital Limited; CNCB (Hong Kong) Investment Limited; Mega Prime Development Limited; Poly Platinum Enterprises Limited; Golden K2 Falcon Open-ended Fund Company; Infore Funds Series 1 Open-ended Fund Company - Infore Global Equity Fund; Metazone Link (HK) Limited; MY Asian Opportunities Master Fund, L.P.; Ovata Capital Management Limited; SR Wealth Securities Limited; Ruihua (International) Investment Limited; Tianhong Asset Management Co., Ltd.; Ye Guofu; CloudAlpha Capital Management Limited; Everbright Wealth Management Co., Ltd.; Jump Trading Pacific Pte. Ltd.; Luhua Daosheng (Beijing) Enterprise Management & Development Co., Ltd.; Mirae Asset Securities Co., Ltd.; Panjing Harbourview Investment Fund; Wind Sabre Fund SPC on behalf of Wind Sabre Opportunities Fund SP; Black Dragon AP SPV1; HQ TELECOM SINGAPORE PTE. LTD.",0.3883,2026-10-21,431.15,250606,3234220300,Subscription level 431.15 times,2026-04-17,2026-04-20,95850000,8334800,87515200,14377500,1,"No claw-back triggered (Claw-back triggered: N/A). 351,400 under-subscribed Overseas Employee Reserved Shares were reallocated to the Hong Kong Public Offering.",19889400000,0.0985,968407313,0.0605,Free float denominator = total issued shares upon listing (col_CZ); numerator = offer shares minus cornerstone allocation,968407313,-0.00255629,30,0.0224024,53942000000,315,0.500858,10075752000,330,336.2,302,33822392,0.352868,10784221200,Mechanism B,FINI (from 22/11/2023); 2025-08-04 pricing reform (Mechanism A/B; six-month cornerstone lock-up retained); this IPO: Mechanism B,胜宏科技（惠州）股份有限公司,Active,371.2,0.178413,0.76863,-0.026036,-0.040312,1.2099,1.2279,2066770985,,,,,,,,,,,,,,Standard,China International Capital Corporation / Sponsor-OC,2026-05-21,0,0,0.15,2026-04-22,14377500,1,0.202032,0.217793,0.997668,-0.025397,0.9957,0.178413,1.2099,-0.28,0.7661,0.7807,1.85177e+09,3.78991e-05,0,0.0794598,0.645684,2026-10-21,2027-04-21,,,,CICC,2,0,0.025,0.01,0.035,4,0,0,6,0,POST_FINI,POST_2025_REFORM,0.528505,0.122345,0.797733,20.678169,0.100000,1
2026Q2,0,45,3296.HK,"Huaqin Co., Ltd. - H Shares",2026-04-15,2026-04-23,"China International Capital Corporation Hong Kong Securities Limited / 
Merrill Lynch (Asia Pacific) Limited",BDO Limited,,454925730,4776646350,77.7,1074280544,58548200,1015732344,1015732344,0,58548200,52693300,5854900,77.7,,0,0,Fixed price,RMB,51509636000,76296823000,96205628000,20843047000,22924060000,26345328000,30666589000,53372763000,69860300000,85338484000,109877987000,171436927000,2835217000,3037064000,4475933000,2657010000,2916351000,4131575000,0.003,0.003,0.15,"Smart product ODM platform (design, development, manufacture and sale of smart products)",Main Board of the Hong Kong Stock Exchange as a PRC issuer (Chapter 19A of the Listing Rules),2025-12-31,-223312000,10270248000,6363453000,13492000,0.541,1,0,0,0,0,0,0,,0,0,,,"Natural person (Mr. Qiu Wensheng, founder and controlling shareholder)",0.4101,0.4101,20018095000,Mass production and commercialization,0,Main Board,H Shares,0,0,0,0,701010,HSICS (Hang Seng Industry Classification System) 2026,2005-08-29,20.65,,"No. 699, Lvke Road, Pudong New District, Shanghai, PRC",1000,IFRS,2023-01-01,2023-12-31,2024-01-01,2024-12-31,2025-01-01,171436927000,4475933000,4131575000,2026-04-15,2026-04-20,58548200,13230496000,2932100000,Unqualified (true and fair view),86100000,JPMAMAPL; UBS AM Singapore; Shanghai Gaoyi and CICC FT (in connection with Gaoyi OTC Swaps); Perseverance Asset Management; Cloud Map; Taikang Life; 3W Fund; New China Asset Management; Everbright Wealth; IvyRock; Aurora SF (in connection with the Arrangement); KIL; OmniVision HK; Green Better; Hongxing International; Ingenic Semiconductor HK; Awinic Technology Limited; JinYi Capital (acting for and on behalf of Structured Credit SP Fund),0.4996,2026-10-23,531.33,140150,3110912600,Subscription level 531.33 times,2026-04-21,2026-04-22,58548200,5854900,52693300,8782200,1,"Claw-back triggered: N/A; No. of Offer Shares initially available under the Hong Kong Public Offering 5,854,900; No. of Offer Shares reallocated from the International Offering (reallocation) 0; final Hong Kong Public Offering shares 5,854,900 (10% of the Global Offering before exercise of the Over-allotment Option); no clawback was triggered (Mechanism B, no reallocation).",4463100000,0.0545,1074280544,0.0273,Free float denominator = total issued shares upon listing (col_CZ); numerator = offer shares minus cornerstone allocation,1074280544,0.00604897,28,0.0230976,53942000000,61.876,-0.203655,-9.26467e+08,61.555,63.983,59.733,24599398,0.420156,2148880990,Mechanism B,FINI (from 22/11/2023); 2025-08-04 pricing reform (Mechanism A/B; six-month cornerstone lock-up retained); this IPO: Mechanism B,华勤技术股份有限公司,Active,73.376,0.185856,-0.05565,-0.0204,-0.019858,1.2106,1.2099,328769050,,,,,,,,,,,,,,Standard,"China International Capital Corporation Hong Kong 
Securities Limited",2026-05-20,0,8782200,0.15,2026-05-20,8782200,1,-0.039522,0.028394,0.792596,-0.002311,0.9902,0.185856,1.2106,0.104629,1.1468,1.1609,2.74344e+08,0.000304542,0,0.0602822,0.427228,2026-10-23,2027-04-23,,,,CICC,2,0,0.025,0.01,0.035,4,0,0,6,0,POST_FINI,POST_2025_REFORM,0.726156,0.042945,0.560248,20.794917,0.100001,1
2026Q2,0,46,1879.HK,"Shanghai Xizhi Technology Co., Ltd. - P - H Shares",2026-04-20,2026-04-28,"China International Capital Corporation Hong Kong Securities Limited / 
Haitong International Capital Limited",PricewaterhouseCoopers,,505458876,2400916608,183.2,91968097,13795215,78172882,78172882,0,13795215,13105440,689775,183.2,166.6,0.047456,0.094911,At high,RMB,870179000,1183203000,1137832000,-2427018000,-3052873000,-4247852000,3297197000,4236076000,5385684000,38235000,60191000,106368000,-413376000,-735280000,-1342376000,-413503000,-735280000,-1342376000,0.016,0.016,0.15,Optoelectronic computing - optical interconnect and optical computing products and solutions,Chapter 18C of the Listing Rules (Specialist Technology Company - Pre-Commercial Company),2025-12-31,-361099000,209058000,479041000,0,0.789,1,1,1,1,1,1,1,"MPC V L.P. and MPC V-A L.P.; Tencent Mobility Limited; Shanghai CM Digital Transformation Investment Fund, L.P.; Hangzhou Yihong Equity Investment Partnership (Limited Partnership); Shanghai Guofu Linghang Investment Partnership (Limited Partnership); CICC Culture and Consumption Industry Equity Investment Fund (Xiamen) Partnership (Limited Partnership); Vertex Ventures China IV, L.P.; Beijing Casstar Key & Core Technology Venture Capital Investment L.P.; Shaanxi Advanced OEIC Technologies L.P.; Xiamen Yaheng Venture Capital Fund Partnership (Limited Partnership); Lumina Orbis (HK) Limited; Lumistar VI, L.P.; Shanghai Pudong Pilot Zone Investment Fund (Limited Partnership)",0.3002,1,Series A,8,"Individual (Dr. Shen Yichen, founder and Single Largest Shareholder)",0.2096,0.2955,4950851000,Pre-Commercial Company,0,Main Board,H Shares,0,0,0,1,703020,HSICS (Hang Seng Industry Classification System) 2026,2018-02-27,8.16,,"Shanghai, PRC",1000,IFRS Accounting Standards,2023-01-01,2023-12-31,2024-01-01,2024-12-31,2025-01-01,106368000,-1342376000,-1342376000,2026-04-20,2026-04-23,74781296,41468000,184262000,Unqualified opinion (true and fair view),145800000,"Alibaba Investment Limited; GIC Private Limited; Baillie Gifford Overseas Limited and Baillie Gifford & Co; BlackRock, Inc. (BlackRock Funds); FIL Investment Management (Hong Kong) Limited (Fidelity International); Schroder Investment Management (Singapore) Ltd, Schroder Investment Management (Hong Kong) Limited and Schroder Investment Management Limited (Schroders); Taibai Investments Pte. Ltd. (Temasek); Shanghai CM Digital Transformation Investment Fund, L.P. (CM Shanghai Fund); HHLR Advisors, Ltd. (HHLRA Funds); UBS Asset Management (Singapore) Ltd.; 3W Fund Management Limited; Aspex Master Fund; CPE Fir Investment Limited; Greenwoods Asset Management Hong Kong Limited and Shanghai Greenwoods Asset Management Co., Ltd.; GF Fund Management Co., Ltd. and GF International Investment Management Limited; Lenovo Group Limited; Mirae Asset Securities (HK) Limited; ZTE (H.K.) Limited; ICBC Wealth Management Co., Ltd.; Ping An of China Asset Management (Hong Kong) Company Limited",0.6506,2026-10-28,5784.7,378085,3990144405,"Subscription level 5,784.70 times",2026-04-24,2026-04-27,13795215,2759055,11036160,2069280,1,"Claw-back triggered; 2,069,280 Offer Shares reallocated from the International Offering to the Hong Kong Public Offering; final Hong Kong Public Offering is 2,759,055 Shares, 20.00% of the Global Offering (Over-allotment Option not exercised)",2376900000,0.6225,91968097,0.0524,Free float denominator = total issued shares upon listing (col_CZ); numerator = offer shares minus cornerstone allocation,91968097,0.0112798,31,0.0255143,53904000000,886,3.83624,9695277102,880,996,807,9260310,0.67127,7871806700,Mechanism A,FINI (from 22/11/2023); 2025-08-04 pricing reform (Mechanism A/B; six-month cornerstone lock-up retained); this IPO: Mechanism A,上海曦智科技股份有限公司,Active,682.5,-0.229684,2.72544,-0.01369,0.016652,0.781,0.7577,912188210,,,,,,,,,,,,,,18C (Specialist Tech),China International Capital Corporation / Sponsor-OC,2026-05-28,0,0,0.15,2026-05-28,2069280,1,-0.15253,-0.397992,0.214202,0.059255,1.0503,-0.229684,0.781,-0.717833,0.2808,0.28,3.75524e+08,0.000624625,0,0.384924,0.777905,2026-10-28,2027-04-28,,,,CICC,2,0,0.025,0.01,0.035,4,0,0,6,0,POST_FINI,POST_2025_REFORM,4.733286,-1.179766,0.767174,18.336952,0.050001,1
2026Q2,0,47,2493.HK,"Mabwell (Shanghai) Bioscience Co., Ltd. - B - H Shares",2026-04-20,2026-04-28,"CITIC Securities (Hong Kong) Limited / 
Haitong International Capital Limited",Ernst & Young,,130272848,1172405880,27.64,446730200,47130200,399600000,399600000,0,47130200,42417000,4713200,30.71,27.64,-0.052614,0.105227,At low,RMB,,4275508000,4555841000,,1555779000,533002000,,2719729000,4022839000,,199622000,658694000,,-1047471000,-956394000,,-1046564000,-972258000,0.027,0.027,,"Pharmaceutical / biopharmaceutical (innovative drug research, development and commercialization)",Chapter 18A of the Listing Rules (Main Board),2025-12-31,-290223000,1526339000,976961000,0,0.876,1,1,1,1,1,1,1,"Junhua No. 1 Fund; E Fund; Suzhou Yongyu Equity Investment Partnership (Limited Partnership); Shenzhen Fuhai Stock Toubang No. 7 Investment Enterprise (Limited Partnership); Haitong Innovation Capital Management Co., Ltd.; Xiamen Hengyao Xingye Investment Partnership Enterprise (Limited Partnership); Shanghai Xuchao Investment Partnership Enterprise (Limited Partnership); Anhui Hezhuang High-Tech Achievement Fund Partnership (Limited Partnership); Ganzhou Development No. 1 Investment Fund Partnership (Limited Partnership); Wuhu Xinde No. 1 Investment Center (Limited Partnership); Zhuhai Huajin Fengying No. 2 Equity Investment Fund Partnership (Limited Partnership); Shenzhen Zhongkai Fusheng Investment Center (Limited Partnership); Shenzhen Xinxi Huirui Investment Partnership (Limited Partnership); Rui Feng Capital Co., Ltd.; Ningbo Gaoling Equity Investment Partnership (Limited Partnership); Suzhou Ruihua Investment Partnership (Limited Partnership); Small and Medium Enterprise Development Fund (Shenzhen Nanshan Limited Partnership); Shenzhen Jiushang Investment Center (Limited Partnership)",0.0501,0,Pre-IPO financing (March 2020),6.1,Individual founders / controlling shareholders (Mr. Tang Chunshan and Ms. Chen Shanna),0.3791,0.3791,3029873000,"Commercialized (4 commercialized products); 10 drug candidates (1 in NDA stage, 8 in clinical stage, 1 in preclinical stage)",0,Main Board,H Shares,0,0,1,0,281020,HSICS (Hang Seng Industry Classification System) 2026,2017-05-12,8.96,,"Shanghai, PRC",1000,HKFRSs (Hong Kong Financial Reporting Standards),2023-01-01,2023-12-31,2024-01-01,2024-12-31,2025-01-01,658694000,-956394000,-972258000,2026-04-20,2026-04-23,47130200,596371000,157711000,Unqualified opinion (true and fair view),119400000,"Junshi Hong Kong Limited; Sanjin International Co., Ltd.; Guohui (HK) Holdings Co., Limited; Charm Harvest International Limited; WuXi Biologics HealthCare Venture; Splendid Zhonghe (Tianjin) Investment Management Co., Ltd. (Zhonghe Capital)",0.3187,2026-10-28,481.71,126378,2270397600,Subscription level 481.71 times,2026-04-24,2026-04-27,47130200,4713200,42417000,0,0,"Reallocation: No; no Offer Shares reallocated from the International Offering (0 shares); final Hong Kong Public Offering remains 4,713,200 H Shares.",1189000000,0.1011,446730200,0.0719,"Free float denominator = total issued share capital of the Company upon Listing (446,730,200 Shares, excluding treasury shares); numerator = Global Offering Offer Shares (47,130,200) minus cornerstone allocation (15,020,600) = 32,109,600 H Shares; H Shares held by Cornerstone Investors (including CHIL) are excluded from free float.",446730200,0.0112798,31,0.0255143,53904000000,27.8,0.005789,7540832,28.3,29.9,26.44,15006462,0.318404,424939900,Mechanism B,FINI (from 22/11/2023); 2025-08-04 pricing reform (Mechanism A/B; six-month cornerstone lock-up retained); this IPO: Mechanism B,迈威（上海）生物科技股份有限公司,Active,23.56,-0.152518,-0.147612,-0.01369,0.016652,0.8592,0.8336,57862425,,,,,,,,,,,,,,18A (Biotech / B-tag),China International Capital Corporation / Sponsor-OC,2026-05-28,0,0,0.15,2026-04-28,0,0,-0.058188,-0.001753,0.541187,-0.020144,0.9716,-0.152518,0.8592,-0.241007,0.7552,0.7531,3.16876e+07,0.00252837,0,0.032823,0.354736,2026-10-28,2027-04-28,,,,CICC,2,0,0.025,0.01,0.035,4,0,0,6,0,POST_FINI,POST_2025_REFORM,0.883007,-0.213409,2.299706,19.917465,0.100004,1
2026Q2,0,48,6810.HK,"Shanghai Sunmi Technology Co., Ltd. - W - H Shares",2026-04-21,2026-04-29,"Deutsche Securities Asia Limited / 
CITIC Securities (Hong Kong) Limited / 
ABCI Capital Limited",Deloitte Touche Tohmatsu,,105970722,953731526,24.86,402626800,42626800,360000000,360000000,0,42626800,38364100,4262700,24.86,24.86,0,0,Fixed price,RMB,3461520000,4403272000,5352419000,1775520000,1839747000,2092497000,1686000000,2563525000,3259922000,3070569000,3456377000,3811858000,100315000,207209000,237571000,101228000,181043000,222601000,0.0275,0.0275,,Business Internet of Things (BIoT) solution provider,Main Board — PRC issuer (Chapter 19A) with WVR structure (Chapter 8A); eligibility under Rule 8.05/8A.06,2025-12-31,209814000,1470895000,422767000,0,0.38,1,1,1,1,1,1,1,Baolong Investment; Shenzhen Capital Group; Jinxing Venture; Hantao Consulting; Guangyi Investment; Yunxin Venture; Nongyin Wenying; Shanshang Investment,0.5713,1,"Baolong Investment (January 26, 2014)",12.23,Individual / natural person (Mr. Lin Zhe),0.3473,0.7963,1509788000,"Large-scale commercialization (mass production, revenue-generating)",0,Main Board,H Shares (Class B Ordinary Shares),0,1,0,0,701020,HSICS (Hang Seng Industry Classification System) 2026,2013-12-11,12.38,,"Shanghai, PRC",1000,IFRS Accounting Standards,2023-01-01,2023-12-31,2024-01-01,2024-12-31,2025-01-01,3811858000,237571000,222601000,2026-04-21,2026-04-24,304042524,1192946000,66379000,Unqualified opinion (true and fair view),150980000,"China Orient Enhanced Income Fund; XINWUTANG CO., LIMITED",0.2703,2026-10-29,2003.16,204939,8538879300,"Subscription level 2,003.16 times",,2026-04-28,42626800,4262700,38364100,0,0,"No claw-back triggered (Claw-back triggered: N/A); no Offer Shares reallocated from the International Offering to the Hong Kong Public Offering (N/A); final Hong Kong Public Offering remains 4,262,700 H Shares, being 10.00% of the Global Offering",922000000,0.5414,304042524,0.1023,"Free float denominator = total number of H Shares of the Company upon Listing (304,042,524); numerator = Global Offering Offer Shares (42,626,800) minus Cornerstone Investor allocation (11,520,800) = 31,106,000 H Shares. H Shares held by Cornerstone Investors (6-month lock-up) and all Shares subject to the PRC Company Law one-year transfer restriction are excluded from the free float.",304042524,0.012897,31,0.0243577,53904000000,84.8,2.4111,2555050392,97.5,99.8,80.65,11753398,0.275728,1092451900,Mechanism B,FINI (from 22/11/2023); 2025-08-04 pricing reform (Mechanism A/B; six-month cornerstone lock-up retained); this IPO: Mechanism B,上海商米科技集团股份有限公司,Active,74,-0.127358,1.97667,-0.042344,-0.004367,0.9112,0.8765,81057920,,,,,,,,,,,,,,Standard,China International Capital Corporation / Sponsor-OC,2026-05-29,0,0,0.5414,2026-04-29,0,0,0.094928,-0.087366,0.436531,-0.088443,0.908,-0.127358,0.9112,-0.321934,0.6847,0.6931,4.87811e+07,0.00103749,0,0.241507,0.488978,2026-10-29,2027-04-29,,,,CICC,2,0,0.025,0.01,0.035,4,0,0,6,0,POST_FINI,POST_2025_REFORM,0.609056,0.041589,0.102848,19.813521,0.100000,1
2026Q2,0,49,1609.HK,"Star Sports Medicine Co., Ltd. - H Shares",2026-04-24,2026-05-05,"CITIC Securities (Hong Kong) Limited / 
CCB International Capital Limited",Ernst & Young,,82956700,746595525,98.5,54831344,8421850,46409494,46409494,0,8421850,7579650,842200,98.5,98.5,0,0,Fixed price,RMB,451278000,617334000,764081000,374768000,471240000,609417000,76510000,146094000,154664000,238542000,327119000,402751000,64322000,107568000,154168000,57112000,95389000,136970000,0.03,0.03,0,"Medical devices - sports medicine implants, surgical equipment and associated medical consumables",Main Board,2025-12-31,157116000,116846000,47503000,0,0.577,1,1,1,1,,,1,"BEST ALIVE LIMITED; Suzhou Junlian Xinkang Venture Investment (Limited Partnership); Xiamen Defu Yuean Investment Partnership Enterprise (Limited Partnership); Ningbo Meishan Bonded Port Qianyi Equity Investment Partnership Enterprise (Limited Partnership); OAP IV (HK) Limited; 3W Rivus Fund; Beijing Yahui Jinlin Venture Capital Partnership (Limited Partnership); Beijing Jianxing Healthcare Industry Equity Investment Partnership (Limited Partnership); Galaxy Yuanhui Investment Co., Ltd; Langma No. 61 (Shenzhen) Entrepreneurship Investment Center (Limited Partnership); Langma No. 62 (Shenzhen) Entrepreneurship Investment Center (Limited Partnership); Ningbo Xianda Venture Investment Partnership Enterprise (Limited Partnership); Taizhou Sida Venture Capital Partnership (Limited Partnership); Khorgos Dadao Venture Capital Co., Ltd.",0.5362,1,Series A,6.08,Individual (Mr. Dong Wenxing),0.351,0.351,32624000,Commercialized,0,Main Board,H Shares (ordinary shares),0,0,0,0,282010,HSICS (Hang Seng Industry Classification System) 2026,2017-07-31,8.76,,"Beijing, PRC",1000,IFRS,2023-01-01,2023-12-31,2024-01-01,2024-12-31,2025-01-01,402751000,154168000,136970000,2026-04-24,2026-04-29,54831344,298619000,34235000,True and fair view (unqualified opinion),71200000,JSC International Investment Fund SPC - Shenghai SP; OAP IV (HK) Limited; Greater Bay Area Development Fund Management Limited (for the Managed Account of Mega Prime Development Limited); Greater Bay Area Development Fund Management Limited (for the Managed Account of Poly Platinum Enterprises Limited),0.3471,2026-11-05,7823.13,300735,6588640500,"Subscription level 7,823.13 times",,2026-05-04,8421850,842200,7579650,0,0,"No clawback/reallocation: Claw-back triggered N/A; no Offer Shares reallocated from the International Offering; final Hong Kong Public Offering size 842,200 (10.00% of the Global Offering); International Offering retained 7,579,650 (90.00%).",758400000,0.5212,54831344,0.1003,"Free float numerator = Global Offering Shares (col_CS) less cornerstone allocation (col_CK x col_CS) = 8,421,850 - 2,922,900 = 5,498,950 H Shares not subject to disposal restrictions; denominator = total issued Shares upon Listing (54,831,344). Excludes Controlling Shareholders and Pre-IPO Investors (12-month PRC lock-up) and Cornerstone Investors (6-month lock-up).",54831344,0.0628619,32,0.0248577,53828000000,215,1.18274,981145525,288,299,202,3241729,0.384919,917980200,Mechanism A,FINI (from 22/11/2023); 2025-08-04 pricing reform (Mechanism A/B; six-month cornerstone lock-up retained); this IPO: Mechanism A,北京天星医疗股份有限公司,Active,194.4,-0.095814,0.973604,0.005395,0.054689,0.8993,0.8573,68730765,,,,,,,,,,,,,,Standard,China International Capital Corporation / Sponsor-OC,2026-06-04,0,0,0.15,2026-05-05,0,0,-0.031,-0.070533,0.180672,-0.065116,0.9169,-0.095814,0.8993,-0.407442,0.5936,0.5979,2.74488e+07,0.003914,0,0.129904,0.665552,2026-11-05,2027-05-05,,,,CICC,2,0,0.025,0.01,0.035,4,0,0,6,0,POST_FINI,POST_2025_REFORM,0.202418,0.179261,0.231206,17.819773,0.100002,1
2026Q2,0,50,1187.HK,"Cofoe Medical Technology Co., Ltd. - H Shares",2026-04-27,2026-05-06,"Huatai Financial Holdings (Hong Kong) Limited /
BNP Paribas Securities (Asia) Limited",Ernst & Young,,106191000,955719000,39.33,235897000,27000000,208897000,208897000,0,27000000,24300000,2700000,39.33,,0,0,Fixed price,RMB,6244191000,6422667000,6628916000,4908194000,4802350000,4902889000,1335997000,1620317000,1726027000,2853695000,2982931000,3387499000,285708000,371999000,425843000,252871000,312344000,370316000,0.01,0.01,0,Home care medical devices,Chapter 19A of the Listing Rules (PRC issuer with other listed shares),2025-12-31,695726000,1294575000,87284000,11387000,0.361,1,1,1,1,,,,Ningbo Huaige Gongxin Venture Capital Partnership (Limited Partnership); Guangzhou Danlu Venture Capital Fund Partnership (Limited Partnership); Xiangtan Chanxing Dingxin Private Equity Fund Enterprise (Limited Partnership); Hunan Cultural Tourist Venture Capital Fund (Limited Partnership); Changsha Yuhua Economic Development Dingxin Private Equity Fund Partnership (Limited Partnership); Hunan Bofu Cultural Industry Investment Funds (Limited Partnership),,0,Capital increases and transfers between 2009 and 2019,,Natural persons (Mr. Zhang and Ms. Nie) and their shareholding platforms,0.4783,0.4782,826180000,,0,Main Board,H Shares,1,0,0,0,282010,HSICS (Hang Seng Industry Classification System) 2026,2009-11-19,16.46,,"No. 87, Section 1, Huanbao East Road, Yuhua District, Changsha City, Hunan Province, PRC",1000,IFRS Accounting Standards,2023-01-01,2023-12-31,2024-01-01,2024-12-31,2025-01-01,3387499000,425843000,370316000,2026-04-27,2026-04-30,27000000,1751605000,178100000,Unqualified opinion (true and fair view),54800000,"Lens Technology (HK) Co., Limited; Changsha Yufeng Technology Co., Ltd.; Vision Capital Management Co., Ltd.; China Galaxy International Investment Company Limited; Panjing Harbourview Investment Fund; FR M CONSULTING CO., LTD; HongKong HQD Industry Limited; Da Cheng International Asset Management Company Limited; Sinohealth Technology Holdings Limited; ODI TRUST LIMITED; Huang Xuelin; Dai Jun'an; Lu Qinchao",0.3576,2026-11-06,399.08,105939,1077506800,Subscription level 399.08 times,2026-05-04,2026-05-05,27000000,2700000,24300000,0,0,"No claw-back triggered (Claw-back triggered: N/A); 0 Offer Shares reallocated from the International Offering to the Hong Kong Public Offering; final HK Public Offering 2,700,000 = 10.00% of the Global Offering.",1007100000,0.1167,231400869,0.075,"Free float denominator = total issued share capital upon Listing excluding 4,496,131 A Shares repurchased as treasury shares = 235,897,000 - 4,496,131 = 231,400,869 Shares; numerator = Global Offering Offer Shares (27,000,000) minus cornerstone allocation subject to six-month lock-up (9,654,300) = 17,345,700 H Shares.",231400869,0.0364814,32,0.0248815,53828000000,38.205,-0.028604,-30375000,39.145,40.305,34.805,11185498,0.414278,428005950,Mechanism B,FINI (from 22/11/2023); 2025-08-04 pricing reform (Mechanism A/B; six-month cornerstone lock-up retained); this IPO: Mechanism B,可孚医疗科技股份有限公司,Active,28.905,-0.243424,-0.265065,-0.022147,0.017663,0.7737,0.7434,39729359,,,,,,,,,,,,,,Standard,China International Capital Corporation / Sponsor-OC,2026-06-05,0,0,0.15,2026-05-06,0,0,0.047849,-0.054481,0.15936,-0.039262,0.9558,-0.243424,0.7737,-0.161235,0.8484,0.8449,2.03008e+07,0.0063013,0,0.0315967,0.364223,2026-11-06,2027-05-06,,,,CICC,2,0,0.025,0.01,0.035,4,0,0,6,0,POST_FINI,POST_2025_REFORM,0.260378,0.055864,0.135628,19.278906,0.100000,2
2026Q2,0,51,1236.HK,"SHENZHEN LDROBOT CO., LTD - H Shares",2026-04-30,2026-05-11,"Haitong International Capital Limited /
Guotai Junan Capital Limited",Ernst & Young,,87868424,790800000,26.36,333333400,33333400,300000000,300000000,0,33333400,30000000,3333400,30,24,-0.023704,0.222222,Within range,RMB,600144000,652644000,674998000,452270000,407550000,368042000,147874000,245094000,306956000,276562000,467345000,747773000,-68491000,-56483000,-62501000,-68491000,-56483000,-62501000,0.025,0.025,0.15,"Design, development and manufacture of intelligent robots; visual perception products and robot lawn mowers",Main Board of the Stock Exchange (Rule 8.05(3) market capitalisation/revenue test); PRC issuer H Shares,2025-12-31,-136473000,119382000,121121000,0,0.498,1,1,1,1,1,1,1,Tibet Wanqing; Hunan Huaye; Zhuhai Huaye; Wuhan Yuanxia; Qicheng Investment; Mingshi Changfeng; Pengyuansheng; Yuanjing SME; Yuanjing Dingheng; Lianjin Innovation; Jiuyu Galaxy; Gongchuang Zhuoxin,0.5122,1,Series A,4.85,Natural persons acting in concert (founders),0.3565,0.3565,12660000,Mass production and commercialization,0,Main Board,H Shares,0,0,0,0,701030,HSICS (Hang Seng Industry Classification System) 2026,2017-11-17,8.48,,"7/F and 16/F, Tower A, Building 6, International Innovation Valley, Xili Subdistrict, Nanshan District, Shenzhen, Guangdong Province, PRC",1000,HKFRS,2023-01-01,2023-12-31,2024-01-01,2024-12-31,2025-01-01,747773000,-62501000,-62501000,2026-04-30,2026-05-06,333333400,191945000,10404000,Unqualified,72900000,KCH Vision Investment Limited,0.3152,2026-11-11,6707.66,296740,22359328600,"Subscription level 6,707.66 times",2026-05-07,2026-05-08,33333400,3333400,30000000,0,0,"Reallocation: No; 0 Offer Shares reallocated from the International Offering to the Hong Kong Public Offering; the final HK public offer size (3,333,400) equals the initial size and represents 10.00% of the Global Offering (no clawback).",806800000,0.3876,333333400,0.0685,"Free float numerator = Offer Shares minus cornerstone allocation (10,508,200 H Shares subject to 6-month lock-up); also excludes H Shares converted from Unlisted Shares subject to 12-month lock-up. Denominator = total issued Shares upon Listing before exercise of the Over-allotment Option (333,333,400).",333333400,0.0464878,34,0.0243387,53862000000,60,1.27618,1121335576,53.5,66,50.3,14659225,0.439776,891537750,Mechanism B,FINI (from 22/11/2023); 2025-08-04 pricing reform (Mechanism A/B; six-month cornerstone lock-up retained); this IPO: Mechanism B,深圳乐动机器人股份有限公司,Active,39.2,-0.346667,0.487102,-0.066262,-0.068637,0.6997,0.7015,7.16827e+07,,,,,,,,,,,,,,Standard,China International Capital Corporation / Sponsor-OC,2026-06-10,0,0,0.15,2026-05-11,0,0,-0.10249,-0.136208,0.100169,-0.232,0.7811,-0.346667,0.6997,-0.33,0.6821,0.6955,2.78312e+07,0.00360479,0,0.138191,0.612121,2026-11-11,2027-05-11,,,,CICC,2,0,0.025,0.01,0.035,4,0,0,6,0,POST_FINI,POST_2025_REFORM,0.454751,-0.092594,0.600045,19.624654,0.100002,2
2026Q2,0,52,7630.HK,"IMPACT Therapeutics, Inc - B - H Shares",2026-05-05,2026-05-13,"Goldman Sachs (Asia) L.L.C. /
China International Capital Corporation Hong Kong Securities Limited",Ernst & Young,,84375780,885919560,20.1,276165130,41977000,234188130,234188130,0,41977000,37779200,4197800,21.75,19.75,-0.031325,0.096386,Within range,RMB,,388894000,334522000,,-744290000,-957891000,,1133184000,1292413000,,33547000,38251000,,-254752000,-295923000,,-254755000,-295924000,0.04,0.04,0.15,"Biotechnology - discovery, development and commercialisation of synthetic lethality (SL)-based precision anti-cancer therapies",Chapter 18A of the Listing Rules (Main Board biotech listing),2025-12-31,-95880000,258534000,183674000,0,0.949,1,1,1,1,1,1,1,LAV Innovation; LAV Enterprise; LAV Integra; LAV Impetus; Shanghai Li'an; Cenova Capital; WuXi AppTec Fund; Biolake China Summit; Guangzhou Yuexiu; Sungent; Haibang; Decheng; Suzhou Lirui; Suzhou Likang; Shanghai Lihao; Suzhou Lirun; LAV V; AlphaTech; West Fountain; Pegasos; Junshi; Ruiji Fund III; China Summit Zhixin; Ausun; LAV Fund VI; LAV Opportunities; China Summit Capital; Homeric Summit; Dingxin Capital; EMH; WWHCP; Everspring; Bestride; Orchids; Shanghai Yunan; C&D No. 7 Holdings; Yangzhou Guojin; Gaotejia; Beijing New Power; Hainan Yuema Zhengchun; Xiamen Jianfa; Tencent; Shanghai Kangjun,0.8386,1,Series A Financing,11.9,None (no controlling shareholder); Single Largest Group of Shareholders is Dr. Yi Shi and LAV USD,0.1393,0.1393,1024789000,Commercial-stage (senaparib approved by the NMPA and launched in China in 2025),0,Main Board,H Shares,0,0,1,0,281020,HSICS (Hang Seng Industry Classification System) 2026,2009-06-10,16.92,,"27th Floor, New Bund Times Square, 399 West Haiyang Road, Pudong New District, Shanghai, PRC",1000,HKFRS Accounting Standards,2023-01-01,2023-12-31,2024-01-01,2024-12-31,2025-01-01,38251000,-295923000,-295924000,2026-05-05,2026-05-08,276165130,36680000,1500000,Unqualified opinion (true and fair view),89900000,BPV and HTCI; Tencent Holdings; Huang River; Prosper High; LAV Entities; LAV Star; LAV Star Opportunities; Foresight; GSC Fund 1; Vision Fund 1; Horizon Fund 1; Horizon Next Fund; First Quarter Moon OFC - Phecda Fund; WWHCP,0.3319,2026-11-13,2282.4,221788,9581069400,"Subscription level 2,282.4 times",2026-05-11,2026-05-12,41977000,4197800,37779200,6296400,1,"No claw-back triggered (""Claw-back triggered: N/A""); no Offer Shares reallocated from the International Offering; final HK Public Offering shares 4,197,800 H Shares equal the initial 4,197,800 H Shares (10.00% of the Global Offering).",759500000,0.5706,276165130,0.1016,"Free float = H Shares held by the public and not subject to disposal restrictions; denominator = total issued Shares of the Company upon Listing before exercise of the Over-allotment Option (276,165,130 Shares), i.e. same base as the public float ratio.",276165130,0.0527567,33,0.024431,53862000000,41.86,1.08259,913419520,35.5,45.8,33.1,15134972,0.360554,544226900,Mechanism A,FINI (from 22/11/2023); 2025-08-04 pricing reform (Mechanism A/B; six-month cornerstone lock-up retained); this IPO: Mechanism A,南京英派药业股份有限公司,Active,36.7,-0.123268,0.825871,-0.075051,-0.072452,0.9479,0.9452,52648095,,,,,,,,,,,,,,18A (Biotech / B-tag),China International Capital Corporation / Sponsor-OC,2026-06-12,0,0,0.15,2026-06-05,6296400,1,0.006483,-0.527747,0.227733,-0.073101,0.9481,-0.123268,0.9479,-0.686097,0.3256,0.3348,2.34183e+07,0.00475862,0,0.139105,0.77178,2026-11-13,2027-05-13,,,,CICC,2,0,0.025,0.01,0.035,4,0,0,6,0,POST_FINI,POST_2025_REFORM,3.863462,-0.884617,0.140221,19.436510,0.100002,1
2026Q2,0,53,7666.HK,"Metis TechBio Co., Ltd. - P - H Shares",2026-05-05,2026-05-13,"Jefferies Hong Kong Limited / 
Deutsche Securities Asia Limited /
CITIC Securities (Hong Kong) Limited",PricewaterhouseCoopers,Jones Lang LaSalle Corporate Appraisal and Advisory Limited,422583000,2007253500,10.5,1152513850,201229000,951284850,951284850,0,201229000,191167500,10061500,10.5,10.5,0,0,Fixed price,RMB,1313394000,1048535000,1290268000,-977563000,-1382389000,1040858000,2290957000,2430924000,249410000,9338000,1482000,105000000,-581926000,-499190000,-391713000,-581928000,-499198000,-391836000,0.03,0.03,0.15,AI-empowered nanomaterial innovation,Chapter 18C of the Listing Rules (Specialist Technology Company; Pre-Commercial Company),2025-12-31,-121593000,828263000,269809000,0,0.989,1,1,1,1,1,1,1,"FreeS International Holdings (Hong Kong) Limited; Quadrant Ventures Limited; Chengdu Fengrui Tiantou Venture Capital Center (Limited Partnership); Kunshan Fengrui Equity Investment Center (Limited Partnership); HSG Seed I Holdco T, Ltd.; Mr. Wang Cong; Lightspeed China Partners IV, L.P.; Evolution Fund I, L.P.; Evolution Fund I Co-investment, L.P.; IMO Global Growth Fund SPC; XtalPi Investment Limited; YUAN BEN CHEN XING ONE-PERSON LIMITED COMPANY; Jiangsu Jiequan Chengda Equity Investment Centre (Limited Partnership); Shanghai Yuji Technology Partnership (Limited Partnership); Nanjing China Merchants Bank Win Equity Investment Partnership (Limited Partnership); PICC Beijing Health Care Fund, L.P.; HSG Venture VIII Holdco AC, Ltd.; Shanghai Ziyuan Investment Center (Limited Partnership); Duckling Fund, L.P.; Martis Fund, L.P.; 5Y Capital Evolution Fund II, L.P.; 5Y Capital Evolution Fund II Co-Investment, L.P.; Monolith Mini Fund L.P.; Taixi (Tianjin) Enterprise Management Partnership (Limited Partnership); CICC Healthcare Investment Opportunities VI Limited; CICC Kangrui; Taiping GBA Inno-Tech Limited Partnership Fund; Beijing Medical and Health Industry Investment Fund (Limited Partnership); Beijing Daxing District Industrial Development Fund Partnership (Limited Partnership)",0.3208,1,Series Angel Financing,6.2,"Individual (Dr. Lai, acting in concert as leader of the Single Largest Group of Shareholders)",0.2532,0.2532,131130000,Pre-Commercial Company,0,Main Board,H Shares,0,0,0,1,281020,HSICS (Hang Seng Industry Classification System) 2026,2020-01-10,6.34,,"Room 201, 2/F, Building 13, No. 21 Tianhe West Road, Daxing Biomedical Industry Base, Zhongguancun Science Park, Daxing District, Beijing, PRC",1000,IFRS Accounting Standards,2023-01-01,2023-12-31,2024-01-01,2024-12-31,2025-01-01,105000000,-391713000,-391836000,2026-05-05,2026-05-08,1052926111,103087000,19033000,Unqualified opinion (true and fair view),136000000,"China Venture Capital Innovation Investment Fund Co., Ltd.; Mirae; HHLRA; Deerfield; RTW Funds; Arc Avenue; Huadeng Technology; Isometry Global; GF Fund; ICBCUBS Entities; China AMC (HK); Fullgoal Fund; Lake Bleu; Sage Partners; ICBC Wealth Management; ORIX Asia AM",0.5487,2026-11-13,6910.96,383309,69534656500,Subscription level 6910.96 times,,2026-05-12,201229000,40246000,160983000,30184000,1,"香港公开发售超额认购50倍或以上触发回拨：由国际配售回拨 30,184,500 股至香港公开发售，最终香港公开发售股数为 40,246,000 股（约占全球发售 20.00%，假设超额配售权未行使），最终国际配售股数为 160,983,000 股（约占 80.00%）。",1992700000,0.7185,1152513850,0.0788,Free float denominator = total issued shares upon listing (col_CZ); numerator = offer shares minus cornerstone allocation,1152513850,0.0527567,33,0.024431,53862000000,23.8,1.26667,2676345700,28.68,29.98,22.5,84545162,0.420144,2403901000,Mechanism A,FINI (from 22/11/2023); 2025-08-04 pricing reform (Mechanism A/B; six-month cornerstone lock-up retained); this IPO: Mechanism A,剂泰科技(北京)股份有限公司,Active,12.17,-0.488655,0.159048,-0.075051,-0.072452,0.5528,0.5513,224707985,,,,,,,,,,,,,,18C (Specialist Tech),CLSA Limited,2026-06-12,0,30184000,0.15,2026-06-05,30184000,1,-0.016358,-0.198635,0.153224,-0.157143,0.8622,-0.488655,0.5528,-0.469748,0.55,0.5655,9.18999e+07,0.00157145,0,0.149196,0.678119,2026-11-13,2027-05-13,,,,CICC,2,0,0.025,0.01,0.035,4,0,0,6,0,POST_FINI,POST_2025_REFORM,0.193301,-0.303686,69.850202,20.865211,0.050000,1
2026Q2,0,54,6871.HK,"Robotphoenix Intelligent Technology Co., Ltd. - H Shares",2026-05-08,2026-05-18,ABCI Capital Limited,Ernst & Young,,150060000,600240000,30.5,244953968,24600000,220353968,220353968,0,24600000,23370000,1230000,30.5,30.5,0,0,Fixed price,RMB,314258000,397861000,630552000,98412000,46087000,177241000,215846000,351774000,453311000,201170000,268009000,387359000,-110604000,-71495000,-152941000,-110606000,-71495000,-152941000,0.03,0.03,,"Industrial robotics - design, development, manufacturing and commercialization of industrial robots and integrated robotics solutions",Chapter 18C,2025-12-31,-182517000,51121000,70792000,,0.468,1,1,1,1,1,1,1,"Shenzhen Jasic Robotics Automation Equipment Co., Ltd.; Shanghai Dongshu Venture Investment Center (Limited Partnership); Rizhao Ivy Innovative Venture Capital Partnership (Limited Partnership); Xingzhi Wenhua (Shanghai) Venture Capital Center (Limited Partnership); Shanghai FreeS Venture Capital Center (Limited Partnership); Baotou Qidi Star Investment Center (Limited Partnership); Xizang Chuzhe Zhixin Equity Investment Partnership (Limited Partnership); Shanghai Haode Equity Investment Fund Partnership Enterprise (Limited Partnership); Runzhe Investment Management Co., Ltd.; Profit Glory Investment Co., Ltd.; Suzhou ChinaEquity Chenxin Investment Center (Limited Partnership); Xiamen Lantu Tianxing Investment Partnership (Limited Partnership); Shenzhen Yiyiyuanheyi Investment Partnership Enterprise (Limited Partnership); Shanghai Qingwang Venture Investment Partnership (Limited Partnership); Broadband Chengbai Yangtze River (Hubei) Investment Fund Partnership (Limited Partnership); Quanzhou Shenglian Equity Investment Fund Partnership (Limited Partnership); Shandong Haomai Xinxing Investment Management Co., Ltd.; Hangzhou Haorui Equity Investment Management Co., Ltd.; Shenzhen Qianhai Landian Electronic Information Industrial Equity Investment Partnership (Limited Partnership); Shandong Caijin Investment Co., Ltd.; Jinan Xingwen Jinhe Enterprise Management Center (Limited Partnership); Rizhao Ivy Venture Capital Partnership (Limited Partnership); Qingkong Yinxing Nantong Venture Investment Fund Partnership (Limited Partnership); Jiaxing Feitu Xinyuan Venture Capital Partnership (Limited Partnership); Hainan Ferry Growth No.3 Venture Investment Fund Partnership (Limited Partnership); Beijing Junli Lianhe Venture Capital Partnership (Limited Partnership); Jiaxing Runze Equity Investment Partnership Enterprise (Limited Partnership); Ningbo Yiyi Equity Investment Fund Management Co., Ltd.; Ivory One Investment Ltd.; Smart Beauty Investment Limited; Jinan Yike No.1 Investment Center (Limited Partnership); Yuhuan City Equity Investment Fund Co., Ltd.; Yuhuan City State-owned Assets Investment Operation Group Co., Ltd.; Fengchi Qianhai Dianche Investment Consulting Partnership (Limited Partnership); Fengchi Qianhai Dianche No.2 Investment Consulting Partnership (Limited Partnership); Jianhu County Yuehu New Industry Fund Partnership (Limited Partnership); Hangzhou Guoke Infore Equity Investment Partnership (Limited Partnership); Shaoxing City Shangyu District Wanxiang Holding Co., Ltd.; Shaoxing Shangyu Caoejiang Economic Development Zone Construction Development Co., Ltd; Chongtian Intelligence (Weifang) Enterprise Management Consulting Center (Limited Partnership)",,0,Angel Investment,12.02,Individual (founder Dr. Zhang Sai),0.2255,0.2255,197450000,Early stage of commercialization,0,Main Board,H Shares,0,0,0,1,101020,HSICS (Hang Seng Industry Classification System) 2026,2012-06-26,13.89,,"Building E, Digital Economy Industrial Park (Nanwan Zhigu), No. 1261, Jinhai Avenue, Yuhuan, Taizhou, Zhejiang Province, PRC",1000,IFRS Accounting Standards (IFRSs),2023-01-01,2023-12-31,2024-01-01,2024-12-31,2025-01-01,387359000,-152941000,-152941000,2026-05-08,2026-05-13,244953968,96199000,38506000,Unqualified (true and fair view),77400000,,0,,14855.4,330334,18272139700,"Subscription level 14,855.40 times",,2026-05-15,24600000,4920000,19680000,0,0,"3,690,000 Offer Shares reallocated from the International Offering to the Hong Kong Public Offering (claw-back), lifting the Hong Kong Public Offering from 1,230,000 (5%) to 4,920,000 (20%) of the Global Offering",672900000,0.6302,244953968,0.1004,Free float denominator = total issued shares upon listing (col_CZ); numerator = offer shares minus cornerstone allocation,244953968,0.0283188,31,0.025147,53980000000,53.75,0.762295,571950000,54.65,59.65,52,12671555,0.515104,694075300,Mechanism A,FINI (from 22/11/2023); 2025-08-04 pricing reform (Mechanism A/B; six-month cornerstone lock-up retained); this IPO: Mechanism A,浙江翼菲智能科技股份有限公司,Active,34.96,-0.349581,0.14623,-0.032425,-0.01638,0.6722,0.6612,114180945,,,,,,,,,,,,,,18C (Specialist Tech),China International Capital Corporation / Sponsor-OC,2026-06-17,0,0,0.05,2026-05-18,0,0,0.248017,-0.154255,0.40096,-0.40093,0.6007,-0.349581,0.6722,-0.40093,0.6043,0.607,6.28137e+07,0.00281475,0,0.134222,0.68399,2026-11-18,2027-05-18,,,,CICC,2,0,0.025,0.01,0.035,4,0,0,6,0,POST_FINI,POST_2025_REFORM,0.718911,-0.242551,0.445321,19.316581,0.050000,3
2026Q2,0,55,1511.HK,"UISEE Technologies (Beijing) Co., Ltd. - H Shares",2026-05-12,2026-05-20,CITIC Securities (Hong Kong) Limited,Ernst & Young,,174402675,697607685,60.3,162485020,14461200,148023820,148023820,0,14461200,13738100,723100,60.3,60.3,0,0,Fixed price,RMB,846494000,667782000,629789000,631661000,450289000,267603000,214833000,217493000,362186000,161363000,265496000,328257000,-213126000,-211579000,-230170000,-213126000,-211579000,-230170000,0.03,0.03,0.15,Autonomous driving solutions,Chapter 18C of the Listing Rules,2025-12-31,-173867000,113349000,233690000,0,0.378,1,1,1,1,1,1,1,"Angel: Sinovation Fund III, L.P.; Shaanxi Xike Angel Phase III Commercial Consultancy Partnership (LP); Zhen Partners IV (HK) Limited; Wuhu Keqi Automobile Technology Co., Ltd.; Beijing Qingshan Enterprise Angel Investment Partnership (LP). Series A: Ningbo Lanting Shiling Investment Partnership (LP); Lhasa Zhixing Innovative Technology Co., Ltd.; Century Gateway Investment Limited; Zhuhai GF Yunyi Smart Car Industry Fund (LP); Shaanxi Big Data Industry Investment Fund Partnership (LP); Beijing Yintai Jiahe Venture Capital Investment Co., Ltd.; Zhuhai GF Xinde Environment Protection Industry Investment Fund Partnership (LP); Zhen Partners IV (HK) Limited; Zhuhai Kangyuan Investment Enterprise (LP); CAS-Tech Fund I L.P.; Bosch (Shanghai) Venture Capital Investment Co., Ltd. Series B-1: Xinding Huaqi; CDBC Manufacturing Fund; Z-Park Longmen; Beijing Hard Tech II Fund; Tengyun Yuansheng; CICC Qihong; Shenzhen Capital Group (SCGC); Tianjin Hongtu; SCGC Hongrui; Shanghai Hongtu; Liyang Hongtu; Changzhou Hongtu; Jiangsu Zhongde; Jiaxing Jiayao; Xiamen Oak Forest; Liangjiang Innovative Fund; Keyuan Shenneng; Hengtong Datai; Xiamen Datai. Series B-2: Shanghai SOE Reform Fund; Beijing Smart Cloud City Investment Fund Center (LP); Xiangjiang Industrial Investment Co., Ltd.; Jiaxing Jiayao. Series B-3: Hubei High Quality Development Industry Investment Fund Partnership (LP); Taizhou Shengsheng Equity Investment Partnership (LP); CITIC Securities Investment Co., Ltd.; Yusheng Future (Zhuhai) Equity Investment Partnership (LP). Series C: Chongqing Science City Investment Holding Co., Ltd. (Chongke Investment); Xinzhifeng (Wuhan) Equity Investment Fund Partnership (LP).",0.4767,1,Angel Financing,10.03,Individual (natural person),0.3235,0.3235,141066000,Successfully commercialized,0,Main Board,H Shares,0,0,0,1,702015,HSICS (Hang Seng Industry Classification System) 2026,2016-02-03,10.29,,"Room 101, 1/F, Yuan Building 1, No. 85 Hongan Road, Fangshan District, Beijing, PRC",1000,IFRS,2023-01-01,2023-12-31,2024-01-01,2024-12-31,2025-01-01,328257000,-230170000,-230170000,2026-05-12,2026-05-15,126725450,167877000,8237000,,76700000,Xiongan Autonomous Driving Limited; CYGG Holding Limited; Starwin International A LPF,0.2996,2026-11-20,6777.29,285972,4900657700,"Subscription level 6,777.29 times",,2026-05-19,14461200,2892250,11568950,0,0,"Claw-back triggered: Yes. 2,169,150 Offer Shares reallocated from the International Offering to the Hong Kong Public Offering; final Hong Kong Public Offering = 2,892,250 H Shares, 20% of the Global Offering.",795400000,0.5874,162485020,0.0623,"Free float numerator = 10,129,000 H Shares (Global Offering shares less Offer Shares allocated to Cornerstone Investors subject to a six-month lock-up and less H Shares converted from Unlisted Shares subject to a 12-month lock-up); denominator = total issued share capital upon Listing = 162,485,020.",162485020,0.0198235,29,0.0268387,53980000000,57.5,-0.046434,-40491360,56,61.5,50,6291050,0.43503,374852200,Mechanism A,FINI (from 22/11/2023); 2025-08-04 pricing reform (Mechanism A/B; six-month cornerstone lock-up retained); this IPO: Mechanism A,驭势科技（北京）股份有限公司,Active,94.9,0.650435,0.573798,-0.052199,-0.04201,1.7413,1.7228,61609110,,,,,,,,,,,,,,18C (Specialist Tech),China International Capital Corporation / Sponsor-OC,2026-06-19,0,0,0.05,2026-05-20,0,0,0.084011,-0.414946,0.438559,0.338261,1.3553,0.650435,1.7413,0.049565,1.056,1.0926,3.34973e+07,0.00107524,0,0.0460284,0.482405,2026-11-20,2027-05-20,,,,CICC,2,0,0.025,0.01,0.035,4,0,0,6,0,POST_FINI,POST_2025_REFORM,0.575091,-0.365472,0.236392,18.906096,0.050003,1
2026Q2,0,56,7688.HK,"Shanghai Top Numerical Control Technology Co., Ltd. - H Shares",2026-05-12,2026-05-20,"Guotai Junan Capital Limited /
CCB International Capital Limited",Ernst & Young,,172405870,1810261635,26.39,409281790,65330000,343951790,343951790,0,65330000,58797000,6533000,26.39,26.39,0,0,Fixed price,RMB,1121883000,984086000,1013144000,133520000,169056000,179774000,988363000,815030000,833370000,334630000,531556000,577978000,-62269000,6886000,1625000,-62340000,6886000,1625000,0.0216,0.0216,0.15,"R&D, design, production and sales of high-end intelligent manufacturing equipment, comprising primarily five-axis CNC machine tools","Main Board of the Stock Exchange, Rule 8.05(3) market capitalisation/revenue test",2025-12-31,25394000,208930000,106819000,0,0.801,1,1,1,1,,1,1,Shanghai Yiding Investment LP; Shenzhen Hehui Investment LP; Shenzhen Zhongyi Investment LP; Hanzhong Zhonghe LP; Shanghai Xixiao LP; Zhuhai Jiufeite Changsheng Investment LP; Zhuhai Jiufeite Jiufu Investment LP; Jiaxing CDH Investment LP; Changzhou Yongyuan Investment LP; Jiaxing Yongzhong Investment LP; Yiwu Dongshun Real Estate; Guangzhou Huangpu Investment LP; Shanghai Linsong LP; Shanghai Songfanhui LP; Changzhou Xiangnong Investment LP; GQC Xinzhou VC LP; Jiaxing Tengyin Investment LP; Hainan Yujun Investment LP; GQC Yuantuo Investment LP; Zhuhai Junlian VC LP; Zhuhai Jiufeite Jiufu No. 5 Investment LP; Yangzhou Xinyuan Investment LP; Pingtan Boda Investment LP; Foshan ZFBN Investment LP; Foshan ZFTC VC LP; Zhuhai Ruixin Investment LP; Zhuhai QKCX Investment LP; Jiaxing Nanhu Keying Investment LP; Qingdao South China Dingye Investment LP; Jiaxing Hongyang Investment LP; Qingdao ZJQX VC LP; Tianjin Haisheng Investment LP; China Post Life Insurance; Beijing Yuanjing Investment LP; Beijing Jingguo Investment LP; Jiaxing Zhiyou VC LP; Xuchang Digital Economy Investment LP; Rizhao Muzhizhi Investment LP; Jiangsu Jianyin; Tianjin Winfund LP; Guangzhou Yujian Manufacturing LP,,1,Early Investment,15.6,Individual (Dr. Wang),0.326,0.326,346407000,Commercialised - products in production and sales; large-span carbon fiber composite five-axis machine tools first sold in FY2025,0.06,Main Board,H Shares,0,0,0,0,101020,HSICS (Hang Seng Industry Classification System) 2026,2007-05-18,19.01,,"No. 888, Guanghua Road, Minhang District, Shanghai, the PRC",1000,IFRS Accounting Standards,2023-01-01,2023-12-31,2024-01-01,2024-12-31,2025-01-01,577978000,1625000,1625000,2026-05-12,2026-05-15,371472904,204358000,39065000,Unqualified opinion,117650000,RBC; 3W; Boyu; HHLRA; UBS AM Singapore; CDH; Cithara Fund; Fullgoal Fund; Fullgoal HK; China AMC; Shanghai Minhang; TT International; Mirae Asset; GSAM,0.5,2026-11-20,3764.63,344049,24594360400,"Subscription level 3,764.63 times",,2026-05-19,65330000,6533000,58797000,9799500,1,"Reallocation: No. 0 Offer Shares reallocated from the International Offering; final number of Offer Shares under the Hong Kong Public Offering 6,533,000, being 10.00% of the Global Offering (before exercise of the Over-allotment Option).",1606400000,0.5495,409281790,0.0798,Free float denominator = total issued shares upon listing (col_CZ); numerator = offer shares minus cornerstone allocation,409281790,0.0198235,29,0.0268387,53980000000,47.5,0.799924,1379116300,37,48.4,33.8,40537134,0.620498,1607535900,Mechanism B,FINI (from 22/11/2023); 2025-08-04 pricing reform (Mechanism A/B; six-month cornerstone lock-up retained); this IPO: Mechanism B,上海拓璞数控科技股份有限公司,Active,28.5,-0.4,0.079955,-0.052199,-0.04201,0.633,0.6263,150417960,,,,,,,,,,,,,,Standard,"Guotai Junan Securities (Hong Kong) 
Limited",2026-06-19,0,9799500,0.15,2026-06-19,9799500,1,-0.31601,-0.507493,0.123279,-0.215158,0.7948,-0.4,0.633,-0.680632,0.3213,0.3324,6.06894e+07,0.00259287,0,0.108062,0.752301,2026-11-20,2027-05-20,,,,CICC,2,0,0.025,0.01,0.035,4,0,0,6,0,POST_FINI,POST_2025_REFORM,0.822558,0.001604,0.087332,19.829914,0.100000,2
2026Q2,0,57,6872.HK,TenNor Therapeutics (Suzhou) Limited - B - H Shares,2026-05-14,2026-05-22,"CITIC Securities (Hong Kong) Limited /
ABCI Capital Limited",PricewaterhouseCoopers,,62687170,607712030,75.7,51753476,8280550,43472926,43472926,0,8280550,7452450,828100,75.7,75.7,0,0,Fixed price,RMB,96054000,132886000,227036000,-758909000,-898048000,153857000,854963000,1030934000,73179000,,,,-191844000,-145929000,-153244000,-191844000,-145929000,-153244000,0.03,0.03,0.15,"Biotechnology - discovery, development and commercialization of innovative antibacterial therapies",Chapter 18A of the Listing Rules,2025-12-31,-87195000,183765000,71872000,0,,1,1,1,1,1,1,1,"AMR Action Fund, L.P.; AMR Action Fund, SCSp; WuXi PharmaTech Healthcare Fund I L.P. (WuXi Fund); Northern Light Venture Capital IV, Ltd. (Immense Vantage Limited); China Life Sciences Access Fund, L.P.; Suzhou Frontline Bioventure Capital Investment Partnership (LP); Suzhou Frontline Bioventures Venture Capital Investment Partnership (LP) Fund II; Suzhou Industrial Park Origin Ventures Co., Ltd.; Suzhou Industrial Park Oriza Zhengze Venture Capital I (LP); Nongyin No. 2 Wuxi Equity Investment Center; MAL Investment Company; Allen Chao Interests, Ltd.; Relativity Healthcare Fund, LLC; Huzhou Zhongnuo Venture Capital Investment Partnership (LP); WuXi Guolian Guokang Health Industry Investment Center (LP); Ningbo Xiangshang; Ningbo Yaoshang; Ningbo Yanyuan; Ningbo Borong; Ningbo Rongshun; Suzhou GTJA; Yantai GTJA; Hainan Century Star River Investment Co., Ltd.; Suzhou Qianrong Yingrun Equity Investment Partnership (LP); Suzhou Yuankang Dingxiang Investment Management Partnership (LP); Zhongshan Entities; Kangnuo; Susui Investment; Borun Mingdu; Yuanjing Investment; Beijing Jingguo Chuang; Yangzhou Jinye; Cumbre",,0,Series A Financing,12.9,No controlling shareholder (Single Largest Group of Shareholders: the Cumbre Entities and family members of Mr. Meyerson),0.1582,0.1582,28654000,Near-commercial stage,,Main Board,H Shares,0,0,1,0,281010,HSICS (Hang Seng Industry Classification System) 2026,2013-02-25,13.23,,"Suzhou, Jiangsu Province, PRC",1000,HKFRS Accounting Standards,2023-01-01,2023-12-31,2024-01-01,2024-12-31,2025-01-01,,-153244000,-153244000,2026-05-14,2026-05-19,51753476,,453000,Unqualified opinion,69000000,"AMR Action Fund, L.P.; AMR Action Fund, SCSp; Hua Yuan International Limited; Orient Asset Management (Hong Kong) Limited; June Star Global Limited",0.3481,2026-11-22,9015.11,275978,7465408500,"Subscription level 9,015.11 times",,2026-05-21,8856000,828100,8027900,0,0,Claw-back not triggered (N/A); no Offer Shares reallocated from the International Offering to the Hong Kong Public Offering (0 H Shares),598300000,0.7306,52328926,0.1103,Free float denominator = total issued shares upon listing (col_CZ); numerator = offer shares minus cornerstone allocation,52328926,0.0199487,30,0.027,53975000000,211,1.78732,1198216800,150,222.2,145,2458654,0.277626,369693300,Mechanism B,FINI (from 22/11/2023); 2025-08-04 pricing reform (Mechanism A/B; six-month cornerstone lock-up retained); this IPO: Mechanism B,丹诺医药(苏州)股份有限公司,Active,270,0.279621,2.56671,-0.071761,-0.065747,1.3785,1.3697,38852615,,,,,,,,,,,,,,18A (Biotech / B-tag),China International Capital Corporation / Sponsor-OC,2026-06-21,0,0,0.0695,2026-05-22,0,0.5,-0.103738,-0.364444,0.297146,-0.035071,0.9812,0.279621,1.3785,-0.061137,0.9243,0.9592,2.04983e+07,0.00229801,0,0.197336,0.582578,2026-11-22,2027-05-22,,,,CICC,2,0,0.025,0.01,0.035,4,0,0,6,0,POST_FINI,POST_2025_REFORM,0.322323,-0.674977,NaN,17.762002,0.100005,1
2026Q2,0,58,0901.HK,"Shenzhen SDMC Technology Co., Ltd. - H Shares",2026-05-18,2026-05-27,China Securities (International) Corporate Finance Company Limited,Ernst & Young,,63002240,566997200,32.8,209540070,19207300,190332770,190332770,0,19207300,17286500,1920800,32.8,32.8,0,0,Fixed price,RMB,1824763000,2224758000,2573426000,900402000,1037053000,1267240000,924361000,1187705000,1306186000,2366870000,2540936000,3367659000,200241000,141090000,251185000,191209000,137226000,239153000,0.0135,0.0135,0.15,Smart home products for enterprise customers,Chapter 19A of the Listing Rules (H Share issuer),2025-12-31,-134043000,273353000,163900000,0,0.477,1,1,1,1,,1,,Panorama Capital Green Technology; Qihang No. 1; Qihang No. 2; Liu Minhua; Li Jingcheng; Wu Jun,0.023,0,"Pre-IPO Investments (earliest April 1, 2025)",1.13,Individual (Mr. Li Bo),0.3326,0.3326,231637000,Customer testing and commercialization stage,0,Main Board,H Shares,0,0,0,0,701010,HSICS (Hang Seng Industry Classification System) 2026,2003-10-22,22.6,,"Room 1920, 19/F, Lee Garden One, 33 Hysan Avenue, Causeway Bay, Hong Kong",1000,HKFRS Accounting Standards,2023-01-01,2023-12-31,2024-01-01,2024-12-31,2025-01-01,3367659000,251185000,239153000,2026-05-18,2026-05-21,209393562,656094000,21300000,True and fair view (unqualified opinion),60000000,,0,,1971.99,177196,3787797300,"Subscription level 1,971.99 times",,2026-05-27,19207300,1920800,17286500,0,0,"Claw-back triggered: N/A. No Offer Shares reallocated from the International Offering (0). Final no. of Offer Shares under the Hong Kong Public Offering 1,920,800, i.e. 10.00% of the Global Offering.",570000000,0.5237,209540070,0.0917,Free float denominator = total issued shares upon listing (col_CZ); numerator = offer shares minus cornerstone allocation,209540070,-0.0163493,28,0.0263881,54125000000,61.2,0.865854,545487320,65.8,71.05,57.3,4980964,0.259327,296288340,Mechanism B,FINI (from 22/11/2023); 2025-08-04 pricing reform (Mechanism A/B; six-month cornerstone lock-up retained); this IPO: Mechanism B,深圳市华曦达科技股份有限公司,Active,71.5,0.168301,1.17988,-0.075649,-0.087324,1.2639,1.2801,3.88374e+07,,,,,,,,,,,,,,Standard,China International Capital Corporation / Sponsor-OC,2026-06-26,0,0,0.15,2026-05-27,0,0,-0.040881,-0.069153,0.403979,0.068627,1.0395,0.168301,1.2639,0.19281,1.1843,1.2757,2.4153e+07,0.00240156,0,0.106207,0.318452,2026-11-27,2027-05-27,,,,CICC,2,0,0.025,0.01,0.035,4,0,0,6,0,POST_FINI,POST_2025_REFORM,0.507567,0.092932,0.325362,19.160426,0.100004,3
2026Q2,0,59,2723.HK,"Beijing DeepZero Technology Co., Ltd. - H Shares",2026-05-18,2026-05-27,ICBC International Capital Limited,KPMG,,50327400,452946600,55.5,90679175,9068000,81611175,81611175,0,9068000,8161200,906800,55.5,43.5,0.121212,0.242424,At high,RMB,615421000,540178000,564254000,470546000,404679000,412290000,144875000,135499000,151964000,611190000,537870000,576563000,64215000,20465000,7217000,60658000,21520000,9177000,0.025,0.025,,AI application products for marketing and sales - intelligent advertising services and intelligent data management,Main Board - Rule 8.05(2) market capitalisation/revenue/cash flow test,2025-12-31,31864000,154885000,45755000,0,0.596,1,1,1,1,1,1,,Beijing Heyin; China Mobile Fund; Beijing BGWG; Forward Maoshang; Shanghai Maoyao; Shanghai Zhencheng; Qidian Yihao; Shenzhen Capital; Hongtu Chengzhang; Mr. Zhang Wei; Ms. Liu Chunru; Mr. Huang Jicheng; Mr. Qu Zhe,0.5599,1,Series A-2 Investment,15,Natural persons - co-founders acting in concert,0.3215,0.3215,5046000,Commercialized (revenue-generating AI application products),0,Main Board,H Shares,0,0,0,0,235010,HSICS (Hang Seng Industry Classification System) 2026,2009-04-30,17.07,,"31/F, Tower Two, Times Square, 1 Matheson Street, Hong Kong",1000,IFRS Accounting Standards,2023-01-01,2023-12-31,2024-01-01,2024-12-31,2025-01-01,576563000,7217000,9177000,2026-05-18,2026-05-21,90679175,147201000,368000,Unqualified opinion (true and fair view),45800000,,0,,5480.23,232456,4969471300,"Subscription level 5,480.23 times",2026-05-22,2026-05-26,9068000,906800,8161200,0,0,"Reallocation: No. The final number of Offer Shares under the Hong Kong Public Offering is 906,800, representing 10.00% of the Global Offering; no Offer Shares were reallocated from the International Offering to the Hong Kong Public Offering.",465100000,0.3052,90679175,0.1,Free float denominator = total issued shares upon listing (col_CZ); numerator = offer shares minus cornerstone allocation,90679175,-0.0163493,28,0.0263881,54125000000,203,2.65766,1337530000,155,230,155,3460200,0.381584,571584900,Mechanism B,FINI (from 22/11/2023); 2025-08-04 pricing reform (Mechanism A/B; six-month cornerstone lock-up retained); this IPO: Mechanism B,北京深演智能科技股份有限公司,Active,342,0.684729,5.16216,-0.075649,-0.087324,1.8226,1.8459,155181370,,,,,,,,,,,,,,Standard,China International Capital Corporation / Sponsor-OC,2026-06-26,0,0,0.15,2026-05-27,0,0,0.072715,0.86459,0.359999,0.753695,1.7059,0.684729,1.8226,2.12808,3.1057,3.3456,9.24655e+07,0.000981671,0,0.308973,0.564215,2026-11-27,2027-05-27,,,,CICC,2,0,0.025,0.01,0.035,4,0,0,6,0,POST_FINI,POST_2025_REFORM,0.269318,0.016264,0.071937,18.322838,0.100000,2
2026Q2,0,60,3310.HK,"Viewtrix Technology Co., Ltd - H Shares",2026-05-18,2026-05-27,"China International Capital Corporation Hong Kong Securities Limited /
CITIC Securities (Hong Kong) Limited",Ernst & Young,,110001660,1154996620,20.81,427778950,52859200,374919750,374919750,0,52859200,47573200,5286000,20.81,20.81,0,0,Fixed price,RMB,1214193000,1225721000,1104017000,1082896000,988796000,817491000,131297000,236925000,286526000,720404000,891304000,1105659000,-232105000,-308986000,-230331000,-232105000,-308986000,-230331000,0.03,0.03,0.15,AMOLED display driver IC (DDIC) design and sales (fabless semiconductor),Main Board - Rule 8.05(3) market capitalization/revenue test,2025-12-31,-133413000,379743000,-266036000,,0.907,1,1,1,1,1,1,1,"Vertex Asia Fund Pte. Ltd.; White Cloud Valley (HK) Investment Limited; Boe Technology Group Co., Ltd.; Wanchuang Shidai; Shanghai Fuzhishuo; Juyuan Qitai; Shanghai Jiutangjin; Qualcomm China; Jichuang Yuyuan; Nanshan Hongtai; Bangsheng Yingxin; Qingyue Optoelectronics; Hangzhou Kunwei; Shanghai Suishuo; Tianjin Jinmi; Qiming Rongke; Qiming Rongying; QM119 Limited; Nanshan Zhonghang; Hongtai Zhiyun; Xiaomi Changjiang; HSG; CICC Pucheng; Xiamen Qilu; Zhuhai Zhiyi; Hubble Technology; Guokai Technology; Wofu Ruixin; Jiaxing Xihao; Shenzhen Pingshan; Xiamen Zhiyi; Jiaxing Haiyun; Haitong New Energy; Yueke Xintai No. 25; Zhicheng Shuzhi; Shenzhen High-Tech Investment; Shengao Investment; Shenzhen High-Tech Fuhai; Shenzhen Addition No. 2; Semiconductor and IC Fund; Houwang Ruilian; Yuxin Taojin; Dinghong Growth; Huahui Dianke; Xiangfeng Phase II; Ceyuan Guangyi",,0,Series Angel Financing (28/03/2013),13.14,Individual (Dr. Gu Jing),0.1699,0.1699,142669000,Mass production and commercialization,0,Main Board,H Shares,0,0,0,0,703010,HSICS (Hang Seng Industry Classification System) 2026,2012-05-30,13.99,,"Shenzhen, PRC",1000,IFRSs,2023-01-01,2023-12-31,2024-01-01,2024-12-31,2025-01-01,1105659000,-230331000,-230331000,2026-05-18,2026-05-21,427778950,142985000,3108000,Unqualified opinion (true and fair view),102900000,Digital Vista GD Investment LP; SpreadCom Limited,0.3537,2026-11-27,3559.68,242444,18816492800,"Subscription level 3,559.68 times",,2026-05-26,52859200,5286000,47573200,7928800,1,"No claw-back triggered (Claw-back triggered: N/A); the final number of Offer Shares under the Hong Kong Public Offering (5,286,000) equals the initial number, remaining at 10% of the Global Offering, with no reallocation from the International Offering.",1019070000,0.8301,427778950,0.0799,"Free float excludes H Shares held by the Cornerstone Investors upon Listing (six-month lock-up); denominator = total issued shares upon Listing (before exercise of the Over-allotment Option) = 427,778,950.",427778950,-0.0163493,28,0.0263881,54125000000,39.9,0.917347,1009082128,25.48,39.9,25.4,16812743,0.318067,535970800,Mechanism B,FINI (from 22/11/2023); 2025-08-04 pricing reform (Mechanism A/B; six-month cornerstone lock-up retained); this IPO: Mechanism B,云英谷科技股份有限公司,Active,38.98,-0.023058,0.873138,-0.075649,-0.087324,1.0569,1.0704,60594485,,,,,,,,,,,,,,Standard,China International Capital Corporation / Sponsor-OC,2026-06-26,0,0,0.15,2026-06-18,7928800,1,-0.108227,-0.209552,0.297313,-0.234085,0.745,-0.023058,1.0569,-0.309273,0.6858,0.7388,3.01419e+07,0.00226734,0,0.113109,0.474989,2026-11-27,2027-05-27,,,,CICC,2,0,0.025,0.01,0.035,4,0,0,6,0,POST_FINI,POST_2025_REFORM,0.259530,-0.208630,0.240496,19.874117,0.100002,1
2026Q2,0,61,3388.HK,"Shenzhen Creality 3D Technology Co., Ltd. - H Shares",2026-05-20,2026-05-29,China International Capital Corporation Hong Kong Securities Limited,PricewaterhouseCoopers,Asia-Pacific Consulting and Appraisal Limited,138044640,1449457440,18.8,466840101,73427550,393412551,393412551,0,73427550,66084750,7342800,18.8,18.8,0,0,Fixed price,RMB,1945124000,2254649000,2602424000,987623000,1084524000,1076595000,957501000,1170125000,1525829000,1882862000,2288328000,3127040000,134859000,89230000,-206237000,128506000,88660000,-182421000,0.03,0.03,0.15,"Global consumer 3D printing product and service provider (3D printers, consumables, 3D scanners, laser engravers, accessories and 3D printed products and services)",Main Board - Rule 8.05(3) market capitalisation/revenue test,2025-12-31,-63977000,277310000,221875000,0,0.11,1,1,1,1,1,1,1,Qianhai Equity; Zhongyuan Qianhai; Smart IT Ark; Renzhe Buyou; Tencent VC; SCGC; Nanshan Hongtu; Pingshan Kaisheng; Guoxin South No. 4,0.148,0,Series A Financing,4.9,Natural persons (four co-founders acting in concert),0.692,0.692,540955000,,0,Main Board,H Shares,0,0,0,0,701020,HSICS (Hang Seng Industry Classification System) 2026,2014-04-03,12.15,,"Room 1808, Jinxiu Hongdu Building, Meilong Avenue, Xinniu Community, Minzhi Street, Longhua District, Shenzhen, Guangdong Province, PRC",1000,IFRS Accounting Standards,2023-01-01,2023-12-31,2024-01-01,2024-12-31,2025-01-01,3127040000,-206237000,-182421000,2026-05-20,2026-05-26,466840101,974890000,29541000,Unqualified opinion (true and fair view),108100000,Taikang Life; CITIC Industrial International; CPE Greater China; Martis Fund; BoYue Fund; GBAHIL; Apex; Oasis Fund; Jump Trading; Polymer; Dingxin Securities; Colloway; Seven Grand; ICSA; Optimas Capital,0.499,2026-11-29,3829.42,251375,28118695650,"Subscription level 3,829.42 times",,2026-05-28,73427550,7342800,66084750,11014050,1,Claw-back triggered: N/A; No. of Offer Shares reallocated from the International Offering: 0,1272320000,0.282,466840101,0.0788,"Free float denominator = total issued shares upon listing (col_CZ=466,840,101); H Shares held by Cornerstone Investors and existing Pre-IPO investors are excluded (locked up)",466840101,-0.0213656,29,0.026,53978000000,22.8,0.212766,293710200,33.88,34,20.88,36474808,0.496746,1014387400,Mechanism B,FINI (from 22/11/2023); 2025-08-04 pricing reform (Mechanism A/B; six-month cornerstone lock-up retained); this IPO: Mechanism B,深圳市创想三维科技股份有限公司,Active,23.34,0.023684,0.241489,-0.099694,-0.128708,1.137,1.1749,101318550,,,,,,,,,,,,,,Standard,"China International Capital Corporation Hong Kong Securities 
Limited",2026-06-25,0,11014050,0.15,2026-06-25,11014050,1,-0.013575,-0.26565,0.114001,0.011404,1.0086,0.023684,1.137,0.015789,1.0006,1.0738,4.24609e+07,0.00185561,0,0.0558843,0.489706,2026-11-29,2027-05-29,,,,CICC,2,0,0.025,0.01,0.035,4,0,0,6,0,POST_FINI,POST_2025_REFORM,0.586311,-0.070097,0.366517,19.961497,0.100001,1
2026Q2,0,62,2553.HK,"Beijing Shougang LanzaTech Technology Co., Ltd. - H Shares",2026-05-26,2026-06-03,Yue Xiu Capital Limited,Ernst & Young,,87600000,496400000,14.6,400000000,40000000,360000000,360000000,0,40000000,36000000,4000000,17.1,14.6,-0.078864,0.157729,At low,RMB,2560572000,2504777000,,933532000,608618000,,1627040000,1896159000,,563611000,521698000,637600000,-245065000,-324871000,,-245568000,-324914000,,0.05,0.05,0.15,"Carbon capture, utilization and storage (CCUS) industry — production of low-carbon products (ethanol and microbial protein) and provision of low-carbon integrated solutions",Main Board of the Stock Exchange — market capitalisation/revenue test under Rule 8.05(3) of the Listing Rules (Chapter 8),2026-03-31,,,,0,,1,1,1,1,1,1,,"Caofeidian Fund; Shanghai Mingda Industry; Shanghai Dehui; NZ Tang Ming; Mitsui & Co., Ltd.; Tang Ming Hong Kong; Zhuhai Jinsheng; Beijing Jiayeyuan; Qingdao Baiwei Zhihe; Ruihong Investment; Guangzhou Fanmei; Pingyang Puyi; Guofu Yonglang; Shanghai Guoping; Jiaxing Guoxing; Binhe SIC; Jiaxing Tianchen; Jinxin Kaiying",0.7246,1,Series A (June 2016),9.9,"State-owned enterprise — Shougang Group Co., Ltd., ultimately owned by Beijing SASAC",0.356,0.356,,Commercialization and scalability validated — first-generation carbon reduction technology in industrial-scale production; second-generation carbon negative technology under development,0,Main Board,H Shares,0,0,0,0,053040,HSICS (Hang Seng Industry Classification System) 2026,2011-11-11,14.56,,"Room 1601-6, 16/F, Building 1, 1 Tianshunzhuang North Road, Shijingshan District, Beijing, PRC",,IFRS,2023-04-01,2024-03-31,2024-04-01,2025-03-31,2025-04-01,637600000,,,2026-05-26,2026-05-29,266548803,-7600000,,,101100000,,0,,1421.54,109125,5686144400,"Subscription level 1,421.54 times (Hong Kong Public Offering); Claw-back triggered: N/A; International Offering subscription level 0.95 times",2026-06-01,2026-06-02,40000000,6000000,34000000,0,0,"No. of Offer Shares reallocated from the International Offering (reallocation) 2,000,000 H Shares",486460000,0.4088,400000000,0.1,"Free float denominator = total issued Shares upon Listing; numerator = H Shares held by the public and not subject to disposal restrictions (whether under contract, the Listing Rules, applicable laws or otherwise)",400000000,-0.0119301,32,0.026,53927000000,21.06,0.442466,258400000,28,29.98,18.02,37023483,0.925587,919523200,Mechanism A,FINI (from 22/11/2023); 2025-08-04 pricing reform (Mechanism A/B; six-month cornerstone lock-up retained); this IPO: Mechanism A,北京首钢朗泽科技股份有限公司,Active,43.94,1.08642,2.00959,-0.10058,-0.11918,2.3197,2.3687,132390535,,,,,,,,,,,,,,Standard,China International Capital Corporation / Sponsor-OC,2026-07-03,0,0,0.15,2026-06-03,0,0,-0.321028,-0.479365,0.046239,0.566952,1.635,1.08642,2.3197,0.20133,1.2157,1.3349,4.61573e+07,0.0054807,0,0.111088,0.704044,2026-12-03,2027-06-03,,,,CICC,2,0,0.025,0.01,0.035,4,0,0,6,0,POST_FINI,POST_2025_REFORM,NaN,NaN,0.222163,19.806975,0.100000,3
2026Q2,0,63,1081.HK,"Dajin Heavy Industry Co., Ltd. - H Shares",2026-05-28,2026-06-05,"Huatai Financial Holdings (Hong Kong) Limited /
China Merchants Securities (HK) Co., Limited",BDO Limited,,577454240,6217689360,66.4,724715149,86965800,637749349,637749349,0,86965800,78269200,8696600,66.4,,0,0,Fixed price,RMB,10224814000,11561950000,14490551000,6914166000,7272009000,8280290000,3310648000,4289941000,6210261000,4325082000,3779651000,6173550000,484725000,515752000,1265819000,425157000,473875000,1103297000,0.012,0.012,0.15,Offshore wind power equipment R&D and manufacturing; heavy marine transportation; ship design and construction; wind and photovoltaic power generation; wind marshalling port operations,Chapter 19A of the Main Board Listing Rules (PRC issuer with A Shares listed on the Shenzhen Stock Exchange),2025-12-31,1144333000,2855774000,288178000,,0.792,1,0,0,0,0,0,0,,0,0,,,Individual (Mr. Jin Xin),0.3533,0.3533,2124871000,,0,Main Board,H Shares,1,0,0,0,101030,HSICS (Hang Seng Industry Classification System) 2026,2003-09-22,22.7,,"No. 155, Xinqiu Main Road, Xinqiu District, Fuxin City, Liaoning Province, the PRC",1000,IFRS Accounting Standards,2023-01-01,2023-12-31,2024-01-01,2024-12-31,2025-01-01,6173550000,1265819000,1103297000,2026-05-28,2026-06-02,86965800,1919220000,23118000,Unqualified opinion (true and fair view),157800000,"GIC Private Limited; HHLR Advisors, Ltd.; Hillhouse Investment Management, Ltd.; CPE; UBS AM Singapore; Taikang Life; Eastspring Singapore; Eastspring HK; Pinpoint; ICBC Wealth; MWAL; Millennium; PSBC Wealth; Fullgoal HK; Fullgoal Fund",0.4221,2026-12-05,134.39,122627,1168777400,Subscription level 134.39 times,2026-06-03,2026-06-04,100010600,8696600,91314000,2325900,0.155044,"Claw-back triggered: N/A; No. of Offer Shares reallocated from the International Offering: 0; Final no. of Offer Shares under the Hong Kong Public Offering: 8,696,600",6465480000,0.1356,737759949,0.0783,Free float denominator = total issued shares upon listing (col_CZ); numerator = offer shares minus cornerstone allocation,737759949,-0.0230435,35,0.026,53997000000,66.298,-0.001536,-1.02011e+07,66.298,66.348,58.948,17946800,0.179449,1163715750,Mechanism B,FINI (from 22/11/2023); 2025-08-04 pricing reform (Mechanism A/B; six-month cornerstone lock-up retained); this IPO: Mechanism B,大金重工股份有限公司,Active,50.748,-0.234547,-0.235723,-0.053907,-0.071017,0.8091,0.824,131012383,,,,,,,,,,,,,,Standard,Huatai Financial Holdings (Hong Kong) Limited,2026-07-02,1,15001500,0.1267,2026-07-02,15001500,1,-0.273554,-0.44259,0.450419,-0.098042,0.9285,-0.234547,0.8091,-0.574075,0.4217,0.466,7.63362e+07,0.00093009,0,0.0559996,0.598522,2026-12-05,2027-06-05,,,,CICC,2,0,0.025,0.01,0.035,4,0,0,6,0,POST_FINI,POST_2025_REFORM,0.428573,0.076139,0.633365,20.401289,0.100000,2
2026Q2,0,64,1779.HK,"LongBio Pharma (Suzhou) Co., Ltd. - B - H Shares",2026-05-28,2026-06-05,Sinolink Securities (Hong Kong) Company Limited,Ernst & Young,,136342761,1431558165,96.06,74193150,14193150,60000000,60000000,0,14193150,12773800,1419350,96.06,96.06,0,0,Fixed price,RMB,,148909000,227557000,,-330284000,140515000,,479193000,87042000,,0,0,,-137321000,-175583000,,-137321000,-175583000,0.03,0.03,0.15,Biopharmaceutical - clinical-stage biotech company for in-house discovery and development of biopharmaceuticals targeting allergic and autoimmune diseases,Chapter 18A of the Listing Rules (Main Board),2025-12-31,-121039000,95051000,126622000,0,0,1,1,1,1,1,1,1,Huzhou Youxing; Suzhou Youxin; Suzhou Lianrui; Huzhou Youcheng; OFC Bohui Fund; OFC Jiaozi Fund; Yongshi Huijin; Yongshi Weizhen; HLC; Qingdao Hongyi; QM282; CSPC Sangel; Lingang Lanwan Fund II; Southeast Investment; Changshu Wuyue Angel; Shanxi Securities Alternative Investment; Anhui Anyuan; Hangzhou Beicheng; Changshu Sanyi; Qiming Rongjing; Qiming Rongqian; Hefei Hongta; Sangel Shunchuang; Xinsheng Huachuang; Hainan Renze,0.5584,0,Series A Financing,5.41,Individual,0.3571,0.3571,37923000,"Clinical stage (Phase II/III clinical trials; pre-revenue, not yet commercialized)",0,Main Board,H Shares,0,0,1,0,281020,HSICS (Hang Seng Industry Classification System) 2026,2020-10-26,5.61,,"5th Floor, Building F, Area A, No. 128 Yinhe Road, Dongnan Subdistrict, Changshu City, Suzhou City, Jiangsu Province, PRC",1000,IFRS Accounting Standards,2023-01-01,2023-12-31,2024-01-01,2024-12-31,2025-01-01,0,-175583000,-175583000,2026-05-28,2026-06-02,72930268,0,4386000,Unqualified opinion (true and fair view),108500000,"OrbiMed Genesis Master Fund, L.P.; The Biotech Growth Trust PLC; TruMed Health Innovation Fund LP; TruMed Healthcare Master Fund; Huatai Capital Investment Limited; Foresight Global Superior Choice SPC - Global Superior Choice Fund 1 SP; Foresight Global Superior Choice SPC - Vision Fund 1 SP; Foresight Global Superior Choice SPC - Horizon Fund 1 SP; Foresight Global Superior Choice SPC - Horizon Next Fund SP; Fullgoal Fund Management Co., Ltd.; Fullgoal Asset Management (HK) Limited; Value Partners Hong Kong Limited; Value Partners Limited; Mega Prime Development Limited; FR M CONSULTING CO., LTD; China Galaxy International Investment Company Limited",0.4996,2026-12-05,4762.58,266377,6759772650,"Subscription level 4,762.58 times",,2026-06-04,14193150,1419350,12773800,2128950,1,"Reallocation N/A; no Offer Shares reallocated from the International Offering (0); final Hong Kong Public Offering remains 1,419,350 H Shares (10.00% of the Global Offering)",1254900000,0.4542,74193150,0.0957,Free float denominator = total issued shares upon listing (col_CZ); numerator = offer shares minus cornerstone allocation,74193150,-0.0230435,35,0.026,53997000000,131.8,0.372059,507263181,144.3,158,126.4,4011200,0.282615,618573100,Mechanism B,FINI (from 22/11/2023); 2025-08-04 pricing reform (Mechanism A/B; six-month cornerstone lock-up retained); this IPO: Mechanism B,天辰生物医药（苏州）股份有限公司,Active,107.4,-0.185129,0.118051,-0.053907,-0.071017,0.8613,0.8772,66030405,,,,,,,,,,,,,,18A (Biotech / B-tag),China International Capital Corporation / Sponsor-OC,2026-07-05,0,0,0.15,2026-06-30,2128950,1,-0.42,-0.078212,0.110498,0.076631,1.1083,-0.185129,0.8613,-0.066768,0.9239,1.0209,2.7216e+07,0.00469795,0,0.0792658,0.500904,2026-12-05,2027-06-05,,,,CICC,2,0,0.025,0.01,0.035,4,0,0,6,0,POST_FINI,POST_2025_REFORM,0.382506,-0.771600,NaN,18.122182,0.100002,3
2026Q2,0,65,2290.HK,Lung Fung Group Holdings Limited,2026-05-28,2026-06-05,DBS Asia Capital Limited,Deloitte Touche Tohmatsu,AVISTA Valuation Advisory Limited,64750000,582750000,5.18,500000000,125000000,375000000,375000000,0,125000000,112500000,12500000,6.38,5.18,-0.103806,0.207612,At low,HKD,1334961000,1288971000,1336986000,129520000,44382000,55431000,1205441000,1244589000,1281555000,2020731000,2460478000,3052702500,180857000,218021000,268146000,144536000,170432000,222574500,0.0238,0.0238,0.15,"Retail of beauty, health and pharmaceutical products",Main Board,2025-11-30,1081612000,49896000,,0,,1,0,0,0,0,0,0,,0,0,,,Individual (natural persons acting in concert),0.75,0.75,1005859000,,0.2,Main Board,Ordinary shares,0,0,0,0,237050,HSICS (Hang Seng Industry Classification System) 2026,2025-10-03,0.67,,"5/F, Lung Fung Group Centre, 23 Yip Cheong Street, Fanling, Hong Kong",,HKFRS,2022-12-01,2023-11-30,2023-12-01,2024-11-30,2024-12-01,3052702500,268146000,222574500,2026-05-28,2026-06-02,500000000,628730000,28716000,Unqualified,50400000,,0,,664.92,133189,6362250000,Subscription level 664.92 times (原文用『Subscription level』而非『over-subscribed by』),2026-06-03,2026-06-04,125000000,12500000,112500000,0,0,"Reallocation No：国际配售回拨至香港公开发售 0 股，最终香港公开发售维持 12,500,000 股（占全球发售 10%）",599600000,0.25,500000000,0.25,"自由流通分母 = 上市时已发行股份总数 500,000,000 股（col_CZ）；分子 = 全球发售股份 125,000,000 股（col_CS）减去基石获配 0 股（col_CK×col_CS=0），本次无基石投资者且公告披露 125,000,000 股不受任何处置限制",500000000,-0.0230435,35,0.026,53997000000,2.81,-0.457529,-296250000,4.32,4.6,2.8,85471206,0.68377,346179400,,FINI (from 22/11/2023); 2025-08-04 pricing reform (Mechanism A/B; six-month cornerstone lock-up retained),龙丰集团控股有限公司,Active,3.6,0.281139,-0.305019,-0.053907,-0.071017,1.3541,1.3791,36461920,,,,,,,,,,,,,,Standard,China International Capital Corporation / Sponsor-OC,2026-07-05,0,0,0.15,2026-07-05,0,0,0.633484,-0.0375,0.308363,-0.021352,1.0074,0.281139,1.3541,0.459075,1.4445,1.5962,1.83887e+07,0.00323187,0,0.0744594,0.536957,2026-12-05,2027-06-05,,,,CICC,2,0,0.025,0.01,0.035,4,0,0,6,0,POST_FINI,POST_2025_REFORM,0.958540,0.166475,0.240695,20.030119,0.100000,3
2026Q2,0,66,6658.HK,"Liuliumei Co., Ltd. - H Shares",2026-06-05,2026-06-15,"CITIC Securities (Hong Kong) Limited / 
Guoyuan Capital (Hong Kong) Limited",Ernst & Young,,49964470,449641008,43.58,78811208,11464100,67347108,67347108,0,11464100,10317600,1146500,43.58,43.58,0,0,Fixed price,RMB,1394662000,1670967000,1990073000,265465000,617948000,881627000,1129197000,1053019000,1108446000,1322042000,1616018000,1710731000,110603000,180407000,219175000,99231000,147719000,182088000,0.025,0.025,0.15,Fruit snack company focusing on plum-based products,Main Board of the Stock Exchange — Chapter 19A of the Listing Rules (PRC issuer with H Shares),2025-12-31,74474000,33904000,27885000,0,0.458,1,1,1,1,0,1,1,Beijing Sequoia; Mr. Li Qing; Shenzhen Junrong; Nuoxiang Jinhong; Nuoxiang Dongchen; Huaan Fund; Xingnong Fund,0.1045,1,"Series A (Beijing Sequoia, June 2015)",10.96,Individual natural person(s) acting in concert (Mr. Yang and Ms. Li) and their shareholding platforms,0.75,0.75,478359000,,0,Main Board,H Shares,0,0,0,0,251010,HSICS (Hang Seng Industry Classification System) 2026,2009-09-04,16.78,,"3 Zhongjiang Road, Economic Development Zone, Fanchang District, Wuhu City, Anhui Province, PRC",1000,IFRS Accounting Standards,2023-01-01,2023-12-31,2024-01-01,2024-12-31,2025-01-01,1710731000,219175000,182088000,2026-06-05,2026-06-10,78811208,608700000,168633000,Unqualified (true and fair view),59500000,Fanchang Revitalization; Top New,0.2955,2026-12-15,6586.73,180507,7551685900,"Subscription level 6,586.73 times",,2026-06-12,11464100,1146500,10317600,0,0,"Claw-back triggered: N/A；无回拨/重新分配，最终香港公开发售股数 1,146,500 股与初始相同，占全球发售 10%。",440100000,0.250001,78811208,0.1025,"Free float denominator = total issued share capital upon Listing (78,811,208 Shares; numerator = Offer Shares not subject to disposal restrictions = 8,077,000 = col_CS 11,464,100 − 基石 3,387,100).",78811208,-0.0366364,37,0.026403,53947000000,128,1.93713,967799322,95,130.1,91,4304020,0.375435,450445800,Mechanism B,FINI (from 22/11/2023); 2025-08-04 pricing reform (Mechanism A/B; six-month cornerstone lock-up retained); this IPO: Mechanism B,溜溜梅股份有限公司,Active,163.3,0.275781,2.74713,-0.020205,-0.018071,1.3021,1.2993,64391735,,,,,,,,,,,,,,Standard,China International Capital Corporation / Sponsor-OC,2026-07-15,0,0,0.15,2026-06-15,0,0,-0.127492,0.05915,0.181495,0.172656,1.2257,0.275781,1.3021,0.301562,1.3035,1.4356,3.54121e+07,0.00225678,0,0.234141,0.361483,2026-12-15,2027-06-15,,,,CICC,2,0,0.025,0.01,0.035,4,0,0,6,0,POST_FINI,POST_2025_REFORM,0.556988,0.091498,0.058609,18.182566,0.100008,1
2026Q2,0,67,6675.HK,"SENASIC Electronics Technology Co., Ltd. - H Shares",2026-06-09,2026-06-17,"China International Capital Corporation Hong Kong Securities Limited /
Guotai Junan Capital Limited",KPMG,,98057088,934927920,18.36,379041820,53407000,325634820,325634820,0,53407000,48066200,5340800,18.36,18.36,0,0,Fixed price,RMB,634097000,692736000,740473000,-840273000,-1159619000,-1479012000,1474370000,1852355000,2219485000,223483000,347540000,477861000,-355400000,-351339000,-330564000,-355801000,-351339000,-330564000,0.03,0.03,0.15,"Fabless design, research and development and sales of automotive-grade wireless sensor SoCs (intelligent tire sensing SoCs, BMS SoCs, USI SoCs)","Chapter 19A of the Main Board Listing Rules (PRC H Share issuer, Main Board of the Stock Exchange)",2025-12-31,-173637000,201347000,101531000,0,0.523,1,1,1,1,1,1,,Jiakaisheng; Huaxin Chuangyuan; SANY Gongying; Nanshan Hongtai; Shenzhen Huiyue; Shenzhen Tianhui; Qufu Tianbo; Jingwei; Hai Feng Investment; Changjiang Chendao; Nanjing Jinti; Thriving Capital; Ningbo Cenyou; Baolong Automotive; Guoce Investment; Jiaxing Xingxin; Ningbo Jiechuang; Shangqi Huizhu; Shangqi Delian; Shuangyi Hengrun; Wuxi Hancheng; Yibin Chendao; Guangqi Yuexiu; Yibin Lvneng; Changshun Zhiying; Geely; Mixed Reform Fund; Jiyuan Haoyue; Jiyuan Haoyuan; CICVC; Guangqi Zhiyuan; SANY; Changshun Jianye; Haiwang Fund; Junwang Chuangxin; Zhuhai Xinde; Dongguan Xinde; Huajin Lingyi; Huajin Shangying; Huachun Baoxin; Jianfa Emerging Industry; Jianfa Changrong; CVC; Jianfa Investment,0.6579,1,Angel Investments,10.77,"Natural persons acting in concert (Dr. Li and Mr. Li, Single Largest Group of Shareholders)",0.2771,0.2771,87898000,"Commercialized / mass production (TPMS SoCs in mass production since 2018; cumulative automotive sensor SoC shipments 241.9 million units as of December 31, 2025)",0,Main Board,H Shares,0,0,0,0,703010,HSICS (Hang Seng Industry Classification System) 2026,2015-03-19,11.25,,"Room 601, No. 10, Lane 198, Zhangheng Road, Pudong New Area, Shanghai, PRC",1000,HKFRS Accounting Standards,2023-01-01,2023-12-31,2024-01-01,2024-12-31,2025-01-01,477861000,-330564000,-330564000,2026-06-09,2026-06-12,379041820,133588000,10545000,Unqualified opinion (true and fair view),73900000,Sunwoda HK; Longwei HK; Oakwise; Tembusu; Andrew Y Yan; RIME; Thalassa Capital; Chample; Libra Fixed Income One SP,0.2886,2026-12-17,5144.97,237930,27478241600,"Subscription level 5,144.97 times",,2026-06-16,53407000,5340800,48066200,2855800,0.356483,"Claw-back triggered: N/A; no Offer Shares reallocated from the International Offering (0); final Hong Kong Public Offering 5,340,800 (10% of the Global Offering).",912520000,0.7061,379041820,0.1002,Free float denominator = total issued shares upon listing (col_CZ); numerator = offer shares minus cornerstone allocation,379041820,-0.0657979,36,0.0273673,54867000000,41.7,1.27124,1246519380,31.6,41.9,31.58,16473920,0.30846,587352100,Mechanism B,FINI (from 22/11/2023); 2025-08-04 pricing reform (Mechanism A/B; six-month cornerstone lock-up retained); this IPO: Mechanism B,琻捷电子科技(江苏)股份有限公司,Active,25.22,-0.395204,0.373638,0.028646,0.035418,0.588,0.5841,52065655,,,,,,,,,,,,,,Standard,"China International Capital Corporation Hong Kong Securities 
Limited",2026-07-12,0,2855800,0.15,2026-07-12,2855800,1,-0.36398,0.446139,0.143642,-0.168825,0.8631,-0.395204,0.588,-0.315588,0.6746,0.7447,2.44356e+07,0.00503507,0,0.167598,0.555849,2026-12-17,2027-06-17,,,,CICC,2,0,0.025,0.01,0.035,4,0,0,6,0,POST_FINI,POST_2025_REFORM,2.997388,-0.446423,0.374981,19.753157,0.100002,1
2026Q2,0,68,1392.HK,"Shenzhen HQVT Technology Co., Ltd. - H Shares",2026-06-11,2026-06-22,"CMBC International Capital Limited / 
SPDB International Capital Limited",Confucius International CPA Limited,,61318800,551851200,7.2,774208420,85162500,689045920,689045920,0,85162500,76646000,8516500,7.2,7.2,0,0,Fixed price,RMB,260961000,405242000,723892000,161433000,234377000,362196000,99528000,170865000,361696000,117063000,522568000,668519000,-22854000,42459000,27491000,-18413000,40412000,29354000,0.04,0.04,,"Multispectral AI technology enterprise (multispectral AI modules, perception terminals and large model services)",Main Board of the Stock Exchange - market capitalisation/revenue test under Rule 8.05(3),2025-12-31,-129915000,65556000,50793000,54477000,0.468,1,1,1,1,0,1,,Kaiying No. 8; Kaiying No. 9; Kaiying No. 10; Taolue New Energy; Taolue Xinwang; Jinlan Sunshine; Gaoxintou; Chengdu Zhongxiaodan; Rencai No. 2; Shenrong Ruihe; Xiaohe Investment LP; Fuquan No. 1; Panhui Investment; Kezhihua; Zhide No. 9; Mr. Zhu Zhenkui,0.3174,0,Series A (30 November 2020),5.53,Founder / natural person (Mr. Zhou Bo),0.435,0.435,213682000,Commercialisation / revenue-generating stage,0,Main Board,H Shares,0,0,0,0,702030,HSICS (Hang Seng Industry Classification System) 2026,2013-04-03,13.22,,"3/F, Building 8, Taihua Wutong Industrial Park, Gushu Development Zone, Xixiang Street, Bao'an District, Shenzhen, PRC",1000,IFRS,2023-01-01,2023-12-31,2024-01-01,2024-12-31,2025-01-01,668519000,27491000,29354000,2026-06-11,2026-06-16,756143940,149392000,81476000,Unqualified opinion (true and fair view),76300000,,0,,7181.21,252640,84572151000,"Subscription level 7,181.21 times",,2026-06-18,85162500,8516500,76646000,0,0,Claw-back triggered: N/A; No. of Offer Shares reallocated from the International Placing: 0,536830000,0.3788,774208420,0.11,Free float denominator = total issued shares upon listing (col_CZ); numerator = offer shares minus cornerstone allocation,774208420,-0.0736282,36,0.0267964,53886000000,26.7,2.70833,1660668750,29,30,25,27583246,0.32389,708518700,Mechanism B,FINI (from 22/11/2023); 2025-08-04 pricing reform (Mechanism A/B; six-month cornerstone lock-up retained); this IPO: Mechanism B,深圳海清智元科技股份有限公司,Active,13.7,-0.486891,0.902778,0.05783,0.044564,0.4851,0.4912,66501635,,,,,,,,,,,,,,Standard,China International Capital Corporation / Sponsor-OC,2026-07-22,0,0,0.3788,2026-07-22,0,0,-0.12483,0.415603,0.138061,-0.303745,0.7299,-0.486891,0.4851,0.388764,1.3416,1.4657,6.00212e+07,0.00495375,0,0.342935,0.573667,2026-12-22,2027-06-22,,,,CICC,2,0,0.025,0.01,0.035,4,0,0,6,0,POST_FINI,POST_2025_REFORM,0.499655,0.040550,0.279296,20.467352,0.100003,3
2026Q2,0,69,6067.HK,"Shenzhen Senior Technology Material Co., Ltd. - H Shares",2026-06-12,2026-06-23,China Securities (International) Corporate Finance Company Limited,Rongcheng (Hong Kong) CPA Limited,Knight Frank Petty Limited,134273450,1208447580,8.98,1495234139,149523500,1345710639,1345710639,0,149523500,134571000,14952500,8.98,,0,0,Fixed price,RMB,23145535000,24793110000,25938288000,9971122000,10140752000,10025981000,13174413000,14652358000,15912307000,3506153000,4076845000,4285348000,407019000,120463000,71404000,370708000,143110000,82568000,0.01,0.01,0,"Lithium-ion battery separator manufacturer (research, development, production and sales)",Chapter 19A of the Listing Rules (PRC issuer with other listed shares),2026-03-31,68026000,2259139000,69261000,0,0.5001,1,1,1,1,1,,,"Shenzhen Oriental Fortune Venture Capital (Limited Partnership); Shenzhen Chuangdongfang Growth Investment Enterprise (Limited Partnership); Shenzhen Xiaoyang Science & Technology Investment Co., Ltd.; Sichuan Zhongcheng Management Consulting Co., Ltd.; Shenzhen Xinyu Industrial Co., Ltd.",0.2661,0,2008 conversion into joint stock company,17.77,Natural persons - no controlling shareholder; Prof. Chen and Ms. Chen are the Single Largest Shareholders,0.11425,0.11425,13810684000,Commercialized - mass production,0.15,Main Board,H Shares,1,0,0,0,101070,HSICS (Hang Seng Industry Classification System) 2026,2003-09-17,22.77,,"Gongming office, Guangming District, Shenzhen City, Guangdong Province, Tianyuan Road North, the PRC",,IFRS Accounting Standards,2023-04-01,2024-03-31,2024-04-01,2025-03-31,2025-04-01,4285348000,71404000,82568000,2026-06-12,2026-06-17,149523500,269554000,348200000,Unqualified - true and fair view,79900000,Fullgoal; GF Fund; Taikang Life; Harvest Synergy SP; Springs Capital (Hong Kong); Gaoteng Enterprise Management and CICC Financial Trading Limited (in connection with OTC Swaps); Sunwoda Treasury; JINKOSOLAR INVESTMENT; Mondeomax; Bona Star; SINSANWA; SHEEN NATION; Chen Feng,0.4514,2026-12-23,1563.16,209580,23373135000,"Subscription level 1,563.16 times",2026-06-18,2026-06-22,149523500,14952500,134571000,0,0,"Claw-back triggered: N/A; 0 Offer Shares reallocated from the International Offering; final HK Public Offering 14,952,500 (10% of the Global Offering)",1281000000,0.1013,1495234139,0.0549,Free float denominator = total issued shares upon listing (col_CZ); numerator = offer shares minus cornerstone allocation,1495234139,-0.0810639,36,0.0266208,53886000000,11,0.224944,302037470,12.43,13.41,11,66432145,0.444292,812566300,Mechanism A,FINI (from 22/11/2023); 2025-08-04 pricing reform (Mechanism A/B; six-month cornerstone lock-up retained); this IPO: Mechanism A,深圳市星源材质科技股份有限公司,Active,7.82,-0.289091,-0.129176,0.076962,0.094474,0.6601,0.6495,122249705,,,,,,,,,,,,,,Standard,China International Capital Corporation / Sponsor-OC,2026-07-23,0,0,0.15,2026-07-23,0,0,-0.10625,-0.002538,0.249998,-0.154545,0.8568,-0.289091,0.6601,-0.286364,0.6729,0.7126,5.30783e+07,0.00156354,0,0.0541702,0.467934,2026-12-23,2027-06-23,,,,CICC,2,0,0.025,0.01,0.035,4,0,0,6,0,POST_FINI,POST_2025_REFORM,0.613468,0.003183,0.051143,21.125549,0.100001,3
2026Q2,0,70,6132.HK,"HJ Science Co., Ltd. - B - H Shares",2026-06-12,2026-06-23,CITIC Securities (Hong Kong) Limited,Deloitte Touche Tohmatsu,,111248000,1001232000,81.8,73599605,13600000,59999605,59999605,0,13600000,12240000,1360000,81.8,81.8,0,0,Fixed price,RMB,,430173000,432609000,,376235000,336200000,,53938000,96409000,,1800000,12982000,,-202317000,-135080000,,-202317000,-135084000,0.035,0.035,0.15,Biopharmaceutical — discovery and development of small-molecule innovative drugs,Chapter 18A of the Listing Rules (Main Board),2025-12-31,-89434000,3720000,110178000,0,1,1,1,1,1,1,1,1,SDIC Shanghai; Junlian Xinkang; Suzhou Fanmao; Huaige Ruixin; Huaige Health; Ruiji Phase III; Junshi Biosciences; Peikun Jingrong; Peikun Songfu; STAT Fund; Xiamen Jianfa; Shengyu Heike; Jiangjin Fund; Chengyu Tuanjiehu Fund; Wuxi Runyuan; Huike Fund; Ruiji Phase X; Huace Xinming; Baohe Linghang; Chengdu Chunlei; Ms. Zhang Naiye,0.3466,1,Series A Financing,8.47,Individual (natural person),0.4687,0.4687,12646000,Clinical-stage (no products approved for commercial sale),0,Main Board,H Shares,0,0,1,0,281050,HSICS (Hang Seng Industry Classification System) 2026,2017-02-20,9.34,,"No. 501, 5/F, Unit 1, Building 4, No. 18 North Section of Bayi Road, Yongning Town, Wenjiang District, Chengdu, PRC",1000,IFRS Accounting Standards,2023-01-01,2023-12-31,2024-01-01,2024-12-31,2025-01-01,12982000,-135080000,-135084000,2026-06-12,2026-06-17,73599605,,1500000,Unqualified opinion (true and fair view),93700000,"Foresight Global Superior Choice SPC—Global Superior Choice Fund 1 SP; Foresight Global Superior Choice SPC—Vision Fund 1 SP; Foresight Global Superior Choice SPC—Horizon Fund 1 SP; Foresight Global Superior Choice SPC—Horizon Next Fund SP; Foresight International Series–Foresight China Equity Fund; Key Broad Future Limited; LBC HK Opportunity Fund Limited; Sage Partners Master Fund; Panjing Harbourview Investment Fund; Taikang Life Insurance Co., Ltd.",0.4579,2026-12-23,2007.6,173284,2730338000,"Subscription level 2,007.60 times",,2026-06-22,13600000,1360000,12240000,0,0,Reallocation: N/A (no Offer Shares reallocated from the International Offering),1018700000,0.5313,73599605,0.1002,Free float denominator = total issued Shares upon Listing (before exercise of the Over-allotment Option); excludes H Shares held by existing Shareholders and Cornerstone Investors subject to lock-up. Numerator = Offer Shares minus cornerstone allocation.,73599605,-0.0810639,36,0.0266208,53886000000,35.26,-0.568949,-632944000,81.8,82,35.26,8250640,0.606665,602404800,Mechanism B,FINI (from 22/11/2023); 2025-08-04 pricing reform (Mechanism A/B; six-month cornerstone lock-up retained); this IPO: Mechanism B,华健未来（成都）科技股份有限公司,Active,45,0.276234,-0.449878,0.076962,0.094474,1.185,1.1661,48766375,,,,,,,,,,,,,,18A (Biotech / B-tag),China International Capital Corporation / Sponsor-OC,2026-07-23,0,0,0.15,2026-06-23,0,0,-0.026824,-0.176095,0.073556,0.089053,1.1037,0.276234,1.185,0.19342,1.1252,1.1917,1.80956e+07,0.00824855,0,0.107136,0.590244,2026-12-23,2027-06-23,,,,CICC,2,0,0.025,0.01,0.035,4,0,0,6,0,POST_FINI,POST_2025_REFORM,0.222855,-0.312254,6.212222,18.114150,0.100000,1
2026Q2,0,71,2335.HK,"Shaanxi Micot Pharmaceutical Technology Co., Ltd. - B - H Shares",2026-06-15,2026-06-24,"CCB International Capital Limited / 
China Merchants Securities (HK) Co., Limited",Deloitte Touche Tohmatsu,,105661920,950928160,18.2,331740350,58054400,273685950,273685950,0,58054400,52248800,5805600,21,18.2,-0.071429,0.142857,At low,RMB,,247258000,331461000,,126793000,-959885000,,120465000,1291346000,0,0,0,,-156808000,-184914000,,-156832000,-184914000,0.025,0.025,0.15,"Biotechnology company specializing in the discovery, development and commercialization of bi-/multi-specific peptide drugs for the treatment of metabolic diseases as well as cardiovascular and cerebrovascular diseases",Chapter 18A of the Listing Rules,2025-12-31,-137130000,80556000,130089000,0,,1,1,1,1,,1,1,"Beta Achieve Limited; Tianjin Huaxin Pharmaceutical Venture Capital Partnership (Limited Partnership); Shaanxi Junying Growth Industry Development Fund Partnership (Limited Partnership); Shaanxi New Materials High-Tech Venture Investment Fund (Limited Partnership); Xi'an Jingcheng Daxing Enterprise Management Partnership (Limited Partnership); Xi'an Tongshang Investment Partnership (Limited Partnership); Suzhou Mainiv Venture Investment Partnership (Limited Partnership); Suzhou Rongsheng Xianxing Venture Investment Partnership (Limited Partnership); Ningbo Meishan Bonded Port Area Fengchuan Hongbo Investment Management Partnership (Limited Partnership); Xinyu Shanjin Runji Equity Investment Partnership (Limited Partnership); Xi'an Tangxing Technology Venture Capital Investment Partnership (Limited Partnership); Xi'an Huiyu Investment Fund Partnership (Limited Partnership); Shaanxi Huichang Listed Reserve Enterprise Equity Investment Fund Partnership (Limited Partnership); Hangzhou Quandewang Enterprise Management Co., Ltd.; Hainan Ruizheng Enterprise Management Partnership (Limited Partnership); Shengzhou Yinyun Heman Enterprise Management Partnership (Limited Partnership); Hainan Wanfeng Investment Partnership (Limited Partnership); Shaanxi Junying Jiacheng Pharmaceutical Industry Development Fund Partnership (Limited Partnership); Linhai Qize Maite Venture Investment Partnership (Limited Partnership); Maicheng Century (Xi'an) Enterprise Management Partnership Enterprise (Limited Partnership); Jinan Liuji Enterprise Management Partnership Enterprise (Limited Partnership); Shaanxi Jingang Nongtou Biomedical Industry Development Equity Investment Partnership (Limited Partnership); Shaanxi Innovation Relay Equity Investment Partnership (Limited Partnership)",0.4736,1,Series A Financing,6.88,Natural person founders (Dr. Wang Bing and Dr. Wang Mei),0.4343,0.4343,1208719000,Clinical development stage; no drug candidates approved or commercialized,0,Main Board,H Shares,0,0,1,0,281020,HSICS (Hang Seng Industry Classification System) 2026,2007-01-19,19.43,,"Building 6, Collaborative Innovation Port, Chang'an District, Xi'an, Shaanxi Province, PRC",1000,IFRS Accounting Standards,2023-01-01,2023-12-31,2024-01-01,2024-12-31,2025-01-01,0,-184914000,-184914000,2026-06-15,2026-06-18,280071100,0,878000,Unqualified opinion (true and fair view),70600000,Qiyuan High-tech Innovation Investment (Hong Kong) Limited; Everest Medicines Limited; Summit Capital Limited,0.4251,2026-12-24,1181.46,153832,6859084176,"Subscription level 1,181.46 times",2026-06-22,2026-06-23,58054400,5805600,52248800,0,0,,989300000,0.4374,331740350,0.1006,"Existing Shareholders 273,685,950 Shares (12-month PRC lock-up) and Cornerstone Investors 24,681,000 Shares (6-month lock-up) are excluded from the free float; denominator is the total issued share capital upon Listing (331,740,350 Shares).",331740350,-0.0633194,36,0.027,53886000000,36.9,1.02747,1085617280,34.02,37.1,32.2,11330500,0.19517,379187200,,FINI (from 22/11/2023); 2025-08-04 pricing reform (Mechanism A/B; six-month cornerstone lock-up retained),陕西麦科奥特医药科技股份有限公司,Active,34.3,-0.070461,0.884615,0.063235,0.042244,0.8743,0.8919,45809080,,,,,,,,,,,,,,18A (Biotech / B-tag),China International Capital Corporation / Sponsor-OC,2026-07-24,0,0,0.15,2026-07-18,0,0,-0.290514,-0.136471,0.346028,-0.009756,1.0132,-0.070461,0.8743,-0.391328,0.569,0.6163,2.40717e+07,0.0017488,0,0.133275,0.537744,2026-12-24,2027-06-24,,,,CICC,2,0,0.025,0.01,0.035,4,0,0,6,0,POST_FINI,POST_2025_REFORM,3.895921,-0.557876,NaN,19.619863,0.100003,2
2026Q2,0,72,6106.HK,"Shanghai Seer Intelligent Technology Co., Ltd. - H Shares",2026-06-15,2026-06-24,China International Capital Corporation Hong Kong Securities Limited,Ernst & Young,,213309200,853216480,101.6,110497300,10497300,100000000,100000000,0,10497300,9972400,524900,101.6,101.6,0,0,Fixed price,RMB,282084000,343059000,509501000,108146000,97756000,148988000,173938000,245303000,360513000,249023000,339323000,441877000,-46984000,-41157000,-46797000,-47704000,-42308000,-47066000,0.025,0.025,0.15,"Intelligent robotics — robotic controllers, robots, software and accessories",Main Board of the Stock Exchange under Chapter 18C of the Listing Rules (Specialist Technology Company),2025-12-31,-27798000,153940000,79168000,0,0.154,1,1,1,1,1,1,1,"Zhuhai Yinshan Modern Logistics Industry Equity Investment Fund (Limited Partnership); Ningbo Meishan Bonded Port Area Huilidaoqin Investment Management Center (Limited Partnership); Ecovacs (Hainan) Investment Co., Ltd.; Tianjin Dehui Investment Management Partnership (Limited Partnership); Hangzhou Yuanqiao Zhixing Venture Capital Partnership Enterprise (Limited Partnership); Nanjing SAIF Equity Investment Fund (L.P.); Hangzhou Fuyang SAIF Yi’an Equity Investment Partnership (Limited Partnership); Hangzhou Xiaoshan Haolan Equity Investment Fund Partnership Enterprise (Limited Partnership); Nanjing SAIF Yulin Equity Investment Partnership Enterprise (Limited Partnership); Jiaxing Tengyuan Investment Partnership (Limited Partnership); Wuxi Liangxi Science and Technology City Hongtai Xinzhi Investment Partnership Enterprise (Limited Partnership)",0.4264,1,Series A,5.74,Individual (Mr. Zhao),0.4786,0.4786,141318000,Commercial Company (Chapter 18C): products commercialized and revenue-generating,0,Main Board,Ordinary Shares,0,0,0,1,701030,HSICS (Hang Seng Industry Classification System) 2026,2020-04-22,6.17,,"40/F, Dah Sing Financial Centre, 248 Queen’s Road East, Wanchai, Hong Kong",1000,IFRS Accounting Standards,2023-01-01,2023-12-31,2024-01-01,2024-12-31,2025-01-01,441877000,-46797000,-47066000,2026-06-15,2026-06-18,110497300,209295000,4800000,Unqualified — true and fair view,71200000,"HHLRA (HHLR Advisors, Ltd.); Yuanbao Family Office; 3W Fund; GF Fund (GF Fund Management Co., Ltd. and GF International Investment Management Limited); Ruihua Investment; Zhonghe Capital (Splendid Zhonghe Investment); Yishao Capital; Nova Kerry Inc.",0.4334,2026-12-24,5934.56,222966,3115050544,"Subscription level 5,934.56 times",,2026-06-23,10497300,2099500,8397800,0,0,"1,574,600 Offer Shares reallocated from the International Offering to the Hong Kong Public Offering (claw-back) so that the Hong Kong Public Offering totals 2,099,500 Offer Shares (20% of the Offer Shares initially available under the Global Offering)",995400000,0.3924,110497300,,,,-0.0633194,36,0.027,53886000000,106,0.043307,46188120,101.6,140.5,101.6,6299740,0.60013,673166100,Mechanism A,FINI (from 22/11/2023); 2025-08-04 pricing reform (Mechanism A/B; six-month cornerstone lock-up retained); this IPO: Mechanism A,上海仙工智能科技股份有限公司,Active,59,-0.443396,-0.419291,0.063235,0.042244,0.5235,0.534,65131180,,,,,,,,,,,,,,18C (Specialist Tech),China International Capital Corporation / Sponsor-OC,2026-07-24,0,0,0.2,2026-06-24,0,0,-0.163545,0.133452,0.146343,-0.041509,0.9807,-0.443396,0.5235,-0.313208,0.6421,0.6954,3.64318e+07,0.00362074,0,0.0665895,0.672456,2026-12-24,2027-06-24,,,,CICC,2,0,0.025,0.01,0.035,4,0,0,6,0,POST_FINI,POST_2025_REFORM,0.707581,-0.092377,0.302231,18.520502,0.050003,1
2026Q2,0,73,1688.HK,LINGYI iTECH (GUANGDONG) COMPANY - H Shares,2026-06-17,2026-06-26,Guotai Junan Capital Limited,Rongcheng (Hong Kong) CPA Limited,,826425838,7437819101,10.18,8120010560,811811880,7308198680,7308198680,0,811811880,730630560,81181320,10.18,,0,0,Fixed price,RMB,45193486000,57900450000,,19848981000,24357948000,,25344505000,33542502000,,44259533000,51428944000,50571864000,2196375000,2733377000,1720436000,1760733000,2326825000,1603224000,,,0.15,High-precision intelligent manufacturing platform for electronic devices,Main Board - Chapter 19A of the Listing Rules (PRC issuer with other listed shares),2026-03-31,,,688637000,0,,1,0,0,0,0,0,0,,0,0,,,Individual (natural person) - Ms. Zeng Fangqin,0.5232,0.5232,14844113000,Commercialized - mass production,0,Main Board,H Shares,1,0,0,0,101025,HSICS (Hang Seng Industry Classification System) 2026,2008-09-04,17.81,,"No. 8 Longwan Road, Pengjiang District, Jiangmen City, Guangdong Province, PRC",,IFRS Accounting Standards,2023-04-01,2024-03-31,2024-04-01,2025-03-31,2025-04-01,50571864000,1720436000,1603224000,2026-06-17,2026-06-23,811811880,1852431000,,Unqualified,112600000,GF Fund; Kaide Global Investment; Qube; Ti-Capital Funds; Value Partners; Hongxing International; MSIP; HK Greenwoods; 3W Fund; Deliante; Sunny Optical Capital; Honor; Jain Global; Seven Grand; Taikang Life; Da Cheng International; Everbright Wealth Management; GRANITE ASIA; Verition,0.385855,2026-12-26,96.16,162822,7806295200,Subscription level 96.16 times,,2026-06-25,811811880,81181320,730630560,0,0,"Claw-back triggered: N/A; no Offer Shares reallocated from the International Offering to the Hong Kong Public Offering (final Hong Kong Public Offering 81,181,320 equals the number initially available)",8151700000,0.1004,8085979360,0.0617,Free float denominator = total issued shares upon listing (col_CZ); numerator = offer shares minus cornerstone allocation,8085979360,-0.0460067,37,0.0285143,53886000000,9.687,-0.048428,-4.00223e+08,10.777,11.777,9.417,192052421,0.236573,2083431320,Mechanism B,FINI (from 22/11/2023); 2025-08-04 pricing reform (Mechanism A/B; six-month cornerstone lock-up retained); this IPO: Mechanism B,广东领益智造股份有限公司,Active,6.637,-0.314855,-0.348035,0.101067,0.087866,0.6223,0.6298,4.29762e+08,,,,,,,,,,,,,,Standard,China International Capital Corporation / Sponsor-OC,2026-07-26,0,0,0.15,2026-06-26,0,0,-0.020102,-0.084733,0.22884,0.08465,1.0531,-0.314855,0.6223,-0.377,0.5688,0.6054,1.93273e+08,0.000231734,0,0.0456229,0.506241,2026-12-26,2027-06-26,,,,CICC,2,0,0.025,0.01,0.035,4,0,0,6,0,POST_FINI,POST_2025_REFORM,NaN,NaN,-0.016665,22.817597,0.100000,3
2026Q2,0,74,1956.HK,"Beijing Zhongke WengeAI Science and Technology Co., Ltd. - H Shares",2026-06-17,2026-06-26,China International Capital Corporation Hong Kong Securities Limited,Ernst & Young,,180096900,801397820,60.7,173101207,14834600,158266607,158266607,0,14834600,14092800,741800,60.7,60.7,0,0,Fixed price,RMB,807147000,819938000,861611000,595516000,629557000,504096000,211631000,190381000,357515000,249693000,317769000,405316000,-259984000,-157302000,-167570000,-259786000,-157095000,-166263000,0.03,0.03,0.15,Enterprise AI technology and services (enterprise large model-driven decision intelligence),Chapter 18C of the Listing Rules (Specialist Technology Company),2025-12-31,-187995000,324621000,187545000,0,0.376,1,1,1,1,1,1,,Zhongzi Investment; SCGC; CDBC MTU Fund; AI Fund; China Internet Investment; Hengbang Zhiyuan No.5; Infotech; Shenbao Yiben; Hongtu Tech; Zhongke Chuangxing-I; Zhongke Chuangxing-II; Zhongke Lianchuang; Hengbang Zhiyuan No.20; Hengbang Zhiyuan No.23; Hengbang Growth No.5; Hengbang Growth No.10; Jinke Huisheng; Fuzhou Youbang; CASFoF; Xinding Jinwu; Xinding Xinsan; CCTV Integrated Media; ZGC Science City; Daye Shengde; Modern Industry Fund; Ruide Huihuang; Lanhai Fangzhou; Guoke Dacheng; Guoke Xinxing; GQC Ruisheng; Zhongzi Innovation; Guoke Dingzhi; Fenghou Zhiyuan; Liaoning Xinxing; Shengrunda; Beijing Wendan; Yuxin Digitech; Xiyue Xinmei,0.6312,0,Series A Financing (2018),8.12,Natural persons acting in concert,0.2803,0.2803,87919000,Early stage of commercialization,0,Main Board,H Shares,0,0,0,1,702015,HSICS (Hang Seng Industry Classification System) 2026,2017-03-20,9.27,,"Room 717, 7th Floor, Building 9, North 4th Ring Road West, Haidian District, Beijing, China",1000,IFRS,2023-01-01,2023-12-31,2024-01-01,2024-12-31,2025-01-01,405316000,-167570000,-166263000,2026-06-17,2026-06-23,173101207,207657000,3435000,Unqualified,73600000,"China Orient Enhanced Income Fund; Harvest Global Investments Limited; First Seafront Asset Management Limited; Guohui (HK) Holdings Co., Limited; Huatai Capital Investment Limited; CMBC International Investment (HK) Limited",0.2697,2026-12-26,5966.78,195072,4426156200,"Subscription level 5,966.78 times",,2026-06-25,14834600,2967000,11867600,1335000,0.599949,"Reallocation (claw-back) of 2,225,200 Offer Shares from the International Offering to the Hong Kong Public Offering; final number of Offer Shares under the Hong Kong Public Offering adjusted to 2,967,000, representing approximately 20% of the Global Offering",826900000,0.7197,173101207,0.0626,Free float denominator = total issued shares upon listing (col_CZ); numerator = offer shares minus cornerstone allocation,173101207,-0.0460067,37,0.0285143,53886000000,111.7,0.840198,756564600,110,125,105,6313076,0.425564,712772100,Mechanism A,FINI (from 22/11/2023); 2025-08-04 pricing reform (Mechanism A/B; six-month cornerstone lock-up retained); this IPO: Mechanism A,北京中科闻歌科技股份有限公司,Active,67.85,-0.392569,0.117792,0.101067,0.087866,0.5517,0.5584,66568305,,,,,,,,,,,,,,18C (Specialist Tech),"China International Capital Corporation Hong Kong Securities 
Limited",2026-07-23,0,1335000,0.15,2026-07-23,1335000,1,-0.217221,0.241176,0.231646,-0.203671,0.7732,-0.392569,0.5517,-0.328111,0.6134,0.6529,3.48493e+07,0.00319595,0,0.126861,0.52,2026-12-26,2027-06-26,,,,CICC,2,0,0.025,0.01,0.035,4,0,0,6,0,POST_FINI,POST_2025_REFORM,0.414938,-0.192968,0.275505,18.969387,0.050005,1
2026Q2,0,75,2272.HK,KEYTOP PARKING INC. - H Shares,2026-06-17,2026-06-26,"China International Capital Corporation Hong Kong Securities Limited /
CMBC International Capital Limited",KPMG,,39994542,359946132,39.55,101122609,10112280,91010329,91010329,0,10112280,9101040,1011240,39.55,39.55,0,0,Fixed price,RMB,1188690000,1338749000,1425994000,844443000,916709000,1007586000,344247000,422040000,418408000,738015000,799511000,830615000,102229000,98900000,107974000,87030000,86709000,93678000,0.03,0.03,0.15,"Smart parking space operation (smart parking systems, smart parking management services, and parking facility and platform operations)","Main Board of the Stock Exchange (H Shares of a PRC issuer, Chapter 19A)",2025-12-31,144037000,190675000,44346000,0,0.105,1,1,1,1,1,,1,"Jiatuo Tiancheng Group (Mr. Peng Jianhu); Tencent Investors (Linzhi Lixin, Suzhou Paiyi); Zhengzhi Investment; Hongtai Zhiying; Yu Sheng; Xiamen Suming; Fulv Century; Yu Yunhui",,1,Equity Subscriptions in 2011,15.17,Individual (co-founders under joint control arrangements),0.4828,0.4828,122869000,Commercialized (mass commercialization),0,Main Board,H Shares,0,0,0,0,702015,HSICS (Hang Seng Industry Classification System) 2026,2006-06-27,20,,"Xiamen, Fujian, PRC",1000,IFRSs,2023-01-01,2023-12-31,2024-01-01,2024-12-31,2025-01-01,830615000,107974000,93678000,2026-06-17,2026-06-23,98265569,385209000,120400000,Unqualified (true and fair view),60000000,,0,,2115.21,165737,2138980680,"Subscription level 2,115.21 times",,2026-06-25,10112280,1011240,9101040,0,0,"No claw-back triggered (Claw-back triggered: N/A); no Offer Shares reallocated from the International Offering to the Hong Kong Public Offering (0); final Hong Kong Public Offering remains 1,011,240 H Shares, being 10% of the Global Offering",339900000,0.4133,101122609,0.1,"Free float denominator = total number of issued Shares upon Listing (101,122,609); numerator = Global Offering H Shares (10,112,280) minus cornerstone allocation (none). H Shares held by all existing Shareholders converted from Domestic Shares are subject to a 12-month PRC lock-up and are excluded from the free float.",101122609,-0.0460067,37,0.0285143,53886000000,120.2,2.03919,815555382,110.1,122.8,110.1,2027040,0.200453,230830000,Mechanism B,FINI (from 22/11/2023); 2025-08-04 pricing reform (Mechanism A/B; six-month cornerstone lock-up retained); this IPO: Mechanism B,厦门科拓通讯技术股份有限公司,Active,113.3,-0.057404,1.86473,0.101067,0.087866,0.8561,0.8665,22264910,,,,,,,,,,,,,,Standard,China International Capital Corporation / Sponsor-OC,2026-07-26,0,0,0.15,2026-06-26,0,0,-0.013526,0.076923,0.446726,-0.049085,0.9233,-0.057404,0.8561,-0.374376,0.5712,0.608,1.33887e+07,0.00379648,0,0.260455,0.426667,2026-12-26,2027-06-26,,,,CICC,2,0,0.025,0.01,0.035,4,0,0,6,0,POST_FINI,POST_2025_REFORM,0.293415,0.065693,0.038904,18.431844,0.100001,1
2026Q2,0,77,3661.HK,SG Micro Corp - H Shares,2026-06-17,2026-06-26,"China International Capital Corporation Hong Kong Securities Limited / 
Huatai Financial Holdings (Hong Kong) Limited",Ernst & Young,,460097040,4830933720,85.2,675015824,54001200,621014624,621014624,0,54001200,48601000,5400200,85.2,,0,0,Fixed price,RMB,5771119000,6954150000,7187023000,4599260000,5327106000,5501334000,1171859000,1627044000,1685689000,3346983000,3898055000,4392524000,484783000,549890000,497784000,491162000,534375000,491072000,0.007,0.007,0.15,"Analog integrated circuit (IC) design, development and sales","Chapter 19A (PRC issuer with other listed shares), Main Board",2026-03-31,45441000,1183697000,293594000,0,,1,0,0,0,0,0,0,,0,0,,,Natural person,0.3282,0.3282,565123000,Commercialized (products in mass production and revenue-generating),0,Main Board,H Shares,1,0,0,0,703010,HSICS (Hang Seng Industry Classification System) 2026,2007-01-26,19.41,,"4-1106, 11/F, No. 87 West Third Ring Road North, Haidian District, Beijing, PRC",1000,IFRS,2023-04-01,2024-03-31,2024-04-01,2025-03-31,2025-04-01,4392524000,497784000,491072000,2026-06-17,2026-06-23,54001200,497802000,96542000,Unqualified (true and fair view),101000000,GIC Private Limited; JPMAMAPL; CPE Ginkgo; Da Cheng International; Dajia Life; DAMSIMF; First Sentier Investors; GF Fund Management; GF Fund HK; Golden Continent; HGI; HHLRA; HHLRA (as the investment manager of an SMA managed for CPP Investments); Huadeng Technology; Huaqin Singapore; Sungrow Power; ICBC Wealth; iSoftStone HK; LMR Master Fund; Millennium Capital; Ninety One Asia; Ocean Fine Industrial; PSBC Wealth; Taikang Life; Value Partners Hong Kong Limited; Value Partners Limited,0.4989,2026-12-26,251.73,153878,1359388100,Subscription level 251.73 times,,2026-06-25,54001200,5400200,48601000,8100100,1,"No clawback / reallocation: Claw-back triggered N/A; the final number of Offer Shares under the Hong Kong Public Offering (5,400,200) equals the number initially available and represents 10% of the Global Offering.",4499900000,0.08,675015824,0.0401,"Free float denominator = total issued Shares upon Listing (before exercise of the Over-allotment Option) = 675,015,824; H Shares held by the Cornerstone Investors upon Listing (six-month lock-up) are excluded from free float, so numerator = Offer Shares − cornerstone allocation.",675015824,-0.0460067,37,0.0285143,53886000000,125.3,0.470657,2165448120,105.1,133,102.7,19937780,0.36921,2141662100,Mechanism B,FINI (from 22/11/2023); 2025-08-04 pricing reform (Mechanism A/B; six-month cornerstone lock-up retained); this IPO: Mechanism B,圣邦微电子（北京）股份有限公司,Active,89.5,-0.285714,0.050469,0.101067,0.087866,0.6487,0.6566,212177840,,,,,,,,,,,,,,Standard,"China International Capital Corporation Hong Kong 
Securities Limited",2026-07-23,0,8100100,0.15,2026-07-23,8100100,1,-0.227723,-0.02381,0.488008,-0.042298,0.9299,-0.285714,0.6487,-0.245411,0.6889,0.7333,1.14201e+08,0.000811437,0,0.0773196,0.451862,2026-12-26,2027-06-26,,,,CICC,2,0,0.025,0.01,0.035,4,0,0,6,0,POST_FINI,POST_2025_REFORM,0.234546,0.068328,0.126850,20.330247,0.100001,1
2026Q2,0,78,6228.HK,PT MERDEKA GOLD RESOURCES Tbk- DRS,2026-06-17,2026-06-26,"UBS Securities Hong Kong Limited  /
CITIC Securities (Hong Kong) Limited",BDO Limited,,238519540,2227502620,26.6,14731366060,896686000,14731366060,13834680060,896686000,0,807017000,89669000,26.6,,0,0,Fixed price,USD,328651000,529721000,740638000,155196000,273038000,380939000,173455000,256683000,359699000,1394000,1750000,132000,-10131000,-14934000,-25392000,-6837000,-12700000,-27494000,0.015,0.015,0.15,Gold mining and mineral processing,Chapter 19C secondary listing; also Chapters 18 and 19B,2025-12-31,-21714000,45308000,,0,1,1,0,0,0,0,0,0,,0,0,,,Corporate,0.6333,0.6333,289597000,Early commercialization (first gold production in February 2026),0,Main Board,Ordinary shares,0,0,0,0,051010,HSICS (Hang Seng Industry Classification System) 2026,2015-11-20,10.6,,"Treasury Tower, 67th Floor, District 8 SCBD Lot. 28, Jalan Jenderal Sudirman Kav. 52-53, South Jakarta 12190, Indonesia",1000,IFRS,2023-01-01,2023-12-31,2024-01-01,2024-12-31,2025-01-01,132000,-25392000,-27494000,2026-06-17,2026-06-23,896686000,-146000,152121000,Unqualified (true and fair view),14900000,"Ping An of China Asset Management (Hong Kong) Company Limited; Wanguo Gold Group Limited; Glencore International AG; Mercuria Holdings (Singapore) Pte. Ltd.; Trafigura Pte. Ltd.; Intera Mining Investment Limited; GF Fund Management Co., Ltd.; GF International Investment Management Limited; CNGR Hong Kong Material Science & Technology Co., Limited; Eurus Holdings SPC (for OAAM Diversified Opportunities III S.P.); Wind Sabre Fund SPC (for Wind Sabre Opportunities Fund SP); Dymon Asia Multi-Strategy Investment Master Fund",0.4994,2026-12-26,4.42,22329,39645800,Subscription level 4.42 times,2026-06-24,2026-06-25,896686000,89669000,807017000,3039000,0.022594,"No clawback triggered; no Offer HDRs reallocated from the International Offering (N/A); final HK Public Offering HDRs 8,966,900, being 10.00% of the Global Offering.",2268710000,,14731366060,0.0305,Free float denominator = total issued shares upon listing (col_CZ); numerator = offer shares minus cornerstone allocation,14731366060,-0.0460067,37,0.0285143,53886000000,24.86,-0.065414,-1560233640,26.6,26.8,23.92,24440190,0.027256,624122800,Mechanism A,FINI (from 22/11/2023); 2025-08-04 pricing reform (Mechanism A/B; six-month cornerstone lock-up retained); this IPO: Mechanism A,,Active,26,0.045857,-0.022556,0.101067,0.087866,0.9499,0.9614,51670090,,,,,,,,,,,,,,Standard,CLSA Limited,2026-07-23,1,0,0.15,2026-07-23,0,0.5,0.108871,0.429257,0.495213,0.04827,1.0178,0.045857,0.9499,0.378117,1.2581,1.3393,3.5141e+07,0.00100703,0,0.0359343,0.215969,2026-12-26,2027-06-26,,,,CICC,2,0,0.025,0.01,0.035,4,0,0,6,0,POST_FINI,POST_2025_REFORM,0.485661,-0.037122,-0.924571,23.413245,NaN,1
2026Q2,0,76,9630.HK,"Circuit Fabology Microelectronics Equipment Co., Ltd. - H Shares",2026-06-17,2026-06-26,China International Capital Corporation Hong Kong Securities Limited,Ernst & Young,,324480047,3406926765,252.73,144579366,12838650,131740716,131740716,0,12838650,11554750,1283900,252.73,240.09,0.025648,0.051297,At high,RMB,2788843000,3116656000,3412358000,2062602000,2308372000,2418880000,726241000,808284000,993478000,953943000,1408121000,2058888000,171068000,329717000,491840000,160695000,289932000,433572000,0.012,0.012,0.15,"PCB direct imaging equipment and semiconductor direct-writing lithography equipment (R&D, manufacturing, sales and maintenance)",Main Board of the Stock Exchange - Chapter 19A of the Listing Rules (PRC issuer with other listed shares),2026-03-31,164561000,529150000,36023000,0,,1,0,0,0,0,0,0,,0,0,,,自然人,0.311,0.311,5849000,Commercialized (mass production and sales),0,Main Board,H Shares,1,0,0,0,101020,HSICS (Hang Seng Industry Classification System) 2026,2015-06-30,10.99,,"Hefei, Anhui Province, PRC",1000000,IFRS Accounting Standards,2023-04-01,2024-03-31,2024-04-01,2025-03-31,2025-04-01,2058888000,491840000,433572000,2026-06-17,2026-06-23,12838650,207206000,29041000,Unqualified opinion,90270000,Hefei Jianhui; Xinyao Investment; Nexchip Semiconductor HK; JPMAMAPL; Victory Giant HK; CPE Chestnut; Lion Global; CICC FT (in connection with Greenwoods OTC Swaps); HHLR; Huadeng Victorious; Montage HK; Yonglian Investment; Monterey Park; Bosera International; China Universal (HK); Fullgoal HK and Fullgoal Fund; GF Fund; Ocean Fine Industrial; Sungrow Power HK,0.4998,2026-12-26,1007.22,207986,1293166900,"Subscription level 1,007.22 times",2026-06-24,2026-06-25,12838650,1283900,11554750,1925750,1,Reallocation N/A; 0 Offer Shares reallocated from the International Offering (no clawback),3153100000,0.0888,144579366,0.0444,Free float denominator = total issued shares upon listing (col_CZ); numerator = offer shares minus cornerstone allocation,144579366,-0.0460067,37,0.0285143,53886000000,515,1.03775,3.36719e+09,439,525.5,410.2,5849888,0.455647,2625652500,Mechanism B,FINI (from 22/11/2023); 2025-08-04 pricing reform (Mechanism A/B; six-month cornerstone lock-up retained); this IPO: Mechanism B,合肥芯碁微电子装备股份有限公司,Active,281.4,-0.453592,0.113441,0.101067,0.087866,0.4963,0.5023,269771705,,,,,,,,,,,,,,Standard,China International Capital Corporation / Sponsor-OC,2026-07-26,0,0,0.15,2026-07-26,1925750,1,-0.166229,-0.010125,0.976154,-0.115728,0.8586,-0.453592,0.4963,-0.29165,0.6467,0.6884,2.30271e+08,0.000444281,0,0.156471,0.587387,2026-12-26,2027-06-26,,,,CICC,2,0,0.025,0.01,0.035,4,0,0,6,0,POST_FINI,POST_2025_REFORM,0.291141,0.127059,0.462153,18.789339,0.100003,1
2026Q2,0,79,1191.HK,"Crealights Technology Co., Ltd. - H Shares",2026-06-18,2026-06-29,Huatai Financial Holdings (Hong Kong) Limited,Ernst & Young,,153119100,1607747700,114,89542045,13431500,76110545,76110545,0,13431500,12088350,1343150,114,114,0,0,Fixed price,RMB,437124000,1011864000,1830013000,160724000,211663000,585747000,276400000,800201000,1244266000,175338000,861832000,1221063000,-108564000,-17738000,-100138000,-108564000,-17895000,-100138000,0.03,0.03,0.15,"Optoelectronic interconnection products (optical transceivers, AOC and others) for AI data centers",Main Board — Rule 8.05(3) market capitalisation/revenue test,2025-12-31,-359097000,334040000,104267000,0,0.787,1,1,1,1,1,1,1,Suzhou Ronglian VC; Suzhou Huiqi; Jusheng VC; Jingu Yuanxin; Suzhou Xieli VC; Suzhou Junshixieli; Junding Xieli; Jiangsu Gaotou Bondshine; Suzhou Bangsheng Yingxin; Bangsheng Juyuan; Wuxi Yuli; Suzhou Wide Band-Aid; Yuanhe; Suzhou Qina; Tianjin TEDA; Jiangsu Bohua; Beijing InfoDev Fund; Beijing ETDA Upgrade Fund II; Alibaba China; Xiaomi Zhizao; Beijing Haiju; Shanghai Handuo; Yiwu Huaxinyuanjing; Jiaxing Gaohe; Suzhou Yinji; Zhongtian Technology; Jinyuan Huifu; Juyuan Casting; Jiang Wenhao; Zhong Junqi,0.6705,1,Series Angel Financing,14.09,Natural person (founder); no single controlling shareholder — single largest group of Shareholders,0.1795,0.1795,852130000,Mass production and commercialization stage (400G and 800G SiPh optical transceivers in mass production and delivery),0,Main Board,H Shares,0,0,0,0,101025,HSICS (Hang Seng Industry Classification System) 2026,2011-11-01,14.66,,"Room 101, 1/F, Building 3, Compound No. 10, Liangshuihe 1st Street, Beijing Economic-Technological Development Area, Beijing, PRC",1000,IFRS Accounting Standards,2023-01-01,2023-12-31,2024-01-01,2024-12-31,2025-01-01,1221063000,-100138000,-100138000,2026-06-18,2026-06-24,89542045,109756000,124152000,Unqualified opinion (true and fair view),116000000,"JSC International Investment Fund SPC (acting for and on behalf of Jingxin SP); Winwin Technology Investment Co., Limited; Kingsoft Cloud Network Corporation Limited; UBS Asset Management (Singapore) Ltd.; Perseverance Asset Management International (Singapore) Pte. Ltd.; E Fund Management Co., Ltd. and E Fund Management (Hong Kong) Co., Ltd.",0.498541,2026-12-29,1296.89,185373,1741912550,"Subscription level 1,296.89 times",,2026-06-26,13431500,1343150,12088350,2014700,1,"Claw-back triggered: N/A; No. of Offer Shares reallocated from the International Offering (claw-back): N/A; final HK public offer 1,343,150 shares (10.00%) unchanged.",1415320000,0.5098,89542045,0.0752,"Free float denominator = number of issued Shares upon Listing before exercise of the Over-allotment Option (col_CZ = 89,542,045); numerator = Offer Shares under the Global Offering (13,431,500) minus cornerstone allocation (6,696,150) = 6,735,350 H Shares.",89542045,-0.0575897,38,0.0295905,53885000000,165,0.447368,685006500,199.9,213,150,5151277,0.383522,988152290,Mechanism A,FINI (from 22/11/2023); 2025-08-04 pricing reform (Mechanism A/B; six-month cornerstone lock-up retained); this IPO: Mechanism A,北京海光芯正科技股份有限公司,Active,81,-0.509091,-0.289474,0.094695,0.070348,0.4484,0.4586,137889973,,,,,,,,,,,,,,Standard,China International Capital Corporation / Sponsor-OC,2026-07-29,0,0,0.15,2026-07-08,2014700,1,-0.047053,0.589474,0.23569,0.130909,1.1027,-0.509091,0.4484,0.019394,0.948,1.0268,1.43766e+08,0.0019471,0,0.12167,0.711521,2026-12-29,2027-06-29,,,,CICC,2,0,0.025,0.01,0.035,4,0,0,6,0,POST_FINI,POST_2025_REFORM,0.679922,-0.054720,0.416823,18.310219,0.100000,2
2026Q2,0,80,2672.HK,"Baige Online Digital Technology Co., Ltd. - H Shares",2026-06-18,2026-06-29,"CMBC International Capital Limited / 
BOCI Asia Limited",RSM Hong Kong,,52019760,468152880,15.6,320620632,33344400,287276232,287276232,0,33344400,30009800,3334600,20.28,15.6,-0.130435,0.26087,At low,RMB,186439000,235433000,249480000,-8705000,-18746000,-47830000,195144000,254179000,297310000,659902000,914181000,1227123000,-17295000,-27377000,-46738000,-17180000,-27712000,-46669000,0.025,0.025,0.15,InsurTech; technology-empowered insurance intermediary services,Main Board — Rule 8.05(3) market capitalisation/revenue test (Chapter 8),2025-12-31,20139000,94031000,35102000,0,0.559,1,1,1,1,1,1,,Xiamen Huicheng; New Hope; Xiamen Meitong Luqi; Mr. Lin Baojie; Jiaxing Mianmiao; Prolight; Fujian Yongchun; Minyin Sci-Tech,0.2248,1,Angel investment,7.98,Founder-controlled (individual),0.498,0.498,115207000,Early commercialization stage,,Main Board,H Shares,0,0,0,0,502010,HSICS (Hang Seng Industry Classification System) 2026,2015-04-17,11.2,,"Room 2402, No.491 Gaolin Middle Road, Huli District, Xiamen, Fujian Province, PRC",1000,HKFRS,2023-01-01,2023-12-31,2024-01-01,2024-12-31,2025-01-01,1227123000,-46738000,-46669000,2026-06-18,2026-06-24,150963472,102798000,4200000,Unqualified opinion (true and fair view),57500000,GLY New Mobility 2. LP; Mr. Ke Jiaqi,0.0384,2026-12-29,242.05,44599,807145000,Subscription level 242.05 times,,2026-06-26,33344400,3334600,30009800,0,0,Claw-back triggered N/A,465790457,0.2569,320620632,0.1,Free float denominator = total issued shares upon listing (col_CZ); numerator = offer shares minus cornerstone allocation,320620632,-0.0575897,38,0.0295905,53885000000,73,3.67949,1913968560,61.1,73.6,60.1,6080000,0.182339,387403700,Mechanism B,FINI (from 22/11/2023); 2025-08-04 pricing reform (Mechanism A/B; six-month cornerstone lock-up retained); this IPO: Mechanism B,白鸽在线（厦门）数字科技股份有限公司,Active,61.95,-0.15137,2.97115,0.094695,0.070348,0.7752,0.7929,33305320,,,,,,,,,,,,,,Standard,China International Capital Corporation / Sponsor-OC,2026-07-29,0,0,0.15,2026-06-18,0,0,0.117164,0.021044,0.622453,-0.174658,0.8047,-0.15137,0.7752,-0.171918,0.7701,0.8341,4.6338e+07,0.00231844,0,0.470651,0.596709,2026-12-29,2027-06-29,,,,CICC,2,0,0.025,0.01,0.035,4,0,0,6,0,POST_FINI,POST_2025_REFORM,1.191719,-0.187065,0.342320,19.585769,0.100005,3
2026Q2,0,81,9637.HK,Alebund Pharmaceuticals (Jiangsu) Limited - B - H Shares,2026-06-18,2026-06-29,"Jefferies Hong Kong Limited /
Merrill Lynch (Asia Pacific) Limited /
Huatai Financial Holdings (Hong Kong) Limited",Ernst & Young,AVISTA Valuation Advisory Limited,128268560,1346804060,22.6,339852231,56755400,283096831,283096831,0,56755400,51079800,5675600,22.6,22.6,0,0,Fixed price,RMB,,1109140000,1339932000,,-1341193000,503243000,,2450333000,836689000,,6525000,30556000,,-335130000,-751819000,,-335130000,-751819000,0.03,0.03,0.15,"Biopharmaceutical - development, manufacturing and commercialization of renal therapies and products",Chapter 18A of the Listing Rules (biotech company),2025-12-31,-287888000,358325000,372574000,0,1,1,1,1,1,1,1,1,Tencent; Guojin Group; LAV USD; Quan Capital; Loyal Valley Capital; Shanghai Liyi; GIC; 3H; 3E; Dezhou Liangyi; Huagai Capital; Beijing New Dynamic II; Sherpa; Octagon; Morningside Venture,0.754982,1,May 2018 Investment,7.3,Individual founder (acting-in-concert group led by Dr. Gavin Xia),0.2041,0.2041,549420000,Clinical-stage biopharmaceutical company with one commercialized product; product candidates in clinical and preclinical stages,0,Main Board,H Shares,0,0,1,0,281010,HSICS (Hang Seng Industry Classification System) 2026,2021-05-20,5.11,,"Building 7, No. 7 Jinzhuang Road, Hanjiang District, Yangzhou City, Jiangsu Province, PRC",1000,IFRS Accounting Standards,2023-01-01,2023-12-31,2024-01-01,2024-12-31,2025-01-01,30556000,-751819000,-751819000,2026-06-18,2026-06-24,227122189,13446000,101622000,Unqualified opinion - true and fair view,101900000,"GIC Private Limited; Loomis, Sayles & Company, L.P.; Loomis Sayles Trust Company, LLC; RTW Master Fund, Ltd.; RTW Innovation Master Fund, Ltd.; RTW Biotech Opportunities Ltd.; SymBiosis II, LLC; Huang River Investment Limited; Perfect Ten Holding Limited; Cormorant Global Healthcare Master Fund, LP; Dymon Asia Multi-Strategy Investment Master Fund; GF Fund Management Co., Ltd.; GF International Investment Management Limited; China Universal Asset Management (Hong Kong) Company Limited; E Fund Management Co., Ltd.; E Fund Management (Hong Kong) Co., Ltd.; Golden Valley Value Select Master Fund; Golden Valley Global Limited; Loyal Valley Capital Advantage Fund III LP",0.4978,2026-12-29,963.56,145729,5468766300,Subscription level 963.56 times,,2026-06-26,56755400,5675600,51079800,8513300,1,"No claw-back: claw-back not triggered and no Offer Shares reallocated from the International Offering to the Hong Kong Public Offering (N/A); final Hong Kong Public Offering remains 5,675,600 H Shares, being 10.00% of the Global Offering.",1180800000,0.5226,339852231,0.0839,"Free float denominator = total issued Shares of the Company upon Listing (339,852,231 Shares, before exercise of the Over-allotment Option); numerator = H Shares held by the public and not subject to disposal restrictions (approximately HK$644.1 million in value).",339852231,-0.0575897,38,0.0295905,53885000000,46,1.0354,1328076360,42,46,40.5,12782400,0.225219,549438600,Mechanism B,FINI (from 22/11/2023); 2025-08-04 pricing reform (Mechanism A/B; six-month cornerstone lock-up retained); this IPO: Mechanism B,礼邦医药(江苏)股份有限公司,Active,29.14,-0.366522,0.289381,0.094695,0.070348,0.5787,0.5918,56524435,,,,,,,,,,,,,,18A (Biotech / B-tag),Jefferies Hong Kong Limited,2026-07-24,0,8513300,0.15,2026-07-24,8513300,1,-0.025751,0.145228,0.194102,-0.368696,0.6155,-0.366522,0.5787,-0.436957,0.5236,0.5672,3.00397e+07,0.00286579,0,0.152583,0.508757,2026-12-29,2027-06-29,,,,CICC,2,0,0.025,0.01,0.035,4,0,0,6,0,POST_FINI,POST_2025_REFORM,0.624426,-0.561087,3.682912,19.644021,0.100001,2
2026Q2,0,82,2697.HK,"Guangdong True Health Medical Technology Development Co., Ltd. - B - H Shares",2026-06-22,2026-06-30,"China International Capital Corporation Hong Kong Securities Limited /
DBS Asia Capital Limited",Ernst & Young,,44987776,404877364,126.2,35647003,3564700,32082303,32082303,0,3564700,3208220,356480,135.4,119.3,-0.00903,0.126423,Within range,RMB,,155375000,280824000,,125450000,239566000,,29925000,41258000,,1791000,12178000,,-92153000,-90112000,,-92156000,-90113000,0.035,0.035,0.15,Medical devices - percutaneous puncture and ablation surgical robots,Chapter 18A of the Listing Rules (biotechnology company),2025-12-31,-91895000,182394000,56874000,0,0.964,1,1,1,1,,1,,Shuimu Dongfang; Huitai Dongfang; Jinke Junlian; Yarui Heyi; Beijing Jingantai; Lide Gongchuang; Junhe Hongrui; X Technology; Novel Robotics; Gaorong Phase IV; Kangyong Investment; Shuimu Linghang; JingDe (Guangzhou); KIP (ZhangJiaGang); Zhongguancun Zhiyou; Jinke Huiyu; Hengqin Golden Investment; Deruida Wealth; Beijing New Energy; Hengqin Xinti; Dongsheng Bozhan; Shenzhen Ruisheng; Huajin Lingyue; Ligao No. 2; Qingdao Rongyu; CICC Qihe; Hengqin Industrial; Dongrong No. 1; Taiping Medical Investment Fund; Hengqin Shenhe Industrial Investment; Guangdong-Macao Investment,0.4888,1,January 2021 Capital Increase,5.45,Individual (Ms. Cheong),0.4196,0.4196,9058000,Commercialization (early stage),0,Main Board,H Shares,0,0,1,0,282010,HSICS (Hang Seng Industry Classification System) 2026,2018-03-16,8.29,,"Room 101, 1/F, Building 9, 1889 Huandao East Road, Hengqin New District, Zhuhai, Guangdong Province, PRC",1000,IFRS,2023-01-01,2023-12-31,2024-01-01,2024-12-31,2025-01-01,12178000,-90112000,-90113000,2026-06-22,2026-06-25,35647003,9294000,3264000,Unqualified (true and fair view),66100000,,0,,1790.4,128208,638236940,"Subscription level 1,790.4 times",2026-06-26,2026-06-29,3564700,356480,3208220,0,0,Reallocation N/A; No. of Offer Shares allocated from the International Offering: 0,384000000,0.4266,35647003,0.1,Free float denominator = total issued shares upon listing (col_CZ); numerator = offer shares minus cornerstone allocation,35647003,-0.0672995,35,0.0294452,53885000000,400,2.16957,976014860,327.2,424.8,326.4,911040,0.255573,319762900,,FINI (from 22/11/2023); 2025-08-04 pricing reform (Mechanism A/B; six-month cornerstone lock-up retained),广东真健康医疗科技开发股份有限公司,Active,594,0.485,3.70682,0.106194,0.057774,1.3424,1.4039,46131960,,,,,,,,,,,,,,18A (Biotech / B-tag),China International Capital Corporation / Sponsor-OC,2026-07-30,0,0,0.15,2026-06-30,0,0,0.269565,0.252093,0.473263,-0.057,0.9183,0.485,1.3424,,,,,0.00335998,0,0.298823,0.705418,2026-12-30,2027-06-30,,,,CICC,2,0,0.025,0.01,0.035,4,0,0,6,0,POST_FINI,POST_2025_REFORM,0.146918,-0.320888,5.799553,17.389176,0.100003,1
2026Q2,0,84,3952.HK,"Zhejiang Laifual Drive Co., Ltd. - H Shares",2026-06-22,2026-06-30,CMB International Capital Limited,KPMG,,229858200,982386450,85.5,103398787,13441900,89956887,89956887,0,13441900,12769800,672100,85.5,77,0.052308,0.104615,At high,RMB,478012000,497016000,722044000,-501942000,-670718000,-820631000,979954000,1167734000,1542675000,94545000,107714000,260867000,-168785000,-168776000,-170609000,-168785000,-168776000,-170609000,0.03,0.03,0.15,"Robotic precision transmission core components (harmonic reducers, joint modules, robotic arms, automated workstations)",Chapter 18C of the Listing Rules (Specialist Technology Company),2025-12-31,-63411000,33753000,49231000,0,0.423,1,1,1,1,1,1,1,Zhuji Rushan Huian Venture Capital Partnership (L.P.); Beta Achieve; Suzhou Sushang Joint Venture Capital Partnership (L.P.); Guozhong SME Fund; Haian Huijun Jincai Phase I Industrial Investment Partnership Enterprise (L.P.); China Electronics CICC (Xiamen) Intelligent Industry Equity Investment Fund Partnership (L.P.); Lenovo Fund; Redview Capital Investment XIV Limited; CDBC Fund; Shanghai Hongyu Aviation Industry Equity Investment Partnership (L.P.); Tianjin Haihe Furui Equity Investment Fund Partnership (L.P.); Hangzhou Runxin Dianjing Equity Investment Partnership (L.P.),,1,Series A,8.91,Individual,0.2842,0.2842,1404927000,Commercial Company,0,Main Board,H Shares,0,0,0,1,101020,HSICS (Hang Seng Industry Classification System) 2026,2013-11-26,12.59,,"Industrial Park, Ganlin Town, Shengzhou City, Zhejiang, PRC",1000,IFRS Accounting Standards,2023-01-01,2023-12-31,2024-01-01,2024-12-31,2025-01-01,260867000,-170609000,-170609000,2026-06-22,2026-06-25,103398787,66863000,117700000,Unqualified,88800000,"OAKTREE CAPITAL MANAGEMENT, L.P.; Alphahill Capital Limited; HARVEST GLOBAL INVESTMENTS LIMITED; CDH Global Frontier Ventures Limited; E Fund Management Co., Ltd/E FUND MANAGEMENT (HONG KONG) CO., LIMITED; Eurus Holdings SPC; LBC HK Opportunity Fund Limited; Dream'ee (Hong Kong) Open-ended Fund Company; Factorial Master Fund; Oasis Investments II Master Fund Ltd.",0.3752,2026-12-30,4571.99,182737,3072834479,"Subscription level 4,571.99 times",2026-06-26,2026-06-29,13441900,2688400,10753500,736400,0.365226,"Claw-back triggered Yes; No. of Offer Shares reallocated from International Offering (claw-back) 2,016,300; Final HK Public Offering 2,688,400 (20%)",1073100000,0.7157,103398787,0.0812,Free float denominator = total issued shares upon listing (col_CZ); numerator = offer shares minus cornerstone allocation,103398787,-0.0672995,35,0.0294452,53885000000,73,-0.146199,-168023750,88.2,98.6,73,10394900,0.773321,948044000,Mechanism A,FINI (from 22/11/2023); 2025-08-04 pricing reform (Mechanism A/B; six-month cornerstone lock-up retained); this IPO: Mechanism A,浙江来福谐波传动股份有限公司,Active,60.05,-0.177397,-0.297661,0.106194,0.057774,0.7436,0.7777,140347120,,,,,,,,,,,,,,18C (Specialist Tech),CMB International Securities Limited,2026-07-25,1,2016200,0.15,2026-07-25,736400,0.3652,-0.057632,-0.148748,0.105418,0.493151,1.454,-0.177397,0.7436,,,,,0.00407429,0,0.0890915,0.61689,2026-12-30,2027-06-30,,,,CICC,2,0,0.025,0.01,0.035,4,0,0,6,0,POST_FINI,POST_2025_REFORM,2.136539,-0.236286,1.421849,18.454104,0.050000,2
2026Q2,0,85,6715.HK,"Hangzhou Qiandaohu Xunlong Sci-tech Co., Ltd. - H Shares",2026-06-22,2026-06-30,"CITIC Securities (Hong Kong) Limited /
China Securities (International) Corporate Finance Company Limited",PricewaterhouseCoopers,,123314150,1109819800,75.5,108885600,16332900,92552700,92552700,0,16332900,14699600,1633300,75.5,75.5,0,0,Fixed price,RMB,2030547000,2344494000,3038441000,1502552000,1836747000,2103608000,527995000,507747000,934833000,577241000,669293000,769006000,331834000,397599000,434430000,272899000,324124000,365029000,0.025,0.025,0.15,Sturgeon aquaculture and caviar production,Main Board,2025-12-31,270341000,783613000,28200000,0,0.38,1,1,1,1,1,1,,Yuansheng Jiahao; Fengshi Hechuang,0.0216,1,2010 Capital Increase and Share Allotment (Zixing Liangmei),15.7,Individual (natural person),0.2944,0.2944,415653000,Commercialized,0,Main Board,H Shares,0,0,0,0,251010,HSICS (Hang Seng Industry Classification System) 2026,2003-04-18,23.2,,"Quzhou, Zhejiang Province, PRC",1000,IFRS,2023-01-01,2023-12-31,2024-01-01,2024-12-31,2025-01-01,769006000,434430000,365029000,2026-06-22,2026-06-25,108885600,8569000,58189000,Unqualified (true and fair view),86900000,BlackRock Funds; Barings; Taikang Life; Shanghai Greenwoods and GTINV (in connection with Greenwoods OTC Swaps); Dacheng Investors; ICBC Wealth; Nova Kerry Inc.; Mirae Asset Securities HK,0.4988,2026-12-30,2134.81,179723,3486789300,"Subscription level 2,134.81 times",,2026-06-29,16332900,1633300,14699600,0,0,"No claw-back triggered; final number of Offer Shares under the Hong Kong Public Offering remained 1,633,300, equal to the number initially available",1146300000,0.5874,108885600,0.0752,Free float denominator = total issued shares upon listing (col_CZ); numerator = offer shares minus cornerstone allocation,108885600,-0.0672995,35,0.0294452,53885000000,114,0.509934,628816650,103,120.2,101,4944600,0.302739,542427600,Mechanism B,FINI (from 22/11/2023); 2025-08-04 pricing reform (Mechanism A/B; six-month cornerstone lock-up retained); this IPO: Mechanism B,杭州千岛湖鲟龙科技股份有限公司,Active,67.65,-0.406579,-0.103974,0.106194,0.057774,0.5365,0.561,57718290,,,,,,,,,,,,,,Standard,China International Capital Corporation / Sponsor-OC,2026-07-30,0,0,0.15,2026-07-25,0,0,-0.038025,0.298201,0.122355,-0.258772,0.7218,-0.406579,0.5365,,,,,0.00453827,0,0.0864235,0.514559,2026-12-30,2027-06-30,,,,CICC,2,0,0.025,0.01,0.035,4,0,0,6,0,POST_FINI,POST_2025_REFORM,0.307669,0.120137,0.148983,18.505808,0.100001,1
2026Q2,0,83,6915.HK,Jiangxi Institute of Biological Products Inc. - H Shares,2026-06-22,2026-06-30,"China International Capital Corporation Hong Kong Securities Limited /
China Merchants Securities (HK) Co., Limited",Deloitte Touche Tohmatsu,Jones Lang LaSalle Corporate Appraisal and Advisory Limited,40583200,365243200,11.2,308377319,36234500,272142819,272142819,0,36234500,32611000,3623500,13.06,9.33,0.000447,0.333184,Within range,RMB,502270000,487522000,560280000,361924000,403223000,498017000,140346000,84299000,62263000,198021000,220755000,235408000,63594000,91765000,109262000,55481000,75140000,94794000,0.03,0.03,0.15,"Research, development, manufacturing and sale of human tetanus antitoxin (Human TAT) and antiserum products",Main Board profit test under Rule 8.05(1) of the Listing Rules; H Share issuer under Chapter 19A,2025-12-31,56826000,73828000,23700000,0,0.331,1,1,1,1,,,,Hanyi Cultural Exchange; Xiangyi Investment; Chifeng Bo-en Jingtian; Ruiqingxiang Investment; Jiaxing Jiaci; Hanxin Pharmaceutical; Hailei Pharmaceutical; Heli No. 7; Lingyao Investment,0.0944,0,Series A Financing,6.13,Individual (Ms. Jing Yue),0.6763,0.6763,894000,"Commercialized (Human TAT); pipeline product candidates at clinical, preclinical and process research stages",0,Main Board,H Shares,0,0,0,0,281010,HSICS (Hang Seng Industry Classification System) 2026,2002-07-05,23.99,,"No. 198 Huoju Avenue, Jinggangshan Economic and Technological Development Zone, Ji'an, Jiangxi, PRC",1000,IFRS Accounting Standards,2023-01-01,2023-12-31,2024-01-01,2024-12-31,2025-01-01,235408000,109262000,94794000,2026-06-22,2026-06-25,307090319,180686000,29100000,True and fair view (unqualified opinion),67000000,"WSH (Wealth Strategy Holding Limited, 富策控股有限公司)",0.1232,2026-12-30,476.56,78433,1726805000,Subscription level 476.56 times,2026-06-26,2026-06-29,36234500,3623500,32611000,0,0,No claw-back triggered (N/A); no Offer Shares reallocated from the International Offering to the Hong Kong Public Offering (0 H Shares).,338800000,0.2867,308377319,0.103,"Free float denominator = total issued shares upon listing (308,377,319); numerator excludes Shares subject to lock-up: 272,142,819 Shares held by all existing Shareholders under the PRC 12-month lock-up and 4,464,000 Shares held by the Cornerstone Investor under the 6-month lock-up.",308377319,-0.0672995,35,0.0294452,53885000000,9.78,-0.126786,-51452990,7.4,10.75,7.3,29954500,0.826685,299791300,Mechanism B,FINI (from 22/11/2023); 2025-08-04 pricing reform (Mechanism A/B; six-month cornerstone lock-up retained); this IPO: Mechanism B,江西生物制品研究所股份有限公司,Active,16.79,0.716769,0.499107,0.106194,0.057774,1.552,1.623,35449860,,,,,,,,,,,,,,Standard,China International Capital Corporation / Sponsor-OC,2026-07-30,0,0,0.15,2026-06-30,0,0,-0.037901,0.376252,0.707647,-0.498978,0.4879,0.716769,1.552,,,,,0.00557919,0,0.128557,0.625116,2026-12-30,2027-06-30,,,,CICC,2,0,0.025,0.01,0.035,4,0,0,6,0,POST_FINI,POST_2025_REFORM,0.111128,0.169190,0.066377,19.546835,0.100001,1
2026Q3,0,87,0668.HK,"Anker Innovations Technology Co., Ltd. - H Shares",2026-06-23,2026-07-02,"China International Capital Corporation Hong Kong Securities Limited /
Goldman Sachs (Asia) L.L.C. /
J.P. Morgan Securities (Far East) Limited",KPMG,,463158956,4510399296,99.32,582909162,46632800,536276362,536276362,0,46632800,41969500,4663300,99.32,,0,0,Fixed price,RMB,16603708000,20066893000,20228400000,9144520000,10711670000,11344197000,7459188000,9355223000,8884200000,24710080000,30514403000,30430584000,2348349000,2922474000,2234896000,2211124000,2617194000,1883688000,0.007,0.007,0.15,"Independent research and development, design and sales of consumer electronic products under own brands (smart charging and power storage, smart audio and video, smart home)",Chapter 19A of the Main Board Listing Rules (PRC issuer with other listed shares),2026-03-31,-450632000,2670127000,805291000,0,0.086,1,0,0,0,0,0,0,,0,0,,,Individual natural person(s) acting in concert (Mr. Yang and Ms. He),0.4327,0.4327,3108231000,Commercialized (mass production and sales; revenue-generating),0,Main Board,H Shares,1,0,0,0,232020,HSICS (Hang Seng Industry Classification System) 2026,2011-12-06,14.57,PRC,"Room 701, 7th Floor, Building 7, Phase I, Changsha Zhongdian Software Park Co., Ltd., Changsha, Hunan, PRC",,IFRS Accounting Standards,2023-04-01,2024-03-31,2024-04-01,2025-03-31,2025-04-01,30430584000,2234896000,1883688000,2026-06-23,2026-06-26,46632800,3253208000,25360000,Unqualified (true and fair view),,"Schroder Investment Management (Singapore) Ltd; Schroder Investment Management (Hong Kong) Limited; Aspex Master Fund; Principal Asset Management Company (Asia) Limited; Greenwoods Asset Management Hong Kong Limited; Shanghai Greenwoods Asset Management Co., Ltd.; Guotai Haitong Securities Co., Ltd.; HACF, L.P.; UBS Asset Management (Singapore) Ltd.; Franklin Templeton Sealand Fund Management Co., Ltd.; Jane Street Asia Trading Limited; Taikang Life Insurance Co., Ltd.; WT Asset Management Limited; Value Partners Hong Kong Limited; Value Partners Limited",0.499,2027-01-02,27.57,36424,128547100,Subscription level 27.57 times,,2026-06-30,46632800,4663300,41969500,3443300,0.492257,Claw-back triggered: N/A (no claw-back / no reallocation from the International Offering to the Hong Kong Public Offering),4522700000,0.08,582909162,0.0401,Free float = Offer Shares excluding Shares held by Cornerstone Investors (6-month lock-up) and other locked-up Shares; denominator = total issued Shares upon Listing (before exercise of the Over-allotment Option) = col_CZ,582909162,-0.0637346,34,0.0294381,53885000000,113.973,0.147533,6.8331e+08,98.373,113.973,89.073,10108780,0.216774,987240770,Mechanism B,FINI (from 22/11/2023); 2025-08-04 pricing reform (Mechanism A/B; six-month cornerstone lock-up retained); this IPO: Mechanism B,安克创新科技股份有限公司,Active,106.373,-0.066682,0.071013,0.119405,0.092147,0.8338,0.8546,106723479,,,,,,,,,,,,,,Standard,China International Capital Corporation / Sponsor-OC,2026-08-01,0,0,0.15,2026-08-01,0,0,0.056107,0.110932,0.313173,-0.08774,0.8691,-0.066682,0.8338,,,,,0.00140839,0,0.0486507,0.190835,2027-01-02,2027-07-02,,,,CICC,2,0,0.025,0.01,0.035,4,0,0,6,0,POST_FINI,POST_2025_REFORM,0.439194,0.093121,-0.002747,20.183542,0.100000,1
2026Q3,0,88,2667.HK,"Beijing Tong Ren Tang Healthcare Investment Co., Ltd. - H Shares",2026-06-26,2026-07-07,China International Capital Corporation Hong Kong Securities Limited,Ernst & Young,Jones Lang LaSalle Corporate Appraisal and Advisory Limited,59485250,535359000,5.5,465362049,108153500,357208549,357208549,0,108153500,97338000,10815500,6.21,5.48,-0.059025,0.124893,Within range,RMB,1171185000,1370388000,1378102000,563337000,706574000,729085000,607848000,663814000,649017000,1153126000,1175118000,1171315000,65481000,61375000,48249000,42634000,46197000,33750000,0.025,0.025,0.15,TCM healthcare services,Main Board - Rule 8.05(2) (market capitalisation/revenue/cash flow test),2025-12-31,119905000,287699000,,0,0.043,1,1,1,1,1,1,0,TRT Senior Care Fund; TRT Medical Fund; Tongqing Fund; Tongkang Fund; Mr. Zhu; Ms. Pan,0.1214,1,Pre-IPO Investment (March 2024),2.29,State-owned enterprise (SOE),0.7203,0.7203,355690000,,0.263,Main Board,H Shares,0,0,0,0,282020,HSICS (Hang Seng Industry Classification System) 2026,2015-03-17,11.31,PRC,"5th Floor, Tower A, Yonggui Center, No. 47 Guangqumennei Street, Dongcheng District, Beijing, PRC",1000,HKFRS Accounting Standards,2023-01-01,2023-12-31,2024-01-01,2024-12-31,2025-01-01,1171315000,48249000,33750000,2026-06-26,2026-07-02,218292524,221808000,22297000,Unqualified opinion,69700000,Airport Technology Capital; Aurora SF; CICCFT (in connection with OTC Swaps),0.4977,2027-01-07,251.74,66390,2722693970,Subscription level 251.74 times,2026-07-03,2026-07-06,108153500,10815500,97338000,0,0,"Reallocation N/A; Final no. of Offer Shares under Hong Kong Public Offering 10,815,500 (10.00%)",532400000,0.25,465362049,0.1167,Free float denominator = total issued shares upon listing (col_CZ); numerator = offer shares minus cornerstone allocation,465362049,-0.0888858,38,0.0296113,54001000000,3.35,-0.390909,-232530025,4.76,4.79,3.01,43259960,0.399987,163015600,Mechanism B,FINI (from 22/11/2023); 2025-08-04 pricing reform (Mechanism A/B; six-month cornerstone lock-up retained); this IPO: Mechanism B,北京同仁堂医养投资股份有限公司,Active,3,-0.104478,-0.454545,0.106929,0.081777,0.809,0.8278,12855415,,,,,,,,,,,,,,Standard,China International Capital Corporation / Sponsor-OC,2026-08-06,0,0,0.15,2026-08-06,0,0,0.035316,-0.132007,0.049701,-0.202985,0.7734,-0.104478,0.809,,,,,0.0470332,0,0.0607377,0.54071,2027-01-07,2027-07-07,,,,CICC,2,0,0.025,0.01,0.035,4,0,0,6,0,POST_FINI,POST_2025_REFORM,0.470950,0.024490,-0.003236,19.958326,0.100001,1
2026Q3,0,91,6880.HK,MOMENTA GLOBAL LIMITED - W,2026-06-29,2026-07-08,"China International Capital Corporation Hong Kong Securities Limited /
Deutsche Securities Asia Limited",Deloitte Touche Tohmatsu,,589379104,5304382376,295.6,235538011,19938300,215599711,215599711,0,19938300,17944460,1993840,295.6,295.6,0,0,Fixed price,RMB,4744508000,4543101000,12901113000,-11977557000,-15149172000,-17891206000,16722065000,19692273000,30792319000,742745000,1324688000,2412523000,-2558870000,-3199143000,-3429308000,-2570342000,-3205730000,-3457912000,0.02,0.02,0.15,Autonomous driving (driving automation) solutions — software solutions for mass-produced vehicles and scalable robotaxi services,"Main Board of the Stock Exchange — Rule 8.05(3) market capitalisation/revenue test, with WVR under Chapter 8A (Rule 8A.06(2))",2025-12-31,-281382000,1306776000,1868906000,0,0.626,1,1,1,1,1,1,1,"SAIC (ZJSmart Holdings Limited); General Motors Holdings LLC; Mercedes-Benz AG; Temasek (Anderson Investments Pte. Ltd.); Shunwei Capital (Talented Ventures Limited, Astrend Opportunity III Alpha Limited); EV Ventures L.L.C-FZ; NIO Capital (Nio Momentum LLC, Nio Momentum II LLC, Andante Symphony Limited); YF Momenta Limited (Yunfeng); Blue Lake Capital; Ant Group (Accelerator XVI Ltd., ANTFIN Singapore Holding Pte. Ltd.); Tencent (Image Frame Investment (HK) Limited); E-Town Capital; Toyota Motor Corporation; Granite Asia (GGV Capital VI L.P., GGV Capital VI Entrepreneurs Fund L.P., GGV Capital VI Plus L.P., Granite Asia IX VCC); Aldrich Bay Limited; Sinovation Fund III, L.P.; CT Prime MMT Limited; Grower International Limited; GCBM Holdings Limited; CDH Investments (Cognitive Dynamics Limited, OG Blaze Dynamics Limited); Zhen Partners Fund IV, L.P.",0.8374,1,"Series A financing (agreement dated January 16, 2017)",9.45,Natural persons acting in concert (Mr. Cao and the concert party group of Controlling Shareholders),0.1485,0.5985,29862900000,Commercialized mass-production of L2/L3 Urban NOA solutions for OEMs; early stage of L3/L4 deployment (Robotaxi commercial operations in limited PRC cities),0,Main Board,Class A Ordinary Shares,0,1,0,0,702015,HSICS (Hang Seng Industry Classification System) 2026,2016-09-19,9.8,Cayman Islands,"23/F, Tiancheng Times Business Square, No. 58 Qinglonggang Road, Xiangcheng District, Suzhou, Jiangsu, PRC",1000,IFRS Accounting Standards,2023-01-01,2023-12-31,2024-01-01,2024-12-31,2025-01-01,2412523000,-3429308000,-3457912000,2026-06-29,2026-07-03,235538011,1726767000,91000000,Unqualified — true and fair view,279200000,GIC; Fidelity International; BlackRock; Mercedes-Benz AG; Oaktree; Golden Link; Franklin Templeton; Boyu; Gaoyi Entities; CPIC; GF Fund; ChinaAMC (HK); Suzhou Mosu; GigaDevice,0.4995,2027-01-08,413.63,209045,824712149,Subscription level 413.63 times,,2026-07-07,19938300,1993840,17944460,0,0,"Claw-back triggered N/A; Final number of Offer Shares under Hong Kong Public Offering 1,993,840 (10.00%)",5655900000,0.9727,235538011,0.0424,Free float denominator = total issued shares upon listing (col_CZ); numerator = offer shares minus cornerstone allocation,235538011,-0.093349,40,0.0295929,53981000000,295.6,0,0,301,314.8,293.4,4749164,0.238193,1419911690,Mechanism B,FINI (from 22/11/2023); 2025-08-04 pricing reform (Mechanism A/B; six-month cornerstone lock-up retained); this IPO: Mechanism B,,Active,254.2,-0.140054,-0.140054,0.068326,0.032676,0.8049,0.8327,151145346,,,,,,,,,,,,,,Standard,China International Capital Corporation / Sponsor-OC,2026-08-07,0,0,0.15,2026-08-07,0,0,0.019011,-0.283892,0.223833,0,0.9942,-0.140054,0.8049,,,,,0.00147129,0,0.0520351,0.489835,2027-01-08,2027-07-08,,,,CICC,2,0,0.025,0.01,0.035,4,0,0,6,0,POST_FINI,POST_2025_REFORM,2.386796,-0.268032,0.821201,19.277383,0.100001,1
2026Q3,0,89,7656.HK,"Reconova Technologies Co., Ltd. - H Shares",2026-06-29,2026-07-08,"Huatai Financial Holdings (Hong Kong) Limited /
CCB International Capital Limited /
ABCI Capital Limited",Ernst & Young,,121672884,486691536,21.66,305292905,28087000,277205905,277205905,0,28087000,26682600,1404400,21.66,21.66,0,0,Fixed price,RMB,256817000,418801000,681849000,113598000,121886000,107559000,143219000,296915000,574290000,242375000,395182000,442955000,-32577000,8288000,-68149000,-32577000,8288000,-68149000,0.03,0.03,0,"Enterprise visual AI products (AI / computer vision) - intelligent civil aviation, intelligent commerce and intelligent driving safety",Main Board of the Stock Exchange under Chapter 18C of the Listing Rules (Specialist Technology Company),2025-12-31,-125217000,38136000,71898000,0,0.603,1,1,1,1,1,1,1,Greenland Financial Holdings Group; SWLVC; TSREIC (L.P.); Intel; Hon Universe Aviation Industry Fund; Nantong Jianghai Fund,0.5533,1,Early Investment Equity Transfers,11.47,"Natural persons acting in concert (group of Controlling Shareholders: Mr. Zhan, Mr. Su Xiaosheng, Ms. Chi Chang, Mr. Han Songguang, Ruiyuan Technology Partnership, Shenzhen Ruiyuan Technology Partnership and Ruiyitong Technology Partnership)",0.396,0.396,164262000,"Commercialised (revenue-generating; visual AI products deployed across intelligent civil aviation, intelligent commerce and intelligent driving safety)",0,Main Board,H Shares,0,0,0,1,702015,HSICS (Hang Seng Industry Classification System) 2026,2012-03-05,14.34,PRC,"Floor 4-5, Block F, Nanshan Zhi Gu Industry Park, No. 3185 Sha He West Road, Xi Li Road, Nanshan District, Shenzhen, Guangdong Province, the PRC",1000,IFRS Accounting Standards,2023-01-01,2023-12-31,2024-01-01,2024-12-31,2025-01-01,442955000,-68149000,-68149000,2026-06-29,2026-07-03,273727616,167091000,1400000,Unqualified opinion (true and fair view),79300000,,0,,3646.06,169551,5120526664,"Subscription level 3,646.06 times",,2026-07-07,28087000,5617400,22469600,0,0,"Claw-back triggered Yes; Number of Offer Shares initially available under HK Public Offering 1,404,400; Final number 5,617,400 (after reallocation)",529100000,0.5006,305292905,0.092,Free float denominator = total issued shares upon listing (col_CZ); numerator = offer shares minus cornerstone allocation,305292905,-0.093349,40,0.0295929,53981000000,21,-0.030471,-18537420,18,22.98,15.6,12063516,0.429505,234365800,Mechanism A,FINI (from 22/11/2023); 2025-08-04 pricing reform (Mechanism A/B; six-month cornerstone lock-up retained); this IPO: Mechanism A,厦门瑞为信息技术股份有限公司,Active,30.06,0.431429,0.387812,0.068326,0.032676,1.3399,1.3861,41392410,,,,,,,,,,,,,,18C (Specialist Tech),China International Capital Corporation / Sponsor-OC,2026-08-07,0,0,0.15,2026-08-07,0,0,0.212167,-0.46518,0.296616,0.375238,1.3673,0.431429,1.3399,,,,,0.00537816,0,0.066915,0.561756,2027-01-08,2027-07-08,,,,CICC,2,0,0.025,0.01,0.035,4,0,0,6,0,POST_FINI,POST_2025_REFORM,0.842254,-0.099947,0.120889,19.536782,0.050002,2
2026Q3,0,92,7687.HK,"EACON Group Co., Ltd - H Shares",2026-06-29,2026-07-08,Haitong International Capital Limited,Deloitte Touche Tohmatsu,,229752544,2311403612,87.92,147869769,26132000,121737769,121737769,0,26132000,23518800,2613200,87.92,81.16,0.039981,0.079962,At high,RMB,710300000,1875055000,2992375000,-812452000,259962000,1027886000,1522752000,1615093000,1964489000,270915000,986234000,1435299000,-333667000,-390055000,-515403000,-333667000,-390055000,-515557000,0.024,0.024,0.15,Commercially deploying autonomous driving solutions for mining transportation and production (Closed-Environment Autonomous Mining Trucks Products and Solutions ORCASTRA; Mining Digitalization Solutions Conductor Plus),"Main Board of the Stock Exchange, Rule 8.05(3) market capitalisation/revenue test",2025-12-31,-394406000,245447000,270542000,0,0.663,1,1,1,1,1,1,1,Minxi Xinghang; Shanghai Chentao; Zijin Mining; Eight Roads; NIO Capital; Xihe Investment; Wuxi Xingqi; Zhengzhou Hi-Tech Fund; CATL Capital; CATL; Yankuang Capital; Tonly; Desay SV; Gaocheng Capital; Hony Investment,28.52,1,Series Pre-A,6.05,"Natural persons (Mr. Lan Shuisheng, Mr. Zhang Lei and Ms. Liu Dongmei) and their controlled shareholding platforms",0.3519,0.3519,1369303000,"Commercial deployment at scale — solutions deployed in the field for over six years; 2,580 active autonomous mining trucks as of December 31, 2025",0,Main Board,H Shares,0,0,0,0,702015,HSICS (Hang Seng Industry Classification System) 2026,2018-05-11,8.16,PRC,"8th Floor, Zijin Mining Headquarters Building, No. 1 Sanhuan North Road, Shanghang County, Fujian Province, PRC",1000,HKFRS Accounting Standards,2023-01-01,2023-12-31,2024-01-01,2024-12-31,2025-01-01,1435299000,-515403000,-515557000,2026-06-29,2026-07-03,147869769,145353000,636034000,Unqualified opinion (true and fair view),137600000,ZIJINNING; Aurora SF (in connection with the Arrangement); Fidelity International; JPMAMAPL; Barings; Indus Funds; Jain Global; REGAL; GF Fund; CDH; Seven Grand,0.4979,2027-01-08,157.82,110386,412415224,Subscription level 157.82 times,2026-07-06,2026-07-07,26132000,2613200,23518800,2771050,0.706937,"Claw-back triggered N/A; Final no. of Offer Shares under Hong Kong Public Offering 2,613,200 (10.00%)",2174810000,0.4488,147869769,0.0887,Free float denominator = total issued shares upon listing (col_CZ); numerator = offer shares minus cornerstone allocation,147869769,-0.093349,40,0.0295929,53981000000,96.7,0.099864,229438960,91,101.2,88.05,7337172,0.280773,683083100,Mechanism B,FINI (from 22/11/2023); 2025-08-04 pricing reform (Mechanism A/B; six-month cornerstone lock-up retained); this IPO: Mechanism B,易控智驾科技股份有限公司,Active,83.1,-0.140641,-0.054823,0.068326,0.032676,0.8044,0.8322,58000705,,,,,,,,,,,,,,Standard,China International Capital Corporation / Sponsor-OC,2026-08-07,0,0,0.15,2026-08-07,0,0,-0.07378,-0.1375,0.147396,-0.076008,0.9186,-0.140641,0.8044,,,,,0.00429747,0,0.0418941,0.344862,2027-01-08,2027-07-08,,,,CICC,2,0,0.025,0.01,0.035,4,0,0,6,0,POST_FINI,POST_2025_REFORM,0.656498,-0.172290,0.455333,18.811843,0.100000,2
2026Q3,0,90,9971.HK,"BASiC Semiconductor Co., Ltd. - H Shares",2026-06-29,2026-07-08,"Sinolink Securities (Hong Kong) Company Limited /
BOCI Asia Limited",Ernst & Young,,173195388,692756256,31.62,304289725,27386200,276903525,276903525,0,27386200,26016800,1369400,31.62,27.49,0.06987,0.139739,At high,RMB,901618000,941848000,1014683000,338764000,143242000,13791000,562854000,798606000,1000892000,220586000,299015000,311165000,-342194000,-237102000,-334684000,-342195000,-237102000,-335217000,0.03,0.03,0.15,"SiC power devices (research, development, manufacturing and sales of silicon carbide power modules, discrete devices and gate drivers)",Chapter 18C of the Main Board Listing Rules (Specialist Technology Company - Commercial Company),2025-12-31,-111506000,98676000,109734000,0,0.404,1,1,1,1,1,1,0,Leaguer SIIs; Wingtech Technology; InteBridge Fund LP,0.2221,1,"Angel Investments (March 1, 2017; pre-money valuation RMB35,000,000)",9.33,"Natural person (Dr. Wang Zhihan, founder and chairman)",0.4184,0.3669,588316000,Commercialized (mass production and sales; revenue-generating),0,Main Board,H Shares,0,0,0,1,703010,HSICS (Hang Seng Industry Classification System) 2026,2016-06-07,10.08,PRC,"Shenzhen, PRC",1000,IFRS Accounting Standards,2023-01-01,2023-12-31,2024-01-01,2024-12-31,2025-01-01,311165000,-334684000,-335217000,2026-06-29,2026-07-03,287534442,-33860000,112471000,Unqualified opinion (true and fair view),97000000,,0,,4812.72,207706,6590538768,"Subscription level 4,812.72 times",2026-07-06,2026-07-07,27386200,5477400,21908800,0,0,"Claw-back triggered Yes; No. of Offer Shares reallocated to Public Offer (claw-back) 4,108,000; Final Public Offer 5,477,400 (after reallocation)",766130000,0.3665,304289725,0.09,Free float denominator = total issued shares upon listing (col_CZ); numerator = offer shares minus cornerstone allocation,304289725,-0.093349,40,0.0295929,53981000000,33.22,0.050601,43817920,34.12,37.38,33,11270830,0.411551,394319200,Mechanism A,FINI (from 22/11/2023); 2025-08-04 pricing reform (Mechanism A/B; six-month cornerstone lock-up retained); this IPO: Mechanism A,深圳基本半导体股份有限公司,Active,51.85,0.560807,0.639785,0.068326,0.032676,1.461,1.5114,61961705,,,,,,,,,,,,,,18C (Specialist Tech),China International Capital Corporation / Sponsor-OC,2026-08-07,0,0,0.15,2026-08-07,0,0,0.497332,-0.254386,0.611348,0.270319,1.2629,0.560807,1.461,,,,,0.00229874,0,0.0741911,0.457143,2027-01-08,2027-07-08,,,,CICC,2,0,0.025,0.01,0.035,4,0,0,6,0,POST_FINI,POST_2025_REFORM,0.986409,-0.330366,0.040633,19.533491,0.050003,3
2026Q3,0,94,0537.HK,"RIGOL Technologies Co., Ltd. - H Shares",2026-06-30,2026-07-09,CITIC Securities (Hong Kong) Limited,Deloitte Touche Tohmatsu,,114044194,1026360962,45.98,218676617,24802200,193874417,193874417,0,24802200,22321900,2480300,45.98,,0,0,Fixed price,RMB,3852922000,3584586000,3550966000,3167740000,3160818000,3179584000,685182000,423768000,371382000,775826000,900234000,926256000,76818000,91053000,108724000,92303000,86083000,92600000,0.04,0.04,0,"Electronic test and measurement instruments (design, development, manufacturing and sales)",Main Board - Rule 8.05(3) (market capitalisation/revenue test),2026-03-31,-5271000,300303000,56119000,0,0.306,1,1,1,1,0,1,1,Hillhouse Yaoheng; Yuanhe Chongyuan No.2; Tanying Investment; Jiangsu Zhaoyin; Huiqi Venture; Nanjing Zhaoyin; Qiangang Investment,9.04,0,June 2020 Capital Increase (RMB40.25 per share),6.02,Natural person (individual),0.5414,0.5414,58378000,Commercialized (mass production and sales; revenue-generating),0,Main Board,H Shares,0,0,0,0,101020,HSICS (Hang Seng Industry Classification System) 2026,2009-04-27,17.2,PRC,"No. 8 Keling Road, Suzhou High-Tech Zone, Suzhou, Jiangsu Province, PRC",,IFRS Accounting Standards,2023-04-01,2024-03-31,2024-04-01,2025-03-31,2025-04-01,926256000,108724000,92600000,2026-06-30,2026-07-06,24802200,128551000,1318000,Unmodified opinion (true and fair view),99585000,"HHLR Advisors, Ltd.; CPE Hemlock; Suzhou High-tech Zone; Hua Yuan; Sungrow Power HK; CITIC Prudential Fund; Panglin Group",0.4211,2027-01-09,356.86,92738,885112600,Subscription level 356.86 times,2026-07-07,2026-07-08,24802200,2480300,22321900,0,0,"Claw-back triggered N/A; Number of Offer Shares reallocated from International Offering 0; final HK Public Offering 2,480,300 (10.00%)",1040800000,0.1134,218676617,0.0657,Free float denominator = total issued shares upon listing (col_CZ); numerator = offer shares minus cornerstone allocation,218676617,-0.0856039,41,0.0294839,53981000000,28.8,-0.373641,-426101796,37.36,38,28.74,9404500,0.37918,305640100,Mechanism B,FINI (from 22/11/2023); 2025-08-04 pricing reform (Mechanism A/B; six-month cornerstone lock-up retained); this IPO: Mechanism B,普源精电科技股份有限公司,Active,25.72,-0.106944,-0.440626,0.07847,0.042588,0.8281,0.8566,45386985,,,,,,,,,,,,,,Standard,China International Capital Corporation / Sponsor-OC,2026-08-08,0,0,0.15,2026-08-08,0,0,0.171674,-0.095582,0.205962,-0.061806,0.9135,-0.106944,0.8281,,,,,0.00246893,0,0.0699505,0.462105,2027-01-09,2027-07-09,,,,CICC,2,0,0.025,0.01,0.035,4,0,0,6,0,POST_FINI,POST_2025_REFORM,0.104586,0.026077,0.028906,19.203105,0.100003,1
2026Q3,0,95,1377.HK,"Guangdong Dtech Technology Co., Ltd. - H Shares",2026-06-30,2026-07-09,"CITIC Securities (Hong Kong) Limited /
HSBC Corporate Finance (Hong Kong) Limited",Rongcheng (Hong Kong) CPA Limited,,480016000,4320144000,380,424044934,12632000,411412934,411412934,0,12632000,11368800,1263200,380,,0,0,Fixed price,RMB,3520596000,4538074000,5328243000,2479467000,2648954000,2901986000,1041129000,1889120000,2426257000,1552635000,2084177000,3024268000,257779000,491750000,1207584000,227306000,431641000,1040772000,0.01,0.01,0.15,"Integrated precision manufacturing solutions for the PCB fabrication value chain (precision cutting tools, grinding and polishing materials, functional film materials and intelligent CNC equipment)",Main Board of the Stock Exchange — Chapter 19A of the Listing Rules (PRC issuer with other listed shares),2026-03-31,-47761000,451362000,40645000,0,,1,1,1,1,0,0,0,Dongguan Sci Tech Innovation Boxin Equity Investment Partnership Enterprise (Limited Partnership); Jinshi Kunxiang Equity Investment (Hangzhou) Partnership (Limited Partnership),1.74,0,,,Natural persons (family group acting in concert led by Ms. WANG Xin),0.7751,0.7751,1167459000,Commercialised / mass production stage,0,Main Board,H Shares,1,0,0,0,101020,HSICS (Hang Seng Industry Classification System) 2026,2013-08-08,12.92,PRC,"Room 201, Building 1, No. 39 Zhuyuan Road, Liaoxia, Houjie Town, Dongguan City, Guangdong Province, the PRC",,IFRS,2023-04-01,2024-03-31,2024-04-01,2025-03-31,2025-04-01,3024268000,1207584000,1040772000,2026-06-30,2026-07-06,12632000,375696000,271565000,Unqualified opinion (true and fair view),135400000,"VICTORY GIANT TECHNOLOGY HOLDINGS (HONG KONG) LIMITED; HHLR ADVISORS, LTD.; ASPEX MASTER FUND; KINGBOARD INVESTMENTS LIMITED; CPE INVESTMENT XV LIMITED; CloudAlpha Capital Management Limited; E FUND MANAGEMENT CO., LTD.; E FUND MANAGEMENT (HONG KONG) CO., LTD.; VERITION MULTI-STRATEGY MASTER FUND LTD.; TAIKANG LIFE INSURANCE CO., LTD; ATHOS CAPITAL LIMITED; HEL VED MASTER FUND; MILLENNIUM; IFUND SPC — Vision IX SP; BARING ASSET MANAGEMENT (ASIA) LIMITED; Martis Fund, L.P.; DYNAMIC HOLDING CO., LTD.",0.4145,2027-01-09,354.64,118991,403190216,Subscription level 354.64 times,2026-07-07,2026-07-08,12632000,1263200,11368800,0,0,"Claw-back triggered N/A; 66,000 under-subscribed Overseas Employee Reserved Shares reallocated to HK Public Offering",4664800000,0.0298,424044934,0.0174,Free float denominator = total issued shares upon listing (col_CZ); numerator = offer shares minus cornerstone allocation,424044934,-0.0856039,41,0.0294839,53981000000,372.043,-0.020939,-100512824,328.843,386.843,328.843,1992113,0.157704,727952170,Mechanism B,FINI (from 22/11/2023); 2025-08-04 pricing reform (Mechanism A/B; six-month cornerstone lock-up retained); this IPO: Mechanism B,广东鼎泰高科技术股份有限公司,Active,364.843,-0.019353,-0.039887,0.07847,0.042588,0.9093,0.9406,180900371,,,,,,,,,,,,,,Standard,China International Capital Corporation / Sponsor-OC,2026-08-08,0,0,0.15,2026-08-08,0,0,0.218966,-0.042077,0.184518,0.116653,1.0872,-0.019353,0.9093,,,,,0.000982526,0,0.0570262,0.409732,2027-01-09,2027-07-09,,,,CICC,2,0,0.025,0.01,0.035,4,0,0,6,0,POST_FINI,POST_2025_REFORM,0.455358,0.195331,0.451061,19.865350,0.100000,1
2026Q3,0,93,1770.HK,DKE Holding Company Limited - H Shares,2026-06-29,2026-07-09,CITIC Securities (Hong Kong) Limited,Confucius International CPA Limited,,40255816,362270888,78.64,51185739,5118600,46067139,46067139,0,5118600,4606700,511900,101.11,78.64,-0.125007,0.250014,At low,RMB,1127902000,1307195000,1733740000,739533000,772247000,857810000,388369000,534948000,875930000,1024198000,1151556000,1712981000,57789000,54673000,97095000,50739000,53404000,80228000,0.03,0.03,0.15,"Electronic paper (e-paper) display modules — R&D, production and sales",Chapter 19A of the Listing Rules (PRC issuer — primary listing on the Main Board),2025-12-31,-135512000,143796000,59045000,0,0.908,1,1,1,1,1,1,0,Redbanyan Venture Capital; Fuzhou Zhuiyuan; Huang Tao; Shenzhen Xinrui; Pingyang Kunyi; Chuanqi Optoelectronics; Shanghai Chaoyue Moore; Dalian Peninsula; Jiaxing Honghai; Fuzhou Zijing; Dalian Junhao; Ningbo Gongshang Huifu; Tianjin Junxian; Lishui Shanrong Haina; Zhuhai Hengzhen Tianxing; Beijing Yitang Changhou; Hainan Chaoyue Moore,0.438,1,"April 18, 2008 (Mr. Lv)",18.2,Natural person (Mr. Zhou Aijun) — ultimate controlling shareholder,0.2691,0.2691,424619000,Commercialized — mass production (e-paper display modules; OTFT flexible products),0,Main Board,H Shares,0,0,0,0,101025,HSICS (Hang Seng Industry Classification System) 2026,2005-10-28,20.7,PRC,"No. 1999 Xihan Road, Xitang Town, Jiashan County, Jiaxing, Zhejiang, PRC",1000,IFRS Accounting Standards,2023-01-01,2023-12-31,2024-01-01,2024-12-31,2025-01-01,1712981000,97095000,80228000,2026-06-29,2026-07-03,51185739,280171000,132400000,Unqualified (true and fair view),49500000,,0,,1067.54,126957,546473726,"Subscription level 1,067.54 times",2026-07-06,2026-07-08,5118600,511900,4606700,0,0,"Reallocation N/A; No. of Offer Shares initially available under HK Public Offering 511,900; Final no. 511,900 (10%)",355360000,0.5326,51185739,0.1,Free float denominator = total issued shares upon listing (col_CZ); numerator = offer shares minus cornerstone allocation,51185739,-0.093349,40,0.0295929,53981000000,80,0.017294,6961296,77.15,86.8,77,914450,0.178652,76553800,Mechanism B,FINI (from 22/11/2023); 2025-08-04 pricing reform (Mechanism A/B; six-month cornerstone lock-up retained); this IPO: Mechanism B,浙江东方科脉电子股份有限公司,Active,100.1,0.25125,0.272889,0.07847,0.042588,1.1602,1.2001,12210555,,,,,,,,,,,,,,Standard,China International Capital Corporation / Sponsor-OC,2026-08-08,0,0,0.15,2026-08-08,0,0,0.103171,-0.353578,0.30286,-0.034375,0.9402,0.25125,1.1602,,,,,0.0388923,0,0.0742413,0.476987,2027-01-09,2027-07-09,,,,CICC,2,0,0.025,0.01,0.035,4,0,0,6,0,POST_FINI,POST_2025_REFORM,0.505226,0.046275,0.487536,17.750972,0.100008,1
2026Q3,0,96,2475.HK,"Luxshare Precision Industry Co., Ltd. - H Shares",2026-06-30,2026-07-09,"CITIC Securities (Hong Kong) Limited /
Goldman Sachs (Asia) L.L.C. /
China International Capital Corporation Hong Kong Securities Limited",BDO Limited,,2426617144,22633193072,63.28,7701730624,383472800,7318257824,7318257824,0,383472800,345125500,38347300,63.28,,0,0,Fixed price,RMB,223827586000,306537675000,325616587000,84687125000,104020233000,108978157000,139140461000,202517442000,216638430000,268794738000,332344443000,335553968000,16108739000,19549858000,17163816000,14579044000,18170237000,15870540000,0.003,0.003,0.15,Precision intelligent manufacturing solutions (PIMS),Main Board of the Stock Exchange — H Shares of a PRC issuer (Chapter 19A),2026-03-31,-7068301000,67320137000,3021085000,0,0.65,1,0,0,0,0,0,0,,0,0,,,Natural person (co-founders under joint control),0.3573,0.3573,102113321000,Mass production and commercialization,0.1,Main Board,H Shares,0,0,0,0,701010,HSICS (Hang Seng Industry Classification System) 2026,2004-05-24,22.12,PRC,"No. 313 North Ring Road, Qingxi Town, Dongguan City, Guangdong Province, PRC",,IFRS Accounting Standards,2023-04-01,2024-03-31,2024-04-01,2025-03-31,2025-04-01,335553968000,17163816000,15870540000,2026-06-30,2026-07-06,383472800,9558528000,5538975000,Unqualified opinion (true and fair view),227100000,Temasek; Taibai; True Light; HHLRA; HHLRA (SMA managed for CPP Investments); GIC; CPE Neem; HK Greenwoods; Foresight Funds; ADIA; UBS AM Singapore; Oaktree; Eastspring; Eastspring SG; Eastspring HK; First Sentier Investors; First Sentier Investors HK; First Sentier Investors SG; GF Fund; GF Fund Management; GF Fund HK; China Universal (HK); Bosera International; Fidelity International; Value Partners; VPHKL; VPL; Taikang Life,0.4844,2027-01-09,3.78,47308,144952794,Subscription level 3.78 times,2026-07-07,2026-07-08,383472800,38347300,345125500,12541900,0.218041,"Claw-back triggered N/A; Final no. of Offer Shares under Hong Kong Public Offering 38,347,300 (10.00%)",24039100000,0.0498,7701730624,0.0257,Free float denominator = total issued shares upon listing (col_CZ); numerator = offer shares minus cornerstone allocation,7701730624,-0.0856039,41,0.0294839,53981000000,62.173,-0.017494,-4.24504e+08,63.123,63.123,57.073,71068706,0.185329,4342424750,Mechanism B,FINI (from 22/11/2023); 2025-08-04 pricing reform (Mechanism A/B; six-month cornerstone lock-up retained); this IPO: Mechanism B,立讯精密工业股份有限公司,Active,58.423,-0.060316,-0.076754,0.07847,0.042588,0.8713,0.9013,5.67165e+08,,,,,,,,,,,,,,Standard,China International Capital Corporation / Sponsor-OC,2026-08-08,0,0,0.15,2026-08-08,0,0,0.163684,-0.011295,0.429572,0.011259,0.9846,-0.060316,0.8713,,,,,0.000149649,0,0.0399226,0.184742,2027-01-09,2027-07-09,,,,CICC,2,0,0.025,0.01,0.035,4,0,0,6,0,POST_FINI,POST_2025_REFORM,0.665318,0.048740,0.009657,22.764711,0.100000,1
2026Q3,0,99,2797.HK,"Jiangxi Qiyunshan Food Co., Ltd. - H Shares",2026-06-30,2026-07-09,Zhongtai International Capital Limited,Ernst & Young,King Kee Appraisal and Advisory Limited,20000000,180000000,8,100000000,25000000,75000000,75000000,0,25000000,22500000,2500000,8,5,0.230769,0.461538,At high,RMB,245934000,310209000,301373000,178243000,220084000,249667000,67691000,90125000,51706000,246718000,339132000,313696000,27173000,61446000,56439000,23705000,53199000,48925000,0.03,0.03,0.15,Fruit snacks (hog plum food products),Main Board of the Stock Exchange,2025-12-31,1841000,115009000,11433000,0,0.337,1,0,0,0,0,0,0,Yunzhishang LP,0,0,Pre-IPO Investment (22 April 2022),4.19,Natural person (Core Management Shareholders acting in concert),0.75,0.75,0,,0,Main Board,Ordinary Shares (H Shares and Unlisted Shares),0,0,0,0,251010,HSICS (Hang Seng Industry Classification System) 2026,1995-09-28,30.78,PRC,"Suite 2703, 27/F, Shui On Centre, 6-8 Harbour Road, Wanchai, Hong Kong",1000,IFRS Accounting Standards,2023-01-01,2023-12-31,2024-01-01,2024-12-31,2025-01-01,313696000,56439000,48925000,2026-06-30,2026-07-06,25000000,160992000,8335000,Unqualified — true and fair view,33000000,,0,,1688.1,95307,4220250000,"Subscription level 1,688.1 times",2026-07-07,2026-07-08,25000000,2500000,22500000,0,0,"Reallocation No; Final no. of Offer Shares under Hong Kong Public Offering 2,500,000 (10.00%)",167000000,0.25,100000000,0.25,Free float denominator = total issued shares upon listing (col_CZ); numerator = offer shares minus cornerstone allocation,100000000,-0.0856039,41,0.0294839,53981000000,21,1.625,325000000,16,26,16,10084200,0.403368,172377000,Mechanism B,FINI (from 22/11/2023); 2025-08-04 pricing reform (Mechanism A/B; six-month cornerstone lock-up retained); this IPO: Mechanism B,江西齐云山食品股份有限公司,Active,69.15,2.29286,7.64375,0.07847,0.042588,3.0533,3.1583,28358345,,,,,,,,,,,,,,Standard,China International Capital Corporation / Sponsor-OC,2026-08-08,0,0,0.15,2026-08-08,0,0,0.674884,-0.04359,0.297649,0.022857,0.9959,2.29286,3.0533,,,,,0.0122359,0,0.31793,0.515385,2027-01-09,2027-07-09,,,,CICC,2,0,0.025,0.01,0.035,4,0,0,6,0,POST_FINI,POST_2025_REFORM,0.171568,0.162340,-0.075003,18.420681,0.100000,2
2026Q3,0,97,3752.HK,Rokae (Shandong) Robotics Group Inc. - H Shares,2026-06-30,2026-07-09,"China International Capital Corporation Hong Kong Securities Limited /
Guotai Junan Capital Limited",Deloitte Touche Tohmatsu,,87521600,918969200,38,261726190,23031900,238694290,238694290,0,23031900,20728700,2303200,38,38,0,0,Fixed price,RMB,994448000,963996000,1253487000,-751492000,-923635000,-1157890000,1745940000,1887631000,2411377000,267025000,325257000,521747000,-157464000,-191756000,-179312000,-157464000,-191756000,-179312000,0.02,0.02,0.15,"Robotic products (industrial robots, flexible collaborative robots, embodied intelligent robots) and related robotic solutions",Main Board – Rule 8.05(3) market capitalisation/revenue test (H Share issuer under Chapter 19A),2025-12-31,-77520000,14801000,65508000,0,0.215,1,1,1,1,1,1,1,Tibet Meiling; Hubei Meihua; Fenglong Xinglian; Qingkong Yinxing; Zhongxin Botong; Jinsha River III; Golden Growth III (Shunwei); XH Fund; Suxiang Fund; SCGC; Beijing Yitang; Yuanyi Yongxuan; Tianjin Qihui; South Hope; Zoucheng New Energy; National Manufacturing Transform and Upgrade Fund; Shandong Zhengfang; TR Victory; Pinghu Jinluo; Zoulu Fund; Huida Luxin; Jiaxing Yuanshi; Tianqi Zefeng; Quanzhou Shanyue; Yankuang Capital; Yixing ESP; Ms. Tian Zheng; Ms. Jiao Shaoling; Mr. Zhang Yong,0.6406,0,"Angel Investment (May 2015, Tibet Meiling)",11.14,Individual (founder Mr. Tuo Hua),0.1227,0.3537,2070577000,Commercialized (mass production and sales; revenue-generating),0,Main Board,H Shares,0,0,0,0,701030,HSICS (Hang Seng Industry Classification System) 2026,2014-12-15,11.56,PRC,"No. 888 Huarun Road, Central Electromechanical Industrial Park, Zhongxindian Town, Zoucheng City, Jining City, Shandong Province, PRC",1000,HKFRS Accounting Standards,2023-01-01,2023-12-31,2024-01-01,2024-12-31,2025-01-01,521747000,-179312000,-179312000,2026-06-30,2026-07-06,249791480,114168000,20076000,Unqualified opinion (true and fair view),64700000,GF Fund; Huatai Capital; Financial Street Capital; Yishao Capital; All View Fund,0.314,2027-01-09,156.58,63360,360635056,Subscription level 156.58 times,,2026-07-08,23031900,2303200,20728700,3454700,1,"Reallocation N/A; Final no. of Offer Shares under Hong Kong Public Offering 2,303,200 (10.00%)",810500000,0.1508,261726190,0.0604,Free float denominator = total issued shares upon listing (col_CZ); numerator = offer shares minus cornerstone allocation,261726190,-0.0856039,41,0.0294839,53981000000,43.78,0.152105,133124382,38.02,44.56,38.02,4070540,0.176735,161520500,Mechanism B,FINI (from 22/11/2023); 2025-08-04 pricing reform (Mechanism A/B; six-month cornerstone lock-up retained); this IPO: Mechanism B,珞石(山东)机器人集团股份有限公司,Active,69.3,0.582915,0.823684,0.07847,0.042588,1.4677,1.5183,31756015,,,,,,,,,,,,,,Standard,China International Capital Corporation / Sponsor-OC,2026-08-08,0,0,0.15,2026-08-08,0,0,0.154553,-0.22,0.539908,0.114664,1.0853,0.582915,1.4677,,,,,0.005282,0,0.0697989,0.369211,2027-01-09,2027-07-09,,,,CICC,2,0,0.025,0.01,0.035,4,0,0,6,0,POST_FINI,POST_2025_REFORM,1.923735,-0.143051,0.604107,19.382809,0.100000,1
2026Q3,0,98,6951.HK,"Chaozhou Three-Circle (Group) Co., Ltd. - H Shares",2026-06-30,2026-07-09,"China Galaxy International Securities (Hong Kong) Co., Limited",SHINEWING (HK) CPA Limited,,715790950,7330395410,100.3,1987861671,71364300,1916497371,1916497371,0,71364300,64227800,7136500,100.3,,0,0,Fixed price,RMB,23915804000,26506089000,27033473000,19871768000,21663042000,22400977000,4044036000,4843047000,4632496000,7266133000,8868527000,10605356000,2518943000,3008176000,3630968000,2190233000,2616980000,3163220000,0.008,0.008,0.15,Electronic ceramic materials and components,Main Board,2026-03-31,156685000,3564395000,155810000,0,0.152,1,0,0,0,0,0,0,,0,0,,,Individual (natural person),0.3516,0.3516,812367000,Commercialized (large-scale mass production),0,Main Board,H Shares,0,0,0,0,101025,HSICS (Hang Seng Industry Classification System) 2026,1992-12-10,33.58,PRC,"Sanhuan Industrial District, Fengtang, Chaozhou, Guangdong Province, PRC",,IFRS Accounting Standards,2023-04-01,2024-03-31,2024-04-01,2025-03-31,2025-04-01,10605356000,3630968000,3163220000,2026-06-30,2026-07-06,71364300,1095552000,187760000,Unqualified opinion,111900000,Temasek; JPMAMAPL; CPE River; Ninety One Asia; Alibaba Investment; Huang River; GSAM; Manulife; Taikang Life; China Universal Investors; Bosera International; ICBC Wealth; IvyRock; GBAHIL; Metazone; Verition Fund; GMF and IRMF,0.4981,2027-01-09,327.49,174984,2337131310,Subscription level 327.49 times,2026-07-07,2026-07-08,71364300,7136500,64227800,8856900,0.827388,"Claw-back triggered N/A; Final no. of Offer Shares under Hong Kong Public Offering 7,136,500 (10.00%)",7045900000,0.036,1987861671,0.018,Free float denominator = total issued shares upon listing (col_CZ); numerator = offer shares minus cornerstone allocation,1987861671,-0.0856039,41,0.0294839,53981000000,105,0.046859,335412210,100.3,109,100.3,17821155,0.249721,1809992600,Mechanism B,FINI (from 22/11/2023); 2025-08-04 pricing reform (Mechanism A/B; six-month cornerstone lock-up retained); this IPO: Mechanism B,潮州三环（集团）股份有限公司,Active,111,0.057143,0.10668,0.07847,0.042588,0.9802,1.014,317195185,,,,,,,,,,,,,,Standard,China International Capital Corporation / Sponsor-OC,2026-08-08,0,0,0.15,2026-08-08,0,0,0.295431,0.129785,0.590776,-0.017143,0.9569,0.057143,0.9802,,,,,0.000264649,0,0.0542586,0.274959,2027-01-09,2027-07-09,,,,CICC,2,0,0.025,0.01,0.035,4,0,0,6,0,POST_FINI,POST_2025_REFORM,0.171361,0.117011,0.195842,21.410325,0.100001,2
2026Q3,0,100,2249.HK,NEXCHIP SEMICONDUCTOR (CHINA) LIMITED - H Shares,2026-06-30,2026-07-10,China International Capital Corporation Hong Kong Securities Limited,Rongcheng (Hong Kong) CPA Limited,,698219410,6635621560,32.3,2223758697,216167000,2007591697,2007591697,0,216167000,194550300,21616700,32.3,30,0.036918,0.073836,At high,RMB,50398582000,53297969000,54705900000,26088968000,28087689000,29759200000,24309614000,25210280000,24946700000,9119580000,10388302000,11224520000,482460000,466694000,114288000,482197000,466498000,114064000,0.017,0.017,0.15,"Semiconductor wafer foundry (12-inch IC wafer fabrication services for DDIC, CIS, PMIC, Logic IC and MCU)",Main Board of the Stock Exchange,2026-03-31,963808000,2874143000,302589000,57252000,0.579,1,1,1,1,1,1,0,Hefei Xinping; PIHC; Huaqin Technology; Hefei Qinhe,35.44,1,Multiple capital increases completed by September 2020,,State-owned enterprise controlled by Hefei Municipal SASAC,0.3864,0.3864,19492700,Commercialized - mass production across 150nm to 40nm technology nodes,0,Main Board,H Shares,0,0,0,0,703010,HSICS (Hang Seng Industry Classification System) 2026,2015-05-19,11.14,PRC,"No. 88 Xifeihe Road, Hefei Comprehensive Bonded Zone, Xinzhan District, Hefei, Anhui Province, PRC",,IFRS Accounting Standards,2023-04-01,2024-03-31,2024-04-01,2025-03-31,2025-04-01,11224520000,114288000,114064000,2026-06-30,2026-07-07,216167000,573538000,1426645000,Unmodified opinion (true and fair view),172200000,Chipone; Puxin Technology; Smartsens (HK); Chery Automobile HongKong; Goertek (HongKong); Taikang Life; GF Fund; Shanghai Gaoyi and CICC Financial Trading Limited; Perseverance Asset Management; China Universal (HK); NGS Super; HHLRA; WT Asset Management; IvyRock; Verition; Pinpoint; Da Cheng International; ICBC Wealth; PSBC Wealth; HGI,0.4992,2027-01-10,344.26,195505,7441765142,Subscription level 344.26 times,2026-07-08,2026-07-09,216167000,21616700,194550300,10886900,0.335756,"Claw-back triggered N/A; Final no. of Offer Shares under Hong Kong Public Offering 21,616,700 (10.00%)",6778730000,0.1,2223758697,0.0487,Free float denominator = total issued shares upon listing (col_CZ); numerator = offer shares minus cornerstone allocation,2223758697,-0.0856039,41,0.0294839,53981000000,32.3,0,0,36,36.8,31.8,64673431,0.299183,2211002800,Mechanism B,FINI (from 22/11/2023); 2025-08-04 pricing reform (Mechanism A/B; six-month cornerstone lock-up retained); this IPO: Mechanism B,合肥晶合集成电路股份有限公司,Active,31.8,-0.01548,-0.01548,0.056056,0.020993,0.9323,0.9643,276967450,,,,,,,,,,,,,,Standard,China International Capital Corporation / Sponsor-OC,2026-08-09,0,0,0.15,2026-08-09,0,0,0.298655,-0.147551,0.208291,-0.042724,0.9254,-0.01548,0.9323,,,,,0.000948429,0,0.0429668,0.297297,2027-01-10,2027-07-10,,,,CICC,2,0,0.025,0.01,0.035,4,0,0,6,0,POST_FINI,POST_2025_REFORM,0.456015,0.002085,0.080496,21.522465,0.100000,1
2026Q3,0,101,6745.HK,"Befar Group Co., Ltd - H Shares",2026-06-30,2026-07-10,"Huatai Financial Holdings (Hong Kong) Limited /
CCB International Capital Limited",KPMG,,122541240,1102857240,3.48,2408962276,352126000,2056836276,2056836276,0,352126000,316913000,35213000,3.59,3.05,0.048193,0.162651,Within range,RMB,22956459000,24259291000,24397323000,11382714000,12152769000,12329303000,11573745000,12106522000,12068020000,10228062000,14836442000,15690168000,121427000,355662000,999444000,217255000,235492000,691232000,0.016,0.016,0,"Chemical industry — manufacturing and sale of chlor-alkali chemicals, C3-C4 chemicals and wet electronic chemicals",Main Board — Chapter 19A of the Listing Rules (PRC issuer with other listed shares); market capitalisation/revenue test under Rule 8.05(3),2026-03-31,191310000,1497412000,12599000,0,0.213,1,0,0,0,0,0,0,,0,0,,,No controlling shareholder (no actual controller); Single Largest Shareholder Group led by Binzhou Heyi,0.0962,0.0962,9439927000,Commercialized (mass production and sale of chemical products),0,Main Board,H Shares,1,0,0,0,053040,HSICS (Hang Seng Industry Classification System) 2026,1998-05-21,28.14,PRC,"Binzhou City, Shandong Province, the PRC",,IFRS Accounting Standards,2023-04-01,2024-03-31,2024-04-01,2025-03-31,2025-04-01,15690168000,999444000,691232000,2026-06-30,2026-07-07,352126000,506781000,110459000,Unqualified (true and fair view),66700000,Beijing Yian; HTCI; Luhua Daosheng; Aurora SF; China Hongqiao; Hyperion Venture; Tianto; Safewell,0.3188,2027-01-10,227.58,88855,8013774540,Subscription level 227.58 times,2026-07-08,2026-07-09,352126000,35213000,316913000,0,0,"Claw-back triggered N/A; Final no. of Offer Shares under Hong Kong Public Offering 35,213,000 (10.00%)",1160370000,0.15,2408962276,0.0996,Free float denominator = total issued shares upon listing (col_CZ); numerator = offer shares minus cornerstone allocation,2408962276,-0.0856039,41,0.0294839,53981000000,2.83,-0.186782,-228881900,2.74,3.15,2.64,72959000,0.207196,211467400,Mechanism B,FINI (from 22/11/2023); 2025-08-04 pricing reform (Mechanism A/B; six-month cornerstone lock-up retained); this IPO: Mechanism B,滨化集团股份有限公司,Active,3.46,0.222615,-0.005747,0.056056,0.020993,1.1577,1.1975,119182040,,,,,,,,,,,,,,Standard,China International Capital Corporation / Sponsor-OC,2026-08-09,0,0,0.15,2026-08-09,0,0,0.007962,-0.094955,0.176566,0.074205,1.0384,0.222615,1.1577,,,,,0.00122977,0,0.0515635,0.312649,2027-01-10,2027-07-10,,,,CICC,2,0,0.025,0.01,0.035,4,0,0,6,0,POST_FINI,POST_2025_REFORM,0.494645,0.028332,0.057543,21.602462,0.100001,2
2026Q3,0,102,3308.HK,"ZHONGJI INNOLIGHT CO., LTD. - H Shares",2026-07-22,2026-07-30,"Goldman Sachs (Asia) L.L.C. /
China International Capital Corporation Hong Kong Securities Limited /
Morgan Stanley Asia Limited /
GF Capital (Hong Kong) Limited",PricewaterhouseCoopers,,5341000000,56080500000,980,1169734641,54500000,1115234641,1115234641,0,54500000,49050000,5450000,1010,,0,0,Fixed price,RMB,28866275000,45288971000,56648234000,20292841000,31621199000,38114901000,8573434000,13667772000,18533333000,23862160000,38239936000,77985592000,6052438000,13599624000,30143208000,5371776000,11579754000,25267168000,0.004,0.004,0.15,Optical interconnect solutions and optical transceivers for cloud and AI infrastructure,Chapter 19A of the Listing Rules (PRC issuer with other listed shares),2026-03-31,3354934000,12176254000,644689000,1834000,0.819,1,0,0,0,0,0,0,,0,0,,,Individual,0.1634,0.1634,2540915000,Commercialized,0,Main Board,H Shares,1,0,0,0,701015,HSICS (Hang Seng Industry Classification System) 2026,2005-06-27,21.09,PRC,"168 Shengpu Road, Suzhou Industrial Park, Suzhou City, Jiangsu Province, PRC",,IFRS,2023-04-01,2024-03-31,2024-04-01,2025-03-31,2025-04-01,77985592000,30143208000,25267168000,2026-07-22,2026-07-27,54500000,8879994000,1929199000,Unqualified,532100000,"Temasek, Taibai, True Light, HHLRA, JPM AM, BlackRock, YF Capital, Aspex, ADIA, Wellington, Perseverance Asset Management, Indus Funds, Mirae Investors, NGS Super Fund, Bain Capital, CPE, Boyu Capital, IDG Capital, Ninety One Asia, WT Asset Management, CloudAlpha Capital, Tairen, Hao Funds, Janchor Funds, Alibaba, Tencent, CPP Investments",0.5,2027-01-30,16.84,62731,91799450,Subscription level 16.84 times,2026-07-28,2026-07-29,54500000,5450000,49050000,8175000,1,Claw-back triggered N/A,52891000000,0.0466,1169734641,0.0233,Free float denominator = total issued shares upon listing (col_CZ); numerator = offer shares minus cornerstone allocation,1169734641,0.0573771,56,0.0271548,54056000000,958.612,-0.021824,-1165646000,969.612,971.612,878.612,12212277,0.224078,11486621440,Mechanism B,FINI (from 22/11/2023); 2025-08-04 pricing reform (Mechanism A/B; six-month cornerstone lock-up retained); this IPO: Mechanism B,中際旭創股份有限公司,Active,1013.61,0.057375,0.034298,-0.007963,-0.036975,1.0659,1.098,2.91025e+09,,,,,,,,,,,,,,Standard,China International Capital Corporation / Sponsor-OC,2026-08-29,0,0,0.15,2026-08-29,0,0,0.191547,0.139535,0.746421,0.162735,1.1602,0.057375,1.0659,,,,,1.80714e-05,0,0.0597943,0.24514,2027-01-30,2027-07-30,,,,CICC,2,0,0.025,0.01,0.035,4,0,0,6,0,POST_FINI,POST_2025_REFORM,0.327165,0.446036,1.039376,20.880043,0.100000,1
2026Q3,0,103,2261.HK,"NASN Intelligent Tech (Zhejiang) Co., Ltd. - H Shares",2026-07-30,2026-08-07,"Haitong International Capital Limited /
BOCI Asia Limited",Ernst & Young,,60013990,540120700,10.42,594984292,57594500,537389792,537389792,0,57594500,51835000,5759500,11.18,10.42,-0.035185,0.07037,At low,RMB,1078257000,1218745000,1140805000,-906890000,-1063551000,-1113516000,1985147000,2282296000,2254321000,390737000,614506000,603264000,-169521000,-189524000,-219528000,-169521000,-189524000,-219528000,0.03,0.03,0.15,"Development of intelligent driving motion control technologies, currently delivering mission-critical brake-by-wire solutions",Rule 8.05(3) of the Listing Rules (Market Capitalization/Revenue Test),2026-03-31,-19078000,203526000,23616000,0,0.969,1,1,1,1,1,1,1,BOC Capital; FIIF II; Qiming Rongke; QM103; Hangzhou Chuangqian; Suzhou Sushang; Ningbo Wending; Hillhouse (VNTR; MAUT); Suzhou Maison; Chongqing Kexing; Dongguan Qinhe; Qigao Zhihe,0.6289,1,Series Angel-1 Investments,9.71,Individual natural person(s) (Single Largest Group of Shareholders: Mr. Tao and Ms. Liu),0.2039,0.2039,1950499000,Commercialized (mass production and commercial sales; revenue-generating),0,Main Board,H Shares,0,0,0,0,231020,HSICS (Hang Seng Industry Classification System) 2026,2016-03-29,10.36,PRC,"1−2 Floor, Building 9, No. 1888 Xinjinqiao Road, China (Shanghai) Pilot Free Trade Zone, Shanghai, PRC",,International Financial Reporting Standards (IFRS),2023-04-01,2024-03-31,2024-04-01,2025-03-31,2025-04-01,603264000,-219528000,-219528000,2026-07-30,2026-08-04,594984292,15261000,22797000,Unqualified (true and fair view),67800000,,0,,2513.54,161125,14476731200,"Subscription level 2,513.54 times",,2026-08-06,57594500,5759500,51835000,0,0,"No reallocation; No. of Offer Shares initially available under HK Public Offering 5,759,500; Final no. of Offer Shares under HK Public Offering 5,759,500 (10%)",533200000,0.6927,594984292,0.0968,Free float = Offer Shares excluding locked-up shares; denominator = total issued shares upon Listing (col_CZ),594984292,0.127918,52,0.0269268,54108000000,17.1,0.641075,384731260,16.9,19.8,16.6,13436660,0.233298,230852900,Mechanism B,FINI (from 22/11/2023); 2025-08-04 pricing reform (Mechanism A/B; six-month cornerstone lock-up retained); this IPO: Mechanism B,拿森智能科技（浙江）股份有限公司,Active,14.8,-0.134503,0.420345,-0.017715,-0.080236,0.8811,0.941,19180365,,,,,,,,,,,,,,Standard,China International Capital Corporation / Sponsor-OC,2026-09-06,0,0,0.15,2026-09-06,0,0,0.134893,0.22085,0.398148,-0.064327,0.9457,-0.134503,0.8811,,,,,0.00444539,0,0.112686,0.289655,2027-02-07,2027-08-07,,,,CICC,2,0,0.025,0.01,0.035,4,0,0,6,0,POST_FINI,POST_2025_REFORM,1.976079,-0.192433,-0.018294,20.204046,0.100001,2
2026Q3,0,104,3223.HK,"Ingenic Semiconductor Co., Ltd. - H Shares",2026-08-17,2026-08-25,Guotai Junan Capital Limited,SHINEWING (HK) CPA Limited,,312880000,2815850000,100,514951667,31287300,483664367,483664367,0,31287300,28158500,3128800,102.8,,0,0,Fixed price,RMB,12742026000,12926944000,13826735000,11829523000,12082913000,12756403000,912503000,844031000,1070332000,4530926000,4212626000,6239068000,545204000,409965000,1454048000,515724000,364198000,1281392000,0.006,0.006,0.15,"IC provider with a product portfolio spanning across memory, computing, and analog ICs",Chapter 19A of the Listing Rules (PRC issuer with other listed shares),2026-03-31,216689000,3411739000,171903000,5401000,0.503,1,1,1,0,0,0,0,"Infotech Venture Capital Co., Ltd. (盈富泰克創業投資有限公司)",0,0,Capital increase / equity transfer (2005-2009),16.65,Individual,0.1134,0.1134,14774000,Commercialized,0,Main Board,H Shares,1,0,0,0,703010,HSICS (Hang Seng Industry Classification System) 2026,2005-07-15,21.11,PRC,"A101-A113, 1/F, Building 14, East Block, 10 Xibeiwang East Road, Haidian District, Beijing, PRC",,IFRS,2023-04-01,2024-03-31,2024-04-01,2025-03-31,2025-04-01,6239068000,1454048000,1281392000,2026-08-17,2026-08-20,31287300,664071000,27492000,Unqualified,75100000,"Emerald Prime, GF Fund, Perseverance Asset Management, Shanghai Gaoyi and HTCI, Huaqin Singapore, ICBC Wealth, Arrow Target, China Universal (HK), CloudAlpha Capital, Heading Pioneer 10 Fund LPF, Dream’ee HK Fund",0.4805,2027-02-25,927.37,141851,2901565000,Subscription level 927.37 times,,2026-08-24,31287300,3128800,28158500,0,0,Claw-back triggered: N/A,3054600000,0.0608,514951667,0.0316,Free float denominator = total issued shares upon listing (col_CZ); numerator = offer shares minus cornerstone allocation,514951667,0.0225798,48,0.0255476,54069000000,100,0,0,100,100.4,97.1,5822270,0.186091,581758800,Mechanism B,FINI (from 22/11/2023); 2025-08-04 pricing reform (Mechanism A/B; six-month cornerstone lock-up retained); this IPO: Mechanism B,北京君正集成電路股份有限公司,Active,104.6,0.046,0.046,-0.01836,-0.036014,1.0656,1.0851,78853685,,,,,,,,,,,,,,Standard,China International Capital Corporation / Sponsor-OC,2026-09-24,0,0,0.15,2026-09-24,0,0,0.026943,-0.001008,0.10132,0.015,1.0128,0.046,1.0656,,,,,0.000858542,0,0.0280918,0.087477,2027-02-25,2027-08-25,,,,CICC,2,0,0.025,0.01,0.035,4,0,0,6,0,POST_FINI,POST_2025_REFORM,0.077410,0.092675,0.481040,20.059584,0.100002,3
2026Q3,0,106,0625.HK,SHEIN Global Holdings Limited - W,2026-08-24,2026-09-01,"Goldman Sachs (Asia) L.L.C. /
Morgan Stanley Asia Limited /
J.P. Morgan Securities (Far East) Limited",Deloitte Touche Tohmatsu,,1359646008,12236789792,48.56,4246202609,279992500,3966210109,3966210109,0,279992500,251993200,27999300,49.5,47.6,0.000206,0.039135,Within range,USD,17321000000,20033000000,20609000000,-9097000000,-6897000000,-6958000000,26418000000,26930000000,27567000000,38748000000,41847000000,36208000000,3769000000,2514000000,-80000000,3365000000,2064000000,-396000000,0.015,0.015,0.15,Global online retail platform offering fashion and lifestyle products,Main Board of the Stock Exchange (Chapter 8A - Weighted Voting Rights structure),2026-03-31,392000000,4313000000,218000000,0,0.01,1,1,1,1,1,0,1,"Sequoia Capital, IDG Capital, Boyu, Tiger Global, General Atlantic, Greenwoods, Tencent",0.404,0,Series A,11.52,Natural person (founder Mr. Yangtian Xu),0.303,0.499,891000000,Commercialized (large-scale commercial operations and platform deployment; global online retail operations serving 273 million active customers),0,Main Board,Class B Shares,0,1,0,0,237060,HSICS (Hang Seng Industry Classification System) 2026,2014-05-12,12.31,Cayman Islands,"Building 5, Sihai City, Wan Hui 2nd Road, Panyu District, Guangzhou, China",1000000,IFRS,2023-04-01,2024-03-31,2024-04-01,2025-03-31,2025-04-01,36208000000,-80000000,-396000000,2026-08-24,2026-08-27,4246202609,6373000000,60000000,Unqualified,470600000,"Boyu, Tiger Global, General Atlantic, Tencent, Greenwoods, Taikang Life, UBS AM Singapore",0.221,2027-03-01,5.63,35751,157684200,Subscription level 5.63 times,,2026-08-31,279992500,27999300,251993200,,0,Claw-back triggered: N/A (no reallocation from the International Offering to the Hong Kong Public Offering),13214100000,0.6062,4246202609,0.0514,Free float denominator = total issued shares upon listing (col_CZ); numerator = offer shares minus cornerstone allocation,4246202609,0.0419108,45,0.0268577,53968000000,48.5,-0.001236,-16799550,48.56,48.56,43.72,48014883,0.171486,2230255430,Mechanism B,FINI (from 22/11/2023); 2025-08-04 pricing reform (Mechanism A/B; six-month cornerstone lock-up retained); this IPO: Mechanism B,希音国际控股有限公司,Active,,,,,,,,,,,,,,,,,,,,,,Standard,China International Capital Corporation / Sponsor-OC,2026-10-01,0,0,0.15,2026-10-01,0,0,,,,-0.188866,0.8085,,,,,,,0.000335316,0,0.0441323,0.277183,2027-03-01,2027-09-01,,,,CICC,2,0,0.025,0.01,0.035,4,0,0,6,0,POST_FINI,POST_2025_REFORM,1.337619,-0.019215,-0.134753,22.169291,0.100000,1
2026Q3,0,105,9615.HK,"Mech-Mind Robotics Technologies Co., Ltd. - H Shares",2026-08-24,2026-09-01,"China Securities (International)
Corporate Finance Company Limited /
CITIC Securities (Hong Kong) Limited",KPMG,,470680821,1882717182,101.7,125011050,23140590,101870460,101870460,0,23140590,21983550,1157040,101.7,95.3,0.032487,0.064975,At high,RMB,550559000,757381000,694035000,-2147237000,-2492191000,-2544846000,2697796000,3249572000,3238881000,268765000,388771000,427660000,-283332000,-358565000,-225504000,-283332000,-360168000,-227308000,0.025,0.025,0.15,"Integrated hardware-software solutions consisting of vision and intelligence components of robots (intelligent robotic guidance, intelligent inspection and measurement)",Chapter 18C,2026-03-31,-52883000,345911000,38462000,0,0.35,1,1,1,1,1,1,1,Hanchen; Qiming Rongke; Qingdao Jianrui; Qingdao Blue Bay; Gongqingcheng Shangqi; Tibet Delian; Intel Asia Pacific; Suzhou Yuanming; Beijing Kuxun Technology; Zhuhai Jinguang; Coatue; Gliff Investment; Dawo Xingguo; Dawo Tongde; Zibo Jiacheng; Qingdao Gaozhi; Mingzhe Huihua; Xiong'an Fund; Shanghai Nanxiang; Hebei Structural; Nanjing Lvyong; Broad-Ocean Motor; CICC Porsche; Jiaxing Shanghe; Tianjin Yongtai; Tianjin Tianchuang,0.7654,1,Series Angel,9.95,"Individual natural persons acting in concert (Mr. Shao, Mr. Fu, Dr. Ding and Mech-Mind Management)",0.1911,0.1911,3099016000,Commercialized (commercial-scale revenue-generating products in mass production and sales; revenue RMB388.8M in 2025),0,Main Board,H Shares,0,0,0,1,701030,HSICS (Hang Seng Industry Classification System) 2026,2016-09-12,9.97,PRC,"Room 210, Unit 3, North Zone of Chuangzhi Park, No. 164 Yining Avenue, Start-up Area, Xiongan New Area, Hebei Province, PRC",,IFRS Accounting Standards,2023-04-01,2024-03-31,2024-04-01,2025-03-31,2025-04-01,427660000,-225504000,-227308000,2026-08-24,2026-08-27,23140590,69274000,14991000,Unqualified (true and fair view),150200000,"Baillie Gifford Overseas Limited; Baillie Gifford & Co; Taikang Life Insurance Co., Ltd; Invus Public Equities, L.P.; Jane Street Asia Trading Limited; Ghisallo Fund Master Ltd; Ruihua (International) Investment Limited; NGS Super Pty Limited; E Fund Management Co., Ltd.; Golden Link Worldwide Limited",0.6202,2027-03-01,3835.36,252461,4437660000,"Subscription level 3,835.36 times",,2026-08-31,23140590,4628130,18512460,,0,"Claw-back triggered: Yes; 3,471,090 Offer Shares reallocated from the International Offering to the Hong Kong Public Offering; Final no. under HK Public Offering is 4,628,130 (20.00% of Global Offering)",2200200000,0.6978,125011050,0.0703,Free float denominator = total issued shares upon listing (col_CZ); numerator = offer shares minus cornerstone allocation,125011050,0.0419108,45,0.0268577,53968000000,99.8,-0.018682,-43967121,101.7,102,97,5731115,0.247665,574537600,Mechanism A,FINI (from 22/11/2023); 2025-08-04 pricing reform (Mechanism A/B; six-month cornerstone lock-up retained); this IPO: Mechanism A,梅卡曼德（雄安）機器人科技股份有限公司,Active,,,,,,,,,,,,,,,,,,,,,,18C (Specialist Tech),China International Capital Corporation / Sponsor-OC,2026-10-01,0,0,0.15,2026-10-01,0,0,,,,-0.207916,0.7895,,,,,,,0.00190516,0,0.0562256,0.230392,2027-03-01,2027-09-01,,,,CICC,2,0,0.025,0.01,0.035,4,0,0,6,0,POST_FINI,POST_2025_REFORM,4.666740,-0.327517,0.100031,18.643913,0.050000,1
2026Q3,0,107,2041.HK,"Medcaptain Medical Technology Co., Ltd. - H Shares",2026-08-28,2026-09-07,"Morgan Stanley Asia Limited /
Huatai Financial Holdings (Hong Kong) Limited",Ernst & Young,,60000762,540000690,15.42,538626686,38910600,499716086,499716086,0,38910600,35019500,3891100,15.42,,0,0,Fixed price,RMB,2755563000,2804961000,2941391000,1700286000,1751214000,1891968000,1055277000,1053747000,1049423000,1313297000,1399361000,1689288000,-49824000,-70502000,13324000,-64508000,-96617000,-10108000,0.035,0.035,0,Medical devices,Rule 8.05(3),2026-03-31,38047000,321227000,68211000,0,0.155,1,1,1,1,0,1,1,Gao Ling; Shenzhen Capital Group; Sino-Rock; Kangjun Zhongyuan Fund,0.2079,1,Series A,10.5,Individual,0.367,0.367,435819000,Commercialized,0,Main Board,H Shares,0,0,0,0,282010,HSICS (Hang Seng Industry Classification System) 2026,2011-04-26,15.37,PRC,Shenzhen,,IFRS,2023-04-01,2024-03-31,2024-04-01,2025-03-31,2025-04-01,1689288000,13324000,-10108000,2026-08-28,2026-09-02,479221686,229204000,22688000,Unqualified,103800000,,0,,436.37,57305,1697974600,Subscription level 436.37 times,,2026-09-04,38910600,3891100,35019500,,0,Claw-back triggered: N/A,496200000,0.4263,538626686,0.0722,Free float denominator = total issued shares upon listing (col_CZ); numerator = offer shares minus cornerstone allocation,538626686,-0.0113362,42,0.0278821,54202000000,8.8,-0.429313,-257588172,10,10.9,8.41,12158500,0.312473,128712100,Mechanism B,FINI (from 22/11/2023); 2025-08-04 pricing reform (Mechanism A/B; six-month cornerstone lock-up retained); this IPO: Mechanism B,麦科田,Active,,,,,,,,,,,,,,,,,,,,,,Standard,China International Capital Corporation / Sponsor-OC,2026-10-07,0,0,0.15,2026-10-07,0,0,,,,-0.002273,1.0222,,,,,,,0.00770593,0,0.116264,0.264679,2027-03-07,2027-09-07,,,,CICC,2,0,0.025,0.01,0.035,4,0,0,6,0,POST_FINI,POST_2025_REFORM,0.356778,-0.003436,0.207185,20.104533,0.100001,1
2026Q3,0,108,9976.HK,"Shenzhen Longsys Electronics Co., Ltd. - H Shares",2026-08-31,2026-09-08,"CITIC Securities (Hong Kong) Limited /
Citigroup Global Markets Asia Limited",Ernst & Young,,615440800,6462069400,236,455745949,26077800,429668149,429668149,0,26077800,23470000,2607800,240.6,,0,0,Fixed price,RMB,16896667000,22750717000,37244312000,6899505000,8361665000,14810263000,9997162000,14389052000,22434049000,17463650000,22766170000,44119863000,589656000,1744965000,23175585000,505231000,1497771000,19281489000,0.017,0.017,0.15,"Design, back-end manufacturing and sales of semiconductor memory products (embedded storage, SSDs, mobile storage and DIMMs)",Chapter 19A of the Main Board Listing Rules (PRC issuer with other listed shares),2026-04-30,-2947514000,3607769000,374595000,0,0.283,1,1,1,0,0,1,0,Yuanhe Puhua (Jiangsu Jiequan Yuanhe Puhua Equity Investment Partnership); National IC Industry Investment Fund; Shanghai Juyuan Juxin IC Industry Fund; Suzhou Shangkai Venture Capital; Shenzhen Lihe Venture Capital,16.75,1,"Capital Increase (June 12, 2018)",8.22,Individual / Founder (Mr. Cai Huabo and Ms. Cai Lijiang),0.3879,0.3879,16129110000,Commercialized (mass production and sales of semiconductor memory products; revenue RMB22.8B in 2025),0,Main Board,H Shares,1,0,0,0,703010,HSICS (Hang Seng Industry Classification System) 2026,1999-04-27,27.37,PRC,"Units 2001, 2201, 2301, B Tower, Horoy Qianhai Finance Centre Phase II, No. 5059, Tinghai Avenue, Nanshan Street, Shenzhen-Hong Kong Cooperation Zone, Qianhai, Shenzhen, China",,IFRS Accounting Standards,2023-05-01,2024-04-30,2024-05-01,2025-04-30,2025-05-01,44119863000,23175585000,19281489000,2026-08-31,2026-09-03,26077800,8459876000,220791000,Unqualified (true and fair view),242400000,"Transsion International Limited; YuFeng Financial Group Limited; YuFeng Project 1 Limited Partnership Fund; CITIC Securities Asset Management (HK) Limited; Admiralty Harbour Growth Opportunities SPC; Lenovo Group Limited; Lens Technology (HK) Co., Limited; Ingenic Semiconductor (Hong Kong) Group Limited; Ju Yuen (Hong Kong) International Limited; Colorful Technology Company Limited; HOSIN Global (HK) Electronics Co., Limited; Huadeng Tech Bright Investment Ltd; Wind Sabre Fund SPC; CQTech Limited; SDMC Technology (Hong Kong) Limited",0.1675,2027-03-08,40.32,36285,105146500,Subscription level 40.32 times,,2026-09-07,29989450,2607800,27381650,,0,"Claw-back triggered: N/A; Number of Offer Shares reallocated from the International Offering: 0; Final HK Public Offer shares: 2,607,800",6803200000,0.0652,459657599,0.0543,Free float = Offer Shares excluding Shares held by Cornerstone Investors (6-month lock-up); denominator = total issued Shares upon Listing = col_CZ,459657599,-0.0115761,42,0.0285,54190000000,233.6,-0.010169,-71974680,236,236.6,231.2,7384400,0.246233,1728374600,Mechanism B,FINI (from 22/11/2023); 2025-08-04 pricing reform (Mechanism A/B; six-month cornerstone lock-up retained); this IPO: Mechanism B,深圳市江波龍電子股份有限公司,Active,,,,,,,,,,,,,,,,,,,,,,Standard,China International Capital Corporation / Sponsor-OC,2026-10-08,0,0,0.15,2026-10-08,0,0,,,,-0.200342,0.8125,,,,,,,0.000273,0,0.0458207,0.241336,2027-03-08,2027-09-08,,,,CICC,2,0,0.025,0.01,0.035,4,0,0,6,0,POST_FINI,POST_2025_REFORM,0.602348,0.517703,0.937957,19.937446,0.100001,1
2026Q3,0,109,3231.HK,Excelland Robotics (Wuxi) Co. Ltd. - H Shares,2026-08-31,2026-09-09,Silver Nile Global Investments Limited,Ernst & Young,,40197010,610052990,14.45,416368421,45000000,371368421,371368421,0,45000000,42750000,2250000,19.55,14.45,-0.15,0.3,At low,RMB,400022000,371851000,422894000,149221000,121625000,90502000,250801000,250226000,332392000,267107000,317707000,306052000,-151444000,-110859000,-124932000,-151444000,-110786000,-124864000,0.035,0.035,0,Commercial service robotic products and AI vision model solutions,Chapter 18C of the Listing Rules (Specialist Technology Company - Commercial Company),2026-03-31,-25481000,64402000,20912000,0,0.832,1,1,1,1,1,1,1,Legend Chengye; Rajax; Hainan Yunfeng; Jiujiang Youdi; Xunfei Yunchuang; BTG Hotels Group; Huazhu Investment; New Hengji Investment; Zhongbang Hongxiang; Wuxi Shangwei,0.6516,1,Series A,9.99,Individual (Mr. LU Ying and Single Largest Group of Shareholders),0.2979,0.2979,211710000,Commercial Company (Chapter 18C Commercial Company - commercialised stage),0.045,Main Board,H Shares,0,0,0,1,701030,HSICS (Hang Seng Industry Classification System) 2026,2013-03-13,13.49,PRC,"Shenzhen, Guangdong Province, PRC",,IFRS,2023-04-01,2024-03-31,2024-04-01,2025-03-31,2025-04-01,306052000,-124932000,-124864000,2026-08-31,2026-09-04,282232625,8597000,3000000,Unqualified / True and fair view,79300000,SensePower Management Limited; CYGG Holding Limited,0.0363,2027-03-09,140.02,27933,315045600,Subscription level 140.02 times,,2026-09-08,45000000,2781800,42218200,,0,"Claw-back triggered: No. No. of Offer Shares reallocated from the International Offering: 531,800",576600000,0.6778,416368421,0.1042,excluding Offer Shares allocated to Cornerstone Investors (9-month lock-up) and H Shares converted from Unlisted Shares (12-month lock-up); denominator = total issued Shares upon Listing = col_CZ,416368421,-0.0115761,42,0.0285,54190000000,36.68,1.53841,1000350000,35,39.96,30.84,7167201,0.159271,227391000,Mechanism A,FINI (from 22/11/2023); 2025-08-04 pricing reform (Mechanism A/B; six-month cornerstone lock-up retained); this IPO: Mechanism A,優地機器人（無錫）股份有限公司,Active,,,,,,,,,,,,,,,,,,,,,,18C (Specialist Tech),China International Capital Corporation / Sponsor-OC,2026-10-09,0,0,0.15,2026-10-09,0,0,,,,0.046892,1.0727,,,,,,,0.00416415,0,0.433754,0.227917,2027-03-09,2027-09-09,,,,CICC,2,0,0.025,0.01,0.035,4,0,0,6,0,POST_FINI,POST_2025_REFORM,0.785994,-0.295261,-0.036685,19.847081,0.050000,3
