code,applied_shares,applicants,pdf_page,pdf_layout_excerpt,source_url,pdf_sha256
2290.HK,500,46124,7,"500               46,124",https://www1.hkexnews.hk/listedco/listconews/sehk/2026/0604/2026060402521.pdf,85190f97977be8dd38dfbdd252cb2145fdcc1eab907f19bb48fcd841caaa226f
2290.HK,1000,9299,7,"1,000                9,299",https://www1.hkexnews.hk/listedco/listconews/sehk/2026/0604/2026060402521.pdf,85190f97977be8dd38dfbdd252cb2145fdcc1eab907f19bb48fcd841caaa226f
2290.HK,1500,25001,7,"1,500               25,001",https://www1.hkexnews.hk/listedco/listconews/sehk/2026/0604/2026060402521.pdf,85190f97977be8dd38dfbdd252cb2145fdcc1eab907f19bb48fcd841caaa226f
2290.HK,2000,3063,7,"2,000                3,063",https://www1.hkexnews.hk/listedco/listconews/sehk/2026/0604/2026060402521.pdf,85190f97977be8dd38dfbdd252cb2145fdcc1eab907f19bb48fcd841caaa226f
2290.HK,2500,2111,7,"2,500                2,111",https://www1.hkexnews.hk/listedco/listconews/sehk/2026/0604/2026060402521.pdf,85190f97977be8dd38dfbdd252cb2145fdcc1eab907f19bb48fcd841caaa226f
2290.HK,3000,1604,7,"3,000                1,604",https://www1.hkexnews.hk/listedco/listconews/sehk/2026/0604/2026060402521.pdf,85190f97977be8dd38dfbdd252cb2145fdcc1eab907f19bb48fcd841caaa226f
2290.HK,3500,940,7,"3,500                940",https://www1.hkexnews.hk/listedco/listconews/sehk/2026/0604/2026060402521.pdf,85190f97977be8dd38dfbdd252cb2145fdcc1eab907f19bb48fcd841caaa226f
2290.HK,4000,1002,7,"4,000                1,002",https://www1.hkexnews.hk/listedco/listconews/sehk/2026/0604/2026060402521.pdf,85190f97977be8dd38dfbdd252cb2145fdcc1eab907f19bb48fcd841caaa226f
2290.HK,4500,806,7,"4,500                806",https://www1.hkexnews.hk/listedco/listconews/sehk/2026/0604/2026060402521.pdf,85190f97977be8dd38dfbdd252cb2145fdcc1eab907f19bb48fcd841caaa226f
2290.HK,5000,4594,7,"5,000                4,594",https://www1.hkexnews.hk/listedco/listconews/sehk/2026/0604/2026060402521.pdf,85190f97977be8dd38dfbdd252cb2145fdcc1eab907f19bb48fcd841caaa226f
2290.HK,6000,1330,7,"6,000                1,330",https://www1.hkexnews.hk/listedco/listconews/sehk/2026/0604/2026060402521.pdf,85190f97977be8dd38dfbdd252cb2145fdcc1eab907f19bb48fcd841caaa226f
2290.HK,7000,9591,7,"7,000                9,591",https://www1.hkexnews.hk/listedco/listconews/sehk/2026/0604/2026060402521.pdf,85190f97977be8dd38dfbdd252cb2145fdcc1eab907f19bb48fcd841caaa226f
2290.HK,8000,1014,7,"8,000                1,014",https://www1.hkexnews.hk/listedco/listconews/sehk/2026/0604/2026060402521.pdf,85190f97977be8dd38dfbdd252cb2145fdcc1eab907f19bb48fcd841caaa226f
2290.HK,9000,672,7,"9,000                672",https://www1.hkexnews.hk/listedco/listconews/sehk/2026/0604/2026060402521.pdf,85190f97977be8dd38dfbdd252cb2145fdcc1eab907f19bb48fcd841caaa226f
2290.HK,10000,2937,7,"10,000                2,937",https://www1.hkexnews.hk/listedco/listconews/sehk/2026/0604/2026060402521.pdf,85190f97977be8dd38dfbdd252cb2145fdcc1eab907f19bb48fcd841caaa226f
2290.HK,15000,2287,7,"15,000                2,287",https://www1.hkexnews.hk/listedco/listconews/sehk/2026/0604/2026060402521.pdf,85190f97977be8dd38dfbdd252cb2145fdcc1eab907f19bb48fcd841caaa226f
2290.HK,20000,1160,7,"20,000                1,160",https://www1.hkexnews.hk/listedco/listconews/sehk/2026/0604/2026060402521.pdf,85190f97977be8dd38dfbdd252cb2145fdcc1eab907f19bb48fcd841caaa226f
2290.HK,25000,898,7,"25,000                898",https://www1.hkexnews.hk/listedco/listconews/sehk/2026/0604/2026060402521.pdf,85190f97977be8dd38dfbdd252cb2145fdcc1eab907f19bb48fcd841caaa226f
2290.HK,30000,858,7,"30,000                858",https://www1.hkexnews.hk/listedco/listconews/sehk/2026/0604/2026060402521.pdf,85190f97977be8dd38dfbdd252cb2145fdcc1eab907f19bb48fcd841caaa226f
2290.HK,35000,551,7,"35,000                551",https://www1.hkexnews.hk/listedco/listconews/sehk/2026/0604/2026060402521.pdf,85190f97977be8dd38dfbdd252cb2145fdcc1eab907f19bb48fcd841caaa226f
2290.HK,40000,535,7,"40,000                535",https://www1.hkexnews.hk/listedco/listconews/sehk/2026/0604/2026060402521.pdf,85190f97977be8dd38dfbdd252cb2145fdcc1eab907f19bb48fcd841caaa226f
2290.HK,45000,432,7,"45,000                432",https://www1.hkexnews.hk/listedco/listconews/sehk/2026/0604/2026060402521.pdf,85190f97977be8dd38dfbdd252cb2145fdcc1eab907f19bb48fcd841caaa226f
2290.HK,50000,1223,7,"50,000                1,223",https://www1.hkexnews.hk/listedco/listconews/sehk/2026/0604/2026060402521.pdf,85190f97977be8dd38dfbdd252cb2145fdcc1eab907f19bb48fcd841caaa226f
2290.HK,60000,745,7,"60,000                745",https://www1.hkexnews.hk/listedco/listconews/sehk/2026/0604/2026060402521.pdf,85190f97977be8dd38dfbdd252cb2145fdcc1eab907f19bb48fcd841caaa226f
2290.HK,70000,750,7,"70,000                750",https://www1.hkexnews.hk/listedco/listconews/sehk/2026/0604/2026060402521.pdf,85190f97977be8dd38dfbdd252cb2145fdcc1eab907f19bb48fcd841caaa226f
2290.HK,80000,755,7,"80,000                755",https://www1.hkexnews.hk/listedco/listconews/sehk/2026/0604/2026060402521.pdf,85190f97977be8dd38dfbdd252cb2145fdcc1eab907f19bb48fcd841caaa226f
2290.HK,90000,604,7,"90,000                604",https://www1.hkexnews.hk/listedco/listconews/sehk/2026/0604/2026060402521.pdf,85190f97977be8dd38dfbdd252cb2145fdcc1eab907f19bb48fcd841caaa226f
2290.HK,100000,3414,7,"100,000                3,414",https://www1.hkexnews.hk/listedco/listconews/sehk/2026/0604/2026060402521.pdf,85190f97977be8dd38dfbdd252cb2145fdcc1eab907f19bb48fcd841caaa226f
2290.HK,200000,1545,8,"200,000                1,545",https://www1.hkexnews.hk/listedco/listconews/sehk/2026/0604/2026060402521.pdf,85190f97977be8dd38dfbdd252cb2145fdcc1eab907f19bb48fcd841caaa226f
2290.HK,300000,1070,8,"300,000                1,070",https://www1.hkexnews.hk/listedco/listconews/sehk/2026/0604/2026060402521.pdf,85190f97977be8dd38dfbdd252cb2145fdcc1eab907f19bb48fcd841caaa226f
2290.HK,400000,708,8,"400,000                708",https://www1.hkexnews.hk/listedco/listconews/sehk/2026/0604/2026060402521.pdf,85190f97977be8dd38dfbdd252cb2145fdcc1eab907f19bb48fcd841caaa226f
2290.HK,500000,582,8,"500,000                582",https://www1.hkexnews.hk/listedco/listconews/sehk/2026/0604/2026060402521.pdf,85190f97977be8dd38dfbdd252cb2145fdcc1eab907f19bb48fcd841caaa226f
2290.HK,600000,424,8,"600,000                424",https://www1.hkexnews.hk/listedco/listconews/sehk/2026/0604/2026060402521.pdf,85190f97977be8dd38dfbdd252cb2145fdcc1eab907f19bb48fcd841caaa226f
2290.HK,700000,701,8,"700,000                701",https://www1.hkexnews.hk/listedco/listconews/sehk/2026/0604/2026060402521.pdf,85190f97977be8dd38dfbdd252cb2145fdcc1eab907f19bb48fcd841caaa226f
2290.HK,800000,1432,8,"800,000                1,432",https://www1.hkexnews.hk/listedco/listconews/sehk/2026/0604/2026060402521.pdf,85190f97977be8dd38dfbdd252cb2145fdcc1eab907f19bb48fcd841caaa226f
2290.HK,900000,538,8,"900,000                538",https://www1.hkexnews.hk/listedco/listconews/sehk/2026/0604/2026060402521.pdf,85190f97977be8dd38dfbdd252cb2145fdcc1eab907f19bb48fcd841caaa226f
2290.HK,1000000,1109,8,"1,000,000                1,109",https://www1.hkexnews.hk/listedco/listconews/sehk/2026/0604/2026060402521.pdf,85190f97977be8dd38dfbdd252cb2145fdcc1eab907f19bb48fcd841caaa226f
2290.HK,2000000,370,8,"2,000,000                370",https://www1.hkexnews.hk/listedco/listconews/sehk/2026/0604/2026060402521.pdf,85190f97977be8dd38dfbdd252cb2145fdcc1eab907f19bb48fcd841caaa226f
2290.HK,3000000,137,8,"3,000,000                137",https://www1.hkexnews.hk/listedco/listconews/sehk/2026/0604/2026060402521.pdf,85190f97977be8dd38dfbdd252cb2145fdcc1eab907f19bb48fcd841caaa226f
2290.HK,4000000,94,8,"4,000,000                 94",https://www1.hkexnews.hk/listedco/listconews/sehk/2026/0604/2026060402521.pdf,85190f97977be8dd38dfbdd252cb2145fdcc1eab907f19bb48fcd841caaa226f
2290.HK,5000000,33,8,"5,000,000                 33",https://www1.hkexnews.hk/listedco/listconews/sehk/2026/0604/2026060402521.pdf,85190f97977be8dd38dfbdd252cb2145fdcc1eab907f19bb48fcd841caaa226f
2290.HK,6250000,146,8,"6,250,000                146",https://www1.hkexnews.hk/listedco/listconews/sehk/2026/0604/2026060402521.pdf,85190f97977be8dd38dfbdd252cb2145fdcc1eab907f19bb48fcd841caaa226f
1392.HK,500,55745,13,"500            55,745",https://www1.hkexnews.hk/listedco/listconews/sehk/2026/0618/2026061802066.pdf,c78b08544c8e742465f5b43fdae39f34a0f66daee200d3300352b4b5ecb43bc4
1392.HK,1000,28250,13,"1,000            28,250",https://www1.hkexnews.hk/listedco/listconews/sehk/2026/0618/2026061802066.pdf,c78b08544c8e742465f5b43fdae39f34a0f66daee200d3300352b4b5ecb43bc4
1392.HK,1500,8229,13,"1,500             8,229",https://www1.hkexnews.hk/listedco/listconews/sehk/2026/0618/2026061802066.pdf,c78b08544c8e742465f5b43fdae39f34a0f66daee200d3300352b4b5ecb43bc4
1392.HK,2000,4470,13,"2,000             4,470",https://www1.hkexnews.hk/listedco/listconews/sehk/2026/0618/2026061802066.pdf,c78b08544c8e742465f5b43fdae39f34a0f66daee200d3300352b4b5ecb43bc4
1392.HK,2500,4575,13,"2,500             4,575",https://www1.hkexnews.hk/listedco/listconews/sehk/2026/0618/2026061802066.pdf,c78b08544c8e742465f5b43fdae39f34a0f66daee200d3300352b4b5ecb43bc4
1392.HK,3000,3218,13,"3,000             3,218",https://www1.hkexnews.hk/listedco/listconews/sehk/2026/0618/2026061802066.pdf,c78b08544c8e742465f5b43fdae39f34a0f66daee200d3300352b4b5ecb43bc4
1392.HK,3500,2139,13,"3,500             2,139",https://www1.hkexnews.hk/listedco/listconews/sehk/2026/0618/2026061802066.pdf,c78b08544c8e742465f5b43fdae39f34a0f66daee200d3300352b4b5ecb43bc4
1392.HK,4000,2336,13,"4,000             2,336",https://www1.hkexnews.hk/listedco/listconews/sehk/2026/0618/2026061802066.pdf,c78b08544c8e742465f5b43fdae39f34a0f66daee200d3300352b4b5ecb43bc4
1392.HK,4500,1901,13,"4,500             1,901",https://www1.hkexnews.hk/listedco/listconews/sehk/2026/0618/2026061802066.pdf,c78b08544c8e742465f5b43fdae39f34a0f66daee200d3300352b4b5ecb43bc4
1392.HK,5000,7153,13,"5,000             7,153",https://www1.hkexnews.hk/listedco/listconews/sehk/2026/0618/2026061802066.pdf,c78b08544c8e742465f5b43fdae39f34a0f66daee200d3300352b4b5ecb43bc4
1392.HK,6000,12903,13,"6,000            12,903",https://www1.hkexnews.hk/listedco/listconews/sehk/2026/0618/2026061802066.pdf,c78b08544c8e742465f5b43fdae39f34a0f66daee200d3300352b4b5ecb43bc4
1392.HK,7000,3110,13,"7,000              3,110",https://www1.hkexnews.hk/listedco/listconews/sehk/2026/0618/2026061802066.pdf,c78b08544c8e742465f5b43fdae39f34a0f66daee200d3300352b4b5ecb43bc4
1392.HK,8000,2416,13,"8,000             2,416",https://www1.hkexnews.hk/listedco/listconews/sehk/2026/0618/2026061802066.pdf,c78b08544c8e742465f5b43fdae39f34a0f66daee200d3300352b4b5ecb43bc4
1392.HK,9000,2316,13,"9,000             2,316",https://www1.hkexnews.hk/listedco/listconews/sehk/2026/0618/2026061802066.pdf,c78b08544c8e742465f5b43fdae39f34a0f66daee200d3300352b4b5ecb43bc4
1392.HK,10000,10714,13,"10,000            10,714",https://www1.hkexnews.hk/listedco/listconews/sehk/2026/0618/2026061802066.pdf,c78b08544c8e742465f5b43fdae39f34a0f66daee200d3300352b4b5ecb43bc4
1392.HK,15000,5646,13,"15,000             5,646",https://www1.hkexnews.hk/listedco/listconews/sehk/2026/0618/2026061802066.pdf,c78b08544c8e742465f5b43fdae39f34a0f66daee200d3300352b4b5ecb43bc4
1392.HK,20000,3866,13,"20,000             3,866",https://www1.hkexnews.hk/listedco/listconews/sehk/2026/0618/2026061802066.pdf,c78b08544c8e742465f5b43fdae39f34a0f66daee200d3300352b4b5ecb43bc4
1392.HK,25000,3500,14,"25,000             3,500",https://www1.hkexnews.hk/listedco/listconews/sehk/2026/0618/2026061802066.pdf,c78b08544c8e742465f5b43fdae39f34a0f66daee200d3300352b4b5ecb43bc4
1392.HK,30000,2766,14,"30,000             2,766",https://www1.hkexnews.hk/listedco/listconews/sehk/2026/0618/2026061802066.pdf,c78b08544c8e742465f5b43fdae39f34a0f66daee200d3300352b4b5ecb43bc4
1392.HK,35000,1953,14,"35,000             1,953",https://www1.hkexnews.hk/listedco/listconews/sehk/2026/0618/2026061802066.pdf,c78b08544c8e742465f5b43fdae39f34a0f66daee200d3300352b4b5ecb43bc4
1392.HK,40000,2077,14,"40,000             2,077",https://www1.hkexnews.hk/listedco/listconews/sehk/2026/0618/2026061802066.pdf,c78b08544c8e742465f5b43fdae39f34a0f66daee200d3300352b4b5ecb43bc4
1392.HK,45000,1687,14,"45,000             1,687",https://www1.hkexnews.hk/listedco/listconews/sehk/2026/0618/2026061802066.pdf,c78b08544c8e742465f5b43fdae39f34a0f66daee200d3300352b4b5ecb43bc4
1392.HK,50000,3570,14,"50,000             3,570",https://www1.hkexnews.hk/listedco/listconews/sehk/2026/0618/2026061802066.pdf,c78b08544c8e742465f5b43fdae39f34a0f66daee200d3300352b4b5ecb43bc4
1392.HK,60000,2840,14,"60,000             2,840",https://www1.hkexnews.hk/listedco/listconews/sehk/2026/0618/2026061802066.pdf,c78b08544c8e742465f5b43fdae39f34a0f66daee200d3300352b4b5ecb43bc4
1392.HK,70000,2494,14,"70,000             2,494",https://www1.hkexnews.hk/listedco/listconews/sehk/2026/0618/2026061802066.pdf,c78b08544c8e742465f5b43fdae39f34a0f66daee200d3300352b4b5ecb43bc4
1392.HK,80000,2126,14,"80,000             2,126",https://www1.hkexnews.hk/listedco/listconews/sehk/2026/0618/2026061802066.pdf,c78b08544c8e742465f5b43fdae39f34a0f66daee200d3300352b4b5ecb43bc4
1392.HK,90000,1598,14,"90,000             1,598",https://www1.hkexnews.hk/listedco/listconews/sehk/2026/0618/2026061802066.pdf,c78b08544c8e742465f5b43fdae39f34a0f66daee200d3300352b4b5ecb43bc4
1392.HK,100000,11217,14,"100,000            11,217",https://www1.hkexnews.hk/listedco/listconews/sehk/2026/0618/2026061802066.pdf,c78b08544c8e742465f5b43fdae39f34a0f66daee200d3300352b4b5ecb43bc4
1392.HK,200000,7156,14,"200,000             7,156",https://www1.hkexnews.hk/listedco/listconews/sehk/2026/0618/2026061802066.pdf,c78b08544c8e742465f5b43fdae39f34a0f66daee200d3300352b4b5ecb43bc4
1392.HK,300000,5384,14,"300,000             5,384",https://www1.hkexnews.hk/listedco/listconews/sehk/2026/0618/2026061802066.pdf,c78b08544c8e742465f5b43fdae39f34a0f66daee200d3300352b4b5ecb43bc4
1392.HK,400000,3917,14,"400,000             3,917",https://www1.hkexnews.hk/listedco/listconews/sehk/2026/0618/2026061802066.pdf,c78b08544c8e742465f5b43fdae39f34a0f66daee200d3300352b4b5ecb43bc4
1392.HK,500000,4073,14,"500,000             4,073",https://www1.hkexnews.hk/listedco/listconews/sehk/2026/0618/2026061802066.pdf,c78b08544c8e742465f5b43fdae39f34a0f66daee200d3300352b4b5ecb43bc4
1392.HK,600000,6952,14,"600,000             6,952",https://www1.hkexnews.hk/listedco/listconews/sehk/2026/0618/2026061802066.pdf,c78b08544c8e742465f5b43fdae39f34a0f66daee200d3300352b4b5ecb43bc4
1392.HK,700000,7164,15,"700,000              7,164",https://www1.hkexnews.hk/listedco/listconews/sehk/2026/0618/2026061802066.pdf,c78b08544c8e742465f5b43fdae39f34a0f66daee200d3300352b4b5ecb43bc4
1392.HK,800000,2799,15,"800,000              2,799",https://www1.hkexnews.hk/listedco/listconews/sehk/2026/0618/2026061802066.pdf,c78b08544c8e742465f5b43fdae39f34a0f66daee200d3300352b4b5ecb43bc4
1392.HK,900000,2385,15,"900,000              2,385",https://www1.hkexnews.hk/listedco/listconews/sehk/2026/0618/2026061802066.pdf,c78b08544c8e742465f5b43fdae39f34a0f66daee200d3300352b4b5ecb43bc4
1392.HK,1000000,8197,15,"1,000,000              8,197",https://www1.hkexnews.hk/listedco/listconews/sehk/2026/0618/2026061802066.pdf,c78b08544c8e742465f5b43fdae39f34a0f66daee200d3300352b4b5ecb43bc4
1392.HK,2000000,3954,15,"2,000,000              3,954",https://www1.hkexnews.hk/listedco/listconews/sehk/2026/0618/2026061802066.pdf,c78b08544c8e742465f5b43fdae39f34a0f66daee200d3300352b4b5ecb43bc4
1392.HK,3000000,2366,15,"3,000,000              2,366",https://www1.hkexnews.hk/listedco/listconews/sehk/2026/0618/2026061802066.pdf,c78b08544c8e742465f5b43fdae39f34a0f66daee200d3300352b4b5ecb43bc4
1392.HK,4258000,3478,15,"4,258,000              3,478",https://www1.hkexnews.hk/listedco/listconews/sehk/2026/0618/2026061802066.pdf,c78b08544c8e742465f5b43fdae39f34a0f66daee200d3300352b4b5ecb43bc4
2335.HK,200,44060,11,"200          44,060",https://www1.hkexnews.hk/listedco/listconews/sehk/2026/0623/2026062301227.pdf,274256376882fd11243965b7338081011f862a38cd03e752f0df6edb46fbf4c5
2335.HK,400,24701,11,"400          24,701",https://www1.hkexnews.hk/listedco/listconews/sehk/2026/0623/2026062301227.pdf,274256376882fd11243965b7338081011f862a38cd03e752f0df6edb46fbf4c5
2335.HK,600,4048,11,"600            4,048",https://www1.hkexnews.hk/listedco/listconews/sehk/2026/0623/2026062301227.pdf,274256376882fd11243965b7338081011f862a38cd03e752f0df6edb46fbf4c5
2335.HK,800,2703,11,"800            2,703",https://www1.hkexnews.hk/listedco/listconews/sehk/2026/0623/2026062301227.pdf,274256376882fd11243965b7338081011f862a38cd03e752f0df6edb46fbf4c5
2335.HK,1000,3083,11,"1,000            3,083",https://www1.hkexnews.hk/listedco/listconews/sehk/2026/0623/2026062301227.pdf,274256376882fd11243965b7338081011f862a38cd03e752f0df6edb46fbf4c5
2335.HK,1200,1918,11,"1,200            1,918",https://www1.hkexnews.hk/listedco/listconews/sehk/2026/0623/2026062301227.pdf,274256376882fd11243965b7338081011f862a38cd03e752f0df6edb46fbf4c5
2335.HK,1400,1344,11,"1,400            1,344",https://www1.hkexnews.hk/listedco/listconews/sehk/2026/0623/2026062301227.pdf,274256376882fd11243965b7338081011f862a38cd03e752f0df6edb46fbf4c5
2335.HK,1600,1425,11,"1,600            1,425",https://www1.hkexnews.hk/listedco/listconews/sehk/2026/0623/2026062301227.pdf,274256376882fd11243965b7338081011f862a38cd03e752f0df6edb46fbf4c5
2335.HK,1800,1500,11,"1,800            1,500",https://www1.hkexnews.hk/listedco/listconews/sehk/2026/0623/2026062301227.pdf,274256376882fd11243965b7338081011f862a38cd03e752f0df6edb46fbf4c5
2335.HK,2000,12982,11,"2,000          12,982",https://www1.hkexnews.hk/listedco/listconews/sehk/2026/0623/2026062301227.pdf,274256376882fd11243965b7338081011f862a38cd03e752f0df6edb46fbf4c5
2335.HK,3000,3436,11,"3,000            3,436",https://www1.hkexnews.hk/listedco/listconews/sehk/2026/0623/2026062301227.pdf,274256376882fd11243965b7338081011f862a38cd03e752f0df6edb46fbf4c5
2335.HK,4000,4863,11,"4,000            4,863",https://www1.hkexnews.hk/listedco/listconews/sehk/2026/0623/2026062301227.pdf,274256376882fd11243965b7338081011f862a38cd03e752f0df6edb46fbf4c5
2335.HK,5000,1990,11,"5,000            1,990",https://www1.hkexnews.hk/listedco/listconews/sehk/2026/0623/2026062301227.pdf,274256376882fd11243965b7338081011f862a38cd03e752f0df6edb46fbf4c5
2335.HK,6000,1481,11,"6,000            1,481",https://www1.hkexnews.hk/listedco/listconews/sehk/2026/0623/2026062301227.pdf,274256376882fd11243965b7338081011f862a38cd03e752f0df6edb46fbf4c5
2335.HK,7000,1130,11,"7,000            1,130",https://www1.hkexnews.hk/listedco/listconews/sehk/2026/0623/2026062301227.pdf,274256376882fd11243965b7338081011f862a38cd03e752f0df6edb46fbf4c5
2335.HK,8000,1070,11,"8,000            1,070",https://www1.hkexnews.hk/listedco/listconews/sehk/2026/0623/2026062301227.pdf,274256376882fd11243965b7338081011f862a38cd03e752f0df6edb46fbf4c5
2335.HK,9000,1558,11,"9,000            1,558",https://www1.hkexnews.hk/listedco/listconews/sehk/2026/0623/2026062301227.pdf,274256376882fd11243965b7338081011f862a38cd03e752f0df6edb46fbf4c5
2335.HK,10000,6201,11,"10,000            6,201",https://www1.hkexnews.hk/listedco/listconews/sehk/2026/0623/2026062301227.pdf,274256376882fd11243965b7338081011f862a38cd03e752f0df6edb46fbf4c5
2335.HK,20000,5421,11,"20,000            5,421",https://www1.hkexnews.hk/listedco/listconews/sehk/2026/0623/2026062301227.pdf,274256376882fd11243965b7338081011f862a38cd03e752f0df6edb46fbf4c5
2335.HK,30000,3691,11,"30,000            3,691",https://www1.hkexnews.hk/listedco/listconews/sehk/2026/0623/2026062301227.pdf,274256376882fd11243965b7338081011f862a38cd03e752f0df6edb46fbf4c5
2335.HK,40000,2469,11,"40,000            2,469",https://www1.hkexnews.hk/listedco/listconews/sehk/2026/0623/2026062301227.pdf,274256376882fd11243965b7338081011f862a38cd03e752f0df6edb46fbf4c5
2335.HK,50000,1567,11,"50,000            1,567",https://www1.hkexnews.hk/listedco/listconews/sehk/2026/0623/2026062301227.pdf,274256376882fd11243965b7338081011f862a38cd03e752f0df6edb46fbf4c5
2335.HK,60000,1352,11,"60,000            1,352",https://www1.hkexnews.hk/listedco/listconews/sehk/2026/0623/2026062301227.pdf,274256376882fd11243965b7338081011f862a38cd03e752f0df6edb46fbf4c5
2335.HK,70000,1071,11,"70,000            1,071",https://www1.hkexnews.hk/listedco/listconews/sehk/2026/0623/2026062301227.pdf,274256376882fd11243965b7338081011f862a38cd03e752f0df6edb46fbf4c5
2335.HK,80000,750,11,"80,000            750",https://www1.hkexnews.hk/listedco/listconews/sehk/2026/0623/2026062301227.pdf,274256376882fd11243965b7338081011f862a38cd03e752f0df6edb46fbf4c5
2335.HK,90000,647,11,"90,000            647",https://www1.hkexnews.hk/listedco/listconews/sehk/2026/0623/2026062301227.pdf,274256376882fd11243965b7338081011f862a38cd03e752f0df6edb46fbf4c5
2335.HK,100000,4429,11,"100,000            4,429",https://www1.hkexnews.hk/listedco/listconews/sehk/2026/0623/2026062301227.pdf,274256376882fd11243965b7338081011f862a38cd03e752f0df6edb46fbf4c5
2335.HK,200000,4791,11,"200,000            4,791",https://www1.hkexnews.hk/listedco/listconews/sehk/2026/0623/2026062301227.pdf,274256376882fd11243965b7338081011f862a38cd03e752f0df6edb46fbf4c5
2335.HK,300000,4433,12,"300,000            4,433",https://www1.hkexnews.hk/listedco/listconews/sehk/2026/0623/2026062301227.pdf,274256376882fd11243965b7338081011f862a38cd03e752f0df6edb46fbf4c5
2335.HK,400000,912,12,"400,000            912",https://www1.hkexnews.hk/listedco/listconews/sehk/2026/0623/2026062301227.pdf,274256376882fd11243965b7338081011f862a38cd03e752f0df6edb46fbf4c5
2335.HK,500000,725,12,"500,000            725",https://www1.hkexnews.hk/listedco/listconews/sehk/2026/0623/2026062301227.pdf,274256376882fd11243965b7338081011f862a38cd03e752f0df6edb46fbf4c5
2335.HK,600000,348,12,"600,000            348",https://www1.hkexnews.hk/listedco/listconews/sehk/2026/0623/2026062301227.pdf,274256376882fd11243965b7338081011f862a38cd03e752f0df6edb46fbf4c5
2335.HK,700000,339,12,"700,000            339",https://www1.hkexnews.hk/listedco/listconews/sehk/2026/0623/2026062301227.pdf,274256376882fd11243965b7338081011f862a38cd03e752f0df6edb46fbf4c5
2335.HK,800000,204,12,"800,000            204",https://www1.hkexnews.hk/listedco/listconews/sehk/2026/0623/2026062301227.pdf,274256376882fd11243965b7338081011f862a38cd03e752f0df6edb46fbf4c5
2335.HK,900000,123,12,"900,000            123",https://www1.hkexnews.hk/listedco/listconews/sehk/2026/0623/2026062301227.pdf,274256376882fd11243965b7338081011f862a38cd03e752f0df6edb46fbf4c5
2335.HK,1000000,618,12,"1,000,000            618",https://www1.hkexnews.hk/listedco/listconews/sehk/2026/0623/2026062301227.pdf,274256376882fd11243965b7338081011f862a38cd03e752f0df6edb46fbf4c5
2335.HK,2000000,126,12,"2,000,000            126",https://www1.hkexnews.hk/listedco/listconews/sehk/2026/0623/2026062301227.pdf,274256376882fd11243965b7338081011f862a38cd03e752f0df6edb46fbf4c5
2335.HK,2902800,323,12,"2,902,800            323",https://www1.hkexnews.hk/listedco/listconews/sehk/2026/0623/2026062301227.pdf,274256376882fd11243965b7338081011f862a38cd03e752f0df6edb46fbf4c5
6106.HK,50,70566,16,"50             70,566",https://www1.hkexnews.hk/listedco/listconews/sehk/2026/0623/2026062302143.pdf,7c7cb13f63aaa8ad431b0602bc44618459292f1d83c0d81387d4dd573a152380
6106.HK,100,10449,16,"100             10,449",https://www1.hkexnews.hk/listedco/listconews/sehk/2026/0623/2026062302143.pdf,7c7cb13f63aaa8ad431b0602bc44618459292f1d83c0d81387d4dd573a152380
6106.HK,150,5530,16,"150              5,530",https://www1.hkexnews.hk/listedco/listconews/sehk/2026/0623/2026062302143.pdf,7c7cb13f63aaa8ad431b0602bc44618459292f1d83c0d81387d4dd573a152380
6106.HK,200,4371,16,"200              4,371",https://www1.hkexnews.hk/listedco/listconews/sehk/2026/0623/2026062302143.pdf,7c7cb13f63aaa8ad431b0602bc44618459292f1d83c0d81387d4dd573a152380
6106.HK,250,3763,16,"250              3,763",https://www1.hkexnews.hk/listedco/listconews/sehk/2026/0623/2026062302143.pdf,7c7cb13f63aaa8ad431b0602bc44618459292f1d83c0d81387d4dd573a152380
6106.HK,300,3298,16,"300              3,298",https://www1.hkexnews.hk/listedco/listconews/sehk/2026/0623/2026062302143.pdf,7c7cb13f63aaa8ad431b0602bc44618459292f1d83c0d81387d4dd573a152380
6106.HK,350,3045,16,"350              3,045",https://www1.hkexnews.hk/listedco/listconews/sehk/2026/0623/2026062302143.pdf,7c7cb13f63aaa8ad431b0602bc44618459292f1d83c0d81387d4dd573a152380
6106.HK,400,2617,16,"400              2,617",https://www1.hkexnews.hk/listedco/listconews/sehk/2026/0623/2026062302143.pdf,7c7cb13f63aaa8ad431b0602bc44618459292f1d83c0d81387d4dd573a152380
6106.HK,450,14742,16,"450             14,742",https://www1.hkexnews.hk/listedco/listconews/sehk/2026/0623/2026062302143.pdf,7c7cb13f63aaa8ad431b0602bc44618459292f1d83c0d81387d4dd573a152380
6106.HK,500,7310,16,"500              7,310",https://www1.hkexnews.hk/listedco/listconews/sehk/2026/0623/2026062302143.pdf,7c7cb13f63aaa8ad431b0602bc44618459292f1d83c0d81387d4dd573a152380
6106.HK,600,3410,16,"600              3,410",https://www1.hkexnews.hk/listedco/listconews/sehk/2026/0623/2026062302143.pdf,7c7cb13f63aaa8ad431b0602bc44618459292f1d83c0d81387d4dd573a152380
6106.HK,700,2370,16,"700              2,370",https://www1.hkexnews.hk/listedco/listconews/sehk/2026/0623/2026062302143.pdf,7c7cb13f63aaa8ad431b0602bc44618459292f1d83c0d81387d4dd573a152380
6106.HK,800,1765,16,"800              1,765",https://www1.hkexnews.hk/listedco/listconews/sehk/2026/0623/2026062302143.pdf,7c7cb13f63aaa8ad431b0602bc44618459292f1d83c0d81387d4dd573a152380
6106.HK,900,3854,16,"900              3,854",https://www1.hkexnews.hk/listedco/listconews/sehk/2026/0623/2026062302143.pdf,7c7cb13f63aaa8ad431b0602bc44618459292f1d83c0d81387d4dd573a152380
6106.HK,1000,6394,16,"1,000              6,394",https://www1.hkexnews.hk/listedco/listconews/sehk/2026/0623/2026062302143.pdf,7c7cb13f63aaa8ad431b0602bc44618459292f1d83c0d81387d4dd573a152380
6106.HK,1500,4303,16,"1,500              4,303",https://www1.hkexnews.hk/listedco/listconews/sehk/2026/0623/2026062302143.pdf,7c7cb13f63aaa8ad431b0602bc44618459292f1d83c0d81387d4dd573a152380
6106.HK,2000,3327,16,"2,000              3,327",https://www1.hkexnews.hk/listedco/listconews/sehk/2026/0623/2026062302143.pdf,7c7cb13f63aaa8ad431b0602bc44618459292f1d83c0d81387d4dd573a152380
6106.HK,2500,2527,16,"2,500              2,527",https://www1.hkexnews.hk/listedco/listconews/sehk/2026/0623/2026062302143.pdf,7c7cb13f63aaa8ad431b0602bc44618459292f1d83c0d81387d4dd573a152380
6106.HK,3000,2395,16,"3,000              2,395",https://www1.hkexnews.hk/listedco/listconews/sehk/2026/0623/2026062302143.pdf,7c7cb13f63aaa8ad431b0602bc44618459292f1d83c0d81387d4dd573a152380
6106.HK,3500,1832,16,"3,500              1,832",https://www1.hkexnews.hk/listedco/listconews/sehk/2026/0623/2026062302143.pdf,7c7cb13f63aaa8ad431b0602bc44618459292f1d83c0d81387d4dd573a152380
6106.HK,4000,1780,16,"4,000              1,780",https://www1.hkexnews.hk/listedco/listconews/sehk/2026/0623/2026062302143.pdf,7c7cb13f63aaa8ad431b0602bc44618459292f1d83c0d81387d4dd573a152380
6106.HK,4500,1450,16,"4,500              1,450",https://www1.hkexnews.hk/listedco/listconews/sehk/2026/0623/2026062302143.pdf,7c7cb13f63aaa8ad431b0602bc44618459292f1d83c0d81387d4dd573a152380
6106.HK,5000,3436,16,"5,000              3,436",https://www1.hkexnews.hk/listedco/listconews/sehk/2026/0623/2026062302143.pdf,7c7cb13f63aaa8ad431b0602bc44618459292f1d83c0d81387d4dd573a152380
6106.HK,6000,2496,16,"6,000              2,496",https://www1.hkexnews.hk/listedco/listconews/sehk/2026/0623/2026062302143.pdf,7c7cb13f63aaa8ad431b0602bc44618459292f1d83c0d81387d4dd573a152380
6106.HK,7000,3053,16,"7,000              3,053",https://www1.hkexnews.hk/listedco/listconews/sehk/2026/0623/2026062302143.pdf,7c7cb13f63aaa8ad431b0602bc44618459292f1d83c0d81387d4dd573a152380
6106.HK,8000,1672,16,"8,000              1,672",https://www1.hkexnews.hk/listedco/listconews/sehk/2026/0623/2026062302143.pdf,7c7cb13f63aaa8ad431b0602bc44618459292f1d83c0d81387d4dd573a152380
6106.HK,9000,1424,16,"9,000              1,424",https://www1.hkexnews.hk/listedco/listconews/sehk/2026/0623/2026062302143.pdf,7c7cb13f63aaa8ad431b0602bc44618459292f1d83c0d81387d4dd573a152380
6106.HK,10000,8958,16,"10,000              8,958",https://www1.hkexnews.hk/listedco/listconews/sehk/2026/0623/2026062302143.pdf,7c7cb13f63aaa8ad431b0602bc44618459292f1d83c0d81387d4dd573a152380
6106.HK,20000,6846,16,"20,000              6,846",https://www1.hkexnews.hk/listedco/listconews/sehk/2026/0623/2026062302143.pdf,7c7cb13f63aaa8ad431b0602bc44618459292f1d83c0d81387d4dd573a152380
6106.HK,30000,4268,16,"30,000              4,268",https://www1.hkexnews.hk/listedco/listconews/sehk/2026/0623/2026062302143.pdf,7c7cb13f63aaa8ad431b0602bc44618459292f1d83c0d81387d4dd573a152380
6106.HK,40000,7179,16,"40,000              7,179",https://www1.hkexnews.hk/listedco/listconews/sehk/2026/0623/2026062302143.pdf,7c7cb13f63aaa8ad431b0602bc44618459292f1d83c0d81387d4dd573a152380
6106.HK,50000,7560,17,"50,000              7,560",https://www1.hkexnews.hk/listedco/listconews/sehk/2026/0623/2026062302143.pdf,7c7cb13f63aaa8ad431b0602bc44618459292f1d83c0d81387d4dd573a152380
6106.HK,60000,2376,17,"60,000              2,376",https://www1.hkexnews.hk/listedco/listconews/sehk/2026/0623/2026062302143.pdf,7c7cb13f63aaa8ad431b0602bc44618459292f1d83c0d81387d4dd573a152380
6106.HK,70000,2373,17,"70,000              2,373",https://www1.hkexnews.hk/listedco/listconews/sehk/2026/0623/2026062302143.pdf,7c7cb13f63aaa8ad431b0602bc44618459292f1d83c0d81387d4dd573a152380
6106.HK,80000,1249,17,"80,000              1,249",https://www1.hkexnews.hk/listedco/listconews/sehk/2026/0623/2026062302143.pdf,7c7cb13f63aaa8ad431b0602bc44618459292f1d83c0d81387d4dd573a152380
6106.HK,90000,725,17,"90,000              725",https://www1.hkexnews.hk/listedco/listconews/sehk/2026/0623/2026062302143.pdf,7c7cb13f63aaa8ad431b0602bc44618459292f1d83c0d81387d4dd573a152380
6106.HK,100000,2713,17,"100,000              2,713",https://www1.hkexnews.hk/listedco/listconews/sehk/2026/0623/2026062302143.pdf,7c7cb13f63aaa8ad431b0602bc44618459292f1d83c0d81387d4dd573a152380
6106.HK,150000,1599,17,"150,000              1,599",https://www1.hkexnews.hk/listedco/listconews/sehk/2026/0623/2026062302143.pdf,7c7cb13f63aaa8ad431b0602bc44618459292f1d83c0d81387d4dd573a152380
6106.HK,200000,1376,17,"200,000              1,376",https://www1.hkexnews.hk/listedco/listconews/sehk/2026/0623/2026062302143.pdf,7c7cb13f63aaa8ad431b0602bc44618459292f1d83c0d81387d4dd573a152380
6106.HK,262450,2565,17,"262,450              2,565",https://www1.hkexnews.hk/listedco/listconews/sehk/2026/0623/2026062302143.pdf,7c7cb13f63aaa8ad431b0602bc44618459292f1d83c0d81387d4dd573a152380
3952.HK,100,63206,14,"100         63,206",https://www1.hkexnews.hk/listedco/listconews/sehk/2026/0629/2026062902089.pdf,d9cbbb911b5c343ca91ca78f099fe5bfc1433b022985aa6f8d30c216c98a6a8f
3952.HK,200,7754,14,"200           7,754",https://www1.hkexnews.hk/listedco/listconews/sehk/2026/0629/2026062902089.pdf,d9cbbb911b5c343ca91ca78f099fe5bfc1433b022985aa6f8d30c216c98a6a8f
3952.HK,300,5117,14,"300           5,117",https://www1.hkexnews.hk/listedco/listconews/sehk/2026/0629/2026062902089.pdf,d9cbbb911b5c343ca91ca78f099fe5bfc1433b022985aa6f8d30c216c98a6a8f
3952.HK,400,3421,14,"400           3,421",https://www1.hkexnews.hk/listedco/listconews/sehk/2026/0629/2026062902089.pdf,d9cbbb911b5c343ca91ca78f099fe5bfc1433b022985aa6f8d30c216c98a6a8f
3952.HK,500,17665,14,"500         17,665",https://www1.hkexnews.hk/listedco/listconews/sehk/2026/0629/2026062902089.pdf,d9cbbb911b5c343ca91ca78f099fe5bfc1433b022985aa6f8d30c216c98a6a8f
3952.HK,600,3061,14,"600           3,061",https://www1.hkexnews.hk/listedco/listconews/sehk/2026/0629/2026062902089.pdf,d9cbbb911b5c343ca91ca78f099fe5bfc1433b022985aa6f8d30c216c98a6a8f
3952.HK,700,1686,14,"700           1,686",https://www1.hkexnews.hk/listedco/listconews/sehk/2026/0629/2026062902089.pdf,d9cbbb911b5c343ca91ca78f099fe5bfc1433b022985aa6f8d30c216c98a6a8f
3952.HK,800,1569,14,"800           1,569",https://www1.hkexnews.hk/listedco/listconews/sehk/2026/0629/2026062902089.pdf,d9cbbb911b5c343ca91ca78f099fe5bfc1433b022985aa6f8d30c216c98a6a8f
3952.HK,900,1051,14,"900           1,051",https://www1.hkexnews.hk/listedco/listconews/sehk/2026/0629/2026062902089.pdf,d9cbbb911b5c343ca91ca78f099fe5bfc1433b022985aa6f8d30c216c98a6a8f
3952.HK,1000,9827,14,"1,000           9,827",https://www1.hkexnews.hk/listedco/listconews/sehk/2026/0629/2026062902089.pdf,d9cbbb911b5c343ca91ca78f099fe5bfc1433b022985aa6f8d30c216c98a6a8f
3952.HK,1500,3021,14,"1,500           3,021",https://www1.hkexnews.hk/listedco/listconews/sehk/2026/0629/2026062902089.pdf,d9cbbb911b5c343ca91ca78f099fe5bfc1433b022985aa6f8d30c216c98a6a8f
3952.HK,2000,2946,14,"2,000           2,946",https://www1.hkexnews.hk/listedco/listconews/sehk/2026/0629/2026062902089.pdf,d9cbbb911b5c343ca91ca78f099fe5bfc1433b022985aa6f8d30c216c98a6a8f
3952.HK,2500,2049,14,"2,500           2,049",https://www1.hkexnews.hk/listedco/listconews/sehk/2026/0629/2026062902089.pdf,d9cbbb911b5c343ca91ca78f099fe5bfc1433b022985aa6f8d30c216c98a6a8f
3952.HK,3000,2182,14,"3,000           2,182",https://www1.hkexnews.hk/listedco/listconews/sehk/2026/0629/2026062902089.pdf,d9cbbb911b5c343ca91ca78f099fe5bfc1433b022985aa6f8d30c216c98a6a8f
3952.HK,3500,1633,14,"3,500           1,633",https://www1.hkexnews.hk/listedco/listconews/sehk/2026/0629/2026062902089.pdf,d9cbbb911b5c343ca91ca78f099fe5bfc1433b022985aa6f8d30c216c98a6a8f
3952.HK,4000,1511,14,"4,000           1,511",https://www1.hkexnews.hk/listedco/listconews/sehk/2026/0629/2026062902089.pdf,d9cbbb911b5c343ca91ca78f099fe5bfc1433b022985aa6f8d30c216c98a6a8f
3952.HK,4500,1303,14,"4,500           1,303",https://www1.hkexnews.hk/listedco/listconews/sehk/2026/0629/2026062902089.pdf,d9cbbb911b5c343ca91ca78f099fe5bfc1433b022985aa6f8d30c216c98a6a8f
3952.HK,5000,2915,14,"5,000           2,915",https://www1.hkexnews.hk/listedco/listconews/sehk/2026/0629/2026062902089.pdf,d9cbbb911b5c343ca91ca78f099fe5bfc1433b022985aa6f8d30c216c98a6a8f
3952.HK,6000,2387,14,"6,000           2,387",https://www1.hkexnews.hk/listedco/listconews/sehk/2026/0629/2026062902089.pdf,d9cbbb911b5c343ca91ca78f099fe5bfc1433b022985aa6f8d30c216c98a6a8f
3952.HK,7000,1934,14,"7,000           1,934",https://www1.hkexnews.hk/listedco/listconews/sehk/2026/0629/2026062902089.pdf,d9cbbb911b5c343ca91ca78f099fe5bfc1433b022985aa6f8d30c216c98a6a8f
3952.HK,8000,1644,14,"8,000           1,644",https://www1.hkexnews.hk/listedco/listconews/sehk/2026/0629/2026062902089.pdf,d9cbbb911b5c343ca91ca78f099fe5bfc1433b022985aa6f8d30c216c98a6a8f
3952.HK,9000,1239,14,"9,000           1,239",https://www1.hkexnews.hk/listedco/listconews/sehk/2026/0629/2026062902089.pdf,d9cbbb911b5c343ca91ca78f099fe5bfc1433b022985aa6f8d30c216c98a6a8f
3952.HK,10000,7917,14,"10,000           7,917",https://www1.hkexnews.hk/listedco/listconews/sehk/2026/0629/2026062902089.pdf,d9cbbb911b5c343ca91ca78f099fe5bfc1433b022985aa6f8d30c216c98a6a8f
3952.HK,20000,5648,14,"20,000           5,648",https://www1.hkexnews.hk/listedco/listconews/sehk/2026/0629/2026062902089.pdf,d9cbbb911b5c343ca91ca78f099fe5bfc1433b022985aa6f8d30c216c98a6a8f
3952.HK,30000,4205,14,"30,000           4,205",https://www1.hkexnews.hk/listedco/listconews/sehk/2026/0629/2026062902089.pdf,d9cbbb911b5c343ca91ca78f099fe5bfc1433b022985aa6f8d30c216c98a6a8f
3952.HK,40000,2614,14,"40,000           2,614",https://www1.hkexnews.hk/listedco/listconews/sehk/2026/0629/2026062902089.pdf,d9cbbb911b5c343ca91ca78f099fe5bfc1433b022985aa6f8d30c216c98a6a8f
3952.HK,50000,4478,14,"50,000           4,478",https://www1.hkexnews.hk/listedco/listconews/sehk/2026/0629/2026062902089.pdf,d9cbbb911b5c343ca91ca78f099fe5bfc1433b022985aa6f8d30c216c98a6a8f
3952.HK,60000,6419,15,"60,000           6,419",https://www1.hkexnews.hk/listedco/listconews/sehk/2026/0629/2026062902089.pdf,d9cbbb911b5c343ca91ca78f099fe5bfc1433b022985aa6f8d30c216c98a6a8f
3952.HK,70000,1835,15,"70,000           1,835",https://www1.hkexnews.hk/listedco/listconews/sehk/2026/0629/2026062902089.pdf,d9cbbb911b5c343ca91ca78f099fe5bfc1433b022985aa6f8d30c216c98a6a8f
3952.HK,80000,1283,15,"80,000           1,283",https://www1.hkexnews.hk/listedco/listconews/sehk/2026/0629/2026062902089.pdf,d9cbbb911b5c343ca91ca78f099fe5bfc1433b022985aa6f8d30c216c98a6a8f
3952.HK,90000,982,15,"90,000           982",https://www1.hkexnews.hk/listedco/listconews/sehk/2026/0629/2026062902089.pdf,d9cbbb911b5c343ca91ca78f099fe5bfc1433b022985aa6f8d30c216c98a6a8f
3952.HK,100000,2838,15,"100,000           2,838",https://www1.hkexnews.hk/listedco/listconews/sehk/2026/0629/2026062902089.pdf,d9cbbb911b5c343ca91ca78f099fe5bfc1433b022985aa6f8d30c216c98a6a8f
3952.HK,150000,1654,15,"150,000           1,654",https://www1.hkexnews.hk/listedco/listconews/sehk/2026/0629/2026062902089.pdf,d9cbbb911b5c343ca91ca78f099fe5bfc1433b022985aa6f8d30c216c98a6a8f
3952.HK,200000,1035,15,"200,000           1,035",https://www1.hkexnews.hk/listedco/listconews/sehk/2026/0629/2026062902089.pdf,d9cbbb911b5c343ca91ca78f099fe5bfc1433b022985aa6f8d30c216c98a6a8f
3952.HK,250000,651,15,"250,000           651",https://www1.hkexnews.hk/listedco/listconews/sehk/2026/0629/2026062902089.pdf,d9cbbb911b5c343ca91ca78f099fe5bfc1433b022985aa6f8d30c216c98a6a8f
3952.HK,300000,345,15,"300,000           345",https://www1.hkexnews.hk/listedco/listconews/sehk/2026/0629/2026062902089.pdf,d9cbbb911b5c343ca91ca78f099fe5bfc1433b022985aa6f8d30c216c98a6a8f
3952.HK,336000,1712,15,"336,000           1,712",https://www1.hkexnews.hk/listedco/listconews/sehk/2026/0629/2026062902089.pdf,d9cbbb911b5c343ca91ca78f099fe5bfc1433b022985aa6f8d30c216c98a6a8f
2667.HK,500,31095,12,"500            31,095",https://www1.hkexnews.hk/listedco/listconews/sehk/2026/0706/2026070602117.pdf,c292eb3b9186284256254a45f41682edee8e951ccf5926662cbdc8c17068ad8b
2667.HK,1000,4943,12,"1,000              4,943",https://www1.hkexnews.hk/listedco/listconews/sehk/2026/0706/2026070602117.pdf,c292eb3b9186284256254a45f41682edee8e951ccf5926662cbdc8c17068ad8b
2667.HK,1500,11161,12,"1,500            11,161",https://www1.hkexnews.hk/listedco/listconews/sehk/2026/0706/2026070602117.pdf,c292eb3b9186284256254a45f41682edee8e951ccf5926662cbdc8c17068ad8b
2667.HK,2000,1637,12,"2,000              1,637",https://www1.hkexnews.hk/listedco/listconews/sehk/2026/0706/2026070602117.pdf,c292eb3b9186284256254a45f41682edee8e951ccf5926662cbdc8c17068ad8b
2667.HK,2500,1193,12,"2,500              1,193",https://www1.hkexnews.hk/listedco/listconews/sehk/2026/0706/2026070602117.pdf,c292eb3b9186284256254a45f41682edee8e951ccf5926662cbdc8c17068ad8b
2667.HK,3000,716,12,"3,000              716",https://www1.hkexnews.hk/listedco/listconews/sehk/2026/0706/2026070602117.pdf,c292eb3b9186284256254a45f41682edee8e951ccf5926662cbdc8c17068ad8b
2667.HK,3500,378,12,"3,500              378",https://www1.hkexnews.hk/listedco/listconews/sehk/2026/0706/2026070602117.pdf,c292eb3b9186284256254a45f41682edee8e951ccf5926662cbdc8c17068ad8b
2667.HK,4000,340,12,"4,000              340",https://www1.hkexnews.hk/listedco/listconews/sehk/2026/0706/2026070602117.pdf,c292eb3b9186284256254a45f41682edee8e951ccf5926662cbdc8c17068ad8b
2667.HK,4500,261,12,"4,500              261",https://www1.hkexnews.hk/listedco/listconews/sehk/2026/0706/2026070602117.pdf,c292eb3b9186284256254a45f41682edee8e951ccf5926662cbdc8c17068ad8b
2667.HK,5000,3022,12,"5,000              3,022",https://www1.hkexnews.hk/listedco/listconews/sehk/2026/0706/2026070602117.pdf,c292eb3b9186284256254a45f41682edee8e951ccf5926662cbdc8c17068ad8b
2667.HK,6000,351,12,"6,000              351",https://www1.hkexnews.hk/listedco/listconews/sehk/2026/0706/2026070602117.pdf,c292eb3b9186284256254a45f41682edee8e951ccf5926662cbdc8c17068ad8b
2667.HK,7000,1669,12,"7,000              1,669",https://www1.hkexnews.hk/listedco/listconews/sehk/2026/0706/2026070602117.pdf,c292eb3b9186284256254a45f41682edee8e951ccf5926662cbdc8c17068ad8b
2667.HK,8000,366,13,"8,000              366",https://www1.hkexnews.hk/listedco/listconews/sehk/2026/0706/2026070602117.pdf,c292eb3b9186284256254a45f41682edee8e951ccf5926662cbdc8c17068ad8b
2667.HK,9000,206,13,"9,000              206",https://www1.hkexnews.hk/listedco/listconews/sehk/2026/0706/2026070602117.pdf,c292eb3b9186284256254a45f41682edee8e951ccf5926662cbdc8c17068ad8b
2667.HK,10000,1074,13,"10,000              1,074",https://www1.hkexnews.hk/listedco/listconews/sehk/2026/0706/2026070602117.pdf,c292eb3b9186284256254a45f41682edee8e951ccf5926662cbdc8c17068ad8b
2667.HK,15000,1297,13,"15,000              1,297",https://www1.hkexnews.hk/listedco/listconews/sehk/2026/0706/2026070602117.pdf,c292eb3b9186284256254a45f41682edee8e951ccf5926662cbdc8c17068ad8b
2667.HK,20000,503,13,"20,000              503",https://www1.hkexnews.hk/listedco/listconews/sehk/2026/0706/2026070602117.pdf,c292eb3b9186284256254a45f41682edee8e951ccf5926662cbdc8c17068ad8b
2667.HK,25000,403,13,"25,000              403",https://www1.hkexnews.hk/listedco/listconews/sehk/2026/0706/2026070602117.pdf,c292eb3b9186284256254a45f41682edee8e951ccf5926662cbdc8c17068ad8b
2667.HK,30000,301,13,"30,000              301",https://www1.hkexnews.hk/listedco/listconews/sehk/2026/0706/2026070602117.pdf,c292eb3b9186284256254a45f41682edee8e951ccf5926662cbdc8c17068ad8b
2667.HK,35000,195,13,"35,000              195",https://www1.hkexnews.hk/listedco/listconews/sehk/2026/0706/2026070602117.pdf,c292eb3b9186284256254a45f41682edee8e951ccf5926662cbdc8c17068ad8b
2667.HK,40000,183,13,"40,000              183",https://www1.hkexnews.hk/listedco/listconews/sehk/2026/0706/2026070602117.pdf,c292eb3b9186284256254a45f41682edee8e951ccf5926662cbdc8c17068ad8b
2667.HK,45000,117,13,"45,000              117",https://www1.hkexnews.hk/listedco/listconews/sehk/2026/0706/2026070602117.pdf,c292eb3b9186284256254a45f41682edee8e951ccf5926662cbdc8c17068ad8b
2667.HK,50000,628,13,"50,000              628",https://www1.hkexnews.hk/listedco/listconews/sehk/2026/0706/2026070602117.pdf,c292eb3b9186284256254a45f41682edee8e951ccf5926662cbdc8c17068ad8b
2667.HK,60000,193,13,"60,000              193",https://www1.hkexnews.hk/listedco/listconews/sehk/2026/0706/2026070602117.pdf,c292eb3b9186284256254a45f41682edee8e951ccf5926662cbdc8c17068ad8b
2667.HK,70000,161,13,"70,000              161",https://www1.hkexnews.hk/listedco/listconews/sehk/2026/0706/2026070602117.pdf,c292eb3b9186284256254a45f41682edee8e951ccf5926662cbdc8c17068ad8b
2667.HK,80000,213,13,"80,000              213",https://www1.hkexnews.hk/listedco/listconews/sehk/2026/0706/2026070602117.pdf,c292eb3b9186284256254a45f41682edee8e951ccf5926662cbdc8c17068ad8b
2667.HK,90000,123,13,"90,000              123",https://www1.hkexnews.hk/listedco/listconews/sehk/2026/0706/2026070602117.pdf,c292eb3b9186284256254a45f41682edee8e951ccf5926662cbdc8c17068ad8b
2667.HK,100000,885,13,"100,000              885",https://www1.hkexnews.hk/listedco/listconews/sehk/2026/0706/2026070602117.pdf,c292eb3b9186284256254a45f41682edee8e951ccf5926662cbdc8c17068ad8b
2667.HK,200000,507,13,"200,000              507",https://www1.hkexnews.hk/listedco/listconews/sehk/2026/0706/2026070602117.pdf,c292eb3b9186284256254a45f41682edee8e951ccf5926662cbdc8c17068ad8b
2667.HK,300000,298,13,"300,000              298",https://www1.hkexnews.hk/listedco/listconews/sehk/2026/0706/2026070602117.pdf,c292eb3b9186284256254a45f41682edee8e951ccf5926662cbdc8c17068ad8b
2667.HK,400000,220,13,"400,000              220",https://www1.hkexnews.hk/listedco/listconews/sehk/2026/0706/2026070602117.pdf,c292eb3b9186284256254a45f41682edee8e951ccf5926662cbdc8c17068ad8b
2667.HK,500000,200,13,"500,000              200",https://www1.hkexnews.hk/listedco/listconews/sehk/2026/0706/2026070602117.pdf,c292eb3b9186284256254a45f41682edee8e951ccf5926662cbdc8c17068ad8b
2667.HK,600000,126,13,"600,000              126",https://www1.hkexnews.hk/listedco/listconews/sehk/2026/0706/2026070602117.pdf,c292eb3b9186284256254a45f41682edee8e951ccf5926662cbdc8c17068ad8b
2667.HK,700000,95,13,"700,000               95",https://www1.hkexnews.hk/listedco/listconews/sehk/2026/0706/2026070602117.pdf,c292eb3b9186284256254a45f41682edee8e951ccf5926662cbdc8c17068ad8b
2667.HK,800000,238,13,"800,000              238",https://www1.hkexnews.hk/listedco/listconews/sehk/2026/0706/2026070602117.pdf,c292eb3b9186284256254a45f41682edee8e951ccf5926662cbdc8c17068ad8b
2667.HK,900000,484,13,"900,000              484",https://www1.hkexnews.hk/listedco/listconews/sehk/2026/0706/2026070602117.pdf,c292eb3b9186284256254a45f41682edee8e951ccf5926662cbdc8c17068ad8b
2667.HK,1000000,333,13,"1,000,000              333",https://www1.hkexnews.hk/listedco/listconews/sehk/2026/0706/2026070602117.pdf,c292eb3b9186284256254a45f41682edee8e951ccf5926662cbdc8c17068ad8b
2667.HK,2000000,110,13,"2,000,000              110",https://www1.hkexnews.hk/listedco/listconews/sehk/2026/0706/2026070602117.pdf,c292eb3b9186284256254a45f41682edee8e951ccf5926662cbdc8c17068ad8b
2667.HK,3000000,84,13,"3,000,000               84",https://www1.hkexnews.hk/listedco/listconews/sehk/2026/0706/2026070602117.pdf,c292eb3b9186284256254a45f41682edee8e951ccf5926662cbdc8c17068ad8b
2667.HK,5407500,81,13,"5,407,500               81",https://www1.hkexnews.hk/listedco/listconews/sehk/2026/0706/2026070602117.pdf,c292eb3b9186284256254a45f41682edee8e951ccf5926662cbdc8c17068ad8b
6880.HK,20,86896,23,"20              86,896",https://www1.hkexnews.hk/listedco/listconews/sehk/2026/0707/2026070701963.pdf,2ad74cfab08b6331fe9e064e257fce09043a6690af980fabac15d8d9ea1d79ad
6880.HK,40,9962,23,"40                9,962",https://www1.hkexnews.hk/listedco/listconews/sehk/2026/0707/2026070701963.pdf,2ad74cfab08b6331fe9e064e257fce09043a6690af980fabac15d8d9ea1d79ad
6880.HK,60,3920,23,"60                3,920",https://www1.hkexnews.hk/listedco/listconews/sehk/2026/0707/2026070701963.pdf,2ad74cfab08b6331fe9e064e257fce09043a6690af980fabac15d8d9ea1d79ad
6880.HK,80,2629,23,"80                2,629",https://www1.hkexnews.hk/listedco/listconews/sehk/2026/0707/2026070701963.pdf,2ad74cfab08b6331fe9e064e257fce09043a6690af980fabac15d8d9ea1d79ad
6880.HK,100,3922,23,"100                3,922",https://www1.hkexnews.hk/listedco/listconews/sehk/2026/0707/2026070701963.pdf,2ad74cfab08b6331fe9e064e257fce09043a6690af980fabac15d8d9ea1d79ad
6880.HK,120,1888,23,"120                1,888",https://www1.hkexnews.hk/listedco/listconews/sehk/2026/0707/2026070701963.pdf,2ad74cfab08b6331fe9e064e257fce09043a6690af980fabac15d8d9ea1d79ad
6880.HK,140,1710,23,"140                1,710",https://www1.hkexnews.hk/listedco/listconews/sehk/2026/0707/2026070701963.pdf,2ad74cfab08b6331fe9e064e257fce09043a6690af980fabac15d8d9ea1d79ad
6880.HK,160,11079,23,"160              11,079",https://www1.hkexnews.hk/listedco/listconews/sehk/2026/0707/2026070701963.pdf,2ad74cfab08b6331fe9e064e257fce09043a6690af980fabac15d8d9ea1d79ad
6880.HK,180,1625,23,"180                1,625",https://www1.hkexnews.hk/listedco/listconews/sehk/2026/0707/2026070701963.pdf,2ad74cfab08b6331fe9e064e257fce09043a6690af980fabac15d8d9ea1d79ad
6880.HK,200,8338,23,"200                8,338",https://www1.hkexnews.hk/listedco/listconews/sehk/2026/0707/2026070701963.pdf,2ad74cfab08b6331fe9e064e257fce09043a6690af980fabac15d8d9ea1d79ad
6880.HK,300,8157,23,"300                8,157",https://www1.hkexnews.hk/listedco/listconews/sehk/2026/0707/2026070701963.pdf,2ad74cfab08b6331fe9e064e257fce09043a6690af980fabac15d8d9ea1d79ad
6880.HK,400,3422,23,"400                3,422",https://www1.hkexnews.hk/listedco/listconews/sehk/2026/0707/2026070701963.pdf,2ad74cfab08b6331fe9e064e257fce09043a6690af980fabac15d8d9ea1d79ad
6880.HK,500,2349,23,"500                2,349",https://www1.hkexnews.hk/listedco/listconews/sehk/2026/0707/2026070701963.pdf,2ad74cfab08b6331fe9e064e257fce09043a6690af980fabac15d8d9ea1d79ad
6880.HK,600,2455,23,"600                2,455",https://www1.hkexnews.hk/listedco/listconews/sehk/2026/0707/2026070701963.pdf,2ad74cfab08b6331fe9e064e257fce09043a6690af980fabac15d8d9ea1d79ad
6880.HK,700,1745,23,"700                1,745",https://www1.hkexnews.hk/listedco/listconews/sehk/2026/0707/2026070701963.pdf,2ad74cfab08b6331fe9e064e257fce09043a6690af980fabac15d8d9ea1d79ad
6880.HK,800,1923,23,"800                1,923",https://www1.hkexnews.hk/listedco/listconews/sehk/2026/0707/2026070701963.pdf,2ad74cfab08b6331fe9e064e257fce09043a6690af980fabac15d8d9ea1d79ad
6880.HK,900,1190,23,"900                1,190",https://www1.hkexnews.hk/listedco/listconews/sehk/2026/0707/2026070701963.pdf,2ad74cfab08b6331fe9e064e257fce09043a6690af980fabac15d8d9ea1d79ad
6880.HK,1000,8590,23,"1,000                8,590",https://www1.hkexnews.hk/listedco/listconews/sehk/2026/0707/2026070701963.pdf,2ad74cfab08b6331fe9e064e257fce09043a6690af980fabac15d8d9ea1d79ad
6880.HK,2000,7380,23,"2,000                7,380",https://www1.hkexnews.hk/listedco/listconews/sehk/2026/0707/2026070701963.pdf,2ad74cfab08b6331fe9e064e257fce09043a6690af980fabac15d8d9ea1d79ad
6880.HK,3000,4141,23,"3,000                4,141",https://www1.hkexnews.hk/listedco/listconews/sehk/2026/0707/2026070701963.pdf,2ad74cfab08b6331fe9e064e257fce09043a6690af980fabac15d8d9ea1d79ad
6880.HK,4000,3844,23,"4,000                3,844",https://www1.hkexnews.hk/listedco/listconews/sehk/2026/0707/2026070701963.pdf,2ad74cfab08b6331fe9e064e257fce09043a6690af980fabac15d8d9ea1d79ad
6880.HK,5000,2486,23,"5,000                2,486",https://www1.hkexnews.hk/listedco/listconews/sehk/2026/0707/2026070701963.pdf,2ad74cfab08b6331fe9e064e257fce09043a6690af980fabac15d8d9ea1d79ad
6880.HK,6000,2072,23,"6,000                2,072",https://www1.hkexnews.hk/listedco/listconews/sehk/2026/0707/2026070701963.pdf,2ad74cfab08b6331fe9e064e257fce09043a6690af980fabac15d8d9ea1d79ad
6880.HK,7000,1754,23,"7,000                1,754       r",https://www1.hkexnews.hk/listedco/listconews/sehk/2026/0707/2026070701963.pdf,2ad74cfab08b6331fe9e064e257fce09043a6690af980fabac15d8d9ea1d79ad
6880.HK,8000,1190,23,"8,000                1,190       r",https://www1.hkexnews.hk/listedco/listconews/sehk/2026/0707/2026070701963.pdf,2ad74cfab08b6331fe9e064e257fce09043a6690af980fabac15d8d9ea1d79ad
6880.HK,9000,882,23,"9,000                882       r",https://www1.hkexnews.hk/listedco/listconews/sehk/2026/0707/2026070701963.pdf,2ad74cfab08b6331fe9e064e257fce09043a6690af980fabac15d8d9ea1d79ad
6880.HK,10000,9621,23,"10,000                9,621       r",https://www1.hkexnews.hk/listedco/listconews/sehk/2026/0707/2026070701963.pdf,2ad74cfab08b6331fe9e064e257fce09043a6690af980fabac15d8d9ea1d79ad
6880.HK,20000,8930,24,"20,000                8,930       r",https://www1.hkexnews.hk/listedco/listconews/sehk/2026/0707/2026070701963.pdf,2ad74cfab08b6331fe9e064e257fce09043a6690af980fabac15d8d9ea1d79ad
6880.HK,30000,1478,24,"30,000                1,478       r",https://www1.hkexnews.hk/listedco/listconews/sehk/2026/0707/2026070701963.pdf,2ad74cfab08b6331fe9e064e257fce09043a6690af980fabac15d8d9ea1d79ad
6880.HK,40000,943,24,"40,000                943       r",https://www1.hkexnews.hk/listedco/listconews/sehk/2026/0707/2026070701963.pdf,2ad74cfab08b6331fe9e064e257fce09043a6690af980fabac15d8d9ea1d79ad
6880.HK,50000,501,24,"50,000                501       r",https://www1.hkexnews.hk/listedco/listconews/sehk/2026/0707/2026070701963.pdf,2ad74cfab08b6331fe9e064e257fce09043a6690af980fabac15d8d9ea1d79ad
6880.HK,60000,365,24,"60,000                365       r",https://www1.hkexnews.hk/listedco/listconews/sehk/2026/0707/2026070701963.pdf,2ad74cfab08b6331fe9e064e257fce09043a6690af980fabac15d8d9ea1d79ad
6880.HK,70000,276,24,"70,000                276       r",https://www1.hkexnews.hk/listedco/listconews/sehk/2026/0707/2026070701963.pdf,2ad74cfab08b6331fe9e064e257fce09043a6690af980fabac15d8d9ea1d79ad
6880.HK,80000,182,24,"80,000                182       r",https://www1.hkexnews.hk/listedco/listconews/sehk/2026/0707/2026070701963.pdf,2ad74cfab08b6331fe9e064e257fce09043a6690af980fabac15d8d9ea1d79ad
6880.HK,90000,135,24,"90,000                135       r",https://www1.hkexnews.hk/listedco/listconews/sehk/2026/0707/2026070701963.pdf,2ad74cfab08b6331fe9e064e257fce09043a6690af980fabac15d8d9ea1d79ad
6880.HK,100000,568,24,"100,000                568       r",https://www1.hkexnews.hk/listedco/listconews/sehk/2026/0707/2026070701963.pdf,2ad74cfab08b6331fe9e064e257fce09043a6690af980fabac15d8d9ea1d79ad
6880.HK,200000,225,24,"200,000                225       r",https://www1.hkexnews.hk/listedco/listconews/sehk/2026/0707/2026070701963.pdf,2ad74cfab08b6331fe9e064e257fce09043a6690af980fabac15d8d9ea1d79ad
6880.HK,300000,85,24,"300,000                 85       r",https://www1.hkexnews.hk/listedco/listconews/sehk/2026/0707/2026070701963.pdf,2ad74cfab08b6331fe9e064e257fce09043a6690af980fabac15d8d9ea1d79ad
6880.HK,400000,48,24,"400,000                 48       r",https://www1.hkexnews.hk/listedco/listconews/sehk/2026/0707/2026070701963.pdf,2ad74cfab08b6331fe9e064e257fce09043a6690af980fabac15d8d9ea1d79ad
6880.HK,500000,39,24,"500,000                 39       r",https://www1.hkexnews.hk/listedco/listconews/sehk/2026/0707/2026070701963.pdf,2ad74cfab08b6331fe9e064e257fce09043a6690af980fabac15d8d9ea1d79ad
6880.HK,600000,16,24,"600,000                 16       r",https://www1.hkexnews.hk/listedco/listconews/sehk/2026/0707/2026070701963.pdf,2ad74cfab08b6331fe9e064e257fce09043a6690af980fabac15d8d9ea1d79ad
6880.HK,700000,17,24,"700,000                 17       r",https://www1.hkexnews.hk/listedco/listconews/sehk/2026/0707/2026070701963.pdf,2ad74cfab08b6331fe9e064e257fce09043a6690af980fabac15d8d9ea1d79ad
6880.HK,800000,11,24,"800,000                 11       r",https://www1.hkexnews.hk/listedco/listconews/sehk/2026/0707/2026070701963.pdf,2ad74cfab08b6331fe9e064e257fce09043a6690af980fabac15d8d9ea1d79ad
6880.HK,900000,5,24,"900,000                  5       r",https://www1.hkexnews.hk/listedco/listconews/sehk/2026/0707/2026070701963.pdf,2ad74cfab08b6331fe9e064e257fce09043a6690af980fabac15d8d9ea1d79ad
6880.HK,996920,51,24,"996,920                 51       r",https://www1.hkexnews.hk/listedco/listconews/sehk/2026/0707/2026070701963.pdf,2ad74cfab08b6331fe9e064e257fce09043a6690af980fabac15d8d9ea1d79ad
7656.HK,200,68857,15,"200              68,857",https://www1.hkexnews.hk/listedco/listconews/sehk/2026/0707/2026070701895.pdf,a6c65f14f5df88dde2bd4dc8fe5251805de5106816bcf5e992b75f9de71eff85
7656.HK,400,28373,15,"400              28,373",https://www1.hkexnews.hk/listedco/listconews/sehk/2026/0707/2026070701895.pdf,a6c65f14f5df88dde2bd4dc8fe5251805de5106816bcf5e992b75f9de71eff85
7656.HK,600,5566,15,"600               5,566",https://www1.hkexnews.hk/listedco/listconews/sehk/2026/0707/2026070701895.pdf,a6c65f14f5df88dde2bd4dc8fe5251805de5106816bcf5e992b75f9de71eff85
7656.HK,800,1808,15,"800               1,808",https://www1.hkexnews.hk/listedco/listconews/sehk/2026/0707/2026070701895.pdf,a6c65f14f5df88dde2bd4dc8fe5251805de5106816bcf5e992b75f9de71eff85
7656.HK,1000,3667,15,"1,000               3,667",https://www1.hkexnews.hk/listedco/listconews/sehk/2026/0707/2026070701895.pdf,a6c65f14f5df88dde2bd4dc8fe5251805de5106816bcf5e992b75f9de71eff85
7656.HK,1200,1029,15,"1,200               1,029",https://www1.hkexnews.hk/listedco/listconews/sehk/2026/0707/2026070701895.pdf,a6c65f14f5df88dde2bd4dc8fe5251805de5106816bcf5e992b75f9de71eff85
7656.HK,1400,963,15,"1,400                963",https://www1.hkexnews.hk/listedco/listconews/sehk/2026/0707/2026070701895.pdf,a6c65f14f5df88dde2bd4dc8fe5251805de5106816bcf5e992b75f9de71eff85
7656.HK,1600,811,15,"1,600                811",https://www1.hkexnews.hk/listedco/listconews/sehk/2026/0707/2026070701895.pdf,a6c65f14f5df88dde2bd4dc8fe5251805de5106816bcf5e992b75f9de71eff85
7656.HK,1800,761,15,"1,800                761",https://www1.hkexnews.hk/listedco/listconews/sehk/2026/0707/2026070701895.pdf,a6c65f14f5df88dde2bd4dc8fe5251805de5106816bcf5e992b75f9de71eff85
7656.HK,2000,14916,15,"2,000              14,916",https://www1.hkexnews.hk/listedco/listconews/sehk/2026/0707/2026070701895.pdf,a6c65f14f5df88dde2bd4dc8fe5251805de5106816bcf5e992b75f9de71eff85
7656.HK,3000,2565,15,"3,000               2,565",https://www1.hkexnews.hk/listedco/listconews/sehk/2026/0707/2026070701895.pdf,a6c65f14f5df88dde2bd4dc8fe5251805de5106816bcf5e992b75f9de71eff85
7656.HK,4000,3933,15,"4,000               3,933",https://www1.hkexnews.hk/listedco/listconews/sehk/2026/0707/2026070701895.pdf,a6c65f14f5df88dde2bd4dc8fe5251805de5106816bcf5e992b75f9de71eff85
7656.HK,5000,1578,15,"5,000               1,578",https://www1.hkexnews.hk/listedco/listconews/sehk/2026/0707/2026070701895.pdf,a6c65f14f5df88dde2bd4dc8fe5251805de5106816bcf5e992b75f9de71eff85
7656.HK,6000,998,15,"6,000                998",https://www1.hkexnews.hk/listedco/listconews/sehk/2026/0707/2026070701895.pdf,a6c65f14f5df88dde2bd4dc8fe5251805de5106816bcf5e992b75f9de71eff85
7656.HK,7000,664,15,"7,000                664",https://www1.hkexnews.hk/listedco/listconews/sehk/2026/0707/2026070701895.pdf,a6c65f14f5df88dde2bd4dc8fe5251805de5106816bcf5e992b75f9de71eff85
7656.HK,8000,746,15,"8,000                746",https://www1.hkexnews.hk/listedco/listconews/sehk/2026/0707/2026070701895.pdf,a6c65f14f5df88dde2bd4dc8fe5251805de5106816bcf5e992b75f9de71eff85
7656.HK,9000,684,15,"9,000                684",https://www1.hkexnews.hk/listedco/listconews/sehk/2026/0707/2026070701895.pdf,a6c65f14f5df88dde2bd4dc8fe5251805de5106816bcf5e992b75f9de71eff85
7656.HK,10000,3824,15,"10,000               3,824",https://www1.hkexnews.hk/listedco/listconews/sehk/2026/0707/2026070701895.pdf,a6c65f14f5df88dde2bd4dc8fe5251805de5106816bcf5e992b75f9de71eff85
7656.HK,20000,3386,15,"20,000               3,386",https://www1.hkexnews.hk/listedco/listconews/sehk/2026/0707/2026070701895.pdf,a6c65f14f5df88dde2bd4dc8fe5251805de5106816bcf5e992b75f9de71eff85
7656.HK,30000,1886,15,"30,000               1,886",https://www1.hkexnews.hk/listedco/listconews/sehk/2026/0707/2026070701895.pdf,a6c65f14f5df88dde2bd4dc8fe5251805de5106816bcf5e992b75f9de71eff85
7656.HK,40000,1749,15,"40,000               1,749",https://www1.hkexnews.hk/listedco/listconews/sehk/2026/0707/2026070701895.pdf,a6c65f14f5df88dde2bd4dc8fe5251805de5106816bcf5e992b75f9de71eff85
7656.HK,50000,1768,15,"50,000               1,768",https://www1.hkexnews.hk/listedco/listconews/sehk/2026/0707/2026070701895.pdf,a6c65f14f5df88dde2bd4dc8fe5251805de5106816bcf5e992b75f9de71eff85
7656.HK,60000,1129,15,"60,000               1,129",https://www1.hkexnews.hk/listedco/listconews/sehk/2026/0707/2026070701895.pdf,a6c65f14f5df88dde2bd4dc8fe5251805de5106816bcf5e992b75f9de71eff85
7656.HK,70000,771,15,"70,000                771",https://www1.hkexnews.hk/listedco/listconews/sehk/2026/0707/2026070701895.pdf,a6c65f14f5df88dde2bd4dc8fe5251805de5106816bcf5e992b75f9de71eff85
7656.HK,80000,945,15,"80,000                945",https://www1.hkexnews.hk/listedco/listconews/sehk/2026/0707/2026070701895.pdf,a6c65f14f5df88dde2bd4dc8fe5251805de5106816bcf5e992b75f9de71eff85
7656.HK,90000,588,15,"90,000                588",https://www1.hkexnews.hk/listedco/listconews/sehk/2026/0707/2026070701895.pdf,a6c65f14f5df88dde2bd4dc8fe5251805de5106816bcf5e992b75f9de71eff85
7656.HK,100000,1540,15,"100,000               1,540",https://www1.hkexnews.hk/listedco/listconews/sehk/2026/0707/2026070701895.pdf,a6c65f14f5df88dde2bd4dc8fe5251805de5106816bcf5e992b75f9de71eff85
7656.HK,120000,836,16,"120,000                836",https://www1.hkexnews.hk/listedco/listconews/sehk/2026/0707/2026070701895.pdf,a6c65f14f5df88dde2bd4dc8fe5251805de5106816bcf5e992b75f9de71eff85
7656.HK,140000,659,16,"140,000                659",https://www1.hkexnews.hk/listedco/listconews/sehk/2026/0707/2026070701895.pdf,a6c65f14f5df88dde2bd4dc8fe5251805de5106816bcf5e992b75f9de71eff85
7656.HK,160000,550,16,"160,000                550",https://www1.hkexnews.hk/listedco/listconews/sehk/2026/0707/2026070701895.pdf,a6c65f14f5df88dde2bd4dc8fe5251805de5106816bcf5e992b75f9de71eff85
7656.HK,180000,440,16,"180,000                440",https://www1.hkexnews.hk/listedco/listconews/sehk/2026/0707/2026070701895.pdf,a6c65f14f5df88dde2bd4dc8fe5251805de5106816bcf5e992b75f9de71eff85
7656.HK,200000,2253,16,"200,000               2,253",https://www1.hkexnews.hk/listedco/listconews/sehk/2026/0707/2026070701895.pdf,a6c65f14f5df88dde2bd4dc8fe5251805de5106816bcf5e992b75f9de71eff85
7656.HK,250000,4641,16,"250,000               4,641",https://www1.hkexnews.hk/listedco/listconews/sehk/2026/0707/2026070701895.pdf,a6c65f14f5df88dde2bd4dc8fe5251805de5106816bcf5e992b75f9de71eff85
7656.HK,300000,1268,16,"300,000               1,268",https://www1.hkexnews.hk/listedco/listconews/sehk/2026/0707/2026070701895.pdf,a6c65f14f5df88dde2bd4dc8fe5251805de5106816bcf5e992b75f9de71eff85
7656.HK,350000,457,16,"350,000                457",https://www1.hkexnews.hk/listedco/listconews/sehk/2026/0707/2026070701895.pdf,a6c65f14f5df88dde2bd4dc8fe5251805de5106816bcf5e992b75f9de71eff85
7656.HK,400000,470,16,"400,000                470",https://www1.hkexnews.hk/listedco/listconews/sehk/2026/0707/2026070701895.pdf,a6c65f14f5df88dde2bd4dc8fe5251805de5106816bcf5e992b75f9de71eff85
7656.HK,450000,215,16,"450,000                215",https://www1.hkexnews.hk/listedco/listconews/sehk/2026/0707/2026070701895.pdf,a6c65f14f5df88dde2bd4dc8fe5251805de5106816bcf5e992b75f9de71eff85
7656.HK,500000,416,16,"500,000                416",https://www1.hkexnews.hk/listedco/listconews/sehk/2026/0707/2026070701895.pdf,a6c65f14f5df88dde2bd4dc8fe5251805de5106816bcf5e992b75f9de71eff85
7656.HK,600000,233,16,"600,000                233",https://www1.hkexnews.hk/listedco/listconews/sehk/2026/0707/2026070701895.pdf,a6c65f14f5df88dde2bd4dc8fe5251805de5106816bcf5e992b75f9de71eff85
7656.HK,702200,1608,16,"702,200               1,608",https://www1.hkexnews.hk/listedco/listconews/sehk/2026/0707/2026070701895.pdf,a6c65f14f5df88dde2bd4dc8fe5251805de5106816bcf5e992b75f9de71eff85
7687.HK,50,45741,24,"50            45,741",https://www1.hkexnews.hk/listedco/listconews/sehk/2026/0707/2026070702043.pdf,55830d480262429244e871e4d9d8cd671ac5907a724fa0baf0f9d11d7b26370a
7687.HK,100,23813,24,"100            23,813",https://www1.hkexnews.hk/listedco/listconews/sehk/2026/0707/2026070702043.pdf,55830d480262429244e871e4d9d8cd671ac5907a724fa0baf0f9d11d7b26370a
7687.HK,150,3244,24,"150              3,244",https://www1.hkexnews.hk/listedco/listconews/sehk/2026/0707/2026070702043.pdf,55830d480262429244e871e4d9d8cd671ac5907a724fa0baf0f9d11d7b26370a
7687.HK,200,1489,24,"200              1,489",https://www1.hkexnews.hk/listedco/listconews/sehk/2026/0707/2026070702043.pdf,55830d480262429244e871e4d9d8cd671ac5907a724fa0baf0f9d11d7b26370a
7687.HK,250,1567,24,"250              1,567",https://www1.hkexnews.hk/listedco/listconews/sehk/2026/0707/2026070702043.pdf,55830d480262429244e871e4d9d8cd671ac5907a724fa0baf0f9d11d7b26370a
7687.HK,300,991,24,300              991,https://www1.hkexnews.hk/listedco/listconews/sehk/2026/0707/2026070702043.pdf,55830d480262429244e871e4d9d8cd671ac5907a724fa0baf0f9d11d7b26370a
7687.HK,350,619,24,350              619,https://www1.hkexnews.hk/listedco/listconews/sehk/2026/0707/2026070702043.pdf,55830d480262429244e871e4d9d8cd671ac5907a724fa0baf0f9d11d7b26370a
7687.HK,400,581,24,400              581,https://www1.hkexnews.hk/listedco/listconews/sehk/2026/0707/2026070702043.pdf,55830d480262429244e871e4d9d8cd671ac5907a724fa0baf0f9d11d7b26370a
7687.HK,450,422,24,450              422,https://www1.hkexnews.hk/listedco/listconews/sehk/2026/0707/2026070702043.pdf,55830d480262429244e871e4d9d8cd671ac5907a724fa0baf0f9d11d7b26370a
7687.HK,500,11210,24,"500            11,210",https://www1.hkexnews.hk/listedco/listconews/sehk/2026/0707/2026070702043.pdf,55830d480262429244e871e4d9d8cd671ac5907a724fa0baf0f9d11d7b26370a
7687.HK,600,1005,24,"600              1,005",https://www1.hkexnews.hk/listedco/listconews/sehk/2026/0707/2026070702043.pdf,55830d480262429244e871e4d9d8cd671ac5907a724fa0baf0f9d11d7b26370a
7687.HK,700,524,24,700              524,https://www1.hkexnews.hk/listedco/listconews/sehk/2026/0707/2026070702043.pdf,55830d480262429244e871e4d9d8cd671ac5907a724fa0baf0f9d11d7b26370a
7687.HK,800,487,25,800              487,https://www1.hkexnews.hk/listedco/listconews/sehk/2026/0707/2026070702043.pdf,55830d480262429244e871e4d9d8cd671ac5907a724fa0baf0f9d11d7b26370a
7687.HK,900,324,25,900              324,https://www1.hkexnews.hk/listedco/listconews/sehk/2026/0707/2026070702043.pdf,55830d480262429244e871e4d9d8cd671ac5907a724fa0baf0f9d11d7b26370a
7687.HK,1000,3456,25,"1,000              3,456",https://www1.hkexnews.hk/listedco/listconews/sehk/2026/0707/2026070702043.pdf,55830d480262429244e871e4d9d8cd671ac5907a724fa0baf0f9d11d7b26370a
7687.HK,1500,1372,25,"1,500              1,372",https://www1.hkexnews.hk/listedco/listconews/sehk/2026/0707/2026070702043.pdf,55830d480262429244e871e4d9d8cd671ac5907a724fa0baf0f9d11d7b26370a
7687.HK,2000,1188,25,"2,000              1,188",https://www1.hkexnews.hk/listedco/listconews/sehk/2026/0707/2026070702043.pdf,55830d480262429244e871e4d9d8cd671ac5907a724fa0baf0f9d11d7b26370a
7687.HK,2500,1115,25,"2,500              1,115",https://www1.hkexnews.hk/listedco/listconews/sehk/2026/0707/2026070702043.pdf,55830d480262429244e871e4d9d8cd671ac5907a724fa0baf0f9d11d7b26370a
7687.HK,3000,609,25,"3,000              609",https://www1.hkexnews.hk/listedco/listconews/sehk/2026/0707/2026070702043.pdf,55830d480262429244e871e4d9d8cd671ac5907a724fa0baf0f9d11d7b26370a
7687.HK,3500,455,25,"3,500              455",https://www1.hkexnews.hk/listedco/listconews/sehk/2026/0707/2026070702043.pdf,55830d480262429244e871e4d9d8cd671ac5907a724fa0baf0f9d11d7b26370a
7687.HK,4000,371,25,"4,000              371",https://www1.hkexnews.hk/listedco/listconews/sehk/2026/0707/2026070702043.pdf,55830d480262429244e871e4d9d8cd671ac5907a724fa0baf0f9d11d7b26370a
7687.HK,4500,297,25,"4,500              297",https://www1.hkexnews.hk/listedco/listconews/sehk/2026/0707/2026070702043.pdf,55830d480262429244e871e4d9d8cd671ac5907a724fa0baf0f9d11d7b26370a
7687.HK,5000,1147,25,"5,000              1,147",https://www1.hkexnews.hk/listedco/listconews/sehk/2026/0707/2026070702043.pdf,55830d480262429244e871e4d9d8cd671ac5907a724fa0baf0f9d11d7b26370a
7687.HK,6000,724,25,"6,000              724",https://www1.hkexnews.hk/listedco/listconews/sehk/2026/0707/2026070702043.pdf,55830d480262429244e871e4d9d8cd671ac5907a724fa0baf0f9d11d7b26370a
7687.HK,7000,408,25,"7,000              408",https://www1.hkexnews.hk/listedco/listconews/sehk/2026/0707/2026070702043.pdf,55830d480262429244e871e4d9d8cd671ac5907a724fa0baf0f9d11d7b26370a
7687.HK,8000,313,25,"8,000              313",https://www1.hkexnews.hk/listedco/listconews/sehk/2026/0707/2026070702043.pdf,55830d480262429244e871e4d9d8cd671ac5907a724fa0baf0f9d11d7b26370a
7687.HK,9000,233,25,"9,000              233",https://www1.hkexnews.hk/listedco/listconews/sehk/2026/0707/2026070702043.pdf,55830d480262429244e871e4d9d8cd671ac5907a724fa0baf0f9d11d7b26370a
7687.HK,10000,1805,25,"10,000              1,805",https://www1.hkexnews.hk/listedco/listconews/sehk/2026/0707/2026070702043.pdf,55830d480262429244e871e4d9d8cd671ac5907a724fa0baf0f9d11d7b26370a
7687.HK,20000,1217,25,"20,000              1,217",https://www1.hkexnews.hk/listedco/listconews/sehk/2026/0707/2026070702043.pdf,55830d480262429244e871e4d9d8cd671ac5907a724fa0baf0f9d11d7b26370a
7687.HK,30000,756,25,"30,000              756",https://www1.hkexnews.hk/listedco/listconews/sehk/2026/0707/2026070702043.pdf,55830d480262429244e871e4d9d8cd671ac5907a724fa0baf0f9d11d7b26370a
7687.HK,40000,426,25,"40,000              426",https://www1.hkexnews.hk/listedco/listconews/sehk/2026/0707/2026070702043.pdf,55830d480262429244e871e4d9d8cd671ac5907a724fa0baf0f9d11d7b26370a
7687.HK,50000,1338,25,"50,000              1,338",https://www1.hkexnews.hk/listedco/listconews/sehk/2026/0707/2026070702043.pdf,55830d480262429244e871e4d9d8cd671ac5907a724fa0baf0f9d11d7b26370a
7687.HK,100000,756,25,"100,000              756",https://www1.hkexnews.hk/listedco/listconews/sehk/2026/0707/2026070702043.pdf,55830d480262429244e871e4d9d8cd671ac5907a724fa0baf0f9d11d7b26370a
7687.HK,150000,106,25,"150,000              106",https://www1.hkexnews.hk/listedco/listconews/sehk/2026/0707/2026070702043.pdf,55830d480262429244e871e4d9d8cd671ac5907a724fa0baf0f9d11d7b26370a
7687.HK,200000,161,25,"200,000              161",https://www1.hkexnews.hk/listedco/listconews/sehk/2026/0707/2026070702043.pdf,55830d480262429244e871e4d9d8cd671ac5907a724fa0baf0f9d11d7b26370a
7687.HK,400000,42,25,"400,000               42",https://www1.hkexnews.hk/listedco/listconews/sehk/2026/0707/2026070702043.pdf,55830d480262429244e871e4d9d8cd671ac5907a724fa0baf0f9d11d7b26370a
7687.HK,600000,21,25,"600,000               21",https://www1.hkexnews.hk/listedco/listconews/sehk/2026/0707/2026070702043.pdf,55830d480262429244e871e4d9d8cd671ac5907a724fa0baf0f9d11d7b26370a
7687.HK,800000,5,25,"800,000                 5",https://www1.hkexnews.hk/listedco/listconews/sehk/2026/0707/2026070702043.pdf,55830d480262429244e871e4d9d8cd671ac5907a724fa0baf0f9d11d7b26370a
7687.HK,1000000,16,25,"1,000,000               16",https://www1.hkexnews.hk/listedco/listconews/sehk/2026/0707/2026070702043.pdf,55830d480262429244e871e4d9d8cd671ac5907a724fa0baf0f9d11d7b26370a
7687.HK,1306600,32,25,"1,306,600               32",https://www1.hkexnews.hk/listedco/listconews/sehk/2026/0707/2026070702043.pdf,55830d480262429244e871e4d9d8cd671ac5907a724fa0baf0f9d11d7b26370a
9971.HK,200,99878,19,"200         99,878",https://www1.hkexnews.hk/listedco/listconews/sehk/2026/0707/2026070701913.pdf,039e09e3c6e2fc06874fa6f35b2d49c569cccce58a15b5f04a09fb77fcc28fc3
9971.HK,400,11148,19,"400         11,148",https://www1.hkexnews.hk/listedco/listconews/sehk/2026/0707/2026070701913.pdf,039e09e3c6e2fc06874fa6f35b2d49c569cccce58a15b5f04a09fb77fcc28fc3
9971.HK,600,6025,19,"600           6,025",https://www1.hkexnews.hk/listedco/listconews/sehk/2026/0707/2026070701913.pdf,039e09e3c6e2fc06874fa6f35b2d49c569cccce58a15b5f04a09fb77fcc28fc3
9971.HK,800,2744,19,"800           2,744",https://www1.hkexnews.hk/listedco/listconews/sehk/2026/0707/2026070701913.pdf,039e09e3c6e2fc06874fa6f35b2d49c569cccce58a15b5f04a09fb77fcc28fc3
9971.HK,1000,3948,19,"1,000           3,948",https://www1.hkexnews.hk/listedco/listconews/sehk/2026/0707/2026070701913.pdf,039e09e3c6e2fc06874fa6f35b2d49c569cccce58a15b5f04a09fb77fcc28fc3
9971.HK,1200,1607,19,"1,200           1,607",https://www1.hkexnews.hk/listedco/listconews/sehk/2026/0707/2026070701913.pdf,039e09e3c6e2fc06874fa6f35b2d49c569cccce58a15b5f04a09fb77fcc28fc3
9971.HK,1400,11136,19,"1,400         11,136",https://www1.hkexnews.hk/listedco/listconews/sehk/2026/0707/2026070701913.pdf,039e09e3c6e2fc06874fa6f35b2d49c569cccce58a15b5f04a09fb77fcc28fc3
9971.HK,1600,2395,19,"1,600           2,395",https://www1.hkexnews.hk/listedco/listconews/sehk/2026/0707/2026070701913.pdf,039e09e3c6e2fc06874fa6f35b2d49c569cccce58a15b5f04a09fb77fcc28fc3
9971.HK,1800,927,19,"1,800           927",https://www1.hkexnews.hk/listedco/listconews/sehk/2026/0707/2026070701913.pdf,039e09e3c6e2fc06874fa6f35b2d49c569cccce58a15b5f04a09fb77fcc28fc3
9971.HK,2000,9404,19,"2,000           9,404",https://www1.hkexnews.hk/listedco/listconews/sehk/2026/0707/2026070701913.pdf,039e09e3c6e2fc06874fa6f35b2d49c569cccce58a15b5f04a09fb77fcc28fc3
9971.HK,3000,5426,19,"3,000           5,426",https://www1.hkexnews.hk/listedco/listconews/sehk/2026/0707/2026070701913.pdf,039e09e3c6e2fc06874fa6f35b2d49c569cccce58a15b5f04a09fb77fcc28fc3
9971.HK,4000,2776,19,"4,000           2,776",https://www1.hkexnews.hk/listedco/listconews/sehk/2026/0707/2026070701913.pdf,039e09e3c6e2fc06874fa6f35b2d49c569cccce58a15b5f04a09fb77fcc28fc3
9971.HK,5000,1684,19,"5,000           1,684",https://www1.hkexnews.hk/listedco/listconews/sehk/2026/0707/2026070701913.pdf,039e09e3c6e2fc06874fa6f35b2d49c569cccce58a15b5f04a09fb77fcc28fc3
9971.HK,6000,1809,19,"6,000           1,809",https://www1.hkexnews.hk/listedco/listconews/sehk/2026/0707/2026070701913.pdf,039e09e3c6e2fc06874fa6f35b2d49c569cccce58a15b5f04a09fb77fcc28fc3
9971.HK,7000,1073,19,"7,000           1,073",https://www1.hkexnews.hk/listedco/listconews/sehk/2026/0707/2026070701913.pdf,039e09e3c6e2fc06874fa6f35b2d49c569cccce58a15b5f04a09fb77fcc28fc3
9971.HK,8000,1145,19,"8,000           1,145",https://www1.hkexnews.hk/listedco/listconews/sehk/2026/0707/2026070701913.pdf,039e09e3c6e2fc06874fa6f35b2d49c569cccce58a15b5f04a09fb77fcc28fc3
9971.HK,9000,792,19,"9,000           792",https://www1.hkexnews.hk/listedco/listconews/sehk/2026/0707/2026070701913.pdf,039e09e3c6e2fc06874fa6f35b2d49c569cccce58a15b5f04a09fb77fcc28fc3
9971.HK,10000,5619,19,"10,000           5,619",https://www1.hkexnews.hk/listedco/listconews/sehk/2026/0707/2026070701913.pdf,039e09e3c6e2fc06874fa6f35b2d49c569cccce58a15b5f04a09fb77fcc28fc3
9971.HK,20000,4636,19,"20,000           4,636",https://www1.hkexnews.hk/listedco/listconews/sehk/2026/0707/2026070701913.pdf,039e09e3c6e2fc06874fa6f35b2d49c569cccce58a15b5f04a09fb77fcc28fc3
9971.HK,30000,2938,19,"30,000           2,938",https://www1.hkexnews.hk/listedco/listconews/sehk/2026/0707/2026070701913.pdf,039e09e3c6e2fc06874fa6f35b2d49c569cccce58a15b5f04a09fb77fcc28fc3
9971.HK,40000,2492,19,"40,000           2,492",https://www1.hkexnews.hk/listedco/listconews/sehk/2026/0707/2026070701913.pdf,039e09e3c6e2fc06874fa6f35b2d49c569cccce58a15b5f04a09fb77fcc28fc3
9971.HK,50000,1584,19,"50,000           1,584",https://www1.hkexnews.hk/listedco/listconews/sehk/2026/0707/2026070701913.pdf,039e09e3c6e2fc06874fa6f35b2d49c569cccce58a15b5f04a09fb77fcc28fc3
9971.HK,60000,1670,19,"60,000           1,670",https://www1.hkexnews.hk/listedco/listconews/sehk/2026/0707/2026070701913.pdf,039e09e3c6e2fc06874fa6f35b2d49c569cccce58a15b5f04a09fb77fcc28fc3
9971.HK,70000,1117,19,"70,000           1,117",https://www1.hkexnews.hk/listedco/listconews/sehk/2026/0707/2026070701913.pdf,039e09e3c6e2fc06874fa6f35b2d49c569cccce58a15b5f04a09fb77fcc28fc3
9971.HK,80000,1016,19,"80,000           1,016",https://www1.hkexnews.hk/listedco/listconews/sehk/2026/0707/2026070701913.pdf,039e09e3c6e2fc06874fa6f35b2d49c569cccce58a15b5f04a09fb77fcc28fc3
9971.HK,90000,885,19,"90,000           885",https://www1.hkexnews.hk/listedco/listconews/sehk/2026/0707/2026070701913.pdf,039e09e3c6e2fc06874fa6f35b2d49c569cccce58a15b5f04a09fb77fcc28fc3
9971.HK,100000,1623,19,"100,000           1,623",https://www1.hkexnews.hk/listedco/listconews/sehk/2026/0707/2026070701913.pdf,039e09e3c6e2fc06874fa6f35b2d49c569cccce58a15b5f04a09fb77fcc28fc3
9971.HK,120000,1193,19,"120,000           1,193",https://www1.hkexnews.hk/listedco/listconews/sehk/2026/0707/2026070701913.pdf,039e09e3c6e2fc06874fa6f35b2d49c569cccce58a15b5f04a09fb77fcc28fc3
9971.HK,140000,2963,19,"140,000           2,963",https://www1.hkexnews.hk/listedco/listconews/sehk/2026/0707/2026070701913.pdf,039e09e3c6e2fc06874fa6f35b2d49c569cccce58a15b5f04a09fb77fcc28fc3
9971.HK,160000,5404,20,"160,000           5,404",https://www1.hkexnews.hk/listedco/listconews/sehk/2026/0707/2026070701913.pdf,039e09e3c6e2fc06874fa6f35b2d49c569cccce58a15b5f04a09fb77fcc28fc3
9971.HK,180000,1165,20,"180,000           1,165",https://www1.hkexnews.hk/listedco/listconews/sehk/2026/0707/2026070701913.pdf,039e09e3c6e2fc06874fa6f35b2d49c569cccce58a15b5f04a09fb77fcc28fc3
9971.HK,200000,2239,20,"200,000           2,239",https://www1.hkexnews.hk/listedco/listconews/sehk/2026/0707/2026070701913.pdf,039e09e3c6e2fc06874fa6f35b2d49c569cccce58a15b5f04a09fb77fcc28fc3
9971.HK,250000,1174,20,"250,000           1,174",https://www1.hkexnews.hk/listedco/listconews/sehk/2026/0707/2026070701913.pdf,039e09e3c6e2fc06874fa6f35b2d49c569cccce58a15b5f04a09fb77fcc28fc3
9971.HK,300000,1056,20,"300,000           1,056",https://www1.hkexnews.hk/listedco/listconews/sehk/2026/0707/2026070701913.pdf,039e09e3c6e2fc06874fa6f35b2d49c569cccce58a15b5f04a09fb77fcc28fc3
9971.HK,350000,596,20,"350,000           596",https://www1.hkexnews.hk/listedco/listconews/sehk/2026/0707/2026070701913.pdf,039e09e3c6e2fc06874fa6f35b2d49c569cccce58a15b5f04a09fb77fcc28fc3
9971.HK,400000,659,20,"400,000           659",https://www1.hkexnews.hk/listedco/listconews/sehk/2026/0707/2026070701913.pdf,039e09e3c6e2fc06874fa6f35b2d49c569cccce58a15b5f04a09fb77fcc28fc3
9971.HK,450000,347,20,"450,000           347",https://www1.hkexnews.hk/listedco/listconews/sehk/2026/0707/2026070701913.pdf,039e09e3c6e2fc06874fa6f35b2d49c569cccce58a15b5f04a09fb77fcc28fc3
9971.HK,500000,372,20,"500,000           372",https://www1.hkexnews.hk/listedco/listconews/sehk/2026/0707/2026070701913.pdf,039e09e3c6e2fc06874fa6f35b2d49c569cccce58a15b5f04a09fb77fcc28fc3
9971.HK,550000,212,20,"550,000           212",https://www1.hkexnews.hk/listedco/listconews/sehk/2026/0707/2026070701913.pdf,039e09e3c6e2fc06874fa6f35b2d49c569cccce58a15b5f04a09fb77fcc28fc3
9971.HK,600000,310,20,"600,000           310",https://www1.hkexnews.hk/listedco/listconews/sehk/2026/0707/2026070701913.pdf,039e09e3c6e2fc06874fa6f35b2d49c569cccce58a15b5f04a09fb77fcc28fc3
9971.HK,650000,155,20,"650,000           155",https://www1.hkexnews.hk/listedco/listconews/sehk/2026/0707/2026070701913.pdf,039e09e3c6e2fc06874fa6f35b2d49c569cccce58a15b5f04a09fb77fcc28fc3
9971.HK,684600,2364,20,"684,600           2,364",https://www1.hkexnews.hk/listedco/listconews/sehk/2026/0707/2026070701913.pdf,039e09e3c6e2fc06874fa6f35b2d49c569cccce58a15b5f04a09fb77fcc28fc3
1377.HK,100,69534,18,"100                         69,534",https://www1.hkexnews.hk/listedco/listconews/sehk/2026/0708/2026070801372.pdf,994012a0f9494625de869d19cbb0864d75e56ef8dd5cd9a7aae0f9ff929e2b2d
1377.HK,200,9557,18,"200                           9,557",https://www1.hkexnews.hk/listedco/listconews/sehk/2026/0708/2026070801372.pdf,994012a0f9494625de869d19cbb0864d75e56ef8dd5cd9a7aae0f9ff929e2b2d
1377.HK,300,2315,18,"300                           2,315",https://www1.hkexnews.hk/listedco/listconews/sehk/2026/0708/2026070801372.pdf,994012a0f9494625de869d19cbb0864d75e56ef8dd5cd9a7aae0f9ff929e2b2d
1377.HK,400,1304,18,"400                           1,304",https://www1.hkexnews.hk/listedco/listconews/sehk/2026/0708/2026070801372.pdf,994012a0f9494625de869d19cbb0864d75e56ef8dd5cd9a7aae0f9ff929e2b2d
1377.HK,500,1508,18,"500                           1,508",https://www1.hkexnews.hk/listedco/listconews/sehk/2026/0708/2026070801372.pdf,994012a0f9494625de869d19cbb0864d75e56ef8dd5cd9a7aae0f9ff929e2b2d
1377.HK,600,892,18,600                          892,https://www1.hkexnews.hk/listedco/listconews/sehk/2026/0708/2026070801372.pdf,994012a0f9494625de869d19cbb0864d75e56ef8dd5cd9a7aae0f9ff929e2b2d
1377.HK,700,580,18,700                          580,https://www1.hkexnews.hk/listedco/listconews/sehk/2026/0708/2026070801372.pdf,994012a0f9494625de869d19cbb0864d75e56ef8dd5cd9a7aae0f9ff929e2b2d
1377.HK,800,715,18,800                          715,https://www1.hkexnews.hk/listedco/listconews/sehk/2026/0708/2026070801372.pdf,994012a0f9494625de869d19cbb0864d75e56ef8dd5cd9a7aae0f9ff929e2b2d
1377.HK,900,544,18,900                          544,https://www1.hkexnews.hk/listedco/listconews/sehk/2026/0708/2026070801372.pdf,994012a0f9494625de869d19cbb0864d75e56ef8dd5cd9a7aae0f9ff929e2b2d
1377.HK,1000,6467,18,"1,000                         6,467",https://www1.hkexnews.hk/listedco/listconews/sehk/2026/0708/2026070801372.pdf,994012a0f9494625de869d19cbb0864d75e56ef8dd5cd9a7aae0f9ff929e2b2d
1377.HK,1500,2169,18,"1,500                         2,169",https://www1.hkexnews.hk/listedco/listconews/sehk/2026/0708/2026070801372.pdf,994012a0f9494625de869d19cbb0864d75e56ef8dd5cd9a7aae0f9ff929e2b2d
1377.HK,2000,1964,18,"2,000                         1,964",https://www1.hkexnews.hk/listedco/listconews/sehk/2026/0708/2026070801372.pdf,994012a0f9494625de869d19cbb0864d75e56ef8dd5cd9a7aae0f9ff929e2b2d
1377.HK,2500,1305,18,"2,500                         1,305",https://www1.hkexnews.hk/listedco/listconews/sehk/2026/0708/2026070801372.pdf,994012a0f9494625de869d19cbb0864d75e56ef8dd5cd9a7aae0f9ff929e2b2d
1377.HK,3000,1477,18,"3,000                         1,477",https://www1.hkexnews.hk/listedco/listconews/sehk/2026/0708/2026070801372.pdf,994012a0f9494625de869d19cbb0864d75e56ef8dd5cd9a7aae0f9ff929e2b2d
1377.HK,3500,803,18,"3,500                         803",https://www1.hkexnews.hk/listedco/listconews/sehk/2026/0708/2026070801372.pdf,994012a0f9494625de869d19cbb0864d75e56ef8dd5cd9a7aae0f9ff929e2b2d
1377.HK,4000,928,18,"4,000                         928",https://www1.hkexnews.hk/listedco/listconews/sehk/2026/0708/2026070801372.pdf,994012a0f9494625de869d19cbb0864d75e56ef8dd5cd9a7aae0f9ff929e2b2d
1377.HK,4500,517,18,"4,500                         517",https://www1.hkexnews.hk/listedco/listconews/sehk/2026/0708/2026070801372.pdf,994012a0f9494625de869d19cbb0864d75e56ef8dd5cd9a7aae0f9ff929e2b2d
1377.HK,5000,1335,18,"5,000                         1,335",https://www1.hkexnews.hk/listedco/listconews/sehk/2026/0708/2026070801372.pdf,994012a0f9494625de869d19cbb0864d75e56ef8dd5cd9a7aae0f9ff929e2b2d
1377.HK,6000,801,18,"6,000                         801",https://www1.hkexnews.hk/listedco/listconews/sehk/2026/0708/2026070801372.pdf,994012a0f9494625de869d19cbb0864d75e56ef8dd5cd9a7aae0f9ff929e2b2d
1377.HK,7000,683,18,"7,000                         683",https://www1.hkexnews.hk/listedco/listconews/sehk/2026/0708/2026070801372.pdf,994012a0f9494625de869d19cbb0864d75e56ef8dd5cd9a7aae0f9ff929e2b2d
1377.HK,8000,750,18,"8,000                         750",https://www1.hkexnews.hk/listedco/listconews/sehk/2026/0708/2026070801372.pdf,994012a0f9494625de869d19cbb0864d75e56ef8dd5cd9a7aae0f9ff929e2b2d
1377.HK,9000,449,18,"9,000                         449",https://www1.hkexnews.hk/listedco/listconews/sehk/2026/0708/2026070801372.pdf,994012a0f9494625de869d19cbb0864d75e56ef8dd5cd9a7aae0f9ff929e2b2d
1377.HK,10000,4748,18,"10,000                        4,748",https://www1.hkexnews.hk/listedco/listconews/sehk/2026/0708/2026070801372.pdf,994012a0f9494625de869d19cbb0864d75e56ef8dd5cd9a7aae0f9ff929e2b2d
1377.HK,20000,4583,19,"20,000                        4,583",https://www1.hkexnews.hk/listedco/listconews/sehk/2026/0708/2026070801372.pdf,994012a0f9494625de869d19cbb0864d75e56ef8dd5cd9a7aae0f9ff929e2b2d
1377.HK,30000,1106,19,"30,000                        1,106",https://www1.hkexnews.hk/listedco/listconews/sehk/2026/0708/2026070801372.pdf,994012a0f9494625de869d19cbb0864d75e56ef8dd5cd9a7aae0f9ff929e2b2d
1377.HK,40000,601,19,"40,000                        601",https://www1.hkexnews.hk/listedco/listconews/sehk/2026/0708/2026070801372.pdf,994012a0f9494625de869d19cbb0864d75e56ef8dd5cd9a7aae0f9ff929e2b2d
1377.HK,50000,381,19,"50,000                        381",https://www1.hkexnews.hk/listedco/listconews/sehk/2026/0708/2026070801372.pdf,994012a0f9494625de869d19cbb0864d75e56ef8dd5cd9a7aae0f9ff929e2b2d
1377.HK,60000,216,19,"60,000                        216",https://www1.hkexnews.hk/listedco/listconews/sehk/2026/0708/2026070801372.pdf,994012a0f9494625de869d19cbb0864d75e56ef8dd5cd9a7aae0f9ff929e2b2d
1377.HK,70000,155,19,"70,000                        155",https://www1.hkexnews.hk/listedco/listconews/sehk/2026/0708/2026070801372.pdf,994012a0f9494625de869d19cbb0864d75e56ef8dd5cd9a7aae0f9ff929e2b2d
1377.HK,80000,109,19,"80,000                        109",https://www1.hkexnews.hk/listedco/listconews/sehk/2026/0708/2026070801372.pdf,994012a0f9494625de869d19cbb0864d75e56ef8dd5cd9a7aae0f9ff929e2b2d
1377.HK,90000,57,19,"90,000                         57",https://www1.hkexnews.hk/listedco/listconews/sehk/2026/0708/2026070801372.pdf,994012a0f9494625de869d19cbb0864d75e56ef8dd5cd9a7aae0f9ff929e2b2d
1377.HK,100000,268,19,"100,000                      268",https://www1.hkexnews.hk/listedco/listconews/sehk/2026/0708/2026070801372.pdf,994012a0f9494625de869d19cbb0864d75e56ef8dd5cd9a7aae0f9ff929e2b2d
1377.HK,200000,92,19,"200,000                        92",https://www1.hkexnews.hk/listedco/listconews/sehk/2026/0708/2026070801372.pdf,994012a0f9494625de869d19cbb0864d75e56ef8dd5cd9a7aae0f9ff929e2b2d
1377.HK,300000,22,19,"300,000                        22",https://www1.hkexnews.hk/listedco/listconews/sehk/2026/0708/2026070801372.pdf,994012a0f9494625de869d19cbb0864d75e56ef8dd5cd9a7aae0f9ff929e2b2d
1377.HK,400000,10,19,"400,000                        10",https://www1.hkexnews.hk/listedco/listconews/sehk/2026/0708/2026070801372.pdf,994012a0f9494625de869d19cbb0864d75e56ef8dd5cd9a7aae0f9ff929e2b2d
1377.HK,500000,17,19,"500,000                        17",https://www1.hkexnews.hk/listedco/listconews/sehk/2026/0708/2026070801372.pdf,994012a0f9494625de869d19cbb0864d75e56ef8dd5cd9a7aae0f9ff929e2b2d
1377.HK,568400,29,19,"568,400                        29",https://www1.hkexnews.hk/listedco/listconews/sehk/2026/0708/2026070801372.pdf,994012a0f9494625de869d19cbb0864d75e56ef8dd5cd9a7aae0f9ff929e2b2d
1770.HK,50,79597,10,"50            79,597",https://www1.hkexnews.hk/listedco/listconews/sehk/2026/0708/2026070801214.pdf,684fe008fb812834ef3df049f1941bab3ee9348ad8426560e0c596aedb2c216f
1770.HK,100,6989,10,"100              6,989",https://www1.hkexnews.hk/listedco/listconews/sehk/2026/0708/2026070801214.pdf,684fe008fb812834ef3df049f1941bab3ee9348ad8426560e0c596aedb2c216f
1770.HK,150,2117,10,"150              2,117",https://www1.hkexnews.hk/listedco/listconews/sehk/2026/0708/2026070801214.pdf,684fe008fb812834ef3df049f1941bab3ee9348ad8426560e0c596aedb2c216f
1770.HK,200,1557,10,"200              1,557",https://www1.hkexnews.hk/listedco/listconews/sehk/2026/0708/2026070801214.pdf,684fe008fb812834ef3df049f1941bab3ee9348ad8426560e0c596aedb2c216f
1770.HK,250,2222,10,"250              2,222",https://www1.hkexnews.hk/listedco/listconews/sehk/2026/0708/2026070801214.pdf,684fe008fb812834ef3df049f1941bab3ee9348ad8426560e0c596aedb2c216f
1770.HK,300,892,10,300              892,https://www1.hkexnews.hk/listedco/listconews/sehk/2026/0708/2026070801214.pdf,684fe008fb812834ef3df049f1941bab3ee9348ad8426560e0c596aedb2c216f
1770.HK,350,500,10,350              500,https://www1.hkexnews.hk/listedco/listconews/sehk/2026/0708/2026070801214.pdf,684fe008fb812834ef3df049f1941bab3ee9348ad8426560e0c596aedb2c216f
1770.HK,400,631,10,400              631,https://www1.hkexnews.hk/listedco/listconews/sehk/2026/0708/2026070801214.pdf,684fe008fb812834ef3df049f1941bab3ee9348ad8426560e0c596aedb2c216f
1770.HK,450,6760,10,"450              6,760",https://www1.hkexnews.hk/listedco/listconews/sehk/2026/0708/2026070801214.pdf,684fe008fb812834ef3df049f1941bab3ee9348ad8426560e0c596aedb2c216f
1770.HK,500,6438,10,"500              6,438",https://www1.hkexnews.hk/listedco/listconews/sehk/2026/0708/2026070801214.pdf,684fe008fb812834ef3df049f1941bab3ee9348ad8426560e0c596aedb2c216f
1770.HK,600,568,10,600              568,https://www1.hkexnews.hk/listedco/listconews/sehk/2026/0708/2026070801214.pdf,684fe008fb812834ef3df049f1941bab3ee9348ad8426560e0c596aedb2c216f
1770.HK,700,375,10,700              375,https://www1.hkexnews.hk/listedco/listconews/sehk/2026/0708/2026070801214.pdf,684fe008fb812834ef3df049f1941bab3ee9348ad8426560e0c596aedb2c216f
1770.HK,800,377,10,800              377,https://www1.hkexnews.hk/listedco/listconews/sehk/2026/0708/2026070801214.pdf,684fe008fb812834ef3df049f1941bab3ee9348ad8426560e0c596aedb2c216f
1770.HK,900,1227,10,"900              1,227",https://www1.hkexnews.hk/listedco/listconews/sehk/2026/0708/2026070801214.pdf,684fe008fb812834ef3df049f1941bab3ee9348ad8426560e0c596aedb2c216f
1770.HK,1000,1693,10,"1,000              1,693",https://www1.hkexnews.hk/listedco/listconews/sehk/2026/0708/2026070801214.pdf,684fe008fb812834ef3df049f1941bab3ee9348ad8426560e0c596aedb2c216f
1770.HK,1500,912,10,"1,500              912",https://www1.hkexnews.hk/listedco/listconews/sehk/2026/0708/2026070801214.pdf,684fe008fb812834ef3df049f1941bab3ee9348ad8426560e0c596aedb2c216f
1770.HK,2000,851,10,"2,000              851",https://www1.hkexnews.hk/listedco/listconews/sehk/2026/0708/2026070801214.pdf,684fe008fb812834ef3df049f1941bab3ee9348ad8426560e0c596aedb2c216f
1770.HK,2500,634,10,"2,500              634",https://www1.hkexnews.hk/listedco/listconews/sehk/2026/0708/2026070801214.pdf,684fe008fb812834ef3df049f1941bab3ee9348ad8426560e0c596aedb2c216f
1770.HK,3000,480,10,"3,000              480",https://www1.hkexnews.hk/listedco/listconews/sehk/2026/0708/2026070801214.pdf,684fe008fb812834ef3df049f1941bab3ee9348ad8426560e0c596aedb2c216f
1770.HK,3500,266,10,"3,500              266",https://www1.hkexnews.hk/listedco/listconews/sehk/2026/0708/2026070801214.pdf,684fe008fb812834ef3df049f1941bab3ee9348ad8426560e0c596aedb2c216f
1770.HK,4000,342,10,"4,000              342",https://www1.hkexnews.hk/listedco/listconews/sehk/2026/0708/2026070801214.pdf,684fe008fb812834ef3df049f1941bab3ee9348ad8426560e0c596aedb2c216f
1770.HK,4500,275,10,"4,500              275",https://www1.hkexnews.hk/listedco/listconews/sehk/2026/0708/2026070801214.pdf,684fe008fb812834ef3df049f1941bab3ee9348ad8426560e0c596aedb2c216f
1770.HK,5000,1020,10,"5,000              1,020",https://www1.hkexnews.hk/listedco/listconews/sehk/2026/0708/2026070801214.pdf,684fe008fb812834ef3df049f1941bab3ee9348ad8426560e0c596aedb2c216f
1770.HK,6000,403,10,"6,000              403",https://www1.hkexnews.hk/listedco/listconews/sehk/2026/0708/2026070801214.pdf,684fe008fb812834ef3df049f1941bab3ee9348ad8426560e0c596aedb2c216f
1770.HK,7000,293,10,"7,000              293",https://www1.hkexnews.hk/listedco/listconews/sehk/2026/0708/2026070801214.pdf,684fe008fb812834ef3df049f1941bab3ee9348ad8426560e0c596aedb2c216f
1770.HK,8000,283,10,"8,000              283",https://www1.hkexnews.hk/listedco/listconews/sehk/2026/0708/2026070801214.pdf,684fe008fb812834ef3df049f1941bab3ee9348ad8426560e0c596aedb2c216f
1770.HK,9000,254,10,"9,000              254",https://www1.hkexnews.hk/listedco/listconews/sehk/2026/0708/2026070801214.pdf,684fe008fb812834ef3df049f1941bab3ee9348ad8426560e0c596aedb2c216f
1770.HK,10000,1699,10,"10,000              1,699",https://www1.hkexnews.hk/listedco/listconews/sehk/2026/0708/2026070801214.pdf,684fe008fb812834ef3df049f1941bab3ee9348ad8426560e0c596aedb2c216f
1770.HK,20000,1053,10,"20,000              1,053",https://www1.hkexnews.hk/listedco/listconews/sehk/2026/0708/2026070801214.pdf,684fe008fb812834ef3df049f1941bab3ee9348ad8426560e0c596aedb2c216f
1770.HK,30000,626,10,"30,000              626",https://www1.hkexnews.hk/listedco/listconews/sehk/2026/0708/2026070801214.pdf,684fe008fb812834ef3df049f1941bab3ee9348ad8426560e0c596aedb2c216f
1770.HK,40000,733,10,"40,000              733",https://www1.hkexnews.hk/listedco/listconews/sehk/2026/0708/2026070801214.pdf,684fe008fb812834ef3df049f1941bab3ee9348ad8426560e0c596aedb2c216f
1770.HK,50000,2104,11,"50,000              2,104",https://www1.hkexnews.hk/listedco/listconews/sehk/2026/0708/2026070801214.pdf,684fe008fb812834ef3df049f1941bab3ee9348ad8426560e0c596aedb2c216f
1770.HK,60000,760,11,"60,000              760",https://www1.hkexnews.hk/listedco/listconews/sehk/2026/0708/2026070801214.pdf,684fe008fb812834ef3df049f1941bab3ee9348ad8426560e0c596aedb2c216f
1770.HK,70000,320,11,"70,000              320",https://www1.hkexnews.hk/listedco/listconews/sehk/2026/0708/2026070801214.pdf,684fe008fb812834ef3df049f1941bab3ee9348ad8426560e0c596aedb2c216f
1770.HK,80000,332,11,"80,000              332",https://www1.hkexnews.hk/listedco/listconews/sehk/2026/0708/2026070801214.pdf,684fe008fb812834ef3df049f1941bab3ee9348ad8426560e0c596aedb2c216f
1770.HK,90000,152,11,"90,000              152",https://www1.hkexnews.hk/listedco/listconews/sehk/2026/0708/2026070801214.pdf,684fe008fb812834ef3df049f1941bab3ee9348ad8426560e0c596aedb2c216f
1770.HK,100000,497,11,"100,000              497",https://www1.hkexnews.hk/listedco/listconews/sehk/2026/0708/2026070801214.pdf,684fe008fb812834ef3df049f1941bab3ee9348ad8426560e0c596aedb2c216f
1770.HK,150000,206,11,"150,000              206   H",https://www1.hkexnews.hk/listedco/listconews/sehk/2026/0708/2026070801214.pdf,684fe008fb812834ef3df049f1941bab3ee9348ad8426560e0c596aedb2c216f
1770.HK,200000,122,11,"200,000              122   H",https://www1.hkexnews.hk/listedco/listconews/sehk/2026/0708/2026070801214.pdf,684fe008fb812834ef3df049f1941bab3ee9348ad8426560e0c596aedb2c216f
1770.HK,255950,397,11,"255,950              397",https://www1.hkexnews.hk/listedco/listconews/sehk/2026/0708/2026070801214.pdf,684fe008fb812834ef3df049f1941bab3ee9348ad8426560e0c596aedb2c216f
2475.HK,100,26463,22,"100             26,463",https://www1.hkexnews.hk/listedco/listconews/sehk/2026/0708/2026070801342.pdf,3ce3189327ea0c422f1b85bafd548c759d6166d016b0306a67e67093da5df702
2475.HK,200,3403,22,"200               3,403",https://www1.hkexnews.hk/listedco/listconews/sehk/2026/0708/2026070801342.pdf,3ce3189327ea0c422f1b85bafd548c759d6166d016b0306a67e67093da5df702
2475.HK,300,1641,22,"300               1,641",https://www1.hkexnews.hk/listedco/listconews/sehk/2026/0708/2026070801342.pdf,3ce3189327ea0c422f1b85bafd548c759d6166d016b0306a67e67093da5df702
2475.HK,400,1300,22,"400               1,300",https://www1.hkexnews.hk/listedco/listconews/sehk/2026/0708/2026070801342.pdf,3ce3189327ea0c422f1b85bafd548c759d6166d016b0306a67e67093da5df702
2475.HK,500,2346,22,"500               2,346",https://www1.hkexnews.hk/listedco/listconews/sehk/2026/0708/2026070801342.pdf,3ce3189327ea0c422f1b85bafd548c759d6166d016b0306a67e67093da5df702
2475.HK,600,481,22,600               481,https://www1.hkexnews.hk/listedco/listconews/sehk/2026/0708/2026070801342.pdf,3ce3189327ea0c422f1b85bafd548c759d6166d016b0306a67e67093da5df702
2475.HK,700,2086,22,"700               2,086",https://www1.hkexnews.hk/listedco/listconews/sehk/2026/0708/2026070801342.pdf,3ce3189327ea0c422f1b85bafd548c759d6166d016b0306a67e67093da5df702
2475.HK,800,390,22,800               390,https://www1.hkexnews.hk/listedco/listconews/sehk/2026/0708/2026070801342.pdf,3ce3189327ea0c422f1b85bafd548c759d6166d016b0306a67e67093da5df702
2475.HK,900,206,22,900               206,https://www1.hkexnews.hk/listedco/listconews/sehk/2026/0708/2026070801342.pdf,3ce3189327ea0c422f1b85bafd548c759d6166d016b0306a67e67093da5df702
2475.HK,1000,2376,22,"1,000               2,376",https://www1.hkexnews.hk/listedco/listconews/sehk/2026/0708/2026070801342.pdf,3ce3189327ea0c422f1b85bafd548c759d6166d016b0306a67e67093da5df702
2475.HK,1500,1201,22,"1,500               1,201",https://www1.hkexnews.hk/listedco/listconews/sehk/2026/0708/2026070801342.pdf,3ce3189327ea0c422f1b85bafd548c759d6166d016b0306a67e67093da5df702
2475.HK,2000,812,22,"2,000               812",https://www1.hkexnews.hk/listedco/listconews/sehk/2026/0708/2026070801342.pdf,3ce3189327ea0c422f1b85bafd548c759d6166d016b0306a67e67093da5df702
2475.HK,2500,317,22,"2,500               317",https://www1.hkexnews.hk/listedco/listconews/sehk/2026/0708/2026070801342.pdf,3ce3189327ea0c422f1b85bafd548c759d6166d016b0306a67e67093da5df702
2475.HK,3000,494,22,"3,000               494",https://www1.hkexnews.hk/listedco/listconews/sehk/2026/0708/2026070801342.pdf,3ce3189327ea0c422f1b85bafd548c759d6166d016b0306a67e67093da5df702
2475.HK,3500,174,22,"3,500               174",https://www1.hkexnews.hk/listedco/listconews/sehk/2026/0708/2026070801342.pdf,3ce3189327ea0c422f1b85bafd548c759d6166d016b0306a67e67093da5df702
2475.HK,4000,210,22,"4,000               210",https://www1.hkexnews.hk/listedco/listconews/sehk/2026/0708/2026070801342.pdf,3ce3189327ea0c422f1b85bafd548c759d6166d016b0306a67e67093da5df702
2475.HK,4500,135,22,"4,500               135",https://www1.hkexnews.hk/listedco/listconews/sehk/2026/0708/2026070801342.pdf,3ce3189327ea0c422f1b85bafd548c759d6166d016b0306a67e67093da5df702
2475.HK,5000,467,23,"5,000               467",https://www1.hkexnews.hk/listedco/listconews/sehk/2026/0708/2026070801342.pdf,3ce3189327ea0c422f1b85bafd548c759d6166d016b0306a67e67093da5df702
2475.HK,6000,336,23,"6,000               336",https://www1.hkexnews.hk/listedco/listconews/sehk/2026/0708/2026070801342.pdf,3ce3189327ea0c422f1b85bafd548c759d6166d016b0306a67e67093da5df702
2475.HK,7000,192,23,"7,000               192",https://www1.hkexnews.hk/listedco/listconews/sehk/2026/0708/2026070801342.pdf,3ce3189327ea0c422f1b85bafd548c759d6166d016b0306a67e67093da5df702
2475.HK,8000,173,23,"8,000               173",https://www1.hkexnews.hk/listedco/listconews/sehk/2026/0708/2026070801342.pdf,3ce3189327ea0c422f1b85bafd548c759d6166d016b0306a67e67093da5df702
2475.HK,9000,110,23,"9,000               110",https://www1.hkexnews.hk/listedco/listconews/sehk/2026/0708/2026070801342.pdf,3ce3189327ea0c422f1b85bafd548c759d6166d016b0306a67e67093da5df702
2475.HK,10000,798,23,"10,000               798",https://www1.hkexnews.hk/listedco/listconews/sehk/2026/0708/2026070801342.pdf,3ce3189327ea0c422f1b85bafd548c759d6166d016b0306a67e67093da5df702
2475.HK,20000,382,23,"20,000               382",https://www1.hkexnews.hk/listedco/listconews/sehk/2026/0708/2026070801342.pdf,3ce3189327ea0c422f1b85bafd548c759d6166d016b0306a67e67093da5df702
2475.HK,30000,184,23,"30,000               184",https://www1.hkexnews.hk/listedco/listconews/sehk/2026/0708/2026070801342.pdf,3ce3189327ea0c422f1b85bafd548c759d6166d016b0306a67e67093da5df702
2475.HK,40000,89,23,"40,000                89",https://www1.hkexnews.hk/listedco/listconews/sehk/2026/0708/2026070801342.pdf,3ce3189327ea0c422f1b85bafd548c759d6166d016b0306a67e67093da5df702
2475.HK,50000,90,23,"50,000                90",https://www1.hkexnews.hk/listedco/listconews/sehk/2026/0708/2026070801342.pdf,3ce3189327ea0c422f1b85bafd548c759d6166d016b0306a67e67093da5df702
2475.HK,60000,39,23,"60,000                39",https://www1.hkexnews.hk/listedco/listconews/sehk/2026/0708/2026070801342.pdf,3ce3189327ea0c422f1b85bafd548c759d6166d016b0306a67e67093da5df702
2475.HK,70000,70,23,"70,000                70",https://www1.hkexnews.hk/listedco/listconews/sehk/2026/0708/2026070801342.pdf,3ce3189327ea0c422f1b85bafd548c759d6166d016b0306a67e67093da5df702
2475.HK,80000,127,23,"80,000               127",https://www1.hkexnews.hk/listedco/listconews/sehk/2026/0708/2026070801342.pdf,3ce3189327ea0c422f1b85bafd548c759d6166d016b0306a67e67093da5df702
2475.HK,90000,20,23,"90,000                20",https://www1.hkexnews.hk/listedco/listconews/sehk/2026/0708/2026070801342.pdf,3ce3189327ea0c422f1b85bafd548c759d6166d016b0306a67e67093da5df702
2475.HK,100000,89,23,"100,000                89",https://www1.hkexnews.hk/listedco/listconews/sehk/2026/0708/2026070801342.pdf,3ce3189327ea0c422f1b85bafd548c759d6166d016b0306a67e67093da5df702
2475.HK,200000,37,23,"200,000                37",https://www1.hkexnews.hk/listedco/listconews/sehk/2026/0708/2026070801342.pdf,3ce3189327ea0c422f1b85bafd548c759d6166d016b0306a67e67093da5df702
2475.HK,300000,20,23,"300,000                20",https://www1.hkexnews.hk/listedco/listconews/sehk/2026/0708/2026070801342.pdf,3ce3189327ea0c422f1b85bafd548c759d6166d016b0306a67e67093da5df702
2475.HK,400000,12,23,"400,000                12",https://www1.hkexnews.hk/listedco/listconews/sehk/2026/0708/2026070801342.pdf,3ce3189327ea0c422f1b85bafd548c759d6166d016b0306a67e67093da5df702
2475.HK,500000,6,23,"500,000                 6",https://www1.hkexnews.hk/listedco/listconews/sehk/2026/0708/2026070801342.pdf,3ce3189327ea0c422f1b85bafd548c759d6166d016b0306a67e67093da5df702
2475.HK,600000,2,23,"600,000                 2",https://www1.hkexnews.hk/listedco/listconews/sehk/2026/0708/2026070801342.pdf,3ce3189327ea0c422f1b85bafd548c759d6166d016b0306a67e67093da5df702
2475.HK,700000,4,23,"700,000                 4",https://www1.hkexnews.hk/listedco/listconews/sehk/2026/0708/2026070801342.pdf,3ce3189327ea0c422f1b85bafd548c759d6166d016b0306a67e67093da5df702
2475.HK,800000,6,23,"800,000                 6",https://www1.hkexnews.hk/listedco/listconews/sehk/2026/0708/2026070801342.pdf,3ce3189327ea0c422f1b85bafd548c759d6166d016b0306a67e67093da5df702
2475.HK,900000,3,23,"900,000                 3",https://www1.hkexnews.hk/listedco/listconews/sehk/2026/0708/2026070801342.pdf,3ce3189327ea0c422f1b85bafd548c759d6166d016b0306a67e67093da5df702
2475.HK,1000000,11,23,"1,000,000                11",https://www1.hkexnews.hk/listedco/listconews/sehk/2026/0708/2026070801342.pdf,3ce3189327ea0c422f1b85bafd548c759d6166d016b0306a67e67093da5df702
2475.HK,2000000,3,23,"2,000,000                 3",https://www1.hkexnews.hk/listedco/listconews/sehk/2026/0708/2026070801342.pdf,3ce3189327ea0c422f1b85bafd548c759d6166d016b0306a67e67093da5df702
2475.HK,3000000,1,24,"3,000,000                 1",https://www1.hkexnews.hk/listedco/listconews/sehk/2026/0708/2026070801342.pdf,3ce3189327ea0c422f1b85bafd548c759d6166d016b0306a67e67093da5df702
2475.HK,4000000,1,24,"4,000,000                 1",https://www1.hkexnews.hk/listedco/listconews/sehk/2026/0708/2026070801342.pdf,3ce3189327ea0c422f1b85bafd548c759d6166d016b0306a67e67093da5df702
2475.HK,5000000,1,24,"5,000,000                 1",https://www1.hkexnews.hk/listedco/listconews/sehk/2026/0708/2026070801342.pdf,3ce3189327ea0c422f1b85bafd548c759d6166d016b0306a67e67093da5df702
2797.HK,500,47933,8,"500        47,933",https://www1.hkexnews.hk/listedco/listconews/sehk/2026/0708/2026070801132.pdf,aeeeccf6c681ec649fd6cf4f6a304f929c4bba42603ff970eba587c6344bec0b
2797.HK,1000,21291,8,"1,000        21,291",https://www1.hkexnews.hk/listedco/listconews/sehk/2026/0708/2026070801132.pdf,aeeeccf6c681ec649fd6cf4f6a304f929c4bba42603ff970eba587c6344bec0b
2797.HK,1500,2384,8,"1,500         2,384",https://www1.hkexnews.hk/listedco/listconews/sehk/2026/0708/2026070801132.pdf,aeeeccf6c681ec649fd6cf4f6a304f929c4bba42603ff970eba587c6344bec0b
2797.HK,2000,827,8,"2,000          827",https://www1.hkexnews.hk/listedco/listconews/sehk/2026/0708/2026070801132.pdf,aeeeccf6c681ec649fd6cf4f6a304f929c4bba42603ff970eba587c6344bec0b
2797.HK,2500,949,8,"2,500          949",https://www1.hkexnews.hk/listedco/listconews/sehk/2026/0708/2026070801132.pdf,aeeeccf6c681ec649fd6cf4f6a304f929c4bba42603ff970eba587c6344bec0b
2797.HK,3000,479,8,"3,000          479",https://www1.hkexnews.hk/listedco/listconews/sehk/2026/0708/2026070801132.pdf,aeeeccf6c681ec649fd6cf4f6a304f929c4bba42603ff970eba587c6344bec0b
2797.HK,3500,350,8,"3,500          350",https://www1.hkexnews.hk/listedco/listconews/sehk/2026/0708/2026070801132.pdf,aeeeccf6c681ec649fd6cf4f6a304f929c4bba42603ff970eba587c6344bec0b
2797.HK,4000,385,8,"4,000          385",https://www1.hkexnews.hk/listedco/listconews/sehk/2026/0708/2026070801132.pdf,aeeeccf6c681ec649fd6cf4f6a304f929c4bba42603ff970eba587c6344bec0b
2797.HK,4500,281,8,"4,500          281",https://www1.hkexnews.hk/listedco/listconews/sehk/2026/0708/2026070801132.pdf,aeeeccf6c681ec649fd6cf4f6a304f929c4bba42603ff970eba587c6344bec0b
2797.HK,5000,6260,8,"5,000         6,260",https://www1.hkexnews.hk/listedco/listconews/sehk/2026/0708/2026070801132.pdf,aeeeccf6c681ec649fd6cf4f6a304f929c4bba42603ff970eba587c6344bec0b
2797.HK,7500,1129,8,"7,500         1,129",https://www1.hkexnews.hk/listedco/listconews/sehk/2026/0708/2026070801132.pdf,aeeeccf6c681ec649fd6cf4f6a304f929c4bba42603ff970eba587c6344bec0b
2797.HK,10000,1369,8,"10,000         1,369",https://www1.hkexnews.hk/listedco/listconews/sehk/2026/0708/2026070801132.pdf,aeeeccf6c681ec649fd6cf4f6a304f929c4bba42603ff970eba587c6344bec0b
2797.HK,12500,589,8,"12,500          589",https://www1.hkexnews.hk/listedco/listconews/sehk/2026/0708/2026070801132.pdf,aeeeccf6c681ec649fd6cf4f6a304f929c4bba42603ff970eba587c6344bec0b
2797.HK,15000,421,8,"15,000          421",https://www1.hkexnews.hk/listedco/listconews/sehk/2026/0708/2026070801132.pdf,aeeeccf6c681ec649fd6cf4f6a304f929c4bba42603ff970eba587c6344bec0b
2797.HK,17500,247,8,"17,500          247",https://www1.hkexnews.hk/listedco/listconews/sehk/2026/0708/2026070801132.pdf,aeeeccf6c681ec649fd6cf4f6a304f929c4bba42603ff970eba587c6344bec0b
2797.HK,20000,295,8,"20,000          295",https://www1.hkexnews.hk/listedco/listconews/sehk/2026/0708/2026070801132.pdf,aeeeccf6c681ec649fd6cf4f6a304f929c4bba42603ff970eba587c6344bec0b
2797.HK,22500,236,8,"22,500          236",https://www1.hkexnews.hk/listedco/listconews/sehk/2026/0708/2026070801132.pdf,aeeeccf6c681ec649fd6cf4f6a304f929c4bba42603ff970eba587c6344bec0b
2797.HK,25000,540,8,"25,000          540",https://www1.hkexnews.hk/listedco/listconews/sehk/2026/0708/2026070801132.pdf,aeeeccf6c681ec649fd6cf4f6a304f929c4bba42603ff970eba587c6344bec0b
2797.HK,30000,331,8,"30,000          331",https://www1.hkexnews.hk/listedco/listconews/sehk/2026/0708/2026070801132.pdf,aeeeccf6c681ec649fd6cf4f6a304f929c4bba42603ff970eba587c6344bec0b
2797.HK,35000,256,8,"35,000          256",https://www1.hkexnews.hk/listedco/listconews/sehk/2026/0708/2026070801132.pdf,aeeeccf6c681ec649fd6cf4f6a304f929c4bba42603ff970eba587c6344bec0b
2797.HK,40000,266,8,"40,000          266",https://www1.hkexnews.hk/listedco/listconews/sehk/2026/0708/2026070801132.pdf,aeeeccf6c681ec649fd6cf4f6a304f929c4bba42603ff970eba587c6344bec0b
2797.HK,45000,192,8,"45,000          192",https://www1.hkexnews.hk/listedco/listconews/sehk/2026/0708/2026070801132.pdf,aeeeccf6c681ec649fd6cf4f6a304f929c4bba42603ff970eba587c6344bec0b
2797.HK,50000,1289,8,"50,000         1,289",https://www1.hkexnews.hk/listedco/listconews/sehk/2026/0708/2026070801132.pdf,aeeeccf6c681ec649fd6cf4f6a304f929c4bba42603ff970eba587c6344bec0b
2797.HK,100000,850,8,"100,000          850",https://www1.hkexnews.hk/listedco/listconews/sehk/2026/0708/2026070801132.pdf,aeeeccf6c681ec649fd6cf4f6a304f929c4bba42603ff970eba587c6344bec0b
2797.HK,150000,573,8,"150,000          573",https://www1.hkexnews.hk/listedco/listconews/sehk/2026/0708/2026070801132.pdf,aeeeccf6c681ec649fd6cf4f6a304f929c4bba42603ff970eba587c6344bec0b
2797.HK,200000,347,8,"200,000          347",https://www1.hkexnews.hk/listedco/listconews/sehk/2026/0708/2026070801132.pdf,aeeeccf6c681ec649fd6cf4f6a304f929c4bba42603ff970eba587c6344bec0b
2797.HK,250000,825,8,"250,000          825",https://www1.hkexnews.hk/listedco/listconews/sehk/2026/0708/2026070801132.pdf,aeeeccf6c681ec649fd6cf4f6a304f929c4bba42603ff970eba587c6344bec0b
2797.HK,300000,249,8,"300,000          249",https://www1.hkexnews.hk/listedco/listconews/sehk/2026/0708/2026070801132.pdf,aeeeccf6c681ec649fd6cf4f6a304f929c4bba42603ff970eba587c6344bec0b
2797.HK,350000,213,8,"350,000          213",https://www1.hkexnews.hk/listedco/listconews/sehk/2026/0708/2026070801132.pdf,aeeeccf6c681ec649fd6cf4f6a304f929c4bba42603ff970eba587c6344bec0b
2797.HK,400000,206,8,"400,000          206",https://www1.hkexnews.hk/listedco/listconews/sehk/2026/0708/2026070801132.pdf,aeeeccf6c681ec649fd6cf4f6a304f929c4bba42603ff970eba587c6344bec0b
2797.HK,450000,153,8,"450,000          153",https://www1.hkexnews.hk/listedco/listconews/sehk/2026/0708/2026070801132.pdf,aeeeccf6c681ec649fd6cf4f6a304f929c4bba42603ff970eba587c6344bec0b
2797.HK,500000,761,8,"500,000          761",https://www1.hkexnews.hk/listedco/listconews/sehk/2026/0708/2026070801132.pdf,aeeeccf6c681ec649fd6cf4f6a304f929c4bba42603ff970eba587c6344bec0b
2797.HK,750000,1222,9,"750,000         1,222",https://www1.hkexnews.hk/listedco/listconews/sehk/2026/0708/2026070801132.pdf,aeeeccf6c681ec649fd6cf4f6a304f929c4bba42603ff970eba587c6344bec0b
2797.HK,1000000,369,9,"1,000,000          369",https://www1.hkexnews.hk/listedco/listconews/sehk/2026/0708/2026070801132.pdf,aeeeccf6c681ec649fd6cf4f6a304f929c4bba42603ff970eba587c6344bec0b
2797.HK,1250000,1240,9,"1,250,000         1,240",https://www1.hkexnews.hk/listedco/listconews/sehk/2026/0708/2026070801132.pdf,aeeeccf6c681ec649fd6cf4f6a304f929c4bba42603ff970eba587c6344bec0b
3752.HK,100,31222,14,"100         31,222",https://www1.hkexnews.hk/listedco/listconews/sehk/2026/0708/2026070801234.pdf,060be54aa913bffdf74057c866621146e1aed713f3a82da7fd643c2654430bd7
3752.HK,200,12125,14,"200         12,125",https://www1.hkexnews.hk/listedco/listconews/sehk/2026/0708/2026070801234.pdf,060be54aa913bffdf74057c866621146e1aed713f3a82da7fd643c2654430bd7
3752.HK,300,2481,14,"300           2,481",https://www1.hkexnews.hk/listedco/listconews/sehk/2026/0708/2026070801234.pdf,060be54aa913bffdf74057c866621146e1aed713f3a82da7fd643c2654430bd7
3752.HK,400,703,14,400           703,https://www1.hkexnews.hk/listedco/listconews/sehk/2026/0708/2026070801234.pdf,060be54aa913bffdf74057c866621146e1aed713f3a82da7fd643c2654430bd7
3752.HK,500,1078,14,"500           1,078",https://www1.hkexnews.hk/listedco/listconews/sehk/2026/0708/2026070801234.pdf,060be54aa913bffdf74057c866621146e1aed713f3a82da7fd643c2654430bd7
3752.HK,600,422,14,600           422,https://www1.hkexnews.hk/listedco/listconews/sehk/2026/0708/2026070801234.pdf,060be54aa913bffdf74057c866621146e1aed713f3a82da7fd643c2654430bd7
3752.HK,700,267,14,700           267,https://www1.hkexnews.hk/listedco/listconews/sehk/2026/0708/2026070801234.pdf,060be54aa913bffdf74057c866621146e1aed713f3a82da7fd643c2654430bd7
3752.HK,800,380,14,800           380,https://www1.hkexnews.hk/listedco/listconews/sehk/2026/0708/2026070801234.pdf,060be54aa913bffdf74057c866621146e1aed713f3a82da7fd643c2654430bd7
3752.HK,900,196,14,900           196,https://www1.hkexnews.hk/listedco/listconews/sehk/2026/0708/2026070801234.pdf,060be54aa913bffdf74057c866621146e1aed713f3a82da7fd643c2654430bd7
3752.HK,1000,4782,14,"1,000           4,782",https://www1.hkexnews.hk/listedco/listconews/sehk/2026/0708/2026070801234.pdf,060be54aa913bffdf74057c866621146e1aed713f3a82da7fd643c2654430bd7
3752.HK,1500,822,14,"1,500           822",https://www1.hkexnews.hk/listedco/listconews/sehk/2026/0708/2026070801234.pdf,060be54aa913bffdf74057c866621146e1aed713f3a82da7fd643c2654430bd7
3752.HK,2000,742,14,"2,000           742",https://www1.hkexnews.hk/listedco/listconews/sehk/2026/0708/2026070801234.pdf,060be54aa913bffdf74057c866621146e1aed713f3a82da7fd643c2654430bd7
3752.HK,2500,739,14,"2,500           739",https://www1.hkexnews.hk/listedco/listconews/sehk/2026/0708/2026070801234.pdf,060be54aa913bffdf74057c866621146e1aed713f3a82da7fd643c2654430bd7
3752.HK,3000,552,14,"3,000           552",https://www1.hkexnews.hk/listedco/listconews/sehk/2026/0708/2026070801234.pdf,060be54aa913bffdf74057c866621146e1aed713f3a82da7fd643c2654430bd7
3752.HK,3500,232,14,"3,500           232",https://www1.hkexnews.hk/listedco/listconews/sehk/2026/0708/2026070801234.pdf,060be54aa913bffdf74057c866621146e1aed713f3a82da7fd643c2654430bd7
3752.HK,4000,268,14,"4,000           268",https://www1.hkexnews.hk/listedco/listconews/sehk/2026/0708/2026070801234.pdf,060be54aa913bffdf74057c866621146e1aed713f3a82da7fd643c2654430bd7
3752.HK,4500,177,14,"4,500           177",https://www1.hkexnews.hk/listedco/listconews/sehk/2026/0708/2026070801234.pdf,060be54aa913bffdf74057c866621146e1aed713f3a82da7fd643c2654430bd7
3752.HK,5000,530,14,"5,000           530",https://www1.hkexnews.hk/listedco/listconews/sehk/2026/0708/2026070801234.pdf,060be54aa913bffdf74057c866621146e1aed713f3a82da7fd643c2654430bd7
3752.HK,6000,398,14,"6,000           398",https://www1.hkexnews.hk/listedco/listconews/sehk/2026/0708/2026070801234.pdf,060be54aa913bffdf74057c866621146e1aed713f3a82da7fd643c2654430bd7
3752.HK,7000,243,14,"7,000           243",https://www1.hkexnews.hk/listedco/listconews/sehk/2026/0708/2026070801234.pdf,060be54aa913bffdf74057c866621146e1aed713f3a82da7fd643c2654430bd7
3752.HK,8000,276,14,"8,000           276",https://www1.hkexnews.hk/listedco/listconews/sehk/2026/0708/2026070801234.pdf,060be54aa913bffdf74057c866621146e1aed713f3a82da7fd643c2654430bd7
3752.HK,9000,153,14,"9,000           153",https://www1.hkexnews.hk/listedco/listconews/sehk/2026/0708/2026070801234.pdf,060be54aa913bffdf74057c866621146e1aed713f3a82da7fd643c2654430bd7
3752.HK,10000,1225,14,"10,000           1,225",https://www1.hkexnews.hk/listedco/listconews/sehk/2026/0708/2026070801234.pdf,060be54aa913bffdf74057c866621146e1aed713f3a82da7fd643c2654430bd7
3752.HK,20000,637,14,"20,000           637",https://www1.hkexnews.hk/listedco/listconews/sehk/2026/0708/2026070801234.pdf,060be54aa913bffdf74057c866621146e1aed713f3a82da7fd643c2654430bd7
3752.HK,30000,507,14,"30,000           507",https://www1.hkexnews.hk/listedco/listconews/sehk/2026/0708/2026070801234.pdf,060be54aa913bffdf74057c866621146e1aed713f3a82da7fd643c2654430bd7
3752.HK,40000,224,14,"40,000           224",https://www1.hkexnews.hk/listedco/listconews/sehk/2026/0708/2026070801234.pdf,060be54aa913bffdf74057c866621146e1aed713f3a82da7fd643c2654430bd7
3752.HK,50000,638,14,"50,000           638",https://www1.hkexnews.hk/listedco/listconews/sehk/2026/0708/2026070801234.pdf,060be54aa913bffdf74057c866621146e1aed713f3a82da7fd643c2654430bd7
3752.HK,60000,137,14,"60,000           137",https://www1.hkexnews.hk/listedco/listconews/sehk/2026/0708/2026070801234.pdf,060be54aa913bffdf74057c866621146e1aed713f3a82da7fd643c2654430bd7
3752.HK,70000,86,14,"70,000            86",https://www1.hkexnews.hk/listedco/listconews/sehk/2026/0708/2026070801234.pdf,060be54aa913bffdf74057c866621146e1aed713f3a82da7fd643c2654430bd7
3752.HK,80000,95,14,"80,000            95",https://www1.hkexnews.hk/listedco/listconews/sehk/2026/0708/2026070801234.pdf,060be54aa913bffdf74057c866621146e1aed713f3a82da7fd643c2654430bd7
3752.HK,90000,65,14,"90,000            65",https://www1.hkexnews.hk/listedco/listconews/sehk/2026/0708/2026070801234.pdf,060be54aa913bffdf74057c866621146e1aed713f3a82da7fd643c2654430bd7
3752.HK,100000,464,14,"100,000           464",https://www1.hkexnews.hk/listedco/listconews/sehk/2026/0708/2026070801234.pdf,060be54aa913bffdf74057c866621146e1aed713f3a82da7fd643c2654430bd7
3752.HK,200000,297,15,"200,000           297",https://www1.hkexnews.hk/listedco/listconews/sehk/2026/0708/2026070801234.pdf,060be54aa913bffdf74057c866621146e1aed713f3a82da7fd643c2654430bd7
3752.HK,300000,63,15,"300,000            63",https://www1.hkexnews.hk/listedco/listconews/sehk/2026/0708/2026070801234.pdf,060be54aa913bffdf74057c866621146e1aed713f3a82da7fd643c2654430bd7
3752.HK,400000,29,15,"400,000            29",https://www1.hkexnews.hk/listedco/listconews/sehk/2026/0708/2026070801234.pdf,060be54aa913bffdf74057c866621146e1aed713f3a82da7fd643c2654430bd7
3752.HK,500000,31,15,"500,000            31",https://www1.hkexnews.hk/listedco/listconews/sehk/2026/0708/2026070801234.pdf,060be54aa913bffdf74057c866621146e1aed713f3a82da7fd643c2654430bd7
3752.HK,600000,13,15,"600,000            13",https://www1.hkexnews.hk/listedco/listconews/sehk/2026/0708/2026070801234.pdf,060be54aa913bffdf74057c866621146e1aed713f3a82da7fd643c2654430bd7
3752.HK,700000,9,15,"700,000             9",https://www1.hkexnews.hk/listedco/listconews/sehk/2026/0708/2026070801234.pdf,060be54aa913bffdf74057c866621146e1aed713f3a82da7fd643c2654430bd7
3752.HK,800000,12,15,"800,000            12",https://www1.hkexnews.hk/listedco/listconews/sehk/2026/0708/2026070801234.pdf,060be54aa913bffdf74057c866621146e1aed713f3a82da7fd643c2654430bd7
3752.HK,900000,2,15,"900,000             2",https://www1.hkexnews.hk/listedco/listconews/sehk/2026/0708/2026070801234.pdf,060be54aa913bffdf74057c866621146e1aed713f3a82da7fd643c2654430bd7
3752.HK,1000000,8,15,"1,000,000             8",https://www1.hkexnews.hk/listedco/listconews/sehk/2026/0708/2026070801234.pdf,060be54aa913bffdf74057c866621146e1aed713f3a82da7fd643c2654430bd7
3752.HK,1151600,30,15,"1,151,600            30",https://www1.hkexnews.hk/listedco/listconews/sehk/2026/0708/2026070801234.pdf,060be54aa913bffdf74057c866621146e1aed713f3a82da7fd643c2654430bd7
6951.HK,100,62183,15,"100            62,183",https://www1.hkexnews.hk/listedco/listconews/sehk/2026/0708/2026070801348.pdf,990c304722b772531b270d69c4c813adb7a80e6d78f91b53a9e19373c95b387e
6951.HK,200,8572,15,"200             8,572",https://www1.hkexnews.hk/listedco/listconews/sehk/2026/0708/2026070801348.pdf,990c304722b772531b270d69c4c813adb7a80e6d78f91b53a9e19373c95b387e
6951.HK,300,6795,15,"300             6,795",https://www1.hkexnews.hk/listedco/listconews/sehk/2026/0708/2026070801348.pdf,990c304722b772531b270d69c4c813adb7a80e6d78f91b53a9e19373c95b387e
6951.HK,400,17053,15,"400            17,053",https://www1.hkexnews.hk/listedco/listconews/sehk/2026/0708/2026070801348.pdf,990c304722b772531b270d69c4c813adb7a80e6d78f91b53a9e19373c95b387e
6951.HK,500,3523,16,"500             3,523",https://www1.hkexnews.hk/listedco/listconews/sehk/2026/0708/2026070801348.pdf,990c304722b772531b270d69c4c813adb7a80e6d78f91b53a9e19373c95b387e
6951.HK,600,1778,16,"600             1,778",https://www1.hkexnews.hk/listedco/listconews/sehk/2026/0708/2026070801348.pdf,990c304722b772531b270d69c4c813adb7a80e6d78f91b53a9e19373c95b387e
6951.HK,700,1451,16,"700             1,451",https://www1.hkexnews.hk/listedco/listconews/sehk/2026/0708/2026070801348.pdf,990c304722b772531b270d69c4c813adb7a80e6d78f91b53a9e19373c95b387e
6951.HK,800,1499,16,"800             1,499",https://www1.hkexnews.hk/listedco/listconews/sehk/2026/0708/2026070801348.pdf,990c304722b772531b270d69c4c813adb7a80e6d78f91b53a9e19373c95b387e
6951.HK,900,5414,16,"900             5,414",https://www1.hkexnews.hk/listedco/listconews/sehk/2026/0708/2026070801348.pdf,990c304722b772531b270d69c4c813adb7a80e6d78f91b53a9e19373c95b387e
6951.HK,1000,7519,16,"1,000             7,519",https://www1.hkexnews.hk/listedco/listconews/sehk/2026/0708/2026070801348.pdf,990c304722b772531b270d69c4c813adb7a80e6d78f91b53a9e19373c95b387e
6951.HK,1500,3578,16,"1,500             3,578",https://www1.hkexnews.hk/listedco/listconews/sehk/2026/0708/2026070801348.pdf,990c304722b772531b270d69c4c813adb7a80e6d78f91b53a9e19373c95b387e
6951.HK,2000,4087,16,"2,000             4,087",https://www1.hkexnews.hk/listedco/listconews/sehk/2026/0708/2026070801348.pdf,990c304722b772531b270d69c4c813adb7a80e6d78f91b53a9e19373c95b387e
6951.HK,2500,2234,16,"2,500             2,234",https://www1.hkexnews.hk/listedco/listconews/sehk/2026/0708/2026070801348.pdf,990c304722b772531b270d69c4c813adb7a80e6d78f91b53a9e19373c95b387e
6951.HK,3000,2589,16,"3,000             2,589",https://www1.hkexnews.hk/listedco/listconews/sehk/2026/0708/2026070801348.pdf,990c304722b772531b270d69c4c813adb7a80e6d78f91b53a9e19373c95b387e
6951.HK,3500,1471,16,"3,500             1,471",https://www1.hkexnews.hk/listedco/listconews/sehk/2026/0708/2026070801348.pdf,990c304722b772531b270d69c4c813adb7a80e6d78f91b53a9e19373c95b387e
6951.HK,4000,1814,16,"4,000             1,814",https://www1.hkexnews.hk/listedco/listconews/sehk/2026/0708/2026070801348.pdf,990c304722b772531b270d69c4c813adb7a80e6d78f91b53a9e19373c95b387e
6951.HK,4500,1186,16,"4,500             1,186",https://www1.hkexnews.hk/listedco/listconews/sehk/2026/0708/2026070801348.pdf,990c304722b772531b270d69c4c813adb7a80e6d78f91b53a9e19373c95b387e
6951.HK,5000,2893,16,"5,000             2,893",https://www1.hkexnews.hk/listedco/listconews/sehk/2026/0708/2026070801348.pdf,990c304722b772531b270d69c4c813adb7a80e6d78f91b53a9e19373c95b387e
6951.HK,6000,1898,16,"6,000             1,898",https://www1.hkexnews.hk/listedco/listconews/sehk/2026/0708/2026070801348.pdf,990c304722b772531b270d69c4c813adb7a80e6d78f91b53a9e19373c95b387e
6951.HK,7000,1438,16,"7,000             1,438",https://www1.hkexnews.hk/listedco/listconews/sehk/2026/0708/2026070801348.pdf,990c304722b772531b270d69c4c813adb7a80e6d78f91b53a9e19373c95b387e
6951.HK,8000,1437,16,"8,000             1,437",https://www1.hkexnews.hk/listedco/listconews/sehk/2026/0708/2026070801348.pdf,990c304722b772531b270d69c4c813adb7a80e6d78f91b53a9e19373c95b387e
6951.HK,9000,1211,16,"9,000             1,211",https://www1.hkexnews.hk/listedco/listconews/sehk/2026/0708/2026070801348.pdf,990c304722b772531b270d69c4c813adb7a80e6d78f91b53a9e19373c95b387e
6951.HK,10000,7290,16,"10,000             7,290",https://www1.hkexnews.hk/listedco/listconews/sehk/2026/0708/2026070801348.pdf,990c304722b772531b270d69c4c813adb7a80e6d78f91b53a9e19373c95b387e
6951.HK,20000,4809,16,"20,000             4,809",https://www1.hkexnews.hk/listedco/listconews/sehk/2026/0708/2026070801348.pdf,990c304722b772531b270d69c4c813adb7a80e6d78f91b53a9e19373c95b387e
6951.HK,30000,2674,16,"30,000             2,674",https://www1.hkexnews.hk/listedco/listconews/sehk/2026/0708/2026070801348.pdf,990c304722b772531b270d69c4c813adb7a80e6d78f91b53a9e19373c95b387e
6951.HK,40000,3267,16,"40,000             3,267",https://www1.hkexnews.hk/listedco/listconews/sehk/2026/0708/2026070801348.pdf,990c304722b772531b270d69c4c813adb7a80e6d78f91b53a9e19373c95b387e
6951.HK,50000,10033,17,"50,000            10,033",https://www1.hkexnews.hk/listedco/listconews/sehk/2026/0708/2026070801348.pdf,990c304722b772531b270d69c4c813adb7a80e6d78f91b53a9e19373c95b387e
6951.HK,100000,2279,17,"100,000             2,279",https://www1.hkexnews.hk/listedco/listconews/sehk/2026/0708/2026070801348.pdf,990c304722b772531b270d69c4c813adb7a80e6d78f91b53a9e19373c95b387e
6951.HK,150000,968,17,"150,000             968",https://www1.hkexnews.hk/listedco/listconews/sehk/2026/0708/2026070801348.pdf,990c304722b772531b270d69c4c813adb7a80e6d78f91b53a9e19373c95b387e
6951.HK,200000,651,17,"200,000             651",https://www1.hkexnews.hk/listedco/listconews/sehk/2026/0708/2026070801348.pdf,990c304722b772531b270d69c4c813adb7a80e6d78f91b53a9e19373c95b387e
6951.HK,250000,759,17,"250,000             759",https://www1.hkexnews.hk/listedco/listconews/sehk/2026/0708/2026070801348.pdf,990c304722b772531b270d69c4c813adb7a80e6d78f91b53a9e19373c95b387e
6951.HK,500000,306,17,"500,000             306",https://www1.hkexnews.hk/listedco/listconews/sehk/2026/0708/2026070801348.pdf,990c304722b772531b270d69c4c813adb7a80e6d78f91b53a9e19373c95b387e
6951.HK,750000,98,17,"750,000              98",https://www1.hkexnews.hk/listedco/listconews/sehk/2026/0708/2026070801348.pdf,990c304722b772531b270d69c4c813adb7a80e6d78f91b53a9e19373c95b387e
6951.HK,1000000,84,17,"1,000,000              84",https://www1.hkexnews.hk/listedco/listconews/sehk/2026/0708/2026070801348.pdf,990c304722b772531b270d69c4c813adb7a80e6d78f91b53a9e19373c95b387e
6951.HK,1250000,28,17,"1,250,000              28",https://www1.hkexnews.hk/listedco/listconews/sehk/2026/0708/2026070801348.pdf,990c304722b772531b270d69c4c813adb7a80e6d78f91b53a9e19373c95b387e
6951.HK,1500000,24,17,"1,500,000              24",https://www1.hkexnews.hk/listedco/listconews/sehk/2026/0708/2026070801348.pdf,990c304722b772531b270d69c4c813adb7a80e6d78f91b53a9e19373c95b387e
6951.HK,2000000,46,17,"2,000,000              46",https://www1.hkexnews.hk/listedco/listconews/sehk/2026/0708/2026070801348.pdf,990c304722b772531b270d69c4c813adb7a80e6d78f91b53a9e19373c95b387e
6951.HK,2500000,4,17,"2,500,000               4",https://www1.hkexnews.hk/listedco/listconews/sehk/2026/0708/2026070801348.pdf,990c304722b772531b270d69c4c813adb7a80e6d78f91b53a9e19373c95b387e
6951.HK,3000000,8,17,"3,000,000               8",https://www1.hkexnews.hk/listedco/listconews/sehk/2026/0708/2026070801348.pdf,990c304722b772531b270d69c4c813adb7a80e6d78f91b53a9e19373c95b387e
6951.HK,3568200,33,17,"3,568,200              33",https://www1.hkexnews.hk/listedco/listconews/sehk/2026/0708/2026070801348.pdf,990c304722b772531b270d69c4c813adb7a80e6d78f91b53a9e19373c95b387e
2249.HK,100,44149,15,"100                44,149",https://www1.hkexnews.hk/listedco/listconews/sehk/2026/0709/2026070901289.pdf,6bd52400fd2aaaf56399b5e3733ea060f9f37fb1340ead2dd6f8e024dba2e0a0
2249.HK,200,7729,15,"200                 7,729",https://www1.hkexnews.hk/listedco/listconews/sehk/2026/0709/2026070901289.pdf,6bd52400fd2aaaf56399b5e3733ea060f9f37fb1340ead2dd6f8e024dba2e0a0
2249.HK,300,17609,15,"300                17,609",https://www1.hkexnews.hk/listedco/listconews/sehk/2026/0709/2026070901289.pdf,6bd52400fd2aaaf56399b5e3733ea060f9f37fb1340ead2dd6f8e024dba2e0a0
2249.HK,400,3413,15,"400                 3,413",https://www1.hkexnews.hk/listedco/listconews/sehk/2026/0709/2026070901289.pdf,6bd52400fd2aaaf56399b5e3733ea060f9f37fb1340ead2dd6f8e024dba2e0a0
2249.HK,500,4555,15,"500                 4,555",https://www1.hkexnews.hk/listedco/listconews/sehk/2026/0709/2026070901289.pdf,6bd52400fd2aaaf56399b5e3733ea060f9f37fb1340ead2dd6f8e024dba2e0a0
2249.HK,600,2861,15,"600                 2,861",https://www1.hkexnews.hk/listedco/listconews/sehk/2026/0709/2026070901289.pdf,6bd52400fd2aaaf56399b5e3733ea060f9f37fb1340ead2dd6f8e024dba2e0a0
2249.HK,700,2183,15,"700                 2,183",https://www1.hkexnews.hk/listedco/listconews/sehk/2026/0709/2026070901289.pdf,6bd52400fd2aaaf56399b5e3733ea060f9f37fb1340ead2dd6f8e024dba2e0a0
2249.HK,800,2191,15,"800                 2,191",https://www1.hkexnews.hk/listedco/listconews/sehk/2026/0709/2026070901289.pdf,6bd52400fd2aaaf56399b5e3733ea060f9f37fb1340ead2dd6f8e024dba2e0a0
2249.HK,900,1910,15,"900                 1,910",https://www1.hkexnews.hk/listedco/listconews/sehk/2026/0709/2026070901289.pdf,6bd52400fd2aaaf56399b5e3733ea060f9f37fb1340ead2dd6f8e024dba2e0a0
2249.HK,1000,21502,15,"1,000                21,502",https://www1.hkexnews.hk/listedco/listconews/sehk/2026/0709/2026070901289.pdf,6bd52400fd2aaaf56399b5e3733ea060f9f37fb1340ead2dd6f8e024dba2e0a0
2249.HK,2000,8011,15,"2,000                 8,011",https://www1.hkexnews.hk/listedco/listconews/sehk/2026/0709/2026070901289.pdf,6bd52400fd2aaaf56399b5e3733ea060f9f37fb1340ead2dd6f8e024dba2e0a0
2249.HK,3000,8682,15,"3,000                 8,682",https://www1.hkexnews.hk/listedco/listconews/sehk/2026/0709/2026070901289.pdf,6bd52400fd2aaaf56399b5e3733ea060f9f37fb1340ead2dd6f8e024dba2e0a0
2249.HK,4000,3493,15,"4,000                 3,493",https://www1.hkexnews.hk/listedco/listconews/sehk/2026/0709/2026070901289.pdf,6bd52400fd2aaaf56399b5e3733ea060f9f37fb1340ead2dd6f8e024dba2e0a0
2249.HK,5000,3498,15,"5,000                 3,498",https://www1.hkexnews.hk/listedco/listconews/sehk/2026/0709/2026070901289.pdf,6bd52400fd2aaaf56399b5e3733ea060f9f37fb1340ead2dd6f8e024dba2e0a0
2249.HK,6000,2626,15,"6,000                 2,626",https://www1.hkexnews.hk/listedco/listconews/sehk/2026/0709/2026070901289.pdf,6bd52400fd2aaaf56399b5e3733ea060f9f37fb1340ead2dd6f8e024dba2e0a0
2249.HK,7000,2072,15,"7,000                 2,072",https://www1.hkexnews.hk/listedco/listconews/sehk/2026/0709/2026070901289.pdf,6bd52400fd2aaaf56399b5e3733ea060f9f37fb1340ead2dd6f8e024dba2e0a0
2249.HK,8000,1912,15,"8,000                 1,912",https://www1.hkexnews.hk/listedco/listconews/sehk/2026/0709/2026070901289.pdf,6bd52400fd2aaaf56399b5e3733ea060f9f37fb1340ead2dd6f8e024dba2e0a0
2249.HK,9000,1817,15,"9,000                 1,817",https://www1.hkexnews.hk/listedco/listconews/sehk/2026/0709/2026070901289.pdf,6bd52400fd2aaaf56399b5e3733ea060f9f37fb1340ead2dd6f8e024dba2e0a0
2249.HK,10000,10205,15,"10,000                10,205",https://www1.hkexnews.hk/listedco/listconews/sehk/2026/0709/2026070901289.pdf,6bd52400fd2aaaf56399b5e3733ea060f9f37fb1340ead2dd6f8e024dba2e0a0
2249.HK,20000,5896,15,"20,000                 5,896",https://www1.hkexnews.hk/listedco/listconews/sehk/2026/0709/2026070901289.pdf,6bd52400fd2aaaf56399b5e3733ea060f9f37fb1340ead2dd6f8e024dba2e0a0
2249.HK,30000,4279,15,"30,000                 4,279",https://www1.hkexnews.hk/listedco/listconews/sehk/2026/0709/2026070901289.pdf,6bd52400fd2aaaf56399b5e3733ea060f9f37fb1340ead2dd6f8e024dba2e0a0
2249.HK,40000,2888,15,"40,000                 2,888",https://www1.hkexnews.hk/listedco/listconews/sehk/2026/0709/2026070901289.pdf,6bd52400fd2aaaf56399b5e3733ea060f9f37fb1340ead2dd6f8e024dba2e0a0
2249.HK,50000,2620,15,"50,000                 2,620",https://www1.hkexnews.hk/listedco/listconews/sehk/2026/0709/2026070901289.pdf,6bd52400fd2aaaf56399b5e3733ea060f9f37fb1340ead2dd6f8e024dba2e0a0
2249.HK,60000,2112,15,"60,000                 2,112",https://www1.hkexnews.hk/listedco/listconews/sehk/2026/0709/2026070901289.pdf,6bd52400fd2aaaf56399b5e3733ea060f9f37fb1340ead2dd6f8e024dba2e0a0
2249.HK,70000,1587,15,"70,000                 1,587",https://www1.hkexnews.hk/listedco/listconews/sehk/2026/0709/2026070901289.pdf,6bd52400fd2aaaf56399b5e3733ea060f9f37fb1340ead2dd6f8e024dba2e0a0
2249.HK,80000,1560,15,"80,000                 1,560",https://www1.hkexnews.hk/listedco/listconews/sehk/2026/0709/2026070901289.pdf,6bd52400fd2aaaf56399b5e3733ea060f9f37fb1340ead2dd6f8e024dba2e0a0
2249.HK,90000,1760,15,"90,000                 1,760",https://www1.hkexnews.hk/listedco/listconews/sehk/2026/0709/2026070901289.pdf,6bd52400fd2aaaf56399b5e3733ea060f9f37fb1340ead2dd6f8e024dba2e0a0
2249.HK,100000,10224,15,"100,000                10,224",https://www1.hkexnews.hk/listedco/listconews/sehk/2026/0709/2026070901289.pdf,6bd52400fd2aaaf56399b5e3733ea060f9f37fb1340ead2dd6f8e024dba2e0a0
2249.HK,200000,6513,16,"200,000                 6,513",https://www1.hkexnews.hk/listedco/listconews/sehk/2026/0709/2026070901289.pdf,6bd52400fd2aaaf56399b5e3733ea060f9f37fb1340ead2dd6f8e024dba2e0a0
2249.HK,300000,1947,16,"300,000                 1,947",https://www1.hkexnews.hk/listedco/listconews/sehk/2026/0709/2026070901289.pdf,6bd52400fd2aaaf56399b5e3733ea060f9f37fb1340ead2dd6f8e024dba2e0a0
2249.HK,400000,1009,16,"400,000                 1,009",https://www1.hkexnews.hk/listedco/listconews/sehk/2026/0709/2026070901289.pdf,6bd52400fd2aaaf56399b5e3733ea060f9f37fb1340ead2dd6f8e024dba2e0a0
2249.HK,500000,1612,16,"500,000                 1,612",https://www1.hkexnews.hk/listedco/listconews/sehk/2026/0709/2026070901289.pdf,6bd52400fd2aaaf56399b5e3733ea060f9f37fb1340ead2dd6f8e024dba2e0a0
2249.HK,1000000,542,16,"1,000,000                 542",https://www1.hkexnews.hk/listedco/listconews/sehk/2026/0709/2026070901289.pdf,6bd52400fd2aaaf56399b5e3733ea060f9f37fb1340ead2dd6f8e024dba2e0a0
2249.HK,1500000,201,16,"1,500,000                 201",https://www1.hkexnews.hk/listedco/listconews/sehk/2026/0709/2026070901289.pdf,6bd52400fd2aaaf56399b5e3733ea060f9f37fb1340ead2dd6f8e024dba2e0a0
2249.HK,2000000,160,16,"2,000,000                 160",https://www1.hkexnews.hk/listedco/listconews/sehk/2026/0709/2026070901289.pdf,6bd52400fd2aaaf56399b5e3733ea060f9f37fb1340ead2dd6f8e024dba2e0a0
2249.HK,3000000,77,16,"3,000,000                   77",https://www1.hkexnews.hk/listedco/listconews/sehk/2026/0709/2026070901289.pdf,6bd52400fd2aaaf56399b5e3733ea060f9f37fb1340ead2dd6f8e024dba2e0a0
2249.HK,4000000,47,16,"4,000,000                   47",https://www1.hkexnews.hk/listedco/listconews/sehk/2026/0709/2026070901289.pdf,6bd52400fd2aaaf56399b5e3733ea060f9f37fb1340ead2dd6f8e024dba2e0a0
2249.HK,6000000,17,16,"6,000,000                   17",https://www1.hkexnews.hk/listedco/listconews/sehk/2026/0709/2026070901289.pdf,6bd52400fd2aaaf56399b5e3733ea060f9f37fb1340ead2dd6f8e024dba2e0a0
2249.HK,8000000,16,16,"8,000,000                   16",https://www1.hkexnews.hk/listedco/listconews/sehk/2026/0709/2026070901289.pdf,6bd52400fd2aaaf56399b5e3733ea060f9f37fb1340ead2dd6f8e024dba2e0a0
2249.HK,10808300,20,16,"10,808,300                   20",https://www1.hkexnews.hk/listedco/listconews/sehk/2026/0709/2026070901289.pdf,6bd52400fd2aaaf56399b5e3733ea060f9f37fb1340ead2dd6f8e024dba2e0a0
6745.HK,1000,31717,12,"1,000             31,717",https://www1.hkexnews.hk/listedco/listconews/sehk/2026/0709/2026070901273.pdf,c2099acc23a205a214618608ae5d631fd4c5349bd906d0973f583e10b516ea13
6745.HK,2000,20958,12,"2,000             20,958",https://www1.hkexnews.hk/listedco/listconews/sehk/2026/0709/2026070901273.pdf,c2099acc23a205a214618608ae5d631fd4c5349bd906d0973f583e10b516ea13
6745.HK,3000,2645,12,"3,000              2,645",https://www1.hkexnews.hk/listedco/listconews/sehk/2026/0709/2026070901273.pdf,c2099acc23a205a214618608ae5d631fd4c5349bd906d0973f583e10b516ea13
6745.HK,4000,1224,12,"4,000              1,224",https://www1.hkexnews.hk/listedco/listconews/sehk/2026/0709/2026070901273.pdf,c2099acc23a205a214618608ae5d631fd4c5349bd906d0973f583e10b516ea13
6745.HK,5000,1656,12,"5,000              1,656",https://www1.hkexnews.hk/listedco/listconews/sehk/2026/0709/2026070901273.pdf,c2099acc23a205a214618608ae5d631fd4c5349bd906d0973f583e10b516ea13
6745.HK,6000,942,12,"6,000              942",https://www1.hkexnews.hk/listedco/listconews/sehk/2026/0709/2026070901273.pdf,c2099acc23a205a214618608ae5d631fd4c5349bd906d0973f583e10b516ea13
6745.HK,7000,781,12,"7,000              781",https://www1.hkexnews.hk/listedco/listconews/sehk/2026/0709/2026070901273.pdf,c2099acc23a205a214618608ae5d631fd4c5349bd906d0973f583e10b516ea13
6745.HK,8000,772,12,"8,000              772",https://www1.hkexnews.hk/listedco/listconews/sehk/2026/0709/2026070901273.pdf,c2099acc23a205a214618608ae5d631fd4c5349bd906d0973f583e10b516ea13
6745.HK,9000,426,12,"9,000              426",https://www1.hkexnews.hk/listedco/listconews/sehk/2026/0709/2026070901273.pdf,c2099acc23a205a214618608ae5d631fd4c5349bd906d0973f583e10b516ea13
6745.HK,10000,10102,12,"10,000             10,102",https://www1.hkexnews.hk/listedco/listconews/sehk/2026/0709/2026070901273.pdf,c2099acc23a205a214618608ae5d631fd4c5349bd906d0973f583e10b516ea13
6745.HK,15000,923,12,"15,000              923",https://www1.hkexnews.hk/listedco/listconews/sehk/2026/0709/2026070901273.pdf,c2099acc23a205a214618608ae5d631fd4c5349bd906d0973f583e10b516ea13
6745.HK,20000,852,12,"20,000              852",https://www1.hkexnews.hk/listedco/listconews/sehk/2026/0709/2026070901273.pdf,c2099acc23a205a214618608ae5d631fd4c5349bd906d0973f583e10b516ea13
6745.HK,25000,2923,12,"25,000              2,923",https://www1.hkexnews.hk/listedco/listconews/sehk/2026/0709/2026070901273.pdf,c2099acc23a205a214618608ae5d631fd4c5349bd906d0973f583e10b516ea13
6745.HK,30000,771,12,"30,000              771",https://www1.hkexnews.hk/listedco/listconews/sehk/2026/0709/2026070901273.pdf,c2099acc23a205a214618608ae5d631fd4c5349bd906d0973f583e10b516ea13
6745.HK,35000,360,12,"35,000              360",https://www1.hkexnews.hk/listedco/listconews/sehk/2026/0709/2026070901273.pdf,c2099acc23a205a214618608ae5d631fd4c5349bd906d0973f583e10b516ea13
6745.HK,40000,439,12,"40,000              439",https://www1.hkexnews.hk/listedco/listconews/sehk/2026/0709/2026070901273.pdf,c2099acc23a205a214618608ae5d631fd4c5349bd906d0973f583e10b516ea13
6745.HK,45000,296,12,"45,000              296",https://www1.hkexnews.hk/listedco/listconews/sehk/2026/0709/2026070901273.pdf,c2099acc23a205a214618608ae5d631fd4c5349bd906d0973f583e10b516ea13
6745.HK,50000,877,12,"50,000              877",https://www1.hkexnews.hk/listedco/listconews/sehk/2026/0709/2026070901273.pdf,c2099acc23a205a214618608ae5d631fd4c5349bd906d0973f583e10b516ea13
6745.HK,60000,609,12,"60,000              609",https://www1.hkexnews.hk/listedco/listconews/sehk/2026/0709/2026070901273.pdf,c2099acc23a205a214618608ae5d631fd4c5349bd906d0973f583e10b516ea13
6745.HK,70000,498,12,"70,000              498",https://www1.hkexnews.hk/listedco/listconews/sehk/2026/0709/2026070901273.pdf,c2099acc23a205a214618608ae5d631fd4c5349bd906d0973f583e10b516ea13
6745.HK,80000,476,12,"80,000              476",https://www1.hkexnews.hk/listedco/listconews/sehk/2026/0709/2026070901273.pdf,c2099acc23a205a214618608ae5d631fd4c5349bd906d0973f583e10b516ea13
6745.HK,90000,264,12,"90,000              264",https://www1.hkexnews.hk/listedco/listconews/sehk/2026/0709/2026070901273.pdf,c2099acc23a205a214618608ae5d631fd4c5349bd906d0973f583e10b516ea13
6745.HK,100000,1547,12,"100,000              1,547",https://www1.hkexnews.hk/listedco/listconews/sehk/2026/0709/2026070901273.pdf,c2099acc23a205a214618608ae5d631fd4c5349bd906d0973f583e10b516ea13
6745.HK,200000,994,12,"200,000              994",https://www1.hkexnews.hk/listedco/listconews/sehk/2026/0709/2026070901273.pdf,c2099acc23a205a214618608ae5d631fd4c5349bd906d0973f583e10b516ea13
6745.HK,300000,759,12,"300,000              759",https://www1.hkexnews.hk/listedco/listconews/sehk/2026/0709/2026070901273.pdf,c2099acc23a205a214618608ae5d631fd4c5349bd906d0973f583e10b516ea13
6745.HK,400000,543,13,"400,000              543",https://www1.hkexnews.hk/listedco/listconews/sehk/2026/0709/2026070901273.pdf,c2099acc23a205a214618608ae5d631fd4c5349bd906d0973f583e10b516ea13
6745.HK,500000,1615,13,"500,000              1,615",https://www1.hkexnews.hk/listedco/listconews/sehk/2026/0709/2026070901273.pdf,c2099acc23a205a214618608ae5d631fd4c5349bd906d0973f583e10b516ea13
6745.HK,1000000,939,13,"1,000,000              939",https://www1.hkexnews.hk/listedco/listconews/sehk/2026/0709/2026070901273.pdf,c2099acc23a205a214618608ae5d631fd4c5349bd906d0973f583e10b516ea13
6745.HK,1500000,1118,13,"1,500,000              1,118",https://www1.hkexnews.hk/listedco/listconews/sehk/2026/0709/2026070901273.pdf,c2099acc23a205a214618608ae5d631fd4c5349bd906d0973f583e10b516ea13
6745.HK,2000000,303,13,"2,000,000              303",https://www1.hkexnews.hk/listedco/listconews/sehk/2026/0709/2026070901273.pdf,c2099acc23a205a214618608ae5d631fd4c5349bd906d0973f583e10b516ea13
6745.HK,2500000,136,13,"2,500,000              136",https://www1.hkexnews.hk/listedco/listconews/sehk/2026/0709/2026070901273.pdf,c2099acc23a205a214618608ae5d631fd4c5349bd906d0973f583e10b516ea13
6745.HK,3000000,144,13,"3,000,000              144",https://www1.hkexnews.hk/listedco/listconews/sehk/2026/0709/2026070901273.pdf,c2099acc23a205a214618608ae5d631fd4c5349bd906d0973f583e10b516ea13
6745.HK,4000000,67,13,"4,000,000               67",https://www1.hkexnews.hk/listedco/listconews/sehk/2026/0709/2026070901273.pdf,c2099acc23a205a214618608ae5d631fd4c5349bd906d0973f583e10b516ea13
6745.HK,5000000,49,13,"5,000,000               49",https://www1.hkexnews.hk/listedco/listconews/sehk/2026/0709/2026070901273.pdf,c2099acc23a205a214618608ae5d631fd4c5349bd906d0973f583e10b516ea13
6745.HK,6000000,22,13,"6,000,000               22",https://www1.hkexnews.hk/listedco/listconews/sehk/2026/0709/2026070901273.pdf,c2099acc23a205a214618608ae5d631fd4c5349bd906d0973f583e10b516ea13
6745.HK,7000000,20,13,"7,000,000               20",https://www1.hkexnews.hk/listedco/listconews/sehk/2026/0709/2026070901273.pdf,c2099acc23a205a214618608ae5d631fd4c5349bd906d0973f583e10b516ea13
6745.HK,8000000,17,13,"8,000,000               17",https://www1.hkexnews.hk/listedco/listconews/sehk/2026/0709/2026070901273.pdf,c2099acc23a205a214618608ae5d631fd4c5349bd906d0973f583e10b516ea13
6745.HK,9000000,10,13,"9,000,000               10",https://www1.hkexnews.hk/listedco/listconews/sehk/2026/0709/2026070901273.pdf,c2099acc23a205a214618608ae5d631fd4c5349bd906d0973f583e10b516ea13
6745.HK,10000000,31,13,"10,000,000               31",https://www1.hkexnews.hk/listedco/listconews/sehk/2026/0709/2026070901273.pdf,c2099acc23a205a214618608ae5d631fd4c5349bd906d0973f583e10b516ea13
6745.HK,17606000,30,13,"17,606,000               30",https://www1.hkexnews.hk/listedco/listconews/sehk/2026/0709/2026070901273.pdf,c2099acc23a205a214618608ae5d631fd4c5349bd906d0973f583e10b516ea13
9976.HK,50,13704,20,"50             13,704",https://www1.hkexnews.hk/listedco/listconews/sehk/2026/0907/2026090701319.pdf,52dfc2713ff9b0e58d7d0f75c82a2f04b63f19e304e35439ba4ff3a2d8114ed3
9976.HK,100,3585,20,"100              3,585",https://www1.hkexnews.hk/listedco/listconews/sehk/2026/0907/2026090701319.pdf,52dfc2713ff9b0e58d7d0f75c82a2f04b63f19e304e35439ba4ff3a2d8114ed3
9976.HK,150,1494,20,"150              1,494",https://www1.hkexnews.hk/listedco/listconews/sehk/2026/0907/2026090701319.pdf,52dfc2713ff9b0e58d7d0f75c82a2f04b63f19e304e35439ba4ff3a2d8114ed3
9976.HK,200,2070,20,"200              2,070",https://www1.hkexnews.hk/listedco/listconews/sehk/2026/0907/2026090701319.pdf,52dfc2713ff9b0e58d7d0f75c82a2f04b63f19e304e35439ba4ff3a2d8114ed3
9976.HK,250,1080,20,"250              1,080",https://www1.hkexnews.hk/listedco/listconews/sehk/2026/0907/2026090701319.pdf,52dfc2713ff9b0e58d7d0f75c82a2f04b63f19e304e35439ba4ff3a2d8114ed3
9976.HK,300,661,20,300               661,https://www1.hkexnews.hk/listedco/listconews/sehk/2026/0907/2026090701319.pdf,52dfc2713ff9b0e58d7d0f75c82a2f04b63f19e304e35439ba4ff3a2d8114ed3
9976.HK,350,422,20,350               422,https://www1.hkexnews.hk/listedco/listconews/sehk/2026/0907/2026090701319.pdf,52dfc2713ff9b0e58d7d0f75c82a2f04b63f19e304e35439ba4ff3a2d8114ed3
9976.HK,400,647,20,400               647,https://www1.hkexnews.hk/listedco/listconews/sehk/2026/0907/2026090701319.pdf,52dfc2713ff9b0e58d7d0f75c82a2f04b63f19e304e35439ba4ff3a2d8114ed3
9976.HK,450,398,20,450               398,https://www1.hkexnews.hk/listedco/listconews/sehk/2026/0907/2026090701319.pdf,52dfc2713ff9b0e58d7d0f75c82a2f04b63f19e304e35439ba4ff3a2d8114ed3
9976.HK,500,1826,20,"500              1,826",https://www1.hkexnews.hk/listedco/listconews/sehk/2026/0907/2026090701319.pdf,52dfc2713ff9b0e58d7d0f75c82a2f04b63f19e304e35439ba4ff3a2d8114ed3
9976.HK,600,492,20,600               492,https://www1.hkexnews.hk/listedco/listconews/sehk/2026/0907/2026090701319.pdf,52dfc2713ff9b0e58d7d0f75c82a2f04b63f19e304e35439ba4ff3a2d8114ed3
9976.HK,700,355,20,700               355,https://www1.hkexnews.hk/listedco/listconews/sehk/2026/0907/2026090701319.pdf,52dfc2713ff9b0e58d7d0f75c82a2f04b63f19e304e35439ba4ff3a2d8114ed3
9976.HK,800,408,20,800               408,https://www1.hkexnews.hk/listedco/listconews/sehk/2026/0907/2026090701319.pdf,52dfc2713ff9b0e58d7d0f75c82a2f04b63f19e304e35439ba4ff3a2d8114ed3
9976.HK,900,298,20,900               298,https://www1.hkexnews.hk/listedco/listconews/sehk/2026/0907/2026090701319.pdf,52dfc2713ff9b0e58d7d0f75c82a2f04b63f19e304e35439ba4ff3a2d8114ed3
9976.HK,1000,2013,20,"1,000              2,013",https://www1.hkexnews.hk/listedco/listconews/sehk/2026/0907/2026090701319.pdf,52dfc2713ff9b0e58d7d0f75c82a2f04b63f19e304e35439ba4ff3a2d8114ed3
9976.HK,2000,1285,20,"2,000              1,285",https://www1.hkexnews.hk/listedco/listconews/sehk/2026/0907/2026090701319.pdf,52dfc2713ff9b0e58d7d0f75c82a2f04b63f19e304e35439ba4ff3a2d8114ed3
9976.HK,3000,735,20,"3,000               735",https://www1.hkexnews.hk/listedco/listconews/sehk/2026/0907/2026090701319.pdf,52dfc2713ff9b0e58d7d0f75c82a2f04b63f19e304e35439ba4ff3a2d8114ed3
9976.HK,4000,597,20,"4,000               597",https://www1.hkexnews.hk/listedco/listconews/sehk/2026/0907/2026090701319.pdf,52dfc2713ff9b0e58d7d0f75c82a2f04b63f19e304e35439ba4ff3a2d8114ed3
9976.HK,5000,578,20,"5,000               578",https://www1.hkexnews.hk/listedco/listconews/sehk/2026/0907/2026090701319.pdf,52dfc2713ff9b0e58d7d0f75c82a2f04b63f19e304e35439ba4ff3a2d8114ed3
9976.HK,6000,263,20,"6,000               263",https://www1.hkexnews.hk/listedco/listconews/sehk/2026/0907/2026090701319.pdf,52dfc2713ff9b0e58d7d0f75c82a2f04b63f19e304e35439ba4ff3a2d8114ed3
9976.HK,7000,181,20,"7,000               181",https://www1.hkexnews.hk/listedco/listconews/sehk/2026/0907/2026090701319.pdf,52dfc2713ff9b0e58d7d0f75c82a2f04b63f19e304e35439ba4ff3a2d8114ed3
9976.HK,8000,706,20,"8,000               706",https://www1.hkexnews.hk/listedco/listconews/sehk/2026/0907/2026090701319.pdf,52dfc2713ff9b0e58d7d0f75c82a2f04b63f19e304e35439ba4ff3a2d8114ed3
9976.HK,9000,145,20,"9,000               145",https://www1.hkexnews.hk/listedco/listconews/sehk/2026/0907/2026090701319.pdf,52dfc2713ff9b0e58d7d0f75c82a2f04b63f19e304e35439ba4ff3a2d8114ed3
9976.HK,10000,949,20,"10,000               949",https://www1.hkexnews.hk/listedco/listconews/sehk/2026/0907/2026090701319.pdf,52dfc2713ff9b0e58d7d0f75c82a2f04b63f19e304e35439ba4ff3a2d8114ed3
9976.HK,20000,649,20,"20,000               649",https://www1.hkexnews.hk/listedco/listconews/sehk/2026/0907/2026090701319.pdf,52dfc2713ff9b0e58d7d0f75c82a2f04b63f19e304e35439ba4ff3a2d8114ed3
9976.HK,30000,340,21,"30,000               340",https://www1.hkexnews.hk/listedco/listconews/sehk/2026/0907/2026090701319.pdf,52dfc2713ff9b0e58d7d0f75c82a2f04b63f19e304e35439ba4ff3a2d8114ed3
9976.HK,40000,106,21,"40,000               106",https://www1.hkexnews.hk/listedco/listconews/sehk/2026/0907/2026090701319.pdf,52dfc2713ff9b0e58d7d0f75c82a2f04b63f19e304e35439ba4ff3a2d8114ed3
9976.HK,50000,72,21,"50,000                72",https://www1.hkexnews.hk/listedco/listconews/sehk/2026/0907/2026090701319.pdf,52dfc2713ff9b0e58d7d0f75c82a2f04b63f19e304e35439ba4ff3a2d8114ed3
9976.HK,60000,42,21,"60,000                42",https://www1.hkexnews.hk/listedco/listconews/sehk/2026/0907/2026090701319.pdf,52dfc2713ff9b0e58d7d0f75c82a2f04b63f19e304e35439ba4ff3a2d8114ed3
9976.HK,70000,24,21,"70,000                24",https://www1.hkexnews.hk/listedco/listconews/sehk/2026/0907/2026090701319.pdf,52dfc2713ff9b0e58d7d0f75c82a2f04b63f19e304e35439ba4ff3a2d8114ed3
9976.HK,80000,18,21,"80,000                18",https://www1.hkexnews.hk/listedco/listconews/sehk/2026/0907/2026090701319.pdf,52dfc2713ff9b0e58d7d0f75c82a2f04b63f19e304e35439ba4ff3a2d8114ed3
9976.HK,90000,11,21,"90,000                11",https://www1.hkexnews.hk/listedco/listconews/sehk/2026/0907/2026090701319.pdf,52dfc2713ff9b0e58d7d0f75c82a2f04b63f19e304e35439ba4ff3a2d8114ed3
9976.HK,100000,69,21,"100,000                69",https://www1.hkexnews.hk/listedco/listconews/sehk/2026/0907/2026090701319.pdf,52dfc2713ff9b0e58d7d0f75c82a2f04b63f19e304e35439ba4ff3a2d8114ed3
9976.HK,200000,32,21,"200,000                32",https://www1.hkexnews.hk/listedco/listconews/sehk/2026/0907/2026090701319.pdf,52dfc2713ff9b0e58d7d0f75c82a2f04b63f19e304e35439ba4ff3a2d8114ed3
9976.HK,300000,7,21,"300,000                 7",https://www1.hkexnews.hk/listedco/listconews/sehk/2026/0907/2026090701319.pdf,52dfc2713ff9b0e58d7d0f75c82a2f04b63f19e304e35439ba4ff3a2d8114ed3
9976.HK,400000,5,21,"400,000                 5",https://www1.hkexnews.hk/listedco/listconews/sehk/2026/0907/2026090701319.pdf,52dfc2713ff9b0e58d7d0f75c82a2f04b63f19e304e35439ba4ff3a2d8114ed3
9976.HK,500000,10,21,"500,000                10",https://www1.hkexnews.hk/listedco/listconews/sehk/2026/0907/2026090701319.pdf,52dfc2713ff9b0e58d7d0f75c82a2f04b63f19e304e35439ba4ff3a2d8114ed3
9976.HK,750000,1,21,"750,000                 1",https://www1.hkexnews.hk/listedco/listconews/sehk/2026/0907/2026090701319.pdf,52dfc2713ff9b0e58d7d0f75c82a2f04b63f19e304e35439ba4ff3a2d8114ed3
9976.HK,1000000,3,21,"1,000,000                 3",https://www1.hkexnews.hk/listedco/listconews/sehk/2026/0907/2026090701319.pdf,52dfc2713ff9b0e58d7d0f75c82a2f04b63f19e304e35439ba4ff3a2d8114ed3
9976.HK,1303900,4,21,"1,303,900                 4",https://www1.hkexnews.hk/listedco/listconews/sehk/2026/0907/2026090701319.pdf,52dfc2713ff9b0e58d7d0f75c82a2f04b63f19e304e35439ba4ff3a2d8114ed3
